height,operation,latency,throughput
1,LOAD,117252,4264319.585166991
2,LOAD,104142,4801136.909220103
3,LOAD,1945743,256971.2444038087
4,LOAD,58337405,8570.830327471715
5,LOAD,56649193,8826.251064159025
6,LOAD,60338963,8286.519607570981
7,LOAD,69260804,7219.090324160834
8,LOAD,56574915,8837.839173068136
9,LOAD,66953305,7467.891241515262
10,LOAD,63413121,7884.803525125344
11,LOAD,57522223,8692.29271615598
12,LOAD,55805854,8959.633518017661
13,LOAD,62259033,8030.963153571627
14,LOAD,55662490,8982.709900329646
15,LOAD,67733857,7381.8326926222435
16,LOAD,61864067,8082.236171120143
17,LOAD,68487138,7300.6408882205005
18,LOAD,65300388,7656.922344779943
19,LOAD,76264723,6556.111139353381
20,LOAD,81236166,6154.894114525297
21,LOAD,64737721,7723.472378646138
22,LOAD,60612316,8249.14857237925
23,LOAD,71699197,6973.578797542182
24,LOAD,70607374,7081.413337932664
25,LOAD,74330147,6726.745744226767
26,LOAD,73362754,6815.447522594368
27,LOAD,79170838,6315.456708946292
28,LOAD,74456188,6715.358567645177
29,LOAD,75279914,6641.877938383404
30,LOAD,72806019,6867.564067745553
31,LOAD,71761057,6967.567381288713
32,LOAD,94883918,5269.596898391148
33,LOAD,76497339,6536.175068782458
34,LOAD,73729740,6781.52398204578
35,LOAD,77523562,6449.652042562234
36,LOAD,75874733,6589.809021140147
37,LOAD,82492870,6061.129889164966
38,LOAD,73681030,6786.0071988678765
39,LOAD,79586222,6282.494474985884
40,LOAD,78946329,6333.416719097857
41,LOAD,85990126,5814.621088007244
42,LOAD,76769508,6513.002532203281
43,LOAD,78904849,6336.746173863155
44,LOAD,79977481,6251.759792234517
45,LOAD,80327334,6224.531241133934
46,LOAD,81320484,6148.512347762219
47,LOAD,116347525,4297.470014940155
48,LOAD,80536417,6208.37154948177
49,LOAD,93165231,5366.80899766137
50,LOAD,89366865,5594.9148490326925
51,LOAD,78814222,6344.0326797871585
52,LOAD,91566481,5460.513438318111
53,LOAD,88403570,5655.880186739066
54,LOAD,106698780,4686.08919427195
55,LOAD,72896225,6859.065747231766
56,LOAD,81605703,6127.022764573207
57,LOAD,85352321,5858.071510439651
58,LOAD,85079105,5876.8836367049225
59,LOAD,95225810,5250.677311119747
60,LOAD,87505930,5713.898475223336
61,LOAD,86621004,5772.272046165615
62,LOAD,97344575,5136.393065561178
63,LOAD,95709330,5224.151083285193
64,LOAD,89480698,5587.797269976593
65,LOAD,86584307,5774.718506437893
66,LOAD,87424587,5719.214893174159
67,LOAD,92706042,5393.39172736983
68,LOAD,90782673,5507.65893399063
69,LOAD,98012875,5101.370610748843
70,LOAD,108905319,4591.143982600152
71,LOAD,90162776,5545.525794369952
72,LOAD,88930196,5622.38724853367
73,LOAD,91009360,5493.940403492565
74,LOAD,89532859,5584.5418719399995
75,LOAD,89289533,5599.7605004832985
76,LOAD,101066906,4947.217836073858
77,LOAD,87892819,5688.7468815854
78,LOAD,91333863,5474.420807099772
79,LOAD,93017889,5375.31011911053
80,LOAD,90988000,5495.230140238273
81,LOAD,89242137,5602.734501976348
82,LOAD,109642261,4560.285381199864
83,LOAD,87818426,5693.565949360103
84,LOAD,92678888,5394.9719379455655
85,LOAD,94902290,5268.576764585976
86,LOAD,93028126,5374.718609294569
87,LOAD,95941501,5211.509042369475
88,LOAD,93407605,5352.883204745481
89,LOAD,133410836,3747.8215037944897
90,LOAD,132985314,3759.8136588225075
91,LOAD,100366608,4981.73655524953
92,LOAD,97464464,5130.07489581023
93,LOAD,113544580,4403.556735160762
94,LOAD,92765846,5389.914732195727
95,LOAD,106103276,4712.389841761342
96,LOAD,100539635,4973.16307145933
97,LOAD,113308782,4412.720630956919
98,LOAD,105556928,4736.780517144265
99,LOAD,101927235,4905.460253091335
100,LOAD,105005204,4761.668764530947
101,LOAD,113976839,4386.856175226969
102,LOAD,105035962,4760.274390593957
103,LOAD,107145247,4666.562577432856
104,LOAD,98772965,5062.113909408308
105,LOAD,119773029,4174.562538616269
106,LOAD,102979139,4855.352305868473
107,LOAD,108277270,4617.774349131632
108,LOAD,116357952,4297.08491259798
109,LOAD,107805932,4637.963706857987
110,LOAD,107028582,4671.649298315472
111,LOAD,107010553,4672.436371766063
112,LOAD,116515835,4291.262213415027
113,LOAD,118478597,4220.171513340928
114,LOAD,107873622,4635.053414633653
115,LOAD,114280142,4375.213324463667
116,LOAD,104813722,4770.367757763625
117,LOAD,106617172,4689.67606831665
118,LOAD,103434839,4833.961214944222
119,LOAD,113354613,4410.936500660983
120,LOAD,108545971,4606.343242348443
121,LOAD,107636601,4645.260026373371
122,LOAD,106545546,4692.828736360317
123,LOAD,110073939,4542.4012672064
124,LOAD,109982863,4546.1627962894545
125,LOAD,116670998,4285.555181417065
126,LOAD,107370380,4656.777781730865
127,LOAD,108161908,4622.699518207463
128,LOAD,108362597,4614.138215975019
129,LOAD,108108101,4625.00030409377
130,LOAD,108898462,4591.433072764609
131,LOAD,111828188,4471.144609800885
132,LOAD,108856119,4593.219054594441
133,LOAD,117657244,4249.632092351237
134,LOAD,109778606,4554.621507946639
135,LOAD,118701120,4212.260170754917
136,LOAD,114635087,4361.666336939231
137,LOAD,116709237,4284.151047958612
138,LOAD,106277926,4704.645817043889
139,LOAD,111648430,4478.343313918521
140,LOAD,115358447,4334.316324490742
141,LOAD,110025886,4544.385127696222
142,LOAD,115213361,4339.774446819583
143,LOAD,120344116,4154.7523603065065
144,LOAD,102974171,4855.5865528647955
145,LOAD,119413937,4187.115947780869
146,LOAD,116362214,4296.927523225022
147,LOAD,112844737,4430.866811271845
148,LOAD,117926903,4239.914618973755
149,LOAD,110290469,4533.483305796804
150,LOAD,116110421,4306.245690040173
151,LOAD,115877722,4314.89324583029
152,LOAD,117365872,4260.18221037884
153,LOAD,114740056,4357.676102232336
154,LOAD,113356206,4410.874513566553
155,LOAD,113591435,4401.740324875727
156,LOAD,113566938,4402.689803963897
157,LOAD,115274998,4337.453989806185
158,LOAD,101008376,4950.084535563665
159,LOAD,113777818,4394.529696465088
160,LOAD,113991312,4386.299194450889
161,LOAD,113400447,4409.153695840369
162,LOAD,115750903,4319.620729006321
163,LOAD,114945850,4349.8743103818015
164,LOAD,110274984,4534.119905199896
165,LOAD,102656360,4870.618829656535
166,LOAD,114000661,4385.9394815263395
167,LOAD,110709516,4516.323601306323
168,LOAD,113973446,4386.986772339936
169,LOAD,113243099,4415.280086956999
170,LOAD,122643858,4076.8450059684196
171,LOAD,107938103,4632.284486230038
172,LOAD,113330405,4411.878701042319
173,LOAD,111772060,4473.389861473431
174,LOAD,120870179,4136.669641235495
175,LOAD,111057200,4502.184459899943
176,LOAD,121843321,4103.630760359856
177,LOAD,112301800,4452.2883871852455
178,LOAD,122518724,4081.0088750189725
179,LOAD,111299302,4492.391156235643
180,LOAD,122892114,4068.6093169493365
181,LOAD,112378619,4449.244922648498
182,LOAD,122443811,4083.5056987894636
183,LOAD,113191741,4417.283412930277
184,LOAD,123283044,4055.707774379744
185,LOAD,114484714,4367.395283880432
186,LOAD,121041652,4130.809450617875
187,LOAD,112769937,4433.805793471358
188,LOAD,122933996,4067.2231951200874
189,LOAD,115158718,4341.833676891054
190,LOAD,123388871,4052.2293132903374
191,LOAD,114478488,4367.632808008436
192,LOAD,123438589,4050.597175896105
193,LOAD,114012397,4385.488009694244
194,LOAD,120284181,4156.822583345353
195,LOAD,118065187,4234.9486135993675
196,LOAD,116626598,4287.186701613297
197,LOAD,114163879,4379.668984442969
198,LOAD,127998902,3906.283508588222
199,LOAD,115729092,4320.434830681987
200,LOAD,114062761,4383.551613308747
201,LOAD,120189261,4160.105452349857
202,LOAD,125966207,3969.3185331840623
203,LOAD,120346794,4154.659907267659
204,LOAD,111825495,4471.252284642246
205,LOAD,114143608,4380.446778938335
206,LOAD,122274712,4089.15295584585
207,LOAD,115908365,4313.7525061284405
208,LOAD,127465936,3922.616627551379
209,LOAD,133150962,3755.1362189932956
210,LOAD,122179052,4092.3545551818493
211,LOAD,119423279,4186.788406638876
212,LOAD,115719033,4320.810389074025
213,LOAD,113592184,4401.711300840911
214,LOAD,117854741,4242.510702221135
215,LOAD,114040677,4384.400488958865
216,LOAD,118307941,4226.25899642696
217,LOAD,117629681,4250.627866618121
218,LOAD,116997221,4273.605780773203
219,LOAD,119509796,4183.757455330273
220,LOAD,114477499,4367.67054109035
221,LOAD,125768927,3975.544770291314
222,LOAD,121121140,4128.098530116213
223,LOAD,119080795,4198.829878487123
224,LOAD,117409684,4258.592502471943
225,LOAD,117287247,4263.038077788628
226,LOAD,123234989,4057.2892816990475
227,LOAD,116734428,4283.226538789396
228,LOAD,120523509,4148.568226635352
229,LOAD,117364746,4260.223082662319
230,LOAD,118965302,4202.906154939194
231,LOAD,115349028,4334.670249670417
232,LOAD,124128643,4028.0791597794237
233,LOAD,120746536,4140.905541174282
234,LOAD,120686414,4142.968404049191
235,LOAD,118776132,4209.59995565439
236,LOAD,122759257,4073.0125957018463
237,LOAD,118819881,4208.049997962883
238,LOAD,121743377,4106.999594729495
239,LOAD,124295162,4022.682717127799
240,LOAD,122662692,4076.219034879815
241,LOAD,121858548,4103.117985617226
242,LOAD,124862353,4004.4095597013134
243,LOAD,126742458,3945.0079151849804
244,LOAD,126096489,3965.2174613680168
245,LOAD,119405222,4187.421551797793
246,LOAD,120473349,4150.295514736625
247,LOAD,133444402,3746.878793761615
248,LOAD,122628066,4077.370020660686
249,LOAD,122776991,4072.4242867297507
250,LOAD,123353987,4053.3752670677763
251,LOAD,122210709,4091.2944871304203
252,LOAD,120417897,4152.206710602162
253,LOAD,127994107,3906.4298483679413
254,LOAD,120951846,4133.876551168966
255,LOAD,124127153,4028.1275121165468
256,LOAD,119583057,4181.194330899234
257,LOAD,122697258,4075.070691473806
258,LOAD,128661295,3886.172605366672
259,LOAD,119875397,4170.997656841962
260,LOAD,123066705,4062.8373043708284
261,LOAD,122651470,4076.5919886651177
262,LOAD,123217534,4057.864037434802
263,LOAD,123216746,4057.889988427385
264,LOAD,122882917,4068.9138263213595
265,LOAD,121110763,4128.45223343197
266,LOAD,126109033,3964.823043247029
267,LOAD,122315470,4087.790366991191
268,LOAD,121937356,4100.466144271653
269,LOAD,128430138,3893.167194136317
270,LOAD,121488173,4115.626959012709
271,LOAD,125285511,3990.8844686757116
272,LOAD,125749391,3976.1623974783306
273,LOAD,122223689,4090.8599968701647
274,LOAD,128039782,3905.0363269128343
275,LOAD,122558596,4079.6812000033033
276,LOAD,125335940,3989.2787336178276
277,LOAD,128072971,3904.02437060666
278,LOAD,123338302,4053.890737039659
279,LOAD,127114786,3933.4527141476683
280,LOAD,123941924,4034.1474770070536
281,LOAD,123717477,4041.466186705375
282,LOAD,127639180,3917.2924802556704
283,LOAD,126229835,3961.0287060899664
284,LOAD,126826930,3942.380376155127
285,LOAD,133046795,3758.076246782194
286,LOAD,126979978,3937.628655125456
287,LOAD,123011197,4064.670633194473
288,LOAD,128347164,3895.6840526682768
289,LOAD,124374887,4020.104154948901
290,LOAD,125990731,3968.5459083494006
291,LOAD,125010034,3999.678937772307
292,LOAD,126905096,3939.952104051046
293,LOAD,124010035,4031.931770682913
294,LOAD,127573456,3919.310612703006
295,LOAD,127970982,3907.1357598865657
296,LOAD,127497025,3921.66013285408
297,LOAD,127198967,3930.8495327638943
298,LOAD,126930687,3939.157754657075
299,LOAD,123605898,4045.1144167893995
300,LOAD,130831982,3821.6955239583544
301,LOAD,139290140,3589.6295315662687
302,LOAD,128328509,3896.250364757219
303,LOAD,125891429,3971.6762608199483
304,LOAD,129971840,3846.987162757717
305,LOAD,124971216,4000.921300149628
306,LOAD,131019916,3816.2137121199194
307,LOAD,130493861,3831.597871105983
308,LOAD,122535958,4080.4349038508353
309,LOAD,131155421,3812.270939224083
310,LOAD,138566029,3608.388027053875
311,LOAD,143795443,3477.1616510823646
312,LOAD,117778371,4245.261636366155
313,LOAD,131350270,3806.615700142832
314,LOAD,127208177,3930.564935302862
315,LOAD,120747739,4140.864285665838
316,LOAD,125590753,3981.184824968762
317,LOAD,127449679,3923.1169817226455
318,LOAD,126970134,3937.933939645996
319,LOAD,133881225,3734.6536080768606
320,LOAD,127127329,3933.0646205899598
321,LOAD,126993977,3937.1945962445134
322,LOAD,125857591,3972.7440834299778
323,LOAD,134142968,3727.366461729101
324,LOAD,129282838,3867.489356940014
325,LOAD,127091959,3934.159201999554
326,LOAD,129547011,3859.6027506956534
327,LOAD,128144719,3901.838514312869
328,LOAD,131718395,3795.9770159665245
329,LOAD,132305380,3779.1358144317337
330,LOAD,131817384,3793.12640584644
331,LOAD,129764406,3853.136737665951
332,LOAD,127893370,3909.506802424551
333,LOAD,132388306,3776.7686218448935
334,LOAD,129092126,3873.202924863132
335,LOAD,129622342,3857.359713497539
336,LOAD,129095421,3873.104066177529
337,LOAD,127828883,3911.4790669022746
338,LOAD,133901241,3734.095339713842
339,LOAD,129382617,3864.50677528033
340,LOAD,130568884,3829.3962901605255
341,LOAD,130595537,3828.614755801341
342,LOAD,128776624,3882.6922501089953
343,LOAD,131983608,3788.3492319743223
344,LOAD,133450911,3746.6960416628403
345,LOAD,129787675,3852.4459275505164
346,LOAD,131075008,3814.609723312014
347,LOAD,132794177,3765.2253381562055
348,LOAD,134883423,3706.904739509762
349,LOAD,131306756,3807.8771818869704
350,LOAD,131536741,3801.2193110364506
351,LOAD,132140165,3783.860872279068
352,LOAD,131522023,3801.644687293169
353,LOAD,130358182,3835.585862957187
354,LOAD,132933349,3761.283408274022
355,LOAD,130972134,3817.6059649451845
356,LOAD,130889041,3820.0295164512668
357,LOAD,156322634,3198.5131468549844
358,LOAD,128475843,3891.782208426529
359,LOAD,138999849,3597.126209827753
360,LOAD,132379012,3777.0337793426047
361,LOAD,136806442,3654.7986534142888
362,LOAD,133387665,3748.4725442941067
363,LOAD,138657456,3606.008752966014
364,LOAD,123658113,4043.4063553921446
365,LOAD,131200610,3810.9578911256585
366,LOAD,128448385,3892.614142248655
367,LOAD,136333263,3667.4835546186555
368,LOAD,123675976,4042.8223505590126
369,LOAD,131019768,3816.2180229169694
370,LOAD,133194489,3753.909067514047
371,LOAD,126646533,3947.9959550096805
372,LOAD,128455751,3892.3909292313433
373,LOAD,137485837,3636.7382336262026
374,LOAD,131162870,3812.054432782692
375,LOAD,136286111,3668.7524233485537
376,LOAD,135244015,3697.021269296094
377,LOAD,133423163,3747.4752416115334
378,LOAD,132374666,3777.1577833480615
379,LOAD,133113655,3756.1886494665027
380,LOAD,131404392,3805.0478556302746
381,LOAD,134463211,3718.4892156115475
382,LOAD,170775672,2927.817493817269
383,LOAD,146745563,3407.2580443198817
384,LOAD,139682775,3579.539424241822
385,LOAD,135939455,3678.1080224280727
386,LOAD,134021988,3730.7311095847945
387,LOAD,135864595,3680.1346222685906
388,LOAD,133549410,3743.9326763031
389,LOAD,133457529,3746.5102474660684
390,LOAD,161652532,3093.053933729909
391,LOAD,139410460,3586.5314553872067
392,LOAD,136825257,3654.296077806746
393,LOAD,127475973,3922.307774814945
394,LOAD,127798260,3912.416334932886
395,LOAD,128501590,3891.002438179948
396,LOAD,136249592,3669.7357596491006
397,LOAD,134645676,3713.450107376638
398,LOAD,130148557,3841.7636854782804
399,LOAD,135210302,3697.9430753730585
400,LOAD,135969470,3677.2960871289706
401,LOAD,132933834,3761.269685488797
402,LOAD,138610094,3607.2408983432333
403,LOAD,134478802,3718.05810703162
404,LOAD,133242236,3752.5638642089434
405,LOAD,135379514,3693.3209850347075
406,LOAD,135154712,3699.4640630805384
407,LOAD,137367933,3639.859675256233
408,LOAD,154741435,3231.1966087169862
409,LOAD,133918005,3733.6279016402614
410,LOAD,135264876,3696.451102354169
411,LOAD,137379839,3639.544227446649
412,LOAD,136252701,3669.652023999143
413,LOAD,135796675,3681.97527664061
414,LOAD,139039854,3596.091232949655
415,LOAD,138357747,3613.8200486887085
416,LOAD,143929765,3473.9166009199002
417,LOAD,158682297,3150.950102518367
418,LOAD,140786594,3551.4745104210706
419,LOAD,128863032,3880.0887441481277
420,LOAD,144975563,3448.8571015240686
421,LOAD,136438956,3664.6425233567456
422,LOAD,134834736,3708.243252688239
423,LOAD,139022796,3596.532470833057
424,LOAD,146648452,3409.5143397763245
425,LOAD,145970170,3425.3573863755864
426,LOAD,147138827,3398.1513254825663
427,LOAD,141714310,3528.2252018162458
428,LOAD,126186753,3962.3810591274982
429,LOAD,146303708,3417.548378199683
430,LOAD,141928378,3522.903643695555
431,LOAD,138088073,3620.877525027089
432,LOAD,136780954,3655.4796949288716
433,LOAD,141955290,3522.2357687409885
434,LOAD,138680978,3605.3971295183683
435,LOAD,138307738,3615.126725592172
436,LOAD,136784896,3655.3743477642442
437,LOAD,138564762,3608.4210212117277
438,LOAD,137626911,3633.010407390456
439,LOAD,140052110,3570.099729307898
440,LOAD,140437433,3560.3043242751382
441,LOAD,139555338,3582.808133071914
442,LOAD,140968241,3546.8981981551433
443,LOAD,138659962,3605.943581608655
444,LOAD,135194504,3698.375194305236
445,LOAD,143598791,3481.9234654977004
446,LOAD,141284077,3538.9692215634464
447,LOAD,144544899,3459.1327916732644
448,LOAD,139148748,3593.277030419275
449,LOAD,144206314,3467.254561405681
450,LOAD,143251829,3490.3568316743795
451,LOAD,142129049,3517.9296809338393
452,LOAD,131059917,3815.0489596296634
453,LOAD,128803201,3881.8911030013924
454,LOAD,142929283,3498.2334585698577
455,LOAD,143685004,3479.834263010495
456,LOAD,143084503,3494.4385276999565
457,LOAD,142342826,3512.6462924095663
458,LOAD,137761100,3629.471599747679
459,LOAD,140092987,3569.0580285792607
460,LOAD,142426485,3510.5830211284087
461,LOAD,147277772,3394.9454368443326
462,LOAD,142670358,3504.5822202254517
463,LOAD,147033826,3400.5780411372825
464,LOAD,141019697,3545.6039875053766
465,LOAD,142568762,3507.0796223930174
466,LOAD,141292487,3538.7585753232584
467,LOAD,147391803,3392.318906635534
468,LOAD,138654639,3606.082015041704
469,LOAD,154791547,3230.1505456237865
470,LOAD,160561801,3114.0657172872643
471,LOAD,141635262,3530.194338186772
472,LOAD,142262402,3514.6320670165546
473,LOAD,143797797,3477.104729219183
474,LOAD,137288275,3641.9716104670993
475,LOAD,144966893,3449.0633664887882
476,LOAD,141816251,3525.689026993105
477,LOAD,137027134,3648.912338778099
478,LOAD,159600788,3132.8166124092068
479,LOAD,139173885,3592.6280278803742
480,LOAD,147658059,3386.2019004326744
481,LOAD,137495261,3636.4889696089235
482,LOAD,142935047,3498.0923887757212
483,LOAD,140599415,3556.2025631472225
484,LOAD,142877626,3499.4982349440775
485,LOAD,146307555,3417.4585174360955
486,LOAD,139970191,3572.189167049147
487,LOAD,139542828,3583.1293314479767
488,LOAD,152655796,3275.3423918473427
489,LOAD,117274848,4263.488791731369
490,LOAD,146949786,3402.5228182367005
491,LOAD,130789512,3822.936505795664
492,LOAD,148738723,3361.599386596858
493,LOAD,139780476,3577.037468380062
494,LOAD,141044036,3544.992146991596
495,LOAD,140279150,3564.321568814753
496,LOAD,141354661,3537.2020735842593
497,LOAD,135266836,3696.3975412273267
498,LOAD,154471501,3236.843021289733
499,LOAD,146257098,3418.6375009300405
500,LOAD,143744375,3478.396980751421
501,LOAD,146084894,3422.667370385332
502,LOAD,147986235,3378.6926196210075
503,LOAD,144448682,3461.436913629991
504,LOAD,141707873,3528.3854694509455
505,LOAD,140310154,3563.5339691808763
506,LOAD,140207001,3566.1557299838405
507,LOAD,144340568,3464.029599772671
508,LOAD,151667255,3296.6905084423133
509,LOAD,146737881,3407.4364205927163
510,LOAD,136046172,3675.222850077693
511,LOAD,136276630,3669.007664777152
512,LOAD,147941932,3379.7044099707987
513,LOAD,147836403,3382.116920147198
514,LOAD,147939365,3379.763053599696
515,LOAD,144172787,3468.060862276319
516,LOAD,146774251,3406.592073155938
517,LOAD,144718331,3454.987329835914
518,LOAD,142223245,3515.599717894216
519,LOAD,153849342,3249.9326516456604
520,LOAD,151195719,3306.9719388020503
521,LOAD,143507994,3484.126466153516
522,LOAD,162827697,3070.7306509407917
523,LOAD,147146818,3397.9667844397422
524,LOAD,143720375,3478.9778415203828
525,LOAD,143296555,3489.2674146981412
526,LOAD,147246549,3395.6653204823156
527,LOAD,144745234,3454.345170356352
528,LOAD,153877328,3249.3415794170796
529,LOAD,143174534,3492.241155120505
530,LOAD,143017386,3496.078441819654
531,LOAD,147929041,3379.99892799954
532,LOAD,144291806,3465.2002345857395
533,LOAD,152252857,3284.0106245099887
534,LOAD,150909420,3313.24578677726
535,LOAD,141254337,3539.7143239573593
536,LOAD,147034659,3400.5587757373582
537,LOAD,150556540,3321.011495083508
538,LOAD,147736052,3384.414252521111
539,LOAD,145013974,3447.94357542398
540,LOAD,143745137,3478.3785415989414
541,LOAD,149586582,3342.545790637826
542,LOAD,152689824,3274.612458784418
543,LOAD,146983354,3401.745751427063
544,LOAD,157224355,3180.168873963579
545,LOAD,141591100,3531.295399216476
546,LOAD,141911873,3523.313373504696
547,LOAD,150915829,3313.1050819062857
548,LOAD,157481914,3174.9677616948443
549,LOAD,146380921,3415.745689972807
550,LOAD,147878320,3381.1582387465587
551,LOAD,149029124,3355.0489097688046
552,LOAD,160721241,3110.976476345152
553,LOAD,143806175,3476.902156670254
554,LOAD,163162168,3064.435868491279
555,LOAD,154466125,3236.955675556696
556,LOAD,140416887,3560.8252731026573
557,LOAD,144639105,3456.879797479389
558,LOAD,144951009,3449.441321239785
559,LOAD,147454689,3390.872161413599
560,LOAD,144609119,3457.5966125621717
561,LOAD,160551473,3114.2660397765394
562,LOAD,148531086,3366.298688477912
563,LOAD,160545287,3114.3860361344646
564,LOAD,149070886,3354.108997514109
565,LOAD,146781589,3406.4217686047805
566,LOAD,146467151,3413.734728819843
567,LOAD,165175451,3027.0842124112014
568,LOAD,153010161,3267.756838710862
569,LOAD,133776904,3737.5659403808595
570,LOAD,147627529,3386.9021813675413
571,LOAD,140988787,3546.3813161255157
572,LOAD,137320312,3641.121933949582
573,LOAD,145380884,3439.2417093845706
574,LOAD,139948570,3572.7410433704326
575,LOAD,141542999,3532.495450375472
576,LOAD,144290865,3465.2228330601524
577,LOAD,143839292,3476.101648220015
578,LOAD,150384483,3324.8111109974025
579,LOAD,161285148,3100.0994586308716
580,LOAD,148297746,3371.595411841256
581,LOAD,157915176,3166.2568010562836
582,LOAD,153038996,3267.14114094162
583,LOAD,160682111,3111.7340747409025
584,LOAD,146899958,3403.6769431887788
585,LOAD,149447031,3345.6670009054915
586,LOAD,153012625,3267.70421721737
587,LOAD,148905323,3357.8383225427074
588,LOAD,157694744,3170.6827210423703
589,LOAD,152856564,3271.0404245381314
590,LOAD,144449501,3461.4172879697244
591,LOAD,151255622,3305.662251681462
592,LOAD,151320123,3304.2531957233473
593,LOAD,153258108,3262.4701330646726
594,LOAD,150626604,3319.466725811597
595,LOAD,148432101,3368.54357400762
596,LOAD,153771840,3251.5706386813085
597,LOAD,147412139,3391.850924841407
598,LOAD,147418403,3391.7068006767104
599,LOAD,155453461,3216.396706664511
600,LOAD,144810595,3452.7860340605603
601,LOAD,170523357,2932.149640943322
602,LOAD,143843699,3475.9951494295206
603,LOAD,149241974,3350.2639143596425
604,LOAD,143628014,3481.215022579091
605,LOAD,140962186,3547.0505543947793
606,LOAD,144469546,3460.9370199031428
607,LOAD,149327484,3348.3454392093017
608,LOAD,141224759,3540.4556788799337
609,LOAD,148065312,3376.888166757113
610,LOAD,149052323,3354.5267187818336
611,LOAD,157420483,3176.2067455986653
612,LOAD,145409619,3438.5620665163838
613,LOAD,158821468,3148.189009309497
614,LOAD,151093059,3309.2188569694654
615,LOAD,156302002,3198.935353368027
616,LOAD,151435357,3301.7388402894576
617,LOAD,151846653,3292.795660105857
618,LOAD,142307943,3513.507324043044
619,LOAD,175452896,2849.7677234122143
620,LOAD,148664673,3363.273802108992
621,LOAD,143654578,3480.5712909476506
622,LOAD,152234155,3284.4140659499176
623,LOAD,149464876,3345.267553026973
624,LOAD,145974259,3425.2614359905742
625,LOAD,152058402,3288.2102759438444
626,LOAD,165645543,3018.49353109368
627,LOAD,150313715,3326.376438770075
628,LOAD,166393392,3004.9270225827236
629,LOAD,155571896,3213.948102811577
630,LOAD,183164297,2729.7896379882372
631,LOAD,154139647,3243.8117624597908
632,LOAD,178657271,2798.6546374594514
633,LOAD,144789662,3453.2852214269274
634,LOAD,144537103,3459.3193693663557
635,LOAD,151480349,3300.758172929744
636,LOAD,140850908,3549.8528699580693
637,LOAD,152970476,3268.6045900778918
638,LOAD,145990825,3424.8727616958117
639,LOAD,152303053,3282.9282811553358
640,LOAD,155739965,3210.47972496976
641,LOAD,155599632,3213.375209010777
642,LOAD,157215625,3180.3454650261383
643,LOAD,165836875,3015.01098594628
644,LOAD,158133236,3161.8906477067226
645,LOAD,163432156,3059.373456469607
646,LOAD,146252431,3418.746591637851
647,LOAD,154657455,3232.9511694085486
648,LOAD,150764856,3316.4227610179923
649,LOAD,148503172,3366.931448440711
650,LOAD,150520099,3321.8155138205166
651,LOAD,165013319,3030.05844031293
652,LOAD,151694393,3296.100733268368
653,LOAD,157646318,3171.6566954643367
654,LOAD,155766223,3209.938524348761
655,LOAD,166791135,2997.7612419269162
656,LOAD,157362895,3177.3690996216105
657,LOAD,154424948,3237.8188011434527
658,LOAD,157020746,3184.2926029659798
659,LOAD,159498673,3134.822319180047
660,LOAD,152501408,3278.65825343724
661,LOAD,161775114,3090.710231241129
662,LOAD,148007940,3378.1971426668056
663,LOAD,150031652,3332.6301039463324
664,LOAD,145466290,3437.2224657685297
665,LOAD,147260220,3395.350081644588
666,LOAD,147352549,3393.222603838363
667,LOAD,159906823,3126.8209237075516
668,LOAD,148413013,3368.9768160693566
669,LOAD,155991212,3205.30877085563
670,LOAD,153947874,3247.852581582257
671,LOAD,165806484,3015.5636133023604
672,LOAD,154707905,3231.896909210942
673,LOAD,159934367,3126.2824205881907
674,LOAD,147107382,3398.877698741182
675,LOAD,155075501,3224.235915897508
676,LOAD,149365845,3347.4854977722653
677,LOAD,160112425,3122.8057410285305
678,LOAD,149497663,3344.533887462843
679,LOAD,159444120,3135.894882796556
680,LOAD,148218390,3373.4005611584366
681,LOAD,149293133,3349.1158632192414
682,LOAD,148539430,3366.109591237828
683,LOAD,165152812,3027.499162412082
684,LOAD,159109595,3142.488044168549
685,LOAD,144670435,3456.131171514069
686,LOAD,161473414,3096.484973061881
687,LOAD,149451334,3345.570672524074
688,LOAD,168052231,2975.26546969793
689,LOAD,155129319,3223.1173528196823
690,LOAD,157676974,3171.040053064438
691,LOAD,148864900,3358.7501150371913
692,LOAD,160294130,3119.265814662084
693,LOAD,149415121,3346.3815218541367
694,LOAD,158885588,3146.918523535313
695,LOAD,145824697,3428.774482555585
696,LOAD,168448014,2968.2748292894685
697,LOAD,157625934,3172.06685036994
698,LOAD,159725190,3130.3766174890757
699,LOAD,151153701,3307.89121729808
700,LOAD,154297577,3240.4915859436987
701,LOAD,148618546,3364.3176673253147
702,LOAD,158734287,3149.9180766156715
703,LOAD,149177285,3351.716717461375
704,LOAD,159923153,3126.501639196671
705,LOAD,147990106,3378.60424263768
706,LOAD,161510518,3095.77361395126
707,LOAD,148043148,3377.3937311843706
708,LOAD,162046963,3085.525274546491
709,LOAD,152074768,3287.856404949439
710,LOAD,163660863,3055.098151352165
711,LOAD,152339447,3282.1439873022514
712,LOAD,159674737,3131.3657338292655
713,LOAD,148490479,3367.219254508567
714,LOAD,158719046,3150.2205475705796
715,LOAD,149752827,3338.835132641603
716,LOAD,164713866,3035.5671452699676
717,LOAD,151909196,3291.439973127104
718,LOAD,167145346,2991.408447591475
719,LOAD,170947626,2924.8724401706518
720,LOAD,168595905,2965.67108198743
721,LOAD,170549720,2931.6963991497614
722,LOAD,162156577,3083.4395326438103
723,LOAD,172178709,2903.9595133681714
724,LOAD,160019013,3124.628696466213
725,LOAD,156642861,3191.974385605738
726,LOAD,159788034,3129.1454527815267
727,LOAD,158942190,3145.7978526658026
728,LOAD,164290394,3043.3915691991097
729,LOAD,155922430,3206.722727448514
730,LOAD,159124540,3142.1929012332103
731,LOAD,167300539,2988.6335273552227
732,LOAD,162674580,3073.6209677012844
733,LOAD,146617236,3410.2402530627437
734,LOAD,156466938,3195.5632697305036
735,LOAD,162995919,3067.5614645296737
736,LOAD,159643059,3131.987091277172
737,LOAD,152540500,3277.8180220990494
738,LOAD,156229486,3200.4201818855117
739,LOAD,151344755,3303.7154145183295
740,LOAD,177128176,2822.8145927500545
741,LOAD,155020119,3225.3877962769466
742,LOAD,152456759,3279.6184523376887
743,LOAD,167841355,2979.0035953892293
744,LOAD,160799720,3109.458150797775
745,LOAD,181484657,2755.053833559054
746,LOAD,167971343,2976.698233579046
747,LOAD,156995641,3184.8017996881836
748,LOAD,153343469,3260.654028897703
749,LOAD,162034081,3085.7705793388
750,LOAD,175419664,2850.3075915137997
751,LOAD,160384519,3117.507868698973
752,LOAD,164286007,3043.4728381949167
753,LOAD,166735383,2998.76361575875
754,LOAD,165648294,3018.443401536028
755,LOAD,160533140,3114.6216911972197
756,LOAD,164618324,3037.328942797401
757,LOAD,157311425,3178.408688370854
758,LOAD,161580311,3094.436425487509
759,LOAD,155101619,3223.692977698705
760,LOAD,166740968,2998.663171968631
761,LOAD,156801151,3188.75210297404
762,LOAD,159756522,3129.7626772320446
763,LOAD,152263724,3283.776246008537
764,LOAD,150665805,3318.6030499754074
765,LOAD,152940692,3269.2411251807334
766,LOAD,155634572,3212.653805479672
767,LOAD,159447826,3135.8219960929414
768,LOAD,151632781,3297.4400172743653
769,LOAD,160067304,3123.6860214750664
770,LOAD,152741112,3273.512896776606
771,LOAD,157854405,3167.4757508350813
772,LOAD,163228825,3063.184458994911
773,LOAD,156384893,3197.239774304798
774,LOAD,158827781,3148.0638768100653
775,LOAD,168294459,2970.9831385476573
776,LOAD,152533077,3277.9775366362014
777,LOAD,148928349,3357.3191629217617
778,LOAD,157375214,3177.1203818664867
779,LOAD,149814190,3337.4675656558297
780,LOAD,157166128,3181.3470648077555
781,LOAD,156119869,3202.6673043134565
782,LOAD,150162639,3329.7230478215024
783,LOAD,151669129,3296.649775050795
784,LOAD,165376753,3023.3995463679225
785,LOAD,154663957,3232.815257662133
786,LOAD,152903508,3270.036159013435
787,LOAD,165490435,3021.322652272924
788,LOAD,152019943,3289.04214889753
789,LOAD,155829320,3208.6387850502074
790,LOAD,150355263,3325.4572538641364
791,LOAD,155489825,3215.644496352092
792,LOAD,150210983,3328.6514076004682
793,LOAD,152687979,3274.652027452665
794,LOAD,158457056,3155.429064641968
795,LOAD,165522944,3020.7292591412584
796,LOAD,154800209,3229.9697993301806
797,LOAD,147511296,3389.570924792092
798,LOAD,155231341,3220.999037816726
799,LOAD,155328959,3218.9747695405595
800,LOAD,177782908,2812.4188406233066
801,LOAD,155003746,3225.7284930391293
802,LOAD,161707743,3091.9978890559373
803,LOAD,151465401,3301.0839221295164
804,LOAD,157642751,3171.7284608919317
805,LOAD,153332960,3260.877504745229
806,LOAD,155193420,3221.7860783015158
807,LOAD,154958738,3226.6654107624445
808,LOAD,154262678,3241.2246855976405
809,LOAD,157235351,3179.946473996169
810,LOAD,159372237,3137.3092918310485
811,LOAD,149702160,3339.965168171254
812,LOAD,157371141,3177.2026104837096
813,LOAD,149693042,3340.1686098409305
814,LOAD,163671137,3054.906376070449
815,LOAD,158640218,3151.7858857203537
816,LOAD,175133759,2854.960704634907
817,LOAD,156666391,3191.494977375205
818,LOAD,175038791,2856.50967504683
819,LOAD,162944771,3068.5243652280196
820,LOAD,151183386,3307.241709747128
821,LOAD,172173987,2904.0391566235844
822,LOAD,160764439,3110.1405454473675
823,LOAD,197006520,2537.9870676361375
824,LOAD,157266422,3179.3182145391465
825,LOAD,152835731,3271.4862992345684
826,LOAD,157126964,3182.1400176738603
827,LOAD,180539879,2769.471225800478
828,LOAD,158002215,3164.5125987632514
829,LOAD,163563367,3056.9192183479568
830,LOAD,163313445,3061.597286126687
831,LOAD,149443308,3345.750349691135
832,LOAD,178577035,2799.9120939598984
833,LOAD,159434593,3136.082267917854
834,LOAD,160852517,3108.437526035107
835,LOAD,159623423,3132.3723711901603
836,LOAD,175819735,2843.8218269410995
837,LOAD,163077214,3066.032266163193
838,LOAD,156303463,3198.9054522739525
839,LOAD,163228693,3063.1869361350577
840,LOAD,155992193,3205.2886133859274
841,LOAD,153974619,3247.2884378431227
842,LOAD,168640964,2964.878687481886
843,LOAD,153455144,3258.2811300219428
844,LOAD,172204586,2903.523138460436
845,LOAD,154542301,3235.360136122213
846,LOAD,143728057,3478.7918965605995
847,LOAD,152862671,3270.9097435566855
848,LOAD,158384500,3156.8745679027934
849,LOAD,160740380,3110.606059286409
850,LOAD,159971969,3125.5475764007133
851,LOAD,183013284,2732.042117773265
852,LOAD,199273544,2509.1138038875847
853,LOAD,158441629,3155.736299580712
854,LOAD,190588636,2623.451274398123
855,LOAD,151894172,3291.7655326499294
856,LOAD,178127375,2806.980117458083
857,LOAD,160102023,3123.008633063931
858,LOAD,135982949,3676.931583532579
859,LOAD,148849308,3359.101944901215
860,LOAD,125859844,3972.6729678768716
861,LOAD,161429703,3097.3234213284773
862,LOAD,161277214,3100.2519673981965
863,LOAD,191729283,2607.843685515686
864,LOAD,161208279,3101.577680138872
865,LOAD,153726493,3252.5298030444237
866,LOAD,160380801,3117.580139782442
867,LOAD,161788129,3090.46159993605
868,LOAD,159384154,3137.074718230772
869,LOAD,159458267,3135.6166689056013
870,LOAD,165114031,3028.210243380225
871,LOAD,159702137,3130.8284872856775
872,LOAD,161788106,3090.4620392799457
873,LOAD,162638205,3074.3084012763175
874,LOAD,159008878,3144.4785114451283
875,LOAD,163016996,3067.1648494860005
876,LOAD,159659488,3131.664809046613
877,LOAD,160287965,3119.385787947336
878,LOAD,159909826,3126.7622040936994
879,LOAD,175248714,2853.0879832875694
880,LOAD,154402996,3238.2791328738203
881,LOAD,180560860,2769.1494158811606
882,LOAD,157917278,3166.2146557516016
883,LOAD,185247893,2699.086029550684
884,LOAD,180374637,2772.0083505975404
885,LOAD,161398329,3097.925505783892
886,LOAD,161603570,3093.9910547768222
887,LOAD,161054964,3104.530202496584
888,LOAD,182331383,2742.259680002537
889,LOAD,157994590,3164.665321768296
890,LOAD,161774303,3090.7257254571514
891,LOAD,162046404,3085.5359184644417
892,LOAD,162247296,3081.7154573719367
893,LOAD,158970556,3145.236530467944
894,LOAD,155467182,3216.112838528198
895,LOAD,165714756,3017.2328166116963
896,LOAD,158412602,3156.314546237931
897,LOAD,163220030,3063.3495166003827
898,LOAD,166084586,3010.5141725795074
899,LOAD,165051960,3029.349060744265
900,LOAD,163977485,3049.1991019376837
901,LOAD,162658958,3073.9161626745454
902,LOAD,190428052,2625.6635760785916
903,LOAD,155572394,3213.9378146999525
904,LOAD,167884312,2978.2413499124323
905,LOAD,161003756,3105.5176128934536
906,LOAD,162794032,3071.365662839532
907,LOAD,162229402,3082.0553724287292
908,LOAD,170032040,2940.622249783041
909,LOAD,165282214,3025.128886523749
910,LOAD,160465747,3115.9297815751293
911,LOAD,158677346,3151.048417459667
912,LOAD,161221683,3101.3198144073463
913,LOAD,155963620,3205.875831812573
914,LOAD,157192015,3180.8231480460377
915,LOAD,160757205,3110.280500335895
916,LOAD,162003491,3086.3532440791664
917,LOAD,163322885,3061.4203269798963
918,LOAD,166404807,3004.72089126608
919,LOAD,161372804,3098.415517400317
920,LOAD,159246862,3139.7792943637405
921,LOAD,158688865,3150.8196873170655
922,LOAD,163741990,3053.5844837356626
923,LOAD,157892705,3166.7074169132766
924,LOAD,159907960,3126.7986909469673
925,LOAD,166213456,3008.180035676534
926,LOAD,161656282,3092.982183024598
927,LOAD,164778112,3034.38359580185
928,LOAD,163849057,3051.5891220539647
929,LOAD,163812554,3052.2691197403587
930,LOAD,154762728,3230.7520451565056
931,LOAD,158504149,3154.491558451255
932,LOAD,165723825,3017.0677028483988
933,LOAD,174091260,2872.0568740785725
934,LOAD,179776502,2781.231108835347
935,LOAD,167839948,2979.0285683358293
936,LOAD,175051556,2856.301374436226
937,LOAD,168668443,2964.39565758012
938,LOAD,156526252,3194.352344167801
939,LOAD,171222668,2920.1740975090984
940,LOAD,162278227,3081.128067784472
941,LOAD,170830406,2926.879422156264
942,LOAD,162645541,3074.169736998815
943,LOAD,168947704,2959.4956792073363
944,LOAD,158386757,3156.829582665172
945,LOAD,174628707,2863.217672452903
946,LOAD,167152189,2991.285983098911
947,LOAD,171362726,2917.787383937858
948,LOAD,165248709,3025.7422464946458
949,LOAD,175634122,2846.8272241540853
950,LOAD,171256695,2919.593887993693
951,LOAD,165074991,3028.926410785023
952,LOAD,169176195,2955.4985558104086
953,LOAD,160685649,3111.665560127277
954,LOAD,157277239,3179.099551715808
955,LOAD,161772247,3090.7650061879895
956,LOAD,162247361,3081.7142227663103
957,LOAD,163539632,3057.3628782532664
958,LOAD,159109804,3142.4839163273687
959,LOAD,162199708,3082.619606195592
960,LOAD,173282439,2885.462617478509
961,LOAD,167173256,2990.9090243477704
962,LOAD,169181798,2955.4006749591344
963,LOAD,161554704,3094.926904759146
964,LOAD,176697094,2829.701319253162
965,LOAD,162791445,3071.41447144228
966,LOAD,172032934,2906.420232302729
967,LOAD,161619427,3093.687493397684
968,LOAD,163213019,3063.4811062468
969,LOAD,173193043,2886.9519891743
970,LOAD,163013507,3067.2304964275136
971,LOAD,181354711,2757.0279108988793
972,LOAD,184895189,2704.2347759519043
973,LOAD,175992088,2841.0368084274332
974,LOAD,167186649,2990.669428394369
975,LOAD,162878520,3069.7724905653613
976,LOAD,185644909,2693.3138252662775
977,LOAD,190540747,2624.110631832466
978,LOAD,185802713,2691.0263683824683
979,LOAD,182790749,2735.36818868224
980,LOAD,171330250,2918.3404565159976
981,LOAD,173925060,2874.801365599644
982,LOAD,178304132,2804.197493303184
983,LOAD,165291414,3024.96051004803
984,LOAD,161638912,3093.314560295976
985,LOAD,168279309,2971.250612872436
986,LOAD,161828960,3089.681846809125
987,LOAD,169277203,2953.7350047070427
988,LOAD,159344188,3137.8615453486136
989,LOAD,163237758,3063.016829721467
990,LOAD,163089591,3065.7995825129024
991,LOAD,168477127,2967.761908712985
992,LOAD,173849721,2876.0471810018034
993,LOAD,161131208,3103.061202147755
994,LOAD,176372811,2834.904071467115
995,LOAD,165247586,3025.76280902524
996,LOAD,176207539,2837.563039797066
997,LOAD,173551482,2880.989515260953
998,LOAD,163418345,3059.6320137742186
999,LOAD,160157572,3121.9254497689312
1000,LOAD,161861707,3089.056758804601
1001,LOAD,165244821,3025.813438352782
1002,LOAD,157426645,3176.0824223879
1003,LOAD,164112144,3046.6971414376258
1004,LOAD,175693817,2845.859965578641
1005,LOAD,163905926,3050.5303389701726
1006,LOAD,160634464,3112.657069655986
1007,LOAD,145072536,3446.5517305081094
1008,LOAD,172104275,2905.2154573150497
1009,LOAD,167583047,2983.5953513842005
1010,LOAD,166999310,2994.0243465676594
1011,LOAD,159584228,3133.1417037026995
1012,LOAD,161593520,3094.1834796345797
1013,LOAD,168158513,2973.384998950365
1014,LOAD,168121981,2974.0310994788956
1015,LOAD,167437210,2986.1940485033165
1016,LOAD,158285873,3158.841597948542
1017,LOAD,174764362,2860.995195347665
1018,LOAD,162417610,3078.483915629592
1019,LOAD,161452772,3096.880863711649
1020,LOAD,168810334,2961.9039791722707
1021,LOAD,159402563,3136.7124253830225
1022,LOAD,164747027,3034.9561330778974
1023,LOAD,165017786,3029.976417208749
1024,LOAD,166118194,3009.9051040730674
1025,LOAD,176186386,2837.903718622164
1026,LOAD,164741852,3035.051469495438
1027,LOAD,163276758,3062.285202894585
1028,LOAD,166825712,2997.139913300655
1029,LOAD,168637706,2964.9359675231826
1030,LOAD,162425072,3078.3424864358376
1031,LOAD,163942577,3049.8483624543733
1032,LOAD,168063623,2975.06379473921
1033,LOAD,169679159,2946.737848930522
1034,LOAD,164849043,3033.0779657604685
1035,LOAD,168045689,2975.3812964520616
1036,LOAD,162941860,3068.5791852382195
1037,LOAD,168158744,2973.3809144054976
1038,LOAD,174420237,2866.6398383577475
1039,LOAD,172133941,2904.71476511422
1040,LOAD,166616736,3000.899021332407
1041,LOAD,161727915,3091.6122303314182
1042,LOAD,161287222,3100.059594305617
1043,LOAD,172671455,2895.672593944378
1044,LOAD,185552655,2694.6529005472867
1045,LOAD,178770579,2796.8807999441565
1046,LOAD,172074752,2905.7139074069387
1047,LOAD,176617409,2830.9780039860057
1048,LOAD,167453886,2985.89666650077
1049,LOAD,157637758,3171.828921850056
1050,LOAD,173297366,2885.2140776334704
1051,LOAD,144196007,3467.5023976218704
1052,LOAD,157579468,3173.002208637993
1053,LOAD,139016232,3596.702290132565
1054,LOAD,128750199,3883.489143189596
1055,LOAD,166050862,3011.1255911456815
1056,LOAD,161992772,3086.5574668973504
1057,LOAD,165513551,3020.9006874609317
1058,LOAD,168544289,2966.5793066414726
1059,LOAD,171245380,2919.7867995037295
1060,LOAD,168821120,2961.714742799953
1061,LOAD,173173943,2887.270401875645
1062,LOAD,173266284,2885.7316522122674
1063,LOAD,171805498,2910.2677494057843
1064,LOAD,171790927,2910.5145931251654
1065,LOAD,175616818,2847.107729739187
1066,LOAD,171712931,2911.836616428148
1067,LOAD,170065061,2940.0512783751624
1068,LOAD,156762883,3189.5305217115715
1069,LOAD,174212819,2870.0528633314866
1070,LOAD,172228706,2903.1165106704107
1071,LOAD,176316634,2835.807312428616
1072,LOAD,176265964,2836.6225030261658
1073,LOAD,179223682,2789.8098868429674
1074,LOAD,184888620,2704.3308560580963
1075,LOAD,172266137,2902.4857044306973
1076,LOAD,177741089,2813.0805477398644
1077,LOAD,178213921,2805.6169641203282
1078,LOAD,182581600,2738.5015795677114
1079,LOAD,190805204,2620.4736009191865
1080,LOAD,176308349,2835.9405713679503
1081,LOAD,184598841,2708.576052219093
1082,LOAD,181240834,2758.760203012529
1083,LOAD,157700244,3170.572139381091
1084,LOAD,147727145,3384.618311008447
1085,LOAD,178544906,2800.415935697432
1086,LOAD,199444541,2506.9625746236898
1087,LOAD,180705623,2766.931054491868
1088,LOAD,187471737,2667.0686899327125
1089,LOAD,178795390,2796.4926836200866
1090,LOAD,174910710,2858.6013972500596
1091,LOAD,178455180,2801.8239649866146
1092,LOAD,178846377,2795.6954364247476
1093,LOAD,178050156,2808.197483410236
1094,LOAD,175203439,2853.825260815799
1095,LOAD,179751251,2781.6218091299957
1096,LOAD,173829548,2876.3809476165698
1097,LOAD,172698479,2895.2194767158317
1098,LOAD,178052728,2808.156918550554
1099,LOAD,169863211,2943.5449680743404
1100,LOAD,182227079,2743.829307608009
1101,LOAD,167350333,2987.744278943263
1102,LOAD,170792146,2927.5350870056986
1103,LOAD,170168762,2938.2596084233137
1104,LOAD,177669628,2814.21200476651
1105,LOAD,173393377,2883.6164832293452
1106,LOAD,182043491,2746.596416347564
1107,LOAD,171746144,2911.2735130752044
1108,LOAD,174895659,2858.8473999803505
1109,LOAD,170531162,2932.015440087132
1110,LOAD,180722201,2766.6772385092854
1111,LOAD,171198410,2920.587872282225
1112,LOAD,177347710,2819.320305855655
1113,LOAD,171257442,2919.581153150705
1114,LOAD,177416705,2818.2239096369194
1115,LOAD,174841437,2859.733988573887
1116,LOAD,179883501,2779.5767661871337
1117,LOAD,180457011,2770.742999838338
1118,LOAD,182077332,2746.0859323224267
1119,LOAD,173745496,2877.7724402133567
1120,LOAD,182181072,2744.522219081025
1121,LOAD,170855546,2926.4487557225684
1122,LOAD,181074698,2761.2913649592283
1123,LOAD,183492131,2724.912492296468
1124,LOAD,181066111,2761.422318282409
1125,LOAD,174695805,2862.1179541203064
1126,LOAD,182783026,2735.4837642309303
1127,LOAD,174490734,2865.4816707917566
1128,LOAD,179519204,2785.2173408701165
1129,LOAD,210830066,2371.578254877556
1130,LOAD,190177055,2629.1289451295793
1131,LOAD,185468948,2695.869068066316
1132,LOAD,180549216,2769.3280041714497
1133,LOAD,166302939,3006.561417414277
1134,LOAD,167076464,2992.6417403710434
1135,LOAD,172183386,2903.8806334079177
1136,LOAD,179944757,2778.6305549319227
1137,LOAD,180788514,2765.662424771078
1138,LOAD,174332635,2868.080322425001
1139,LOAD,180548137,2769.3445543556063
1140,LOAD,166765388,2998.2240679342885
1141,LOAD,179668244,2782.906922605644
1142,LOAD,170569856,2931.3503084624754
1143,LOAD,178273003,2804.6871460397174
1144,LOAD,161967477,3087.0395048507175
1145,LOAD,170462746,2933.1922178468253
1146,LOAD,164249549,3044.148389107601
1147,LOAD,170353679,2935.0701607095907
1148,LOAD,174463755,2865.9247876442873
1149,LOAD,177685285,2813.9640263401666
1150,LOAD,171196397,2920.6222137957725
1151,LOAD,172405423,2900.1407919749718
1152,LOAD,169675986,2946.7929539540146
1153,LOAD,171505680,2915.355339834809
1154,LOAD,164563202,3038.346324836338
1155,LOAD,177224255,2821.2842536705825
1156,LOAD,171955881,2907.722591936242
1157,LOAD,178418535,2802.399425597794
1158,LOAD,167548850,2984.2043081763914
1159,LOAD,180064078,2776.7892716502847
1160,LOAD,170597301,2930.878724746062
1161,LOAD,178033609,2808.4584860603486
1162,LOAD,163434681,3059.3261903818325
1163,LOAD,184665887,2707.5926589516775
1164,LOAD,172943375,2891.11970897989
1165,LOAD,174599007,2863.704717404263
1166,LOAD,173750384,2877.6914818214154
1167,LOAD,186812971,2676.473680192153
1168,LOAD,176684287,2829.906430785212
1169,LOAD,179964482,2778.326003238795
1170,LOAD,169230052,2954.5579764993513
1171,LOAD,177500896,2816.887189121569
1172,LOAD,173526927,2881.397190880929
1173,LOAD,178819629,2796.11361904794
1174,LOAD,169943864,2942.1480024721573
1175,LOAD,178745141,2797.278836239806
1176,LOAD,176801207,2828.0349918651855
1177,LOAD,174857226,2859.475764530315
1178,LOAD,172345583,2901.147748010461
1179,LOAD,177950714,2809.766753731598
1180,LOAD,167495992,2985.1460565098178
1181,LOAD,181921140,2748.443638820645
1182,LOAD,170566834,2931.402244354257
1183,LOAD,180719778,2766.714332727877
1184,LOAD,177075083,2823.660966461329
1185,LOAD,176126476,2838.8690409044466
1186,LOAD,196692921,2542.0335284969406
1187,LOAD,194456618,2571.267592445735
1188,LOAD,181674748,2752.171149289278
1189,LOAD,201343513,2483.3181489189574
1190,LOAD,170739381,2928.4398073341968
1191,LOAD,181714283,2751.5723681445556
1192,LOAD,186139814,2686.1528936522955
1193,LOAD,166438147,3004.1190016372866
1194,LOAD,170399689,2934.277655870604
1195,LOAD,177312715,2819.876735856196
1196,LOAD,179274698,2789.015993768401
1197,LOAD,181218869,2759.094584129647
1198,LOAD,196596355,2543.2821478302585
1199,LOAD,188082556,2658.4070880023555
1200,LOAD,186380556,2682.683273034125
1201,LOAD,180734232,2766.493068120045
1202,LOAD,183683825,2722.06875047381
1203,LOAD,180250383,2773.9192099247853
1204,LOAD,184133842,2715.4161047701377
1205,LOAD,175338587,2851.625580854031
1206,LOAD,181114162,2760.689691400278
1207,LOAD,172501820,2898.520143149794
1208,LOAD,187522387,2666.348311788501
1209,LOAD,173755220,2877.6113891715027
1210,LOAD,177337352,2819.48497798704
1211,LOAD,171354761,2917.923010029467
1212,LOAD,188490197,2652.657846179661
1213,LOAD,172641973,2896.167086783699
1214,LOAD,182718146,2736.4550864039525
1215,LOAD,174952049,2857.925945182843
1216,LOAD,202647491,2467.3387147931676
1217,LOAD,178818512,2796.1310851306043
1218,LOAD,173935722,2874.6251445692105
1219,LOAD,184602335,2708.5247865364217
1220,LOAD,173837577,2876.2480968082064
1221,LOAD,201576703,2480.4453717054794
1222,LOAD,175254212,2852.998477434596
1223,LOAD,190852668,2619.8219036686455
1224,LOAD,175036108,2856.553460386585
1225,LOAD,204311715,2447.240971962866
1226,LOAD,187910730,2660.8379415055224
1227,LOAD,187623634,2664.90947510376
1228,LOAD,199066306,2511.725917092167
1229,LOAD,192082176,2603.0525601709132
1230,LOAD,191255851,2614.2991045016447
1231,LOAD,195091680,2562.8976079348954
1232,LOAD,187920410,2660.7008786326087
1233,LOAD,201644539,2479.6109157213527
1234,LOAD,176497742,2832.897431628332
1235,LOAD,182730168,2736.2750522945944
1236,LOAD,198883943,2514.028998308828
1237,LOAD,188004105,2659.5163972616447
1238,LOAD,197993443,2525.3361546927595
1239,LOAD,184112204,2715.7352371926413
1240,LOAD,202727111,2466.3696805702516
1241,LOAD,181383361,2756.5924307687737
1242,LOAD,203341144,2458.9219385920246
1243,LOAD,183998010,2717.4206938433736
1244,LOAD,188800126,2648.303317339947
1245,LOAD,186323873,2683.499392479889
1246,LOAD,190889388,2619.3179476273453
1247,LOAD,180077738,2776.5786351669967
1248,LOAD,189933899,2632.4947923066643
1249,LOAD,185163067,2700.3225216614064
1250,LOAD,176010363,2840.741826093501
1251,LOAD,188207719,2656.639178545063
1252,LOAD,188648842,2650.4270829290326
1253,LOAD,182170024,2744.6886651340615
1254,LOAD,183491184,2724.926555599532
1255,LOAD,187948710,2660.300248934935
1256,LOAD,180144637,2775.54751740958
1257,LOAD,185729429,2692.0881773668725
1258,LOAD,176078350,2839.6449648693324
1259,LOAD,185864134,2690.137086911023
1260,LOAD,185651266,2693.2216018392246
1261,LOAD,185940682,2689.029612142651
1262,LOAD,180978659,2762.7566850299186
1263,LOAD,190205452,2628.7364254942595
1264,LOAD,175151716,2854.6680067924653
1265,LOAD,190077091,2630.5116380384843
1266,LOAD,188714628,2649.5031429148144
1267,LOAD,184494745,2710.1042905043178
1268,LOAD,186486737,2681.155818603872
1269,LOAD,190951428,2618.4669328579203
1270,LOAD,184785646,2705.837876606498
1271,LOAD,188921113,2646.6073169916162
1272,LOAD,182750073,2735.97701928141
1273,LOAD,184689181,2707.2511626980468
1274,LOAD,179915490,2779.0825570383076
1275,LOAD,186849834,2675.94564734802
1276,LOAD,159413498,3136.497261982169
1277,LOAD,172478701,2898.908660032174
1278,LOAD,177488245,2817.0879710935224
1279,LOAD,174706218,2861.9473635448967
1280,LOAD,163663410,3055.0506066077937
1281,LOAD,169299574,2953.344702450344
1282,LOAD,174231561,2869.744133211319
1283,LOAD,168674674,2964.2861500357785
1284,LOAD,181441025,2755.7163546667575
1285,LOAD,175626634,2846.9486012013417
1286,LOAD,182491873,2739.848036958884
1287,LOAD,181316320,2757.6116700361003
1288,LOAD,179974219,2778.175689708091
1289,LOAD,164745302,3034.987911218251
1290,LOAD,163733786,3053.737485799052
1291,LOAD,186533615,2680.4820139254794
1292,LOAD,171913263,2908.443428242066
1293,LOAD,175908987,2842.378939968542
1294,LOAD,174341757,2867.9302572360793
1295,LOAD,170377952,2934.652014129152
1296,LOAD,208106353,2402.6176654011133
1297,LOAD,183610453,2723.156507870497
1298,LOAD,164093490,3047.043487221827
1299,LOAD,178704738,2797.911267467346
1300,LOAD,174518368,2865.027937918833
1301,LOAD,173254723,2885.924212294057
1302,LOAD,173761745,2877.503330782043
1303,LOAD,174837015,2859.806317329314
1304,LOAD,175788507,2844.327018489326
1305,LOAD,179588566,2784.1416140045353
1306,LOAD,196486151,2544.708609005222
1307,LOAD,185935000,2689.1117863769596
1308,LOAD,178620668,2799.2281385936817
1309,LOAD,198934522,2513.389807727791
1310,LOAD,167136551,2991.565860420322
1311,LOAD,178711380,2797.807280095985
1312,LOAD,181599036,2753.318580391583
1313,LOAD,168866111,2960.9256531051396
1314,LOAD,174454819,2866.0715872801425
1315,LOAD,175724864,2845.3571601569147
1316,LOAD,182371338,2741.658889402895
1317,LOAD,176419161,2834.1592668610415
1318,LOAD,168416483,2968.830550867162
1319,LOAD,177821481,2811.8087712923725
1320,LOAD,185236449,2699.252780428759
1321,LOAD,208975146,2392.629025845973
1322,LOAD,177324097,2819.695734866762
1323,LOAD,184569462,2709.00719209985
1324,LOAD,182228967,2743.800879911699
1325,LOAD,171918535,2908.354238825965
1326,LOAD,160626806,3112.8054678494946
1327,LOAD,172301407,2901.8915672580665
1328,LOAD,178454327,2801.837357521737
1329,LOAD,163810118,3052.3145096568455
1330,LOAD,180514539,2769.859994490527
1331,LOAD,174906501,2858.6701874506084
1332,LOAD,178781705,2796.7067435675253
1333,LOAD,185856174,2690.2523022990886
1334,LOAD,191450103,2611.6465447918827
1335,LOAD,183774484,2720.7259088263854
1336,LOAD,188586561,2651.302390523999
1337,LOAD,188240760,2656.172871380247
1338,LOAD,174332892,2868.0760943264795
1339,LOAD,164176587,3045.5012443400346
1340,LOAD,170282134,2936.3033470087944
1341,LOAD,176160590,2838.319285828913
1342,LOAD,187633863,2664.7641955759336
1343,LOAD,168397529,2969.164707874069
1344,LOAD,181351092,2757.082929503397
1345,LOAD,183691696,2721.9521126311556
1346,LOAD,176778781,2828.393753886107
1347,LOAD,180281668,2773.437840612835
1348,LOAD,171458205,2916.162571514148
1349,LOAD,185413152,2696.6803304222994
1350,LOAD,178831757,2795.9239924036538
1351,LOAD,180863701,2764.5127089376547
1352,LOAD,185878046,2689.935744213709
1353,LOAD,184086183,2716.1191125354585
1354,LOAD,178583344,2799.8131785459227
1355,LOAD,183504927,2724.722481157141
1356,LOAD,174044507,2872.8283852129844
1357,LOAD,180242359,2774.0426988086633
1358,LOAD,171130533,2921.746290593275
1359,LOAD,176459828,2833.5061054236094
1360,LOAD,172724610,2894.7814674469378
1361,LOAD,192160997,2601.9848346228137
1362,LOAD,190284954,2627.6381263439253
1363,LOAD,184315311,2712.7426217998786
1364,LOAD,190177178,2629.127244700203
1365,LOAD,187318340,2669.2527811211653
1366,LOAD,184810477,2705.4743222160505
1367,LOAD,169365518,2952.194790913697
1368,LOAD,185702985,2692.4715292002443
1369,LOAD,180880274,2764.2594128312744
1370,LOAD,192514113,2597.2121846464315
1371,LOAD,196317868,2546.889924456596
1372,LOAD,179059270,2792.37148682668
1373,LOAD,179813905,2780.652586350316
1374,LOAD,181070497,2761.3554294270257
1375,LOAD,175208480,2853.743152157932
1376,LOAD,192797684,2593.392148839298
1377,LOAD,182345295,2742.0504598158127
1378,LOAD,178594364,2799.6404186640516
1379,LOAD,177566283,2815.8498987107814
1380,LOAD,197508315,2531.5389886243524
1381,LOAD,179755373,2781.558023303148
1382,LOAD,177369169,2818.9792105301003
1383,LOAD,181273587,2758.2617427877126
1384,LOAD,190796375,2620.594861930684
1385,LOAD,193997019,2577.3591912770576
1386,LOAD,195708518,2554.819816273914
1387,LOAD,198232967,2522.2848024062514
1388,LOAD,193774573,2580.3179037323953
1389,LOAD,212701803,2350.708799586433
1390,LOAD,189970927,2631.9816821233912
1391,LOAD,185510913,2695.2592271485396
1392,LOAD,190894756,2619.2442918651996
1393,LOAD,200755459,2490.5922981651024
1394,LOAD,182919044,2733.449667493342
1395,LOAD,191278786,2613.985640833166
1396,LOAD,188230297,2656.320517838847
1397,LOAD,187487483,2666.8446981071265
1398,LOAD,183442885,2725.6440063074674
1399,LOAD,185337663,2697.7787024324357
1400,LOAD,189601674,2637.1075183650537
1401,LOAD,184150379,2715.172256039723
1402,LOAD,187193508,2671.0328009879486
1403,LOAD,184552608,2709.2545882635263
1404,LOAD,191678418,2608.5357194465155
1405,LOAD,190469353,2625.094232351385
1406,LOAD,193528204,2583.6027497056707
1407,LOAD,187770280,2662.828217543266
1408,LOAD,188509164,2652.3909468931706
1409,LOAD,186827394,2676.2670574958615
1410,LOAD,182548893,2738.992232617921
1411,LOAD,175885809,2842.7535049175003
1412,LOAD,186760711,2677.2226199117435
1413,LOAD,186889186,2675.3821914554223
1414,LOAD,195549421,2556.8983914301643
1415,LOAD,184174109,2714.822418388895
1416,LOAD,189744562,2635.1216326294507
1417,LOAD,186406949,2682.30343708914
1418,LOAD,187342851,2668.903549460769
1419,LOAD,190948151,2618.511870272051
1420,LOAD,183097854,2730.7802307721204
1421,LOAD,188158844,2657.3292510236724
1422,LOAD,173171272,2887.314935239374
1423,LOAD,188494283,2652.6003443828586
1424,LOAD,181094639,2760.987308961697
1425,LOAD,185853105,2690.296726546484
1426,LOAD,188235972,2656.2404342141363
1427,LOAD,180666597,2767.5287424603457
1428,LOAD,181820444,2749.965784925704
1429,LOAD,178117936,2807.1288676958397
1430,LOAD,181292508,2757.973870602529
1431,LOAD,180268851,2773.6350302693168
1432,LOAD,182421677,2740.9023325665403
1433,LOAD,175754750,2844.8733249030256
1434,LOAD,186359193,2682.9907983128046
1435,LOAD,182914363,2733.519619779667
1436,LOAD,172711965,2894.9934070867644
1437,LOAD,192740135,2594.166492619713
1438,LOAD,179562447,2784.5465928630388
1439,LOAD,176899884,2826.457478061433
1440,LOAD,173083164,2888.7847231634846
1441,LOAD,173691125,2878.673277060069
1442,LOAD,178066563,2807.938736931762
1443,LOAD,171865789,2909.246819330635
1444,LOAD,173186312,2887.064192463432
1445,LOAD,175452137,2849.78005141083
1446,LOAD,180763594,2766.0436979362116
1447,LOAD,180416877,2771.359355699301
1448,LOAD,185399626,2696.8770692126423
1449,LOAD,183560107,2723.903402387971
1450,LOAD,173722191,2878.158496170475
1451,LOAD,183653837,2722.513224703277
1452,LOAD,187904960,2660.919647890082
1453,LOAD,179700199,2782.4120550918256
1454,LOAD,182381029,2741.5132085914483
1455,LOAD,178420376,2802.370509520729
1456,LOAD,174386158,2867.200044627395
1457,LOAD,178475228,2801.5092380215365
1458,LOAD,181796643,2750.325813221975
1459,LOAD,175319275,2851.9396968758856
1460,LOAD,183072553,2731.15763016644
1461,LOAD,177186999,2821.8774674320207
1462,LOAD,175284194,2852.5104779270628
1463,LOAD,200047012,2499.4124881005473
1464,LOAD,190246940,2628.1631651999237
1465,LOAD,188741787,2649.1218926522088
1466,LOAD,171314955,2918.6010059658834
1467,LOAD,176529461,2832.3884136257575
1468,LOAD,184101721,2715.889874815456
1469,LOAD,169139425,2956.1410652779505
1470,LOAD,176838483,2827.4388669122436
1471,LOAD,191426944,2611.962504087199
1472,LOAD,171977207,2907.3620203635473
1473,LOAD,172614457,2896.628756883324
1474,LOAD,176623135,2830.886225635164
1475,LOAD,170495146,2932.634809439091
1476,LOAD,181818016,2750.002508002287
1477,LOAD,182344135,2742.0679036372626
1478,LOAD,185987620,2688.3509773392443
1479,LOAD,165451209,3022.0389625560247
1480,LOAD,170810278,2927.2243207753577
1481,LOAD,175055769,2856.2326329273956
1482,LOAD,176962406,2825.4588717560723
1483,LOAD,163367507,3060.584134395832
1484,LOAD,180231273,2774.2133297810083
1485,LOAD,185807290,2690.9600801992215
1486,LOAD,179986493,2777.986234778184
1487,LOAD,173401903,2883.4746986600258
1488,LOAD,172480649,2898.875919698099
1489,LOAD,178103752,2807.352424557569
1490,LOAD,175169545,2854.3774547110916
1491,LOAD,170704672,2929.0352404648893
1492,LOAD,173883393,2875.4902430504103
1493,LOAD,178669184,2798.46803352502
1494,LOAD,171658894,2912.7532419030963
1495,LOAD,171721047,2911.6989951732594
1496,LOAD,173174318,2887.2641496414035
1497,LOAD,173466774,2882.3963717685783
1498,LOAD,176583809,2831.5166765940585
1499,LOAD,172729269,2894.7033869517504
1500,LOAD,173293656,2885.275846451067
1501,LOAD,173455632,2882.5815237870165
1502,LOAD,176314677,2835.838788395364
1503,LOAD,173887081,2875.429256299955
1504,LOAD,193410641,2585.1731704875538
1505,LOAD,183850066,2719.607400086547
1506,LOAD,176257997,2836.7507205928364
1507,LOAD,181021448,2762.103637575587
1508,LOAD,179094170,2791.8273386565293
1509,LOAD,177156379,2822.36520537598
1510,LOAD,168946147,2959.5229537847936
1511,LOAD,179493879,2785.6103104217837
1512,LOAD,178175004,2806.22976722369
1513,LOAD,187670287,2664.2470046417097
1514,LOAD,183391851,2726.402494296216
1515,LOAD,183183838,2729.4984397040525
1516,LOAD,193481860,2584.2215905925236
1517,LOAD,178438155,2802.0912903969443
1518,LOAD,184162184,2714.9982104903793
1519,LOAD,182923530,2733.3826326224953
1520,LOAD,181541843,2754.185986753478
1521,LOAD,183130890,2730.2876101350244
1522,LOAD,184358745,2712.10351318024
1523,LOAD,178165876,2806.373539229252
1524,LOAD,178408517,2802.556786008148
1525,LOAD,184497830,2710.0589746773717
1526,LOAD,181046692,2761.71850740029
1527,LOAD,180902006,2763.9273386498544
1528,LOAD,180005127,2777.698659660955
1529,LOAD,174502789,2865.283717614393
1530,LOAD,187476727,2666.997701533375
1531,LOAD,181621433,2752.9790495596408
1532,LOAD,175122997,2855.1361532489077
1533,LOAD,180933197,2763.4508663437814
1534,LOAD,176090963,2839.441567481234
1535,LOAD,178156577,2806.5200197464505
1536,LOAD,192781196,2593.6139539252576
1537,LOAD,184166364,2714.9365885292714
1538,LOAD,192728113,2594.3283116148186
1539,LOAD,201272683,2484.1920550142418
1540,LOAD,182630693,2737.765442307116
1541,LOAD,197818535,2527.569016725354
1542,LOAD,219525343,2277.6413564241648
1543,LOAD,188200412,2656.742324241033
1544,LOAD,192810666,2593.2175349676972
1545,LOAD,188838445,2647.765924994775
1546,LOAD,175388469,2850.8145538347794
1547,LOAD,185860357,2690.1917550927765
1548,LOAD,179164269,2790.735020943266
1549,LOAD,188255107,2655.970443341014
1550,LOAD,174255518,2869.34959500106
1551,LOAD,185995894,2688.2313864412513
1552,LOAD,183696257,2721.8845291986545
1553,LOAD,181176622,2759.737953387827
1554,LOAD,190027915,2631.1923698157716
1555,LOAD,178306380,2804.1621393468927
1556,LOAD,162801586,3071.2231513518545
1557,LOAD,204552937,2444.355027764769
1558,LOAD,191766364,2607.339418501985
1559,LOAD,190800481,2620.538467091181
1560,LOAD,195953632,2551.624049509835
1561,LOAD,174128325,2871.4455273144104
1562,LOAD,196326317,2546.7803177910173
1563,LOAD,179307959,2788.498641044707
1564,LOAD,195165345,2561.930244326932
1565,LOAD,186024851,2687.812930972325
1566,LOAD,187285046,2669.7272989964185
1567,LOAD,189637156,2636.6141031982147
1568,LOAD,192359343,2599.3018701462292
1569,LOAD,189639122,2636.5867692637808
1570,LOAD,190717699,2621.6759253161918
1571,LOAD,189737121,2635.2249752962152
1572,LOAD,187963657,2660.0887000192806
1573,LOAD,188726276,2649.3396181886196
1574,LOAD,174351539,2867.769351895425
1575,LOAD,187365120,2668.586340936883
1576,LOAD,177457631,2817.5739593863955
1577,LOAD,183817999,2720.0818348588377
1578,LOAD,186877404,2675.55086542191
1579,LOAD,192302615,2600.0686470124188
1580,LOAD,181312666,2757.66724427294
1581,LOAD,185507826,2695.3040784381787
1582,LOAD,186521648,2680.6539903614835
1583,LOAD,192067971,2603.2450772336215
1584,LOAD,196862893,2539.8387292825164
1585,LOAD,194448209,2571.378788065875
1586,LOAD,186753324,2677.328517054936
1587,LOAD,196660925,2542.447107883785
1588,LOAD,188761814,2648.84082963941
1589,LOAD,193850569,2579.3063315692407
1590,LOAD,186318037,2683.583447157078
1591,LOAD,190043209,2630.9806208334444
1592,LOAD,195537431,2557.055175793938
1593,LOAD,190599830,2623.2971981139754
1594,LOAD,191951277,2604.827682391506
1595,LOAD,184529947,2709.5872953347784
1596,LOAD,195974293,2551.355039204045
1597,LOAD,182111869,2745.5651449055194
1598,LOAD,184372348,2711.903414062938
1599,LOAD,192627025,2595.6897792508607
1600,LOAD,194167970,2575.090010983789
1601,LOAD,193342332,2586.086527600174
1602,LOAD,185214423,2699.5737799534113
1603,LOAD,190596194,2623.347242705172
1604,LOAD,198753588,2515.67785533512
1605,LOAD,195070834,2563.17148877315
1606,LOAD,179227338,2789.752978421183
1607,LOAD,187970264,2659.9952000918615
1608,LOAD,189513436,2638.335363198206
1609,LOAD,188731867,2649.2611340510925
1610,LOAD,197855551,2527.096143994464
1611,LOAD,187357233,2668.6986778887795
1612,LOAD,200819780,2489.794580991972
1613,LOAD,180178081,2775.0323303754135
1614,LOAD,199940824,2500.739918927212
1615,LOAD,186259184,2684.431388897312
1616,LOAD,198335148,2520.9853374047448
1617,LOAD,215564772,2319.488455191556
1618,LOAD,180102952,2776.1899205294535
1619,LOAD,183837433,2719.794286944814
1620,LOAD,192729789,2594.30575104298
1621,LOAD,181430123,2755.8819435954415
1622,LOAD,188981922,2645.7557141365087
1623,LOAD,207182861,2413.3270367378504
1624,LOAD,189969030,2632.0079646666613
1625,LOAD,217368295,2300.243464669031
1626,LOAD,199398103,2507.5464233478688
1627,LOAD,205405958,2434.2039776665097
1628,LOAD,189852702,2633.620668722429
1629,LOAD,212222593,2356.0168261632725
1630,LOAD,212202009,2356.245364293417
1631,LOAD,204661208,2443.061901598861
1632,LOAD,207032296,2415.08213771633
1633,LOAD,196502180,2544.501033016529
1634,LOAD,180108507,2776.1042958398407
1635,LOAD,214445428,2331.5955236872664
1636,LOAD,181921740,2748.4345741196184
1637,LOAD,211709962,2361.721646334243
1638,LOAD,199921960,2500.9758807886838
1639,LOAD,201570910,2480.516657884811
1640,LOAD,197413946,2532.7491300943852
1641,LOAD,210698507,2373.059055420834
1642,LOAD,187887181,2661.171439897222
1643,LOAD,203185732,2460.8027103005443
1644,LOAD,193924969,2578.3167715757118
1645,LOAD,178196538,2805.8906509171347
1646,LOAD,185545456,2694.7574507025383
1647,LOAD,190264536,2627.920108033165
1648,LOAD,230307079,2171.014465430305
1649,LOAD,192433757,2598.2967219207803
1650,LOAD,192538743,2596.8799432745855
1651,LOAD,189645477,2636.4984175182835
1652,LOAD,216789435,2306.385456468393
1653,LOAD,194229181,2574.2784756941337
1654,LOAD,180722420,2766.6738858410595
1655,LOAD,186667216,2678.563545941565
1656,LOAD,184391456,2711.622386668502
1657,LOAD,184552857,2709.250932918367
1658,LOAD,184467536,2710.5040314519083
1659,LOAD,188355510,2654.5546769510484
1660,LOAD,188809005,2648.178777278128
1661,LOAD,188906325,2646.81449919689
1662,LOAD,185938191,2689.0656368706955
1663,LOAD,194240480,2574.1287295006687
1664,LOAD,187189845,2671.08506874398
1665,LOAD,198465749,2519.3263952058546
1666,LOAD,184079966,2716.210845019387
1667,LOAD,189482816,2638.761712302186
1668,LOAD,199627144,2504.6694050785
1669,LOAD,189771131,2634.752701136613
1670,LOAD,204730490,2442.2351551056217
1671,LOAD,198282453,2521.6553075425186
1672,LOAD,187655931,2664.4508240989194
1673,LOAD,187832813,2661.9417130275315
1674,LOAD,194903413,2565.373239513256
1675,LOAD,192437970,2598.2398380111786
1676,LOAD,189248469,2642.0292995870946
1677,LOAD,185292264,2698.4396930893995
1678,LOAD,184326225,2712.581999658486
1679,LOAD,180555804,2769.226958774474
1680,LOAD,196466197,2544.967061178468
1681,LOAD,188564152,2651.6174718087454
1682,LOAD,189472401,2638.906760884927
1683,LOAD,191156221,2615.661668683019
1684,LOAD,197202417,2535.465881232074
1685,LOAD,192682598,2594.941137341318
1686,LOAD,192041345,2603.6060099454103
1687,LOAD,202355739,2470.8960688285692
1688,LOAD,188805056,2648.234165932505
1689,LOAD,194639594,2568.850405637406
1690,LOAD,193487795,2584.1423227754494
1691,LOAD,199194888,2510.1045765792946
1692,LOAD,193475152,2584.3111884465657
1693,LOAD,199404342,2507.4679667707537
1694,LOAD,193278494,2586.9406867377597
1695,LOAD,190115557,2629.9794077346337
1696,LOAD,197154132,2536.086841943541
1697,LOAD,187633818,2664.764834663227
1698,LOAD,187121699,2672.0578247849276
1699,LOAD,200525781,2493.444970051008
1700,LOAD,182396773,2741.2765685278873
1701,LOAD,191558148,2610.173491549939
1702,LOAD,189763092,2634.864318083519
1703,LOAD,196459233,2545.057274045247
1704,LOAD,191866271,2605.981746525944
1705,LOAD,191730572,2607.82615304564
1706,LOAD,190207190,2628.712405666684
1707,LOAD,191441856,2611.759050225673
1708,LOAD,197536831,2531.1735409990456
1709,LOAD,186190040,2685.4282860672893
1710,LOAD,192124794,2602.475139153565
1711,LOAD,188275689,2655.680096860514
1712,LOAD,195476484,2557.852432009162
1713,LOAD,188912196,2646.7322416812094
1714,LOAD,198114752,2523.789848824584
1715,LOAD,194331060,2572.928897727414
1716,LOAD,181271160,2758.298672552214
1717,LOAD,194936391,2564.9392472850286
1718,LOAD,189673974,2636.1023046841415
1719,LOAD,197288044,2534.3654377758444
1720,LOAD,190412164,2625.882661571978
1721,LOAD,200989771,2487.6887888986153
1722,LOAD,200494448,2493.8346422440586
1723,LOAD,187401148,2668.073303371653
1724,LOAD,184468406,2710.4912480243365
1725,LOAD,191693202,2608.3345407313923
1726,LOAD,204040013,2450.49974585132
1727,LOAD,188476469,2652.8510569666923
1728,LOAD,193173153,2588.351394771715
1729,LOAD,188468974,2652.956555066724
1730,LOAD,190231339,2628.378702627962
1731,LOAD,190749609,2621.2373520514006
1732,LOAD,192192953,2601.5522015523643
1733,LOAD,189059274,2644.673225604368
1734,LOAD,200713309,2491.115325092867
1735,LOAD,194570272,2569.7656423073718
1736,LOAD,217767770,2296.023879015706
1737,LOAD,195247819,2560.8480676549834
1738,LOAD,190003034,2631.536925878773
1739,LOAD,191809154,2606.757756723123
1740,LOAD,181687205,2751.982452479249
1741,LOAD,193890696,2578.7725265579534
1742,LOAD,185780358,2691.350180302699
1743,LOAD,191875507,2605.856306610306
1744,LOAD,193731121,2580.8966438593
1745,LOAD,192390681,2598.87847686344
1746,LOAD,195289896,2560.2963094414263
1747,LOAD,196053996,2550.317821627058
1748,LOAD,191794821,2606.9525620819554
1749,LOAD,193497126,2584.017707839237
1750,LOAD,199139800,2510.7989462678984
1751,LOAD,189312907,2641.1300102216483
1752,LOAD,203732973,2454.1928222880247
1753,LOAD,213854639,2338.0367259650607
1754,LOAD,204230705,2448.2116927520765
1755,LOAD,204598987,2443.8048659546885
1756,LOAD,198722038,2516.077255608661
1757,LOAD,199876921,2501.539434860516
1758,LOAD,197795753,2527.860140657317
1759,LOAD,195835823,2553.159030562044
1760,LOAD,193156070,2588.5803122832226
1761,LOAD,199250943,2509.3984122323573
1762,LOAD,178173462,2806.254053704137
1763,LOAD,187598745,2665.263032543208
1764,LOAD,187708993,2663.6976311518542
1765,LOAD,197771815,2528.1661090079997
1766,LOAD,190163128,2629.32149496405
1767,LOAD,196280125,2547.379669744963
1768,LOAD,189388411,2640.0770636382817
1769,LOAD,188692674,2649.811407092572
1770,LOAD,182090352,2745.889579037115
1771,LOAD,189209496,2642.573499587991
1772,LOAD,188513905,2652.3242410155367
1773,LOAD,187713809,2663.6292911194405
1774,LOAD,203497991,2457.0267133497155
1775,LOAD,224134945,2230.798950159244
1776,LOAD,200707093,2491.1924761921596
1777,LOAD,196079795,2549.9822661483304
1778,LOAD,194157290,2575.231658826717
1779,LOAD,210500339,2375.2930868201597
1780,LOAD,198363335,2520.627110851912
1781,LOAD,189306084,2641.225202249707
1782,LOAD,207056047,2414.8051082999764
1783,LOAD,207599524,2408.483364345286
1784,LOAD,196116271,2549.5079905940083
1785,LOAD,194166897,2575.104241378488
1786,LOAD,200531959,2493.3681518565327
1787,LOAD,231047352,2164.0585606018976
1788,LOAD,167960060,2976.898198297857
1789,LOAD,229521907,2178.441293623445
1790,LOAD,204386683,2446.3433363708928
1791,LOAD,191315875,2613.478886684129
1792,LOAD,212990055,2347.527446762714
1793,LOAD,194300088,2573.3390300883448
1794,LOAD,211424729,2364.907843869106
1795,LOAD,194403230,2571.973726979742
1796,LOAD,188364495,2654.42805450146
1797,LOAD,212597964,2351.856953813537
1798,LOAD,200834630,2489.6104820169708
1799,LOAD,196341269,2546.586372526705
1800,LOAD,189436831,2639.402260693434
1801,LOAD,189182214,2642.9545855721935
1802,LOAD,190092148,2630.3032779660107
1803,LOAD,191318183,2613.4473585294295
1804,LOAD,189899823,2632.9671723811985
1805,LOAD,194355263,2572.60849169801
1806,LOAD,189301535,2641.288672064915
1807,LOAD,190569014,2623.7213989048605
1808,LOAD,190813459,2620.360233603857
1809,LOAD,188145398,2657.5191597298594
1810,LOAD,191364836,2612.8102239222258
1811,LOAD,212208665,2356.1714598223407
1812,LOAD,202984145,2463.2465752435983
1813,LOAD,200734068,2490.85770532982
1814,LOAD,201106824,2486.2408448158876
1815,LOAD,204977821,2439.288297439751
1816,LOAD,194471463,2571.0713144581014
1817,LOAD,195929326,2551.940591068026
1818,LOAD,197225728,2535.1662030625134
1819,LOAD,188498119,2652.546363075379
1820,LOAD,198685770,2516.5365390787674
1821,LOAD,190883182,2619.4031069746106
1822,LOAD,198299375,2521.4401205248378
1823,LOAD,200408331,2494.906262155339
1824,LOAD,196578175,2543.5173563901485
1825,LOAD,187037825,2673.256064648955
1826,LOAD,197889638,2526.6608451727016
1827,LOAD,198222780,2522.4144268383284
1828,LOAD,197595461,2530.422497913553
1829,LOAD,205287373,2435.610104475349
1830,LOAD,202265182,2472.002324156809
1831,LOAD,202046744,2474.674870286452
1832,LOAD,201196512,2485.1325454389585
1833,LOAD,187573389,2665.623320374086
1834,LOAD,203184838,2460.813537671546
1835,LOAD,201765839,2478.1201935774666
1836,LOAD,198837496,2514.61625728781
1837,LOAD,201130375,2485.949722909829
1838,LOAD,196491485,2544.639529799472
1839,LOAD,200357080,2495.544454930168
1840,LOAD,201039695,2487.071023461312
1841,LOAD,194311815,2573.183725343721
1842,LOAD,198504640,2518.8328091474336
1843,LOAD,195063108,2563.2730100865615
1844,LOAD,199822128,2502.2253791632124
1845,LOAD,194914611,2565.225856772738
1846,LOAD,198562932,2518.0933569212207
1847,LOAD,196144865,2549.1363232985987
1848,LOAD,194579478,2569.6440608191992
1849,LOAD,193880356,2578.910057293272
1850,LOAD,210179538,2378.9185415375687
1851,LOAD,200164382,2497.9469124531856
1852,LOAD,222826272,2243.9005756017855
1853,LOAD,195688007,2555.087599210922
1854,LOAD,199551673,2505.616678042083
1855,LOAD,196923246,2539.0603199786783
1856,LOAD,199093733,2511.3799036557316
1857,LOAD,195833314,2553.1917414214827
1858,LOAD,198888884,2513.966542242753
1859,LOAD,207609794,2408.3642219692197
1860,LOAD,200994859,2487.6258153448593
1861,LOAD,194826585,2566.384869908796
1862,LOAD,217823234,2295.4392459346186
1863,LOAD,236633181,2112.975018494976
1864,LOAD,199570952,2505.3746298709843
1865,LOAD,214581319,2330.118960635152
1866,LOAD,201614301,2479.9828063784025
1867,LOAD,194168316,2575.085422278679
1868,LOAD,207592060,2408.5699616835054
1869,LOAD,199432958,2507.1081781778516
1870,LOAD,196711504,2541.7933869287076
1871,LOAD,199479541,2506.522711519574
1872,LOAD,191639491,2609.0655813733088
1873,LOAD,189822012,2634.0464666447638
1874,LOAD,196349886,2546.4746131810844
1875,LOAD,194005488,2577.246680774309
1876,LOAD,202702527,2466.668804775187
1877,LOAD,205318344,2435.2427077826032
1878,LOAD,199738234,2503.2763632024503
1879,LOAD,193039339,2590.1456282960025
1880,LOAD,205033285,2438.6284402554443
1881,LOAD,193567344,2583.0803361128933
1882,LOAD,196689367,2542.079460757022
1883,LOAD,193437557,2584.8134548142584
1884,LOAD,204582230,2444.0050340638086
1885,LOAD,196544880,2543.9482320780885
1886,LOAD,189335886,2640.809465987869
1887,LOAD,195564565,2556.7003920163143
1888,LOAD,194472407,2571.0588340689383
1889,LOAD,199062024,2511.779946535659
1890,LOAD,192409609,2598.622816181701
1891,LOAD,207424116,2410.520095937157
1892,LOAD,196419537,2545.571625087376
1893,LOAD,199899059,2501.26239963941
1894,LOAD,193268988,2587.0679262831345
1895,LOAD,195460612,2558.060137456236
1896,LOAD,196254307,2547.714787222478
1897,LOAD,201795447,2477.7565967581027
1898,LOAD,199705101,2503.691680864977
1899,LOAD,203184035,2460.8232630088282
1900,LOAD,193879434,2578.922321384536
1901,LOAD,200475140,2494.0748264348385
1902,LOAD,207710863,2407.1923479514885
1903,LOAD,196435008,2545.3711387330713
1904,LOAD,201600348,2480.154448939741
1905,LOAD,201545362,2480.8310895291156
1906,LOAD,192439757,2598.215710696413
1907,LOAD,206688927,2419.094274943911
1908,LOAD,238455550,2096.8268509581767
1909,LOAD,191750510,2607.5549942474727
1910,LOAD,190403028,2626.008657803488
1911,LOAD,195549694,2556.894821834904
1912,LOAD,195554852,2556.8273805857807
1913,LOAD,191550454,2610.278334292019
1914,LOAD,191411798,2612.169183009294
1915,LOAD,191886835,2605.702470417004
1916,LOAD,194112919,2575.820314154361
1917,LOAD,191391040,2612.4524951638277
1918,LOAD,192220048,2601.1854913281472
1919,LOAD,183105967,2730.659236244333
1920,LOAD,187793946,2662.4926449971927
1921,LOAD,193211246,2587.8410825009637
1922,LOAD,184250351,2713.6990365896236
1923,LOAD,188839712,2647.7481600903943
1924,LOAD,183166223,2729.760934143409
1925,LOAD,188896217,2646.956132530701
1926,LOAD,190353909,2626.686274144231
1927,LOAD,219069743,2282.3781739680953
1928,LOAD,192851003,2592.675133766351
1929,LOAD,189103905,2644.049048061699
1930,LOAD,191071025,2616.8279570384884
1931,LOAD,189560124,2637.685550363957
1932,LOAD,189271882,2641.7024796107858
1933,LOAD,190298501,2627.4510696224556
1934,LOAD,188707659,2649.6009894330787
1935,LOAD,190160377,2629.3595326643676
1936,LOAD,195262853,2560.6508986120366
1937,LOAD,192465051,2597.8742499073246
1938,LOAD,189166197,2643.1783687018883
1939,LOAD,192206016,2601.3753908722606
1940,LOAD,189232702,2642.249435301093
1941,LOAD,190408067,2625.939162546091
1942,LOAD,187658469,2664.4147885486586
1943,LOAD,181899590,2748.7692523111236
1944,LOAD,181426221,2755.941215354974
1945,LOAD,188203270,2656.7019797264948
1946,LOAD,189220384,2642.421442290277
1947,LOAD,189340921,2640.739240937779
1948,LOAD,188185560,2656.9519999302815
1949,LOAD,192311842,2599.943897370605
1950,LOAD,186813493,2676.46620150719
1951,LOAD,190221572,2628.5136577464514
1952,LOAD,194195508,2574.7248489393482
1953,LOAD,183661204,2722.4040195228167
1954,LOAD,194089722,2576.1281681881123
1955,LOAD,179715017,2782.1826375254996
1956,LOAD,184288480,2713.1375764779223
1957,LOAD,185237054,2699.2439644392102
1958,LOAD,183907323,2718.7606879580317
1959,LOAD,188257614,2655.9350741585413
1960,LOAD,185822995,2690.732651252338
1961,LOAD,188914828,2646.695366866597
1962,LOAD,183560669,2723.89506272719
1963,LOAD,187367262,2668.555833409147
1964,LOAD,184327361,2712.5652821558056
1965,LOAD,193574994,2582.978253895749
1966,LOAD,188588471,2651.275538471278
1967,LOAD,186153536,2685.954888334756
1968,LOAD,190134639,2629.715461789159
1969,LOAD,191755694,2607.484500564557
1970,LOAD,185409739,2696.729970586928
1971,LOAD,194521945,2570.4040744605963
1972,LOAD,184522669,2709.694167712261
1973,LOAD,185714456,2692.3052236709027
1974,LOAD,184938227,2703.605458486417
1975,LOAD,185599772,2693.9688266427397
1976,LOAD,184147562,2715.213791426682
1977,LOAD,207783985,2406.345224344407
1978,LOAD,186452005,2681.6552602907113
1979,LOAD,194889886,2565.5512980288777
1980,LOAD,186608499,2679.406365087369
1981,LOAD,193334025,2586.197644206704
1982,LOAD,201879524,2476.7246825884135
1983,LOAD,200699213,2491.2902872220034
1984,LOAD,192033609,2603.7108952110566
1985,LOAD,205279010,2435.709330437632
1986,LOAD,197739936,2528.5736918616176
1987,LOAD,209134208,2390.8092548876557
1988,LOAD,200888849,2488.9385473058287
1989,LOAD,201679039,2479.1867438440145
1990,LOAD,197027565,2537.7159789798957
1991,LOAD,202163455,2473.246215543754
1992,LOAD,202456547,2469.665750053516
1993,LOAD,197548552,2531.023360778671
1994,LOAD,212554790,2352.3346615712585
1995,LOAD,201150515,2485.700819607646
1996,LOAD,195470527,2557.9303830290482
1997,LOAD,221997300,2252.2796448425274
1998,LOAD,190660163,2622.467075096333
1999,LOAD,198536284,2518.4313412454117
2000,LOAD,214082690,2335.546138737326
2001,LOAD,202243352,2472.2691502858397
2002,LOAD,212654700,2351.229481408123
2003,LOAD,189965485,2632.05708131664
2004,LOAD,203983392,2451.179947041963
2005,LOAD,206362966,2422.9153597259306
2006,LOAD,200759936,2490.536757294045
2007,LOAD,189803087,2634.3091037291715
2008,LOAD,208077011,2402.9564707655286
2009,LOAD,200499884,2493.7670288128447
2010,LOAD,192770055,2593.763849888407
2011,LOAD,201983185,2475.4535878815855
2012,LOAD,201889859,2476.5978958853993
2013,LOAD,193744333,2580.7206448717134
2014,LOAD,206584057,2420.3223000892076
2015,LOAD,199340660,2508.2690104467397
2016,LOAD,195739811,2554.411376232503
2017,LOAD,203859574,2452.668717928352
2018,LOAD,204182025,2448.7953824534748
2019,LOAD,211452033,2364.602472277956
2020,LOAD,209030252,2391.998264442603
2021,LOAD,195774164,2553.9631470473296
2022,LOAD,192973368,2591.031110572729
2023,LOAD,203896131,2452.2289733884163
2024,LOAD,197599643,2530.3689440370094
2025,LOAD,202285524,2471.753737553657
2026,LOAD,196840169,2540.131938212266
2027,LOAD,201572627,2480.4955287902258
2028,LOAD,210255857,2378.0550379626284
2029,LOAD,194855259,2566.0072125638653
2030,LOAD,199866503,2501.6698270845313
2031,LOAD,197107465,2536.687283761678
2032,LOAD,206336699,2423.2238008227514
2033,LOAD,197504043,2531.593745653095
2034,LOAD,209515123,2386.4625753053638
2035,LOAD,216491040,2309.5644050672954
2036,LOAD,212645460,2351.3316484631273
2037,LOAD,216419771,2310.3249656428106
2038,LOAD,197015138,2537.8760488952885
2039,LOAD,198338631,2520.9410666951712
2040,LOAD,193342844,2586.0796792665365
2041,LOAD,197449458,2532.293605992071
2042,LOAD,199793759,2502.5806737036264
2043,LOAD,194816296,2566.520410592346
2044,LOAD,196359973,2546.3438009334013
2045,LOAD,198042113,2524.715538659194
2046,LOAD,200209387,2497.385399816443
2047,LOAD,201121226,2486.0628087062278
2048,LOAD,196180559,2548.6725216233076
2049,LOAD,196823136,2540.3517602727356
2050,LOAD,198309204,2521.315147833481
2051,LOAD,194715880,2567.843978621569
2052,LOAD,202962194,2463.51298311251
2053,LOAD,191702278,2608.2110510966386
2054,LOAD,189997606,2631.612105680953
2055,LOAD,200075818,2499.052634136925
2056,LOAD,200636122,2492.0736855151135
2057,LOAD,206416865,2422.28269477884
2058,LOAD,201024088,2487.2641133434713
2059,LOAD,196014408,2550.8328959165083
2060,LOAD,196920617,2539.094217849216
2061,LOAD,205368060,2434.6531782985144
2062,LOAD,199834923,2502.0651670579123
2063,LOAD,212592457,2351.9178763713144
2064,LOAD,201251199,2484.457247879552
2065,LOAD,205178819,2436.898713214642
2066,LOAD,193380230,2585.579715154957
2067,LOAD,205495882,2433.138781827268
2068,LOAD,198464002,2519.3485718382317
2069,LOAD,208036350,2403.426132019717
2070,LOAD,199598290,2505.031480981125
2071,LOAD,199279321,2509.041066032135
2072,LOAD,205883016,2428.563607208863
2073,LOAD,201310059,2483.7308303605437
2074,LOAD,211112895,2368.401039642794
2075,LOAD,206256697,2424.1637109121357
2076,LOAD,208591904,2397.0249583608
2077,LOAD,195048358,2563.466850615579
2078,LOAD,212334024,2354.780409568275
2079,LOAD,197986093,2525.4299048165976
2080,LOAD,207367975,2411.1726991595497
2081,LOAD,196592660,2543.329949348058
2082,LOAD,204682903,2442.802953600868
2083,LOAD,198290466,2521.5534064053286
2084,LOAD,206895605,2416.6777249811566
2085,LOAD,199904473,2501.1946581105267
2086,LOAD,206124548,2425.717872283703
2087,LOAD,203484186,2457.1934056831324
2088,LOAD,204938239,2439.759424301484
2089,LOAD,199202696,2510.0061898760646
2090,LOAD,221939181,2252.8694471482254
2091,LOAD,196469502,2544.924249871616
2092,LOAD,206842640,2417.2965496862735
2093,LOAD,199657165,2504.2927961037612
2094,LOAD,201867054,2476.8776781177976
2095,LOAD,201876880,2476.757120478581
2096,LOAD,203347096,2458.849965578068
2097,LOAD,196580046,2543.493147824373
2098,LOAD,202058307,2474.533254403641
2099,LOAD,199714377,2503.5753935731927
2100,LOAD,197367123,2533.349994669578
2101,LOAD,209686342,2384.513913643455
2102,LOAD,203658990,2455.0843544888444
2103,LOAD,202954972,2463.600645368767
2104,LOAD,198223503,2522.4052265890996
2105,LOAD,210193905,2378.755939664378
2106,LOAD,198549299,2518.2662568856513
2107,LOAD,200805415,2489.9726932164654
2108,LOAD,201003769,2487.5155450443317
2109,LOAD,203229748,2460.269743581043
2110,LOAD,197738382,2528.593563590502
2111,LOAD,214092458,2335.4395790999793
2112,LOAD,199273562,2509.1135772441303
2113,LOAD,199793843,2502.5796215351843
2114,LOAD,196793576,2540.7333418241255
2115,LOAD,194432476,2571.586857742839
2116,LOAD,192267843,2600.5388743035933
2117,LOAD,191083604,2616.655691714921
2118,LOAD,193657523,2581.8774930834984
2119,LOAD,185633418,2693.4805456202935
2120,LOAD,195300293,2560.160009590974
2121,LOAD,192121228,2602.5234442078417
2122,LOAD,198494355,2518.96332265973
2123,LOAD,192000359,2604.161797426639
2124,LOAD,191807161,2606.7848426159644
2125,LOAD,196256075,2547.6918357813893
2126,LOAD,196933200,2538.9319830277477
2127,LOAD,203882450,2452.393523817278
2128,LOAD,192536124,2596.9152677032184
2129,LOAD,195171352,2561.851393026165
2130,LOAD,196893496,2539.4439641622293
2131,LOAD,196502882,2544.491942871352
2132,LOAD,196725521,2541.61228018809
2133,LOAD,192419485,2598.489440921225
2134,LOAD,196165106,2548.8732945195666
2135,LOAD,196271859,2547.486952778085
2136,LOAD,200300030,2496.2552426976667
2137,LOAD,192109865,2602.67737942557
2138,LOAD,203364329,2458.64160375933
2139,LOAD,198481517,2519.1262519421393
2140,LOAD,199834300,2502.0729674535355
2141,LOAD,190527182,2624.297461136018
2142,LOAD,205808727,2429.4402248549936
2143,LOAD,192722350,2594.4058901315802
2144,LOAD,203904078,2452.1333997057186
2145,LOAD,195501025,2557.5313479814236
2146,LOAD,203730288,2454.2251665594267
2147,LOAD,199003084,2512.523876263144
2148,LOAD,206877555,2416.8885793337995
2149,LOAD,196476580,2544.8325698665967
2150,LOAD,201943494,2475.9401261027997
2151,LOAD,198597734,2517.6520896255543
2152,LOAD,193428129,2584.9394428046194
2153,LOAD,197002569,2538.0379684287263
2154,LOAD,194751797,2567.370405316465
2155,LOAD,205440636,2433.7930885299634
2156,LOAD,187283300,2669.7521882623814
2157,LOAD,196744643,2541.3652558763697
2158,LOAD,195330603,2559.7627423491854
2159,LOAD,193485814,2584.1687804564317
2160,LOAD,202419120,2470.1223876479653
2161,LOAD,190384208,2626.2682459461134
2162,LOAD,193380470,2585.5765062521564
2163,LOAD,196720291,2541.679851419089
2164,LOAD,192632417,2595.6171229476918
2165,LOAD,189680441,2636.012428925131
2166,LOAD,193016359,2590.4540039531053
2167,LOAD,193078498,2589.6203108022933
2168,LOAD,191251419,2614.359687443679
2169,LOAD,195304851,2560.1002608993053
2170,LOAD,202441481,2469.8495462992587
2171,LOAD,206902822,2416.5934285806893
2172,LOAD,208205754,2401.4706144960815
2173,LOAD,197259095,2534.7373716786037
2174,LOAD,207471383,2409.970921146267
2175,LOAD,198212771,2522.5417992869893
2176,LOAD,200703045,2491.242721305001
2177,LOAD,198802210,2515.062584062823
2178,LOAD,198955576,2513.123834237247
2179,LOAD,195649493,2555.59057339341
2180,LOAD,205554617,2432.4435388381476
2181,LOAD,205734197,2430.3203224887307
2182,LOAD,207322355,2411.7032627764625
2183,LOAD,202224054,2472.5050759787455
2184,LOAD,208059213,2403.162026763987
2185,LOAD,202978846,2463.3108811742873
2186,LOAD,197461395,2532.140522961463
2187,LOAD,203652287,2455.1651609981673
2188,LOAD,198057913,2524.514130369535
2189,LOAD,200465321,2494.1969888148383
2190,LOAD,205295245,2435.5167115536456
2191,LOAD,210170660,2379.0190314861266
2192,LOAD,202432239,2469.962306745024
2193,LOAD,197013964,2537.8911720186497
2194,LOAD,205055426,2438.365127680162
2195,LOAD,202094998,2474.0839948943217
2196,LOAD,209336585,2388.4979302590614
2197,LOAD,236743000,2111.9948636284917
2198,LOAD,205534213,2432.68501483011
2199,LOAD,215899783,2315.889312403802
2200,LOAD,207845295,2405.635403004913
2201,LOAD,201372671,2482.9585738573232
2202,LOAD,196000394,2551.0152801019367
2203,LOAD,202034739,2474.821916640781
2204,LOAD,204332965,2446.9864664274805
2205,LOAD,206900554,2416.6199187654183
2206,LOAD,196221462,2548.14124257213
2207,LOAD,197179022,2535.7667105175115
2208,LOAD,196842841,2540.097457748032
2209,LOAD,194887327,2565.5849854208323
2210,LOAD,217981273,2293.7750253435765
2211,LOAD,198925860,2513.4992504242537
2212,LOAD,199335785,2508.330353227846
2213,LOAD,203078341,2462.104021225976
2214,LOAD,205611582,2431.769626674046
2215,LOAD,204326540,2447.0634113414735
2216,LOAD,200612135,2492.371660368402
2217,LOAD,194695861,2568.108009240114
2218,LOAD,203720421,2454.3440345629365
2219,LOAD,203938500,2451.71951348078
2220,LOAD,205212247,2436.501755180333
2221,LOAD,207454064,2410.1721140541263
2222,LOAD,206757232,2418.2950949933397
2223,LOAD,200996024,2487.6113967309125
2224,LOAD,198392039,2520.2624183927055
2225,LOAD,200668258,2491.67459260049
2226,LOAD,200214410,2497.3227451510606
2227,LOAD,196560764,2543.742656596512
2228,LOAD,207382670,2411.001845043272
2229,LOAD,196359461,2546.350440430268
2230,LOAD,200482732,2493.980379317656
2231,LOAD,213750792,2339.1726192995816
2232,LOAD,196775247,2540.970003203706
2233,LOAD,201981618,2475.472792776618
2234,LOAD,219990603,2272.824353320219
2235,LOAD,196495308,2544.590021457408
2236,LOAD,197846712,2527.209044545557
2237,LOAD,196722543,2541.650755297526
2238,LOAD,201473562,2481.715193976667
2239,LOAD,197924825,2526.211656370039
2240,LOAD,200268107,2496.6531490708103
2241,LOAD,202961093,2463.526346894476
2242,LOAD,205660668,2431.189224767081
2243,LOAD,206005351,2427.1214197732174
2244,LOAD,200950411,2488.1760505580655
2245,LOAD,203894040,2452.254121797773
2246,LOAD,201155453,2485.639800179814
2247,LOAD,206472109,2421.6345850373427
2248,LOAD,202564221,2468.352987174374
2249,LOAD,215844760,2316.4796773384724
2250,LOAD,204491443,2445.090086238963
2251,LOAD,205552074,2432.473631961505
2252,LOAD,205343412,2434.945417192152
2253,LOAD,215765384,2317.3318663572095
2254,LOAD,211058336,2369.013276026207
2255,LOAD,208779045,2394.8763631905686
2256,LOAD,206884115,2416.8119432465855
2257,LOAD,236259227,2116.319461250079
2258,LOAD,212145695,2356.870828795277
2259,LOAD,204279347,2447.628736545746
2260,LOAD,221363680,2258.726454131952
2261,LOAD,216539366,2309.048969876452
2262,LOAD,215572722,2319.402915921802
2263,LOAD,210488265,2375.429338067849
2264,LOAD,202442220,2469.840530300448
2265,LOAD,213439241,2342.587040964974
2266,LOAD,203039143,2462.5793460919012
2267,LOAD,212927645,2348.2155170597975
2268,LOAD,209022630,2392.085488542556
2269,LOAD,208572725,2397.2453732864637
2270,LOAD,211324247,2366.032327563434
2271,LOAD,205832659,2429.1577557670284
2272,LOAD,200282541,2496.4732198000224
2273,LOAD,209993120,2381.0303880431893
2274,LOAD,203762697,2453.834815506
2275,LOAD,215805085,2316.90555391686
2276,LOAD,207213904,2412.965492894724
2277,LOAD,215848705,2316.4373397561035
2278,LOAD,201201117,2485.0756668512927
2279,LOAD,208662095,2396.2186328091834
2280,LOAD,206369023,2422.844246347961
2281,LOAD,214486155,2331.1527963191843
2282,LOAD,209143060,2390.708063657479
2283,LOAD,216631887,2308.062801484068
2284,LOAD,202685463,2466.8764725371548
2285,LOAD,216866531,2305.5655369892
2286,LOAD,206267224,2424.039991928141
2287,LOAD,213942594,2337.0755241006377
2288,LOAD,202756385,2466.013585712726
2289,LOAD,208555023,2397.448849745518
2290,LOAD,209722752,2384.0999378074152
2291,LOAD,212184268,2356.442373003827
2292,LOAD,220724392,2265.2684439153422
2293,LOAD,205996789,2427.2223000524536
2294,LOAD,202096157,2474.0698062853317
2295,LOAD,212363373,2354.4549746815333
2296,LOAD,204009162,2450.87031924576
2297,LOAD,208893977,2393.558719024245
2298,LOAD,197357709,2533.4708359428714
2299,LOAD,209042047,2391.863298200481
2300,LOAD,206409234,2422.3722471640976
2301,LOAD,208844275,2394.1283523333354
2302,LOAD,194628678,2568.9944829199326
2303,LOAD,213560734,2341.2543618622326
2304,LOAD,204530858,2444.618894621759
2305,LOAD,215253828,2322.8390623557225
2306,LOAD,195910209,2552.1896104965103
2307,LOAD,215901181,2315.874316593016
2308,LOAD,194521575,2570.408963632954
2309,LOAD,214496577,2331.0395298289536
2310,LOAD,214185603,2334.4239435178097
2311,LOAD,211517238,2363.873529778221
2312,LOAD,202350274,2470.962801859117
2313,LOAD,218034242,2293.217778150645
2314,LOAD,196537780,2544.0401331489547
2315,LOAD,218908227,2284.0621700343863
2316,LOAD,209442531,2387.289714332186
2317,LOAD,221995039,2252.302584113152
2318,LOAD,204029668,2450.623994545734
2319,LOAD,208109672,2402.57934768164
2320,LOAD,207538736,2409.188808011243
2321,LOAD,204884727,2440.3966431328968
2322,LOAD,207590155,2408.5920644936173
2323,LOAD,206399014,2422.4921927194864
2324,LOAD,206168568,2425.199946094596
2325,LOAD,204328471,2447.040285443138
2326,LOAD,209163548,2390.473888882397
2327,LOAD,205405412,2434.2104481648225
2328,LOAD,216406242,2310.4693994917207
2329,LOAD,211510841,2363.945023508275
2330,LOAD,220912919,2263.33526469767
2331,LOAD,211832364,2360.3569849222854
2332,LOAD,208718686,2395.5689333920013
2333,LOAD,212353673,2354.5625226835614
2334,LOAD,204645985,2443.243633633956
2335,LOAD,205464176,2433.514249218803
2336,LOAD,212387888,2354.1832102968133
2337,LOAD,208197591,2401.564771227348
2338,LOAD,206203585,2424.7881044357205
2339,LOAD,207421835,2410.5466042184034
2340,LOAD,209569421,2385.844259215661
2341,LOAD,210554987,2374.6765969499456
2342,LOAD,206240903,2424.349354211274
2343,LOAD,204071572,2450.1207840943175
2344,LOAD,209359992,2388.230889882724
2345,LOAD,209416129,2387.59069030447
2346,LOAD,208281505,2400.597210971757
2347,LOAD,205460399,2433.5589847657216
2348,LOAD,211213460,2367.2733735813995
2349,LOAD,223950032,2232.6408955369116
2350,LOAD,204964271,2439.4495565522243
2351,LOAD,208216999,2401.34092029633
2352,LOAD,206514545,2421.1369712481996
2353,LOAD,207819333,2405.9359289734607
2354,LOAD,208583195,2397.125041641058
2355,LOAD,215447320,2320.7529339422745
2356,LOAD,208573858,2397.232351141532
2357,LOAD,219120239,2281.8522026164824
2358,LOAD,204017285,2450.7727372217505
2359,LOAD,204066175,2450.185583181534
2360,LOAD,207171184,2413.4630615423816
2361,LOAD,207287627,2412.107308266885
2362,LOAD,206805749,2417.7277586224163
2363,LOAD,203041380,2462.552214725885
2364,LOAD,192220080,2601.1850582935976
2365,LOAD,202668958,2467.0773705759125
2366,LOAD,199329368,2508.4111037767398
2367,LOAD,209097736,2391.2262732486015
2368,LOAD,205905876,2428.2939841891643
2369,LOAD,204339788,2446.9047604179764
2370,LOAD,209715337,2384.1842335069655
2371,LOAD,207361043,2411.253303736517
2372,LOAD,209214153,2389.8956778512015
2373,LOAD,211194770,2367.482869012334
2374,LOAD,206673034,2419.2803014640026
2375,LOAD,206562813,2420.571218692689
2376,LOAD,214917613,2326.4728889390744
2377,LOAD,204689871,2442.719796330323
2378,LOAD,205721736,2430.4675321231
2379,LOAD,214899017,2326.6742071695935
2380,LOAD,212418248,2353.8467373104404
2381,LOAD,208920812,2393.2512764692874
2382,LOAD,211761316,2361.1489078581285
2383,LOAD,208126703,2402.382744707199
2384,LOAD,253202993,1974.7001963756406
2385,LOAD,202092398,2474.115824980215
2386,LOAD,207664781,2407.7265176708033
2387,LOAD,207341483,2411.4807744478226
2388,LOAD,206023134,2426.911921454413
2389,LOAD,213258356,2344.5740151912264
2390,LOAD,203655327,2455.128512302553
2391,LOAD,204649877,2443.197168400937
2392,LOAD,204013228,2450.8214732036886
2393,LOAD,204158038,2449.083097085798
2394,LOAD,205506908,2433.008237367865
2395,LOAD,201765801,2478.1206602996112
2396,LOAD,208535486,2397.673458799238
2397,LOAD,207121409,2414.0430601261505
2398,LOAD,203678406,2454.8503192822513
2399,LOAD,234016035,2136.6057244752483
2400,LOAD,208384517,2399.410508987095
2401,LOAD,200532003,2493.367604770796
2402,LOAD,209498617,2386.6506001803345
2403,LOAD,205063877,2438.2646388764024
2404,LOAD,208853303,2394.024862513187
2405,LOAD,201933629,2476.061082426246
2406,LOAD,210351807,2376.97031050463
2407,LOAD,207745008,2406.7967014639407
2408,LOAD,197350993,2533.557051825931
2409,LOAD,207184111,2413.312476457232
2410,LOAD,207071560,2414.6242004454884
2411,LOAD,206603346,2420.096332805762
2412,LOAD,204274801,2447.68320689736
2413,LOAD,208124534,2402.4077814872126
2414,LOAD,197174366,2535.8265891419173
2415,LOAD,211652223,2362.3659270519447
2416,LOAD,204082954,2449.9841373327044
2417,LOAD,201394235,2482.6927146151925
2418,LOAD,214195083,2334.320624904354
2419,LOAD,200144947,2498.1894746510884
2420,LOAD,205919556,2428.1326636116096
2421,LOAD,204380208,2446.4208393407644
2422,LOAD,207130275,2413.939729477016
2423,LOAD,204110628,2449.651960308505
2424,LOAD,205609023,2431.799892361728
2425,LOAD,200295311,2496.3140550005187
2426,LOAD,205278843,2435.711311954345
2427,LOAD,202242764,2472.2763381536856
2428,LOAD,202149748,2473.413916894915
2429,LOAD,203705558,2454.5231112447113
2430,LOAD,214061738,2335.7747380337537
2431,LOAD,209755786,2383.7244708949293
2432,LOAD,205187079,2436.8006135513047
2433,LOAD,205582633,2432.1120549127318
2434,LOAD,211083185,2368.7343925571336
2435,LOAD,203831128,2453.0110042858614
2436,LOAD,209298640,2388.930955308644
2437,LOAD,199744743,2503.1947899625075
2438,LOAD,188078722,2658.461279846425
2439,LOAD,202465066,2469.561835423006
2440,LOAD,201748473,2478.3335039170283
2441,LOAD,173063912,2889.1060777592966
2442,LOAD,208839009,2394.1887217057233
2443,LOAD,193914729,2578.4529240169268
2444,LOAD,192310841,2599.957430377001
2445,LOAD,209836892,2382.8031154788546
2446,LOAD,211213498,2367.2729476787513
2447,LOAD,197253565,2534.8084329933404
2448,LOAD,206171501,2425.165445150443
2449,LOAD,199035619,2512.1131710601003
2450,LOAD,192567415,2596.4932852216975
2451,LOAD,203262490,2459.87343754374
2452,LOAD,194620765,2569.0989345355824
2453,LOAD,201745523,2478.3697430549673
2454,LOAD,188276759,2655.665004303585
2455,LOAD,209334231,2388.5247893355768
2456,LOAD,194760023,2567.2619683352573
2457,LOAD,224432722,2227.839129447443
2458,LOAD,196350232,2546.4701258921864
2459,LOAD,200676517,2491.572045771554
2460,LOAD,192602595,2596.019020408318
2461,LOAD,225206679,2220.1828214872794
2462,LOAD,195259561,2560.694070186914
2463,LOAD,205735096,2430.3097027256836
2464,LOAD,226722031,2205.343688015921
2465,LOAD,195344825,2559.576379870826
2466,LOAD,198257437,2521.97348843968
2467,LOAD,203700381,2454.585492405142
2468,LOAD,193151108,2588.646812215025
2469,LOAD,205667696,2431.1061470732866
2470,LOAD,190828373,2620.15544197927
2471,LOAD,198596813,2517.663765329406
2472,LOAD,201770379,2478.0644338285156
2473,LOAD,193491274,2584.0958595373145
2474,LOAD,229519989,2178.4594979219873
2475,LOAD,202813873,2465.314589204655
2476,LOAD,203842910,2452.8692216962563
2477,LOAD,191319514,2613.42917691083
2478,LOAD,200047515,2499.4062035711863
2479,LOAD,198765276,2515.5299258608934
2480,LOAD,200502253,2493.737564136
2481,LOAD,192955921,2591.265390607008
2482,LOAD,194178683,2574.947941118748
2483,LOAD,202623072,2467.636064662962
2484,LOAD,203865330,2452.5994684824536
2485,LOAD,199191727,2510.14440976256
2486,LOAD,198492740,2518.9838177456763
2487,LOAD,198611394,2517.478931747491
2488,LOAD,200269535,2496.635346958787
2489,LOAD,197533562,2531.215429608868
2490,LOAD,197867421,2526.944544347197
2491,LOAD,200828442,2489.6871928130577
2492,LOAD,198046481,2524.659854976166
2493,LOAD,195065538,2563.2410784933218
2494,LOAD,194754000,2567.34136397712
2495,LOAD,202278463,2471.8400198641016
2496,LOAD,200650450,2491.895732105261
2497,LOAD,201395012,2482.683136164266
2498,LOAD,197523617,2531.342872280432
2499,LOAD,212285160,2355.322435162213
2500,LOAD,191600602,2609.595141042407
2501,LOAD,206779708,2418.0322374766097
2502,LOAD,204078131,2450.0420380662936
2503,LOAD,214171552,2334.5770964016733
2504,LOAD,204544907,2444.4509879681336
2505,LOAD,246022889,2032.331227522493
2506,LOAD,239261430,2089.764321813173
2507,LOAD,223903283,2233.107050958248
2508,LOAD,217249603,2301.5001781154
2509,LOAD,214161722,2334.684253239241
2510,LOAD,221647090,2255.83832388686
2511,LOAD,222613775,2246.042501188437
2512,LOAD,255486632,1957.0495570977664
2513,LOAD,263449650,1897.8958597971186
2514,LOAD,219184453,2281.18369326131
2515,LOAD,232286960,2152.509981619287
2516,LOAD,195986900,2551.190921434035
2517,LOAD,201064190,2486.768031642034
2518,LOAD,204603429,2443.7518102397003
2519,LOAD,252027418,1983.9111314468175
2520,LOAD,210454881,2375.806147256808
2521,LOAD,217731124,2296.410319362518
2522,LOAD,210126798,2379.5156294153403
2523,LOAD,215447482,2320.751188913872
2524,LOAD,212981901,2347.6173217178675
2525,LOAD,228556525,2187.6426411365856
2526,LOAD,196651140,2542.5736153881435
2527,LOAD,206629242,2419.7930320046376
2528,LOAD,214011799,2336.3197839386416
2529,LOAD,186474522,2681.3314475207503
2530,LOAD,196726951,2541.593805314453
2531,LOAD,195568758,2556.6455762837127
2532,LOAD,199300080,2508.779725527456
2533,LOAD,201498540,2481.407557593221
2534,LOAD,196344784,2546.5407830747367
2535,LOAD,192092853,2602.907876015564
2536,LOAD,197020363,2537.8087441651905
2537,LOAD,199650520,2504.3761468790567
2538,LOAD,198623251,2517.328648497451
2539,LOAD,210386123,2376.582603787038
2540,LOAD,212825681,2349.3405384663142
2541,LOAD,204501998,2444.963887345492
2542,LOAD,207485795,2409.80352414005
2543,LOAD,196044896,2550.4362021238235
2544,LOAD,225403888,2218.2403526242633
2545,LOAD,203075400,2462.139678168798
2546,LOAD,201237180,2484.6303252709067
2547,LOAD,215899962,2315.8873923284896
2548,LOAD,203788456,2453.524649109663
2549,LOAD,215359200,2321.702532327386
2550,LOAD,209178287,2390.3054526878304
2551,LOAD,217913986,2294.4832921371094
2552,LOAD,200679175,2491.5390448460835
2553,LOAD,203407952,2458.1143219022233
2554,LOAD,197192432,2535.5942666197247
2555,LOAD,204323422,2447.100753823514
2556,LOAD,206330429,2423.297438110789
2557,LOAD,208411990,2399.0942171801153
2558,LOAD,202355183,2470.902857971273
2559,LOAD,211200096,2367.4231663228034
2560,LOAD,198235820,2522.2485018096127
2561,LOAD,210123930,2379.548107633433
2562,LOAD,198617353,2517.4034013030073
2563,LOAD,202546877,2468.564351155115
2564,LOAD,200583636,2492.725777490642
2565,LOAD,206698841,2418.9782467140203
2566,LOAD,201793738,2477.777580987176
2567,LOAD,203430991,2457.8359351353697
2568,LOAD,201427575,2482.281782918749
2569,LOAD,210668386,2373.398351283709
2570,LOAD,200563235,2492.9793339242856
2571,LOAD,217409821,2299.804110505201
2572,LOAD,209977538,2381.207079397226
2573,LOAD,200613359,2492.356453689607
2574,LOAD,203335152,2458.994399551731
2575,LOAD,208651175,2396.344041676257
2576,LOAD,199438470,2507.038887733144
2577,LOAD,205881945,2428.5762406217796
2578,LOAD,210364527,2376.826583504737
2579,LOAD,210293441,2377.630027937961
2580,LOAD,201536781,2480.936717948274
2581,LOAD,214600932,2329.906004322479
2582,LOAD,213442157,2342.555037053903
2583,LOAD,205066580,2438.232499903202
2584,LOAD,202356975,2470.880976551463
2585,LOAD,218267559,2290.7664441329093
2586,LOAD,203414279,2458.037864686972
2587,LOAD,206718029,2418.7537120915563
2588,LOAD,204805037,2441.346205757625
2589,LOAD,204991251,2439.1284874884736
2590,LOAD,213708039,2339.640578518434
2591,LOAD,217046613,2303.65262599145
2592,LOAD,208770535,2394.97398423585
2593,LOAD,212158208,2356.731821565914
2594,LOAD,208284330,2400.5646512150006
2595,LOAD,214947491,2326.1495059739964
2596,LOAD,217381057,2300.1084220507773
2597,LOAD,220984780,2262.5992613608955
2598,LOAD,209486777,2386.785491477584
2599,LOAD,173211861,2886.638346319713
2600,LOAD,191138928,2615.898316642228
2601,LOAD,193611904,2582.485837234471
2602,LOAD,173704089,2878.4584339865482
2603,LOAD,190742009,2621.3417936685355
2604,LOAD,190089582,2630.338784163353
2605,LOAD,181633320,2752.7988807339975
2606,LOAD,186869125,2675.669402315658
2607,LOAD,192433752,2598.2967894322405
2608,LOAD,196941909,2538.819708506024
2609,LOAD,187135461,2671.8613208214983
2610,LOAD,200238194,2497.026116805668
2611,LOAD,181019144,2762.138793452697
2612,LOAD,189230759,2642.2765656190177
2613,LOAD,186666925,2678.567721625028
2614,LOAD,173883323,2875.4914006330555
2615,LOAD,179327679,2788.192000187545
2616,LOAD,180235821,2774.143326370178
2617,LOAD,205812530,2429.395333704901
2618,LOAD,212613317,2351.687124094866
2619,LOAD,206759143,2418.2727435661695
2620,LOAD,195594839,2556.3046681410647
2621,LOAD,207823945,2405.882536778907
2622,LOAD,199539138,2505.774080270909
2623,LOAD,197983464,2525.463439714339
2624,LOAD,197539697,2531.1368175278712
2625,LOAD,205044562,2438.4943210539764
2626,LOAD,200238094,2497.0273638341764
2627,LOAD,196553784,2543.8329897530743
2628,LOAD,202810997,2465.349549068091
2629,LOAD,207663750,2407.7384714472314
2630,LOAD,210432140,2376.062896095625
2631,LOAD,205505585,2433.0239005426542
2632,LOAD,206785973,2417.958978291047
2633,LOAD,211256061,2366.7959992873293
2634,LOAD,214829302,2327.4292442657566
2635,LOAD,207185884,2413.291824456535
2636,LOAD,196945557,2538.772682239285
2637,LOAD,215994568,2314.8730295847067
2638,LOAD,204799707,2441.409742837181
2639,LOAD,205780964,2429.7679935059496
2640,LOAD,201962214,2475.71062971215
2641,LOAD,210441489,2375.9573379563003
2642,LOAD,207923644,2404.728920583943
2643,LOAD,206499418,2421.314330290267
2644,LOAD,206330998,2423.290755371619
2645,LOAD,206431536,2422.1105441951463
2646,LOAD,200946416,2488.2255177917677
2647,LOAD,207909340,2404.894364053101
2648,LOAD,208322561,2400.1241036970546
2649,LOAD,214030664,2336.1138570312523
2650,LOAD,206376353,2422.7581926501043
2651,LOAD,215251286,2322.8664938150473
2652,LOAD,207446353,2410.261702696697
2653,LOAD,215214930,2323.258892865844
2654,LOAD,202293025,2471.6620852350197
2655,LOAD,210850126,2371.352626082851
2656,LOAD,215834499,2316.5898052284956
2657,LOAD,206733380,2418.5741073841095
2658,LOAD,219133854,2281.710428914375
2659,LOAD,207818417,2405.9465336029384
2660,LOAD,201260449,2484.343061363239
2661,LOAD,207354816,2411.3257152416463
2662,LOAD,211172209,2367.7358037202707
2663,LOAD,204778764,2441.659429099787
2664,LOAD,207079082,2414.5364909431078
2665,LOAD,204886378,2440.3769781122296
2666,LOAD,201179003,2485.348831358907
2667,LOAD,210916058,2370.611345296431
2668,LOAD,200464240,2494.210438729621
2669,LOAD,211605301,2362.889765223793
2670,LOAD,209046593,2391.811283908368
2671,LOAD,215244520,2322.939510840973
2672,LOAD,213672040,2340.034756068225
2673,LOAD,206453463,2421.8532967887295
2674,LOAD,210546726,2374.7697696329888
2675,LOAD,208523777,2397.8080926473913
2676,LOAD,213959268,2336.8933941202304
2677,LOAD,209169265,2390.4085526140752
2678,LOAD,208230815,2401.181592647563
2679,LOAD,220241684,2270.2332770030944
2680,LOAD,197951027,2525.8772716546705
2681,LOAD,212126157,2357.087909719686
2682,LOAD,212039687,2358.049132566395
2683,LOAD,203557803,2456.3047578185938
2684,LOAD,213020694,2347.1897993159296
2685,LOAD,243357732,2054.588510053997
2686,LOAD,212281368,2355.3645084857376
2687,LOAD,215124597,2324.2344528366507
2688,LOAD,202375170,2470.658826376773
2689,LOAD,225054993,2221.6792141998826
2690,LOAD,205412575,2434.1255641238126
2691,LOAD,217303708,2300.9271429459454
2692,LOAD,220903476,2263.4320158909586
2693,LOAD,204231123,2448.20668199528
2694,LOAD,215648099,2318.592198672709
2695,LOAD,210482264,2375.4970632584987
2696,LOAD,216798198,2306.2922321891256
2697,LOAD,205881014,2428.587222714961
2698,LOAD,222881481,2243.344748772555
2699,LOAD,202266647,2471.9844196557033
2700,LOAD,213519567,2341.7057603905687
2701,LOAD,209309295,2388.809345519032
2702,LOAD,230573730,2168.5037579953278
2703,LOAD,207516586,2409.445961105008
2704,LOAD,203165159,2461.0518971906986
2705,LOAD,199103165,2511.2609334964613
2706,LOAD,201499993,2481.389664365894
2707,LOAD,201065481,2486.752064617198
2708,LOAD,207148916,2413.7225028973844
2709,LOAD,203380654,2458.4442530114
2710,LOAD,205202875,2436.6130347832604
2711,LOAD,204505192,2444.92570144625
2712,LOAD,218981247,2283.300542169257
2713,LOAD,227297424,2199.760961655245
2714,LOAD,206302595,2423.6243853355313
2715,LOAD,208439873,2398.7732903675296
2716,LOAD,203917108,2451.9767120275164
2717,LOAD,205156902,2437.1590481513513
2718,LOAD,207107801,2414.2016746148547
2719,LOAD,198596404,2517.6689503401076
2720,LOAD,204258535,2447.8781266104743
2721,LOAD,206048377,2426.6146003178665
2722,LOAD,213926105,2337.2556612480744
2723,LOAD,221463721,2257.706127858296
2724,LOAD,208939929,2393.0323054718756
2725,LOAD,200250388,2496.8740634849605
2726,LOAD,201165085,2485.520785080572
2727,LOAD,203680689,2454.8228035501197
2728,LOAD,201140220,2485.8280457284973
2729,LOAD,194780058,2566.9979007809925
2730,LOAD,201637680,2479.695263305946
2731,LOAD,211415825,2365.0074444521833
2732,LOAD,204589500,2443.9181873947587
2733,LOAD,216909428,2305.1095778095914
2734,LOAD,201764041,2478.1422770968393
2735,LOAD,199420369,2507.266446789094
2736,LOAD,194360091,2572.544586841133
2737,LOAD,204762180,2441.857182805926
2738,LOAD,209194185,2390.123798135211
2739,LOAD,209293431,2388.9904122217768
2740,LOAD,205585153,2432.0822428261636
2741,LOAD,220298807,2269.6446104676365
2742,LOAD,207842595,2405.66665365201
2743,LOAD,201313515,2483.6881915255417
2744,LOAD,210439443,2375.980438229919
2745,LOAD,207329868,2411.6158700298793
2746,LOAD,196211126,2548.2754734305945
2747,LOAD,204121290,2449.5240060456213
2748,LOAD,212840376,2349.178334471651
2749,LOAD,199036233,2512.1054215289537
2750,LOAD,201626805,2479.8290088463186
2751,LOAD,203956443,2451.5038242748724
2752,LOAD,212372315,2354.3558396488734
2753,LOAD,200524897,2493.4559622289694
2754,LOAD,205641317,2431.4180014709787
2755,LOAD,204639986,2443.3152570680886
2756,LOAD,204219879,2448.341476100865
2757,LOAD,212487568,2353.0788398877057
2758,LOAD,213561054,2341.2508537254175
2759,LOAD,208612900,2396.7837080065515
2760,LOAD,224009355,2232.0496391768997
2761,LOAD,210633620,2373.790091059537
2762,LOAD,212269894,2355.4918249499856
2763,LOAD,208597484,2396.9608377443324
2764,LOAD,195294157,2560.2404479515485
2765,LOAD,206879844,2416.8618379275267
2766,LOAD,209355272,2388.2847335222586
2767,LOAD,206652884,2419.516197025346
2768,LOAD,205786799,2429.6990984343947
2769,LOAD,205263049,2435.8987281729405
2770,LOAD,207882558,2405.2041922632106
2771,LOAD,206049063,2426.6065213798133
2772,LOAD,203943481,2451.6596340728343
2773,LOAD,206572102,2420.4623720196255
2774,LOAD,203464343,2457.4330451601536
2775,LOAD,205172414,2436.9747874585128
2776,LOAD,207334972,2411.556502874971
2777,LOAD,207098199,2414.313607816551
2778,LOAD,202667396,2467.0963848570887
2779,LOAD,209949163,2381.5289037375205
2780,LOAD,207067822,2414.6677893777237
2781,LOAD,207425943,2410.4988641657037
2782,LOAD,209583808,2385.6804815761343
2783,LOAD,196804828,2540.5880794753675
2784,LOAD,206246026,2424.2891351516273
2785,LOAD,211552482,2363.4797156386
2786,LOAD,204046817,2450.41803323009
2787,LOAD,206388122,2422.620038182236
2788,LOAD,207950302,2404.420648545151
2789,LOAD,206422527,2422.2162535584116
2790,LOAD,201455422,2481.9386593625663
2791,LOAD,208104028,2402.6445081591596
2792,LOAD,201160076,2485.582675958027
2793,LOAD,210532544,2374.92974007857
2794,LOAD,209425000,2387.489554733198
2795,LOAD,206544264,2420.7886015173967
2796,LOAD,200146093,2498.1751704740996
2797,LOAD,212905077,2348.464428586642
2798,LOAD,210613196,2374.020286933968
2799,LOAD,222947233,2242.683137493794
2800,LOAD,203979272,2451.2294562949514
2801,LOAD,210633482,2373.7916462872695
2802,LOAD,206988665,2415.591211238548
2803,LOAD,205077134,2438.1070197714
2804,LOAD,206174037,2425.1356149174107
2805,LOAD,201681227,2479.1598476342074
2806,LOAD,208219269,2401.314740952241
2807,LOAD,205440265,2433.7974836627086
2808,LOAD,212540497,2352.4928522210053
2809,LOAD,197033398,2537.640852136144
2810,LOAD,215888895,2316.0061104578817
2811,LOAD,216996256,2304.187220631125
2812,LOAD,215279754,2322.5593243663775
2813,LOAD,212848979,2349.083384609517
2814,LOAD,206757402,2418.293106623578
2815,LOAD,209771854,2383.541883555074
2816,LOAD,202100694,2474.0142653839675
2817,LOAD,212605855,2351.769663163792
2818,LOAD,206585019,2420.311029426582
2819,LOAD,219747940,2275.3341851577766
2820,LOAD,203288222,2459.562069464113
2821,LOAD,205501949,2433.066948674049
2822,LOAD,209386146,2387.9325807926184
2823,LOAD,221285277,2259.526737515393
2824,LOAD,248388519,2012.9754870030852
2825,LOAD,214553628,2330.4196934856773
2826,LOAD,209009988,2392.2301741867
2827,LOAD,222414605,2248.0538092361335
2828,LOAD,204996634,2439.0644384921948
2829,LOAD,207429798,2410.4540660064663
2830,LOAD,222075578,2251.485753197049
2831,LOAD,218695278,2286.2862178487458
2832,LOAD,215234049,2323.0525203751567
2833,LOAD,212656786,2351.2064176498934
2834,LOAD,213740353,2339.286863627478
2835,LOAD,203979181,2451.2305498471437
2836,LOAD,218008154,2293.492196626737
2837,LOAD,231084760,2163.708242810993
2838,LOAD,221576186,2256.5601882866604
2839,LOAD,217503738,2298.8110668700324
2840,LOAD,215944402,2315.4107972662337
2841,LOAD,215739709,2317.607650059452
2842,LOAD,212402347,2354.02295248649
2843,LOAD,197681338,2529.3232282755994
2844,LOAD,210253024,2378.0870804502674
2845,LOAD,208159591,2402.003182260288
2846,LOAD,208884789,2393.6640020255377
2847,LOAD,213689031,2339.848693497047
2848,LOAD,216733686,2306.9787130367913
2849,LOAD,221180639,2260.5956934594083
2850,LOAD,219111984,2281.938170940025
2851,LOAD,212265196,2355.5439583227762
2852,LOAD,213141048,2345.8644155676666
2853,LOAD,210365666,2376.8137144585185
2854,LOAD,223485732,2237.2792908318643
2855,LOAD,217741631,2296.299507373489
2856,LOAD,211523114,2363.807862624413
2857,LOAD,210137780,2379.3912736681623
2858,LOAD,200881851,2489.025252958267
2859,LOAD,200043235,2499.4596793038263
2860,LOAD,212506698,2352.8670141023035
2861,LOAD,215260064,2322.771770615101
2862,LOAD,212498519,2352.957575200795
2863,LOAD,229306543,2180.4872789870633
2864,LOAD,223985786,2232.2845075535283
2865,LOAD,227211635,2200.5915322074065
2866,LOAD,218786072,2285.337432265798
2867,LOAD,217146993,2302.5877222255617
2868,LOAD,220590795,2266.6403645718765
2869,LOAD,212183794,2356.44763708957
2870,LOAD,217005878,2304.08505340118
2871,LOAD,221003447,2262.4081514891486
2872,LOAD,213925260,2337.2648933557452
2873,LOAD,218142388,2292.0808953462083
2874,LOAD,205866406,2428.7595519591478
2875,LOAD,225716001,2215.1730395046297
2876,LOAD,208647172,2396.3900167312117
2877,LOAD,215444505,2320.783256922705
2878,LOAD,212062385,2357.796739860301
2879,LOAD,208552073,2397.482762015029
2880,LOAD,210058681,2380.2872493520035
2881,LOAD,223125070,2240.895655517329
2882,LOAD,223914804,2232.992151782872
2883,LOAD,207395371,2410.854194040811
2884,LOAD,209334123,2388.526021627157
2885,LOAD,213212223,2345.08131365433
2886,LOAD,206215675,2424.645944106819
2887,LOAD,226370040,2208.772857044157
2888,LOAD,211359607,2365.636495529631
2889,LOAD,222207118,2250.1529406452228
2890,LOAD,224292764,2229.2292942629215
2891,LOAD,217000127,2304.1461169283093
2892,LOAD,209174759,2390.3457682482617
2893,LOAD,219938187,2273.366016243464
2894,LOAD,213867507,2337.896050754451
2895,LOAD,222254335,2249.674905103651
2896,LOAD,208618295,2396.7217256760728
2897,LOAD,219756562,2275.244913960749
2898,LOAD,218294220,2290.4866651989228
2899,LOAD,218817610,2285.008048483849
2900,LOAD,222300945,2249.2032141383834
2901,LOAD,221116123,2261.255277164931
2902,LOAD,211385975,2365.3414092396624
2903,LOAD,222887322,2243.2859595307086
2904,LOAD,212517013,2352.75281231249
2905,LOAD,206560408,2420.59940160459
2906,LOAD,199874851,2501.565342004933
2907,LOAD,210576039,2374.4391924857127
2908,LOAD,209030342,2391.9972345450215
2909,LOAD,219328943,2279.680890086631
2910,LOAD,201094860,2486.3887620001824
2911,LOAD,208320926,2400.142940992879
2912,LOAD,214309979,2333.0691474707296
2913,LOAD,218791052,2285.2854146887144
2914,LOAD,208728091,2395.4609923587145
2915,LOAD,207778975,2406.403246526748
2916,LOAD,199702607,2503.7229483939586
2917,LOAD,207542567,2409.1443371228997
2918,LOAD,211761878,2361.142641547597
2919,LOAD,216382080,2310.7273948009006
2920,LOAD,219739195,2275.4247370388334
2921,LOAD,215524305,2319.923964028094
2922,LOAD,213965263,2336.8279177167183
2923,LOAD,213245815,2344.711899738806
2924,LOAD,226299849,2209.45794798122
2925,LOAD,207759111,2406.633324494732
2926,LOAD,209764658,2383.6236512253654
2927,LOAD,212869448,2348.857502557154
2928,LOAD,206828128,2417.4661581813475
2929,LOAD,205985732,2427.352589644413
2930,LOAD,206347339,2423.0988508167775
2931,LOAD,204836972,2440.9655889660385
2932,LOAD,200111202,2498.610747438317
2933,LOAD,208868032,2393.85604016224
2934,LOAD,203813969,2453.2175221022267
2935,LOAD,196550086,2543.8808508076663
2936,LOAD,199597349,2505.043290930683
2937,LOAD,204668287,2442.9774017701143
2938,LOAD,200182337,2497.7228635311617
2939,LOAD,203471169,2457.350603809624
2940,LOAD,200595251,2492.58144202028
2941,LOAD,203621236,2455.539558752114
2942,LOAD,195726994,2554.578649483576
2943,LOAD,208257654,2400.872142735268
2944,LOAD,203065719,2462.257058760371
2945,LOAD,199420989,2507.2586516958854
2946,LOAD,202782403,2465.6971837936053
2947,LOAD,213589716,2340.9366769325165
2948,LOAD,217754563,2296.163134822575
2949,LOAD,207376125,2411.077938697138
2950,LOAD,210755502,2372.417304673735
2951,LOAD,221988709,2252.366808439793
2952,LOAD,205635228,2431.4899974239825
2953,LOAD,203970338,2451.3368213372282
2954,LOAD,203163375,2461.0735079588044
2955,LOAD,221432369,2258.025790258334
2956,LOAD,246732093,2026.4895171136086
2957,LOAD,229882257,2175.026496281529
2958,LOAD,251626991,1987.0682314839587
2959,LOAD,229310181,2180.4526856136404
2960,LOAD,264702210,1888.9150944376324
2961,LOAD,214701434,2328.815372514
2962,LOAD,216897169,2305.2398623054414
2963,LOAD,214153027,2334.7790456401067
2964,LOAD,217893753,2294.6963513910378
2965,LOAD,210685018,2373.21098930727
2966,LOAD,204980081,2439.2614031604367
2967,LOAD,209071786,2391.523072367115
2968,LOAD,201285541,2484.0333663111946
2969,LOAD,218718607,2286.0423576124917
2970,LOAD,205688634,2430.8586735035638
2971,LOAD,209891219,2382.186364833109
2972,LOAD,213357426,2343.485339947811
2973,LOAD,207383366,2410.9937534720116
2974,LOAD,209051375,2391.7565717996354
2975,LOAD,200477677,2494.04326447777
2976,LOAD,209453185,2387.1682829745464
2977,LOAD,210518455,2375.0886828425564
2978,LOAD,208479938,2398.3123018772194
2979,LOAD,211742897,2361.3542984631968
2980,LOAD,231308585,2161.6145375667747
2981,LOAD,209246577,2389.5253493202904
2982,LOAD,208538885,2397.634378835391
2983,LOAD,213460420,2342.3546154364353
2984,LOAD,203254225,2459.973464266241
2985,LOAD,206377771,2422.7415461328924
2986,LOAD,208784967,2394.808434651332
2987,LOAD,205012679,2438.87354888914
2988,LOAD,203263913,2459.8562165828225
2989,LOAD,209443308,2387.280857882554
2990,LOAD,208280894,2400.604253215852
2991,LOAD,206335718,2423.2353217681875
2992,LOAD,206267173,2424.040591277217
2993,LOAD,207970370,2404.1886351406692
2994,LOAD,211754740,2361.2222328529697
2995,LOAD,208735414,2395.376953141262
2996,LOAD,204412234,2446.037549787749
2997,LOAD,205640311,2431.429896057685
2998,LOAD,213512170,2341.7868873704015
2999,LOAD,194514195,2570.5064866859716
3000,LOAD,206510230,2421.1875605387686
3001,LOAD,216043092,2314.3531013710913
3002,LOAD,206646889,2419.5863892245675
3003,LOAD,209991916,2381.044039809609
3004,LOAD,201414500,2482.442922431106
3005,LOAD,206656677,2419.4717889516824
3006,LOAD,206811356,2417.6622099997257
3007,LOAD,204611825,2443.6515338250856
3008,LOAD,201524680,2481.085691340634
3009,LOAD,201612424,2480.005894874812
3010,LOAD,208175349,2401.8213607029907
3011,LOAD,206037518,2426.742492597877
3012,LOAD,210405352,2376.365407282986
3013,LOAD,211010626,2369.548915512909
3014,LOAD,216043444,2314.3493305911193
3015,LOAD,208250339,2400.956475753924
3016,LOAD,202886311,2464.4343797053907
3017,LOAD,212451381,2353.4796415373735
3018,LOAD,212188541,2356.394919554115
3019,LOAD,212016550,2358.3064623964497
3020,LOAD,210653862,2373.561990522633
3021,LOAD,236584795,2113.407161267485
3022,LOAD,204818335,2441.187699333656
3023,LOAD,232956319,2146.3251228656304
3024,LOAD,216574925,2308.66985178455
3025,LOAD,207954027,2404.3775790886702
3026,LOAD,218492131,2288.4119337002576
3027,LOAD,205472807,2433.4120280938196
3028,LOAD,224169093,2230.459129350182
3029,LOAD,204092478,2449.869808528661
3030,LOAD,209025180,2392.056306326348
3031,LOAD,202050420,2474.6298473420643
3032,LOAD,213546583,2341.409508762779
3033,LOAD,213207344,2345.1349780896853
3034,LOAD,215936082,2315.500009859399
3035,LOAD,209315110,2388.7429818134005
3036,LOAD,220790639,2264.5887627509424
3037,LOAD,210645986,2373.65073740356
3038,LOAD,225170576,2220.5387972183366
3039,LOAD,210957807,2370.1421962544387
3040,LOAD,206143150,2425.498979713854
3041,LOAD,217032130,2303.806353464807
3042,LOAD,207837649,2405.7239023137718
3043,LOAD,230195438,2172.067371726107
3044,LOAD,218356796,2289.830264774539
3045,LOAD,217948026,2294.124930500632
3046,LOAD,203800378,2453.381121795564
3047,LOAD,207795289,2406.2143199021225
3048,LOAD,214502697,2330.9730226841857
3049,LOAD,208985542,2392.5100043523585
3050,LOAD,201978179,2475.5149416412946
3051,LOAD,217307443,2300.887595460778
3052,LOAD,209114408,2391.035628688005
3053,LOAD,214003319,2336.4123619036022
3054,LOAD,215931963,2315.5441790708865
3055,LOAD,209743487,2383.864248428367
3056,LOAD,226316624,2209.2941789375577
3057,LOAD,209414606,2387.608054425774
3058,LOAD,227144690,2201.240099427374
3059,LOAD,204966719,2439.4204212245795
3060,LOAD,233326362,2142.921167218987
3061,LOAD,213066929,2346.6804648974876
3062,LOAD,248611483,2011.1701759166126
3063,LOAD,193917713,2578.4132468600224
3064,LOAD,236846075,2111.075727136285
3065,LOAD,204381586,2446.4043448610873
3066,LOAD,242843929,2058.935556095372
3067,LOAD,213600551,2340.8179316915716
3068,LOAD,241771334,2068.069823364585
3069,LOAD,217903364,2294.5951398896254
3070,LOAD,212757488,2350.0935487638394
3071,LOAD,215746434,2317.5354082561566
3072,LOAD,209654626,2384.874636632153
3073,LOAD,234504336,2132.1567376050566
3074,LOAD,208111064,2402.5632774622686
3075,LOAD,237483695,2105.4076996738663
3076,LOAD,211588150,2363.08129732218
3077,LOAD,253162627,1975.015056231029
3078,LOAD,236458429,2114.5365894315405
3079,LOAD,208703975,2395.737790811124
3080,LOAD,260526998,1919.1868936362594
3081,LOAD,238121063,2099.7722490429164
3082,LOAD,210205824,2378.621060470713
3083,LOAD,249117380,2007.085976899725
3084,LOAD,216655326,2307.8131021805575
3085,LOAD,218924041,2283.8971805750652
3086,LOAD,203539900,2456.5208099247375
3087,LOAD,244107251,2048.279999679321
3088,LOAD,206984728,2415.6371575394683
3089,LOAD,209184658,2390.232652721597
3090,LOAD,210502686,2375.266603486475
3091,LOAD,219711756,2275.708906536617
3092,LOAD,213665909,2340.101901796603
3093,LOAD,217751409,2296.1963933836128
3094,LOAD,208209744,2401.4245942303255
3095,LOAD,220677812,2265.746589874654
3096,LOAD,211616445,2362.7653323445634
3097,LOAD,212919056,2348.310242367409
3098,LOAD,206909235,2416.5185280396017
3099,LOAD,223242891,2239.712977019277
3100,LOAD,211240552,2366.9697662975245
3101,LOAD,211561612,2363.3777190164346
3102,LOAD,218342923,2289.9757552480874
3103,LOAD,206474953,2421.6012292784008
3104,LOAD,212543518,2352.4594149232066
3105,LOAD,210344823,2377.0492321553356
3106,LOAD,210778056,2372.163447602914
3107,LOAD,211217647,2367.226446756127
3108,LOAD,215706326,2317.9663261243436
3109,LOAD,211865183,2359.9913535580786
3110,LOAD,213332249,2343.761912902348
3111,LOAD,213783272,2338.817229815811
3112,LOAD,216736917,2306.944321811129
3113,LOAD,212911650,2348.3919268861055
3114,LOAD,213635207,2340.4382031469186
3115,LOAD,212114797,2357.2141456967756
3116,LOAD,225282207,2219.4384841054048
3117,LOAD,221718074,2255.1161074942406
3118,LOAD,205609110,2431.7988633869386
3119,LOAD,215109200,2324.4008159576624
3120,LOAD,208969305,2392.695903352887
3121,LOAD,210949473,2370.2358336775746
3122,LOAD,215724288,2317.77332369733
3123,LOAD,209082479,2391.40076390619
3124,LOAD,212772967,2349.9225820355273
3125,LOAD,227551109,2197.3085615680297
3126,LOAD,216018086,2314.6210081687327
3127,LOAD,209269783,2389.2603740120476
3128,LOAD,207630790,2408.1206838349935
3129,LOAD,212142990,2356.900880863421
3130,LOAD,208767601,2395.0076429723404
3131,LOAD,212733690,2350.3564480078353
3132,LOAD,210595374,2374.221192531988
3133,LOAD,212931358,2348.1745699475605
3134,LOAD,228157108,2191.472377884453
3135,LOAD,209786210,2383.3787740385796
3136,LOAD,208584129,2397.1143077717097
3137,LOAD,221787568,2254.409498732589
3138,LOAD,206466402,2421.7015221682414
3139,LOAD,215299650,2322.3446949402846
3140,LOAD,216222126,2312.4367947431983
3141,LOAD,218798147,2285.211309399252
3142,LOAD,215029309,2325.264413141001
3143,LOAD,218736862,2285.8515726535384
3144,LOAD,212008561,2358.3953291395624
3145,LOAD,216252830,2312.108470441751
3146,LOAD,228433237,2188.8233365970295
3147,LOAD,225634822,2215.9700154792595
3148,LOAD,212735873,2350.33232970539
3149,LOAD,216240434,2312.2410122428814
3150,LOAD,221224539,2260.1470987809357
3151,LOAD,213965140,2336.8292610656113
3152,LOAD,228668166,2186.5745842383676
3153,LOAD,212873891,2348.8084783492777
3154,LOAD,240579643,2078.313833061927
3155,LOAD,232347964,2151.944830469872
3156,LOAD,233938894,2137.310267013573
3157,LOAD,216105156,2313.6884341621167
3158,LOAD,217440102,2299.4838367027623
3159,LOAD,220379444,2268.814145842023
3160,LOAD,192415988,2598.5366662982287
3161,LOAD,198551396,2518.2396602237945
3162,LOAD,193153875,2588.6097289013746
3163,LOAD,185998818,2688.1891260190696
3164,LOAD,204062165,2450.2337314709957
3165,LOAD,193869846,2579.0498642063194
3166,LOAD,182889606,2733.8896448822798
3167,LOAD,183836867,2719.8026606926455
3168,LOAD,194250036,2574.0020969674365
3169,LOAD,182169269,2744.7000404881683
3170,LOAD,196579900,2543.495036878134
3171,LOAD,180509904,2769.9311169097955
3172,LOAD,182197000,2744.282287853258
3173,LOAD,207125316,2413.9975240882677
3174,LOAD,212620019,2351.6129965165696
3175,LOAD,236917295,2110.4411140604993
3176,LOAD,238919612,2092.7541101146608
3177,LOAD,253702556,1970.8118352579784
3178,LOAD,220460441,2267.98058523343
3179,LOAD,246803319,2025.904684045193
3180,LOAD,258132847,1936.9871204341537
3181,LOAD,196868126,2539.771217205572
3182,LOAD,202977193,2463.3309418166996
3183,LOAD,206069293,2426.368299327353
3184,LOAD,203436514,2457.7692085305785
3185,LOAD,202730197,2466.332136992892
3186,LOAD,207852983,2405.546424128058
3187,LOAD,206314311,2423.486754634292
3188,LOAD,273008551,1831.4444663676486
3189,LOAD,226251761,2209.9275505749547
3190,LOAD,210702594,2373.0130251742416
3191,LOAD,207123373,2414.0201695151036
3192,LOAD,221673330,2255.571294932052
3193,LOAD,209818839,2383.0081339836215
3194,LOAD,213494062,2341.9855115220957
3195,LOAD,214676737,2329.083285814988
3196,LOAD,206786652,2417.9510387353243
3197,LOAD,226678101,2205.771081521457
3198,LOAD,215227538,2323.1227966748384
3199,LOAD,214047945,2335.925252634404
3200,LOAD,219066033,2282.416827258656
3201,LOAD,211442733,2364.7064758664465
3202,LOAD,220896984,2263.498536494278
3203,LOAD,211568217,2363.3039361484052
3204,LOAD,217341800,2300.5238752968826
3205,LOAD,211630898,2362.6039709948213
3206,LOAD,218008974,2293.4835700845965
3207,LOAD,208116954,2402.495281571342
3208,LOAD,220624576,2266.29330723337
3209,LOAD,208916005,2393.306343379484
3210,LOAD,216125552,2313.47008890462
3211,LOAD,213848141,2338.107769662585
3212,LOAD,215508811,2320.090754897256
3213,LOAD,212018744,2358.282058307071
3214,LOAD,207967320,2404.2238944080254
3215,LOAD,214507519,2330.920623812725
3216,LOAD,212714978,2350.5632029353383
3217,LOAD,207672943,2407.631888762707
3218,LOAD,214299564,2333.1825350797258
3219,LOAD,221487996,2257.458684126611
3220,LOAD,207464500,2410.050876173996
3221,LOAD,217435081,2299.5369362683477
3222,LOAD,220685116,2265.6716006166903
3223,LOAD,224423356,2227.9321052484397
3224,LOAD,209667441,2384.7288716610988
3225,LOAD,207403378,2410.7611207759596
3226,LOAD,218686346,2286.3795986604487
3227,LOAD,211787823,2360.853390518113
3228,LOAD,214300366,2333.173803352254
3229,LOAD,213406202,2342.949714273065
3230,LOAD,214134262,2334.98364684863
3231,LOAD,209864666,2382.48776952286
3232,LOAD,214974244,2325.8600225615864
3233,LOAD,210655938,2373.5385992299916
3234,LOAD,210521046,2375.059451300655
3235,LOAD,212325693,2354.8728038297277
3236,LOAD,207918279,2404.7909707832855
3237,LOAD,212871962,2348.8297627472425
3238,LOAD,253339042,1973.6397361129991
3239,LOAD,208813722,2394.478654041711
3240,LOAD,213712759,2339.5889058734206
3241,LOAD,210189413,2378.806776533507
3242,LOAD,213628226,2340.5146846091397
3243,LOAD,213472484,2342.222241626232
3244,LOAD,210875829,2371.0635892746154
3245,LOAD,226891735,2203.694198027971
3246,LOAD,214296605,2333.2147515822753
3247,LOAD,214180354,2334.4811541398426
3248,LOAD,213004570,2347.367476669632
3249,LOAD,210054320,2380.3366672011316
3250,LOAD,214117003,2335.171859284804
3251,LOAD,211518215,2363.8626110758355
3252,LOAD,209561816,2385.9308415231526
3253,LOAD,219494704,2277.9592896236804
3254,LOAD,205312436,2435.3127834886727
3255,LOAD,213014400,2347.2591524328873
3256,LOAD,205605078,2431.846551961134
3257,LOAD,214803081,2327.7133534225236
3258,LOAD,215457968,2320.6382416082192
3259,LOAD,209082347,2391.4022736697134
3260,LOAD,222763156,2244.5363451395883
3261,LOAD,204087555,2449.9289042881624
3262,LOAD,213713861,2339.576841953176
3263,LOAD,217956048,2294.040493888933
3264,LOAD,225060605,2221.6238155051615
3265,LOAD,211848105,2360.181602757315
3266,LOAD,225564138,2216.6644238456024
3267,LOAD,210531069,2374.94637905439
3268,LOAD,205004268,2438.973612003044
3269,LOAD,220144771,2271.2326880568967
3270,LOAD,219766873,2275.138164249168
3271,LOAD,217492600,2298.92879114048
3272,LOAD,212257842,2355.625569772824
3273,LOAD,219656720,2276.279095854659
3274,LOAD,217525316,2298.5830302161244
3275,LOAD,209278260,2389.1635949190327
3276,LOAD,216962668,2304.5439319542293
3277,LOAD,214846211,2327.2460690498283
3278,LOAD,206977194,2415.725087083749
3279,LOAD,225486515,2217.4275033697695
3280,LOAD,215715048,2317.87260386211
3281,LOAD,210747793,2372.5040859621245
3282,LOAD,209956367,2381.447188977127
3283,LOAD,212436077,2353.649187374139
3284,LOAD,207164930,2413.535920389614
3285,LOAD,215382068,2321.4560276206466
3286,LOAD,213024522,2347.1476208734316
3287,LOAD,209435861,2387.3657434435263
3288,LOAD,215275906,2322.6008395012864
3289,LOAD,214118669,2335.1536899381717
3290,LOAD,216753714,2306.765548663217
3291,LOAD,213192289,2345.300584487838
3292,LOAD,218475017,2288.5911939304256
3293,LOAD,204734276,2442.1899926517435
3294,LOAD,217457516,2299.299694014715
3295,LOAD,215422992,2321.01501960385
3296,LOAD,214979299,2325.8053325404135
3297,LOAD,218796904,2285.224291839157
3298,LOAD,215367773,2321.6101138771587
3299,LOAD,215925947,2315.608693382273
3300,LOAD,220452316,2268.064174023012
3301,LOAD,215142204,2324.0442400599372
3302,LOAD,214993281,2325.6540747429217
3303,LOAD,220977138,2262.6775082949985
3304,LOAD,207393863,2410.8717238175946
3305,LOAD,209917909,2381.8834818900564
3306,LOAD,215092229,2324.584213593323
3307,LOAD,213526248,2341.632491008787
3308,LOAD,219106005,2282.000440836845
3309,LOAD,210518273,2375.0907361851673
3310,LOAD,226593060,2206.598913488348
3311,LOAD,214510491,2330.8883293731305
3312,LOAD,231732866,2157.65682542415
3313,LOAD,217198599,2302.0406314867623
3314,LOAD,218207176,2291.4003524797004
3315,LOAD,225091536,2221.31853060881
3316,LOAD,206913844,2416.464700158004
3317,LOAD,216566967,2308.754686489191
3318,LOAD,215194530,2323.4791330430194
3319,LOAD,210759761,2372.369363239124
3320,LOAD,214319911,2332.9610285252497
3321,LOAD,210199200,2378.696017872571
3322,LOAD,214106629,2335.2850041835927
3323,LOAD,218587927,2287.4090388349764
3324,LOAD,211395402,2365.2359288306566
3325,LOAD,214647986,2329.3952546100295
3326,LOAD,220280250,2269.8358114265807
3327,LOAD,215879362,2316.1083827920525
3328,LOAD,214991125,2325.677397148371
3329,LOAD,235958345,2119.0180834672324
3330,LOAD,226863914,2203.9644436355793
3331,LOAD,218977256,2283.3421567763185
3332,LOAD,219466863,2278.2482656618645
3333,LOAD,219886050,2273.905052184984
3334,LOAD,217990875,2293.6739897942975
3335,LOAD,220672704,2265.799036023957
3336,LOAD,217269674,2301.2875694746062
3337,LOAD,220343281,2269.186506304224
3338,LOAD,223561635,2236.5196962350005
3339,LOAD,219755032,2275.260754893658
3340,LOAD,234575364,2131.511133453895
3341,LOAD,222055443,2251.6899079118725
3342,LOAD,211158606,2367.888335084008
3343,LOAD,217401837,2299.888569938809
3344,LOAD,220748675,2265.0192577599846
3345,LOAD,227997846,2193.0031742492865
3346,LOAD,224335695,2228.8026878647197
3347,LOAD,230588760,2168.362412807979
3348,LOAD,220072495,2271.978604141331
3349,LOAD,220249883,2270.1487655273804
3350,LOAD,221279595,2259.5847574648715
3351,LOAD,235074703,2126.983438111586
3352,LOAD,214746928,2328.3220144597367
3353,LOAD,223213628,2240.006600313848
3354,LOAD,222705958,2245.1128137308297
3355,LOAD,224701810,2225.171216911871
3356,LOAD,221381373,2258.5459346663283
3357,LOAD,226657908,2205.9675941242695
3358,LOAD,225148814,2220.7534257764287
3359,LOAD,229156057,2181.9191975362014
3360,LOAD,224393615,2228.227394081601
3361,LOAD,234732109,2130.0877929742455
3362,LOAD,217656517,2297.197469166522
3363,LOAD,222273502,2249.4809120342197
3364,LOAD,216782910,2306.4548769088856
3365,LOAD,211012093,2369.5324419155445
3366,LOAD,228986357,2183.536200805186
3367,LOAD,224073038,2231.4152762993285
3368,LOAD,220161089,2271.0643477967174
3369,LOAD,232154391,2153.739146807695
3370,LOAD,216888465,2305.332374407279
3371,LOAD,232564431,2149.9418369785017
3372,LOAD,218361880,2289.776951911204
3373,LOAD,224321781,2228.940933738396
3374,LOAD,218141448,2292.090772222251
3375,LOAD,220610326,2266.4396951210706
3376,LOAD,222740689,2244.762742922107
3377,LOAD,219175624,2281.275585646331
3378,LOAD,221618155,2256.132851570757
3379,LOAD,223023467,2241.9165423520208
3380,LOAD,217518799,2298.6518972091235
3381,LOAD,210982943,2369.8598232180316
3382,LOAD,223435954,2237.7777213062136
3383,LOAD,234106895,2135.7764793728097
3384,LOAD,237604897,2104.3337334920334
3385,LOAD,229878198,2175.0649011090645
3386,LOAD,233131037,2144.716578427951
3387,LOAD,225592060,2216.3900626644395
3388,LOAD,237202614,2107.9025714278177
3389,LOAD,221896687,2253.3008796116005
3390,LOAD,236053859,2118.1606694258703
3391,LOAD,231118565,2163.3917638766925
3392,LOAD,223376492,2238.373409499152
3393,LOAD,230922463,2165.228940936768
3394,LOAD,219977097,2272.9638986007712
3395,LOAD,224523306,2226.9403070343174
3396,LOAD,232334439,2152.0701027022515
3397,LOAD,223174621,2240.3981140848446
3398,LOAD,214548678,2330.4734602000203
3399,LOAD,234943210,2128.1738680594344
3400,LOAD,214120033,2335.138814405096
3401,LOAD,231961969,2155.5257620700745
3402,LOAD,249523445,2003.8197212290013
3403,LOAD,221743206,2254.8605164480214
3404,LOAD,229091044,2182.538397267071
3405,LOAD,215124794,2324.2323244246777
3406,LOAD,220360997,2269.0040742554816
3407,LOAD,214493747,2331.07028523307
3408,LOAD,231934281,2155.7830858130023
3409,LOAD,258869078,1931.4782741258884
3410,LOAD,224197975,2230.1717934785092
3411,LOAD,213397969,2343.0401064407506
3412,LOAD,238288455,2098.297208733843
3413,LOAD,216970238,2304.463527389411
3414,LOAD,216442301,2310.0844783571215
3415,LOAD,218701862,2286.2173894065886
3416,LOAD,211672214,2362.142817668076
3417,LOAD,223396719,2238.1707405469997
3418,LOAD,222074791,2251.4937321273896
3419,LOAD,223289407,2239.246396493856
3420,LOAD,211398671,2365.199353594801
3421,LOAD,221101257,2261.4073152917445
3422,LOAD,216715687,2307.1703157326124
3423,LOAD,216235540,2312.293344563063
3424,LOAD,216619960,2308.1898824097284
3425,LOAD,216648595,2307.8848030378413
3426,LOAD,218686990,2286.372865619486
3427,LOAD,213321822,2343.87647410962
3428,LOAD,218969139,2283.4267983307
3429,LOAD,214623979,2329.655811664921
3430,LOAD,219513850,2277.760605993654
3431,LOAD,210839308,2371.474298331505
3432,LOAD,214033297,2336.0851185691918
3433,LOAD,212929469,2348.195401736525
3434,LOAD,220988743,2262.558686077508
3435,LOAD,211091500,2368.6410869220217
3436,LOAD,219741173,2275.4042548048105
3437,LOAD,213131534,2345.969132845448
3438,LOAD,216414630,2310.3798481646086
3439,LOAD,219900290,2273.7578017746137
3440,LOAD,234601949,2131.2695914559517
3441,LOAD,235637630,2121.902176659984
3442,LOAD,220413074,2268.4679766319127
3443,LOAD,212061837,2357.8028327652373
3444,LOAD,209512877,2386.48815843429
3445,LOAD,211308657,2366.2068894792133
3446,LOAD,199533566,2505.8440543281827
3447,LOAD,209832998,2382.847334621793
3448,LOAD,209083567,2391.3883198673384
3449,LOAD,209882831,2382.281569281863
3450,LOAD,213351856,2343.5465215732643
3451,LOAD,207693889,2407.389078260266
3452,LOAD,213079860,2346.53805385455
3453,LOAD,198066394,2524.4060332617555
3454,LOAD,205935282,2427.947242182619
3455,LOAD,203331262,2459.041443415622
3456,LOAD,202615798,2467.7246539285156
3457,LOAD,210989014,2369.791632847765
3458,LOAD,212015836,2358.314404401377
3459,LOAD,211387615,2365.3230583068926
3460,LOAD,220165064,2271.0233445575177
3461,LOAD,209345944,2388.3911502961814
3462,LOAD,218549910,2287.8069361822204
3463,LOAD,201558154,2480.6736422084914
3464,LOAD,212596447,2351.8737356885367
3465,LOAD,206313541,2423.495799531646
3466,LOAD,208665226,2396.182677797977
3467,LOAD,214405045,2332.0346776355004
3468,LOAD,207867602,2405.377245849019
3469,LOAD,210360892,2376.867654658928
3470,LOAD,211704328,2361.7844978587304
3471,LOAD,206254331,2424.191519158936
3472,LOAD,203980254,2451.217655606998
3473,LOAD,207773932,2406.461653716983
3474,LOAD,208697200,2395.8155643678974
3475,LOAD,215285788,2322.494227997995
3476,LOAD,209075237,2391.4835978399487
3477,LOAD,201052305,2486.9150343737665
3478,LOAD,212253422,2355.674623705242
3479,LOAD,199654526,2504.325897425436
3480,LOAD,207781611,2406.372717939895
3481,LOAD,207343665,2411.4553970095976
3482,LOAD,211430341,2364.8450720703327
3483,LOAD,225045298,2221.7749246198423
3484,LOAD,220048418,2272.227196834471
3485,LOAD,212104454,2357.3290922028445
3486,LOAD,210296907,2377.590841124449
3487,LOAD,206310265,2423.534282213248
3488,LOAD,206712317,2418.8205485597646
3489,LOAD,206734418,2418.561963881602
3490,LOAD,211378332,2365.4269350559543
3491,LOAD,207403211,2410.7630619084293
3492,LOAD,207421604,2410.5492887809314
3493,LOAD,207905360,2404.9404017289403
3494,LOAD,211490528,2364.1720729923186
3495,LOAD,206588093,2420.275015559585
3496,LOAD,212847274,2349.10220179752
3497,LOAD,214216726,2334.0847810361925
3498,LOAD,200573762,2492.848491319617
3499,LOAD,207366317,2411.191977721242
3500,LOAD,198584953,2517.8141266322427
3501,LOAD,208448763,2398.670986596356
3502,LOAD,208397802,2399.2575507106358
3503,LOAD,202368441,2470.7409788268324
3504,LOAD,216067150,2314.095409690922
3505,LOAD,199324157,2508.4766820310697
3506,LOAD,214602368,2329.89041388397
3507,LOAD,208397715,2399.2585523310563
3508,LOAD,218276863,2290.6688007514567
3509,LOAD,220100319,2271.691391778492
3510,LOAD,206326084,2423.3484700848585
3511,LOAD,211932616,2359.2404483885575
3512,LOAD,206988151,2415.597209716608
3513,LOAD,208370247,2399.5748298940202
3514,LOAD,212084417,2357.551804477931
3515,LOAD,209306295,2388.8435844703095
3516,LOAD,201136334,2485.8760724951862
3517,LOAD,217766726,2296.0348864316397
3518,LOAD,205008562,2438.9225265625737
3519,LOAD,209868290,2382.4466287879886
3520,LOAD,216060685,2314.164652398468
3521,LOAD,212718401,2350.5253783851076
3522,LOAD,202142437,2473.503374256836
3523,LOAD,201787254,2477.8571990478645
3524,LOAD,204123546,2449.4969335874657
3525,LOAD,211754304,2361.227094585997
3526,LOAD,203157980,2461.138863459855
3527,LOAD,213613112,2340.6802855809715
3528,LOAD,201778453,2477.9652761040843
3529,LOAD,199768105,2502.902052357157
3530,LOAD,210692987,2373.121227808119
3531,LOAD,216010313,2314.70429840079
3532,LOAD,209068027,2391.5660714586456
3533,LOAD,213676593,2339.984894835907
3534,LOAD,214909022,2326.565889821042
3535,LOAD,219548530,2277.4008097435226
3536,LOAD,205769436,2429.904118510584
3537,LOAD,223669695,2235.4391818703916
3538,LOAD,212942409,2348.0527075280716
3539,LOAD,214359470,2332.530491888229
3540,LOAD,211812472,2360.5786537442423
3541,LOAD,216313203,2311.463161127525
3542,LOAD,210078104,2380.0671773008767
3543,LOAD,208011046,2403.718502526063
3544,LOAD,211330578,2365.9614464310985
3545,LOAD,212541580,2352.4808651558906
3546,LOAD,223532030,2236.81590508528
3547,LOAD,203275037,2459.7216036910622
3548,LOAD,214365775,2332.461886698098
3549,LOAD,207954570,2404.371300904808
3550,LOAD,209262913,2389.3388122720053
3551,LOAD,214434651,2331.7127043986934
3552,LOAD,207475019,2409.928686402482
3553,LOAD,201189348,2485.221036652497
3554,LOAD,210847456,2371.3826549560076
3555,LOAD,211190047,2367.5358147914994
3556,LOAD,206948719,2416.05747750485
3557,LOAD,209586457,2385.650328541982
3558,LOAD,210094158,2379.885308376828
3559,LOAD,204077197,2450.053251172398
3560,LOAD,211254329,2366.8154038159378
3561,LOAD,208134007,2402.298438428661
3562,LOAD,209934417,2381.6961846708537
3563,LOAD,206716208,2418.775019325045
3564,LOAD,209364309,2388.181645611812
3565,LOAD,204894449,2440.280849189819
3566,LOAD,209357476,2388.259590978256
3567,LOAD,205928823,2428.023395248561
3568,LOAD,208374550,2399.5252779190164
3569,LOAD,208992156,2392.434288299318
3570,LOAD,213703587,2339.689319300008
3571,LOAD,210675993,2373.312653615925
3572,LOAD,217276125,2301.2192434856797
3573,LOAD,209610567,2385.3759242967935
3574,LOAD,216139356,2313.3223363541438
3575,LOAD,203469208,2457.374287317224
3576,LOAD,206927288,2416.307703216021
3577,LOAD,209598252,2385.516077681793
3578,LOAD,201839069,2477.2210973684187
3579,LOAD,203305582,2459.352050648565
3580,LOAD,204179704,2448.8232189816476
3581,LOAD,205407374,2434.1871971938067
3582,LOAD,214150962,2334.80155928508
3583,LOAD,209105914,2391.132753901929
3584,LOAD,203705894,2454.51906266394
3585,LOAD,207640450,2408.008651493483
3586,LOAD,208766601,2395.0191151505123
3587,LOAD,208163800,2401.9546145871664
3588,LOAD,234271318,2134.2774876094736
3589,LOAD,217844670,2295.2133738227335
3590,LOAD,203587424,2455.9473771818048
3591,LOAD,213205161,2345.158989842652
3592,LOAD,212261851,2355.5810789570473
3593,LOAD,211782682,2360.910699959877
3594,LOAD,204960817,2439.4906661598643
3595,LOAD,212528443,2352.626278827065
3596,LOAD,198066753,2524.4014577247094
3597,LOAD,204543109,2444.472475481929
3598,LOAD,212115800,2357.202999493673
3599,LOAD,212516995,2352.753011588555
3600,LOAD,203909602,2452.066970343064
3601,LOAD,206332209,2423.276532652253
3602,LOAD,200010338,2499.8707816792953
3603,LOAD,209033022,2391.966566890087
3604,LOAD,219279059,2280.1994968429703
3605,LOAD,215154752,2323.9086999110295
3606,LOAD,210890126,2370.902846347581
3607,LOAD,211101514,2368.5287259474603
3608,LOAD,206793774,2417.8677642393623
3609,LOAD,224227869,2229.8744675667413
3610,LOAD,207867086,2405.3832168504064
3611,LOAD,214118139,2335.1594700717997
3612,LOAD,217652435,2297.2405523512753
3613,LOAD,208056550,2403.192785807513
3614,LOAD,206833740,2417.4005653042873
3615,LOAD,208133548,2402.303736253033
3616,LOAD,213638130,2340.406181237404
3617,LOAD,205541573,2432.59790563148
3618,LOAD,225241709,2219.8375346193097
3619,LOAD,213066379,2346.686522513249
3620,LOAD,225035101,2221.875599753658
3621,LOAD,228083974,2192.175062681081
3622,LOAD,216463078,2309.862747124015
3623,LOAD,206658714,2419.4479406273667
3624,LOAD,216042307,2314.361510683183
3625,LOAD,210458408,2375.766331939563
3626,LOAD,220078212,2271.9195846611115
3627,LOAD,215755149,2317.441796024066
3628,LOAD,210093509,2379.892660082135
3629,LOAD,208869663,2393.8373472647386
3630,LOAD,217858104,2295.0718418076385
3631,LOAD,212127295,2357.075264642393
3632,LOAD,219687005,2275.9652989033193
3633,LOAD,210563391,2374.581818925969
3634,LOAD,203096758,2461.880755378675
3635,LOAD,210443682,2375.9325784843472
3636,LOAD,204779676,2441.648555006015
3637,LOAD,210909005,2370.6906208201017
3638,LOAD,209943394,2381.5943453786404
3639,LOAD,207815295,2405.98267803147
3640,LOAD,204653350,2443.1557069552
3641,LOAD,212566373,2352.206479996721
3642,LOAD,213147482,2345.793604073634
3643,LOAD,219447083,2278.4536169933963
3644,LOAD,210053403,2380.347058695355
3645,LOAD,209905218,2382.027492046434
3646,LOAD,207338706,2411.5130727207297
3647,LOAD,205097717,2437.8623385651827
3648,LOAD,204882206,2440.4266713137595
3649,LOAD,209309599,2388.8058760267368
3650,LOAD,208970373,2392.6836748288715
3651,LOAD,203172528,2460.9626356571202
3652,LOAD,217807657,2295.6034093879443
3653,LOAD,206602782,2420.102939368938
3654,LOAD,214529295,2330.6840214992553
3655,LOAD,218644950,2286.8124784039146
3656,LOAD,221880965,2253.46054358471
3657,LOAD,218346309,2289.9402435055586
3658,LOAD,204366985,2446.579128228564
3659,LOAD,206449660,2421.897909640539
3660,LOAD,206908959,2416.521751482013
3661,LOAD,216894235,2305.271046046936
3662,LOAD,241949552,2066.5465005696724
3663,LOAD,201657781,2479.4480903268495
3664,LOAD,212838604,2349.197892690557
3665,LOAD,211607394,2362.866393978653
3666,LOAD,223866563,2233.4733392051944
3667,LOAD,208040301,2403.3804873220215
3668,LOAD,212683581,2350.9102002565965
3669,LOAD,213363144,2343.4225359933766
3670,LOAD,257911434,1938.649994090607
3671,LOAD,216868134,2305.5484951975473
3672,LOAD,205856695,2428.8741252743807
3673,LOAD,221853580,2253.7387045996734
3674,LOAD,205380970,2434.500138936923
3675,LOAD,245523793,2036.4625109876824
3676,LOAD,202601296,2467.901291213853
3677,LOAD,246911053,2025.020726795896
3678,LOAD,216478241,2309.7009551181636
3679,LOAD,249763494,2001.8938396177307
3680,LOAD,210693632,2373.113962931732
3681,LOAD,226712928,2205.4322371946955
3682,LOAD,208605188,2396.872315562928
3683,LOAD,210434428,2376.037061768239
3684,LOAD,228117009,2191.857600587776
3685,LOAD,197310181,2534.081097416864
3686,LOAD,218841940,2284.754010131696
3687,LOAD,213752632,2339.1524835118757
3688,LOAD,211413922,2365.028732592171
3689,LOAD,209697302,2384.389285084841
3690,LOAD,211693818,2361.9017537866885
3691,LOAD,225614417,2216.170432051778
3692,LOAD,211015437,2369.494891504075
3693,LOAD,215560638,2319.5329381053325
3694,LOAD,203585544,2455.970056498707
3695,LOAD,228962449,2183.764203185999
3696,LOAD,202200828,2472.789082743024
3697,LOAD,210479906,2375.5236758800147
3698,LOAD,208832684,2394.2612354682947
3699,LOAD,216330345,2311.2800009633415
3700,LOAD,212902588,2348.4918839972015
3701,LOAD,219543227,2277.4558196687162
3702,LOAD,219988499,2272.846090922235
3703,LOAD,210880212,2371.0143083505623
3704,LOAD,224285084,2229.305627832121
3705,LOAD,215031926,2325.2361140084845
3706,LOAD,208688602,2395.91427230894
3707,LOAD,219414114,2278.7959757228746
3708,LOAD,214390656,2332.191194004276
3709,LOAD,221323349,2259.1380541598437
3710,LOAD,212688980,2350.8505236143405
3711,LOAD,230792784,2166.4455505679935
3712,LOAD,227884071,2194.0980683989974
3713,LOAD,229760492,2176.1791840174155
3714,LOAD,209723453,2384.091968960667
3715,LOAD,228354380,2189.579197035765
3716,LOAD,226307369,2209.384529586396
3717,LOAD,210739176,2372.601096247999
3718,LOAD,219561611,2277.265127190199
3719,LOAD,210896618,2370.8298631891766
3720,LOAD,210850211,2371.351670119979
3721,LOAD,213027342,2347.1165499497242
3722,LOAD,216622679,2308.1609105203615
3723,LOAD,219929484,2273.4559773713654
3724,LOAD,218301977,2290.4052765403953
3725,LOAD,225429531,2217.9880239381773
3726,LOAD,206962020,2415.902202732656
3727,LOAD,235707156,2121.2762840344144
3728,LOAD,215506080,2320.1201562387478
3729,LOAD,217732050,2296.4005528813973
3730,LOAD,217985565,2293.7298623420315
3731,LOAD,214892623,2326.743435953127
3732,LOAD,214184859,2334.4320524542773
3733,LOAD,200169750,2497.8799244141537
3734,LOAD,215944032,2315.4147645071293
3735,LOAD,221914016,2253.1249220418777
3736,LOAD,213186657,2345.362543022568
3737,LOAD,223541476,2236.7213858782966
3738,LOAD,215078406,2324.7336136571516
3739,LOAD,210182647,2378.8833528202736
3740,LOAD,210235188,2378.2888333612354
3741,LOAD,215144769,2324.0165323285178
3742,LOAD,210557382,2374.649586021164
3743,LOAD,212488877,2353.0643441632947
3744,LOAD,208981413,2392.5572749381304
3745,LOAD,219574315,2277.1333705401744
3746,LOAD,216629157,2308.0918881108882
3747,LOAD,209852156,2382.629797713396
3748,LOAD,212184895,2356.435409787299
3749,LOAD,217635824,2297.4158886636237
3750,LOAD,212005996,2358.4238626911288
3751,LOAD,200704774,2491.2212601380375
3752,LOAD,218698586,2286.251635847339
3753,LOAD,213992455,2336.5309772253418
3754,LOAD,208831586,2394.2738240756357
3755,LOAD,212564234,2352.230149875543
3756,LOAD,208179967,2401.768081748231
3757,LOAD,210327012,2377.25052643262
3758,LOAD,209056192,2391.7014617773198
3759,LOAD,221959134,2252.666925615235
3760,LOAD,202888210,2464.411313008282
3761,LOAD,221093526,2261.4863901532785
3762,LOAD,208651129,2396.3445699831323
3763,LOAD,219097833,2282.08555581652
3764,LOAD,207886530,2405.1582370440256
3765,LOAD,205472399,2433.4168600425987
3766,LOAD,208574846,2397.220995670782
3767,LOAD,220566265,2266.8924461317783
3768,LOAD,213063374,2346.719619675224
3769,LOAD,207366781,2411.186582483527
3770,LOAD,208752380,2395.182272891931
3771,LOAD,210236907,2378.269387306007
3772,LOAD,209699192,2384.367794798179
3773,LOAD,210767182,2372.285833379886
3774,LOAD,210574243,2374.4594442160715
3775,LOAD,210362185,2376.85304514212
3776,LOAD,213228777,2344.899253443638
3777,LOAD,213978223,2336.686383268077
3778,LOAD,231856409,2156.5071336889378
3779,LOAD,210102588,2379.789819628495
3780,LOAD,209132340,2390.8306099381857
3781,LOAD,203012685,2462.9002862555117
3782,LOAD,210825662,2371.6277954815578
3783,LOAD,200162283,2497.973107151261
3784,LOAD,209873999,2382.3818213898903
3785,LOAD,220126200,2271.424301150885
3786,LOAD,203132173,2461.451539732212
3787,LOAD,205377736,2434.538474024273
3788,LOAD,203651314,2455.1768912230045
3789,LOAD,212028388,2358.174793084783
3790,LOAD,205871770,2428.696270498864
3791,LOAD,209609618,2385.3867240004224
3792,LOAD,211529132,2363.7406123332457
3793,LOAD,201955539,2475.7924564772643
3794,LOAD,215826904,2316.6713265738176
3795,LOAD,211191083,2367.5242008205432
3796,LOAD,211784034,2360.895628232296
3797,LOAD,211719314,2361.6173250967554
3798,LOAD,214702990,2328.7984950745213
3799,LOAD,211937990,2359.180626370949
3800,LOAD,213227832,2344.909645753937
3801,LOAD,211143767,2368.0547482133347
3802,LOAD,209514161,2386.473532927447
3803,LOAD,223768241,2234.454709772688
3804,LOAD,216043192,2314.3520301255317
3805,LOAD,208934745,2393.0916803713044
3806,LOAD,210432360,2376.060412001272
3807,LOAD,205206246,2436.573007626678
3808,LOAD,205661810,2431.1757248465333
3809,LOAD,211664466,2362.229284153912
3810,LOAD,200319866,2496.0080594303113
3811,LOAD,223591221,2236.2237558513084
3812,LOAD,216670342,2307.6531627941954
3813,LOAD,209851865,2382.6331016881836
3814,LOAD,214584592,2330.0834199689416
3815,LOAD,202036459,2474.8008477024437
3816,LOAD,212029843,2358.1586107197186
3817,LOAD,207886670,2405.156617304996
3818,LOAD,213828013,2338.3278597832737
3819,LOAD,206748319,2418.3993486302543
3820,LOAD,210980293,2369.8895896404883
3821,LOAD,212295830,2355.2040565281004
3822,LOAD,206308940,2423.5498471370165
3823,LOAD,209637508,2385.0693741312743
3824,LOAD,209600927,2385.4856328951255
3825,LOAD,209681742,2384.5662251318
3826,LOAD,217227651,2301.7327568487126
3827,LOAD,210091495,2379.9154744460266
3828,LOAD,215173898,2323.701920388132
3829,LOAD,215990958,2314.911719591521
3830,LOAD,218637246,2286.8930575534237
3831,LOAD,212675455,2351.00002489709
3832,LOAD,212596090,2351.8776850505574
3833,LOAD,210417898,2376.2237183834995
3834,LOAD,204848482,2440.8284363073776
3835,LOAD,209386794,2387.9251907357634
3836,LOAD,206820854,2417.5511817584893
3837,LOAD,201544368,2480.8433247809735
3838,LOAD,202013541,2475.08160851455
3839,LOAD,213066876,2346.6810486300083
3840,LOAD,210918562,2370.5832016814147
3841,LOAD,207776750,2406.4290157585006
3842,LOAD,203300836,2459.409463520357
3843,LOAD,206844176,2417.278599132518
3844,LOAD,204150721,2449.170875081063
3845,LOAD,197510512,2531.51082915526
3846,LOAD,202840651,2464.989130802977
3847,LOAD,210812431,2371.776643475071
3848,LOAD,204293527,2447.45884679939
3849,LOAD,206439701,2422.0147460880116
3850,LOAD,208261581,2400.826871663862
3851,LOAD,204425279,2445.8814606778647
3852,LOAD,206603611,2420.0932286706256
3853,LOAD,181387034,2756.53661110088
3854,LOAD,198573601,2517.9580643249756
3855,LOAD,210758167,2372.3873058736554
3856,LOAD,205899939,2428.3640025750565
3857,LOAD,209343608,2388.417801607776
3858,LOAD,202173876,2473.118732709067
3859,LOAD,210148170,2379.2736334558613
3860,LOAD,216217277,2312.488654641599
3861,LOAD,204475894,2445.2760186978326
3862,LOAD,212889252,2348.6390003380725
3863,LOAD,219656506,2276.2813135159313
3864,LOAD,209872496,2382.398882795962
3865,LOAD,215307709,2322.257769