height,operation,latency,throughput
1,LOAD,14925,6700167.504187604
2,LOAD,15346,6516356.053694773
3,LOAD,17230204,5803.7618126866055
4,LOAD,18707991,5345.309392120191
5,LOAD,16880756,5923.9053037672
6,LOAD,17580424,5688.144950315192
7,LOAD,10818590,9243.348717346717
8,LOAD,17860523,5598.94018780973
9,LOAD,13007118,7688.098162867439
10,LOAD,11208994,8921.40721995212
11,LOAD,9996768,10003.233044920118
12,LOAD,11884080,8414.618548511959
13,LOAD,11013449,9079.80778773298
14,LOAD,10041382,9958.788541258564
15,LOAD,12821153,7799.610534247583
16,LOAD,19080260,5241.018728256324
17,LOAD,13100092,7633.534176706545
18,LOAD,18252712,5478.637914190505
19,LOAD,12571083,7954.7641201637125
20,LOAD,12527368,7982.522745400311
21,LOAD,13172954,7591.311713378792
22,LOAD,13021192,7679.788455619117
23,LOAD,11360769,8802.221046832305
24,LOAD,13433912,7443.8480764203305
25,LOAD,12771122,7830.165587643748
26,LOAD,14137663,7073.304831215739
27,LOAD,11746550,8513.137900064274
28,LOAD,14081457,7101.537859328051
29,LOAD,12577331,7950.812457746401
30,LOAD,13553836,7377.985095879868
31,LOAD,14540864,6877.1704349892825
32,LOAD,12537529,7976.053335549613
33,LOAD,14773376,6768.933519325576
34,LOAD,20664806,4839.145356602912
35,LOAD,14160261,7062.016724126765
36,LOAD,12002361,8331.694072524564
37,LOAD,10425570,9591.801695255032
38,LOAD,11949995,8368.204338160811
39,LOAD,13126431,7618.217015729561
40,LOAD,22326455,4478.991402799952
41,LOAD,17778726,5624.699992564147
42,LOAD,14929702,6698.057335638716
43,LOAD,11440602,8740.798779644638
44,LOAD,20213435,4947.2046685781015
45,LOAD,20590034,4856.718546457961
46,LOAD,16760097,5966.55258021478
47,LOAD,22051142,4534.912522897907
48,LOAD,19529378,5120.490780607554
49,LOAD,13055053,7659.869324161304
50,LOAD,19985820,5003.547515188268
51,LOAD,12107610,8259.268344454438
52,LOAD,19043353,5251.176092781559
53,LOAD,14745153,6781.889614844959
54,LOAD,9070355,11024.926808267153
55,LOAD,21357743,4682.142677716462
56,LOAD,14324548,6981.023066137934
57,LOAD,14920803,6702.052161669851
58,LOAD,12507883,7994.958059649263
59,LOAD,20787964,4810.475908078347
60,LOAD,14856353,6731.1270807849005
61,LOAD,20574828,4860.307945223163
62,LOAD,12536063,7976.986076091035
63,LOAD,21428157,4666.756921745533
64,LOAD,15683465,6376.14200688432
65,LOAD,15843107,6311.893241647614
66,LOAD,15517249,6444.441279507727
67,LOAD,15954585,6267.79073225659
68,LOAD,15995444,6251.7801944103585
69,LOAD,21572823,4635.461942092605
70,LOAD,15847087,6310.308008026965
71,LOAD,23456737,4263.167549689456
72,LOAD,15170343,6591.808767936229
73,LOAD,22481012,4448.1983284382395
74,LOAD,18196475,5495.5698837274795
75,LOAD,20024841,4993.797453872418
76,LOAD,17886473,5590.81714992106
77,LOAD,20771091,4814.383606523124
78,LOAD,13108675,7628.5360648578135
79,LOAD,16917625,5910.995189927665
80,LOAD,15256305,6554.667070434158
81,LOAD,23901011,4183.92343319703
82,LOAD,18399225,5435.011529018206
83,LOAD,15877124,6298.369906287814
84,LOAD,16215996,6166.75041113725
85,LOAD,17171806,5823.499287145452
86,LOAD,17232189,5803.093269230044
87,LOAD,17174789,5822.487833766109
88,LOAD,15912255,6284.464395524079
89,LOAD,17038179,5869.171817011666
90,LOAD,16813145,5947.72720987061
91,LOAD,20770970,4814.411652416811
92,LOAD,15832364,6316.176156637126
93,LOAD,22288771,4486.56410889591
94,LOAD,15051811,6643.71881895142
95,LOAD,21225735,4711.262059947512
96,LOAD,16336449,6121.281313950173
97,LOAD,15625778,6399.6813470663665
98,LOAD,15855537,6306.945012332285
99,LOAD,16455454,6077.012521198139
100,LOAD,16646344,6007.325091924089
101,LOAD,21035912,4753.775353310092
102,LOAD,13953681,7166.567732199123
103,LOAD,23257387,4299.70916337248
104,LOAD,16838872,5938.64007042752
105,LOAD,16873730,5926.371940288247
106,LOAD,16263570,6148.711506760201
107,LOAD,16240683,6157.376509350007
108,LOAD,21638483,4621.396056276219
109,LOAD,22176424,4509.293292732858
110,LOAD,16817822,5946.073159770629
111,LOAD,23533304,4249.297081276815
112,LOAD,17703575,5648.5766292966255
113,LOAD,23827997,4196.743855557813
114,LOAD,16204010,6171.311916001039
115,LOAD,23226570,4305.41401506981
116,LOAD,19484183,5132.368136759956
117,LOAD,19957641,5010.612226164405
118,LOAD,17848807,5602.61534566428
119,LOAD,18746736,5334.261921648654
120,LOAD,22682630,4408.659842355141
121,LOAD,23874776,4188.520972929757
122,LOAD,19142962,5223.8519827809305
123,LOAD,18966343,5272.4977081770585
124,LOAD,19093464,5237.394325094702
125,LOAD,18729745,5339.100986158648
126,LOAD,15492020,6454.936154226499
127,LOAD,18350838,5449.342422400547
128,LOAD,16327307,6124.708747131416
129,LOAD,20265845,4934.410580955297
130,LOAD,15923877,6279.877695613952
131,LOAD,17319825,5773.730392772444
132,LOAD,15015719,6659.687757875597
133,LOAD,24782470,4035.110301757654
134,LOAD,16824659,5943.656866983159
135,LOAD,16978780,5889.704678428014
136,LOAD,16511254,6056.475177475921
137,LOAD,16298349,6135.5907889811415
138,LOAD,21300150,4694.802618760901
139,LOAD,24209030,4130.690077214989
140,LOAD,16880751,5923.907058400423
141,LOAD,15231271,6565.440270874309
142,LOAD,17059842,5861.7190006800765
143,LOAD,19466377,5137.062741567164
144,LOAD,17152804,5829.950601662562
145,LOAD,19695308,5077.351417911312
146,LOAD,16396965,6098.689605058009
147,LOAD,23688791,4221.405811719138
148,LOAD,20413867,4898.6309159357215
149,LOAD,23860660,4190.998907825685
150,LOAD,19531486,5119.93813476353
151,LOAD,24318629,4112.073916666931
152,LOAD,19185775,5212.194972577339
153,LOAD,25480106,3924.6304548340577
154,LOAD,20173331,4957.0395687256605
155,LOAD,25485160,3923.8521555289435
156,LOAD,20599488,4854.489587314015
157,LOAD,20442530,4891.762418839547
158,LOAD,21148695,4728.424141536865
159,LOAD,20609637,4852.099044733297
160,LOAD,20633225,4846.552102252556
161,LOAD,23613434,4234.877485417835
162,LOAD,20518439,4873.66509703784
163,LOAD,21079939,4743.846744528056
164,LOAD,15517760,6444.229063988617
165,LOAD,25942236,3854.717843134262
166,LOAD,20706341,4829.4384797391285
167,LOAD,21538425,4642.865019146015
168,LOAD,21327595,4688.761203501848
169,LOAD,23874708,4188.532902685134
170,LOAD,19278180,5187.211655872079
171,LOAD,19565217,5111.111213333335
172,LOAD,15718355,6361.988897693174
173,LOAD,17151453,5830.409820089295
174,LOAD,15154389,6598.748388998066
175,LOAD,18273433,5472.425460503234
176,LOAD,15646470,6391.217955232075
177,LOAD,18499623,5405.515561046838
178,LOAD,16039194,6234.727256244921
179,LOAD,19157074,5220.003848186837
180,LOAD,15886527,6294.641994439691
181,LOAD,18359350,5446.815927579135
182,LOAD,15883707,6295.759547818403
183,LOAD,25453792,3928.6877177278734
184,LOAD,19701813,5075.675015289202
185,LOAD,25989157,3847.7585094429955
186,LOAD,20528682,4871.233331004884
187,LOAD,24766275,4037.7489146026196
188,LOAD,21367416,4680.023078129803
189,LOAD,20242115,4940.195231575356
190,LOAD,18376743,5441.6606903628135
191,LOAD,22848668,4376.622742297275
192,LOAD,17201185,5813.55296161282
193,LOAD,25180857,3971.27071568692
194,LOAD,21182630,4720.849110804465
195,LOAD,21059356,4748.483286953315
196,LOAD,21265619,4702.426014497862
197,LOAD,20832756,4800.133021286286
198,LOAD,18689462,5350.6088083220375
199,LOAD,24089123,4151.251168421532
200,LOAD,18936597,5280.779857120052
201,LOAD,17868762,5596.358606153017
202,LOAD,16537362,6046.913649226522
203,LOAD,18432963,5425.063783831172
204,LOAD,16785523,5957.514698827078
205,LOAD,18279131,5470.719587271408
206,LOAD,17981339,5561.32110072559
207,LOAD,21733338,4601.226005871717
208,LOAD,20649872,4842.6450294704
209,LOAD,20696742,4831.678338552029
210,LOAD,16518656,6053.761274524998
211,LOAD,18145107,5511.127600404891
212,LOAD,26691904,3746.454355597862
213,LOAD,20443738,4891.473369498279
214,LOAD,27266639,3667.4853838788126
215,LOAD,23072549,4334.154843489551
216,LOAD,17686214,5654.1213399317685
217,LOAD,17822906,5610.757302989759
218,LOAD,15573150,6421.308470026937
219,LOAD,25913707,3858.961591253617
220,LOAD,20132229,4967.159870871725
221,LOAD,19362544,5164.610600755768
222,LOAD,19955405,5011.1736644783705
223,LOAD,24079813,4152.856170436207
224,LOAD,20009837,4997.541958987472
225,LOAD,26733541,3740.6193216229753
226,LOAD,21278641,4699.548246525706
227,LOAD,24737519,4042.4425747788205
228,LOAD,17498483,5714.781104167716
229,LOAD,17781773,5623.736170740679
230,LOAD,19187924,5211.611219640019
231,LOAD,27033060,3699.1742703193795
232,LOAD,20508526,4876.0208315312375
233,LOAD,19858038,5035.74421601973
234,LOAD,18025470,5547.705552199193
235,LOAD,16713451,5983.204785175724
236,LOAD,18197410,5495.28751619049
237,LOAD,22604450,4423.907681894494
238,LOAD,21721468,4603.740410178539
239,LOAD,22211215,4502.23006710799
240,LOAD,18233429,5484.431918976952
241,LOAD,20034309,4991.437438645875
242,LOAD,18757105,5331.313121081318
243,LOAD,21595874,4630.514143581316
244,LOAD,18889157,5294.04250279671
245,LOAD,22491562,4446.111835185125
246,LOAD,22123962,4519.986067594945
247,LOAD,21840616,4578.625438037096
248,LOAD,19737169,5066.58275054543
249,LOAD,24300186,4115.19483842634
250,LOAD,24437301,4092.1049341741955
251,LOAD,29100795,3436.3322376587994
252,LOAD,25034301,3994.5193596577756
253,LOAD,23179541,4314.149275000743
254,LOAD,18759000,5330.774561543792
255,LOAD,22443342,4455.664401495998
256,LOAD,20645742,4843.6137582267565
257,LOAD,22222581,4499.927348672955
258,LOAD,18991129,5265.616383312441
259,LOAD,21791940,4588.8525757688385
260,LOAD,18582847,5381.3067502519925
261,LOAD,19007653,5261.038803686073
262,LOAD,16959073,5896.548708764919
263,LOAD,25669642,3895.6523039939552
264,LOAD,21301273,4694.555109452848
265,LOAD,22488739,4446.669953348652
266,LOAD,22008921,4543.612110743639
267,LOAD,27355174,3655.615570202551
268,LOAD,19644252,5090.547606495783
269,LOAD,26512986,3771.7366123906227
270,LOAD,22407763,4462.7390962676645
271,LOAD,23466581,4261.3791928189285
272,LOAD,19073490,5242.87899068288
273,LOAD,24254110,4123.012553336322
274,LOAD,21603045,4628.977072445112
275,LOAD,23166071,4316.657753487849
276,LOAD,19838516,5040.699616846341
277,LOAD,23054608,4337.527664751446
278,LOAD,19205309,5206.893573021918
279,LOAD,26730446,3741.0524313735727
280,LOAD,23445373,4265.233912038849
281,LOAD,21845769,4577.5454276752625
282,LOAD,23579986,4240.884621390361
283,LOAD,24553628,4072.7178891852564
284,LOAD,20670693,4837.767171134514
285,LOAD,23114510,4326.286821567925
286,LOAD,20227819,4943.686711849656
287,LOAD,27397530,3649.9640661037693
288,LOAD,22000221,4545.408884756203
289,LOAD,26930712,3713.232683933496
290,LOAD,23113028,4326.56422170215
291,LOAD,23592843,4238.573536898457
292,LOAD,19776944,5056.392939171998
293,LOAD,22614623,4421.91762383127
294,LOAD,22128643,4519.029928766983
295,LOAD,22159487,4512.739848174283
296,LOAD,21450725,4661.847093746248
297,LOAD,21932923,4559.355814088255
298,LOAD,20618946,4849.9084288789545
299,LOAD,21783223,4590.688898516074
300,LOAD,20169385,4958.009379066342
301,LOAD,27007005,3702.743047590801
302,LOAD,25300061,3952.5596400735944
303,LOAD,25497302,3921.9835886949922
304,LOAD,21143792,4729.520608223917
305,LOAD,22301398,4484.023826667728
306,LOAD,19581688,5106.812037859045
307,LOAD,18891100,5293.497996411009
308,LOAD,20848601,4796.484905629879
309,LOAD,20955968,4771.910321680201
310,LOAD,17009813,5878.959398319076
311,LOAD,19988913,5002.773287371854
312,LOAD,20725270,4825.027611220506
313,LOAD,21130056,4732.595124215478
314,LOAD,17531869,5703.89842634576
315,LOAD,32167886,3108.6904498480258
316,LOAD,22829354,4380.325435402158
317,LOAD,22280007,4488.328930955901
318,LOAD,23294561,4292.847587898308
319,LOAD,21771445,4593.172387041835
320,LOAD,19185495,5212.2710412215065
321,LOAD,23502742,4254.822692603271
322,LOAD,21031626,4754.744117264162
323,LOAD,23587074,4239.6102204113995
324,LOAD,19278830,5187.036765197888
325,LOAD,19730336,5068.337406925052
326,LOAD,19603879,5101.03128059503
327,LOAD,26531815,3769.0599003498255
328,LOAD,22564211,4431.796884012474
329,LOAD,23404778,4272.631853205358
330,LOAD,21336183,4686.873936167495
331,LOAD,22307861,4482.7247220161535
332,LOAD,21874035,4571.630245631407
333,LOAD,26292207,3803.408363550462
334,LOAD,23512145,4253.1210997550415
335,LOAD,28141422,3553.480701863609
336,LOAD,24170314,4137.306615048526
337,LOAD,26830389,3727.117038817439
338,LOAD,24482717,4084.5139859272977
339,LOAD,23890328,4185.794351588644
340,LOAD,21125017,4733.724001263526
341,LOAD,24567089,4070.48633234487
342,LOAD,21272653,4700.871113725213
343,LOAD,21118006,4735.295557734002
344,LOAD,19144093,5223.543366614444
345,LOAD,22331912,4477.896921678716
346,LOAD,20125212,4968.891756270692
347,LOAD,21833200,4580.180642324533
348,LOAD,18672864,5355.364876004024
349,LOAD,21900252,4566.157503575758
350,LOAD,19583957,5106.220361901326
351,LOAD,18480512,5411.105493181141
352,LOAD,20786681,4810.772821308029
353,LOAD,22259752,4492.413033173056
354,LOAD,18035115,5544.73869448573
355,LOAD,21991228,4547.267665089007
356,LOAD,21296561,4695.593809723551
357,LOAD,24735958,4042.6976792247146
358,LOAD,18297855,5465.121458225568
359,LOAD,21445229,4663.041835552328
360,LOAD,21125395,4733.6392999988875
361,LOAD,22822868,4381.570274165368
362,LOAD,21033057,4754.420624638634
363,LOAD,22342194,4475.836168999338
364,LOAD,20075256,4981.25652793668
365,LOAD,22473566,4449.672117010714
366,LOAD,19529512,5120.455646818005
367,LOAD,23646764,4228.9084459928645
368,LOAD,22030583,4539.144515603604
369,LOAD,22910452,4364.820039342742
370,LOAD,21256484,4704.446887829614
371,LOAD,23610506,4235.4026635430855
372,LOAD,21188038,4719.644169035378
373,LOAD,23047308,4338.901532447954
374,LOAD,22353957,4473.480914363395
375,LOAD,23069691,4334.691782391017
376,LOAD,20329500,4918.960131828131
377,LOAD,29295598,3413.4821211022895
378,LOAD,27268073,3667.2925145828967
379,LOAD,24008600,4165.1741459310415
380,LOAD,23806239,4200.579520351786
381,LOAD,23265882,4298.139223778407
382,LOAD,19713662,5072.624254184738
383,LOAD,23682135,4222.592262057454
384,LOAD,19424174,5148.224063478839
385,LOAD,26528910,3769.472624393539
386,LOAD,22821589,4381.815832368202
387,LOAD,27068052,3694.392193424189
388,LOAD,22782619,4389.310991857433
389,LOAD,22452398,4453.8672439353695
390,LOAD,20280212,4930.914923374568
391,LOAD,26681740,3747.8815099764856
392,LOAD,23661083,4226.349233464926
393,LOAD,23939305,4177.230709078647
394,LOAD,22377754,4468.723715525695
395,LOAD,25815883,3873.5843356587884
396,LOAD,22528427,4438.8363199969535
397,LOAD,24559705,4071.7101447269015
398,LOAD,18452155,5419.421200396377
399,LOAD,20829233,4800.944902771984
400,LOAD,19576304,5108.216545881183
401,LOAD,27550565,3629.6896270548355
402,LOAD,23168758,4316.157128491739
403,LOAD,26664242,3750.3409997554027
404,LOAD,25219399,3965.201549806956
405,LOAD,23170799,4315.776939759393
406,LOAD,20440129,4892.337029771192
407,LOAD,27216723,3674.211623493394
408,LOAD,23026019,4342.9131192847535
409,LOAD,24570104,4069.9868425465356
410,LOAD,24598306,4065.3205956540255
411,LOAD,24836397,4026.348910431735
412,LOAD,23854259,4192.123511361221
413,LOAD,23853799,4192.204352858008
414,LOAD,20069304,4982.733830729755
415,LOAD,27714288,3608.2471250930207
416,LOAD,24164668,4138.27328395325
417,LOAD,26557882,3765.360505781297
418,LOAD,22443872,4455.559183370855
419,LOAD,25343146,3945.8400310679663
420,LOAD,22903644,4366.117461483422
421,LOAD,22256759,4493.017154923589
422,LOAD,20968974,4768.9505456967045
423,LOAD,22410554,4462.183308810661
424,LOAD,19745175,5064.528422766574
425,LOAD,23995139,4167.5107612421
426,LOAD,22713809,4402.608122662298
427,LOAD,25694255,3891.9205869171924
428,LOAD,24091849,4150.78145309644
429,LOAD,21924688,4561.068326263069
430,LOAD,17779170,5624.5595266820665
431,LOAD,21001765,4761.504568782671
432,LOAD,18499958,5405.417677164456
433,LOAD,20852853,4795.506878603134
434,LOAD,17462416,5726.584454293152
435,LOAD,26200204,3816.764174813295
436,LOAD,22055630,4533.989734140444
437,LOAD,25649556,3898.7029639031566
438,LOAD,21064475,4747.329330543485
439,LOAD,22616419,4421.566473454529
440,LOAD,19753003,5062.521379660602
441,LOAD,20638061,4845.416437135252
442,LOAD,20208932,4948.307015927412
443,LOAD,21167437,4724.2375163322795
444,LOAD,18215095,5489.952152322016
445,LOAD,21514035,4648.128535628021
446,LOAD,18941312,5279.465329540002
447,LOAD,26572537,3763.2838746258967
448,LOAD,21605990,4628.346120682274
449,LOAD,26817132,3728.9595322870473
450,LOAD,23160532,4317.690111781542
451,LOAD,21559752,4638.272276972388
452,LOAD,20004042,4998.989704180785
453,LOAD,22404472,4463.394629429339
454,LOAD,21106217,4737.94048455012
455,LOAD,22539934,4436.5702224327715
456,LOAD,19857227,5035.949883636824
457,LOAD,23040141,4340.251216344553
458,LOAD,19395586,5155.812255427601
459,LOAD,27116793,3687.751719017806
460,LOAD,22652938,4414.43842736867
461,LOAD,29546104,3384.5409871975
462,LOAD,24954466,4007.298733621469
463,LOAD,24241073,4125.229935160049
464,LOAD,22618443,4421.170811801679
465,LOAD,20365238,4910.328079642379
466,LOAD,20226867,4943.9193919651525
467,LOAD,22364356,4471.400830857817
468,LOAD,26885177,3719.5217275303785
469,LOAD,27522473,3633.3944264383513
470,LOAD,26137324,3825.946374617386
471,LOAD,25983522,3848.592965957425
472,LOAD,23536699,4248.684150653411
473,LOAD,23439931,4266.224162519933
474,LOAD,27451974,3642.725291813259
475,LOAD,23617463,4234.155040276765
476,LOAD,23439777,4266.252191733735
477,LOAD,19294712,5182.767174757519
478,LOAD,19591251,5104.319269861838
479,LOAD,19598352,5102.469840321268
480,LOAD,26670408,3749.4739488049827
481,LOAD,22430046,4458.30561381818
482,LOAD,24372522,4102.981217946997
483,LOAD,19251538,5194.3901832674355
484,LOAD,28311728,3532.105140314996
485,LOAD,23706738,4218.210029570496
486,LOAD,26322263,3799.0654526930302
487,LOAD,22837030,4378.853117064697
488,LOAD,24006004,4165.6245662543415
489,LOAD,19543589,5116.767447371105
490,LOAD,20280924,4930.741814327592
491,LOAD,20681776,4835.174696795865
492,LOAD,22207966,4502.888738212225
493,LOAD,19155985,5220.300600569482
494,LOAD,22777409,4390.314982709403
495,LOAD,20259807,4935.881175965793
496,LOAD,22277414,4488.851354111388
497,LOAD,19134115,5226.267324096254
498,LOAD,23156071,4318.5219115971795
499,LOAD,20248099,4938.735236330087
500,LOAD,27388553,3651.1603953666336
501,LOAD,22572520,4430.165528704814
502,LOAD,28236227,3541.5496553417
503,LOAD,25428074,3932.6611995859375
504,LOAD,23960888,4173.468028396945
505,LOAD,21587194,4632.376028121117
506,LOAD,24004354,4165.910900997377
507,LOAD,22489422,4446.534908722865
508,LOAD,24363931,4104.427975928843
509,LOAD,23025949,4342.926321950943
510,LOAD,23588474,4239.358595219004
511,LOAD,20927627,4778.372626767478
512,LOAD,23001239,4347.591884071983
513,LOAD,21053143,4749.884613428028
514,LOAD,27853311,3590.237440712165
515,LOAD,21641154,4620.825673159574
516,LOAD,26399711,3787.9202541270242
517,LOAD,21896575,4566.924279253719
518,LOAD,26699558,3745.380354236576
519,LOAD,21900875,4566.027613051991
520,LOAD,25987241,3848.0421988621265
521,LOAD,19656006,5087.503534543081
522,LOAD,20519918,4873.313821234568
523,LOAD,20218724,4945.910533226528
524,LOAD,21123209,4734.129175164626
525,LOAD,17935948,5575.395289950662
526,LOAD,22013370,4542.693826524516
527,LOAD,19503795,5127.20729478545
528,LOAD,22108713,4523.103628872472
529,LOAD,20851254,4795.87462701284
530,LOAD,21929505,4560.066449288299
531,LOAD,20006584,4998.354541684877
532,LOAD,23906067,4183.038556697762
533,LOAD,24574682,4069.2286475975557
534,LOAD,26934662,3712.6881339739853
535,LOAD,22091287,4526.6715334421215
536,LOAD,27050866,3696.73932065613
537,LOAD,22931567,4360.800986692275
538,LOAD,25785066,3878.2138467281798
539,LOAD,20418926,4897.417229486017
540,LOAD,27336669,3658.0901645332137
541,LOAD,23212020,4308.112779499587
542,LOAD,29560748,3382.864330767273
543,LOAD,24951280,4007.810420948344
544,LOAD,27054331,3696.2658585052427
545,LOAD,23726482,4214.6998446714515
546,LOAD,24874564,4020.1709666147317
547,LOAD,22940437,4359.11486777693
548,LOAD,31458437,3178.7974717243583
549,LOAD,26724481,3741.887447692623
550,LOAD,25339899,3946.345642498417
551,LOAD,25902142,3860.684571955478
552,LOAD,32828943,3046.092589700497
553,LOAD,26725390,3741.7601763716075
554,LOAD,29115419,3434.6062476380644
555,LOAD,27255236,3669.019780272679
556,LOAD,26435375,3782.809965812855
557,LOAD,25136833,3978.2258966354275
558,LOAD,21817222,4583.534970675919
559,LOAD,20612350,4851.460410870182
560,LOAD,24245044,4124.554280041727
561,LOAD,22367610,4470.750339441719
562,LOAD,22254723,4493.42820398169
563,LOAD,19658713,5086.802986543422
564,LOAD,22232153,4497.9899157764885
565,LOAD,20134764,4966.534497250626
566,LOAD,20747068,4819.958174330946
567,LOAD,27870653,3588.0034816550583
568,LOAD,25698838,3891.2265216038177
569,LOAD,23620506,4233.609559422647
570,LOAD,24291977,4116.585488286935
571,LOAD,19418192,5149.810033807473
572,LOAD,22659349,4413.189452177113
573,LOAD,20879283,4789.436495496517
574,LOAD,21849231,4576.820117833896
575,LOAD,19552404,5114.46060545803
576,LOAD,15807938,6325.935741903846
577,LOAD,24365837,4104.106910015035
578,LOAD,27666884,3614.4294384579052
579,LOAD,22686678,4407.87320206158
580,LOAD,27654659,3616.0272307100226
581,LOAD,24565589,4070.734880405269
582,LOAD,25884148,3863.368421475569
583,LOAD,20419863,4897.192503201418
584,LOAD,24092559,4150.659130895975
585,LOAD,19319119,5176.219474604406
586,LOAD,22479234,4448.55015967181
587,LOAD,20844014,4797.540435349928
588,LOAD,26768983,3735.666760294928
589,LOAD,22278764,4488.579348477321
590,LOAD,26647122,3752.7504846489614
591,LOAD,23199254,4310.483431924147
592,LOAD,21922486,4561.526461916774
593,LOAD,20865476,4792.605737822611
594,LOAD,22631042,4418.709487614401
595,LOAD,20592144,4856.2208966681665
596,LOAD,30217286,3309.364050762203
597,LOAD,26497581,3773.929401329125
598,LOAD,28783283,3474.2388489874484
599,LOAD,24385332,4100.825857117713
600,LOAD,24122754,4145.463656429942
601,LOAD,21917598,4562.543760497843
602,LOAD,16436520,6084.012917576226
603,LOAD,27232032,3672.146096185551
604,LOAD,26270365,3806.5706357715244
605,LOAD,27462536,3641.3243117824227
606,LOAD,22961358,4355.143106082836
607,LOAD,23019289,4344.1828285834545
608,LOAD,20901729,4784.293203686642
609,LOAD,21915025,4563.0794397907375
610,LOAD,19919062,5020.316719733088
611,LOAD,28462145,3513.4386392873766
612,LOAD,25216820,3965.6070828914985
613,LOAD,28443846,3515.698967010298
614,LOAD,26087045,3833.32033198854
615,LOAD,30363200,3293.4605048216263
616,LOAD,23515050,4252.595678087013
617,LOAD,25961847,3851.8060752765396
618,LOAD,22272694,4489.802625582698
619,LOAD,22895288,4367.710945588455
620,LOAD,21953428,4555.097272280211
621,LOAD,22883339,4369.991634525014
622,LOAD,21136907,4731.061171816671
623,LOAD,22985719,4350.527386156596
624,LOAD,21988990,4547.730477843685
625,LOAD,23148839,4319.871074311762
626,LOAD,22216324,4501.194707099158
627,LOAD,24305096,4114.363506319827
628,LOAD,15589906,6414.406860439056
629,LOAD,27477367,3639.358894904304
630,LOAD,25203343,3967.727614547007
631,LOAD,26218674,3814.0754181542516
632,LOAD,26187505,3818.615022698802
633,LOAD,26244483,3810.3246308948055
634,LOAD,24393431,4099.464318897985
635,LOAD,27234422,3671.823841166888
636,LOAD,24617924,4062.080945574452
637,LOAD,26588722,3760.993100759036
638,LOAD,27952066,3577.5530867736215
639,LOAD,29886754,3345.963900930827
640,LOAD,28755056,3477.6492871375385
641,LOAD,25372800,3941.2284020683564
642,LOAD,25933313,3856.044154481921
643,LOAD,22008512,4543.696547953809
644,LOAD,28101647,3558.5102894502943
645,LOAD,26792679,3732.3628592721166
646,LOAD,27125515,3686.565950913743
647,LOAD,24919513,4012.9195141173104
648,LOAD,26309223,3800.9484354593064
649,LOAD,25822743,3872.5552897304524
650,LOAD,26859455,3723.0837334562448
651,LOAD,27880315,3586.7600491601333
652,LOAD,25327333,3948.303597540254
653,LOAD,22629891,4418.934231720338
654,LOAD,26127374,3827.403396912372
655,LOAD,23536649,4248.693176331091
656,LOAD,24411063,4096.503294428432
657,LOAD,29078341,3438.985738560532
658,LOAD,29982952,3335.2286325909467
659,LOAD,21645193,4619.963425597545
660,LOAD,23916043,4181.2937031431165
661,LOAD,22115693,4521.676078610785
662,LOAD,25017394,3997.2188949816277
663,LOAD,26633827,3754.6237722427195
664,LOAD,26364303,3793.0075375025085
665,LOAD,28943203,3455.0426226150576
666,LOAD,27329965,3658.9874886411308
667,LOAD,25447803,3929.612312701415
668,LOAD,25495557,3922.252022185669
669,LOAD,22669197,4411.272265179927
670,LOAD,26789311,3732.8320985933533
671,LOAD,24217995,4129.16098132814
672,LOAD,24675804,4052.552857041659
673,LOAD,27972016,3575.001530100655
674,LOAD,30826003,3244.0144769985263
675,LOAD,29458716,3394.5810808590572
676,LOAD,28579771,3498.9783508062396
677,LOAD,26514277,3771.552963710834
678,LOAD,27149569,3683.2997238372363
679,LOAD,25367553,3942.04360191935
680,LOAD,26964595,3708.5667335259436
681,LOAD,25595888,3906.8775422052163
682,LOAD,28641669,3491.4166489389986
683,LOAD,28375657,3524.1474761271606
684,LOAD,27606466,3622.339780832505
685,LOAD,26112574,3829.5726801961387
686,LOAD,27198075,3676.7307980436117
687,LOAD,25424864,3933.1577152192435
688,LOAD,28460371,3513.657639951355
689,LOAD,25450978,3929.1220950330476
690,LOAD,31959896,3128.9213206450986
691,LOAD,28386711,3522.775146440882
692,LOAD,27699413,3610.184807887445
693,LOAD,26761687,3736.6852097179076
694,LOAD,26984054,3705.8923762900863
695,LOAD,23396647,4274.1167142454215
696,LOAD,25467188,3926.621188016517
697,LOAD,25145894,3976.792394018681
698,LOAD,25446002,3929.8904401563755
699,LOAD,30378335,3291.8196471268093
700,LOAD,28231195,3542.180910159843
701,LOAD,28415804,3519.1684176875656
702,LOAD,24641757,4058.152184521582
703,LOAD,25948027,3853.857559189375
704,LOAD,29626278,3375.3818147524303
705,LOAD,28410758,3519.793452888515
706,LOAD,27612183,3621.5897888261857
707,LOAD,28160877,3551.025772386279
708,LOAD,24841675,4025.4934500189697
709,LOAD,27591755,3624.271091128491
710,LOAD,26861414,3722.8122093647044
711,LOAD,27539388,3631.162754960277
712,LOAD,27451777,3642.751432812528
713,LOAD,27682707,3612.363487429174
714,LOAD,27402976,3649.2386812293676
715,LOAD,27639904,3617.9575732245667
716,LOAD,30029436,3330.065872699041
717,LOAD,28893298,3461.0102315076665
718,LOAD,27745364,3604.2057332533104
719,LOAD,27784949,3599.0708494732166
720,LOAD,25182988,3970.9346643059193
721,LOAD,31099332,3215.5031497139553
722,LOAD,27943089,3578.702411891541
723,LOAD,27295143,3663.6554715980055
724,LOAD,27285840,3664.904580544341
725,LOAD,30396412,3289.8619744988323
726,LOAD,28028479,3567.7997368319557
727,LOAD,28238433,3541.2729877752067
728,LOAD,26563650,3764.54289978975
729,LOAD,27677121,3613.092561180767
730,LOAD,23499514,4255.407154377745
731,LOAD,27599623,3623.2378971263483
732,LOAD,26084470,3833.6987487190654
733,LOAD,27063494,3695.0143983626062
734,LOAD,24840382,4025.7029863711437
735,LOAD,26316577,3799.886284603047
736,LOAD,23628025,4232.262324083371
737,LOAD,28567197,3500.5184442841905
738,LOAD,26654035,3751.7771699481896
739,LOAD,28516412,3506.7525325416113
740,LOAD,25216734,3965.6206073316234
741,LOAD,28841843,3467.1848120107998
742,LOAD,26897458,3717.8234463643366
743,LOAD,26846652,3724.8592487435676
744,LOAD,27016076,3701.4998033023003
745,LOAD,29373486,3404.430784960287
746,LOAD,26594579,3760.164806519404
747,LOAD,28854749,3465.6340278683415
748,LOAD,26138835,3825.7252092528224
749,LOAD,29606766,3377.6063214739497
750,LOAD,26179101,3819.840872304974
751,LOAD,28762889,3476.702218612324
752,LOAD,26164046,3822.038839100038
753,LOAD,29353709,3406.724513076014
754,LOAD,26489814,3775.0359440047405
755,LOAD,26790877,3732.61390435259
756,LOAD,26946294,3711.085465036491
757,LOAD,30156176,3316.070313424355
758,LOAD,28214352,3544.2954706172236
759,LOAD,28116518,3556.628171383099
760,LOAD,28440804,3516.075002661669
761,LOAD,28331587,3529.6293144468045
762,LOAD,25409542,3935.5294164688207
763,LOAD,27845405,3591.2567980246654
764,LOAD,25502316,3921.2124890931473
765,LOAD,27636640,3618.384868782891
766,LOAD,28056841,3564.1931320778417
767,LOAD,29183708,3426.5693721990365
768,LOAD,29120172,3434.0456505545367
769,LOAD,28817499,3470.113766638805
770,LOAD,26925891,3713.8975271050454
771,LOAD,26964573,3708.5697592912
772,LOAD,24518348,4078.578214160269
773,LOAD,27097212,3690.4165638885656
774,LOAD,23564473,4243.676487057444
775,LOAD,30224467,3308.577782364202
776,LOAD,26660614,3750.8513494850495
777,LOAD,26448864,3780.8807213799428
778,LOAD,24877863,4019.637860374101
779,LOAD,29347293,3407.469302194243
780,LOAD,26406690,3786.9191481401117
781,LOAD,29193833,3425.38097001514
782,LOAD,26795384,3731.9860764077876
783,LOAD,28253020,3539.4446328215536
784,LOAD,25682885,3893.6435684698195
785,LOAD,29011848,3446.867638352441
786,LOAD,26786622,3733.206822420535
787,LOAD,28863824,3464.544406867226
788,LOAD,25937956,3855.3539068383034
789,LOAD,29418538,3399.2171874754617
790,LOAD,25937045,3855.48932039097
791,LOAD,26916878,3715.141109604167
792,LOAD,26714869,3743.233777414368
793,LOAD,29558849,3383.0816619415727
794,LOAD,27642834,3617.574088098203
795,LOAD,27258016,3668.6455830094164
796,LOAD,26672845,3749.131373124989
797,LOAD,27225421,3673.0377833275743
798,LOAD,25519791,3918.5273891937436
799,LOAD,31927039,3132.141380226334
800,LOAD,29448722,3395.7330983667134
801,LOAD,28880406,3462.5552009206517
802,LOAD,26562936,3764.6440890419644
803,LOAD,28515730,3506.836402224316
804,LOAD,27191096,3677.674485794909
805,LOAD,30258457,3304.8611831065937
806,LOAD,28227764,3542.6114516190514
807,LOAD,28062912,3563.4220710951163
808,LOAD,27446375,3643.4683997431357
809,LOAD,27738899,3605.0457518158887
810,LOAD,27318965,3660.4607824637574
811,LOAD,28406694,3520.297011683232
812,LOAD,28323527,3530.6337378109724
813,LOAD,28444940,3515.5637522877532
814,LOAD,24848163,4024.4423702468466
815,LOAD,26335699,3797.1272378226986
816,LOAD,22863754,4373.734951836868
817,LOAD,25074353,3988.138796642131
818,LOAD,21312780,4692.020468470092
819,LOAD,26888417,3719.073532666501
820,LOAD,23713627,4216.984605518169
821,LOAD,27761339,3602.131727147599
822,LOAD,24720969,4045.1488774570284
823,LOAD,25839128,3870.0996411334004
824,LOAD,22139697,4516.773648708923
825,LOAD,27946195,3578.304667236452
826,LOAD,24984653,4002.4570283205458
827,LOAD,27471673,3640.1132177133877
828,LOAD,25516105,3919.093450979293
829,LOAD,27539181,3631.1900488253445
830,LOAD,27377287,3652.662880730293
831,LOAD,28077981,3561.5096398847195
832,LOAD,26798762,3731.5156573277527
833,LOAD,27170375,3680.4791983916307
834,LOAD,28215757,3544.118982878964
835,LOAD,28203675,3545.637226354367
836,LOAD,28538329,3504.0594002543035
837,LOAD,28892099,3461.1538607838775
838,LOAD,25249486,3960.4766607922243
839,LOAD,26761885,3736.657563546066
840,LOAD,24940671,4009.515221142206
841,LOAD,29205871,3423.9691053898036
842,LOAD,28038835,3566.4819882851766
843,LOAD,28034272,3567.062486944551
844,LOAD,27202389,3676.1477089383584
845,LOAD,29911627,3343.181566151517
846,LOAD,26994421,3704.4691567935465
847,LOAD,28747353,3478.581141018444
848,LOAD,26293840,3803.1721498267275
849,LOAD,28564067,3500.9020249112286
850,LOAD,26017786,3843.5245796856047
851,LOAD,28192673,3547.020887306429
852,LOAD,26441744,3781.89880364926
853,LOAD,29200481,3424.6011221527483
854,LOAD,26642310,3753.428287562152
855,LOAD,29037008,3443.880994901403
856,LOAD,25181777,3971.1256278697088
857,LOAD,26933750,3712.8138487956558
858,LOAD,24928905,4011.407641049617
859,LOAD,27422618,3646.6248408521756
860,LOAD,23689165,4221.339164972678
861,LOAD,29819099,3353.5553840845428
862,LOAD,26333433,3797.453981788094
863,LOAD,28727216,3481.0195321398355
864,LOAD,25240150,3961.9415890951514
865,LOAD,28943526,3455.004065503284
866,LOAD,25311105,3950.835018858323
867,LOAD,30130497,3318.89646559763
868,LOAD,28433214,3517.0135884040405
869,LOAD,27688862,3611.560489557137
870,LOAD,27317786,3660.6187631750245
871,LOAD,27905657,3583.5028001670057
872,LOAD,26449977,3780.721624067953
873,LOAD,27155152,3682.5424508763567
874,LOAD,27131201,3685.7933417691315
875,LOAD,28058569,3563.973629588879
876,LOAD,24608171,4063.69087731063
877,LOAD,29538907,3385.3656128847283
878,LOAD,27845856,3591.198632931234
879,LOAD,27892987,3585.1305562935945
880,LOAD,25846441,3869.0046339455403
881,LOAD,27775595,3600.282910231086
882,LOAD,25460731,3927.6170036123476
883,LOAD,31463867,3178.248878308569
884,LOAD,33278776,3004.918209732233
885,LOAD,29753643,3360.932978862454
886,LOAD,28607941,3495.532936117283
887,LOAD,29091753,3437.4002831661605
888,LOAD,27214798,3674.471513622846
889,LOAD,31772857,3147.3405114308734
890,LOAD,30172505,3314.275695703754
891,LOAD,32712059,3056.976633601694
892,LOAD,24427363,4093.7697613942196
893,LOAD,30611169,3266.781480968597
894,LOAD,28440838,3516.0707993203296
895,LOAD,26463685,3778.763237243793
896,LOAD,26637084,3754.164682590632
897,LOAD,27865728,3588.637626836808
898,LOAD,25493769,3922.5271084867836
899,LOAD,28635753,3492.1379577481343
900,LOAD,25277227,3956.1301562074036
901,LOAD,28986764,3449.8504213854294
902,LOAD,27892504,3585.1926381367552
903,LOAD,28501497,3508.587636642384
904,LOAD,24708002,4047.271810970389
905,LOAD,27900231,3584.199715048954
906,LOAD,25086112,3986.26937486367
907,LOAD,28648205,3490.6200929517227
908,LOAD,28328715,3529.987152611758
909,LOAD,29747078,3361.674716420887
910,LOAD,27256449,3668.8564970440575
911,LOAD,26353814,3794.517180701055
912,LOAD,22383719,4467.5328527846505
913,LOAD,28276428,3536.5145838081107
914,LOAD,25602124,3905.925930207978
915,LOAD,28337824,3528.8524623485555
916,LOAD,25381630,3939.8572904892244
917,LOAD,27996575,3571.8654871176204
918,LOAD,25570677,3910.729465629713
919,LOAD,27230552,3672.345679955368
920,LOAD,25204721,3967.510689763239
921,LOAD,26353999,3794.4905439208674
922,LOAD,26019754,3843.233875308737
923,LOAD,29089321,3437.6876655182155
924,LOAD,27048573,3697.052705885815
925,LOAD,28475729,3511.7625961393296
926,LOAD,27211512,3674.915234405203
927,LOAD,27191734,3677.588196471766
928,LOAD,26891976,3718.581334447123
929,LOAD,29156445,3429.7734171638554
930,LOAD,26022293,3842.858890259978
931,LOAD,28737994,3479.713998130837
932,LOAD,26290923,3803.5941149726846
933,LOAD,29091308,3437.4528639276036
934,LOAD,27282060,3665.4123625561997
935,LOAD,25689763,3892.6011111896983
936,LOAD,27473602,3639.857634976295
937,LOAD,28145115,3553.0144396283335
938,LOAD,26963158,3708.7643813829227
939,LOAD,25259429,3958.917677830326
940,LOAD,27209534,3675.1823827633357
941,LOAD,29350198,3407.132040472095
942,LOAD,25186640,3970.3588886806656
943,LOAD,28239898,3541.0892773054634
944,LOAD,25965992,3851.1912042490035
945,LOAD,28470159,3512.4496494733307
946,LOAD,26154337,3823.4576544609026
947,LOAD,28828168,3468.8295142445404
948,LOAD,27389949,3650.974304479355
949,LOAD,29474147,3392.8038697778093
950,LOAD,24938488,4009.8661955768926
951,LOAD,29422073,3398.808778701623
952,LOAD,25739170,3885.1291630615906
953,LOAD,29736059,3362.920419279502
954,LOAD,25222486,3964.71624565477
955,LOAD,29966544,3337.054816865101
956,LOAD,26405528,3787.0857950653362
957,LOAD,30545943,3273.7571729247315
958,LOAD,24886160,4018.2977205000693
959,LOAD,28685143,3486.1252042564333
960,LOAD,25260940,3958.6808725249334
961,LOAD,30805445,3246.1793686148667
962,LOAD,27166750,3680.970303772074
963,LOAD,25070424,3988.7638118924515
964,LOAD,27287235,3664.717220341306
965,LOAD,29025567,3445.2384685542925
966,LOAD,26128831,3827.1899726398015
967,LOAD,27374341,3653.055976763057
968,LOAD,26741209,3739.5467048628952
969,LOAD,29604038,3377.917566515757
970,LOAD,27005224,3702.98724424578
971,LOAD,26310193,3800.808302698502
972,LOAD,27888091,3585.759957538865
973,LOAD,28953380,3453.828188625991
974,LOAD,26146094,3824.66306439501
975,LOAD,28905827,3459.5100842470274
976,LOAD,27097937,3690.3178275157993
977,LOAD,25991762,3847.372871450578
978,LOAD,27856066,3589.882361708936
979,LOAD,28404459,3520.5740056517184
980,LOAD,26158685,3822.8221334520445
981,LOAD,28813167,3470.635491058654
982,LOAD,29117981,3434.304047385703
983,LOAD,27118077,3687.5771095420964
984,LOAD,26817344,3728.930053624997
985,LOAD,23793406,4202.845107589892
986,LOAD,26795379,3731.986772793921
987,LOAD,27644668,3617.3340913336347
988,LOAD,24660618,4055.048417683612
989,LOAD,27886494,3585.9653063594155
990,LOAD,24879139,4019.431701394489
991,LOAD,24503640,4081.0263291494653
992,LOAD,26342121,3796.201528343143
993,LOAD,26393910,3788.7527842597024
994,LOAD,24469000,4086.803710817769
995,LOAD,23853483,4192.259889258101
996,LOAD,21240857,4707.907971886445
997,LOAD,26468710,3778.0458511200586
998,LOAD,22747886,4396.012886648016
999,LOAD,29845914,3350.5423891524983
1000,LOAD,25206584,3967.2174539794837
1001,LOAD,29200633,3424.583295848415
1002,LOAD,25653482,3898.106307751907
1003,LOAD,29438933,3396.862243614604
1004,LOAD,25856445,3867.5076948899978
1005,LOAD,28356766,3526.4952286872203
1006,LOAD,26481434,3776.2305470315546
1007,LOAD,30308957,3299.3547089066774
1008,LOAD,27308513,3661.8617791455727
1009,LOAD,25963088,3851.6219642286
1010,LOAD,26701402,3745.121698104092
1011,LOAD,29689477,3368.1967520007174
1012,LOAD,26405556,3787.081779304325
1013,LOAD,26265111,3807.332091610045
1014,LOAD,28028812,3567.7573491163307
1015,LOAD,28860081,3464.99373996906
1016,LOAD,26454907,3780.0170682890703
1017,LOAD,28228406,3542.5308818358358
1018,LOAD,26310994,3800.692592609766
1019,LOAD,28614802,3494.69480865183
1020,LOAD,25920954,3857.882699841989
1021,LOAD,29013157,3446.7121244337527
1022,LOAD,26449089,3780.848557770742
1023,LOAD,28368927,3524.9835145333486
1024,LOAD,26320567,3799.310250421277
1025,LOAD,29639807,3373.8411319614866
1026,LOAD,26314137,3800.2386321846693
1027,LOAD,24049192,4158.143857806116
1028,LOAD,27111689,3688.4459688217876
1029,LOAD,27783033,3599.319052027185
1030,LOAD,28903118,3459.8343334445785
1031,LOAD,27469937,3640.3432596150474
1032,LOAD,26360243,3793.5917358576703
1033,LOAD,29038779,3443.6709615097798
1034,LOAD,25485094,3923.8623173216465
1035,LOAD,28229073,3542.4471784815605
1036,LOAD,26447645,3781.054986181189
1037,LOAD,29102606,3436.11840121809
1038,LOAD,27479796,3639.037203915196
1039,LOAD,28125886,3555.4435511827073
1040,LOAD,25785373,3878.167672812024
1041,LOAD,29392028,3402.283095266512
1042,LOAD,25575264,3910.028064617436
1043,LOAD,28721742,3481.682970343512
1044,LOAD,27526095,3632.916329032505
1045,LOAD,27632331,3618.949121592384
1046,LOAD,26420271,3784.9725311296015
1047,LOAD,29308423,3411.988423942155
1048,LOAD,25892158,3862.1732495221145
1049,LOAD,29708675,3366.0201944381565
1050,LOAD,27001596,3703.4847866029845
1051,LOAD,25577144,3909.7406653377716
1052,LOAD,27286232,3664.851929720454
1053,LOAD,29498532,3389.999204028187
1054,LOAD,25307026,3951.4718165619306
1055,LOAD,29227822,3421.3975984936546
1056,LOAD,26056629,3837.7949810775594
1057,LOAD,27458075,3641.9159026989328
1058,LOAD,28301838,3533.3394248105014
1059,LOAD,26493777,3774.4712654598097
1060,LOAD,27378474,3652.504518695965
1061,LOAD,30756005,3251.397572604114
1062,LOAD,30034299,3329.526685473831
1063,LOAD,33299133,3003.0811913331195
1064,LOAD,27345452,3656.915234021365
1065,LOAD,23420157,4269.8262014212805
1066,LOAD,23312323,4289.57680450807
1067,LOAD,26783164,3733.6888203350436
1068,LOAD,22995143,4348.744428334279
1069,LOAD,28319481,3531.138158923181
1070,LOAD,28192653,3547.023403579649
1071,LOAD,27830160,3593.224041830877
1072,LOAD,24472457,4086.226405464723
1073,LOAD,24409256,4096.806555677076
1074,LOAD,21120733,4734.684160819607
1075,LOAD,25676143,3894.6659550852323
1076,LOAD,27522763,3633.356142332076
1077,LOAD,29655089,3372.102508274381
1078,LOAD,28519273,3506.400741701936
1079,LOAD,29730947,3363.498646713137
1080,LOAD,27264675,3667.7495697271283
1081,LOAD,26830030,3727.16690961583
1082,LOAD,27389065,3651.0921420647255
1083,LOAD,29772419,3358.813403774816
1084,LOAD,27674450,3613.4412788691375
1085,LOAD,29383657,3403.2523589558646
1086,LOAD,26698186,3745.5728265583284
1087,LOAD,28688670,3485.696618211998
1088,LOAD,26603516,3758.9016429256944
1089,LOAD,28845944,3466.6918856945713
1090,LOAD,26757906,3737.2132184035627
1091,LOAD,29438668,3396.8928213735758
1092,LOAD,28838871,3467.5421239617876
1093,LOAD,30007188,3332.534857981361
1094,LOAD,28078406,3561.4557322092996
1095,LOAD,28559659,3501.4423666613106
1096,LOAD,26573640,3763.1276708798646
1097,LOAD,28478707,3511.3953733924786
1098,LOAD,28574059,3499.677802163144
1099,LOAD,29163424,3428.952649730018
1100,LOAD,28370204,3524.8248479284816
1101,LOAD,31588413,3165.7177585971162
1102,LOAD,28353165,3526.943111994728
1103,LOAD,29223908,3421.8558311913657
1104,LOAD,30233516,3307.587513142699
1105,LOAD,34555468,2893.898007690129
1106,LOAD,30952891,3230.7159935399895
1107,LOAD,33608595,2975.4293507360244
1108,LOAD,29727030,3363.9418401367375
1109,LOAD,29564725,3382.4092732132635
1110,LOAD,29451000,3395.4704424297984
1111,LOAD,29938744,3340.1534813885314
1112,LOAD,28874631,3463.2477208107007
1113,LOAD,29370732,3404.7500075925923
1114,LOAD,25836444,3870.5016835908223
1115,LOAD,28657561,3489.48048998308
1116,LOAD,25567436,3911.225200681054
1117,LOAD,28987325,3449.783655442508
1118,LOAD,25668810,3895.7785732957627
1119,LOAD,28890861,3461.302174414255
1120,LOAD,27591469,3624.3086585929873
1121,LOAD,29552564,3383.801148353828
1122,LOAD,30379933,3291.6464957312446
1123,LOAD,31016823,3224.0568287732112
1124,LOAD,28426083,3517.895870493307
1125,LOAD,29414412,3399.6940003424174
1126,LOAD,27167779,3680.8308842618308
1127,LOAD,28689613,3485.5820467149556
1128,LOAD,28732059,3480.4327806788924
1129,LOAD,30099480,3322.3165317141693
1130,LOAD,25050598,3991.9206719137005
1131,LOAD,30336049,3296.4081776107364
1132,LOAD,27825221,3593.861842103608
1133,LOAD,29679685,3369.3079963618216
1134,LOAD,28711849,3482.8826245220225
1135,LOAD,29709216,3365.9588997568967
1136,LOAD,28300443,3533.5135919957156
1137,LOAD,30456851,3283.3335265027895
1138,LOAD,28280883,3535.957487607441
1139,LOAD,29450293,3395.5519559686554
1140,LOAD,28984076,3450.17036251216
1141,LOAD,30308197,3299.4374426165964
1142,LOAD,29591189,3379.3843160543497
1143,LOAD,28487424,3510.320905112375
1144,LOAD,27780487,3599.6489190416282
1145,LOAD,29298069,3413.1942279199357
1146,LOAD,29351998,3406.9230994087693
1147,LOAD,30507382,3277.895166487901
1148,LOAD,28722866,3481.5467230881486
1149,LOAD,31813304,3143.339025710753
1150,LOAD,29987491,3334.723802001308
1151,LOAD,29986115,3334.8768254907313
1152,LOAD,29426038,3398.3508075399072
1153,LOAD,28649787,3490.4273459345436
1154,LOAD,29657160,3371.8670297493086
1155,LOAD,27751629,3603.3920747499183
1156,LOAD,26988416,3705.2934118104595
1157,LOAD,28260405,3538.5197062816333
1158,LOAD,26008736,3844.861972531076
1159,LOAD,30119639,3320.092913464202
1160,LOAD,22208814,4502.716804238174
1161,LOAD,23146787,4320.2540378498325
1162,LOAD,26152991,3823.654434018656
1163,LOAD,26935214,3712.612047559748
1164,LOAD,30298869,3300.453228138648
1165,LOAD,30881024,3238.2345870396007
1166,LOAD,27873595,3587.6247753474213
1167,LOAD,27115449,3687.9345055285644
1168,LOAD,27448388,3643.2011963689815
1169,LOAD,27219348,3673.857287103277
1170,LOAD,28087541,3560.29742867131
1171,LOAD,27228391,3672.6371381988747
1172,LOAD,27773115,3600.6043974541567
1173,LOAD,26880329,3720.192561631221
1174,LOAD,27466136,3640.8470416078912
1175,LOAD,27833007,3592.856495886341
1176,LOAD,28166097,3550.367663648961
1177,LOAD,27404970,3648.973160707711
1178,LOAD,28920578,3457.7455540480555
1179,LOAD,29362298,3405.7279849145325
1180,LOAD,29785856,3357.2981753487293
1181,LOAD,28834886,3468.0213405386794
1182,LOAD,30142598,3317.564066640838
1183,LOAD,28660426,3489.13166887331
1184,LOAD,29724295,3364.2513640777684
1185,LOAD,28063205,3563.384866411374
1186,LOAD,31300104,3194.8775633461155
1187,LOAD,28633347,3492.4313947649916
1188,LOAD,30475516,3281.322619771229
1189,LOAD,29926039,3341.5715324036037
1190,LOAD,32745203,3053.882426687048
1191,LOAD,27600416,3623.1337962442303
1192,LOAD,30155304,3316.1662041278046
1193,LOAD,28921200,3457.6711893005822
1194,LOAD,31777312,3146.8992720340852
1195,LOAD,29798181,3355.9095436060343
1196,LOAD,24714931,4046.137130627635
1197,LOAD,28681803,3486.531164027589
1198,LOAD,29602235,3378.123307243524
1199,LOAD,27664543,3614.7352949224573
1200,LOAD,29323998,3410.1761976658163
1201,LOAD,27171444,3680.3343981276817
1202,LOAD,27739596,3604.955169498503
1203,LOAD,27619127,3620.6792488408487
1204,LOAD,27881488,3586.6091508458944
1205,LOAD,27501517,3636.1630523872554
1206,LOAD,28466180,3512.940619359535
1207,LOAD,28741209,3479.3247563107034
1208,LOAD,29388086,3402.73946387662
1209,LOAD,27342957,3657.2489215412947
1210,LOAD,27934445,3579.8098011254565
1211,LOAD,31408069,3183.895195849194
1212,LOAD,24057992,4156.62288024703
1213,LOAD,32163153,3109.1479122087317
1214,LOAD,30001096,3333.211560004341
1215,LOAD,30824368,3244.1865474743877
1216,LOAD,29445130,3396.147342531685
1217,LOAD,30201617,3311.080992782605
1218,LOAD,27590903,3624.383007689165
1219,LOAD,30188121,3312.561255468666
1220,LOAD,29317577,3410.9230786705193
1221,LOAD,33364036,2997.239302822956
1222,LOAD,31138787,3211.42888449701
1223,LOAD,31829168,3141.772351699548
1224,LOAD,27545305,3630.3827458073165
1225,LOAD,27548206,3630.000443586054
1226,LOAD,28369891,3524.863736698883
1227,LOAD,27965162,3575.877729583687
1228,LOAD,31828325,3141.855564186931
1229,LOAD,31894489,3135.3378948946324
1230,LOAD,30546404,3273.7077660597956
1231,LOAD,30104112,3321.805340081116
1232,LOAD,29205031,3424.067586163493
1233,LOAD,30563487,3271.8779764887427
1234,LOAD,30812051,3245.4833986870917
1235,LOAD,29411737,3400.003202803017
1236,LOAD,31624392,3162.1161285883377
1237,LOAD,26590760,3760.7048463451215
1238,LOAD,25939903,3855.0645312744614
1239,LOAD,30795647,3247.212179045954
1240,LOAD,28895853,3460.704205548111
1241,LOAD,30369991,3292.7240577713706
1242,LOAD,28445813,3515.4558598834915
1243,LOAD,27704896,3609.4703261113123
1244,LOAD,25496075,3922.1723343691133
1245,LOAD,27596871,3623.5992116642497
1246,LOAD,28200802,3545.9984435903634
1247,LOAD,27211168,3674.96169219932
1248,LOAD,27540827,3630.9730277888893
1249,LOAD,21374189,4678.5400840237735
1250,LOAD,32812407,3047.627685466659
1251,LOAD,29857164,3349.279924911824
1252,LOAD,28714747,3482.531118940383
1253,LOAD,28197740,3546.3835044936222
1254,LOAD,28484750,3510.6504357594854
1255,LOAD,27226763,3672.856740259575
1256,LOAD,29746557,3361.7335949165476
1257,LOAD,27248601,3669.9131819648283
1258,LOAD,28817577,3470.1043741463764
1259,LOAD,30837410,3242.8144905814074
1260,LOAD,30156804,3316.001257958237
1261,LOAD,29318369,3410.830936741399
1262,LOAD,31341068,3190.701733584829
1263,LOAD,28839838,3467.4258572464937
1264,LOAD,29007190,3447.4211393795813
1265,LOAD,28496721,3509.1756697200353
1266,LOAD,29716436,3365.141095654943
1267,LOAD,28225199,3542.9333908327803
1268,LOAD,29526678,3386.767722396675
1269,LOAD,32953373,3034.590723080153
1270,LOAD,32861061,3043.1153759764484
1271,LOAD,32469916,3079.773905174254
1272,LOAD,29969169,3336.7625241794326
1273,LOAD,30862378,3240.1910183330656
1274,LOAD,33051602,3025.571952609135
1275,LOAD,30867011,3239.704680184291
1276,LOAD,32545921,3072.5816608477603
1277,LOAD,31286973,3196.2184389010727
1278,LOAD,32543363,3072.823174421156
1279,LOAD,32841956,3044.885633486629
1280,LOAD,28762787,3476.7145478635293
1281,LOAD,30258932,3304.80930391066
1282,LOAD,31985315,3126.434740442606
1283,LOAD,26122882,3828.0615438985637
1284,LOAD,29384903,3403.108051777472
1285,LOAD,28730316,3480.6439302651597
1286,LOAD,28713865,3482.6380913889507
1287,LOAD,29429936,3397.9006954007646
1288,LOAD,29424320,3398.5492273058476
1289,LOAD,28743149,3479.089921567049
1290,LOAD,30694635,3257.898326531656
1291,LOAD,27965337,3575.8553526460278
1292,LOAD,27191484,3677.622008419989
1293,LOAD,27166598,3680.9908991917205
1294,LOAD,27043324,3697.7702888890435
1295,LOAD,27202406,3676.145411549258
1296,LOAD,27419385,3647.0548117691187
1297,LOAD,28273773,3536.8466741244615
1298,LOAD,29078849,3438.925660365718
1299,LOAD,25848183,3868.7438881100466
1300,LOAD,32835531,3045.481432902669
1301,LOAD,27028769,3699.7615392695093
1302,LOAD,34128441,2930.1074725329527
1303,LOAD,31291038,3195.8032200785415
1304,LOAD,30553190,3272.9806609391685
1305,LOAD,30084736,3323.944740615307
1306,LOAD,27809118,3595.9428846322994
1307,LOAD,29249339,3418.880679662539
1308,LOAD,28490459,3509.946961542459
1309,LOAD,29644815,3373.2711774386175
1310,LOAD,31755975,3149.0136895497617
1311,LOAD,28681949,3486.5134165045756
1312,LOAD,29938397,3340.1921953269575
1313,LOAD,30081538,3324.298112682935
1314,LOAD,33572971,2978.586554046706
1315,LOAD,29269328,3416.5458120528083
1316,LOAD,30501009,3278.580062712024
1317,LOAD,30011829,3332.019518037371
1318,LOAD,28861411,3464.8340651120625
1319,LOAD,29413310,3399.8213733850425
1320,LOAD,30774097,3249.486085651839
1321,LOAD,28938533,3455.600185399861
1322,LOAD,31078969,3217.6099535348167
1323,LOAD,26679408,3748.209105689302
1324,LOAD,30301886,3300.124619305874
1325,LOAD,29365295,3405.3803988688005
1326,LOAD,29877053,3347.0503265499447
1327,LOAD,29654522,3372.166983504236
1328,LOAD,28302748,3533.225819627126
1329,LOAD,27193684,3677.3244846119414
1330,LOAD,26798327,3731.5762286205404
1331,LOAD,32214989,3104.1450922115787
1332,LOAD,32056615,3119.480955802726
1333,LOAD,29406470,3400.6121782043206
1334,LOAD,28369772,3524.8785221114927
1335,LOAD,28254892,3539.2101304085677
1336,LOAD,30320341,3298.115941374142
1337,LOAD,27391196,3650.8080917678803
1338,LOAD,30008095,3332.4341315235106
1339,LOAD,28565016,3500.7857163461767
1340,LOAD,28208967,3544.9720650883814
1341,LOAD,24339756,4108.504620999488
1342,LOAD,32372156,3089.074450277578
1343,LOAD,28533859,3504.6083321572455
1344,LOAD,30394616,3290.05637050983
1345,LOAD,28611179,3495.1373377517925
1346,LOAD,32801653,3048.6268481652432
1347,LOAD,28731783,3480.466214018114
1348,LOAD,30177173,3313.76302213597
1349,LOAD,28140225,3553.6318561774115
1350,LOAD,32666528,3061.2374844366686
1351,LOAD,28482211,3510.9633869364984
1352,LOAD,30411693,3288.2089135912297
1353,LOAD,30983552,3227.5189106788016
1354,LOAD,32709526,3057.2133634709353
1355,LOAD,29879554,3346.7701693271592
1356,LOAD,33649486,2971.813596201737
1357,LOAD,26931000,3713.192974638892
1358,LOAD,30280471,3302.4585383761037
1359,LOAD,31201702,3204.9533708129125
1360,LOAD,32042780,3120.827843277019
1361,LOAD,30509140,3277.7062873617547
1362,LOAD,33440416,2990.3934209430886
1363,LOAD,30519441,3276.5999875292605
1364,LOAD,31947815,3130.1045157548333
1365,LOAD,30046306,3328.1961516334154
1366,LOAD,30656225,3261.980234030772
1367,LOAD,33342695,2999.1576865637285
1368,LOAD,29266599,3416.8643920668746
1369,LOAD,29075095,3439.3696735986587
1370,LOAD,30875152,3238.850451651218
1371,LOAD,27952970,3577.4373885851846
1372,LOAD,29754787,3360.803759072448
1373,LOAD,30262498,3304.419879680785
1374,LOAD,29736824,3362.8339058670153
1375,LOAD,28507317,3507.8713300167815
1376,LOAD,31861440,3138.590095111834
1377,LOAD,28266449,3537.7630915011646
1378,LOAD,28854917,3465.6138501455403
1379,LOAD,23390232,4275.288932576641
1380,LOAD,29039180,3443.623408098989
1381,LOAD,27679451,3612.7884183830092
1382,LOAD,28842098,3467.1541577869957
1383,LOAD,27687403,3611.7508023414116
1384,LOAD,30328467,3297.2322669655546
1385,LOAD,29293287,3413.7514168348534
1386,LOAD,30308874,3299.363744096861
1387,LOAD,28371973,3524.605074169498
1388,LOAD,28495574,3509.316920585632
1389,LOAD,28067414,3562.850499871488
1390,LOAD,29984096,3335.101381745843
1391,LOAD,28992070,3449.2190450699104
1392,LOAD,31248080,3200.1966200803377
1393,LOAD,28248669,3539.9897956254154
1394,LOAD,28121450,3556.0044023334503
1395,LOAD,28637878,3491.8788326425583
1396,LOAD,30278039,3302.7237992526534
1397,LOAD,30431786,3286.037828998929
1398,LOAD,28866993,3464.1640714015484
1399,LOAD,27596029,3623.7097736054707
1400,LOAD,27684710,3612.1021314653467
1401,LOAD,28154702,3551.804597328006
1402,LOAD,28176646,3549.038448366069
1403,LOAD,31910672,3133.7478571432152
1404,LOAD,33430488,2991.281491314156
1405,LOAD,30604820,3267.4591779987595
1406,LOAD,30910969,3235.0975474110824
1407,LOAD,29744312,3361.9873271904894
1408,LOAD,28886048,3461.878897383263
1409,LOAD,27117671,3687.632319161922
1410,LOAD,30436318,3285.5485344843614
1411,LOAD,33045022,3026.1744113833543
1412,LOAD,27458437,3641.867889275708
1413,LOAD,28662711,3488.853514240157
1414,LOAD,27398183,3649.8770739650877
1415,LOAD,27116555,3687.784086142211
1416,LOAD,30377301,3291.9316959725948
1417,LOAD,27721889,3607.2577882409096
1418,LOAD,28667315,3488.293200810749
1419,LOAD,28237444,3541.3970187953273
1420,LOAD,29660321,3371.5076785581655
1421,LOAD,28363199,3525.695391411949
1422,LOAD,30735103,3253.608748277173
1423,LOAD,28306687,3532.734155713807
1424,LOAD,27996899,3571.8241509532895
1425,LOAD,28465760,3512.992451281821
1426,LOAD,32303691,3095.621487959379
1427,LOAD,30163828,3315.229088297414
1428,LOAD,28093024,3559.602554712515
1429,LOAD,29481223,3391.9895385615446
1430,LOAD,23105650,4327.945762183708
1431,LOAD,31853084,3139.413439527551
1432,LOAD,30196502,3311.641858384789
1433,LOAD,31196285,3205.509886834282
1434,LOAD,29171009,3428.061058840988
1435,LOAD,28982017,3450.415476603992
1436,LOAD,29172262,3427.913817584663
1437,LOAD,30016481,3331.503116571193
1438,LOAD,28494201,3509.486017874304
1439,LOAD,31749472,3149.6586777884054
1440,LOAD,28718700,3482.0517641815263
1441,LOAD,29868833,3347.9714456872152
1442,LOAD,31287225,3196.192695261405
1443,LOAD,33145638,3016.988238392032
1444,LOAD,30424098,3286.8681924440293
1445,LOAD,32177383,3107.7729347970903
1446,LOAD,28583504,3498.5213849218767
1447,LOAD,30671480,3260.3578307926455
1448,LOAD,29914299,3342.882947048166
1449,LOAD,33912514,2948.7639872408163
1450,LOAD,31599355,3164.621556357717
1451,LOAD,33467696,2987.9559082883984
1452,LOAD,28694710,3484.962907797291
1453,LOAD,32134428,3111.9271828955534
1454,LOAD,27766412,3601.473607753137
1455,LOAD,27886990,3585.9015261238305
1456,LOAD,28530527,3505.0176255068827
1457,LOAD,26945240,3711.2306292317307
1458,LOAD,26468413,3778.0882442781894
1459,LOAD,28661617,3488.9866820842662
1460,LOAD,26061955,3837.010692405846
1461,LOAD,29285402,3414.6705583894664
1462,LOAD,29424096,3398.5750998093536
1463,LOAD,29313057,3411.44903446952
1464,LOAD,28772666,3475.520829387169
1465,LOAD,31042067,3221.434964366258
1466,LOAD,28372317,3524.562340114838
1467,LOAD,29199608,3424.7035097183493
1468,LOAD,25012127,3998.0606207540845
1469,LOAD,28211567,3544.6453577002653
1470,LOAD,29060152,3441.1382294215114
1471,LOAD,30683836,3259.0449251521222
1472,LOAD,30202025,3311.036263296915
1473,LOAD,30128100,3319.1605179218072
1474,LOAD,30961125,3229.8567962242973
1475,LOAD,29976171,3335.983104713407
1476,LOAD,30862822,3240.144404163689
1477,LOAD,28679794,3486.7753931565894
1478,LOAD,26865551,3722.2389371429604
1479,LOAD,29215536,3422.836397730304
1480,LOAD,31734815,3151.113375011009
1481,LOAD,32028630,3122.206600781863
1482,LOAD,30540665,3274.322939595454
1483,LOAD,31568130,3167.751780038919
1484,LOAD,29476783,3392.500463839626
1485,LOAD,37377586,2675.4001716429734
1486,LOAD,32274322,3098.4384427967225
1487,LOAD,32147737,3110.63886083179
1488,LOAD,26468229,3778.114508530208
1489,LOAD,30044344,3328.413494400144
1490,LOAD,30687437,3258.6624943621064
1491,LOAD,30374962,3292.185188577355
1492,LOAD,29826959,3352.6716551962268
1493,LOAD,32370897,3089.194593526401
1494,LOAD,33010337,3029.354108078327
1495,LOAD,33080870,3022.8951052375587
1496,LOAD,31530016,3171.58101029825
1497,LOAD,30572124,3270.953630830491
1498,LOAD,28209352,3544.923683464973
1499,LOAD,30039528,3328.947112617748
1500,LOAD,28851639,3466.0075983898173
1501,LOAD,29763786,3359.7876291678754
1502,LOAD,25131315,3979.099382583044
1503,LOAD,27094445,3690.793444929394
1504,LOAD,28566780,3500.5695426645916
1505,LOAD,31993875,3125.59825904177
1506,LOAD,29060887,3441.051197095257
1507,LOAD,28132271,3554.6365951046046
1508,LOAD,30359890,3293.8195757626263
1509,LOAD,30850323,3241.4571477906406
1510,LOAD,29406346,3400.6265178271383
1511,LOAD,31580170,3166.5440686354764
1512,LOAD,30601891,3267.7719164479086
1513,LOAD,31695278,3155.044104677044
1514,LOAD,30280231,3302.48471354132
1515,LOAD,31020415,3223.6835000434394
1516,LOAD,29861098,3348.838679676146
1517,LOAD,29106468,3435.662478868958
1518,LOAD,28835026,3468.0045025796057
1519,LOAD,30436892,3285.48657333344
1520,LOAD,30779439,3248.922113232798
1521,LOAD,29970048,3336.664659329208
1522,LOAD,31161646,3209.0731022359987
1523,LOAD,31299395,3194.9499343357916
1524,LOAD,29002690,3447.956034423014
1525,LOAD,29879290,3346.799739886724
1526,LOAD,30817062,3244.955667740163
1527,LOAD,34009001,2940.3980434473806
1528,LOAD,30394635,3290.0543138616404
1529,LOAD,33961387,2944.520493229561
1530,LOAD,30378709,3291.779120699303
1531,LOAD,32628498,3064.8054961034372
1532,LOAD,27054514,3696.240856516587
1533,LOAD,32568983,3070.405974911774
1534,LOAD,33231750,3009.1704469370407
1535,LOAD,33542045,2981.3328316743955
1536,LOAD,32683197,3059.676199975174
1537,LOAD,32173033,3108.193125590615
1538,LOAD,32808190,3048.0194122260323
1539,LOAD,30990113,3226.835603987633
1540,LOAD,32233207,3102.3906494938587
1541,LOAD,32894058,3040.0627371666947
1542,LOAD,33176362,3014.1942627705835
1543,LOAD,30813764,3245.3029756442606
1544,LOAD,33727012,2964.982489406414
1545,LOAD,32136347,3111.7413562904335
1546,LOAD,32358300,3090.397208753241
1547,LOAD,32058215,3119.3252649905808
1548,LOAD,33115079,3019.7723520454233
1549,LOAD,29802956,3355.3718631131756
1550,LOAD,30616074,3266.258110037231
1551,LOAD,31837753,3140.925177728466
1552,LOAD,30542949,3274.0780859110887
1553,LOAD,29535960,3385.7033934227975
1554,LOAD,31886084,3136.1643530764077
1555,LOAD,27590616,3624.4207088381063
1556,LOAD,28818674,3469.9722825554013
1557,LOAD,29339837,3408.3352269475795
1558,LOAD,28546863,3503.011872092566
1559,LOAD,32945052,3035.357175942536
1560,LOAD,30041071,3328.7761278550956
1561,LOAD,31036307,3222.032827552582
1562,LOAD,29301795,3412.760208035037
1563,LOAD,29823991,3353.005303683199
1564,LOAD,30763519,3250.603417638925
1565,LOAD,33453202,2989.2504759335147
1566,LOAD,31265509,3198.4126661747296
1567,LOAD,33031820,3027.3838983138075
1568,LOAD,28782926,3474.2819406199355
1569,LOAD,25894698,3861.794410577795
1570,LOAD,24566750,4070.5425015518945
1571,LOAD,30278246,3302.701219879117
1572,LOAD,29035717,3444.0341183928745
1573,LOAD,29760138,3360.1994721933074
1574,LOAD,30215142,3309.5988759543147
1575,LOAD,35061924,2852.0967645700216
1576,LOAD,30907914,3235.417310919139
1577,LOAD,33442744,2990.1852551333704
1578,LOAD,30381269,3291.5017473430753
1579,LOAD,33391964,2994.7325051021257
1580,LOAD,30529982,3275.4686851764277
1581,LOAD,30884824,3237.8361618638332
1582,LOAD,28247129,3540.1827916741554
1583,LOAD,29847391,3350.3765873539837
1584,LOAD,29650410,3372.6346448497675
1585,LOAD,29707970,3366.1000734819645
1586,LOAD,29105989,3435.7190198896865
1587,LOAD,31720958,3152.4899090374256
1588,LOAD,29026449,3445.133781262737
1589,LOAD,30294376,3300.9427228340996
1590,LOAD,28331253,3529.670925602902
1591,LOAD,31103714,3215.050138385403
1592,LOAD,31099880,3215.4464904687734
1593,LOAD,33765811,2961.5755416033103
1594,LOAD,30723971,3254.7876054172816
1595,LOAD,32864154,3042.82897408526
1596,LOAD,31654450,3159.1134895725563
1597,LOAD,31843999,3140.3091050216403
1598,LOAD,30149153,3316.842765035555
1599,LOAD,30874061,3238.964903256491
1600,LOAD,31143843,3210.90752994099
1601,LOAD,28639159,3491.722644509219
1602,LOAD,27652367,3616.32694951575
1603,LOAD,29741751,3362.276820890606
1604,LOAD,30554359,3272.855437746215
1605,LOAD,31107287,3214.680855967928
1606,LOAD,29748619,3361.5005792369725
1607,LOAD,30295346,3300.8370328564656
1608,LOAD,32683058,3059.68921268016
1609,LOAD,26275312,3805.8539514202535
1610,LOAD,33092540,3021.8290889729224
1611,LOAD,32757666,3052.7205448642158
1612,LOAD,33216624,3010.540746103517
1613,LOAD,32765312,3052.0081725454042
1614,LOAD,28083136,3560.855881622337
1615,LOAD,30893611,3236.915231437335
1616,LOAD,32209776,3104.647483422424
1617,LOAD,28747010,3478.622646320435
1618,LOAD,29310275,3411.7728339293985
1619,LOAD,30812524,3245.433577593319
1620,LOAD,32341769,3091.9768179656467
1621,LOAD,32136737,3111.7035933050697
1622,LOAD,32899733,3039.53834518961
1623,LOAD,31200888,3205.03698484479
1624,LOAD,30679309,3259.525825695748
1625,LOAD,29219755,3422.3421791182027
1626,LOAD,28865009,3464.4021763513047
1627,LOAD,28374250,3524.3222287813774
1628,LOAD,28264168,3538.0485992016465
1629,LOAD,30843552,3242.168735948441
1630,LOAD,30473942,3281.4921023345128
1631,LOAD,29499460,3389.8925607451797
1632,LOAD,25798594,3876.1802290465907
1633,LOAD,30750568,3251.9724513706547
1634,LOAD,29536662,3385.622925163311
1635,LOAD,29434947,3397.32223740712
1636,LOAD,32261752,3099.6456733037935
1637,LOAD,30491282,3279.6259599711157
1638,LOAD,32099312,3115.331568477231
1639,LOAD,28783061,3474.265645339111
1640,LOAD,30631507,3264.612478909379
1641,LOAD,28215911,3544.0996393843175
1642,LOAD,31952544,3129.641257985593
1643,LOAD,28103251,3558.3071865956003
1644,LOAD,29175553,3427.527149185484
1645,LOAD,29288670,3414.289552922683
1646,LOAD,31180802,3207.1016005297106
1647,LOAD,31041086,3221.5367722637025
1648,LOAD,31632659,3161.2897290739925
1649,LOAD,31562017,3168.365317083506
1650,LOAD,31068695,3218.6739739149
1651,LOAD,30498985,3278.7976386755167
1652,LOAD,32430679,3083.500040193423
1653,LOAD,29753204,3360.982568465568
1654,LOAD,31516083,3172.9831400685166
1655,LOAD,31935933,3131.2690942832323
1656,LOAD,30203289,3310.8976972673404
1657,LOAD,30402381,3289.2160650180654
1658,LOAD,33665749,2970.3779945605847
1659,LOAD,30040766,3328.8099244872783
1660,LOAD,33957031,2944.898215630218
1661,LOAD,30802723,3246.4662296252186
1662,LOAD,32627276,3064.9202832623846
1663,LOAD,30415711,3287.774532050229
1664,LOAD,31977623,3127.1867830826577
1665,LOAD,31625618,3161.993545865254
1666,LOAD,29520690,3387.4546970277456
1667,LOAD,29469217,3393.371462838663
1668,LOAD,30723201,3254.8691785077995
1669,LOAD,28963241,3452.652277416053
1670,LOAD,30221680,3308.882894663698
1671,LOAD,28191152,3547.212260073657
1672,LOAD,30494676,3279.26094377917
1673,LOAD,27957863,3576.81128918902
1674,LOAD,33099797,3021.1665648583885
1675,LOAD,28300330,3533.527700913735
1676,LOAD,31095758,3215.8727245047376
1677,LOAD,33094407,3021.658614399708
1678,LOAD,19333873,5172.26941544511
1679,LOAD,32805381,3048.2804025351816
1680,LOAD,32959825,3033.9966914266083
1681,LOAD,32606872,3066.8381806141965
1682,LOAD,31613196,3163.23601068364
1683,LOAD,27909616,3582.994477602271
1684,LOAD,30125108,3319.490174109915
1685,LOAD,30252489,3305.5131430673355
1686,LOAD,30432661,3285.9433488251325
1687,LOAD,29595934,3378.8425126235243
1688,LOAD,30274597,3303.099294765179
1689,LOAD,29803939,3355.261195508419
1690,LOAD,30912184,3234.970392256982
1691,LOAD,30795180,3247.261422079689
1692,LOAD,31269437,3198.0108883955922
1693,LOAD,33074455,3023.481414886504
1694,LOAD,31596354,3164.9221299394226
1695,LOAD,32607215,3066.8059201008123
1696,LOAD,26934256,3712.744098073472
1697,LOAD,29276598,3415.697411290752
1698,LOAD,31387597,3185.9718346708732
1699,LOAD,31632472,3161.3084175021163
1700,LOAD,31531390,3171.442806676141
1701,LOAD,30554594,3272.830265720435
1702,LOAD,31115852,3213.7959776900857
1703,LOAD,27386457,3651.4398339295954
1704,LOAD,31061734,3219.3952855304215
1705,LOAD,30415901,3287.7539942019143
1706,LOAD,31039455,3221.7060512177163
1707,LOAD,32359290,3090.3026611523305
1708,LOAD,32170238,3108.463170213413
1709,LOAD,27982273,3573.691100790847
1710,LOAD,30255171,3305.22012253707
1711,LOAD,30340617,3295.9118794452993
1712,LOAD,30011885,3332.013300730694
1713,LOAD,28743120,3479.0934317499286
1714,LOAD,31327185,3192.1157295173502
1715,LOAD,29638595,3373.979097187299
1716,LOAD,31754992,3149.1111696705825
1717,LOAD,30647635,3262.894510457332
1718,LOAD,29972315,3336.4122858044166
1719,LOAD,32350528,3091.1396562059203
1720,LOAD,29923124,3341.897055935737
1721,LOAD,30563700,3271.8551746025514
1722,LOAD,30630732,3264.6950781326414
1723,LOAD,31353134,3189.4738178326925
1724,LOAD,29927783,3341.3768069622797
1725,LOAD,34005707,2940.6828683197205
1726,LOAD,29908674,3343.5116515028385
1727,LOAD,30193037,3312.0219075676287
1728,LOAD,32975625,3032.5429768199997
1729,LOAD,31455704,3179.0736586280186
1730,LOAD,32889774,3040.458715222549
1731,LOAD,33383908,2995.455175589389
1732,LOAD,34539874,2895.204539541748
1733,LOAD,31505959,3174.0027338955147
1734,LOAD,32140830,3111.307330893446
1735,LOAD,28899880,3460.221980160471
1736,LOAD,34153502,2927.9574317152014
1737,LOAD,32570065,3070.303973909785
1738,LOAD,34210118,2923.1118115406675
1739,LOAD,28612256,3495.0057765455476
1740,LOAD,31701794,3154.395615591976
1741,LOAD,31713647,3153.216657800347
1742,LOAD,30632348,3264.5228501582706
1743,LOAD,29996199,3333.755720183081
1744,LOAD,31139139,3211.3925821776897
1745,LOAD,33049930,3025.72501666418
1746,LOAD,32791668,3049.5551491921665
1747,LOAD,29640656,3373.7444947237336
1748,LOAD,31182184,3206.959461210286
1749,LOAD,33067526,3024.114957980225
1750,LOAD,33087783,3022.263534549897
1751,LOAD,31442008,3180.4584490914194
1752,LOAD,31561608,3168.406375239183
1753,LOAD,33534601,2981.994626982441
1754,LOAD,30949691,3231.050028900127
1755,LOAD,33373681,2996.373100108436
1756,LOAD,30825071,3244.112560194914
1757,LOAD,31163453,3208.887025452539
1758,LOAD,24682502,4051.4531306429144
1759,LOAD,31615398,3163.0156925432348
1760,LOAD,28239182,3541.179061064871
1761,LOAD,30298787,3300.462160415861
1762,LOAD,29735631,3362.9688234966325
1763,LOAD,33802591,2958.3531037605962
1764,LOAD,30605012,3267.438679651555
1765,LOAD,33252542,3007.2888863654393
1766,LOAD,29534514,3385.869156336888
1767,LOAD,31621429,3162.4124260797958
1768,LOAD,31678390,3156.7260836172545
1769,LOAD,31747774,3149.8271343370407
1770,LOAD,32934029,3036.3731081915303
1771,LOAD,31035136,3222.1543994522854
1772,LOAD,35677374,2802.8968723987364
1773,LOAD,33898460,2949.98651856161
1774,LOAD,32387167,3087.6427073723366
1775,LOAD,32630119,3064.6532426069302
1776,LOAD,31262435,3198.727162487503
1777,LOAD,31133226,3212.0025081885187
1778,LOAD,31803071,3144.350430812169
1779,LOAD,30519093,3276.6373496093083
1780,LOAD,30194158,3311.8989441599924
1781,LOAD,31459824,3178.657324974228
1782,LOAD,31051030,3220.5050846944528
1783,LOAD,31865448,3138.195326800364
1784,LOAD,33388407,2995.051545885373
1785,LOAD,33390003,2994.9083862017023
1786,LOAD,33329220,3000.370245688318
1787,LOAD,31798340,3144.81825151879
1788,LOAD,33349767,2998.521698817266
1789,LOAD,32245334,3101.223885601557
1790,LOAD,31980861,3126.8701615006553
1791,LOAD,34355285,2910.7603095127865
1792,LOAD,32881956,3041.1816134052365
1793,LOAD,31158657,3209.380943472628
1794,LOAD,31361859,3188.5864929116606
1795,LOAD,30770133,3249.904704669297
1796,LOAD,30062534,3326.3995643214907
1797,LOAD,32072088,3117.9759796119292
1798,LOAD,32638184,3063.8959569564286
1799,LOAD,30026166,3330.4285335663567
1800,LOAD,30694870,3257.873384054078
1801,LOAD,32060133,3119.138651109152
1802,LOAD,28699895,3484.3333050521614
1803,LOAD,31064990,3219.057852585821
1804,LOAD,31898007,3134.9921015441496
1805,LOAD,32571447,3070.1737015245285
1806,LOAD,28197830,3546.3721853773854
1807,LOAD,33163986,3015.3190873979984
1808,LOAD,29194433,3425.3105720532403
1809,LOAD,31552187,3169.352412877117
1810,LOAD,29988177,3334.6475179201457
1811,LOAD,29011632,3446.893301279983
1812,LOAD,28485539,3510.5531968343657
1813,LOAD,31476124,3177.011248271865
1814,LOAD,31668900,3157.6720378668033
1815,LOAD,33599207,2976.2607194866237
1816,LOAD,32453307,3081.350076280362
1817,LOAD,31554516,3169.1184868752225
1818,LOAD,33010749,3029.316299366609
1819,LOAD,37716857,2651.334388758851
1820,LOAD,28938737,3455.5758255793953
1821,LOAD,32262546,3099.569389223033
1822,LOAD,30195236,3311.780706068997
1823,LOAD,31824146,3142.268138161508
1824,LOAD,32366148,3089.6478629461867
1825,LOAD,30379248,3291.7207167208353
1826,LOAD,32161134,3109.3430971681532
1827,LOAD,32423409,3084.1914247820146
1828,LOAD,31276017,3197.3380753693796
1829,LOAD,34681541,2883.378221284919
1830,LOAD,31793667,3145.2804736238827
1831,LOAD,31219331,3203.143590745106
1832,LOAD,31398992,3184.8156144630375
1833,LOAD,34524491,2896.4945493331097
1834,LOAD,31953244,3129.5726969067678
1835,LOAD,34569821,2892.6964938580386
1836,LOAD,33288281,3004.060197641326
1837,LOAD,32023442,3122.7124179843004
1838,LOAD,31643396,3160.21706393334
1839,LOAD,30492142,3279.5334614406556
1840,LOAD,30044984,3328.3425945575473
1841,LOAD,32078451,3117.3575058222104
1842,LOAD,26129367,3827.111464276957
1843,LOAD,31908368,3133.974134935387
1844,LOAD,30057461,3326.960983164879
1845,LOAD,31853751,3139.3477019394045
1846,LOAD,28234741,3541.7360478001196
1847,LOAD,28637482,3491.927118452663
1848,LOAD,26651764,3752.0968593298367
1849,LOAD,28799430,3472.290944647168
1850,LOAD,28058022,3564.04311038034
1851,LOAD,33399143,2994.0888004222143
1852,LOAD,34102050,2932.3750331724923
1853,LOAD,31960403,3128.8716853789356
1854,LOAD,29423358,3398.6603432551783
1855,LOAD,31902990,3134.502440053425
1856,LOAD,31151503,3210.117983713338
1857,LOAD,31101693,3215.25905358271
1858,LOAD,30944992,3231.5406641565783
1859,LOAD,34356101,2910.69117534612
1860,LOAD,28314947,3531.703591039743
1861,LOAD,32740205,3054.3486212135813
1862,LOAD,31237777,3201.2521249511447
1863,LOAD,31348701,3189.9248393099288
1864,LOAD,32497936,3077.118497617818
1865,LOAD,32292162,3096.7266917588236
1866,LOAD,32623871,3065.240173368758
1867,LOAD,32340659,3092.0829411670306
1868,LOAD,33060109,3024.793414927942
1869,LOAD,31106222,3214.7909186785846
1870,LOAD,31222083,3202.8612568866724
1871,LOAD,34820992,2871.8308771904026
1872,LOAD,29891046,3345.483460163957
1873,LOAD,32881118,3041.259120203881
1874,LOAD,31770927,3147.531704063907
1875,LOAD,32631024,3064.568246463856
1876,LOAD,31583556,3166.2045907686897
1877,LOAD,33900727,2949.7892478825015
1878,LOAD,31395442,3185.1757334711197
1879,LOAD,31414719,3183.221215507291
1880,LOAD,27376509,3652.7666840209613
1881,LOAD,26844024,3725.2239083082327
1882,LOAD,31095574,3215.891753598117
1883,LOAD,32324939,3093.5866576577296
1884,LOAD,28524360,3505.7754144177115
1885,LOAD,31279471,3196.9850129498673
1886,LOAD,30357611,3294.066848672644
1887,LOAD,28111671,3557.2414034014555
1888,LOAD,27756903,3602.707405793795
1889,LOAD,29029643,3444.7547288128894
1890,LOAD,28923085,3457.445843000496
1891,LOAD,31712989,3153.282082619207
1892,LOAD,25773160,3880.0054009675187
1893,LOAD,31072349,3218.2954690680126
1894,LOAD,29546120,3384.5391543796613
1895,LOAD,31344177,3190.3852508234622
1896,LOAD,30639155,3263.7975818850095
1897,LOAD,30540549,3274.335376223918
1898,LOAD,31056024,3219.9872076348215
1899,LOAD,32871571,3042.142403233481
1900,LOAD,30759515,3251.026552271712
1901,LOAD,32507216,3076.2400569768874
1902,LOAD,29585690,3380.0124316857236
1903,LOAD,30292860,3301.107917839385
1904,LOAD,32560951,3071.163369890517
1905,LOAD,32904656,3039.0835874412423
1906,LOAD,33328293,3000.4536986037656
1907,LOAD,30873886,3238.983262424432
1908,LOAD,34565897,2893.0248794064278
1909,LOAD,31710316,3153.5478864354427
1910,LOAD,32874536,3041.8680281905727
1911,LOAD,30650725,3262.565567372387
1912,LOAD,32070050,3118.1741219611445
1913,LOAD,31666602,3157.901185608737
1914,LOAD,31679192,3156.646166985572
1915,LOAD,33251205,3007.4098066521196
1916,LOAD,31286291,3196.2881122597755
1917,LOAD,33512327,2983.9766125461833
1918,LOAD,31864479,3138.2907594378053
1919,LOAD,33881001,2951.5066570789927
1920,LOAD,33211384,3011.015740867649
1921,LOAD,34139801,2929.1324808835298
1922,LOAD,32339554,3092.1885935718224
1923,LOAD,29087455,3437.908197881183
1924,LOAD,31073439,3218.1825770877826
1925,LOAD,33908085,2949.1491483520817
1926,LOAD,32136916,3111.686261369946
1927,LOAD,30589333,3269.1134520651367
1928,LOAD,25626146,3902.2645075072933
1929,LOAD,29438606,3396.8999754947636
1930,LOAD,28200427,3546.045597110994
1931,LOAD,27860164,3589.3543196658857
1932,LOAD,27343840,3657.1308199579867
1933,LOAD,27906118,3583.4436018653687
1934,LOAD,28151476,3552.2116140553344
1935,LOAD,31500212,3174.581809163697
1936,LOAD,32032870,3121.793332910851
1937,LOAD,33743962,2963.4931428621217
1938,LOAD,32819201,3046.996787033298
1939,LOAD,30351239,3294.7584116747257
1940,LOAD,32050034,3120.1214950349195
1941,LOAD,31054060,3220.190854271551
1942,LOAD,31158893,3209.3566353592855
1943,LOAD,33324283,3000.814751213102
1944,LOAD,31066220,3218.930400930657
1945,LOAD,33801158,2958.478523132255
1946,LOAD,31008897,3224.880910791506
1947,LOAD,33578285,2978.1151717546027
1948,LOAD,30177251,3313.754456958323
1949,LOAD,31703646,3154.2113484360757
1950,LOAD,29422131,3398.8020786121847
1951,LOAD,29989821,3334.4647172118835
1952,LOAD,31636642,3160.8917280158876
1953,LOAD,33525454,2982.808226847577
1954,LOAD,31892731,3135.510721863236
1955,LOAD,32067405,3118.4313167841306
1956,LOAD,31369884,3187.770793159452
1957,LOAD,33586626,2977.3755780053643
1958,LOAD,30821498,3244.488635821659
1959,LOAD,33601781,2976.0327287413725
1960,LOAD,31192237,3205.925884700094
1961,LOAD,34946139,2861.546450095674
1962,LOAD,32050294,3120.096183829078
1963,LOAD,24243193,4124.869195241732
1964,LOAD,33286231,3004.2452087771667
1965,LOAD,30437072,3285.467143488703
1966,LOAD,31108114,3214.595394629195
1967,LOAD,31325893,3192.2473846156595
1968,LOAD,32837433,3045.30503343547
1969,LOAD,32349275,3091.259386802332
1970,LOAD,31268224,3198.1349500374563
1971,LOAD,31933437,3131.5138423715557
1972,LOAD,29162750,3429.0318985692365
1973,LOAD,29207530,3423.7746225031697
1974,LOAD,31754008,3149.208755001888
1975,LOAD,31269827,3197.9710025258537
1976,LOAD,29104072,3435.945320641043
1977,LOAD,29614337,3376.7428256117973
1978,LOAD,31876541,3137.103238397165
1979,LOAD,28842485,3467.1076365299314
1980,LOAD,33268076,3005.8846805568196
1981,LOAD,33372152,2996.5103838673635
1982,LOAD,33552200,2980.4304933804638
1983,LOAD,32980721,3032.074404922803
1984,LOAD,30106495,3321.542411363395
1985,LOAD,30907847,3235.42432444421
1986,LOAD,31674320,3157.1317079577398
1987,LOAD,28327258,3530.1687159413736
1988,LOAD,28023803,3568.3950533052202
1989,LOAD,28095439,3559.2965819113915
1990,LOAD,30979505,3227.940536816195
1991,LOAD,31323504,3192.4908528752085
1992,LOAD,31439658,3180.6961767841117
1993,LOAD,31265013,3198.4634070038605
1994,LOAD,33377008,2996.0744234474223
1995,LOAD,31848618,3139.8536664919025
1996,LOAD,35091080,2849.72705314285
1997,LOAD,33374842,2996.2688662316364
1998,LOAD,33534769,2981.9796880067966
1999,LOAD,31615154,3163.0401041222194
2000,LOAD,29644490,3373.3081594589753
2001,LOAD,31967674,3128.1600281584456
2002,LOAD,33524110,2982.9278092692093
2003,LOAD,31471448,3177.48328580242
2004,LOAD,33852012,2954.0341649412153
2005,LOAD,32582179,3069.162439995189
2006,LOAD,31032948,3222.381579732612
2007,LOAD,31510365,3173.558922595787
2008,LOAD,33274649,3005.290904796622
2009,LOAD,32648425,3062.9348888958657
2010,LOAD,32864518,3042.795272396814
2011,LOAD,25868847,3865.6535407240995
2012,LOAD,26119771,3828.517485853915
2013,LOAD,25991510,3847.4101735528257
2014,LOAD,29018652,3446.0594516933456
2015,LOAD,27777835,3599.9925840152773
2016,LOAD,27546610,3630.210759146044
2017,LOAD,28881069,3462.4757137625343
2018,LOAD,29187296,3426.1481433566164
2019,LOAD,30988678,3226.9850298228275
2020,LOAD,33353037,2998.2277176138414
2021,LOAD,31373221,3187.431727204548
2022,LOAD,33139426,3017.5537741661547
2023,LOAD,30891893,3237.0952469633376
2024,LOAD,33091510,3021.92314584617
2025,LOAD,26510914,3772.0313980875953
2026,LOAD,30556152,3272.6633903378934
2027,LOAD,29024224,3445.397885573099
2028,LOAD,33860108,2953.3278511692874
2029,LOAD,31513682,3173.2248868919855
2030,LOAD,32524603,3074.5955607820947
2031,LOAD,28679492,3486.8121095031947
2032,LOAD,31643652,3160.191497492135
2033,LOAD,30918108,3234.3505624600316
2034,LOAD,30503755,3278.284919348454
2035,LOAD,31596408,3164.9167209133393
2036,LOAD,33431037,2991.2323688912193
2037,LOAD,31775865,3147.0425746081187
2038,LOAD,33797300,2958.816236799981
2039,LOAD,32306798,3095.3237767481633
2040,LOAD,31156861,3209.5659443998543
2041,LOAD,30857888,3240.662484742961
2042,LOAD,32649860,3062.8002692814
2043,LOAD,32119357,3113.3873570383116
2044,LOAD,33491065,2985.871007685184
2045,LOAD,30861723,3240.259787180385
2046,LOAD,34697600,2882.0437148390665
2047,LOAD,34190313,2924.805046388432
2048,LOAD,34233760,2921.09309640542
2049,LOAD,34973577,2859.301466361305
2050,LOAD,32312167,3094.8094567597404
2051,LOAD,31304010,3194.478918196103
2052,LOAD,31701504,3154.424471469871
2053,LOAD,32025497,3122.5120409528695
2054,LOAD,29946649,3339.2717829630956
2055,LOAD,31793955,3145.251982648903
2056,LOAD,32548726,3072.316870405312
2057,LOAD,31583178,3166.2424851609294
2058,LOAD,31834555,3141.2407052650806
2059,LOAD,30420217,3287.2875298687054
2060,LOAD,31346591,3190.139559354317
2061,LOAD,29499782,3389.855558932605
2062,LOAD,29032063,3444.4675874394457
2063,LOAD,31906123,3134.194649722876
2064,LOAD,33379131,2995.8838652809745
2065,LOAD,31420776,3182.607584230256
2066,LOAD,31414265,3183.2672195259065
2067,LOAD,32292348,3096.7088549894233
2068,LOAD,28301895,3533.332308666964
2069,LOAD,29544320,3384.745358837164
2070,LOAD,34351337,2911.094843266217
2071,LOAD,31984380,3126.526135569925
2072,LOAD,34126043,2930.3133680046058
2073,LOAD,32332326,3092.8798627107744
2074,LOAD,30607836,3267.1372128366083
2075,LOAD,32099731,3115.2909038396615
2076,LOAD,34400146,2906.964406488275
2077,LOAD,30268142,3303.8037154708736
2078,LOAD,32363555,3089.895408585367
2079,LOAD,27817319,3594.8827419349795
2080,LOAD,30692136,3258.163589526646
2081,LOAD,32390122,3087.361017040936
2082,LOAD,34470481,2901.0329156706575
2083,LOAD,32506520,3076.3059226272144
2084,LOAD,32978773,3032.253504398117
2085,LOAD,32509467,3076.027053904021
2086,LOAD,32823080,3046.6366958859435
2087,LOAD,31710759,3153.5038313021773
2088,LOAD,31949700,3129.919842752827
2089,LOAD,32693359,3058.725168007362
2090,LOAD,33342574,2999.168570488889
2091,LOAD,33130621,3018.3557380346115
2092,LOAD,33410411,2993.079013604472
2093,LOAD,29570270,3381.7750057743806
2094,LOAD,31024786,3223.2293238058114
2095,LOAD,31541387,3170.437622162906
2096,LOAD,32243840,3101.367579047657
2097,LOAD,31632492,3161.306418729198
2098,LOAD,31564800,3168.0859691808596
2099,LOAD,28874283,3463.289460728774
2100,LOAD,31125530,3212.796697759042
2101,LOAD,30708685,3256.4077556560956
2102,LOAD,28476805,3511.6299037058407
2103,LOAD,30117629,3320.3144908916966
2104,LOAD,31780095,3146.623696373469
2105,LOAD,31445123,3180.1433882131737
2106,LOAD,29555324,3383.485154823544
2107,LOAD,31209955,3204.1058694253165
2108,LOAD,32983872,3031.784746193534
2109,LOAD,27758535,3602.495592796954
2110,LOAD,32288521,3097.0758926988324
2111,LOAD,31195171,3205.6243576930547
2112,LOAD,29775615,3358.452881661722
2113,LOAD,31630044,3161.5510873143267
2114,LOAD,30928951,3233.216671331659
2115,LOAD,30130362,3318.911336013819
2116,LOAD,34852684,2869.219483928411
2117,LOAD,32815452,3047.3448910592488
2118,LOAD,24596211,4065.666862265899
2119,LOAD,32793939,3049.3439656638993
2120,LOAD,29441198,3396.6009127753564
2121,LOAD,29191797,3425.6198753368967
2122,LOAD,31680410,3156.5248050767023
2123,LOAD,34312324,2914.4047485678907
2124,LOAD,31918694,3132.960264602305
2125,LOAD,34084293,2933.9027217023395
2126,LOAD,33390532,2994.8609384241017
2127,LOAD,34630474,2887.630125998275
2128,LOAD,32633464,3064.339109081402
2129,LOAD,32776954,3050.924134072983
2130,LOAD,32832423,3045.7697258590997
2131,LOAD,32876294,3041.7053698327436
2132,LOAD,29501534,3389.6542464537606
2133,LOAD,30246956,3306.1178123180393
2134,LOAD,32318827,3094.171703694568
2135,LOAD,35868753,2787.9419170217598
2136,LOAD,32219505,3103.710004235012
2137,LOAD,33664410,2970.4961411769877
2138,LOAD,31326695,3192.1656593521916
2139,LOAD,31853924,3139.3306520100946
2140,LOAD,33402486,2993.789144915741
2141,LOAD,33534759,2981.980577227348
2142,LOAD,32077605,3117.4397215752233
2143,LOAD,30579482,3270.166577707235
2144,LOAD,33109868,3020.247619229409
2145,LOAD,18682157,5352.700975588632
2146,LOAD,23540289,4248.036207202044
2147,LOAD,29509033,3388.7928486168967
2148,LOAD,27704924,3609.46667819771
2149,LOAD,27887594,3585.8238613198396
2150,LOAD,28465328,3513.0457657118864
2151,LOAD,29055147,3441.730995200265
2152,LOAD,31112110,3214.1825160685016
2153,LOAD,34145614,2928.6338210231042
2154,LOAD,31593208,3165.2372877107005
2155,LOAD,33105420,3020.653415664263
2156,LOAD,31218341,3203.2451692420173
2157,LOAD,33459158,2988.7183652380013
2158,LOAD,31432766,3181.393581462096
2159,LOAD,33202606,3011.811783689509
2160,LOAD,29946528,3339.285275408221
2161,LOAD,32298547,3096.114509423597
2162,LOAD,29415294,3399.592062550862
2163,LOAD,30323075,3297.818575457799
2164,LOAD,31510137,3173.5818857277577
2165,LOAD,32210182,3104.6083502415477
2166,LOAD,32815799,3047.3126679012144
2167,LOAD,33762413,2961.8736077898225
2168,LOAD,34003901,2940.839052554588
2169,LOAD,33718237,2965.7541110467905
2170,LOAD,31375511,3187.199086574239
2171,LOAD,31743429,3150.2582786503626
2172,LOAD,35053827,2852.7555636079337
2173,LOAD,33045763,3026.1065541140633
2174,LOAD,31198944,3205.23669006233
2175,LOAD,34440292,2903.5758465694776
2176,LOAD,32945135,3035.349528845458
2177,LOAD,33204089,3011.6772666161687
2178,LOAD,31822521,3142.4285964019004
2179,LOAD,32882358,3041.1444337416438
2180,LOAD,29963345,3337.4110934543523
2181,LOAD,32438992,3082.7098449914847
2182,LOAD,28494104,3509.49796491232
2183,LOAD,27558777,3628.608047447098
2184,LOAD,28286363,3535.2724562008907
2185,LOAD,27346109,3656.8273753315325
2186,LOAD,29377204,3403.9999177593622
2187,LOAD,31591086,3165.449899379844
2188,LOAD,30581515,3269.9491833547163
2189,LOAD,32186810,3106.8627179891387
2190,LOAD,32486072,3078.2422694870593
2191,LOAD,32393394,3087.049168111251
2192,LOAD,32752065,3053.2425970698337
2193,LOAD,32837606,3045.2889897028426
2194,LOAD,33573092,2978.5758189921858
2195,LOAD,33713672,2966.155689003559
2196,LOAD,29548154,3384.306173576867
2197,LOAD,28287696,3535.1058636942366
2198,LOAD,28811813,3470.7985922302078
2199,LOAD,31372762,3187.478361006277
2200,LOAD,31707350,3153.842878701626
2201,LOAD,33349978,2998.5027276479764
2202,LOAD,32506190,3076.337153016087
2203,LOAD,31388226,3185.9079898303266
2204,LOAD,32779871,3050.6526398471797
2205,LOAD,32799318,3048.843881448998
2206,LOAD,33851932,2954.0411460119913
2207,LOAD,33553890,2980.2803788174783
2208,LOAD,31485346,3176.080707513902
2209,LOAD,31717090,3152.8743652081575
2210,LOAD,35268694,2835.3757584559266
2211,LOAD,33523266,2983.002909084097
2212,LOAD,29115451,3434.6024727557888
2213,LOAD,30741986,3252.8802791075373
2214,LOAD,33227022,3009.598633305145
2215,LOAD,34653554,2885.7069032515396
2216,LOAD,32630788,3064.5904107495044
2217,LOAD,32285757,3097.3410349337637
2218,LOAD,32817330,3047.170504120841
2219,LOAD,32608234,3066.71008310355
2220,LOAD,31882378,3136.528900071381
2221,LOAD,27600901,3623.0701309352185
2222,LOAD,34277229,2917.388683898573
2223,LOAD,27182647,3678.817592709054
2224,LOAD,25866507,3866.003245045804
2225,LOAD,28847498,3466.5051367713068
2226,LOAD,29450811,3395.49223279454
2227,LOAD,30109560,3321.204295247091
2228,LOAD,31162078,3209.028614843978
2229,LOAD,33205283,3011.568972322868
2230,LOAD,30746136,3252.441217328903
2231,LOAD,33141000,3017.4104583446488
2232,LOAD,30178727,3313.5923857888374
2233,LOAD,32297710,3096.1947456955927
2234,LOAD,27212175,3674.825698423592
2235,LOAD,28630673,3492.757575066433
2236,LOAD,27944283,3578.5495015205793
2237,LOAD,34766385,2876.3416156151984
2238,LOAD,32725258,3055.7436705311843
2239,LOAD,31459799,3178.6598509418322
2240,LOAD,32140212,3111.3671558855926
2241,LOAD,31232629,3201.779779729718
2242,LOAD,33948646,2945.6255781158397
2243,LOAD,33681840,2968.958940485437
2244,LOAD,30291417,3301.2651735638515
2245,LOAD,28195426,3546.67455636244
2246,LOAD,28983115,3450.2847606270066
2247,LOAD,32291857,3096.755940669501
2248,LOAD,32184301,3107.1049205014583
2249,LOAD,30213963,3309.728022106865
2250,LOAD,33133253,3018.1159694763446
2251,LOAD,34194096,2924.4814660402194
2252,LOAD,33336559,2999.7097180905803
2253,LOAD,32700944,3058.0156952043953
2254,LOAD,30024191,3330.647610122118
2255,LOAD,30072917,3325.2510888784086
2256,LOAD,32481741,3078.652711380218
2257,LOAD,32106968,3114.5887085943464
2258,LOAD,31207954,3204.3113111484336
2259,LOAD,34883658,2866.6718381426626
2260,LOAD,32888129,3040.610793031127
2261,LOAD,31346712,3190.1272452434564
2262,LOAD,32382944,3088.0453611629628
2263,LOAD,31578375,3166.724063540318
2264,LOAD,30430439,3286.1832850981873
2265,LOAD,31116715,3213.706845340197
2266,LOAD,29418205,3399.2556649870376
2267,LOAD,29226932,3421.501784723761
2268,LOAD,31379816,3186.7618344224834
2269,LOAD,32416850,3084.8154586272262
2270,LOAD,30981091,3227.775290418275
2271,LOAD,30698040,3257.536963271922
2272,LOAD,32879963,3041.365952875312
2273,LOAD,28851646,3466.006757465415
2274,LOAD,31179774,3207.2073389627517
2275,LOAD,32541045,3073.042061187648
2276,LOAD,31124343,3212.9192253150536
2277,LOAD,33329678,3000.3290160799033
2278,LOAD,31616285,3162.926953625323
2279,LOAD,33913243,2948.7006005294156
2280,LOAD,31062257,3219.341080076699
2281,LOAD,32718172,3056.405473997753
2282,LOAD,29030823,3444.614711749646
2283,LOAD,32077528,3117.447204784608
2284,LOAD,31163536,3208.8784790018694
2285,LOAD,32406141,3085.8348730877888
2286,LOAD,32915959,3038.039997558631
2287,LOAD,31052834,3220.317990944079
2288,LOAD,32858576,3043.345518077229
2289,LOAD,32304922,3095.503527295314
2290,LOAD,33394264,2994.52624558517
2291,LOAD,33241297,3008.306204177292
2292,LOAD,33899107,2949.930214975869
2293,LOAD,25626970,3902.1390355551207
2294,LOAD,34489774,2899.410126607382
2295,LOAD,34974578,2859.219630898763
2296,LOAD,30337220,3296.2809380688145
2297,LOAD,32216665,3103.9836060001867
2298,LOAD,33911622,2948.8415505457097
2299,LOAD,27915708,3582.212566487656
2300,LOAD,27793418,3597.9741678407454
2301,LOAD,28646179,3490.8669669347523
2302,LOAD,29447486,3395.8756275493265
2303,LOAD,32283680,3097.5403051944513
2304,LOAD,34332909,2912.6573574059803
2305,LOAD,33573477,2978.5416625153243
2306,LOAD,35143333,2845.4899255002365
2307,LOAD,31172917,3207.9128173985127
2308,LOAD,31078986,3217.608193523431
2309,LOAD,33338790,2999.508980379912
2310,LOAD,33231794,3009.1664626953334
2311,LOAD,31958318,3129.075816818645
2312,LOAD,28626411,3493.277589006879
2313,LOAD,32353327,3090.872230852796
2314,LOAD,31581630,3166.39768118365
2315,LOAD,32672771,3060.6525537732937
2316,LOAD,34361859,2910.2034322415443
2317,LOAD,31754191,3149.1906060525994
2318,LOAD,29330017,3409.4763736413793
2319,LOAD,32093990,3115.8481697040475
2320,LOAD,30377224,3291.94004034075
2321,LOAD,27701729,3609.882978784465
2322,LOAD,29750965,3361.235509503641
2323,LOAD,32368575,3089.416200744086
2324,LOAD,31618425,3162.7128802272723
2325,LOAD,31654864,3159.0721729210395
2326,LOAD,33574664,2978.436359035492
2327,LOAD,31644701,3160.0867393248554
2328,LOAD,33984793,2942.4925436503318
2329,LOAD,32254556,3100.337205075773
2330,LOAD,33541816,2981.3531861244483
2331,LOAD,34251558,2919.5752204907
2332,LOAD,34432335,2904.246836585436
2333,LOAD,31892324,3135.550736283753
2334,LOAD,31633274,3161.228268689482
2335,LOAD,33649859,2971.7806544152236
2336,LOAD,32986558,3031.5378767314855
2337,LOAD,33216256,3010.574099621583
2338,LOAD,33831419,2955.83226940614
2339,LOAD,33917129,2948.3627579445183
2340,LOAD,31692252,3155.345350655422
2341,LOAD,32886696,3040.743284153568
2342,LOAD,33855505,2953.7293861072226
2343,LOAD,35180675,2842.469622882449
2344,LOAD,29452523,3395.294861496246
2345,LOAD,31781248,3146.5095392100397
2346,LOAD,34912914,2864.2696510523297
2347,LOAD,32920290,3037.6403124030803
2348,LOAD,31300840,3194.8024398067273
2349,LOAD,30333432,3296.6925733955854
2350,LOAD,31925077,3132.333870330211
2351,LOAD,30994784,3226.349310903409
2352,LOAD,28718334,3482.096141092307
2353,LOAD,32203490,3105.253498922011
2354,LOAD,29869642,3347.8807680386662
2355,LOAD,31252757,3199.7177081049203
2356,LOAD,32336671,3092.464279950153
2357,LOAD,32624503,3065.1807937120147
2358,LOAD,31984054,3126.5580029348375
2359,LOAD,33926908,2947.5129298549696
2360,LOAD,32564554,3070.8235709292994
2361,LOAD,31553748,3169.1956213886224
2362,LOAD,31984959,3126.469538385214
2363,LOAD,33596327,2976.515855438602
2364,LOAD,32491641,3077.7146651349494
2365,LOAD,31741202,3150.479304469944
2366,LOAD,32710815,3057.0928911431893
2367,LOAD,33620082,2974.4127334371165
2368,LOAD,34740742,2878.464714426652
2369,LOAD,32654743,3062.34227597504
2370,LOAD,32877860,3041.560490859198
2371,LOAD,28683580,3486.3151670746815
2372,LOAD,32484766,3078.3660254779115
2373,LOAD,30209273,3310.241858518078
2374,LOAD,33441224,2990.3211676701785
2375,LOAD,33795810,2958.9466859945064
2376,LOAD,32920513,3037.6197357556366
2377,LOAD,30966807,3229.2641601699524
2378,LOAD,32960728,3033.9135713264586
2379,LOAD,32962372,3033.76225473094
2380,LOAD,32969852,3033.073973155839
2381,LOAD,33646872,2972.0444741490383
2382,LOAD,34434598,2904.055973007148
2383,LOAD,32142281,3111.1668770489564
2384,LOAD,31607236,3163.832484434893
2385,LOAD,33123224,3019.029790095312
2386,LOAD,34742632,2878.308125878316
2387,LOAD,32509939,3075.9823941841296
2388,LOAD,34896206,2865.6410384555843
2389,LOAD,32113174,3113.9868018028988
2390,LOAD,40920468,2443.7648171570277
2391,LOAD,34704062,2881.5070696911503
2392,LOAD,32114699,3113.8389308895594
2393,LOAD,30964045,3229.5522112824733
2394,LOAD,31896976,3135.093433308537
2395,LOAD,32235502,3102.1697754233824
2396,LOAD,27384069,3651.7582540417934
2397,LOAD,30308033,3299.4552962246016
2398,LOAD,31035680,3222.097920844654
2399,LOAD,28345656,3527.8774285555432
2400,LOAD,27919870,3581.6785679876016
2401,LOAD,27889650,3585.559517598823
2402,LOAD,26900249,3717.43770847623
2403,LOAD,28159000,3551.2624738094396
2404,LOAD,26814794,3729.284662787266
2405,LOAD,27642540,3617.6125638237295
2406,LOAD,30331360,3296.917777508163
2407,LOAD,31741872,3150.4128048906505
2408,LOAD,33153104,3016.3088198317723
2409,LOAD,32393735,3087.0166715878854
2410,LOAD,30330086,3297.0562628803627
2411,LOAD,30350551,3294.833098746708
2412,LOAD,32945245,3035.3393941978575
2413,LOAD,28536939,3504.2300787761433
2414,LOAD,28902277,3459.9350078888247
2415,LOAD,27522814,3633.349409693355
2416,LOAD,31944135,3130.465107288083
2417,LOAD,32391741,3087.206704943708
2418,LOAD,32285496,3097.3660742272627
2419,LOAD,32609351,3066.605036083055
2420,LOAD,32539170,3073.219138656579
2421,LOAD,32558913,3071.3556069884767
2422,LOAD,31003452,3225.447282450999
2423,LOAD,32726903,3055.5900752356556
2424,LOAD,33611919,2975.1351001411135
2425,LOAD,20344351,4915.36938189869
2426,LOAD,32908335,3038.7438319197854
2427,LOAD,35767658,2795.821856717597
2428,LOAD,33332206,3000.1014634314934
2429,LOAD,29323658,3410.2157377500444
2430,LOAD,31416210,3183.07014117871
2431,LOAD,35045134,2853.4631940628333
2432,LOAD,33205791,3011.522899725533
2433,LOAD,29356491,3406.4016710989063
2434,LOAD,32491941,3077.6862484146454
2435,LOAD,32715517,3056.6535139884845
2436,LOAD,31873081,3137.443788380546
2437,LOAD,31462275,3178.409698599354
2438,LOAD,33182922,3013.598380516339
2439,LOAD,31732581,3151.335216004018
2440,LOAD,33050960,3025.6307229805125
2441,LOAD,31883882,3136.3809463352045
2442,LOAD,33003302,3029.999846682008
2443,LOAD,32597573,3067.713047225939
2444,LOAD,33745479,2963.3599214875567
2445,LOAD,30339329,3296.051801277477
2446,LOAD,32788134,3049.883839074221
2447,LOAD,31365896,3188.1761005647663
2448,LOAD,30846651,3241.843012390551
2449,LOAD,27323009,3659.9190081883003
2450,LOAD,31469558,3177.6741192234094
2451,LOAD,32536146,3073.504772200125
2452,LOAD,29598308,3378.5715048306142
2453,LOAD,33309182,3002.175196016522
2454,LOAD,33513610,2983.8623771058983
2455,LOAD,31958790,3129.0296034361754
2456,LOAD,30028260,3330.1962884296327
2457,LOAD,31132293,3212.098768311091
2458,LOAD,28647745,3490.6761422234104
2459,LOAD,32954247,3034.510240819643
2460,LOAD,32495405,3077.3581680240636
2461,LOAD,27485202,3638.321450211645
2462,LOAD,30989361,3226.9139076472084
2463,LOAD,33012844,3029.124058502806
2464,LOAD,32107056,3114.580172034459
2465,LOAD,29987376,3334.7365904906114
2466,LOAD,33390704,2994.845511493259
2467,LOAD,33734552,2964.3197870242952
2468,LOAD,32664424,3061.434666657523
2469,LOAD,29189205,3425.9240702170546
2470,LOAD,30254030,3305.3447755555208
2471,LOAD,32498906,3077.0266543741504
2472,LOAD,30969834,3228.9485310124683
2473,LOAD,32556379,3071.594663522009
2474,LOAD,34329873,2912.9149414563813
2475,LOAD,33013180,3029.093228825578
2476,LOAD,33408941,2993.2107096720006
2477,LOAD,32492046,3077.6763026865096
2478,LOAD,33736104,2964.183416081478
2479,LOAD,32059702,3119.180583774609
2480,LOAD,29448697,3395.7359811199794
2481,LOAD,31867136,3138.029096809955
2482,LOAD,33079620,3023.009333239015
2483,LOAD,31613939,3163.161667389818
2484,LOAD,33042012,3026.4500842139996
2485,LOAD,31073718,3218.1536821567342
2486,LOAD,34198879,2924.072452784198
2487,LOAD,32061794,3118.977060360378
2488,LOAD,33768013,2961.382418325887
2489,LOAD,28433728,3516.950010916613
2490,LOAD,33645857,2972.134132294505
2491,LOAD,27530280,3632.364073304013
2492,LOAD,34200486,2923.9350575310536
2493,LOAD,34653640,2885.6997417875873
2494,LOAD,32933487,3036.4230790380625
2495,LOAD,29281163,3415.164896285028
2496,LOAD,29474988,3392.707064036803
2497,LOAD,34162700,2927.169105486393
2498,LOAD,33065145,3024.3327225693397
2499,LOAD,34461631,2901.7779222347312
2500,LOAD,31753632,3149.246045302786
2501,LOAD,34245102,2920.1256284767383
2502,LOAD,32198959,3105.6904665768852
2503,LOAD,32625114,3065.1233893006474
2504,LOAD,32497468,3077.162811576582
2505,LOAD,32551837,3072.023247105839
2506,LOAD,33170373,3014.7384836462347
2507,LOAD,32352123,3090.987259166887
2508,LOAD,33814730,2957.2910976961816
2509,LOAD,35935800,2782.7403313687187
2510,LOAD,34623465,2888.2146833079823
2511,LOAD,35552312,2812.756593720262
2512,LOAD,29831528,3352.15815964908
2513,LOAD,30302791,3300.026060305798
2514,LOAD,33464323,2988.257076050814
2515,LOAD,35008406,2856.4568178282666
2516,LOAD,36531443,2737.3679161811374
2517,LOAD,34198844,2924.075445357159
2518,LOAD,31057562,3219.8277508067117
2519,LOAD,36913033,2709.0702625276012
2520,LOAD,34407056,2906.3805982121808
2521,LOAD,32187083,3106.836366625705
2522,LOAD,29113274,3434.859301636772
2523,LOAD,28507069,3507.9018470822098
2524,LOAD,28380775,3523.511954835624
2525,LOAD,29157554,3429.64296662196
2526,LOAD,30559384,3272.3172692224425
2527,LOAD,33960213,2944.6222849073415
2528,LOAD,32055478,3119.5916030327176
2529,LOAD,31685249,3156.0427377420956
2530,LOAD,32403796,3086.0581889850187
2531,LOAD,31882104,3136.555855912144
2532,LOAD,28708070,3483.3410953784078
2533,LOAD,32826997,3046.2731635184296
2534,LOAD,29150640,3430.4564153651518
2535,LOAD,31433556,3181.313625477181
2536,LOAD,31580339,3166.5271230938974
2537,LOAD,35879771,2787.085792715901
2538,LOAD,28614007,3494.791903839263
2539,LOAD,29476978,3392.478021322267
2540,LOAD,28405881,3520.397765519049
2541,LOAD,28359735,3526.126037496472
2542,LOAD,30225348,3308.4813448632585
2543,LOAD,33688209,2968.3976372860902
2544,LOAD,31293592,3195.542397306132
2545,LOAD,33029399,3027.6058005172904
2546,LOAD,28573650,3499.727896156074
2547,LOAD,30839826,3242.5604476497374
2548,LOAD,33803658,2958.2597244357403
2549,LOAD,34952206,2861.049743183592
2550,LOAD,32379763,3088.348731891583
2551,LOAD,32953577,3034.5719373651
2552,LOAD,29629405,3375.025586912731
2553,LOAD,32804589,3048.3539970581555
2554,LOAD,35090179,2849.8002247295462
2555,LOAD,34839754,2870.2843309398795
2556,LOAD,32802008,3048.593854376232
2557,LOAD,35163455,2843.861617124938
2558,LOAD,34879452,2867.017520802792
2559,LOAD,34221908,2922.104752312466
2560,LOAD,29637294,3374.127206080285
2561,LOAD,33139799,3017.519810545622
2562,LOAD,32323681,3093.7070564457063
2563,LOAD,31848980,3139.817978472152
2564,LOAD,31827409,3141.9459874977574
2565,LOAD,32486097,3078.2399005950147
2566,LOAD,31746563,3149.9472872071224
2567,LOAD,33079227,3023.045248306437
2568,LOAD,33392111,2994.7193215786806
2569,LOAD,33976263,2943.2312788490012
2570,LOAD,33273996,3005.3498834344996
2571,LOAD,32856165,3043.568840124829
2572,LOAD,31619538,3162.6015535078345
2573,LOAD,33564686,2979.321778848162
2574,LOAD,30131950,3318.7364242938143
2575,LOAD,31245270,3200.484425322617
2576,LOAD,30087951,3323.589565803268
2577,LOAD,31083908,3217.098699429943
2578,LOAD,32390022,3087.370548868414
2579,LOAD,29290599,3414.0646970039775
2580,LOAD,31468417,3177.7893371630357
2581,LOAD,33735123,2964.2696130083773
2582,LOAD,33356535,2997.913302445833
2583,LOAD,32402974,3086.1364762382614
2584,LOAD,31621387,3162.4166264433625
2585,LOAD,34675368,2883.8915278418963
2586,LOAD,33292842,3003.6486521637294
2587,LOAD,32533505,3073.754272710549
2588,LOAD,32897792,3039.7176807489086
2589,LOAD,29255326,3418.1810177059724
2590,LOAD,30460416,3282.949254534147
2591,LOAD,33647009,2972.032372922063
2592,LOAD,33496652,2985.372985933042
2593,LOAD,33073248,3023.5917560924163
2594,LOAD,30483442,3280.4694430504273
2595,LOAD,33539216,2981.584304176937
2596,LOAD,33763365,2961.790094085705
2597,LOAD,32094959,3115.754097084218
2598,LOAD,29585290,3380.058130239724
2599,LOAD,32990193,3031.2038489741485
2600,LOAD,30912643,3234.9223584667284
2601,LOAD,33521761,2983.1368346072272
2602,LOAD,32517990,3075.2208239193137
2603,LOAD,33735003,2964.280157319091
2604,LOAD,29308471,3411.9828359521043
2605,LOAD,29643060,3373.470889982343
2606,LOAD,31903887,3134.414311334541
2607,LOAD,33631768,2973.379216935607
2608,LOAD,31129293,3212.40832549586
2609,LOAD,33280670,3004.7472001014403
2610,LOAD,32127649,3112.5838059299017
2611,LOAD,32100477,3115.2185059430735
2612,LOAD,30509929,3277.6215244552027
2613,LOAD,31154016,3209.8590435339056
2614,LOAD,29802766,3355.3932544381955
2615,LOAD,30988857,3226.9663898865324
2616,LOAD,29895563,3344.977982184179
2617,LOAD,31119844,3213.3837174762184
2618,LOAD,31435006,3181.1668812787884
2619,LOAD,33396312,2994.342608848546
2620,LOAD,30376871,3291.9782949336686
2621,LOAD,32346364,3091.537583636912
2622,LOAD,27529032,3632.5287427469298
2623,LOAD,29806797,3354.939479072508
2624,LOAD,30029933,3330.010759597765
2625,LOAD,33111251,3020.121468681446
2626,LOAD,30147992,3316.970496741541
2627,LOAD,31895797,3135.2093192717525
2628,LOAD,30533607,3275.0798161514294
2629,LOAD,30540955,3274.291848437614
2630,LOAD,32139993,3111.3883565562696
2631,LOAD,33144265,3017.1132170226133
2632,LOAD,33640437,2972.6129895399395
2633,LOAD,32697001,3058.3844677375764
2634,LOAD,33963137,2944.3687725312298
2635,LOAD,34536423,2895.493838490454
2636,LOAD,33780495,2960.2881781335645
2637,LOAD,33410929,2993.032609180068
2638,LOAD,32040252,3121.0740789429497
2639,LOAD,33491939,2985.7930888981973
2640,LOAD,31605847,3163.9715271671093
2641,LOAD,33617505,2974.6407414827486
2642,LOAD,32460747,3080.643831147817
2643,LOAD,34789956,2874.3928276310553
2644,LOAD,32489874,3077.8820502658764
2645,LOAD,31290378,3195.8706283445986
2646,LOAD,32079254,3117.279472895473
2647,LOAD,34814066,2872.4022066253333
2648,LOAD,32637440,3063.965801239313
2649,LOAD,33918224,2948.2675743871496
2650,LOAD,32360992,3090.1401292024666
2651,LOAD,31325687,3192.268377067038
2652,LOAD,32697531,3058.334893848713
2653,LOAD,31750814,3149.5255523212727
2654,LOAD,32095175,3115.733128110378
2655,LOAD,31209914,3204.110078611559
2656,LOAD,25510904,3919.892450694809
2657,LOAD,31283608,3196.5622379618108
2658,LOAD,32332085,3092.9029167157023
2659,LOAD,33357653,2997.812825740468
2660,LOAD,33607200,2975.5528577209648
2661,LOAD,34155701,2927.7689250178178
2662,LOAD,30406104,3288.813325113931
2663,LOAD,28719207,3481.99029311638
2664,LOAD,32465373,3080.2048693541883
2665,LOAD,34412726,2905.9017294939085
2666,LOAD,32308411,3095.1692424613516
2667,LOAD,33778809,2960.4359348489756
2668,LOAD,33060435,3024.7635882588966
2669,LOAD,31255966,3199.3891982093915
2670,LOAD,32666005,3061.2864964662804
2671,LOAD,31991517,3125.8286376354085
2672,LOAD,33228913,3009.427362249256
2673,LOAD,34429236,2904.5082499071427
2674,LOAD,35385188,2826.0412238024564
2675,LOAD,33940585,2946.3251738295025
2676,LOAD,29947636,3339.1617288256075
2677,LOAD,32835056,3045.5254895864955
2678,LOAD,33037578,3026.8562665217164
2679,LOAD,33814805,2957.284538532752
2680,LOAD,29989673,3334.4811729024186
2681,LOAD,32087027,3116.524319937774
2682,LOAD,34356308,2910.673638156929
2683,LOAD,33972690,2943.540826469732
2684,LOAD,30689561,3258.436964934103
2685,LOAD,32906760,3038.889273814864
2686,LOAD,28348585,3527.5129252482975
2687,LOAD,35151333,2844.8423278855457
2688,LOAD,35162520,2843.9372377178884
2689,LOAD,29034074,3444.229011746681
2690,LOAD,31229775,3202.072381245142
2691,LOAD,33043914,3026.2758824514553
2692,LOAD,33238395,3008.568855385466
2693,LOAD,32466872,3080.062655866571
2694,LOAD,33440523,2990.383852549196
2695,LOAD,30655178,3262.0916440282945
2696,LOAD,28812279,3470.7424567143753
2697,LOAD,34034014,2938.237023702229
2698,LOAD,33352836,2998.245786355319
2699,LOAD,33113858,3019.88369944692
2700,LOAD,30655075,3262.1026045442723
2701,LOAD,33395265,2994.4364867294807
2702,LOAD,30595011,3268.5067509862965
2703,LOAD,30084049,3324.020646289999
2704,LOAD,32105230,3114.757315241162
2705,LOAD,31904224,3134.3812029404007
2706,LOAD,30499688,3278.722064304395
2707,LOAD,33488195,2986.1269023308064
2708,LOAD,27337499,3657.979100429048
2709,LOAD,34209949,2923.1262519567044
2710,LOAD,31264658,3198.4997245132186
2711,LOAD,31566643,3167.901002333381
2712,LOAD,34330644,2912.849523009239
2713,LOAD,34207072,2923.3721027043766
2714,LOAD,28727992,3480.925502903231
2715,LOAD,29871097,3347.7176951352003
2716,LOAD,28772622,3475.526144263112
2717,LOAD,33475677,2987.2435440215295
2718,LOAD,30525456,3275.9543379139036
2719,LOAD,32586148,3068.788615334344
2720,LOAD,32271081,3098.7496204419062
2721,LOAD,33417111,2992.478912973656
2722,LOAD,29599345,3378.4531380677513
2723,LOAD,28402962,3520.7595602176984
2724,LOAD,31269843,3197.9693662037257
2725,LOAD,34277369,2917.3767683278143
2726,LOAD,32563580,3070.915421461645
2727,LOAD,33511168,2984.0798148247177
2728,LOAD,32504986,3076.451101994014
2729,LOAD,34700057,2881.8396465458254
2730,LOAD,34327654,2913.1032374073684
2731,LOAD,35359647,2828.0825314800227
2732,LOAD,29565820,3382.284002270189
2733,LOAD,29161949,3429.126084816896
2734,LOAD,31317441,3193.108913336821
2735,LOAD,31587283,3165.8310086372417
2736,LOAD,28128739,3555.0829349300016
2737,LOAD,32118575,3113.4631595579813
2738,LOAD,30729687,3254.182185454736
2739,LOAD,32106155,3114.6675769801773
2740,LOAD,33140867,3017.422567731858
2741,LOAD,33305422,3002.5141251775763
2742,LOAD,30367805,3292.9610816455124
2743,LOAD,30277243,3302.8106290919554
2744,LOAD,30153580,3316.355802528257
2745,LOAD,33161148,3015.5771446754497
2746,LOAD,32893623,3040.1029403176417
2747,LOAD,28809709,3471.0520678983603
2748,LOAD,31104061,3215.014270966097
2749,LOAD,28832276,3468.335278144535
2750,LOAD,32279465,3097.9447769657895
2751,LOAD,33457712,2988.8475338660337
2752,LOAD,33600615,2976.1360022725776
2753,LOAD,31554057,3169.164586347803
2754,LOAD,32993703,3030.881377576806
2755,LOAD,30822890,3244.342110684624
2756,LOAD,32637578,3063.9528460108163
2757,LOAD,31554054,3169.164887655957
2758,LOAD,31668652,3157.6967658743415
2759,LOAD,34316998,2914.007804528823
2760,LOAD,32806191,3048.2051390848756
2761,LOAD,32173931,3108.10637344874
2762,LOAD,32621017,3065.508350030902
2763,LOAD,30154579,3316.2459339923134
2764,LOAD,29782972,3357.623275474321
2765,LOAD,33393626,2994.583457334043
2766,LOAD,28746623,3478.6694771069288
2767,LOAD,29944471,3339.51466365861
2768,LOAD,42074362,2376.7442985825905
2769,LOAD,29520708,3387.4526315561266
2770,LOAD,34024283,2939.0773642460003
2771,LOAD,34663213,2884.902793056143
2772,LOAD,33945154,2945.9285999998706
2773,LOAD,30454361,3283.6019773982453
2774,LOAD,33487953,2986.148481515129
2775,LOAD,30285890,3301.8676353906058
2776,LOAD,30313765,3298.8314054687694
2777,LOAD,32664394,3061.4374783747708
2778,LOAD,34372735,2909.282604366513
2779,LOAD,30301080,3300.2124016701714
2780,LOAD,27869532,3588.147802410173
2781,LOAD,28822769,3469.4792856300514
2782,LOAD,31392727,3185.4512033949773
2783,LOAD,33070037,3023.8853376547477
2784,LOAD,34194969,2924.4068038195915
2785,LOAD,30795976,3247.1774883835474
2786,LOAD,29147495,3430.8265598810467
2787,LOAD,31679470,3156.6184661548946
2788,LOAD,31963323,3128.585848223603
2789,LOAD,30688541,3258.5452661304425
2790,LOAD,32436167,3082.9783309476734
2791,LOAD,28583188,3498.5600626494147
2792,LOAD,29783681,3357.54334731157
2793,LOAD,32811028,3047.7557728456422
2794,LOAD,34571092,2892.590144390001
2795,LOAD,33396131,2994.3588375551644
2796,LOAD,33956808,2944.9175552660895
2797,LOAD,33518478,2983.4290208523194
2798,LOAD,33447761,2989.7367420198916
2799,LOAD,28845853,3466.702822065966
2800,LOAD,28593980,3497.2396287610186
2801,LOAD,29944310,3339.532619051833
2802,LOAD,33311866,3001.9333050871423
2803,LOAD,30818235,3244.832158622971
2804,LOAD,33838049,2955.253123488296
2805,LOAD,34164660,2927.0011760690727
2806,LOAD,33643032,2972.383701920802
2807,LOAD,32892026,3040.2505458313817
2808,LOAD,31047110,3220.9117048253443
2809,LOAD,28201965,3545.852212780209
2810,LOAD,28325603,3530.374975600696
2811,LOAD,33262642,3006.3757412895825
2812,LOAD,30867593,3239.6435964410957
2813,LOAD,32895681,3039.9127472083646
2814,LOAD,32723385,3055.9185732160654
2815,LOAD,33214700,3010.715135166056
2816,LOAD,28947157,3454.5706854735336
2817,LOAD,27027287,3699.9644100423398
2818,LOAD,32504593,3076.4882981306673
2819,LOAD,31190492,3206.105245149708
2820,LOAD,32468235,3079.9333564020344
2821,LOAD,34792639,2874.1711716665127
2822,LOAD,27439004,3644.4471526736174
2823,LOAD,32737530,3054.59819357172
2824,LOAD,32884422,3040.953555455528
2825,LOAD,32531085,3073.982930480185
2826,LOAD,31099073,3215.5299291396886
2827,LOAD,33098285,3021.3045781677206
2828,LOAD,32412747,3085.2059530776583
2829,LOAD,32747631,3053.6560033915125
2830,LOAD,30755181,3251.484684808065
2831,LOAD,34233330,2921.1297878412647
2832,LOAD,34764567,2876.49203282181
2833,LOAD,33727586,2964.9320292297234
2834,LOAD,32452153,3081.4596492257388
2835,LOAD,32138509,3111.532025334467
2836,LOAD,31903762,3134.4265920740004
2837,LOAD,33115272,3019.754752429634
2838,LOAD,33019552,3028.508684793785
2839,LOAD,32255722,3100.2251321486465
2840,LOAD,32507626,3076.2012581294002
2841,LOAD,32084791,3116.741511577869
2842,LOAD,32412443,3085.234889576204
2843,LOAD,33753830,2962.6267596891967
2844,LOAD,33261295,3006.4974920549544
2845,LOAD,31232102,3201.833805486419
2846,LOAD,33190947,3012.8697442709304
2847,LOAD,29715013,3365.3022463762677
2848,LOAD,33071738,3023.72980821268
2849,LOAD,34470790,2901.0069104885615
2850,LOAD,34867555,2867.9957628230604
2851,LOAD,33793224,2959.173117072227
2852,LOAD,31691702,3155.4001107293006
2853,LOAD,33470994,2987.6614958014097
2854,LOAD,34428762,2904.548237894816
2855,LOAD,33388912,2995.006246385027
2856,LOAD,30667010,3260.833058064676
2857,LOAD,35958501,2780.983556572617
2858,LOAD,33679819,2969.137096609694
2859,LOAD,34205477,2923.5084194265146
2860,LOAD,35145613,2845.305330141773
2861,LOAD,33712302,2966.2762275919335
2862,LOAD,33346638,2998.8030577475306
2863,LOAD,30209573,3310.2089857410433
2864,LOAD,28468342,3512.673832568121
2865,LOAD,31216635,3203.42022770872
2866,LOAD,33845664,2954.588215494901
2867,LOAD,31992082,3125.7734335639675
2868,LOAD,34557566,2893.722318290588
2869,LOAD,32059358,3119.2140528827804
2870,LOAD,34156186,2927.7273522283785
2871,LOAD,33913969,2948.6374773769476
2872,LOAD,33564475,2979.3405080818334
2873,LOAD,34555744,2893.8748938526687
2874,LOAD,32692096,3058.843336322027
2875,LOAD,30404429,3288.9945080040807
2876,LOAD,30135956,3318.295261646918
2877,LOAD,32324424,3093.6359453767836
2878,LOAD,33911512,2948.8511158098763
2879,LOAD,33440298,2990.4039730746417
2880,LOAD,35330610,2830.4068341871257
2881,LOAD,30236281,3307.285046067669
2882,LOAD,29459140,3394.532223276036
2883,LOAD,32428637,3083.694205217444
2884,LOAD,34546083,2894.6841817059258
2885,LOAD,33384409,2995.410222777944
2886,LOAD,35382105,2826.2874693294816
2887,LOAD,30622967,3265.52289985487
2888,LOAD,33934204,2946.8792018813824
2889,LOAD,36681144,2726.196325828878
2890,LOAD,35841614,2790.052925629968
2891,LOAD,35465489,2819.6424980915954
2892,LOAD,34872891,2867.55692265376
2893,LOAD,32651470,3062.6492467261046
2894,LOAD,33235614,3008.8205982895333
2895,LOAD,34528430,2896.1641175112795
2896,LOAD,32987096,3031.4884341440666
2897,LOAD,34273826,2917.6783473196133
2898,LOAD,35302916,2832.6271971414485
2899,LOAD,30237671,3307.1330129889966
2900,LOAD,32436640,3082.9333741102655
2901,LOAD,34928594,2862.9838349634115
2902,LOAD,33469801,2987.7679882231746
2903,LOAD,29822531,3353.1694543296812
2904,LOAD,30268780,3303.734078479542
2905,LOAD,32981884,3031.967488576456
2906,LOAD,32436008,3082.993443582823
2907,LOAD,33407175,2993.3689394568682
2908,LOAD,33961058,2944.5490184669748
2909,LOAD,30205532,3310.6518368886864
2910,LOAD,27483976,3638.483747766335
2911,LOAD,28199308,3546.1863106711694
2912,LOAD,28950483,3454.1738042850616
2913,LOAD,29876571,3347.1043246562663
2914,LOAD,33203716,3011.7110988420695
2915,LOAD,27122653,3686.9549597526466
2916,LOAD,31072188,3218.3121446098357
2917,LOAD,32494636,3077.4309950725406
2918,LOAD,25663138,3896.639608141452
2919,LOAD,34481174,2900.133272724415
2920,LOAD,32936725,3036.124569154948
2921,LOAD,43432674,2302.414076554439
2922,LOAD,32303778,3095.613150882847
2923,LOAD,27975003,3574.6198132668655
2924,LOAD,27038304,3698.4568262861458
2925,LOAD,26915206,3715.3718979524065
2926,LOAD,23182829,4313.537403049472
2927,LOAD,28746103,3478.7324041801426
2928,LOAD,26641363,3753.561707784996
2929,LOAD,28815416,3470.364613164009
2930,LOAD,27457930,3641.9351349500853
2931,LOAD,26612561,3757.624078344057
2932,LOAD,27461145,3641.508757191297
2933,LOAD,25666563,3896.1196323792947
2934,LOAD,27420150,3646.953061890617
2935,LOAD,30252228,3305.541661262106
2936,LOAD,30459437,3283.0547721548496
2937,LOAD,29711057,3365.7503332850124
2938,LOAD,30171519,3314.384005657786
2939,LOAD,26494444,3774.376242807737
2940,LOAD,29204727,3424.103228220555
2941,LOAD,29590744,3379.435136879289
2942,LOAD,27040709,3698.127885626076
2943,LOAD,25763456,3881.46683426323
2944,LOAD,25497920,3921.88853051543
2945,LOAD,30550423,3273.2770999602853
2946,LOAD,27178433,3679.387991206115
2947,LOAD,25486376,3923.6649416142964
2948,LOAD,25752979,3883.0459186876983
2949,LOAD,28061014,3563.6630949972086
2950,LOAD,26047589,3839.1269149709015
2951,LOAD,27143390,3684.138200865846
2952,LOAD,24074456,4153.780255720004
2953,LOAD,24724849,4044.51408378672
2954,LOAD,20972306,4768.192873020258
2955,LOAD,29758909,3360.338243582787
2956,LOAD,31904041,3134.399181595836
2957,LOAD,32672573,3060.6711017219245
2958,LOAD,28294351,3534.274385724557
2959,LOAD,26850123,3724.3777244521375
2960,LOAD,26295935,3802.8691506881196
2961,LOAD,28886112,3461.8712272527364
2962,LOAD,34752001,2877.5321455590424
2963,LOAD,33186471,3013.2761027829683
2964,LOAD,31238185,3201.2103135953644
2965,LOAD,30842862,3242.2412680120283
2966,LOAD,32097821,3115.4762810846255
2967,LOAD,35039718,2853.9042466038113
2968,LOAD,34077875,2934.4552733995297
2969,LOAD,35532809,2814.3004399117444
2970,LOAD,32536477,3073.4735048296716
2971,LOAD,32955258,3034.41714824384
2972,LOAD,30148432,3316.922087357644
2973,LOAD,27737135,3605.275022095829
2974,LOAD,33222061,3010.048052106099
2975,LOAD,34396778,2907.2490452448774
2976,LOAD,35844130,2789.8570839911586
2977,LOAD,34051620,2936.71784191178
2978,LOAD,33872854,2952.216544847387
2979,LOAD,35643991,2805.5219742368354
2980,LOAD,34244065,2920.214057530845
2981,LOAD,31852297,3139.4910075088146
2982,LOAD,31557983,3168.7703235026142
2983,LOAD,32777940,3050.832358592395
2984,LOAD,36110352,2769.288983945656
2985,LOAD,36054972,2773.542578260774
2986,LOAD,34265516,2918.385936461602
2987,LOAD,32692286,3058.825559032489
2988,LOAD,35795089,2793.6793228814154
2989,LOAD,33248521,3007.6525809975124
2990,LOAD,33003772,3029.956697070868
2991,LOAD,33395971,2994.3731835196527
2992,LOAD,32175801,3107.9257358659074
2993,LOAD,32722457,3056.005238237459
2994,LOAD,32625925,3065.0471978955384
2995,LOAD,33975674,2943.2823025085536
2996,LOAD,34333133,2912.638354326708
2997,LOAD,28519272,3506.400864650402
2998,LOAD,28761374,3476.8853532518992
2999,LOAD,31938403,3131.026933312852
3000,LOAD,34977630,2858.9701474914114
3001,LOAD,32661472,3061.711364386761
3002,LOAD,33737932,2964.0228096968126
3003,LOAD,33866019,2952.812375142174
3004,LOAD,30421395,3287.1602370634223
3005,LOAD,34173909,2926.208997630327
3006,LOAD,32535584,3073.5578620626575
3007,LOAD,32985025,3031.678769380954
3008,LOAD,32304910,3095.504677152792
3009,LOAD,33481944,2986.6844051826856
3010,LOAD,33963755,2944.3151971859415
3011,LOAD,32041750,3120.928164035984
3012,LOAD,33109344,3020.2954187192595
3013,LOAD,32674917,3060.4515384078863
3014,LOAD,32823385,3046.6083860637773
3015,LOAD,34172682,2926.314065720683
3016,LOAD,33867819,2952.655439666782
3017,LOAD,34443725,2903.286447676609
3018,LOAD,33704120,2966.9963197377647
3019,LOAD,33506129,2984.5285917689866
3020,LOAD,29139041,3431.8219326435624
3021,LOAD,28434556,3516.8475990973798
3022,LOAD,33197656,3012.260865646659
3023,LOAD,33877527,2951.8093218551635
3024,LOAD,35220459,2839.2588523619183
3025,LOAD,35229847,2838.502250662627
3026,LOAD,31403645,3184.3437282519276
3027,LOAD,33950029,2945.505584104214
3028,LOAD,32033478,3121.734080826315
3029,LOAD,33976307,2943.2274673053785
3030,LOAD,34349359,2911.2624779984976
3031,LOAD,32938244,3035.98455339635
3032,LOAD,32224668,3103.2127313150286
3033,LOAD,31788073,3145.8339736416237
3034,LOAD,33783325,2960.04019734588
3035,LOAD,31337906,3191.0236759278046
3036,LOAD,32248061,3100.961636112013
3037,LOAD,31878492,3136.9112441077827
3038,LOAD,33324485,3000.7965614472364
3039,LOAD,32930517,3036.6969337286746
3040,LOAD,32259732,3099.839763082967
3041,LOAD,33670658,2969.94492949915
3042,LOAD,33606494,2975.6153676726885
3043,LOAD,28765572,3476.3779423541446
3044,LOAD,34856903,2868.8722001492793
3045,LOAD,35549193,2813.0033781638867
3046,LOAD,35485628,2818.04227897559
3047,LOAD,31608700,3163.6859472233914
3048,LOAD,28930511,3456.5583718863454
3049,LOAD,28342559,3528.2629207898976
3050,LOAD,25636022,3900.761202342547
3051,LOAD,26680801,3748.0134123409566
3052,LOAD,30257086,3305.0109319846597
3053,LOAD,35075536,2850.9899321281932
3054,LOAD,31774552,3147.1726178861627
3055,LOAD,32133028,3112.0627660735863
3056,LOAD,32213220,3104.3155574015886
3057,LOAD,33253185,3007.2307359430383
3058,LOAD,35457883,2820.2473339990433
3059,LOAD,33806174,2958.0395580996533
3060,LOAD,33044924,3026.183385986907
3061,LOAD,30967915,3229.1486204350535
3062,LOAD,31316185,3193.2369795363
3063,LOAD,34719324,2880.2404102107516
3064,LOAD,34115900,2931.1845796241632
3065,LOAD,31312055,3193.658161369479
3066,LOAD,33818694,2956.9444639109956
3067,LOAD,29759053,3360.3219833641883
3068,LOAD,33928155,2947.4045965658906
3069,LOAD,36009484,2777.0461803895887
3070,LOAD,35924715,2783.59897914291
3071,LOAD,33632150,2973.345444760445
3072,LOAD,31767996,3147.822103729804
3073,LOAD,32578690,3069.4911305519036
3074,LOAD,29498275,3390.0287389686346
3075,LOAD,29378414,3403.859718227131
3076,LOAD,32157546,3109.6900242325705
3077,LOAD,34345219,2911.6134038918194
3078,LOAD,22774332,4390.9081504564
3079,LOAD,34245968,2920.0517853663823
3080,LOAD,32478397,3078.9696917615734
3081,LOAD,30259741,3304.7209491978133
3082,LOAD,33287737,3004.1092910581456
3083,LOAD,30006962,3332.559957252587
3084,LOAD,31060961,3219.475405155687
3085,LOAD,32959989,3033.9815950788093
3086,LOAD,30650773,3262.560458100029
3087,LOAD,33434870,2990.889451641355
3088,LOAD,29245494,3419.3301710000183
3089,LOAD,32806510,3048.1754993140084
3090,LOAD,32535284,3073.5862025977704
3091,LOAD,34021810,2939.2910018602774
3092,LOAD,29296204,3413.4115122901244
3093,LOAD,28568343,3500.378023324629
3094,LOAD,30090581,3323.2990748832667
3095,LOAD,33803192,2958.3005060587175
3096,LOAD,29324567,3410.1100282230937
3097,LOAD,33554830,2980.196889687714
3098,LOAD,32738960,3054.464772246889
3099,LOAD,33778593,2960.454865600826
3100,LOAD,32445744,3082.068329208293
3101,LOAD,34482795,2899.996940503228
3102,LOAD,33312047,3001.9169941733094
3103,LOAD,34472720,2900.8444938490493
3104,LOAD,34021439,2939.323054501016
3105,LOAD,36057162,2773.374121901219
3106,LOAD,32272089,3098.652832793068
3107,LOAD,35816776,2791.9877545650675
3108,LOAD,33544051,2981.1545421273063
3109,LOAD,32446995,3081.9494994836964
3110,LOAD,34867872,2867.969688543081
3111,LOAD,34682713,2883.280786021555
3112,LOAD,33806921,2957.9741970586438
3113,LOAD,33521774,2983.135677723977
3114,LOAD,34946278,2861.5350681981067
3115,LOAD,37004021,2702.4090165768744
3116,LOAD,36950533,2706.3209074683714
3117,LOAD,33371373,2996.5803324903654
3118,LOAD,33130689,3018.3495429268014
3119,LOAD,33800986,2958.4935776725565
3120,LOAD,33175517,3014.2710360775986
3121,LOAD,30659670,3261.6137094756727
3122,LOAD,32521640,3074.8756827761454
3123,LOAD,34630984,2887.587600745044
3124,LOAD,34033410,2938.289169377973
3125,LOAD,34869464,2867.83874853941
3126,LOAD,35797827,2793.4656480685267
3127,LOAD,37811920,2644.668665330933
3128,LOAD,33738657,2963.959116689203
3129,LOAD,32513854,3075.612014496959
3130,LOAD,31991427,3125.837431384352
3131,LOAD,33470511,2987.70460958902
3132,LOAD,33870453,2952.4258208179263
3133,LOAD,34113742,2931.3700033259324
3134,LOAD,35173561,2843.044524266394
3135,LOAD,34674982,2883.923631164394
3136,LOAD,29126822,3433.2616170758347
3137,LOAD,29315828,3411.1265764009804
3138,LOAD,38259501,2613.7298549711873
3139,LOAD,35093059,2849.5663487187026
3140,LOAD,32575506,3069.791149214996
3141,LOAD,34799094,2873.6380320706053
3142,LOAD,33487899,2986.1532967475805
3143,LOAD,32244075,3101.344975782373
3144,LOAD,33404968,2993.566705407411
3145,LOAD,33616931,2974.691532668464
3146,LOAD,34101109,2932.4559503328765
3147,LOAD,33338944,2999.4951249805636
3148,LOAD,30366672,3293.0839441345433
3149,LOAD,33541790,2981.355497127613
3150,LOAD,37585122,2660.6272556465296
3151,LOAD,35087771,2849.995800531188
3152,LOAD,35196035,2841.229132770211
3153,LOAD,35242377,2837.493055590433
3154,LOAD,30663651,3261.190260742271
3155,LOAD,33322147,3001.007107975365
3156,LOAD,30649544,3262.691281801778
3157,LOAD,32932263,3036.5359343814303
3158,LOAD,34662785,2884.938414498431
3159,LOAD,33473252,2987.4599575804586
3160,LOAD,30571288,3271.0430780672373
3161,LOAD,33371979,2996.525917746742
3162,LOAD,28895298,3460.7706762532785
3163,LOAD,30358849,3293.9325203007534
3164,LOAD,32107185,3114.5676582982906
3165,LOAD,31467640,3177.8678032416797
3166,LOAD,29776323,3358.37302678373
3167,LOAD,33241557,3008.2826746051637
3168,LOAD,28113421,3557.0199727738577
3169,LOAD,27267578,3667.3590885116387
3170,LOAD,27147244,3683.615176553465
3171,LOAD,29544935,3384.6749028217528
3172,LOAD,31765153,3148.10383567175
3173,LOAD,35361328,2827.94809063732
3174,LOAD,35637388,2806.0417895946807
3175,LOAD,31966667,3128.2585700911513
3176,LOAD,34451103,2902.664683914474
3177,LOAD,28722189,3481.6287853269123
3178,LOAD,32793369,3049.396968027286
3179,LOAD,31073851,3218.1399080532374
3180,LOAD,33663551,2970.5719399596314
3181,LOAD,34954946,2860.8254751702375
3182,LOAD,35186724,2841.9809698680674
3183,LOAD,32317484,3094.300286495075
3184,LOAD,32368626,3089.4113330606
3185,LOAD,25399172,3937.136218456255
3186,LOAD,35611829,2808.05571654295
3187,LOAD,31927883,3132.05858340185
3188,LOAD,34268861,2918.1010714070712
3189,LOAD,29728754,3363.746761805086
3190,LOAD,33262039,3006.430243197057
3191,LOAD,33518437,2983.4326702047592
3192,LOAD,33527658,2982.612146664106
3193,LOAD,29962910,3337.4595458184804
3194,LOAD,28916349,3458.2512474171617
3195,LOAD,32636942,3064.012553627114
3196,LOAD,36605859,2731.8031247402228
3197,LOAD,36674956,2726.656304645601
3198,LOAD,36836421,2714.7045582957153
3199,LOAD,34469121,2901.1473776775447
3200,LOAD,34353859,2910.8811327426124
3201,LOAD,33905501,2949.3739083814157
3202,LOAD,32770900,3051.487752853904
3203,LOAD,33028754,3027.664924931773
3204,LOAD,29774293,3358.6019993824875
3205,LOAD,32329332,3093.1662924554084
3206,LOAD,29188307,3426.0294713221974
3207,LOAD,28695876,3484.8213032423196
3208,LOAD,29263101,3417.272831064623
3209,LOAD,32896760,3039.8130393388283
3210,LOAD,32571191,3070.197832188574
3211,LOAD,32847468,3044.374683613361
3212,LOAD,30109718,3321.18686730975
3213,LOAD,27592316,3624.197403364038
3214,LOAD,34851256,2869.337047709271
3215,LOAD,32277173,3098.1647618271895
3216,LOAD,32960625,3033.9230521265904
3217,LOAD,30293157,3301.075553135647
3218,LOAD,31889194,3135.858498022873
3219,LOAD,35348518,2828.9729147909397
3220,LOAD,33166466,3015.093618958378
3221,LOAD,32552484,3071.962188814838
3222,LOAD,33732398,2964.5090752219867
3223,LOAD,35785017,2794.4656278911366
3224,LOAD,31544933,3170.0812298444253
3225,LOAD,33452426,2989.3198179408573
3226,LOAD,28887757,3461.6740925922354
3227,LOAD,28969116,3451.9520719928078
3228,LOAD,31810544,3143.6117533859215
3229,LOAD,33683220,2968.8373023719228
3230,LOAD,32959114,3034.062141354892
3231,LOAD,32935251,3036.2604493282897
3232,LOAD,30349658,3294.930045010721
3233,LOAD,34458674,2902.026932318986
3234,LOAD,31996972,3125.295731108556
3235,LOAD,33169332,3014.8330994425814
3236,LOAD,33044604,3026.212691185526
3237,LOAD,35001930,2856.985314809783
3238,LOAD,34080448,2934.2337283829133
3239,LOAD,36025204,2775.8343852820376
3240,LOAD,35277945,2834.6322326881573
3241,LOAD,34256216,2919.1782303100845
3242,LOAD,32478373,3078.9719669763012
3243,LOAD,28360560,3526.023463570536
3244,LOAD,26833862,3726.63465288746
3245,LOAD,23240484,4302.836378106411
3246,LOAD,32144632,3110.939331954399
3247,LOAD,31787856,3145.855448697138
3248,LOAD,32537880,3073.340979805691
3249,LOAD,29886033,3346.0446222487944
3250,LOAD,28650679,3490.3186762170626
3251,LOAD,32783195,3050.3433237669483
3252,LOAD,30315922,3298.5966912040476
3253,LOAD,30895025,3236.7670846681626
3254,LOAD,32362557,3089.9906951110197
3255,LOAD,29813462,3354.1894597816245
3256,LOAD,28401743,3520.910670869742
3257,LOAD,31522709,3172.316186403903
3258,LOAD,32664357,3061.4409461664895
3259,LOAD,33541698,2981.363674552195
3260,LOAD,33106837,3020.524129200262
3261,LOAD,30939544,3232.109691080127
3262,LOAD,34310979,2914.518994051438
3263,LOAD,33748222,2963.1190644650846
3264,LOAD,33072943,3023.6196397762365
3265,LOAD,32846323,3044.4808083997714
3266,LOAD,29420010,3399.047111132865
3267,LOAD,31606099,3163.9463003643696
3268,LOAD,32630577,3064.610227394998
3269,LOAD,34029097,2938.661581293209
3270,LOAD,32939846,3035.836900998262
3271,LOAD,33266921,3005.989042388383
3272,LOAD,29155445,3429.8910546554853
3273,LOAD,28004176,3570.8959977969002
3274,LOAD,29221167,3422.1768076545336
3275,LOAD,33406672,2993.4140102312494
3276,LOAD,32617433,3065.845187755885
3277,LOAD,34775140,2875.617466960593
3278,LOAD,29750860,3361.2473723448666
3279,LOAD,33653995,2971.4154292826156
3280,LOAD,28943626,3454.9921284914335
3281,LOAD,28859642,3465.0464479081206
3282,LOAD,33342142,2999.207429444695
3283,LOAD,36136065,2767.3184670217966
3284,LOAD,35188422,2841.8438314738864
3285,LOAD,34359506,2910.402728141668
3286,LOAD,30542271,3274.1507663264465
3287,LOAD,34063257,2935.7145736240077
3288,LOAD,29088429,3437.7930826033953
3289,LOAD,31068496,3218.6945901726303
3290,LOAD,30221373,3308.9165075325996
3291,LOAD,43319019,2308.454861362396
3292,LOAD,33843179,2954.8051617727756
3293,LOAD,30615546,3266.3144403826736
3294,LOAD,33238174,3008.588859303763
3295,LOAD,33576117,2978.3074677753834
3296,LOAD,33403346,2993.7120670486124
3297,LOAD,32248733,3100.89701818673
3298,LOAD,31569523,3167.612003513642
3299,LOAD,33707524,2966.6966935928017
3300,LOAD,33233573,3009.005381395494
3301,LOAD,33461323,2988.5249904793063
3302,LOAD,29032287,3444.441011484903
3303,LOAD,32848185,3044.3082319464534
3304,LOAD,31022613,3223.4550970932073
3305,LOAD,30852415,3241.237355325345
3306,LOAD,33671615,2969.860519015794
3307,LOAD,33711468,2966.3496113548067
3308,LOAD,33276079,3005.161755986936
3309,LOAD,35515624,2815.662199825069
3310,LOAD,36824418,2715.589422214358
3311,LOAD,31923847,3132.454556620322
3312,LOAD,33771583,2961.0693700677284
3313,LOAD,30835616,3243.0031558312307
3314,LOAD,33217869,3010.427911555675
3315,LOAD,27643995,3617.422156240442
3316,LOAD,28349636,3527.3821505150895
3317,LOAD,32001691,3124.834872007232
3318,LOAD,33506990,2984.451900931716
3319,LOAD,32335242,3092.60094605137
3320,LOAD,34801830,2873.4121165467445
3321,LOAD,33100934,3021.0627893460646
3322,LOAD,33839720,2955.107193558339
3323,LOAD,31231313,3201.914693756231
3324,LOAD,34738791,2878.6263747635894
3325,LOAD,34450908,2902.681113658891
3326,LOAD,35187170,2841.944947547643
3327,LOAD,29559630,3382.992276966931
3328,LOAD,31446677,3179.986235111583
3329,LOAD,35775562,2795.2041675823293
3330,LOAD,36663537,2727.505532267659
3331,LOAD,34525007,2896.4512592278406
3332,LOAD,31739714,3150.627003129266
3333,LOAD,33101045,3021.0526586094184
3334,LOAD,29768010,3359.3108844024173
3335,LOAD,32082170,3116.996138353484
3336,LOAD,33081022,3022.881215701256
3337,LOAD,31923094,3132.528444767916
3338,LOAD,33354469,2998.0989953700055
3339,LOAD,32279205,3097.9697300475646
3340,LOAD,30609418,3266.968355948486
3341,LOAD,33393427,2994.6013028252537
3342,LOAD,32434637,3083.1237605649785
3343,LOAD,27168220,3680.7711362761343
3344,LOAD,30935073,3232.5768230771587
3345,LOAD,32785045,3050.171198483943
3346,LOAD,30620765,3265.757730089369
3347,LOAD,33338518,2999.533452566788
3348,LOAD,33060830,3024.7274493713558
3349,LOAD,32852561,3043.902726487594
3350,LOAD,31860840,3138.6492007115944
3351,LOAD,32759900,3052.5123703063805
3352,LOAD,30079128,3324.564462108077
3353,LOAD,32290168,3096.9179225081766
3354,LOAD,31415143,3183.1782526025745
3355,LOAD,32807503,3048.0832387640107
3356,LOAD,34209024,2923.205292264404
3357,LOAD,33239488,3008.4699258905553
3358,LOAD,33927780,2947.4371739029198
3359,LOAD,34178483,2925.8173921879447
3360,LOAD,33132398,3018.193853641382
3361,LOAD,39786152,2513.4373387001588
3362,LOAD,27648807,3616.792579875146
3363,LOAD,35254152,2836.5453237961874
3364,LOAD,28885856,3461.90190797877
3365,LOAD,29625115,3375.5143228979873
3366,LOAD,33691410,2968.115611664813
3367,LOAD,31814412,3143.2295526945463
3368,LOAD,32911864,3038.4180002688395
3369,LOAD,30734356,3253.6878273942034
3370,LOAD,29689844,3368.1551172852237
3371,LOAD,32843994,3044.6966955358716
3372,LOAD,29932743,3340.8231246965906
3373,LOAD,26374083,3791.6010198345093
3374,LOAD,31429931,3181.6805452102326
3375,LOAD,33767638,2961.4153053879577
3376,LOAD,32654667,3062.3494032261915
3377,LOAD,33229830,3009.344315032608
3378,LOAD,30621862,3265.6407373268157
3379,LOAD,32771590,3051.4235043218837
3380,LOAD,31338359,3190.9775492711665
3381,LOAD,32145928,3110.813910862987
3382,LOAD,31410422,3183.656685669489
3383,LOAD,30071937,3325.359453898829
3384,LOAD,33517322,2983.5319182123203
3385,LOAD,29214883,3422.9129036731038
3386,LOAD,32167602,3108.7178957262654
3387,LOAD,33709522,2966.5208542559576
3388,LOAD,20952595,4772.678515477439
3389,LOAD,33595426,2976.5956829956554
3390,LOAD,32682459,3059.7452902794125
3391,LOAD,30959989,3229.9753078077642
3392,LOAD,35469314,2819.33842870488
3393,LOAD,33985836,2942.4022407452326
3394,LOAD,33450306,2989.5092738464036
3395,LOAD,31617603,3162.7951049926205
3396,LOAD,33795593,2958.9656852596136
3397,LOAD,30273946,3303.170323419352
3398,LOAD,33489866,2985.9779074660973
3399,LOAD,27684265,3612.160192802662
3400,LOAD,28714163,3482.601948035191
3401,LOAD,29269930,3416.475543330647
3402,LOAD,32868564,3042.420715428882
3403,LOAD,31439099,3180.752730859113
3404,LOAD,32836197,3045.41966294087
3405,LOAD,32583893,3069.000993834592
3406,LOAD,32155952,3109.8441744159836
3407,LOAD,33433839,2990.9816817626
3408,LOAD,35269074,2835.345209233449
3409,LOAD,30795240,3247.25509526797
3410,LOAD,33532510,2982.1805764018263
3411,LOAD,29806855,3354.9329508262445
3412,LOAD,30141029,3317.736763399816
3413,LOAD,33759700,2962.1116301388934
3414,LOAD,30929332,3233.176843263217
3415,LOAD,33246059,3007.8753093712553
3416,LOAD,28600106,3496.4905374826235
3417,LOAD,28237645,3541.3718105741464
3418,LOAD,29000942,3448.16385619474
3419,LOAD,31914076,3133.413607212065
3420,LOAD,31584248,3166.1352203161523
3421,LOAD,32228997,3102.795907672833
3422,LOAD,32990422,3031.1828081495896
3423,LOAD,32947986,3035.0868790584045
3424,LOAD,31346659,3190.132639015852
3425,LOAD,30699651,3257.3660202195783
3426,LOAD,33001328,3030.1810884701367
3427,LOAD,30388351,3290.734663424152
3428,LOAD,29921553,3342.072518762646
3429,LOAD,33580798,2977.8923061923665
3430,LOAD,31137965,3211.5136618594056
3431,LOAD,33390199,2994.890806131464
3432,LOAD,30719117,3255.301902069646
3433,LOAD,32867715,3042.499303647972
3434,LOAD,31772940,3147.332289677946
3435,LOAD,32899242,3039.5837083419733
3436,LOAD,31846649,3140.047795923521
3437,LOAD,32723719,3055.8873824824127
3438,LOAD,33290709,3003.8411017320177
3439,LOAD,33449309,2989.5983800442636
3440,LOAD,28872386,3463.5170089510443
3441,LOAD,27054220,3696.281023810703
3442,LOAD,28333644,3529.3730661682625
3443,LOAD,30285854,3301.8715602340285
3444,LOAD,33614366,2974.9185214440754
3445,LOAD,32527925,3074.281559613778
3446,LOAD,34166572,2926.837377773808
3447,LOAD,34770247,2876.0221346716344
3448,LOAD,30246174,3306.203290373189
3449,LOAD,29613742,3376.8106712079816
3450,LOAD,34105012,2932.1203581456007
3451,LOAD,35573685,2811.0666634620507
3452,LOAD,32976648,3032.448901416542
3453,LOAD,34235628,2920.9337126808364
3454,LOAD,30594080,3268.6062140126455
3455,LOAD,34069275,2935.1960087204675
3456,LOAD,29916402,3342.6479561278793
3457,LOAD,30410476,3288.3405047655287
3458,LOAD,34386778,2908.094500740953
3459,LOAD,35177087,2842.759549703476
3460,LOAD,32420692,3084.44989391343
3461,LOAD,32722625,3055.989548515744
3462,LOAD,30027455,3330.2855669919413
3463,LOAD,30295994,3300.76643136383
3464,LOAD,34328063,2913.0685293836705
3465,LOAD,34903438,2865.047277004632
3466,LOAD,29385414,3403.0488731586356
3467,LOAD,28097223,3559.0705885773837
3468,LOAD,29479071,3392.237156998604
3469,LOAD,34979734,2858.798182970745
3470,LOAD,32911337,3038.4666536032855
3471,LOAD,34955971,2860.7415883254967
3472,LOAD,34090965,2933.328522674556
3473,LOAD,33474313,2987.365267212504
3474,LOAD,33622264,2974.2197015644156
3475,LOAD,31138384,3211.4704475351064
3476,LOAD,36300335,2754.7955135951224
3477,LOAD,31691928,3155.377609087084
3478,LOAD,32794568,3049.285479229365
3479,LOAD,32265880,3099.2491139246786
3480,LOAD,32807147,3048.116314411613
3481,LOAD,34254589,2919.316883352476
3482,LOAD,33870027,2952.4629549306233
3483,LOAD,35722129,2799.385221412755
3484,LOAD,33733020,2964.4544129164838
3485,LOAD,35266049,2835.5884153623224
3486,LOAD,33694939,2967.804749550073
3487,LOAD,31092592,3216.2001804159654
3488,LOAD,28176255,3549.0876981344754
3489,LOAD,33409369,2993.172364314932
3490,LOAD,30537540,3274.6580110906116
3491,LOAD,32080102,3117.1970712561947
3492,LOAD,34252173,2919.5227993272133
3493,LOAD,33576286,2978.2924770178574
3494,LOAD,29859238,3349.047286471276
3495,LOAD,32020942,3122.956220338552
3496,LOAD,32907149,3038.853350680729
3497,LOAD,34789016,2874.470493790339
3498,LOAD,29291584,3413.9498908628498
3499,LOAD,31349048,3189.8895302976985
3500,LOAD,35318175,2831.4033780058
3501,LOAD,35908232,2784.8767380137238
3502,LOAD,35632014,2806.4649952146965
3503,LOAD,32350155,3091.175297305376
3504,LOAD,33251687,3007.366212727793
3505,LOAD,31294919,3195.4068965636243
3506,LOAD,32769020,3051.6628205542916
3507,LOAD,30142398,3317.5860792495673
3508,LOAD,29549189,3384.1876337113686
3509,LOAD,30228993,3308.082409493429
3510,LOAD,32358035,3090.422517931018
3511,LOAD,33455082,2989.082495747582
3512,LOAD,33179439,3013.9147319519175
3513,LOAD,32558759,3071.3701342240965
3514,LOAD,33296335,3003.3335500739045
3515,LOAD,33502517,2984.8503621384625
3516,LOAD,30763880,3250.565273301027
3517,LOAD,32517486,3075.2684878529662
3518,LOAD,32043820,3120.726555073646
3519,LOAD,32305379,3095.4597375254443
3520,LOAD,34741703,2878.3850924060916
3521,LOAD,33976146,2943.241414138025
3522,LOAD,30534926,3274.93834437326
3523,LOAD,33438834,2990.534897239539
3524,LOAD,30134078,3318.502062681327
3525,LOAD,31355600,3189.2229777137095
3526,LOAD,35614054,2807.8802823177616
3527,LOAD,35251456,2836.762260259548
3528,LOAD,32050976,3120.029792540483
3529,LOAD,34366528,2909.8080550936074
3530,LOAD,34839185,2870.331208953367
3531,LOAD,33222046,3010.0494111651037
3532,LOAD,34442759,2903.3678747977187
3533,LOAD,35916245,2784.255425365319
3534,LOAD,32348753,3091.3092693248486
3535,LOAD,33367230,2996.9523991053497
3536,LOAD,27045339,3697.4947882886586
3537,LOAD,32987046,3031.4930291120945
3538,LOAD,36028149,2775.607484025893
3539,LOAD,32730269,3055.2758365658406
3540,LOAD,30469919,3281.925363831784
3541,LOAD,34719649,2880.213449162461
3542,LOAD,28927011,3456.976595335066
3543,LOAD,31994694,3125.518249994827
3544,LOAD,33901920,2949.685445544087
3545,LOAD,34420130,2905.2766506111393
3546,LOAD,29487356,3391.2840473048855
3547,LOAD,28506030,3508.0297045923267
3548,LOAD,30367569,3292.986672723128
3549,LOAD,33041221,3026.5225368033466
3550,LOAD,29213057,3423.12685728166
3551,LOAD,32696756,3058.407384512396
3552,LOAD,32549974,3072.199074567617
3553,LOAD,33940734,2946.31223944656
3554,LOAD,29846993,3350.421263542361
3555,LOAD,33924066,2947.759858738631
3556,LOAD,32362422,3090.0035850221593
3557,LOAD,33427802,2991.5218475926117
3558,LOAD,29024166,3445.40477063148
3559,LOAD,29407596,3400.481970712601
3560,LOAD,33159246,3015.7501168753956
3561,LOAD,35544483,2813.3761292856616
3562,LOAD,34828590,2871.204375485772
3563,LOAD,34262723,2918.6238350057583
3564,LOAD,30905906,3235.6275205133934
3565,LOAD,33726292,2965.0457868300496
3566,LOAD,29641697,3373.626010683531
3567,LOAD,35626696,2806.8839164877936
3568,LOAD,35697519,2801.315127810423
3569,LOAD,34709511,2881.0547057260474
3570,LOAD,34014670,2939.9079867598302
3571,LOAD,36005607,2777.3452062619026
3572,LOAD,35291935,2833.508562225336
3573,LOAD,33142179,3017.303116973691
3574,LOAD,34648629,2886.1170812848036
3575,LOAD,35380821,2826.390037698673
3576,LOAD,33951971,2945.3371057603695
3577,LOAD,35463838,2819.7737650391928
3578,LOAD,34511537,2897.581756500732
3579,LOAD,33493963,2985.6126610040146
3580,LOAD,30647514,3262.9073927497025
3581,LOAD,32789019,3049.8015204419503
3582,LOAD,29395854,3401.840273121509
3583,LOAD,30940145,3232.0469086360135
3584,LOAD,37052769,2698.853626836904
3585,LOAD,33192082,3012.7667194844844
3586,LOAD,31405386,3184.1671998554643
3587,LOAD,33222262,3010.029840833836
3588,LOAD,29316356,3411.065140565219
3589,LOAD,33436740,2990.7221816480915
3590,LOAD,29822312,3353.1940783129085
3591,LOAD,32395832,3086.816847303073
3592,LOAD,32125495,3112.792503275047
3593,LOAD,33082632,3022.734104106348
3594,LOAD,32967192,3033.3187006039216
3595,LOAD,34131607,2929.835679872911
3596,LOAD,29155305,3429.907524548277
3597,LOAD,29687881,3368.377823934285
3598,LOAD,32661430,3061.715301503945
3599,LOAD,34518939,2896.960419322274
3600,LOAD,33631789,2973.377360330133
3601,LOAD,35197479,2841.112569454193
3602,LOAD,29994394,3333.956338641148
3603,LOAD,30669325,3260.5869219488854
3604,LOAD,33499297,2985.137270194058
3605,LOAD,33609892,2975.314529424849
3606,LOAD,32788454,3049.854073632139
3607,LOAD,33391914,2994.736989320229
3608,LOAD,32848722,3044.2584646063247
3609,LOAD,33553931,2980.2767371727623
3610,LOAD,32784642,3050.2086922285134
3611,LOAD,34119624,2930.8646543115483
3612,LOAD,30518104,3276.743535574818
3613,LOAD,34048877,2936.954425839067
3614,LOAD,28993424,3449.0579656959458
3615,LOAD,31618788,3162.676570651601
3616,LOAD,35444794,2821.288790675437
3617,LOAD,34743577,2878.2298379927893
3618,LOAD,30968265,3229.112124944681
3619,LOAD,34173645,2926.2316033305783
3620,LOAD,32491551,3077.7231902533676
3621,LOAD,35683534,2802.4130121192593
3622,LOAD,34066090,2935.4704340885614
3623,LOAD,35890306,2786.2676902225353
3624,LOAD,34194061,2924.484459450429
3625,LOAD,36359486,2750.3139070777843
3626,LOAD,35183306,2842.2570636198884
3627,LOAD,35077490,2850.831117049709
3628,LOAD,31069907,3218.5484172836436
3629,LOAD,32960477,3033.936675127608
3630,LOAD,33059112,3024.884636949716
3631,LOAD,31146163,3210.6683574474328
3632,LOAD,29901899,3344.2692051096824
3633,LOAD,30303008,3300.0024288017876
3634,LOAD,33117119,3019.5863353934865
3635,LOAD,33519951,2983.29791711211
3636,LOAD,32235780,3102.143022442764
3637,LOAD,32076145,3117.581617117643
3638,LOAD,33917392,2948.33989594483
3639,LOAD,34846312,2869.7441496821816
3640,LOAD,32049225,3120.200254452331
3641,LOAD,32987918,3031.412894866539
3642,LOAD,29553959,3383.641426855874
3643,LOAD,29599994,3378.379063184945
3644,LOAD,32424013,3084.133971942338
3645,LOAD,32552357,3071.9741737902423
3646,LOAD,33995403,2941.5741887219283
3647,LOAD,32308934,3095.119139492501
3648,LOAD,33696132,2967.6996754404927
3649,LOAD,34222136,2922.085284214872
3650,LOAD,32602661,3067.2342972250026
3651,LOAD,35085529,2850.1779180812696
3652,LOAD,30088905,3323.484187942366
3653,LOAD,33682312,2968.917335603328
3654,LOAD,31534132,3171.167038940536
3655,LOAD,34170928,2926.464273958261
3656,LOAD,29680908,3369.169164231768
3657,LOAD,33715068,2966.032872898254
3658,LOAD,32372343,3089.056606128262
3659,LOAD,34639112,2886.9100339523716
3660,LOAD,31554328,3169.1373684142472
3661,LOAD,34288141,2916.460242041119
3662,LOAD,27040333,3698.179308664579
3663,LOAD,34744260,2878.1732579712448
3664,LOAD,35463436,2819.8057289203452
3665,LOAD,37216451,2686.9837749977823
3666,LOAD,36586405,2733.2556997606075
3667,LOAD,34175490,2926.0736276202624
3668,LOAD,33418543,2992.3506838703292
3669,LOAD,36420711,2745.690494619943
3670,LOAD,35650426,2805.0155697999235
3671,LOAD,36490300,2740.454312515929
3672,LOAD,33215551,3010.637999050505
3673,LOAD,31429521,3181.72205042514
3674,LOAD,34141334,2929.0009581933737
3675,LOAD,31180091,3207.1747321070998
3676,LOAD,31428991,3181.7757051125186
3677,LOAD,33470530,2987.7029135780044
3678,LOAD,33951170,2945.4065942351913
3679,LOAD,31096490,3215.797024037118
3680,LOAD,33554499,2980.2262879860014
3681,LOAD,28797678,3472.5021927115095
3682,LOAD,27768205,3601.2410596939917
3683,LOAD,28781087,3474.5039337812364
3684,LOAD,30327132,3297.377411091824
3685,LOAD,32640008,3063.7247392831523
3686,LOAD,32108924,3114.398975188331
3687,LOAD,33756208,2962.4180535918017
3688,LOAD,33459035,2988.729352176475
3689,LOAD,33759822,2962.100925769099
3690,LOAD,33907072,2949.237256463784
3691,LOAD,29565759,3382.2909805900804
3692,LOAD,29761409,3360.0559704683337
3693,LOAD,33406875,2993.3958204710857
3694,LOAD,36228594,2760.25064621608
3695,LOAD,34629163,2887.739446662341
3696,LOAD,33996769,2941.455995421212
3697,LOAD,34089729,2933.43487711504
3698,LOAD,33094029,3021.6931277844715
3699,LOAD,30000384,3333.290667212793
3700,LOAD,36798696,2717.4875979301005
3701,LOAD,35398106,2825.0099030722154
3702,LOAD,34802706,2873.3397914518487
3703,LOAD,31338587,3190.954333710068
3704,LOAD,34306033,2914.939188684393
3705,LOAD,30496769,3279.035887375479
3706,LOAD,34298997,2915.537151130104
3707,LOAD,31455707,3179.0733554327676
3708,LOAD,33631086,2973.439513668991
3709,LOAD,30770777,3249.8366875818574
3710,LOAD,33836576,2955.3817738532407
3711,LOAD,30894956,3236.774313580508
3712,LOAD,34373325,2909.232668064553
3713,LOAD,29473470,3392.8818018373813
3714,LOAD,33855049,2953.7691704419035
3715,LOAD,32129445,3112.4098159803257
3716,LOAD,32956407,3034.311355603783
3717,LOAD,28667151,3488.313156755619
3718,LOAD,27784396,3599.14248270864
3719,LOAD,28318151,3531.3040035700074
3720,LOAD,29287395,3414.438190900898
3721,LOAD,29618683,3376.2473503632827
3722,LOAD,34393980,2907.485554158024
3723,LOAD,30749035,3252.1345791827284
3724,LOAD,33620673,2974.360447811381
3725,LOAD,31205862,3204.5261239699134
3726,LOAD,34072659,2934.9044933651935
3727,LOAD,30661835,3261.3834103536205
3728,LOAD,33751506,2962.8307548706125
3729,LOAD,29253765,3418.3634140767863
3730,LOAD,33354192,2998.123893992096
3731,LOAD,32891445,3040.3042493268385
3732,LOAD,32991777,3031.0583149249587
3733,LOAD,29422014,3398.815594336948
3734,LOAD,32218188,3103.836876238974
3735,LOAD,32368016,3089.469555378371
3736,LOAD,31898823,3134.911905683793
3737,LOAD,34486021,2899.7256598550466
3738,LOAD,34592150,2890.829277740759
3739,LOAD,29654596,3372.158568607713
3740,LOAD,32021036,3122.947052681244
3741,LOAD,32483612,3078.475386296327
3742,LOAD,34898835,2865.425163905901
3743,LOAD,32970383,3033.0251243972507
3744,LOAD,33275241,3005.237437649212
3745,LOAD,28740432,3479.418820148563
3746,LOAD,30837986,3242.7539204408486
3747,LOAD,34355425,2910.748448025312
3748,LOAD,35698626,2801.228260157688
3749,LOAD,31628924,3161.663039817605
3750,LOAD,33438032,2990.6066242175975
3751,LOAD,29754150,3360.875709774939
3752,LOAD,31011166,3224.644955304164
3753,LOAD,34277650,2917.3528523688174
3754,LOAD,33270326,3005.681399094196
3755,LOAD,33121246,3019.2100864804424
3756,LOAD,36762127,2720.190809416441
3757,LOAD,34559143,2893.5902721893303
3758,LOAD,33881477,2951.465191437788
3759,LOAD,28699557,3484.3743406910426
3760,LOAD,27438697,3644.487928854639
3761,LOAD,27619417,3620.641232217175
3762,LOAD,28575062,3499.5549615955338
3763,LOAD,26395135,3788.576947986817
3764,LOAD,30564944,3271.722009371259
3765,LOAD,32443712,3082.2613639277774
3766,LOAD,34216657,2922.553188056916
3767,LOAD,33636269,2972.981337496142
3768,LOAD,33537285,2981.755976967128
3769,LOAD,30427884,3286.45922273136
3770,LOAD,27220340,3673.723399487295
3771,LOAD,28015460,3569.4577208441337
3772,LOAD,28575785,3499.466418857785
3773,LOAD,29834335,3351.8427677372397
3774,LOAD,34292374,2916.1002384961744
3775,LOAD,27611993,3621.614709231601
3776,LOAD,33250098,3007.5099327526796
3777,LOAD,33500759,2985.006996408649
3778,LOAD,33640016,2972.6501913673287
3779,LOAD,31806874,3143.9744754545823
3780,LOAD,33622531,2974.1960829778104
3781,LOAD,29155930,3429.83399946426
3782,LOAD,29812274,3354.323122080523
3783,LOAD,33022314,3028.2553790748884
3784,LOAD,32185136,3107.0243108495797
3785,LOAD,35598411,2809.1141483815104
3786,LOAD,35650591,2805.0025874746366
3787,LOAD,29844526,3350.6982151433735
3788,LOAD,34256547,2919.150024081528
3789,LOAD,30525523,3275.9471475722135
3790,LOAD,34353601,2910.902993837531
3791,LOAD,30493646,3279.3717091094977
3792,LOAD,34271692,2917.860022784985
3793,LOAD,29806400,3354.9841644747435
3794,LOAD,33189683,3012.984486775604
3795,LOAD,34102510,2932.3354791186925
3796,LOAD,33446659,2989.8352478195206
3797,LOAD,33290728,3003.8393873513373
3798,LOAD,34208687,2923.2340896334313
3799,LOAD,34259945,2918.860494376159
3800,LOAD,28375011,3524.2277086694344
3801,LOAD,30667114,3260.8219997486563
3802,LOAD,32064234,3118.739714786263
3803,LOAD,33760513,2962.040298380537
3804,LOAD,33864105,2952.979268166101
3805,LOAD,30524690,3276.0365461532942
3806,LOAD,32995528,3030.7137379344254
3807,LOAD,26218754,3814.0637804527246
3808,LOAD,32169400,3108.544144435395
3809,LOAD,33508672,2984.302093499856
3810,LOAD,34868353,2867.9301256357016
3811,LOAD,34444063,2903.257957692157
3812,LOAD,33218044,3010.4120519558587
3813,LOAD,28093767,3559.5084133786686
3814,LOAD,28647639,3490.689058180327
3815,LOAD,29233542,3420.7281485083126
3816,LOAD,34318296,2913.897589787092
3817,LOAD,28769170,3475.943171109907
3818,LOAD,30082839,3324.1543459378954
3819,LOAD,30655550,3262.052059088811
3820,LOAD,30571420,3271.0289544940993
3821,LOAD,29880167,3346.7015093991945
3822,LOAD,28070993,3562.3962429829257
3823,LOAD,26886036,3719.402890035556
3824,LOAD,30532197,3275.231061819757
3825,LOAD,33879970,2951.5964742589795
3826,LOAD,35650370,2805.0199759497586
3827,LOAD,33972730,2943.537360700774
3828,LOAD,35125319,2846.9492334005563
3829,LOAD,34088616,2933.5306543392667
3830,LOAD,29176876,3427.371730955706
3831,LOAD,32311267,3094.89565977094
3832,LOAD,32902854,3039.2500297998467
3833,LOAD,32769790,3051.5911148652463
3834,LOAD,33675576,2969.5111970764806
3835,LOAD,34443590,2903.2978269686755
3836,LOAD,31391243,3185.601793468325
3837,LOAD,33752512,2962.7424471399345
3838,LOAD,32396181,3086.7835934118284
3839,LOAD,34853369,2869.1630929566663
3840,LOAD,29254988,3418.2205099520124
3841,LOAD,33837084,2955.3374043697145
3842,LOAD,33671229,2969.894564882084
3843,LOAD,33734438,2964.3298044567987
3844,LOAD,28351404,3527.162182162125
3845,LOAD,32684913,3059.515563036683
3846,LOAD,26372528,3791.824583521155
3847,LOAD,31815342,3143.1376723845997
3848,LOAD,28555413,3501.9630078542377
3849,LOAD,33420317,2992.1918454573606
3850,LOAD,33727441,2964.9447759763334
3851,LOAD,34749378,2877.749351369685
3852,LOAD,35177902,2842.693688782236
3853,LOAD,34807166,2872.971617396257
3854,LOAD,32664297,3061.446569629219
3855,LOAD,34035082,2938.144823626398
3856,LOAD,32509253,3076.047302594126
3857,LOAD,33983575,2942.5980050656826
3858,LOAD,34543625,2894.890157011605
3859,LOAD,30499137,3278.7812979757427
3860,LOAD,30200149,3311.241941223535
3861,LOAD,32309202,3095.093465941994
3862,LOAD,33328887,3000.4002233857973
3863,LOAD,34251814,2919.5533994199545
3864,LOAD,30447703,3284.320002727299
3865,LOAD,30380893,3291.5424836261395
3866,LOAD,34258751,2918.9622236957794
3867,LOAD,34493291,2899.114497367039
3868,LOAD,28783230,3474.2452462770857
3869,LOAD,28008281,3570.372633722148
3870,LOAD,27373929,3653.1109582405948
3871,LOAD,31477602,3176.8620748175163
3872,LOAD,35502279,2816.7205829237046
3873,LOAD,34245765,2920.0690946749182
3874,LOAD,31212986,3203.794728258296
3875,LOAD,33390428,2994.8702664128778
3876,LOAD,29173342,3427.7869158768303
3877,LOAD,32026025,3122.460561371572
3878,LOAD,35623005,2807.1747456454054
3879,LOAD,33605741,2975.6820419463447
3880,LOAD,35519275,2815.3727799905823
3881,LOAD,32051774,3119.952112479016
3882,LOAD,35157228,2844.365317993785
3883,LOAD,29547750,3384.352446463775
3884,LOAD,34655859,2885.514971653134
3885,LOAD,29395381,3401.89501200886
3886,LOAD,30592050,3268.8231092718534
3887,LOAD,30601898,3267.7711689647485
3888,LOAD,39521819,2530.2479119192362
3889,LOAD,30713107,3255.938905822846
3890,LOAD,33547970,2980.806290216666
3891,LOAD,27642554,3617.610731627765
3892,LOAD,31385534,3186.181251528172
3893,LOAD,32833877,3045.6348484219516
3894,LOAD,34417047,2905.5368986188732
3895,LOAD,35692364,2801.7197179766517
3896,LOAD,34465288,2901.4700239847116
3897,LOAD,29112915,3434.901657906809
3898,LOAD,30754982,3251.50572352798
3899,LOAD,33088800,3022.170643843234
3900,LOAD,33234219,3008.946892959934
3901,LOAD,33998052,2941.344992354268
3902,LOAD,33119685,3019.3523881643196
3903,LOAD,30446604,3284.438553475455
3904,LOAD,27973560,3574.8042079735296
3905,LOAD,31372693,3187.4853714343235
3906,LOAD,35365652,2827.6023300800452
3907,LOAD,33801333,2958.4632061700054
3908,LOAD,32752163,3053.23346125262
3909,LOAD,32183696,3107.1633289103897
3910,LOAD,31354598,3189.3248958254862
3911,LOAD,33639524,2972.6936683170666
3912,LOAD,33754855,2962.536796558599
3913,LOAD,34542632,2894.9733766668387
3914,LOAD,34288610,2916.42035066455
3915,LOAD,32708526,3057.306831863961
3916,LOAD,34447164,2902.9966008232204
3917,LOAD,33267479,3005.938622520811
3918,LOAD,35465426,2819.6475068422974
3919,LOAD,35551728,2812.802798221229
3920,LOAD,34276147,2917.480777521464
3921,LOAD,31378467,3186.8988373460056
3922,LOAD,34975559,2859.1394350552055
3923,LOAD,33901695,2949.705022123525
3924,LOAD,34171618,2926.405182218764
3925,LOAD,40929076,2443.250856677048
3926,LOAD,33082254,3022.7686420641107
3927,LOAD,37275901,2682.6984007710507
3928,LOAD,33121175,3019.216558591294
3929,LOAD,33727935,2964.9013495786207
3930,LOAD,32523746,3074.6765763082767
3931,LOAD,31987645,3126.2070089873764
3932,LOAD,34785659,2874.747895389879
3933,LOAD,34114324,2931.3199933259707
3934,LOAD,33519486,2983.3393029952786
3935,LOAD,34563639,2893.2138771614877
3936,LOAD,34738536,2878.647505467703
3937,LOAD,28465590,3513.0134313042518
3938,LOAD,27815318,3595.141353408219
3939,LOAD,28982216,3450.3917850864127
3940,LOAD,33316526,3001.5134230981944
3941,LOAD,30861964,3240.23448410477
3942,LOAD,33897338,2950.084162951085
3943,LOAD,32542878,3072.868969978623
3944,LOAD,34444495,2903.2215452716027
3945,LOAD,30979696,3227.9206355026854
3946,LOAD,34406391,2906.436772168287
3947,LOAD,29928297,3341.3194208811815
3948,LOAD,34382064,2908.4932190225695
3949,LOAD,29756693,3360.588490125566
3950,LOAD,34541052,2895.1058004834363
3951,LOAD,29121053,3433.941760279067
3952,LOAD,30705432,3256.7527465498615
3953,LOAD,34056848,2936.267032110546
3954,LOAD,34326243,2913.2229821947017
3955,LOAD,32613230,3066.240295732744
3956,LOAD,34384623,2908.276760806713
3957,LOAD,29214738,3422.929892439905
3958,LOAD,32593144,3068.1299110021423
3959,LOAD,35003461,2856.8603544660914
3960,LOAD,34693373,2882.394859675362
3961,LOAD,31561763,3168.390815177213
3962,LOAD,34667867,2884.5155082659107
3963,LOAD,34082796,2934.0315859062734
3964,LOAD,34235775,2920.92117090967
3965,LOAD,32453161,3081.3639386314326
3966,LOAD,34766829,2876.304882449878
3967,LOAD,33315134,3001.638834771008
3968,LOAD,34176342,2926.0006819922387
3969,LOAD,32352739,3090.928406401696
3970,LOAD,34961396,2860.297683765259
3971,LOAD,32544542,3072.711854417862
3972,LOAD,33715703,2965.9770107715094
3973,LOAD,34040164,2937.7061755636664
3974,LOAD,33651146,2971.6669976113144
3975,LOAD,30722169,3254.978514049578
3976,LOAD,27848555,3590.850584527635
3977,LOAD,28508193,3507.7635401163448
3978,LOAD,31415917,3183.099828026666
3979,LOAD,32605553,3066.962244130624
3980,LOAD,33602850,2975.9380528734914
3981,LOAD,30082999,3324.136666028543
3982,LOAD,30072191,3325.3313667767006
3983,LOAD,32784057,3050.2631202721495
3984,LOAD,34679132,2883.578516325034
3985,LOAD,35507103,2816.337902869744
3986,LOAD,34908168,2864.6590677574372
3987,LOAD,30784279,3248.4113076028193
3988,LOAD,34297993,2915.6224972114255
3989,LOAD,30169241,3314.634266072521
3990,LOAD,34496565,2898.839348207568
3991,LOAD,29004601,3447.7288620519207
3992,LOAD,31836510,3141.047809574605
3993,LOAD,32786491,3050.0366751660004
3994,LOAD,32053478,3119.7862522126306
3995,LOAD,27791052,3598.2804825092626
3996,LOAD,35348918,2828.9409028021732
3997,LOAD,34252503,2919.494671674067
3998,LOAD,35475588,2818.8398173978117
3999,LOAD,35754423,2796.856769300962
4000,LOAD,34009658,2940.341240714623
4001,PUT,0.026202419,38164.41527784133
4002,PUT,0.026927706000000003,37136.472003964984
4003,PUT,0.026749719,37383.570272270896
4004,PUT,0.028758528000000002,34772.294326051735
4005,PUT,0.02655884,37652.24686017913
4006,PUT,0.028594878,34971.29800658705
4007,PUT,0.029636646000000003,33742.009807722505
4008,PUT,0.030678804,32595.794803474084
4009,PUT,0.02623054,38123.50031680629
4010,PUT,0.02797167,35750.45751648007
4011,PUT,0.027109709000000003,36887.153602423394
4012,PUT,0.030013536,33318.30011632085
4013,PUT,0.03036116,32936.817960842076
4014,PUT,0.028733183000000002,34802.96631250356
4015,PUT,0.027796729000000003,35975.45596102333
4016,PUT,0.030484112,32803.97342720693
4017,PUT,0.029339974,34083.193120757365
4018,PUT,0.028283865000000002,35355.846875948526
4019,PUT,0.026557377,37654.32105738454
4020,PUT,0.029135566,34322.312461683425
4020,GET,0.014104557,70899.07183898083
4020,GET,0.007091127,141021.30733238877
4020,GET,0.0060570070000000005,165098.04264713576
4020,GET,0.005711065,175098.68999915075
4020,GET,0.005664496000000001,176538.21275538017
4020,GET,0.005502591,181732.56925691915
4020,GET,0.005539403,180524.86883514342
4020,GET,0.005270779000000001,189725.27590323932
4020,GET,0.0051447640000000005,194372.37548699998
4020,GET,0.005087874,196545.74779171025
4020,GET,0.005022105000000001,199119.69184236487
4020,GET,0.0050009450000000006,199962.20714284998
4020,GET,0.005077748,196937.6975777451
4020,GET,0.005201470000000001,192253.34376628144
4020,GET,0.004880968,204877.39317282964
4020,GET,0.0047796010000000005,209222.485307874
4020,GET,0.00466856,214198.8107682026
4020,GET,0.004688157,213303.43672364214
4020,GET,0.0046368170000000005,215665.18583761228
4020,GET,0.0046158150000000005,216646.46438386285
