height,operation,latency,throughput
1,LOAD,17336,5768343.3317951085
2,LOAD,23413,4271131.422713877
3,LOAD,18209447,5491.654963492301
4,LOAD,17260486,5793.579624582993
5,LOAD,10106551,9894.572342236239
6,LOAD,16832483,5940.894162792263
7,LOAD,11059785,9041.767086792375
8,LOAD,16484691,6066.234423199076
9,LOAD,11679936,8561.690748990406
10,LOAD,10271976,9735.225238065197
11,LOAD,10166864,9835.87466105576
12,LOAD,10380797,9633.17171118942
13,LOAD,9697460,10311.978600582008
14,LOAD,12149370,8230.879461239554
15,LOAD,10503049,9521.044793754652
16,LOAD,10298539,9710.115192067535
17,LOAD,12642542,7909.8016838702215
18,LOAD,10190539,9813.023629073987
19,LOAD,11108538,9002.084702775468
20,LOAD,13203222,7573.908853460162
21,LOAD,11321720,8832.580208660876
22,LOAD,17377781,5754.474636318641
23,LOAD,12453133,8030.1077648492155
24,LOAD,20320669,4921.097824092307
25,LOAD,16859474,5931.3831499132175
26,LOAD,20159868,4960.349938799202
27,LOAD,15549445,6431.097701557836
28,LOAD,14079810,7102.36856889404
29,LOAD,10874988,9195.412445512584
30,LOAD,14274985,7005.261301500492
31,LOAD,11353595,8807.782909289965
32,LOAD,20896367,4785.520851543238
33,LOAD,12307666,8125.017367224623
34,LOAD,22035634,4538.104054550915
35,LOAD,14288851,6998.4633474028105
36,LOAD,19823735,5044.458070086187
37,LOAD,14549628,6873.027956453595
38,LOAD,14527277,6883.6024810430745
39,LOAD,13992786,7146.5396526467275
40,LOAD,14881282,6719.851152609029
41,LOAD,15453428,6471.056130717405
42,LOAD,14155295,7064.494240494459
43,LOAD,14069554,7107.545839761517
44,LOAD,19579356,5107.420284916419
45,LOAD,12036704,8307.922168726589
46,LOAD,21238625,4708.4027332277865
47,LOAD,14137390,7073.441420233862
48,LOAD,13654799,7323.43258952402
49,LOAD,12205620,8192.947183346687
50,LOAD,14201443,7041.537962022592
51,LOAD,19730096,5068.399058980757
52,LOAD,17094100,5849.971627637606
53,LOAD,11823762,8457.54506898904
54,LOAD,20170297,4957.785202667071
55,LOAD,13355174,7487.734716148213
56,LOAD,14874740,6722.806583510031
57,LOAD,14556840,6869.622802751147
58,LOAD,13768545,7262.931558853895
59,LOAD,15148847,6601.162451505385
60,LOAD,15923198,6280.145483338209
61,LOAD,14414914,6937.259563255112
62,LOAD,14492278,6900.22645163169
63,LOAD,14966959,6681.383973858684
64,LOAD,15493104,6454.484524211545
65,LOAD,14421128,6934.270328922952
66,LOAD,22435812,4457.15983000749
67,LOAD,21109554,4737.19151053594
68,LOAD,14814319,6750.22591318575
69,LOAD,15166795,6593.350803515179
70,LOAD,12501650,7998.944139373602
71,LOAD,19924966,5018.829141289375
72,LOAD,13950338,7168.285098181851
73,LOAD,20456169,4888.500872279654
74,LOAD,21309208,4692.806978091349
75,LOAD,22919829,4363.034296634586
76,LOAD,22191927,4506.143157374301
77,LOAD,23068358,4334.942261603535
78,LOAD,18516225,5400.668872839901
79,LOAD,22647184,4415.560009579999
80,LOAD,18329782,5455.602254298496
81,LOAD,21663963,4615.960616254745
82,LOAD,14597030,6850.708671558529
83,LOAD,22698017,4405.671209075224
84,LOAD,19561727,5112.023084669365
85,LOAD,18250476,5479.309142402642
86,LOAD,16585365,6029.4120750432685
87,LOAD,23592879,4238.567069326299
88,LOAD,17322273,5772.914443733798
89,LOAD,16485896,6065.791025249704
90,LOAD,15938695,6274.039373988899
91,LOAD,15103850,6620.828464265734
92,LOAD,15381485,6501.32285666826
93,LOAD,20448446,4890.347168679713
94,LOAD,13014609,7683.673016991905
95,LOAD,22733248,4398.843491260026
96,LOAD,14950900,6688.560554882984
97,LOAD,15865544,6302.966983041993
98,LOAD,16488808,6064.719778409694
99,LOAD,23045253,4339.288442613322
100,LOAD,14591090,6853.49757968733
101,LOAD,22415718,4461.155337518076
102,LOAD,17926607,5578.300455853135
103,LOAD,24519527,4078.3820992957976
104,LOAD,16661981,6001.687314371562
105,LOAD,23178940,4314.2611353237035
106,LOAD,19033895,5253.785418066034
107,LOAD,18358161,5447.168700612223
108,LOAD,16853427,5933.511326806115
109,LOAD,22068057,4531.436546497955
110,LOAD,14890693,6715.604169664904
111,LOAD,23744286,4211.539567877509
112,LOAD,21590745,4631.6141476359435
113,LOAD,22034263,4538.386421184135
114,LOAD,24766336,4037.738969543173
115,LOAD,20565230,4862.5762999003655
116,LOAD,22451095,4454.125734179112
117,LOAD,17761402,5630.186175618343
118,LOAD,23795801,4202.42209959648
119,LOAD,24310794,4113.399175691259
120,LOAD,24678233,4052.153977150633
121,LOAD,17238589,5800.938812335511
122,LOAD,23815460,4198.953117008868
123,LOAD,19986734,5003.318701294568
124,LOAD,23828679,4196.623740661411
125,LOAD,18878100,5297.143250644927
126,LOAD,19741185,5065.552042595214
127,LOAD,15131796,6608.600856104589
128,LOAD,18198317,5495.01363230457
129,LOAD,15874073,6299.580454241328
130,LOAD,19080195,5241.036582697398
131,LOAD,14887053,6717.246187005581
132,LOAD,18328488,5455.9874224213145
133,LOAD,15493490,6454.323719187865
134,LOAD,11785855,8484.7471821094
135,LOAD,23442151,4265.820145941386
136,LOAD,20119231,4970.368897300299
137,LOAD,18794694,5320.650604899447
138,LOAD,16775399,5961.110075533822
139,LOAD,21401703,4672.525359313696
140,LOAD,15253434,6555.9007892911195
141,LOAD,24065281,4155.363903708417
142,LOAD,19291652,5183.589254046258
143,LOAD,23324779,4287.286066033037
144,LOAD,19275263,5187.996656647435
145,LOAD,18928068,5283.159380027586
146,LOAD,15102781,6621.297097534553
147,LOAD,17951723,5570.495935125558
148,LOAD,15093733,6625.266261169453
149,LOAD,18793808,5320.901437324464
150,LOAD,15603700,6408.736389446093
151,LOAD,18126939,5516.651211768297
152,LOAD,15825342,6318.97876203876
153,LOAD,18806216,5317.390803125945
154,LOAD,16071073,6222.3598884778885
155,LOAD,19015122,5258.9723063570145
156,LOAD,15808160,6325.8469043835585
157,LOAD,25183714,3970.820189587604
158,LOAD,20570783,4861.26366701744
159,LOAD,24690578,4050.1279475919923
160,LOAD,21254917,4704.793719025109
161,LOAD,20451653,4889.580319008933
162,LOAD,15655338,6387.597636026766
163,LOAD,24980444,4003.1314095137777
164,LOAD,20382076,4906.271569196386
165,LOAD,25114382,3981.7822313923552
166,LOAD,18778797,5325.154747665679
167,LOAD,25420346,3933.8567618237767
168,LOAD,20845729,4797.1457366638515
169,LOAD,23061441,4336.242475047417
170,LOAD,21753189,4597.027130137103
171,LOAD,23354658,4281.801086532716
172,LOAD,19421296,5148.986967708025
173,LOAD,19150389,5221.826042280394
174,LOAD,14513470,6890.151011439718
175,LOAD,18211694,5490.977390680955
176,LOAD,15490223,6455.684982714581
177,LOAD,18541997,5393.162343840309
178,LOAD,15444936,6474.6140741534955
179,LOAD,18710301,5344.649452726602
180,LOAD,16002744,6248.928308795042
181,LOAD,19379204,5160.17066542052
182,LOAD,16016851,6243.424503355873
183,LOAD,25118911,3981.0643064900387
184,LOAD,24599186,4065.175164739191
185,LOAD,23394341,4274.5380175487735
186,LOAD,19942624,5014.3852684581525
187,LOAD,15295867,6537.7137497338335
188,LOAD,18179978,5500.556711344755
189,LOAD,15619155,6402.395007924564
190,LOAD,18616774,5371.499917225186
191,LOAD,24754615,4039.6507883479503
192,LOAD,25438492,3931.0506298879664
193,LOAD,26802896,3730.940119306511
194,LOAD,22510135,4442.443370508439
195,LOAD,24058208,4156.585561152352
196,LOAD,18989487,5266.071695354382
197,LOAD,25106470,3983.0370418461857
198,LOAD,21425190,4667.4031828889265
199,LOAD,21597902,4630.07934752181
200,LOAD,21150668,4727.983059447579
201,LOAD,20652671,4841.988719037843
202,LOAD,19861764,5034.799527373299
203,LOAD,26469255,3777.9680614358053
204,LOAD,20372578,4908.558946246273
205,LOAD,26239301,3811.0771319708556
206,LOAD,23286422,4294.348011042659
207,LOAD,22370002,4470.2722869671625
208,LOAD,20793719,4809.14453061523
209,LOAD,25127336,3979.72948664355
210,LOAD,22681821,4408.817087481645
211,LOAD,28717058,3482.250862884353
212,LOAD,26348283,3795.3137212014913
213,LOAD,24604849,4064.239532622208
214,LOAD,25832891,3871.034024027741
215,LOAD,22150062,4514.660049258553
216,LOAD,24183143,4135.1118008110025
217,LOAD,20074662,4981.403921022432
218,LOAD,25519055,3918.640404199921
219,LOAD,20869045,4791.786111918394
220,LOAD,20312463,4923.085890667222
221,LOAD,19920211,5020.027147302807
222,LOAD,25846974,3868.924849771583
223,LOAD,19241432,5197.118384951807
224,LOAD,20368011,4909.659563714887
225,LOAD,19507723,5126.174900063938
226,LOAD,25010189,3998.370424149933
227,LOAD,21166952,4724.345763150027
228,LOAD,23801749,4201.3719243909345
229,LOAD,17969276,5565.054485222443
230,LOAD,19888623,5028.000178795686
231,LOAD,15386155,6499.349577591022
232,LOAD,21817854,4583.402198951373
233,LOAD,21255119,4704.749006580485
234,LOAD,25186928,3970.3134896006372
235,LOAD,18591373,5378.838884035084
236,LOAD,19292954,5183.239435495467
237,LOAD,17563458,5693.639601039841
238,LOAD,20979487,4766.560783874267
239,LOAD,19980958,5004.765036791529
240,LOAD,26406715,3786.915562954347
241,LOAD,17547563,5698.797035235036
242,LOAD,26350163,3795.0429376850534
243,LOAD,21296697,4695.563823817374
244,LOAD,21414990,4669.626275800269
245,LOAD,17066153,5859.551358762575
246,LOAD,19324120,5174.879891037729
247,LOAD,19773989,5057.148560161534
248,LOAD,22897603,4367.269360028647
249,LOAD,20562893,4863.128938131419
250,LOAD,29079060,3438.900707244319
251,LOAD,25214522,3965.9685002158676
252,LOAD,24717468,4045.721835262415
253,LOAD,23070522,4334.535646831052
254,LOAD,26701383,3745.12436303393
255,LOAD,23423587,4269.200955430097
256,LOAD,23789477,4203.539237117318
257,LOAD,19480221,5133.411987471805
258,LOAD,27283231,3665.255042557093
259,LOAD,21946862,4556.4600533780185
260,LOAD,23966695,4172.456819765929
261,LOAD,20522263,4872.756966422271
262,LOAD,21536365,4643.3091192501615
263,LOAD,16574498,6033.365233746446
264,LOAD,18462814,5416.292445994419
265,LOAD,16844773,5936.559667500417
266,LOAD,19032845,5254.07525779777
267,LOAD,19769131,5058.391286900775
268,LOAD,26358837,3793.794088866667
269,LOAD,22355386,4473.19496071327
270,LOAD,24615305,4062.5131396909364
271,LOAD,18939178,5280.060201134389
272,LOAD,20135337,4966.393162428819
273,LOAD,18826218,5311.741317347966
274,LOAD,21835850,4579.624791340845
275,LOAD,18860103,5302.197978452185
276,LOAD,19909296,5022.779308720911
277,LOAD,19212497,5204.945510206196
278,LOAD,22686937,4407.822880629501
279,LOAD,18837972,5308.427042995923
280,LOAD,21844911,4577.725219388626
281,LOAD,19336743,5171.501736357565
282,LOAD,21640036,4621.0644011867635
283,LOAD,21069411,4746.21715813508
284,LOAD,20916615,4780.888303389434
285,LOAD,17864554,5597.676829771401
286,LOAD,24227068,4127.614616840964
287,LOAD,23390826,4275.180363446763
288,LOAD,26248145,3809.793034898276
289,LOAD,20878406,4789.637676362841
290,LOAD,24518623,4078.5324689726663
291,LOAD,15720465,6361.13499187206
292,LOAD,22296676,4484.973455236108
293,LOAD,26627185,3755.560341808569
294,LOAD,26209365,3815.430095311352
295,LOAD,19657740,5087.054768249046
296,LOAD,21735772,4600.7107546030575
297,LOAD,20222227,4945.053776718064
298,LOAD,23447490,4264.848817506692
299,LOAD,20676221,4836.47374440426
300,LOAD,23542872,4247.570135028555
301,LOAD,17501555,5713.778004297333
302,LOAD,21700737,4608.138424054446
303,LOAD,17847820,5602.9251751754555
304,LOAD,22842922,4377.723655493811
305,LOAD,19726638,5069.287528873395
306,LOAD,20770048,4814.625368222548
307,LOAD,19646430,5089.983269224994
308,LOAD,25650511,3898.5578104077535
309,LOAD,21925015,4561.00030034187
310,LOAD,27868954,3588.2222203244514
311,LOAD,22083349,4528.298674263582
312,LOAD,21631865,4622.809914910249
313,LOAD,20663777,4839.38633290516
314,LOAD,22371602,4469.952576485135
315,LOAD,22309503,4482.394789341564
316,LOAD,21770656,4593.3388502395155
317,LOAD,20841122,4798.20616183716
318,LOAD,25970982,3850.4512459328644
319,LOAD,21655819,4617.69651842768
320,LOAD,28341983,3528.3346264091683
321,LOAD,23662071,4226.172763998553
322,LOAD,24801383,4032.0332136316756
323,LOAD,21724215,4603.158272922636
324,LOAD,22746616,4396.258326952897
325,LOAD,21891951,4567.888901267867
326,LOAD,22608149,4423.18387055924
327,LOAD,19739140,5066.076840227081
328,LOAD,22383933,4467.490141254443
329,LOAD,20412423,4898.977451133557
330,LOAD,22700162,4405.254905229311
331,LOAD,20377028,4907.486999576189
332,LOAD,27640652,3617.859665539004
333,LOAD,24081414,4152.5800769008
334,LOAD,24480650,4084.8588579143116
335,LOAD,24020074,4163.184509756298
336,LOAD,27611371,3621.696293168492
337,LOAD,24899441,4016.15441888836
338,LOAD,24255666,4122.748062246569
339,LOAD,20569302,4861.613680425325
340,LOAD,24391702,4099.754908452062
341,LOAD,20176815,4956.183619664452
342,LOAD,24566237,4070.627503919302
343,LOAD,21235541,4709.086526215649
344,LOAD,24453268,4089.432954319235
345,LOAD,19399926,5154.658837358452
346,LOAD,21040757,4752.680713911576
347,LOAD,21128990,4732.833893148702
348,LOAD,21415867,4669.435050189656
349,LOAD,21353987,4682.966230147092
350,LOAD,25918375,3858.266577283491
351,LOAD,21935709,4558.776741613412
352,LOAD,25434008,3931.7436717012906
353,LOAD,20616092,4850.579828611552
354,LOAD,24671608,4053.2420910708374
355,LOAD,20522243,4872.761715178989
356,LOAD,23575873,4241.624477702268
357,LOAD,20003244,4999.189131522867
358,LOAD,22336485,4476.980151532347
359,LOAD,19565198,5111.116176795144
360,LOAD,23411093,4271.479336740065
361,LOAD,21194150,4718.283111141518
362,LOAD,23000021,4347.822117205893
363,LOAD,21159018,4726.117251755257
364,LOAD,23197087,4310.886103931929
365,LOAD,20979212,4766.6232649729645
366,LOAD,23535729,4248.859255644897
367,LOAD,21334343,4687.278159913338
368,LOAD,27489806,3637.7121031701713
369,LOAD,23786447,4204.074698503732
370,LOAD,28513916,3507.059500350636
371,LOAD,24355807,4105.797028199476
372,LOAD,26700942,3745.186218523676
373,LOAD,22702469,4404.807248057469
374,LOAD,24347233,4107.24290517941
375,LOAD,21420700,4668.381518811243
376,LOAD,22441101,4456.109350428039
377,LOAD,21462378,4659.315943461624
378,LOAD,25674109,3894.9745052496273
379,LOAD,22722749,4400.875967956165
380,LOAD,23353395,4282.032655209232
381,LOAD,23861485,4190.85400594305
382,LOAD,22089949,4526.945716352718
383,LOAD,21506227,4649.816074200277
384,LOAD,22541297,4436.301957247624
385,LOAD,22851178,4376.142008959013
386,LOAD,23232185,4304.373437108907
387,LOAD,21168620,4723.97350417741
388,LOAD,22441400,4456.0499790565655
389,LOAD,21563332,4637.502219044812
390,LOAD,21366656,4680.189543932378
391,LOAD,20952961,4772.59514776933
392,LOAD,21870784,4572.309799228047
393,LOAD,17856395,5600.234537822444
394,LOAD,23089490,4330.974828807392
395,LOAD,19192761,5210.297778417603
396,LOAD,21904380,4565.296986264848
397,LOAD,18819282,5313.699002969402
398,LOAD,24308214,4113.835759385695
399,LOAD,20170303,4957.783727889462
400,LOAD,23782307,4204.806539584238
401,LOAD,20743035,4820.895302929393
402,LOAD,23243005,4302.369680684576
403,LOAD,20914618,4781.344799125664
404,LOAD,23374304,4278.202251498055
405,LOAD,21754984,4596.647830216745
406,LOAD,24105589,4148.415539649332
407,LOAD,20865748,4792.543262767287
408,LOAD,24479008,4085.1328615930847
409,LOAD,20400370,4901.871877813981
410,LOAD,24497680,4082.019195287064
411,LOAD,21815129,4583.9747268971
412,LOAD,24953119,4007.515052527101
413,LOAD,23095317,4329.882114196571
414,LOAD,22705266,4404.2646318259385
415,LOAD,21657204,4617.401212086288
416,LOAD,22638215,4417.309403590345
417,LOAD,23061325,4336.264286635742
418,LOAD,22436336,4457.055733164274
419,LOAD,22053864,4534.352800942275
420,LOAD,23253882,4300.357247878011
421,LOAD,22339500,4476.37592605027
422,LOAD,24020625,4163.0890120469385
423,LOAD,21373946,4678.593274260167
424,LOAD,25405606,3936.139134016327
425,LOAD,21350980,4683.6257633139085
426,LOAD,25273619,3956.6949236672435
427,LOAD,23099960,4329.011825128701
428,LOAD,23566478,4243.315441535218
429,LOAD,21374094,4678.560878416648
430,LOAD,22256525,4493.064393475621
431,LOAD,21265469,4702.45918394746
432,LOAD,27417259,3647.337613143604
433,LOAD,25267269,3957.689293607473
434,LOAD,28804452,3471.6855574964593
435,LOAD,24864074,4021.8670520366054
436,LOAD,26263887,3807.509528197407
437,LOAD,23357318,4281.3134624446175
438,LOAD,22106766,4523.50199029564
439,LOAD,21947761,4556.2734166824575
440,LOAD,22444619,4455.410893809336
441,LOAD,20963977,4770.087278763948
442,LOAD,23047191,4338.923559057588
443,LOAD,22382148,4467.846428323144
444,LOAD,21137955,4730.826610237367
445,LOAD,20700700,4830.754515547784
446,LOAD,23865515,4190.14632619493
447,LOAD,23170603,4315.813446892167
448,LOAD,25018003,3997.1215927985936
449,LOAD,21506961,4649.657383021246
450,LOAD,26111096,3829.7894504313413
451,LOAD,21128306,4732.987112170754
452,LOAD,25742513,3884.624628527914
453,LOAD,23148217,4319.987150630219
454,LOAD,23211332,4308.240474954217
455,LOAD,21576035,4634.771866100514
456,LOAD,23112630,4326.638725233779
457,LOAD,21921410,4561.750361860847
458,LOAD,22592859,4426.177315584539
459,LOAD,22768189,4392.092844977701
460,LOAD,23274174,4296.607905397631
461,LOAD,22268738,4490.600230691115
462,LOAD,25293123,3953.6438422412293
463,LOAD,22147390,4515.204726155091
464,LOAD,27744999,3604.2531484683063
465,LOAD,26549264,3766.5827572470557
466,LOAD,21724044,4603.19450651085
467,LOAD,26334904,3797.2418657763096
468,LOAD,30938860,3232.1811469459444
469,LOAD,27030322,3699.5489731864827
470,LOAD,25926213,3857.100148023932
471,LOAD,26484176,3775.839580585781
472,LOAD,23906902,4182.892455074271
473,LOAD,23506234,4254.190611733041
474,LOAD,23436920,4266.772255057405
475,LOAD,21786157,4590.070658170691
476,LOAD,22272952,4489.75061769989
477,LOAD,21560263,4638.162345236698
478,LOAD,23850923,4192.709858649914
479,LOAD,21180030,4721.428628760204
480,LOAD,24281383,4118.381560061879
481,LOAD,21321649,4690.06876531923
482,LOAD,25434985,3931.592646899536
483,LOAD,21046476,4751.389258705353
484,LOAD,24175458,4136.4262881803525
485,LOAD,21851675,4576.30822351147
486,LOAD,25756823,3882.466405115258
487,LOAD,23281851,4295.19113407263
488,LOAD,23771129,4206.783783807659
489,LOAD,22371411,4469.990739520185
490,LOAD,25252601,3959.9881216196304
491,LOAD,21986781,4548.18738586608
492,LOAD,26094528,3832.221069490124
493,LOAD,23464974,4261.671033600975
494,LOAD,23502795,4254.813097761351
495,LOAD,23043747,4339.572032274092
496,LOAD,28311652,3532.1146219231573
497,LOAD,25466865,3926.670989931427
498,LOAD,25789696,3877.517594623837
499,LOAD,25706256,3890.1036385850975
500,LOAD,27959932,3576.5466096269474
501,LOAD,25356636,3943.740802210514
502,LOAD,28931491,3456.4412874538684
503,LOAD,26524390,3770.1149771964597
504,LOAD,27906051,3583.452205401617
505,LOAD,26573314,3763.173836729585
506,LOAD,28473197,3512.074882212911
507,LOAD,26870392,3721.568334395717
508,LOAD,26100442,3831.3527410761853
509,LOAD,26217978,3814.176669154273
510,LOAD,27481864,3638.763367724984
511,LOAD,26972318,3707.504857387489
512,LOAD,27132368,3685.634810791303
513,LOAD,25098268,3984.3386802627183
514,LOAD,25600982,3906.1001644390044
515,LOAD,21849191,4576.828496762191
516,LOAD,26377517,3791.1074040820445
517,LOAD,24542337,4074.5915924795586
518,LOAD,16407555,6094.753301146941
519,LOAD,26532496,3768.963161249511
520,LOAD,25966593,3851.102067953235
521,LOAD,23782139,4204.836242862763
522,LOAD,27092210,3691.09792076763
523,LOAD,27678679,3612.8891844874533
524,LOAD,23443710,4265.536470123543
525,LOAD,24323224,4111.297087918937
526,LOAD,23389470,4275.428216201563
527,LOAD,25865918,3866.0912788790256
528,LOAD,25185628,3970.518424237823
529,LOAD,27446525,3643.4484875589897
530,LOAD,25365470,3942.3673206134167
531,LOAD,25118564,3981.1193028391276
532,LOAD,25541277,3915.231019968187
533,LOAD,26254075,3808.9325180948103
534,LOAD,23362109,4280.435469246377
535,LOAD,24145819,4141.503752678673
536,LOAD,23134525,4322.5439035381105
537,LOAD,25442522,3930.4279662212734
538,LOAD,22483784,4447.64991515663
539,LOAD,26439491,3782.2210722589175
540,LOAD,24514200,4079.2683424301017
541,LOAD,25079796,3987.273261712336
542,LOAD,22444415,4455.451389577318
543,LOAD,26825135,3727.847035998141
544,LOAD,23723914,4215.156065731818
545,LOAD,24187167,4134.423845504519
546,LOAD,24549688,4073.371523092269
547,LOAD,26680675,3748.031112406264
548,LOAD,26406839,3786.897780533293
549,LOAD,27926960,3580.7692638224858
550,LOAD,26919467,3714.7838031117035
551,LOAD,28725143,3481.2707459802727
552,LOAD,24118419,4146.208754396381
553,LOAD,26261190,3807.900555915402
554,LOAD,22256936,4492.981423858163
555,LOAD,26679460,3748.2018001863603
556,LOAD,24133725,4143.579161526039
557,LOAD,24156457,4139.679920776462
558,LOAD,24248058,4124.041603661621
559,LOAD,25788550,3877.6899050159855
560,LOAD,22315483,4481.193617901975
561,LOAD,25109198,3982.604303012784
562,LOAD,23613658,4234.837313219324
563,LOAD,27836735,3592.3753270633215
564,LOAD,24620374,4061.676723513623
565,LOAD,32734893,3054.8442605265277
566,LOAD,27503161,3635.94570093234
567,LOAD,26623711,3756.0503868149713
568,LOAD,23807345,4200.384377174355
569,LOAD,23571941,4242.33201669731
570,LOAD,23776736,4205.791745343011
571,LOAD,25569011,3910.9842770219
572,LOAD,22689515,4407.322060431878
573,LOAD,27403379,3649.1850147385107
574,LOAD,26941559,3711.737691200424
575,LOAD,27477163,3639.385914768566
576,LOAD,25263132,3958.3373906291586
577,LOAD,26496543,3774.0772447183017
578,LOAD,23956456,4174.240129675274
579,LOAD,20051953,4987.045401512761
580,LOAD,27232969,3672.019749297258
581,LOAD,23296364,4292.51534703012
582,LOAD,27652170,3616.352713005887
583,LOAD,26357419,3793.998190794023
584,LOAD,28470587,3512.3968466122597
585,LOAD,26189645,3818.3029972342124
586,LOAD,28628406,3493.034156355055
587,LOAD,26006177,3845.240305793505
588,LOAD,28676977,3487.117906465525
589,LOAD,26123862,3827.9179395450797
590,LOAD,26625315,3755.8241094987984
591,LOAD,26410407,3786.386177236875
592,LOAD,27419454,3647.0456340961423
593,LOAD,24927012,4011.712274218827
594,LOAD,29732854,3363.2829192919053
595,LOAD,27874617,3587.493238023683
596,LOAD,31951448,3129.748611080161
597,LOAD,23212367,4308.048377832386
598,LOAD,28770680,3475.76073975311
599,LOAD,28029254,3567.7010882986756
600,LOAD,20159829,4960.359534795657
601,LOAD,27061403,3695.2999073994797
602,LOAD,26882162,3719.938894795738
603,LOAD,23385640,4276.128427530741
604,LOAD,24919471,4012.926277608381
605,LOAD,25634449,3901.0005637335917
606,LOAD,22445155,4455.304496671999
607,LOAD,27476794,3639.4347899540244
608,LOAD,26458331,3779.5278923678143
609,LOAD,26556987,3765.487402618377
610,LOAD,24924617,4012.0977586135023
611,LOAD,24728004,4043.998051763499
612,LOAD,22574231,4429.829747024383
613,LOAD,27014978,3701.6502475034404
614,LOAD,25623406,3902.6817902350685
615,LOAD,25282591,3955.29081651481
616,LOAD,22456123,4453.128440737522
617,LOAD,26346751,3795.5344095368723
618,LOAD,23973461,4171.279232481284
619,LOAD,25282414,3955.3185071647035
620,LOAD,23450461,4264.308492698715
621,LOAD,27148101,3683.4988937163594
622,LOAD,23948546,4175.618845503188
623,LOAD,24985669,4002.294275170299
624,LOAD,22923769,4362.284404453736
625,LOAD,26922378,3714.38213964606
626,LOAD,24345180,4107.589264076093
627,LOAD,27050367,3696.8075146632946
628,LOAD,24454333,4089.254857206696
629,LOAD,30379820,3291.6587392552033
630,LOAD,26080767,3834.243065014154
631,LOAD,28215516,3544.149254615794
632,LOAD,26779068,3734.25990777573
633,LOAD,29310934,3411.6961267764445
634,LOAD,27309663,3661.7075794747084
635,LOAD,26365567,3792.825695726551
636,LOAD,27738368,3605.114763781344
637,LOAD,27724396,3606.9315991590943
638,LOAD,27895705,3584.7812414133286
639,LOAD,26620422,3756.5144534523156
640,LOAD,26562106,3764.7617248421493
641,LOAD,29365591,3405.346073232444
642,LOAD,27161924,3681.6243208691694
643,LOAD,25715168,3888.7554613681696
644,LOAD,25806098,3875.0530979150744
645,LOAD,27751482,3603.4111619696564
646,LOAD,26325983,3798.5286247430913
647,LOAD,27487890,3637.9656641524684
648,LOAD,24734074,4043.0056124195307
649,LOAD,26081391,3834.1513303489064
650,LOAD,22762933,4393.10698669631
651,LOAD,28365349,3525.4281553172495
652,LOAD,26512527,3771.8019108476533
653,LOAD,29680757,3369.1863047832644
654,LOAD,25481992,3924.339980955963
655,LOAD,28905069,3459.600805657997
656,LOAD,28780921,3474.5239737116126
657,LOAD,21847126,4577.2611006134175
658,LOAD,28566594,3500.5923352290442
659,LOAD,24869837,4020.9350789070313
660,LOAD,25892022,3862.193535908474
661,LOAD,23283693,4294.85133651264
662,LOAD,29189311,3425.911629089155
663,LOAD,27837494,3592.2773795658472
664,LOAD,29062314,3440.882236700078
665,LOAD,27445107,3643.6367327698886
666,LOAD,27094964,3690.722748330649
667,LOAD,26920035,3714.7054229312853
668,LOAD,26061937,3837.0133424848655
669,LOAD,26873208,3721.1783572694408
670,LOAD,30568422,3271.3497608741463
671,LOAD,29335855,3408.7978686832207
672,LOAD,28691036,3485.4091710037933
673,LOAD,27681917,3612.4665788138877
674,LOAD,26893388,3718.3860954967818
675,LOAD,25759413,3882.0760395432926
676,LOAD,26441651,3781.9121052615055
677,LOAD,23360937,4280.650215357372
678,LOAD,30170276,3314.520556590202
679,LOAD,27806993,3596.217685241982
680,LOAD,26765123,3736.2055089378814
681,LOAD,26846589,3724.8679897472266
682,LOAD,29649108,3372.7827494844028
683,LOAD,27860721,3589.282560203664
684,LOAD,28202809,3545.7460992626657
685,LOAD,26501124,3773.4248554891483
686,LOAD,26555189,3765.742356418552
687,LOAD,22637524,4417.444239926593
688,LOAD,27560552,3628.3743518634897
689,LOAD,24804203,4031.5748101239137
690,LOAD,29417212,3399.3704094052146
691,LOAD,26737121,3740.118466756387
692,LOAD,28228649,3542.5003867524797
693,LOAD,24164090,4138.372270588298
694,LOAD,25379171,3940.239025143887
695,LOAD,22837369,4378.788116967414
696,LOAD,18722761,5341.092587786598
697,LOAD,29808521,3354.7454434253887
698,LOAD,27018150,3701.2156642849345
699,LOAD,26634527,3754.5250944385084
700,LOAD,26820435,3728.500302101737
701,LOAD,28658194,3489.403414604563
702,LOAD,27002902,3703.305666924244
703,LOAD,29087239,3437.9337275703615
704,LOAD,26443361,3781.6675421857303
705,LOAD,29210326,3423.4469002502747
706,LOAD,27185174,3678.4756279286644
707,LOAD,26895327,3718.11802102276
708,LOAD,26741461,3739.511464986898
709,LOAD,29285534,3414.6551672918104
710,LOAD,24963718,4005.8135570991467
711,LOAD,26439462,3782.2252207703773
712,LOAD,26983053,3706.0298551094274
713,LOAD,28639986,3491.621818530218
714,LOAD,31508825,3173.714030910388
715,LOAD,28185108,3547.9729224383314
716,LOAD,28146996,3552.7769997196147
717,LOAD,28101861,3558.483190846329
718,LOAD,25057019,3990.8977201158687
719,LOAD,27295153,3663.654129361356
720,LOAD,28387025,3522.7361796454543
721,LOAD,29331114,3409.3488573260465
722,LOAD,27745806,3604.1483170465476
723,LOAD,28580869,3498.84392948304
724,LOAD,25425101,3933.1210523018176
725,LOAD,26558245,3765.309040563486
726,LOAD,25125401,3980.035980321269
727,LOAD,26927803,3713.633823004424
728,LOAD,26539833,3767.9212224131174
729,LOAD,27837472,3592.2802185485807
730,LOAD,27493460,3637.22863546458
731,LOAD,28283315,3535.6534409067676
732,LOAD,22537842,4436.982032263782
733,LOAD,25589453,3907.8600077930546
734,LOAD,25425446,3933.0676834538126
735,LOAD,29061414,3440.9887970351338
736,LOAD,29298349,3413.161608526132
737,LOAD,26606396,3758.49476193619
738,LOAD,23998520,4166.923626956996
739,LOAD,26328883,3798.110235060105
740,LOAD,25863281,3866.485462536636
741,LOAD,29290808,3414.0403364768904
742,LOAD,26730663,3741.02206144307
743,LOAD,28866955,3464.1686315719826
744,LOAD,26710108,3743.9009980790793
745,LOAD,28008117,3570.3935398441813
746,LOAD,26467601,3778.204152314371
747,LOAD,21347003,4684.498334496885
748,LOAD,27739304,3604.9931173471405
749,LOAD,27690599,3611.33394044672
750,LOAD,27217922,3674.0497676494188
751,LOAD,26903613,3716.9728839022478
752,LOAD,26803505,3730.855348955295
753,LOAD,28046791,3565.470288561711
754,LOAD,27209259,3675.2195272939994
755,LOAD,26619417,3756.65627838506
756,LOAD,27905914,3583.4697978356844
757,LOAD,27758523,3602.497150154567
758,LOAD,27375305,3652.9273372479324
759,LOAD,27534204,3631.846411830173
760,LOAD,28822213,3469.5462142341394
761,LOAD,26451487,3780.505799163578
762,LOAD,28645558,3490.942644580357
763,LOAD,27913795,3582.4580641937077
764,LOAD,28403392,3520.706259308747
765,LOAD,25020636,3996.7009631569717
766,LOAD,26394059,3788.731395955431
767,LOAD,23867429,4189.810305919418
768,LOAD,29894771,3345.0666004432683
769,LOAD,27933765,3579.8969455066294
770,LOAD,29973119,3336.3227897637216
771,LOAD,25213691,3966.099211733816
772,LOAD,29503046,3389.4805302476225
773,LOAD,28972605,3451.5363737572097
774,LOAD,27719505,3607.5680283612564
775,LOAD,24963854,4005.791733920572
776,LOAD,26101389,3831.213733491348
777,LOAD,23578333,4241.181935974863
778,LOAD,28443870,3515.6960005793867
779,LOAD,25780361,3878.9216334092453
780,LOAD,29561220,3382.810317030217
781,LOAD,26761585,3736.6994518448737
782,LOAD,26223463,3813.378881347593
783,LOAD,26227469,3812.796423474945
784,LOAD,31026154,3223.0872057168285
785,LOAD,28605558,3495.824133198171
786,LOAD,27645948,3617.166609732464
787,LOAD,28343376,3528.161218338987
788,LOAD,26960822,3709.085724463446
789,LOAD,25163552,3974.001762549262
790,LOAD,26659260,3751.041851874358
791,LOAD,27576567,3626.26718546946
792,LOAD,26877151,3720.6324435205206
793,LOAD,27076666,3693.2168827580176
794,LOAD,25965746,3851.2276905119534
795,LOAD,26821189,3728.3954861210664
796,LOAD,30313098,3298.9039919311444
797,LOAD,27923716,3581.185254856481
798,LOAD,28851118,3466.070188337242
799,LOAD,26648842,3752.5082703406024
800,LOAD,28764252,3476.5374743622747
801,LOAD,25371964,3941.358264578966
802,LOAD,28333839,3529.3487762106643
803,LOAD,25846853,3868.942961837559
804,LOAD,28905405,3459.560590830677
805,LOAD,28627636,3493.1281087966886
806,LOAD,29388635,3402.6758983532236
807,LOAD,27331774,3658.7453123240375
808,LOAD,30032012,3329.780235836347
809,LOAD,27851620,3590.455420546453
810,LOAD,28623278,3493.6599504780693
811,LOAD,28176094,3549.1079778481712
812,LOAD,28762242,3476.780426226857
813,LOAD,27821093,3594.3950872095497
814,LOAD,27938804,3579.2512807634857
815,LOAD,24746513,4040.97336865198
816,LOAD,26928671,3713.514120321794
817,LOAD,24426864,4093.8533902673717
818,LOAD,28947300,3454.553619854011
819,LOAD,27182854,3678.789578165707
820,LOAD,28512716,3507.2071001583995
821,LOAD,26409469,3786.5206604494774
822,LOAD,29755849,3360.6838104333706
823,LOAD,28567293,3500.506680839518
824,LOAD,29051805,3442.126917759499
825,LOAD,28123142,3555.790458975032
826,LOAD,27454192,3642.430999244123
827,LOAD,25445604,3929.9519083925065
828,LOAD,31209011,3204.2027861760826
829,LOAD,28546950,3503.0011962749086
830,LOAD,30177634,3313.712400382349
831,LOAD,26625772,3755.7596452039024
832,LOAD,30166344,3314.9525842442163
833,LOAD,29918883,3342.3707696574097
834,LOAD,28193261,3546.9469104691366
835,LOAD,25436836,3931.306550861908
836,LOAD,27024230,3700.3829526317677
837,LOAD,25573924,3910.232938832539
838,LOAD,27813148,3595.4218486882537
839,LOAD,27755275,3602.918724458684
840,LOAD,28103204,3558.313137534069
841,LOAD,25179347,3971.508871933811
842,LOAD,27283527,3665.2152780687043
843,LOAD,28473677,3512.0156767950975
844,LOAD,27980943,3573.860966730106
845,LOAD,25799105,3876.1034539764078
846,LOAD,27636141,3618.4502025807437
847,LOAD,29213386,3423.0883061621134
848,LOAD,25462015,3927.4189415095384
849,LOAD,24381259,4101.510918693739
850,LOAD,24453342,4089.420578994888
851,LOAD,23161546,4317.5010856356475
852,LOAD,24687030,4050.710028707382
853,LOAD,22079174,4529.154940307097
854,LOAD,28436220,3516.6418040091125
855,LOAD,25199918,3968.266880868422
856,LOAD,26934281,3712.740651959486
857,LOAD,26182343,3819.367884684728
858,LOAD,27711581,3608.5995959595375
859,LOAD,26645135,3753.0303374330815
860,LOAD,26950972,3710.441315437529
861,LOAD,29658797,3371.6809215154613
862,LOAD,21842845,4578.158202377025
863,LOAD,32412138,3085.263921806084
864,LOAD,23981110,4169.9487638395385
865,LOAD,29519132,3387.633484616011
866,LOAD,27278391,3665.9053680988736
867,LOAD,26922226,3714.4031106491716
868,LOAD,32333917,3092.727676637507
869,LOAD,28342255,3528.3007650590966
870,LOAD,30825802,3244.0356296326045
871,LOAD,27388936,3651.1093384569594
872,LOAD,27552069,3629.4914911834753
873,LOAD,27042469,3697.8872010540163
874,LOAD,26971573,3707.6072648784707
875,LOAD,26641399,3753.5566356706718
876,LOAD,27467163,3640.7109099691147
877,LOAD,27922582,3581.330694990886
878,LOAD,27089018,3691.532856598936
879,LOAD,27287706,3664.653965415781
880,LOAD,26973507,3707.3414294996937
881,LOAD,28342570,3528.2615514401127
882,LOAD,27924327,3581.1068965064046
883,LOAD,28467102,3512.8268413131764
884,LOAD,30157987,3315.871181985721
885,LOAD,26632137,3754.8620300353664
886,LOAD,29289355,3414.2097017841465
887,LOAD,28678956,3486.8772768436897
888,LOAD,29705122,3366.422800754698
889,LOAD,28296026,3534.065172261292
890,LOAD,27908948,3583.0802364890283
891,LOAD,28579228,3499.044830742104
892,LOAD,29103880,3435.9679877734516
893,LOAD,27874920,3587.454242021143
894,LOAD,29077650,3439.0674624668777
895,LOAD,27047309,3697.2254799913735
896,LOAD,28796963,3472.5884114932537
897,LOAD,29500392,3389.7854645456914
898,LOAD,29684582,3368.7521690553026
899,LOAD,27488028,3637.9474002282013
900,LOAD,27052685,3696.490754984209
901,LOAD,27739087,3605.0213188343223
902,LOAD,27132400,3685.6304639471628
903,LOAD,26564168,3764.469491384033
904,LOAD,27195139,3677.127739630233
905,LOAD,27578987,3625.94898790155
906,LOAD,26745771,3738.908854039018
907,LOAD,27543082,3630.675753715579
908,LOAD,28740203,3479.446543923159
909,LOAD,28221477,3543.400651921939
910,LOAD,27229261,3672.519794055373
911,LOAD,28245333,3540.4078967665205
912,LOAD,28097394,3559.048928167502
913,LOAD,26607761,3758.3019480669573
914,LOAD,28779374,3474.710742492175
915,LOAD,27822505,3594.2126706419854
916,LOAD,28911913,3458.781852311191
917,LOAD,31345954,3190.2043881006143
918,LOAD,29060226,3441.129466783913
919,LOAD,27106237,3689.1878426356266
920,LOAD,27927980,3580.638485132115
921,LOAD,28236522,3541.5126551350763
922,LOAD,28305968,3532.8238907074297
923,LOAD,28552195,3502.3576996444585
924,LOAD,29205822,3423.9748499460143
925,LOAD,26054881,3838.052455507281
926,LOAD,28613499,3494.8539498786918
927,LOAD,27563969,3627.9245561479192
928,LOAD,29224070,3421.8368625588428
929,LOAD,29472560,3392.9865610588286
930,LOAD,30305735,3299.7054847869554
931,LOAD,28090805,3559.883741316776
932,LOAD,31108592,3214.546000667597
933,LOAD,31213467,3203.74535773293
934,LOAD,31042156,3221.4257282902645
935,LOAD,28651213,3490.253623816904
936,LOAD,29237818,3420.227870629744
937,LOAD,26463351,3778.810929878079
938,LOAD,28687147,3485.881673768395
939,LOAD,26632418,3754.8224122946704
940,LOAD,28879074,3462.714905609508
941,LOAD,25535213,3916.160793332721
942,LOAD,27148953,3683.3832965860597
943,LOAD,25432976,3931.9032110123485
944,LOAD,26390504,3789.241766659705
945,LOAD,26381290,3790.5652073875085
946,LOAD,28750226,3478.2335276251392
947,LOAD,23635627,4230.901088428922
948,LOAD,28818624,3469.9783029196674
949,LOAD,27377613,3652.6193865038563
950,LOAD,29763704,3359.7968854951655
951,LOAD,26686965,3747.1477179964077
952,LOAD,28976033,3451.1280408881366
953,LOAD,25904894,3860.2744330858873
954,LOAD,29269606,3416.513362017924
955,LOAD,25823441,3872.4506157022215
956,LOAD,29740545,3362.4131635785425
957,LOAD,27426193,3646.14950387026
958,LOAD,27378920,3652.445019745118
959,LOAD,27230007,3672.4191807956568
960,LOAD,27657384,3615.6709542739113
961,LOAD,25721110,3887.8570948143374
962,LOAD,29761766,3360.01566573704
963,LOAD,27667526,3614.3455688810054
964,LOAD,27627089,3619.635785731895
965,LOAD,27475212,3639.6443456014094
966,LOAD,28068166,3562.755044273288
967,LOAD,28519713,3506.3466452134353
968,LOAD,29185629,3426.343835179978
969,LOAD,28649457,3490.467550571726
970,LOAD,29563911,3382.5024030142695
971,LOAD,28771695,3475.638122814801
972,LOAD,30092808,3323.0531361513354
973,LOAD,28205079,3545.460730671947
974,LOAD,28730339,3480.6411438444916
975,LOAD,29223614,3421.8902562838393
976,LOAD,29559843,3382.9679000663164
977,LOAD,28291078,3534.683266576127
978,LOAD,32935194,3036.2657040975682
979,LOAD,27361566,3654.761573222819
980,LOAD,30492942,3279.447420980239
981,LOAD,30627615,3265.0273290950017
982,LOAD,32243883,3101.363443106403
983,LOAD,29052250,3442.0741939092495
984,LOAD,29504416,3389.323144033761
985,LOAD,26625374,3755.8157868505436
986,LOAD,28993746,3449.019660998617
987,LOAD,27943185,3578.690117107266
988,LOAD,31385085,3186.226833542111
989,LOAD,26759003,3737.060009298553
990,LOAD,27908200,3583.1762707734642
991,LOAD,28402655,3520.797615575023
992,LOAD,28111402,3557.2754428968
993,LOAD,27207344,3675.478209118832
994,LOAD,28857831,3465.263900117788
995,LOAD,26852557,3724.0401351722294
996,LOAD,30445558,3284.551394985108
997,LOAD,30452247,3283.8299255880856
998,LOAD,30639706,3263.7388883561744
999,LOAD,27683756,3612.2266068231493
1000,LOAD,28746420,3478.6940425973044
1001,LOAD,26706063,3744.4680633008315
1002,LOAD,29399604,3401.4063590788505
1003,LOAD,28594179,3497.215289867214
1004,LOAD,30037329,3329.190821194521
1005,LOAD,28319394,3531.1490069314336
1006,LOAD,29809305,3354.6572119007806
1007,LOAD,28120220,3556.1599446946
1008,LOAD,28426950,3517.78857738871
1009,LOAD,33024434,3028.060980545495
1010,LOAD,31345014,3190.300058567528
1011,LOAD,29803120,3355.353399241422
1012,LOAD,30119641,3320.0926930038777
1013,LOAD,29499655,3389.870152718735
1014,LOAD,29434074,3397.4230002955082
1015,LOAD,31223635,3202.7020556703283
1016,LOAD,30198010,3311.4764847087604
1017,LOAD,30970517,3228.8773222610394
1018,LOAD,28430758,3517.3174067325253
1019,LOAD,28883987,3462.1259177273555
1020,LOAD,30572583,3270.9045225259506
1021,LOAD,29159969,3429.358926959079
1022,LOAD,31012637,3224.492003050241
1023,LOAD,29233994,3420.6752590836545
1024,LOAD,29725414,3364.1247183302476
1025,LOAD,28501189,3508.6255524287076
1026,LOAD,32805727,3048.248252507862
1027,LOAD,27840217,3591.9260255765967
1028,LOAD,29226010,3421.6097236673772
1029,LOAD,26321756,3799.1386288969475
1030,LOAD,28874301,3463.28730174282
1031,LOAD,26763945,3736.3699559239117
1032,LOAD,28605576,3495.8219334580085
1033,LOAD,26806599,3730.424736088304
1034,LOAD,28032704,3567.2620094015906
1035,LOAD,26115554,3829.135694383508
1036,LOAD,28110413,3557.4005974227416
1037,LOAD,25358927,3943.384513075021
1038,LOAD,27630820,3619.1470249525714
1039,LOAD,27509161,3635.1526678694418
1040,LOAD,27780457,3599.652806287528
1041,LOAD,27094961,3690.7231569737264
1042,LOAD,27274611,3666.41342749123
1043,LOAD,27530215,3632.3726494689563
1044,LOAD,27325559,3659.577467381363
1045,LOAD,29257211,3417.960789222185
1046,LOAD,31530934,3171.4886720450463
1047,LOAD,32274140,3098.45591547908
1048,LOAD,30797165,3247.0521231418543
1049,LOAD,29155204,3429.9194064977214
1050,LOAD,31742602,3150.340353320752
1051,LOAD,27874841,3587.4644092140293
1052,LOAD,29179311,3427.0857183708004
1053,LOAD,31309790,3193.88919567969
1054,LOAD,31481228,3176.4961646350007
1055,LOAD,30477630,3281.0950195274368
1056,LOAD,29743909,3362.032878731575
1057,LOAD,30625173,3265.287676905531
1058,LOAD,32512367,3075.752682048649
1059,LOAD,30903876,3235.840060968404
1060,LOAD,30229783,3307.9959588198167
1061,LOAD,28044772,3565.72697399715
1062,LOAD,29955480,3338.28735176335
1063,LOAD,27847041,3591.0458134492637
1064,LOAD,31156451,3209.6081803412076
1065,LOAD,27019815,3700.9875900334623
1066,LOAD,29394812,3401.9608630257612
1067,LOAD,30021487,3330.9475976323224
1068,LOAD,29016266,3446.3428202650193
1069,LOAD,26960313,3709.155750528564
1070,LOAD,27396096,3650.1551169918516
1071,LOAD,26146570,3824.593436156253
1072,LOAD,27197153,3676.855441450067
1073,LOAD,27035539,3698.8350777840974
1074,LOAD,28976235,3451.103982280652
1075,LOAD,27018265,3701.1999105049863
1076,LOAD,28260283,3538.5349821160676
1077,LOAD,30668680,3260.6554960956914
1078,LOAD,29984106,3335.100269456091
1079,LOAD,29786166,3357.263234214165
1080,LOAD,29494906,3390.415958606547
1081,LOAD,27407480,3648.6389846859324
1082,LOAD,27216503,3674.241323361785
1083,LOAD,27417035,3647.367412267592
1084,LOAD,26443471,3781.6518111408295
1085,LOAD,27993072,3572.3124635981358
1086,LOAD,27997208,3571.784729391588
1087,LOAD,28384860,3523.0048694973307
1088,LOAD,28389974,3522.370256485617
1089,LOAD,28199344,3546.1817835195034
1090,LOAD,29222057,3422.0725803115092
1091,LOAD,26707646,3744.246123376055
1092,LOAD,29069878,3439.986917041757
1093,LOAD,29397938,3401.5991189586152
1094,LOAD,29818689,3353.6014946867717
1095,LOAD,28552064,3502.373768845573
1096,LOAD,28821788,3469.5973754300044
1097,LOAD,29192744,3425.508749708489
1098,LOAD,30380993,3291.5316494098793
1099,LOAD,28456611,3514.121902991189
1100,LOAD,30612042,3266.68831827684
1101,LOAD,29662059,3371.3101305610644
1102,LOAD,29573295,3381.429089994875
1103,LOAD,29465111,3393.8443333880537
1104,LOAD,30995978,3226.2250282923806
1105,LOAD,31378608,3186.884516993233
1106,LOAD,29343737,3407.8822339499566
1107,LOAD,28315350,3531.653325846228
1108,LOAD,29997204,3333.644028956832
1109,LOAD,29765881,3359.5511585899308
1110,LOAD,31565955,3167.9700487439713
1111,LOAD,31753362,3149.272823457245
1112,LOAD,28736143,3479.938139227662
1113,LOAD,27250421,3669.668075953762
1114,LOAD,30897186,3236.54069985532
1115,LOAD,30283732,3302.1029244348088
1116,LOAD,29211123,3423.3534944890685
1117,LOAD,27940543,3579.0285106484866
1118,LOAD,25990470,3847.564126389404
1119,LOAD,23977281,4170.614674783184
1120,LOAD,29863663,3348.5510468022626
1121,LOAD,23192946,4311.655793964251
1122,LOAD,29222286,3422.0457632917564
1123,LOAD,27750005,3603.602954305774
1124,LOAD,29433179,3397.526308660033
1125,LOAD,28023099,3568.48469899778
1126,LOAD,27894191,3584.975810913462
1127,LOAD,28565452,3500.7322831789957
1128,LOAD,30563668,3271.8586002177485
1129,LOAD,28211056,3544.7095635129717
1130,LOAD,33352098,2998.3121301694423
1131,LOAD,30940354,3232.0250763776007
1132,LOAD,31501462,3174.4558395416693
1133,LOAD,27041409,3698.032155055234
1134,LOAD,29132098,3432.639832531114
1135,LOAD,28853297,3465.808430835478
1136,LOAD,30010986,3332.1131135111655
1137,LOAD,28876641,3463.0066564875046
1138,LOAD,32807555,3048.0784075497245
1139,LOAD,36023928,2775.9327078379683
1140,LOAD,29649988,3372.6826466169227
1141,LOAD,28989406,3449.5360132594647
1142,LOAD,29198850,3424.79241476976
1143,LOAD,29310292,3411.770855097588
1144,LOAD,29876396,3347.123930208985
1145,LOAD,28367783,3525.125668086223
1146,LOAD,29980815,3335.4663640731583
1147,LOAD,30312053,3299.0177207726574
1148,LOAD,33098923,3021.24634085526
1149,LOAD,26889925,3718.8649652239637
1150,LOAD,34582142,2891.6658777238263
1151,LOAD,30747483,3252.298732875143
1152,LOAD,26519940,3770.74759595987
1153,LOAD,24184399,4134.897046645649
1154,LOAD,31051551,3220.451049288971
1155,LOAD,29822654,3353.1556245798915
1156,LOAD,28621658,3493.8576933593436
1157,LOAD,28543885,3503.3773433434167
1158,LOAD,29412164,3399.953842226638
1159,LOAD,31324369,3192.40269452834
1160,LOAD,30246752,3306.1401105150067
1161,LOAD,29361862,3405.7785572318267
1162,LOAD,29961116,3337.659384917438
1163,LOAD,29373319,3404.450140619111
1164,LOAD,27111852,3688.423793402236
1165,LOAD,34520734,2896.8097839402835
1166,LOAD,33288340,3004.054873267937
1167,LOAD,28318388,3531.274449661471
1168,LOAD,29479919,3392.139578131134
1169,LOAD,26628077,3755.434536260354
1170,LOAD,28802989,3471.861895999752
1171,LOAD,26588344,3761.046569880396
1172,LOAD,28662564,3488.871407317224
1173,LOAD,27032463,3699.2559649485142
1174,LOAD,28936608,3455.8300682650847
1175,LOAD,29510240,3388.65424340839
1176,LOAD,31400913,3184.6207783831
1177,LOAD,25934142,3855.9208937777857
1178,LOAD,27272103,3666.7505985878684
1179,LOAD,27375388,3652.916261862663
1180,LOAD,27606691,3622.3102580457758
1181,LOAD,28628272,3493.0505061569907
1182,LOAD,28982196,3450.39416612875
1183,LOAD,29586669,3379.9005896878757
1184,LOAD,29845231,3350.619065404453
1185,LOAD,28899936,3460.2152752172187
1186,LOAD,30673164,3260.178832545609
1187,LOAD,30078868,3324.5931994515217
1188,LOAD,34154177,2927.8995655494787
1189,LOAD,31533728,3171.207666914613
1190,LOAD,32058101,3119.33635744675
1191,LOAD,30407768,3288.6333518461465
1192,LOAD,30502622,3278.406689103645
1193,LOAD,31699339,3154.6399122076327
1194,LOAD,28535292,3504.4323359298373
1195,LOAD,31367565,3188.006464639509
1196,LOAD,33935313,2946.7828983925974
1197,LOAD,31115661,3213.8157052167394
1198,LOAD,32634563,3064.235914542505
1199,LOAD,31126704,3212.6755213144315
1200,LOAD,30122869,3319.736908194236
1201,LOAD,28881332,3462.4441836685373
1202,LOAD,30401752,3289.2841175732237
1203,LOAD,31379616,3186.782145453915
1204,LOAD,33186348,3013.2872710187935
1205,LOAD,30339828,3295.9975910212806
1206,LOAD,30048315,3327.97363179932
1207,LOAD,29589790,3379.544092742801
1208,LOAD,29662243,3371.2892177439176
1209,LOAD,27348375,3656.524382161646
1210,LOAD,28626766,3493.234268935583
1211,LOAD,27028254,3699.832035025274
1212,LOAD,32245625,3101.195898668424
1213,LOAD,32706634,3057.483689700383
1214,LOAD,27965641,3575.8164813744124
1215,LOAD,30157895,3315.8812974181387
1216,LOAD,30312078,3299.014999895421
1217,LOAD,29240411,3419.924569459711
1218,LOAD,29288667,3414.289902643913
1219,LOAD,31162649,3208.9698151142416
1220,LOAD,34345939,2911.55236722455
1221,LOAD,29987372,3334.7370353093966
1222,LOAD,28841897,3467.1783204828726
1223,LOAD,28188461,3547.5508932538037
1224,LOAD,31369656,3187.7939624202445
1225,LOAD,29185012,3426.416271475235
1226,LOAD,30987268,3227.131865900537
1227,LOAD,29990794,3334.356536209078
1228,LOAD,32221809,3103.4880754212154
1229,LOAD,29502044,3389.5956497115926
1230,LOAD,30246516,3306.165906843618
1231,LOAD,31008799,3224.8911026834676
1232,LOAD,32458835,3080.825297642383
1233,LOAD,33016097,3028.8256058855172
1234,LOAD,29790571,3356.7668105455245
1235,LOAD,24722468,4044.903607520091
1236,LOAD,28671361,3487.800945340544
1237,LOAD,33805854,2958.067558358384
1238,LOAD,32056987,3119.4447563022686
1239,LOAD,29418255,3399.2498875273195
1240,LOAD,29558413,3383.131563930716
1241,LOAD,32483019,3078.5315859957473
1242,LOAD,31896984,3135.092647003867
1243,LOAD,31973969,3127.5441594379477
1244,LOAD,28152489,3552.083796214253
1245,LOAD,29435055,3397.3097723106007
1246,LOAD,30855235,3240.9411239292135
1247,LOAD,30417964,3287.53101292381
1248,LOAD,28463070,3513.324458675751
1249,LOAD,27742445,3604.584959977392
1250,LOAD,27621425,3620.3780217711433
1251,LOAD,28215052,3544.207538586142
1252,LOAD,28692232,3485.26388605808
1253,LOAD,28902163,3459.948655053949
1254,LOAD,29350740,3407.0691232997874
1255,LOAD,30140988,3317.74127643062
1256,LOAD,31905305,3134.275005363528
1257,LOAD,30934743,3232.6113069696426
1258,LOAD,30549691,3273.3555308300824
1259,LOAD,31229719,3202.0781230852576
1260,LOAD,29227332,3421.4549586667713
1261,LOAD,30062378,3326.416825708199
1262,LOAD,29234853,3420.574750281796
1263,LOAD,30612691,3266.6190633159304
1264,LOAD,29556479,3383.3529359163517
1265,LOAD,30852766,3241.200481020081
1266,LOAD,30166182,3314.9703863750474
1267,LOAD,29777946,3358.189983956583
1268,LOAD,28756950,3477.420241019997
1269,LOAD,30933273,3232.764925974694
1270,LOAD,29727490,3363.889786860579
1271,LOAD,30612616,3266.6270664356157
1272,LOAD,29939208,3340.1017154495203
1273,LOAD,30635786,3264.1564998528193
1274,LOAD,30166074,3314.9822545684933
1275,LOAD,33044414,3026.230091415753
1276,LOAD,32535698,3073.5470927963497
1277,LOAD,30315851,3298.6044165476337
1278,LOAD,29862870,3348.6399666207567
1279,LOAD,32861993,3043.029070087137
1280,LOAD,30001452,3333.1720078081553
1281,LOAD,31067608,3218.786589556557
1282,LOAD,30161543,3315.480245821641
1283,LOAD,28999954,3448.281331756595
1284,LOAD,28118894,3556.3276421896253
1285,LOAD,29132244,3432.622629413649
1286,LOAD,28386437,3522.809150017665
1287,LOAD,29796160,3356.1371666684568
1288,LOAD,28648982,3490.5254225089047
1289,LOAD,30315104,3298.685698059951
1290,LOAD,28930636,3456.5434372061504
1291,LOAD,29595657,3378.8741368370365
1292,LOAD,29148215,3430.7418138640737
1293,LOAD,31154315,3209.828237276281
1294,LOAD,27939566,3579.153663303145
1295,LOAD,29894806,3345.062684133157
1296,LOAD,28449391,3515.0137308738877
1297,LOAD,29062600,3440.848375575482
1298,LOAD,28817449,3470.1197874940285
1299,LOAD,33513208,2983.8981693426663
1300,LOAD,31334898,3191.329998904097
1301,LOAD,31991168,3125.8627381157203
1302,LOAD,29658312,3371.736058343442
1303,LOAD,29991815,3334.243025972253
1304,LOAD,29558570,3383.11359446685
1305,LOAD,33143278,3017.2030660334804
1306,LOAD,34425399,2904.831981758585
1307,LOAD,27614082,3621.3407347743805
1308,LOAD,30912285,3234.9598226077433
1309,LOAD,30300394,3300.2871183787247
1310,LOAD,32350617,3091.131152150823
1311,LOAD,32203055,3105.2954447955326
1312,LOAD,29450139,3395.569711912056
1313,LOAD,32381367,3088.195751587634
1314,LOAD,30149441,3316.811081173943
1315,LOAD,30725626,3254.6122900799483
1316,LOAD,27897583,3584.539922329472
1317,LOAD,30914628,3234.714647059638
1318,LOAD,33155777,3016.0656467197255
1319,LOAD,34342603,2911.835191991708
1320,LOAD,31240568,3200.9661284007384
1321,LOAD,31110810,3214.3168242806923
1322,LOAD,29060375,3441.1118232300855
1323,LOAD,30635075,3264.2322566535254
1324,LOAD,34161805,2927.2457939502906
1325,LOAD,29114037,3434.7692832842113
1326,LOAD,29355500,3406.5166663827904
1327,LOAD,28950211,3454.2062577713164
1328,LOAD,29867944,3348.0710958879527
1329,LOAD,24311491,4113.281246304474
1330,LOAD,28962355,3452.757899003724
1331,LOAD,27405482,3648.9049891550894
1332,LOAD,29799665,3355.742421936622
1333,LOAD,26856530,3723.489222174272
1334,LOAD,29106619,3435.6446552586544
1335,LOAD,29774951,3358.527777258139
1336,LOAD,31478334,3176.7881997821105
1337,LOAD,29871300,3347.694944645864
1338,LOAD,30635766,3264.158630797742
1339,LOAD,30532194,3275.231383633944
1340,LOAD,28893067,3461.0379022760026
1341,LOAD,30294441,3300.935640304437
1342,LOAD,32052141,3119.916388736715
1343,LOAD,29397898,3401.6037473155393
1344,LOAD,30054107,3327.3322677662654
1345,LOAD,30822095,3244.425792601054
1346,LOAD,32410832,3085.3882430417093
1347,LOAD,30353309,3294.5337195361467
1348,LOAD,30508111,3277.8168402494666
1349,LOAD,29548039,3384.3193451856487
1350,LOAD,31414928,3183.2000378928133
1351,LOAD,34705800,2881.3627693353847
1352,LOAD,31946086,3130.273924636652
1353,LOAD,32722179,3056.031201345118
1354,LOAD,31319994,3192.8486320910533
1355,LOAD,31904183,3134.3852309272424
1356,LOAD,31512918,3173.301818638312
1357,LOAD,29828778,3352.467204657194
1358,LOAD,32909437,3038.6420770431287
1359,LOAD,29934305,3340.6487974248944
1360,LOAD,31572685,3167.294767613207
1361,LOAD,29895379,3344.9985698458613
1362,LOAD,32029560,3122.115945395441
1363,LOAD,30555419,3272.7418989083408
1364,LOAD,33579056,2978.0467920241713
1365,LOAD,30472073,3281.6933721575165
1366,LOAD,33600463,2976.149465559448
1367,LOAD,30459230,3283.0770836951556
1368,LOAD,31531258,3171.4560833570295
1369,LOAD,28233467,3541.895864223831
1370,LOAD,30594390,3268.573094609829
1371,LOAD,29678801,3369.4083531204647
1372,LOAD,32487688,3078.089151804216
1373,LOAD,30243132,3306.5358442372967
1374,LOAD,30523421,3276.172746167607
1375,LOAD,29385942,3402.9877279414764
1376,LOAD,30506951,3277.941476354028
1377,LOAD,28386291,3522.8272689799455
1378,LOAD,29433639,3397.4732108387957
1379,LOAD,28386638,3522.784205723834
1380,LOAD,31130497,3212.284082711561
1381,LOAD,29065364,3440.5211646411863
1382,LOAD,30799193,3246.8383181338554
1383,LOAD,29401382,3401.2006646490295
1384,LOAD,30608780,3267.0364516325053
1385,LOAD,28654095,3489.9025776245944
1386,LOAD,32352960,3090.90729256303
1387,LOAD,31464482,3178.1867567373265
1388,LOAD,32389601,3087.4106785075865
1389,LOAD,29745361,3361.868763334222
1390,LOAD,32014102,3123.62345818727
1391,LOAD,25147608,3976.5213454894
1392,LOAD,31086997,3216.7790282219926
1393,LOAD,29857199,3349.275998729821
1394,LOAD,30953896,3230.6110998111517
1395,LOAD,29511790,3388.4762666039574
1396,LOAD,29519457,3387.5961878296066
1397,LOAD,30286712,3301.7780206712437
1398,LOAD,30974266,3228.4865119967653
1399,LOAD,30538940,3274.507890581664
1400,LOAD,29303038,3412.6154428083532
1401,LOAD,30151211,3316.616370732174
1402,LOAD,31060388,3219.534797826737
1403,LOAD,29700285,3366.9710576851367
1404,LOAD,31185194,3206.649924961185
1405,LOAD,31485739,3176.0410641782937
1406,LOAD,31833056,3141.3886244537753
1407,LOAD,30129116,3319.0485907386064
1408,LOAD,32968845,3033.1666153303217
1409,LOAD,33181231,3013.751961161417
1410,LOAD,32923576,3037.337134945487
1411,LOAD,30083390,3324.093461541402
1412,LOAD,31198045,3205.3290518684744
1413,LOAD,24909578,4014.5200372322647
1414,LOAD,32671394,3060.781550980041
1415,LOAD,26155338,3823.311325588681
1416,LOAD,30503161,3278.348758674552
1417,LOAD,29253173,3418.432591910628
1418,LOAD,30203435,3310.8816927611047
1419,LOAD,28289408,3534.8919284560493
1420,LOAD,29096170,3436.8784620106358
1421,LOAD,29126829,3433.2607919660595
1422,LOAD,29621081,3375.9740233653188
1423,LOAD,28878134,3462.8276189867393
1424,LOAD,30299141,3300.423599467721
1425,LOAD,29031121,3444.579353308472
1426,LOAD,29769607,3359.1306731056275
1427,LOAD,28791937,3473.1945961120987
1428,LOAD,30546810,3273.66425495821
1429,LOAD,32726898,3055.590542067262
1430,LOAD,30301583,3300.157618828033
1431,LOAD,30008713,3332.3655033123214
1432,LOAD,33015535,3028.8771634323057
1433,LOAD,26629472,3755.237805691378
1434,LOAD,29604904,3377.8187559736725
1435,LOAD,31112390,3214.153589614941
1436,LOAD,32842196,3044.863382460783
1437,LOAD,29451040,3395.465830748252
1438,LOAD,30631727,3264.5890321495745
1439,LOAD,30698095,3257.531126931492
1440,LOAD,31415738,3183.1179646328856
1441,LOAD,30992845,3226.5511604371914
1442,LOAD,32222858,3103.387042825314
1443,LOAD,30438595,3285.302754611374
1444,LOAD,31079592,3217.5454555516685
1445,LOAD,31018683,3223.8635018772397
1446,LOAD,32825634,3046.3996521742733
1447,LOAD,32609895,3066.553878815004
1448,LOAD,30644700,3263.2070145897987
1449,LOAD,31948198,3130.066991571794
1450,LOAD,29470861,3393.1821672939927
1451,LOAD,30153932,3316.3170892605317
1452,LOAD,32642819,3063.460910039663
1453,LOAD,28519496,3506.373324409379
1454,LOAD,29229846,3421.160686238306
1455,LOAD,24901446,4015.8310485262577
1456,LOAD,28874369,3463.2791455979523
1457,LOAD,28371366,3524.680482427247
1458,LOAD,31816911,3142.9826735851257
1459,LOAD,28934635,3456.0657150159313
1460,LOAD,30036382,3329.2957853579037
1461,LOAD,29040194,3443.5031666799473
1462,LOAD,30381104,3291.519623513352
1463,LOAD,28505139,3508.1393569068373
1464,LOAD,29445284,3396.129580546752
1465,LOAD,29132122,3432.6370046095512
1466,LOAD,32497565,3077.1536267409574
1467,LOAD,24936828,4010.1331251913834
1468,LOAD,30481325,3280.697279399764
1469,LOAD,28900162,3460.188216245985
1470,LOAD,30597954,3268.192376522953
1471,LOAD,28508427,3507.73474804485
1472,LOAD,32021255,3122.925694199056
1473,LOAD,29517412,3387.830884360729
1474,LOAD,30774218,3249.4733091186913
1475,LOAD,29089428,3437.675020629488
1476,LOAD,30705221,3256.775126288783
1477,LOAD,30361227,3293.674527712599
1478,LOAD,31625549,3162.0004446405023
1479,LOAD,29423870,3398.601203716574
1480,LOAD,33034828,3027.1082386141074
1481,LOAD,32096830,3115.572472421731
1482,LOAD,30232742,3307.672191956654
1483,LOAD,30708166,3256.462792339992
1484,LOAD,33874685,2952.056971157075
1485,LOAD,30508951,3277.7265924351186
1486,LOAD,33911579,2948.8452896870417
1487,LOAD,30814913,3245.1819675752454
1488,LOAD,33244899,3007.98026187416
1489,LOAD,31182578,3206.918940441679
1490,LOAD,32744221,3053.974012696775
1491,LOAD,30169401,3314.6166872852395
1492,LOAD,30990919,3226.751681678107
1493,LOAD,31601914,3164.3652976208973
1494,LOAD,29575694,3381.1548090807273
1495,LOAD,30470458,3281.867308984985
1496,LOAD,31641717,3160.3847540890397
1497,LOAD,29065700,3440.4813921563905
1498,LOAD,30087874,3323.5980714356883
1499,LOAD,27564310,3627.8796748404006
1500,LOAD,29740561,3362.4113546479502
1501,LOAD,28203610,3545.645397876371
1502,LOAD,32858084,3043.391087563109
1503,LOAD,31118113,3213.5624676213497
1504,LOAD,32106687,3114.6159676954526
1505,LOAD,26792952,3732.3248293058564
1506,LOAD,26695572,3745.939588782739
1507,LOAD,28895731,3460.7188169075907
1508,LOAD,29444605,3396.207896149396
1509,LOAD,29147480,3430.8283254675875
1510,LOAD,32460096,3080.7056146722425
1511,LOAD,29278967,3415.4210426891086
1512,LOAD,30839297,3242.616068712591
1513,LOAD,30712877,3255.963288623205
1514,LOAD,31604054,3164.1510294850145
1515,LOAD,30518531,3276.697689020484
1516,LOAD,33489277,2986.0304240070636
1517,LOAD,29230530,3421.0806304230546
1518,LOAD,30851365,3241.3476680853505
1519,LOAD,29363930,3405.5387000309565
1520,LOAD,30530865,3275.373953538493
1521,LOAD,29597675,3378.6437617143915
1522,LOAD,30834920,3243.076356286963
1523,LOAD,29803325,3355.3303196874845
1524,LOAD,29763470,3359.8233001729973
1525,LOAD,29575469,3381.180531744061
1526,LOAD,33701014,2967.2697682034136
1527,LOAD,32726462,3055.631250331918
1528,LOAD,32807371,3048.0955026844426
1529,LOAD,31861887,3138.5460628869846
1530,LOAD,30680255,3259.4253209433887
1531,LOAD,30975186,3228.3906220934396
1532,LOAD,30245081,3306.322770304368
1533,LOAD,32384672,3087.8805874581653
1534,LOAD,32296997,3096.2630983927083
1535,LOAD,32423134,3084.2175836549295
1536,LOAD,33145974,3016.957655249473
1537,LOAD,29513740,3388.252386854394
1538,LOAD,32583964,3068.9943065245225
1539,LOAD,26520276,3770.6998222793763
1540,LOAD,31016538,3224.08645349136
1541,LOAD,30381671,3291.4581953046622
1542,LOAD,30928345,3233.280021934572
1543,LOAD,29636302,3374.240146425826
1544,LOAD,28047530,3565.3763450827937
1545,LOAD,30374560,3292.228759856933
1546,LOAD,32834408,3045.5855942339513
1547,LOAD,22995640,4348.650439822505
1548,LOAD,31026630,3223.037758209641
1549,LOAD,25746997,3883.9480969372853
1550,LOAD,32392476,3087.1366548207056
1551,LOAD,30801245,3246.6220115453125
1552,LOAD,32691951,3058.8569033399076
1553,LOAD,29882031,3346.492746761423
1554,LOAD,30562788,3271.952807446755
1555,LOAD,31094894,3215.962080462471
1556,LOAD,31653112,3159.2470275908418
1557,LOAD,30557370,3272.5329437710116
1558,LOAD,31835392,3141.158117355678
1559,LOAD,29350071,3407.14678339279
1560,LOAD,30428738,3286.3669863666382
1561,LOAD,30544437,3273.9185862224276
1562,LOAD,29505753,3389.169562966246
1563,LOAD,29770262,3359.0567661110945
1564,LOAD,30800927,3246.65553085464
1565,LOAD,30425448,3286.722351631437
1566,LOAD,31569456,3167.618726150999
1567,LOAD,31406328,3184.0716940866187
1568,LOAD,32975940,3032.514008698463
1569,LOAD,31286087,3196.308953561371
1570,LOAD,33103075,3020.8673967599684
1571,LOAD,30808894,3245.815964701622
1572,LOAD,31964291,3128.4911027746557
1573,LOAD,27241471,3670.8737204389586
1574,LOAD,30798003,3246.9637722939374
1575,LOAD,31892206,3135.562337707213
1576,LOAD,32274166,3098.4534193695354
1577,LOAD,31680670,3156.4988998023086
1578,LOAD,33565488,2979.2505921558477
1579,LOAD,32133039,3112.0617007311384
1580,LOAD,32469723,3079.7922113471677
1581,LOAD,30085992,3323.8059758840595
1582,LOAD,30251072,3305.6679776505107
1583,LOAD,30039838,3328.9127591167435
1584,LOAD,28060556,3563.7212605480804
1585,LOAD,30844090,3242.1121842142206
1586,LOAD,29790199,3356.808727595274
1587,LOAD,29881670,3346.5331756893106
1588,LOAD,30126860,3319.297132193664
1589,LOAD,30806647,3246.0527106374157
1590,LOAD,29875237,3347.253780781722
1591,LOAD,29122986,3433.7138368984556
1592,LOAD,30046039,3328.2257271915278
1593,LOAD,29957754,3338.03395274559
1594,LOAD,30717269,3255.4977462351876
1595,LOAD,26332518,3797.5859353822525
1596,LOAD,32469108,3079.8505459404673
1597,LOAD,30903649,3235.8638295432365
1598,LOAD,32085033,3116.718003687264
1599,LOAD,29525181,3386.9394399309526
1600,LOAD,31446857,3179.9680330533506
1601,LOAD,32475879,3079.2084180385077
1602,LOAD,30601069,3267.8596947054366
1603,LOAD,30369712,3292.7543073177644
1604,LOAD,33327771,3000.500693550733
1605,LOAD,30247197,3306.0914702278033
1606,LOAD,31139027,3211.4041328266294
1607,LOAD,29908927,3343.483368694571
1608,LOAD,33130418,3018.374232404795
1609,LOAD,31858055,3138.9235783540457
1610,LOAD,31032002,3222.4798129363357
1611,LOAD,32874089,3041.90938948909
1612,LOAD,30168481,3314.717767858448
1613,LOAD,32100122,3115.2529576055817
1614,LOAD,32504977,3076.4519538038744
1615,LOAD,33378618,2995.92990938091
1616,LOAD,32805113,3048.3053053345675
1617,LOAD,33504628,2984.662297996563
1618,LOAD,33070281,3023.8630267459775
1619,LOAD,32164380,3109.029305088424
1620,LOAD,31003853,3225.4055649147867
1621,LOAD,32416776,3084.8225005472477
1622,LOAD,32812040,3047.661772934569
1623,LOAD,33093987,3021.696962653669
1624,LOAD,31375190,3187.231694851888
1625,LOAD,29885594,3346.093773474939
1626,LOAD,32112143,3114.086780194022
1627,LOAD,29386820,3402.8860557215785
1628,LOAD,30170583,3314.486829770575
1629,LOAD,28945405,3454.7797828359976
1630,LOAD,31398139,3184.9021370343
1631,LOAD,28947343,3454.548488267127
1632,LOAD,28940863,3455.321978477283
1633,LOAD,28171002,3549.749490628697
1634,LOAD,31529655,3171.6173234372527
1635,LOAD,29429988,3397.894691632222
1636,LOAD,30512679,3277.326124002419
1637,LOAD,32033156,3121.765460761968
1638,LOAD,32696642,3058.4180479451074
1639,LOAD,30233900,3307.545503557265
1640,LOAD,32418508,3084.6576899837587
1641,LOAD,32287992,3097.126634570524
1642,LOAD,32544092,3072.754342016978
1643,LOAD,32558217,3071.4212636398365
1644,LOAD,33504494,2984.674235044409
1645,LOAD,32365381,3089.721081917744
1646,LOAD,30820478,3244.5960117815175
1647,LOAD,29497665,3390.098843416928
1648,LOAD,30686260,3258.7874833883307
1649,LOAD,31277354,3197.2014000928593
1650,LOAD,30442773,3284.8518760101124
1651,LOAD,30172538,3314.272070848001
1652,LOAD,31131247,3212.206693808314
1653,LOAD,32383107,3088.029817521833
1654,LOAD,31095065,3215.9443950350324
1655,LOAD,33376065,2996.1590738752457
1656,LOAD,31287777,3196.136305880728
1657,LOAD,33483477,2986.547663493848
1658,LOAD,31033218,3222.3535438703134
1659,LOAD,32254117,3100.37940272865
1660,LOAD,30921897,3233.9542428460973
1661,LOAD,30609028,3267.0099814995756
1662,LOAD,32103707,3114.905079341772
1663,LOAD,31314116,3193.44796448988
1664,LOAD,34602608,2889.955577914821
1665,LOAD,31925207,3132.3211154120318
1666,LOAD,32862698,3042.963788304904
1667,LOAD,31171847,3208.0229317178414
1668,LOAD,32753584,3053.1009980465037
1669,LOAD,33038897,3026.7354264278256
1670,LOAD,32736899,3054.6570706040297
1671,LOAD,27089947,3691.406262256622
1672,LOAD,32524712,3074.585256896356
1673,LOAD,32990959,3031.1334690210124
1674,LOAD,32521244,3074.913124479494
1675,LOAD,28619141,3494.164971618121
1676,LOAD,29636371,3374.2322904514863
1677,LOAD,31241974,3200.82207353479
1678,LOAD,30166892,3314.8923661078506
1679,LOAD,32033477,3121.7341782785556
1680,LOAD,32865966,3042.6612137309457
1681,LOAD,31926123,3132.2312452407705
1682,LOAD,31835577,3141.139863744263
1683,LOAD,31919438,3132.887239430719
1684,LOAD,30948353,3231.189717914876
1685,LOAD,33492618,2985.7325575444715
1686,LOAD,30856134,3240.8466984230754
1687,LOAD,32822982,3046.645792268356
1688,LOAD,30922649,3233.875597139171
1689,LOAD,32228822,3102.8127556135933
1690,LOAD,30304521,3299.8376710854463
1691,LOAD,31496550,3174.9509073215954
1692,LOAD,31072717,3218.2573541927472
1693,LOAD,29772101,3358.849279733399
1694,LOAD,31173133,3207.8905896305005
1695,LOAD,38261485,2613.5943233776734
1696,LOAD,32574319,3069.903011633183
1697,LOAD,31544288,3170.146049896577
1698,LOAD,32893141,3040.147488499198
1699,LOAD,31116399,3213.7394818725647
1700,LOAD,32543266,3072.8323334234497
1701,LOAD,29376155,3404.1214719897825
1702,LOAD,30980336,3227.853952261848
1703,LOAD,33653537,2971.455868071163
1704,LOAD,31648970,3159.660488161226
1705,LOAD,33442433,2990.2130625484097
1706,LOAD,31507163,3173.8814440386145
1707,LOAD,34257979,2919.028002206435
1708,LOAD,31732360,3151.3571634760224
1709,LOAD,32023091,3122.746645537746
1710,LOAD,30844100,3242.1111330854196
1711,LOAD,33140005,3017.5010534850553
1712,LOAD,29944023,3339.564626970798
1713,LOAD,30303848,3299.910955202785
1714,LOAD,30195558,3311.745389835154
1715,LOAD,30539362,3274.4626426707932
1716,LOAD,29749037,3361.45334721255
1717,LOAD,31899319,3134.863161185353
1718,LOAD,25747794,3883.8278727878587
1719,LOAD,30640127,3263.6940440880026
1720,LOAD,29279337,3415.3778823612024
1721,LOAD,30747509,3252.295982741236
1722,LOAD,26042072,3839.940232098276
1723,LOAD,30071915,3325.3618866640186
1724,LOAD,31213561,3203.735709616727
1725,LOAD,31504164,3174.1835777645138
1726,LOAD,31893458,3135.439249014641
1727,LOAD,32036431,3121.4463308974714
1728,LOAD,31135983,3211.718094784417
1729,LOAD,32736442,3054.6997135485894
1730,LOAD,30213213,3309.8101813931544
1731,LOAD,31756399,3148.9716450533324
1732,LOAD,29447793,3395.8402247665895
1733,LOAD,32444038,3082.230393146501
1734,LOAD,33306624,3002.4057676935377
1735,LOAD,32876917,3041.6477311421872
1736,LOAD,32362590,3089.9875442602092
1737,LOAD,30620287,3265.8087104147653
1738,LOAD,33520133,2983.281719079098
1739,LOAD,32949052,3034.988684955185
1740,LOAD,33076098,3023.3312284901317
1741,LOAD,32002356,3124.7699388132546
1742,LOAD,34161740,2927.2513636600474
1743,LOAD,31003888,3225.4019237845264
1744,LOAD,33326151,3000.6465493119804
1745,LOAD,32183570,3107.175493582595
1746,LOAD,34520515,2896.828161457035
1747,LOAD,34847195,2869.67143266481
1748,LOAD,34378774,2908.771557705926
1749,LOAD,35191464,2841.598178467369
1750,LOAD,34951959,2861.069961772386
1751,LOAD,32282167,3097.6854806556203
1752,LOAD,30956712,3230.3172249042473
1753,LOAD,28722716,3481.5649049344775
1754,LOAD,31001840,3225.614995755091
1755,LOAD,33669378,2970.0578371242855
1756,LOAD,30713209,3255.9280926978354
1757,LOAD,30588826,3269.1676365742182
1758,LOAD,35661254,2804.163869279527
1759,LOAD,32005208,3124.4914890101636
1760,LOAD,29378678,3403.8291307730046
1761,LOAD,26638277,3753.9965516538473
1762,LOAD,28655454,3489.73706715657
1763,LOAD,31419615,3182.7251861615746
1764,LOAD,34639412,2886.8850314202796
1765,LOAD,31155828,3209.6723604970475
1766,LOAD,31919484,3132.8827245452967
1767,LOAD,27051838,3696.606493059732
1768,LOAD,28350319,3527.297170800794
1769,LOAD,29705340,3366.3980954266135
1770,LOAD,29649442,3372.7447551964046
1771,LOAD,31322198,3192.6239659170787
1772,LOAD,27971017,3575.129213213806
1773,LOAD,28147401,3552.7258804462977
1774,LOAD,29269692,3416.5033236427635
1775,LOAD,30383267,3291.2852985822756
1776,LOAD,32192467,3106.316766590147
1777,LOAD,32144629,3110.939622292732
1778,LOAD,31286021,3196.3156963936062
1779,LOAD,33462728,2988.3995112412836
1780,LOAD,31543053,3170.2701701068695
1781,LOAD,32485314,3078.3140960250535
1782,LOAD,31182522,3206.9246996763122
1783,LOAD,34121499,2930.7036012691
1784,LOAD,30933421,3232.7494589104776
1785,LOAD,33606393,2975.6243105292497
1786,LOAD,31340131,3190.7971284485056
1787,LOAD,34026734,2938.865657808945
1788,LOAD,31397264,3184.9908960220228
1789,LOAD,33360538,2997.553576623974
1790,LOAD,31560613,3168.5062644378927
1791,LOAD,33714917,2966.0461569577647
1792,LOAD,31205382,3204.575415868968
1793,LOAD,33826834,2956.2329126042364
1794,LOAD,32185655,3106.974209473133
1795,LOAD,32318273,3094.2247440016363
1796,LOAD,30486384,3280.152870868516
1797,LOAD,32548694,3072.319890930186
1798,LOAD,28295297,3534.156223912405
1799,LOAD,33229173,3009.403815135574
1800,LOAD,32718339,3056.3898735812963
1801,LOAD,31239662,3201.058961521415
1802,LOAD,32521370,3074.90121111134
1803,LOAD,32446764,3081.9714409732815
1804,LOAD,32444595,3082.1774782517705
1805,LOAD,28068020,3562.7735764760037
1806,LOAD,29882286,3346.4641895201726
1807,LOAD,31042692,3221.370105401941
1808,LOAD,29815707,3353.936903122908
1809,LOAD,28653713,3489.9491036292575
1810,LOAD,29488310,3391.174333151001
1811,LOAD,30379360,3291.708581089266
1812,LOAD,29723829,3364.304107657193
1813,LOAD,32305744,3095.4247640914878
1814,LOAD,30886404,3237.670529725636
1815,LOAD,33849710,2954.235058439201
1816,LOAD,30543786,3273.988365423985
1817,LOAD,31773596,3147.2673096240037
1818,LOAD,25833951,3870.8751905583467
1819,LOAD,30959280,3230.049277631779
1820,LOAD,30804797,3246.247654220867
1821,LOAD,31663686,3158.192005820169
1822,LOAD,30353552,3294.5073446428937
1823,LOAD,28879349,3462.6819323385716
1824,LOAD,30927938,3233.32257068027
1825,LOAD,34239485,2920.604676150941
1826,LOAD,31315270,3193.33028263847
1827,LOAD,34725105,2879.7609107301478
1828,LOAD,31354283,3189.356937296254
1829,LOAD,33854190,2953.8441179659003
1830,LOAD,32008626,3124.1578442011223
1831,LOAD,30794308,3247.3533745262275
1832,LOAD,34001913,2941.0109954695786
1833,LOAD,33499770,2985.0951215485957
1834,LOAD,34320170,2913.7384808991333
1835,LOAD,34420959,2905.206679453643
1836,LOAD,30288116,3301.624967363437
1837,LOAD,27804774,3596.504686569292
1838,LOAD,28110186,3557.4293247294772
1839,LOAD,31111180,3214.2785969545353
1840,LOAD,29010402,3447.039444679188
1841,LOAD,33403084,2993.7355484900736
1842,LOAD,27725439,3606.7959104272436
1843,LOAD,31000467,3225.7578571316362
1844,LOAD,31449073,3179.7439625644924
1845,LOAD,30576830,3270.4502069050327
1846,LOAD,27389177,3651.0772119950884
1847,LOAD,30886388,3237.672206928178
1848,LOAD,31281072,3196.8213877069174
1849,LOAD,32408981,3085.564461283124
1850,LOAD,33307874,3002.293091417363
1851,LOAD,32128517,3112.4997148172133
1852,LOAD,32756520,3052.8273455177778
1853,LOAD,29892953,3345.2700373897487
1854,LOAD,30474626,3281.418449565222
1855,LOAD,33259997,3006.6148232063883
1856,LOAD,31084469,3217.040638525947
1857,LOAD,33659557,2970.924424228162
1858,LOAD,28573151,3499.7890152192176
1859,LOAD,31740045,3150.594146920712
1860,LOAD,31020832,3223.6401654217398
1861,LOAD,34055602,2936.374461975448
1862,LOAD,28425726,3517.940051909316
1863,LOAD,31862524,3138.4833166386943
1864,LOAD,30672849,3260.212313502407
1865,LOAD,30324995,3297.609777017276
1866,LOAD,33517562,2983.5105548547954
1867,LOAD,34121435,2930.7090982545133
1868,LOAD,31953874,3129.5109945041404
1869,LOAD,28748753,3478.41174189364
1870,LOAD,31607103,3163.8457975727797
1871,LOAD,30841741,3242.3591132549877
1872,LOAD,30966989,3229.2451810539283
1873,LOAD,32768510,3051.710315787932
1874,LOAD,29286489,3414.543819165213
1875,LOAD,30804041,3246.3273243922768
1876,LOAD,35296809,2833.1172939740813
1877,LOAD,31931065,3131.74646695937
1878,LOAD,30931740,3232.925144204626
1879,LOAD,29742497,3362.1924884114474
1880,LOAD,30558135,3272.4510183622137
1881,LOAD,33533515,2982.0912004005545
1882,LOAD,29818889,3353.5790015516673
1883,LOAD,31239087,3201.1178815821345
1884,LOAD,26664113,3750.359143767505
1885,LOAD,30653214,3262.3006514096696
1886,LOAD,28974691,3451.287884312554
1887,LOAD,22615981,4421.65210520826
1888,LOAD,32668368,3061.0650645297
1889,LOAD,26886993,3719.2705037710984
1890,LOAD,30274225,3303.139882193516
1891,LOAD,32610702,3066.4779924087497
1892,LOAD,31263018,3198.66751188257
1893,LOAD,30563794,3271.845111899393
1894,LOAD,32508381,3076.1298140316494
1895,LOAD,27114430,3688.0731035098283
1896,LOAD,30335007,3296.521408417674
1897,LOAD,32548428,3072.344999273083
1898,LOAD,32121257,3113.2031974962874
1899,LOAD,32083076,3116.9081169149745
1900,LOAD,28434833,3516.8133394699385
1901,LOAD,27925327,3580.9786578327266
1902,LOAD,28445275,3515.5223494938964
1903,LOAD,29513411,3388.2901573118743
1904,LOAD,32057782,3119.3673972828187
1905,LOAD,29945420,3339.408831133442
1906,LOAD,30649953,3262.647743701271
1907,LOAD,31062310,3219.335587082867
1908,LOAD,33552234,2980.4274731751098
1909,LOAD,31212579,3203.836504506725
1910,LOAD,33199964,3012.0514588509795
1911,LOAD,31004001,3225.3901681915186
1912,LOAD,33269541,3005.752318614795
1913,LOAD,26369508,3792.258846846896
1914,LOAD,29208041,3423.71472294222
1915,LOAD,31230058,3202.043364760962
1916,LOAD,31502677,3174.3334066498537
1917,LOAD,32523620,3074.6884879358445
1918,LOAD,33963999,2944.2940449974694
1919,LOAD,33466378,2988.073582387673
1920,LOAD,32574927,3069.8457129312983
1921,LOAD,31407073,3183.996165449738
1922,LOAD,33804493,2958.186652880728
1923,LOAD,29698552,3367.167530592064
1924,LOAD,30955339,3230.460503113857
1925,LOAD,29440949,3396.629639893741
1926,LOAD,28946812,3454.611858466487
1927,LOAD,28304238,3533.039822517038
1928,LOAD,28934230,3456.1140904734634
1929,LOAD,29024221,3445.3982416961335
1930,LOAD,32189397,3106.61302540088
1931,LOAD,26518896,3770.8960433345337
1932,LOAD,30095471,3322.7590955463033
1933,LOAD,30128224,3319.1468571131177
1934,LOAD,31628749,3161.6805331124538
1935,LOAD,29754118,3360.879324334198
1936,LOAD,28064943,3563.164193848532
1937,LOAD,28767108,3476.1923235383965
1938,LOAD,29290404,3414.087426038917
1939,LOAD,30200217,3311.2344855005513
1940,LOAD,30672848,3260.212419792254
1941,LOAD,30649505,3262.6954334172774
1942,LOAD,32676495,3060.3037443275357
1943,LOAD,29961765,3337.587088077087
1944,LOAD,31905268,3134.278640129273
1945,LOAD,29010494,3447.028513199396
1946,LOAD,29651715,3372.486212011683
1947,LOAD,30915923,3234.579151979386
1948,LOAD,33153001,3016.31819092335
1949,LOAD,29530611,3386.316659685775
1950,LOAD,31767651,3147.8562894058487
1951,LOAD,30308093,3299.4487643943817
1952,LOAD,32032843,3121.795964223344
1953,LOAD,33271091,3005.6122896601137
1954,LOAD,33277038,3005.0751512198894
1955,LOAD,33124158,3018.944662683954
1956,LOAD,31494317,3175.176016676279
1957,LOAD,32760454,3052.4607503913103
1958,LOAD,32024812,3122.578830439348
1959,LOAD,33087018,3022.3334118535554
1960,LOAD,32273854,3098.483372949509
1961,LOAD,33379393,2995.860350126798
1962,LOAD,32230479,3102.6532370182895
1963,LOAD,32634518,3064.2401398421143
1964,LOAD,32416280,3084.869701273558
1965,LOAD,31547464,3169.826899556808
1966,LOAD,31733645,3151.229554625698
1967,LOAD,32365138,3089.744279786479
1968,LOAD,32597637,3067.7070242852265
1969,LOAD,30922176,3233.925064005845
1970,LOAD,27717930,3607.773019125166
1971,LOAD,27428398,3645.8563857794393
1972,LOAD,27010559,3702.255847426186
1973,LOAD,26735044,3740.4090301852507
1974,LOAD,30115943,3320.5003741705846
1975,LOAD,30097893,3322.4917106323687
1976,LOAD,31322768,3192.565867741957
1977,LOAD,30025010,3330.556759181762
1978,LOAD,30108760,3321.2925407755088
1979,LOAD,30852775,3241.199535536107
1980,LOAD,33683932,2968.774548054544
1981,LOAD,29651192,3372.5456973196897
1982,LOAD,31808635,3143.8004177167613
1983,LOAD,31514419,3173.1506774724294
1984,LOAD,31601540,3164.402747461041
1985,LOAD,32392815,3087.1043470596796
1986,LOAD,30480883,3280.7448524375095
1987,LOAD,31582887,3166.271658445917
1988,LOAD,31422401,3182.4429966379716
1989,LOAD,30691299,3258.2524447727023
1990,LOAD,32555210,3071.704959052637
1991,LOAD,28586995,3498.094150854261
1992,LOAD,29455546,3394.946404999588
1993,LOAD,31265103,3198.454199879015
1994,LOAD,33598739,2976.302176102502
1995,LOAD,31341637,3190.6438071502134
1996,LOAD,38846721,2574.219842132879
1997,LOAD,32884758,3040.92248451395
1998,LOAD,32176154,3107.8916392555807
1999,LOAD,32734142,3054.9143460060754
2000,LOAD,31837654,3140.934944515698
2001,LOAD,32429193,3083.64133513899
2002,LOAD,32126624,3112.683112922167
2003,LOAD,31762827,3148.3343721262595
2004,LOAD,29123250,3433.682710549132
2005,LOAD,31305917,3194.2843265060724
2006,LOAD,37256913,2684.065639039928
2007,LOAD,37077316,2697.0668534906895
2008,LOAD,31721424,3152.4435977401267
2009,LOAD,29031693,3444.5114861196694
2010,LOAD,28683263,3486.353696927717
2011,LOAD,29670329,3370.3704465157766
2012,LOAD,31748604,3149.7447887787444
2013,LOAD,28293449,3534.387058997296
2014,LOAD,28321832,3530.8450385554156
2015,LOAD,28673143,3487.584182871058
2016,LOAD,29823722,3353.0355466698625
2017,LOAD,29650478,3372.6269100956824
2018,LOAD,32448267,3081.828684410172
2019,LOAD,28855653,3465.525455272144
2020,LOAD,29923626,3341.840992131101
2021,LOAD,28960283,3453.0049309255714
2022,LOAD,32541362,3073.0121253068633
2023,LOAD,29358046,3406.2212451060263
2024,LOAD,31567857,3167.7791748739864
2025,LOAD,32246640,3101.0982849686047
2026,LOAD,30702007,3257.1160575919353
2027,LOAD,32342874,3091.871180031805
2028,LOAD,30273123,3303.2601228489048
2029,LOAD,29867996,3348.0652669164683
2030,LOAD,32029163,3122.1546438787677
2031,LOAD,25506288,3920.6018531587188
2032,LOAD,32912852,3038.3267910055315
2033,LOAD,27806525,3596.278211678734
2034,LOAD,31902260,3134.574164965115
2035,LOAD,32184588,3107.0772134787
2036,LOAD,31655810,3158.977767430371
2037,LOAD,33697948,2967.5397445565527
2038,LOAD,32281346,3097.7642629895295
2039,LOAD,32736324,3054.7107243928795
2040,LOAD,32144530,3110.9492034881205
2041,LOAD,32652894,3062.5156839084466
2042,LOAD,31741444,3150.455284895041
2043,LOAD,34047204,2937.0987409127633
2044,LOAD,32819031,3047.0125702370674
2045,LOAD,30083538,3324.07710821779
2046,LOAD,33232921,3009.064415372937
2047,LOAD,33810927,2957.6237291571447
2048,LOAD,31912412,3133.57699192402
2049,LOAD,33240032,3008.4206898477114
2050,LOAD,32836570,3045.3850691469906
2051,LOAD,29426722,3398.271815664687
2052,LOAD,26909463,3716.1648301937503
2053,LOAD,27958190,3576.7694546749985
2054,LOAD,28574930,3499.571127558318
2055,LOAD,27989622,3572.7527867293097
2056,LOAD,29196687,3425.0461362277165
2057,LOAD,34845136,2869.8410016250186
2058,LOAD,30268634,3303.750013958344
2059,LOAD,32194010,3106.167886510565
2060,LOAD,33128206,3018.575771956984
2061,LOAD,31302973,3194.584744394726
2062,LOAD,33379767,2995.82678333255
2063,LOAD,30921350,3234.01145163455
2064,LOAD,34414610,2905.742648253169
2065,LOAD,31496619,3174.943951920681
2066,LOAD,33418246,2992.3772779696455
2067,LOAD,26566986,3764.0701884662417
2068,LOAD,31707249,3153.8529249257795
2069,LOAD,33337812,2999.5969741505533
2070,LOAD,32290992,3096.8388955037367
2071,LOAD,31707695,3153.808562874091
2072,LOAD,37575456,2661.3116817531104
2073,LOAD,32934295,3036.3485843556086
2074,LOAD,33342676,2999.1593956046
2075,LOAD,31211269,3203.9709759958814
2076,LOAD,34537136,2895.434062627544
2077,LOAD,31995927,3125.397804539309
2078,LOAD,32550192,3072.178498977825
2079,LOAD,31610234,3163.532418013736
2080,LOAD,33838003,2955.257140913428
2081,LOAD,33039593,3026.6716663247034
2082,LOAD,34236573,2920.8530888883065
2083,LOAD,32346341,3091.5397818875404
2084,LOAD,30233251,3307.61650475498
2085,LOAD,31561159,3168.4514500877485
2086,LOAD,33551966,2980.451279665698
2087,LOAD,33643129,2972.3751319325856
2088,LOAD,32142747,3111.1217718883827
2089,LOAD,32965421,3033.481659463715
2090,LOAD,29552857,3383.767599863526
2091,LOAD,30247535,3306.054526426699
2092,LOAD,32404708,3085.9713347825877
2093,LOAD,29552292,3383.8322929402566
2094,LOAD,26632594,3754.7975987618784
2095,LOAD,28798007,3472.4625214515713
2096,LOAD,28570459,3500.1187765306813
2097,LOAD,31248443,3200.159444744175
2098,LOAD,29856084,3349.401080195246
2099,LOAD,28048075,3565.3070665277382
2100,LOAD,23353904,4281.939328002718
2101,LOAD,28879044,3462.7185027316
2102,LOAD,28089804,3560.0106002875636
2103,LOAD,28026907,3567.999851000326
2104,LOAD,27894856,3584.890346808028
2105,LOAD,29642991,3373.478742411655
2106,LOAD,29549065,3384.201835151129
2107,LOAD,33013522,3029.061849262857
2108,LOAD,31311494,3193.71538132291
2109,LOAD,33597365,2976.4238951477296
2110,LOAD,30473739,3281.5139619066763
2111,LOAD,32623295,3065.294293540858
2112,LOAD,28620352,3494.0171245972097
2113,LOAD,30027882,3330.2382099410142
2114,LOAD,31618551,3162.7002768090165
2115,LOAD,33246139,3007.8680715375704
2116,LOAD,31337876,3191.026730720359
2117,LOAD,33167134,3015.0328937073673
2118,LOAD,31465846,3178.048986828449
2119,LOAD,32629825,3064.680855628248
2120,LOAD,29690678,3368.0605070722872
2121,LOAD,31849191,3139.797177265821
2122,LOAD,30055701,3327.155803153618
2123,LOAD,32384616,3087.8859270710514
2124,LOAD,33056520,3025.121821655758
2125,LOAD,31246024,3200.407194208133
2126,LOAD,33645500,2972.165668514363
2127,LOAD,34341640,2911.9168449730414
2128,LOAD,33603600,2975.8716328012474
2129,LOAD,33623123,2974.1437165131865
2130,LOAD,29560494,3382.893398195578
2131,LOAD,30319402,3298.218084908139
2132,LOAD,32598947,3067.5837474136815
2133,LOAD,33587116,2977.3321412889395
2134,LOAD,33993004,2941.781785452089
2135,LOAD,34609576,2889.3737386438947
2136,LOAD,30621871,3265.63977753025
2137,LOAD,29749298,3361.423856119227
2138,LOAD,30744109,3252.655655104528
2139,LOAD,31747272,3149.876940607684
2140,LOAD,28826759,3468.999064376262
2141,LOAD,30716857,3255.5414116750294
2142,LOAD,30788969,3247.9164859336474
2143,LOAD,27804467,3596.5443969848443
2144,LOAD,27293655,3663.8552073732885
2145,LOAD,28213211,3544.4388091805645
2146,LOAD,33030137,3027.538154019767
2147,LOAD,34220219,2922.2489780091705
2148,LOAD,31867647,3137.9787782888397
2149,LOAD,32784451,3050.226462538598
2150,LOAD,31592155,3165.342788423265
2151,LOAD,33151515,3016.453395870445
2152,LOAD,28229599,3542.3811723290864
2153,LOAD,32589842,3068.440773661928
2154,LOAD,29314033,3411.335451522484
2155,LOAD,29377715,3403.9407081183817
2156,LOAD,31550109,3169.5611574590753
2157,LOAD,33691898,2968.0726209013214
2158,LOAD,32205990,3105.0124526524414
2159,LOAD,33741789,2963.683994348966
2160,LOAD,32986686,3031.5261132931023
2161,LOAD,33926614,2947.538472303779
2162,LOAD,33684096,2968.760093784319
2163,LOAD,32438086,3082.79594548211
2164,LOAD,32916058,3038.0308601959564
2165,LOAD,32036358,3121.453443615532
2166,LOAD,33058951,3024.8993684040365
2167,LOAD,33150788,3016.5195469863343
2168,LOAD,30861041,3240.3313938761817
2169,LOAD,29500310,3389.7948869011884
2170,LOAD,32640398,3063.688132724362
2171,LOAD,33904398,2949.4698593380126
2172,LOAD,35084708,2850.2446136932367
2173,LOAD,33818414,2956.9689459712686
2174,LOAD,32952771,3034.6461607128576
2175,LOAD,33715359,2966.0072728277933
2176,LOAD,31295561,3195.341345694362
2177,LOAD,33182190,3013.6648605773157
2178,LOAD,32582604,3069.1224065455294
2179,LOAD,33086535,3022.3775321290063
2180,LOAD,29820497,3353.398167709948
2181,LOAD,30044906,3328.351235314233
2182,LOAD,29679272,3369.354881750469
2183,LOAD,32758092,3052.6808460028747
2184,LOAD,33149537,3016.633384653306
2185,LOAD,25060724,3990.3077022036555
2186,LOAD,32567848,3070.512979549647
2187,LOAD,34361696,2910.2172372399777
2188,LOAD,33416724,2992.513568954276
2189,LOAD,31863729,3138.3646276931368
2190,LOAD,33018198,3028.6328769365305
2191,LOAD,32157322,3109.711685568842
2192,LOAD,31498832,3174.720891238126
2193,LOAD,31930069,3131.8441560524034
2194,LOAD,34245487,2920.092799381127
2195,LOAD,30426356,3286.62426746075
2196,LOAD,35511431,2815.9946581707736
2197,LOAD,32168697,3108.6120771382193
2198,LOAD,31822802,3142.400848297394
2199,LOAD,31998945,3125.1030307405445
2200,LOAD,33244529,3008.0137396441983
2201,LOAD,31796583,3144.992026344466
2202,LOAD,32480565,3078.764177901462
2203,LOAD,32733876,3054.9391706622214
2204,LOAD,31917680,3133.059796326049
2205,LOAD,32461280,3080.5932483253896
2206,LOAD,31175913,3207.60453751587
2207,LOAD,33016619,3028.777719487268
2208,LOAD,35197314,2841.1258881856725
2209,LOAD,32352452,3090.9558261611824
2210,LOAD,35814915,2792.132830693581
2211,LOAD,44742396,2235.016649533029
2212,LOAD,35518693,2815.418911951518
2213,LOAD,33865572,2952.8513500377317
2214,LOAD,34506393,2898.0137100971406
2215,LOAD,33868668,2952.58142422371
2216,LOAD,34309297,2914.6618772165457
2217,LOAD,33045817,3026.10160916887
2218,LOAD,32257502,3100.0540587426767
2219,LOAD,32553780,3071.839890789948
2220,LOAD,31415634,3183.1285021973454
2221,LOAD,33551856,2980.461051096547
2222,LOAD,33906166,2949.316062453065
2223,LOAD,31446362,3180.0180892148987
2224,LOAD,31753120,3149.296825004913
2225,LOAD,30580411,3270.0672335633426
2226,LOAD,28793279,3473.0327171142962
2227,LOAD,29260688,3417.5546384965382
2228,LOAD,31088044,3216.670691793926
2229,LOAD,32025615,3122.5005358991543
2230,LOAD,32200670,3105.525444035792
2231,LOAD,34093112,2933.1437974919977
2232,LOAD,30887383,3237.5679092009836
2233,LOAD,32095033,3115.7469132373226
2234,LOAD,32281616,3097.7383536189764
2235,LOAD,33887094,2950.9759674287798
2236,LOAD,31854033,3139.319909664186
2237,LOAD,34312395,2914.3987180142917
2238,LOAD,31684908,3156.0767037732917
2239,LOAD,34032426,2938.3741258998107
2240,LOAD,33534639,2981.991247915327
2241,LOAD,33249306,3007.581571777769
2242,LOAD,32810070,3047.8447622940153
2243,LOAD,30983351,3227.539848740054
2244,LOAD,33560199,2979.7201142937206
2245,LOAD,32955291,3034.4141097100314
2246,LOAD,34957157,2860.644531247206
2247,LOAD,34121272,2930.7230984823777
2248,LOAD,30051759,3327.592238444345
2249,LOAD,33944540,2945.981886924966
2250,LOAD,31721048,3152.480964689439
2251,LOAD,32219658,3103.695265790841
2252,LOAD,34227933,2921.590386425029
2253,LOAD,35744702,2797.6173923620904
2254,LOAD,34197425,2924.19677797378
2255,LOAD,30558300,3272.43334871377
2256,LOAD,28060626,3563.7123704938017
2257,LOAD,32295092,3096.4457385660958
2258,LOAD,33026587,3027.863581544166
2259,LOAD,31902649,3134.5359440214506
2260,LOAD,34738125,2878.6815638437592
2261,LOAD,33884988,2951.159374765014
2262,LOAD,33975752,2943.2755454537105
2263,LOAD,33887553,2950.9359970606315
2264,LOAD,32612901,3066.2712280640108
2265,LOAD,29315584,3411.154967951517
2266,LOAD,27104112,3689.477080082904
2267,LOAD,29041617,3443.334439676689
2268,LOAD,27086376,3691.892928016653
2269,LOAD,28875832,3463.103677843811
2270,LOAD,29545323,3384.630454031591
2271,LOAD,30532965,3275.14867946824
2272,LOAD,31819387,3142.7381049169803
2273,LOAD,30767081,3250.2270852408783
2274,LOAD,28716725,3482.291243169268
2275,LOAD,27491943,3637.429337024306
2276,LOAD,30775193,3249.370361381649
2277,LOAD,29733864,3363.168675285526
2278,LOAD,31063947,3219.1659353526456
2279,LOAD,30509250,3277.694469710006
2280,LOAD,30765151,3250.4309827700827
2281,LOAD,34095575,2932.931912718879
2282,LOAD,33308669,3002.2214337054415
2283,LOAD,32632422,3064.4369578206606
2284,LOAD,27595365,3623.796967353032
2285,LOAD,30580829,3270.0225360143113
2286,LOAD,30535362,3274.8915830766964
2287,LOAD,30811198,3245.573249050556
2288,LOAD,32355583,3090.6567191201593
2289,LOAD,33211866,3010.9720423417343
2290,LOAD,27040573,3698.1464852834292
2291,LOAD,30510574,3277.5522348416
2292,LOAD,31739481,3150.650131928748
2293,LOAD,28910826,3458.9118968790444
2294,LOAD,27872061,3587.8222281445205
2295,LOAD,29743931,3362.030392015097
2296,LOAD,30437144,3285.4593716151553
2297,LOAD,32971903,3032.885302373964
2298,LOAD,37832024,2643.2632840368256
2299,LOAD,32287010,3097.220832774543
2300,LOAD,32905345,3039.0199525335474
2301,LOAD,31104421,3214.9770606564257
2302,LOAD,32191341,3106.425420425946
2303,LOAD,28293793,3534.3440874116804
2304,LOAD,30679785,3259.475253819412
2305,LOAD,32583283,3069.058449389523
2306,LOAD,32673234,3060.6091824274267
2307,LOAD,31145626,3210.723714463148
2308,LOAD,32803899,3048.4181163952494
2309,LOAD,31550904,3169.481292833955
2310,LOAD,24116442,4146.548649257631
2311,LOAD,31340356,3190.774220943757
2312,LOAD,32564702,3070.8096146557705
2313,LOAD,32738718,3054.487350420991
2314,LOAD,32200050,3105.5852397744725
2315,LOAD,28101714,3558.501805263551
2316,LOAD,31586164,3165.9431642284894
2317,LOAD,32019781,3123.0694550971475
2318,LOAD,30157822,3315.889323837776
2319,LOAD,30872532,3239.125316964608
2320,LOAD,31427617,3181.914810785686
2321,LOAD,32082901,3116.925118461077
2322,LOAD,33239542,3008.465038417196
2323,LOAD,32728988,3055.395418886768
2324,LOAD,33225398,3009.7457372820636
2325,LOAD,29382326,3403.40652404442
2326,LOAD,32785526,3050.1264490922
2327,LOAD,31995062,3125.4823009875713
2328,LOAD,32159216,3109.5285407455203
2329,LOAD,33674675,2969.5906493529633
2330,LOAD,33401614,2993.8673023405395
2331,LOAD,33902258,2949.6560376597927
2332,LOAD,33206694,3011.4410064428575
2333,LOAD,28653734,3489.9465458847353
2334,LOAD,31995593,3125.430430372083
2335,LOAD,32434112,3083.1736660464144
2336,LOAD,32499720,3076.9495860272027
2337,LOAD,32708274,3057.3303868005996
2338,LOAD,31970182,3127.9146299511212
2339,LOAD,32798972,3048.876044041868
2340,LOAD,31931676,3131.6865422284754
2341,LOAD,33180483,3013.8199012955897
2342,LOAD,32262448,3099.578804435423
2343,LOAD,33113173,3019.946170667486
2344,LOAD,32302192,3095.7651418826313
2345,LOAD,32874331,3041.886996879115
2346,LOAD,32314123,3094.622125440322
2347,LOAD,32057365,3119.4079737994684
2348,LOAD,32705399,3057.599144410377
2349,LOAD,31426234,3182.0548399149575
2350,LOAD,33663410,2970.5843822714337
2351,LOAD,30772813,3249.621670921017
2352,LOAD,29499611,3389.8752088629235
2353,LOAD,29620092,3376.0867454429244
2354,LOAD,29334693,3408.9328973035445
2355,LOAD,32931630,3036.5943015878656
2356,LOAD,30165723,3315.0208267840953
2357,LOAD,30711010,3256.1612268694516
2358,LOAD,30684949,3258.926713549369
2359,LOAD,29902945,3344.1522231338754
2360,LOAD,31320200,3192.8276320074588
2361,LOAD,31227299,3202.326272278624
2362,LOAD,29312560,3411.5068762332594
2363,LOAD,28795779,3472.7311943878994
2364,LOAD,32779615,3050.6764646259576
2365,LOAD,33536461,2981.8292395253034
2366,LOAD,34038469,2937.852463340816
2367,LOAD,32984275,3031.7477040195668
2368,LOAD,32669302,3060.9775501172326
2369,LOAD,28569219,3500.2706934340767
2370,LOAD,32417224,3084.779868874645
2371,LOAD,31668432,3157.7187023342362
2372,LOAD,31684996,3156.067938275896
2373,LOAD,31743670,3150.2343616853377
2374,LOAD,29599332,3378.4546218813316
2375,LOAD,28361109,3525.9552085921605
2376,LOAD,32190074,3106.547689203821
2377,LOAD,31296145,3195.281719202157
2378,LOAD,32162827,3109.179426298565
2379,LOAD,32304736,3095.5213501822145
2380,LOAD,29848720,3350.227413436824
2381,LOAD,29536167,3385.679665205035
2382,LOAD,33802449,2958.365531444186
2383,LOAD,35026493,2854.981799062784
2384,LOAD,32425998,3083.9451726358584
2385,LOAD,33273859,3005.3622575007007
2386,LOAD,32432808,3083.2976287467927
2387,LOAD,33200394,3012.0124478040834
2388,LOAD,31687210,3155.847422351163
2389,LOAD,32469647,3079.7994200552903
2390,LOAD,33066710,3024.189585235423
2391,LOAD,33222621,3009.9973147813953
2392,LOAD,33331132,3000.198133084709
2393,LOAD,33913867,2948.6463457558525
2394,LOAD,34063653,2935.680445077338
2395,LOAD,31992649,3125.7180360400916
2396,LOAD,31321466,3192.698579306601
2397,LOAD,34246869,2919.9749617986977
2398,LOAD,31781085,3146.5256771441254
2399,LOAD,32792935,3049.4373254483016
2400,LOAD,30407465,3288.6661219539346
2401,LOAD,32378580,3088.461569346154
2402,LOAD,31550419,3169.5300147994867
2403,LOAD,31236857,3201.3464094675082
2404,LOAD,32902049,3039.3243897971215
2405,LOAD,30666683,3260.8678284508305
2406,LOAD,33643914,2972.305778691504
2407,LOAD,29571122,3381.677570435102
2408,LOAD,31885373,3136.234285231664
2409,LOAD,30707304,3256.554206126334
2410,LOAD,33877413,2951.81925491182
2411,LOAD,30859762,3240.465691213043
2412,LOAD,29864150,3348.4964413854073
2413,LOAD,30931722,3232.9270255306187
2414,LOAD,34782913,2874.9748475638025
2415,LOAD,32058629,3119.284982523738
2416,LOAD,34003788,2940.848825430861
2417,LOAD,32721275,3056.1156311910217
2418,LOAD,33442118,2990.2412281423085
2419,LOAD,34509780,2897.7292813805243
2420,LOAD,32859353,3043.2735544123466
2421,LOAD,31904527,3134.3514354561657
2422,LOAD,32302531,3095.732653271039
2423,LOAD,32665487,3061.335041476651
2424,LOAD,32241450,3101.597477780931
2425,LOAD,33428794,2991.4330741336344
2426,LOAD,33196833,3012.3355441767594
2427,LOAD,30053564,3327.3923851427407
2428,LOAD,30064699,3326.1600257498003
2429,LOAD,31914496,3133.3723709752458
2430,LOAD,32564793,3070.8010334965124
2431,LOAD,32525875,3074.4753215709034
2432,LOAD,35423003,2823.0243494601514
2433,LOAD,34330517,2912.860298608378
2434,LOAD,33604726,2975.7719196996277
2435,LOAD,28420930,3518.533700339855
2436,LOAD,27653394,3616.192645286145
2437,LOAD,25962739,3851.673739045792
2438,LOAD,30285642,3301.8946733901166
2439,LOAD,29875079,3347.2714833657847
2440,LOAD,32168503,3108.6308243812277
2441,LOAD,30897035,3236.556517478133
2442,LOAD,28201638,3545.893327189009
2443,LOAD,31602295,3164.3271477593635
2444,LOAD,34596565,2890.460367958495
2445,LOAD,31405978,3184.1071785760023
2446,LOAD,34106999,2931.9495391547057
2447,LOAD,31430943,3181.5781028268866
2448,LOAD,33649557,2971.8073257249716
2449,LOAD,31947023,3130.1821143084285
2450,LOAD,34412165,2905.949102592063
2451,LOAD,32599503,3067.531428316561
2452,LOAD,33191465,3012.8227241551403
2453,LOAD,35049551,2853.1035961059815
2454,LOAD,33557836,2979.9299335034593
2455,LOAD,31404265,3184.2808612142335
2456,LOAD,31894629,3135.3241324738406
2457,LOAD,35833033,2790.721064555155
2458,LOAD,34564308,2893.1578783524324
2459,LOAD,32694300,3058.6371324665156
2460,LOAD,31466874,3177.9451622681045
2461,LOAD,32465473,3080.195381721375
2462,LOAD,32523590,3074.69132405125
2463,LOAD,32660200,3061.8306072834825
2464,LOAD,32468189,3079.9377199633773
2465,LOAD,32748578,3053.567699947155
2466,LOAD,32620167,3065.588229514582
2467,LOAD,33430271,2991.3009080901556
2468,LOAD,30228346,3308.1532148666024
2469,LOAD,31005726,3225.2107239804673
2470,LOAD,35077338,2850.843470505088
2471,LOAD,33233963,3008.970070767666
2472,LOAD,29437894,3396.9821346594968
2473,LOAD,30297063,3300.649967292209
2474,LOAD,33233769,3008.9876354379185
2475,LOAD,34616817,2888.769351613119
2476,LOAD,34743888,2878.2040743396365
2477,LOAD,32534516,3073.6587567492934
2478,LOAD,28782492,3474.3343279657647
2479,LOAD,28028177,3567.838179414951
2480,LOAD,28422159,3518.3815557431794
2481,LOAD,30657612,3261.8326567640033
2482,LOAD,31222248,3202.8443307477414
2483,LOAD,31617832,3162.7721976636476
2484,LOAD,29767914,3359.3217180081883
2485,LOAD,29222647,3422.003489280078
2486,LOAD,30289015,3301.5269727325235
2487,LOAD,32891797,3040.271712731293
2488,LOAD,28962851,3452.698769192301
2489,LOAD,31014691,3224.2784556518714
2490,LOAD,33349088,2998.582749849111
2491,LOAD,32309679,3095.047771907607
2492,LOAD,33908054,2949.1518445735637
2493,LOAD,29210630,3423.4112718554857
2494,LOAD,30337364,3296.2652918691288
2495,LOAD,32176875,3107.821999494979
2496,LOAD,26882034,3719.9566074501654
2497,LOAD,33768144,2961.370929951021
2498,LOAD,31112113,3214.182206139454
2499,LOAD,27101582,3689.821501932987
2500,LOAD,32384771,3087.871147830565
2501,LOAD,31986101,3126.357914020218
2502,LOAD,30006378,3332.624817297176
2503,LOAD,31511273,3173.4674762266823
2504,LOAD,31896829,3135.107881727052
2505,LOAD,32260691,3099.7476154494025
2506,LOAD,34381450,2908.5451602535672
2507,LOAD,32600874,3067.402426082196
2508,LOAD,32404265,3086.01352321986
2509,LOAD,33245865,3007.8928612625964
2510,LOAD,34370269,2909.491339739005
2511,LOAD,32620932,3065.516337791943
2512,LOAD,32359201,3090.311160649486
2513,LOAD,32448078,3081.8466351073243
2514,LOAD,30838343,3242.716380708263
2515,LOAD,32600310,3067.4554935213805
2516,LOAD,30642222,3263.4709062547745
2517,LOAD,32046507,3120.4648918523317
2518,LOAD,32736714,3054.6743329217466
2519,LOAD,32908659,3038.7139141707353
2520,LOAD,31595704,3164.9872400374434
2521,LOAD,31789523,3145.690484251683
2522,LOAD,32304733,3095.5216376498142
2523,LOAD,30616313,3266.2326126597936
2524,LOAD,32827367,3046.238828718733
2525,LOAD,34763475,2876.5823899940956
2526,LOAD,32050888,3120.038358999601
2527,LOAD,24913927,4013.8192586018254
2528,LOAD,32242827,3101.465017319976
2529,LOAD,32815634,3047.3279900671737
2530,LOAD,31984530,3126.5114728901754
2531,LOAD,34725710,2879.7107388157074
2532,LOAD,30264697,3304.1797841227353
2533,LOAD,31077501,3217.761942956739
2534,LOAD,31866275,3138.1138837218973
2535,LOAD,30561247,3272.117790219751
2536,LOAD,32576846,3069.6648779320135
2537,LOAD,28931541,3456.4353139710047
2538,LOAD,31435826,3181.083900897021
2539,LOAD,34120281,2930.808219310972
2540,LOAD,32559364,3071.3130637318345
2541,LOAD,32391636,3087.2167123636486
2542,LOAD,33182886,3013.6016499589578
2543,LOAD,33055286,3025.2347536790335
2544,LOAD,32643459,3063.400848543655
2545,LOAD,31870884,3137.6600661594453
2546,LOAD,32027490,3122.3177339217027
2547,LOAD,34240717,2920.4995911738647
2548,LOAD,32599077,3067.5715143714037
2549,LOAD,32320774,3093.9853111190964
2550,LOAD,32975239,3032.578475018786
2551,LOAD,30466399,3282.3045480366745
2552,LOAD,30219482,3309.1235647255635
2553,LOAD,33832189,2955.7649964653483
2554,LOAD,35014799,2855.9352861057405
2555,LOAD,34334231,2912.5452088908005
2556,LOAD,32500329,3076.8919293093927
2557,LOAD,30572493,3270.914151489053
2558,LOAD,31173067,3207.897381415823
2559,LOAD,33440929,2990.3475468639044
2560,LOAD,31639596,3160.596614444761
2561,LOAD,35264468,2835.7155423413733
2562,LOAD,33229918,3009.3363456388906
2563,LOAD,30199375,3311.326807260084
2564,LOAD,29895466,3344.988835430764
2565,LOAD,31046810,3220.9428279427093
2566,LOAD,30888929,3237.4058679729555
2567,LOAD,30837430,3242.812387413607
2568,LOAD,32197413,3105.839590280126
2569,LOAD,29515961,3387.99742959411
2570,LOAD,27953574,3577.3600899834846
2571,LOAD,32106727,3114.612087367236
2572,LOAD,31818689,3142.807046512821
2573,LOAD,31877549,3137.004040053393
2574,LOAD,32307739,3095.233621888551
2575,LOAD,29955001,3338.3407331550416
2576,LOAD,31169105,3208.3051470358228
2577,LOAD,30889529,3237.3429844139096
2578,LOAD,31461421,3178.4959744825255
2579,LOAD,32955326,3034.4108870293076
2580,LOAD,32692092,3058.8437105829753
2581,LOAD,33750223,2962.943385588889
2582,LOAD,29627353,3375.2593422706373
2583,LOAD,28614214,3494.766621931324
2584,LOAD,29815119,3354.00304791673
2585,LOAD,28775862,3475.1348195928936
2586,LOAD,29925426,3341.6399820005904
2587,LOAD,30068012,3325.79353766388
2588,LOAD,32047942,3120.3251678376105
2589,LOAD,29713075,3365.5217442152993
2590,LOAD,31310609,3193.8056522631036
2591,LOAD,34159878,2927.4109234230873
2592,LOAD,38120735,2623.2442789993424
2593,LOAD,31685433,3156.0244103339223
2594,LOAD,32467809,3079.97376724743
2595,LOAD,28158835,3551.2832828488818
2596,LOAD,28020870,3568.7685642879756
2597,LOAD,29570889,3381.704215926684
2598,LOAD,32284097,3097.5002955789655
2599,LOAD,28911648,3458.8135550073107
2600,LOAD,28637031,3491.9821122517906
2601,LOAD,32932859,3036.480980895099
2602,LOAD,32124403,3112.8983159624786
2603,LOAD,32752306,3053.2201305153903
2604,LOAD,33775894,2960.6914327715504
2605,LOAD,31950026,3129.8879068204824
2606,LOAD,30521670,3276.36069717024
2607,LOAD,30093544,3322.971863998471
2608,LOAD,30324439,3297.6702388459685
2609,LOAD,32087792,3116.450019371853
2610,LOAD,28934775,3456.0489929505243
2611,LOAD,31953172,3129.579748764849
2612,LOAD,31856577,3139.069210103772
2613,LOAD,31994955,3125.4927534669137
2614,LOAD,32389751,3087.3963804167556
2615,LOAD,32495924,3077.3090188172523
2616,LOAD,31674913,3157.0726019042263
2617,LOAD,30363880,3293.3867476751984
2618,LOAD,31391846,3185.5406018492827
2619,LOAD,31141891,3211.108792333773
2620,LOAD,32122477,3113.08495917049
2621,LOAD,34272874,2917.7593918735847
2622,LOAD,32437915,3082.812196776519
2623,LOAD,31562840,3168.282702063566
2624,LOAD,30027418,3330.289670593722
2625,LOAD,34486121,2899.717251470526
2626,LOAD,31946041,3130.2783340195424
2627,LOAD,32655242,3062.2954807684473
2628,LOAD,31189442,3206.2131794470706
2629,LOAD,33952782,2945.2667531043553
2630,LOAD,31925952,3132.248021922729
2631,LOAD,33189430,3013.007454481743
2632,LOAD,29595092,3378.9386429344436
2633,LOAD,34016483,2939.75129645237
2634,LOAD,34052866,2936.6103869201493
2635,LOAD,31698921,3154.6815110836105
2636,LOAD,30157903,3315.88041781287
2637,LOAD,35040712,2853.8232898920546
2638,LOAD,32650939,3062.6990543824786
2639,LOAD,30202170,3311.020367079584
2640,LOAD,28446100,3515.420391547523
2641,LOAD,33027314,3027.796931957591
2642,LOAD,31431932,3181.4779950529287
2643,LOAD,33057457,3025.0360758239813
2644,LOAD,29527817,3386.637081908222
2645,LOAD,32026158,3122.4475942446793
2646,LOAD,30917400,3234.424628202889
2647,LOAD,29965863,3337.1306543048668
2648,LOAD,33511341,2984.0644097172953
2649,LOAD,31626914,3161.8639744617512
2650,LOAD,31979565,3126.996880664262
2651,LOAD,29378726,3403.8235694767704
2652,LOAD,26927038,3713.7393277344504
2653,LOAD,28062860,3563.428674055317
2654,LOAD,27144844,3683.940861844703
2655,LOAD,29115578,3434.5874912735717
2656,LOAD,26742558,3739.3580673920574
2657,LOAD,31076406,3217.875323163174
2658,LOAD,34691008,2882.5913620036636
2659,LOAD,30426608,3286.5970469005288
2660,LOAD,32910605,3038.53423539312
2661,LOAD,30976295,3228.2750406399477
2662,LOAD,30958172,3230.164881828294
2663,LOAD,30362040,3293.5863334611245
2664,LOAD,32200578,3105.5343168063628
2665,LOAD,33900893,2949.7748038672607
2666,LOAD,32594023,3068.0471692616775
2667,LOAD,32869617,3042.323249461653
2668,LOAD,28555818,3501.91334039179
2669,LOAD,32525812,3074.4812765934944
2670,LOAD,30291461,3301.2603782960487
2671,LOAD,31728540,3151.736575335644
2672,LOAD,31551964,3169.3748129276514
2673,LOAD,27747044,3603.9875094442496
2674,LOAD,27809538,3595.8885760705557
2675,LOAD,29998498,3333.500230578211
2676,LOAD,29631921,3374.7390187764067
2677,LOAD,33024940,3028.014585340655
2678,LOAD,33231996,3009.1481715392597
2679,LOAD,34692278,2882.4858373382112
2680,LOAD,31175589,3207.6378733373726
2681,LOAD,33614782,2974.881705316429
2682,LOAD,31472564,3177.3706139734913
2683,LOAD,35430541,2822.423738886742
2684,LOAD,31662406,3158.319680443741
2685,LOAD,28012491,3569.836042071375
2686,LOAD,27999531,3571.4883938591684
2687,LOAD,32244594,3101.2950573978387
2688,LOAD,33132705,3018.165887753505
2689,LOAD,30292288,3301.1702516495284
2690,LOAD,31997343,3125.259494202378
2691,LOAD,30066498,3325.96100816264
2692,LOAD,27385551,3651.560635022461
2693,LOAD,31137451,3211.566675769317
2694,LOAD,32967600,3033.2811608973657
2695,LOAD,30828592,3243.742043100768
2696,LOAD,31593163,3165.241796144311
2697,LOAD,27550519,3629.695687402477
2698,LOAD,29644002,3373.3636909078605
2699,LOAD,29897734,3344.7350892880377
2700,LOAD,30922963,3233.842759505291
2701,LOAD,31686552,3155.9129563860406
2702,LOAD,33559951,2979.742133711697
2703,LOAD,32382386,3088.098573094645
2704,LOAD,29181289,3426.8534196690216
2705,LOAD,33446913,2989.812542640333
2706,LOAD,33350834,2998.42576650407
2707,LOAD,33157338,3015.923654667332
2708,LOAD,28704376,3483.7893706520567
2709,LOAD,33187195,3013.2103662270947
2710,LOAD,31849799,3139.7372397860345
2711,LOAD,32546976,3072.482064078703
2712,LOAD,31645881,3159.968907169941
2713,LOAD,32280397,3097.8553330679297
2714,LOAD,32342185,3091.9370475433243
2715,LOAD,32513174,3075.6763396892593
2716,LOAD,31799794,3144.6744592119057
2717,LOAD,32186660,3106.877196950538
2718,LOAD,33703274,2967.0707955553517
2719,LOAD,28273934,3536.8265342912664
2720,LOAD,29711120,3365.743196486703
2721,LOAD,35627604,2806.8123806473204
2722,LOAD,32632575,3064.422590004007
2723,LOAD,32823229,3046.622865775942
2724,LOAD,32067120,3118.4590321800024
2725,LOAD,32531684,3073.926329789752
2726,LOAD,31657641,3158.7950599351357
2727,LOAD,34229250,2921.4779757079104
2728,LOAD,32205359,3105.0732892000983
2729,LOAD,31057645,3219.8191459783893
2730,LOAD,31522983,3172.2886124070174
2731,LOAD,33149828,3016.6069036617623
2732,LOAD,32602571,3067.242764381987
2733,LOAD,32102123,3115.05877664228
2734,LOAD,29587321,3379.8261086226767
2735,LOAD,33444053,2990.068219303444
2736,LOAD,33944803,2945.9590618334123
2737,LOAD,32734637,3054.8681508214067
2738,LOAD,31006225,3225.1588189145887
2739,LOAD,33023702,3028.128100235401
2740,LOAD,28856030,3465.480178666296
2741,LOAD,32412429,3085.236222191185
2742,LOAD,31883758,3136.3931441205896
2743,LOAD,32545926,3072.5811888099297
2744,LOAD,31760610,3148.55413671211
2745,LOAD,33485141,2986.3992509393943
2746,LOAD,33520542,2983.2453186466973
2747,LOAD,33484565,2986.4506228466757
2748,LOAD,29147244,3430.8561042683828
2749,LOAD,29027332,3445.028981650811
2750,LOAD,28001509,3571.236107311217
2751,LOAD,30447262,3284.3675730185523
2752,LOAD,32817826,3047.124449986419
2753,LOAD,30841531,3242.381190479811
2754,LOAD,31393996,3185.322441908956
2755,LOAD,32843662,3044.7274728378343
2756,LOAD,31800476,3144.60701783206
2757,LOAD,34096352,2932.865076005785
2758,LOAD,32041473,3120.9551446027467
2759,LOAD,29750697,3361.265788159518
2760,LOAD,27347643,3656.622254429751
2761,LOAD,30387050,3290.8755538954915
2762,LOAD,32138923,3111.4919438961906
2763,LOAD,29542693,3384.9317663762067
2764,LOAD,29311327,3411.6503834848554
2765,LOAD,32593561,3068.0906575381564
2766,LOAD,31162067,3209.0297476094893
2767,LOAD,32518825,3075.1418601379355
2768,LOAD,33521456,2983.163977125576
2769,LOAD,33555215,2980.162696022064
2770,LOAD,35590204,2809.7619221289096
2771,LOAD,34956236,2860.719901307452
2772,LOAD,33325901,3000.6690591801253
2773,LOAD,34421071,2905.1972264314495
2774,LOAD,33506157,2984.526097696015
2775,LOAD,33515216,2983.71939479668
2776,LOAD,27929113,3580.4932294126206
2777,LOAD,27815383,3595.1329521509733
2778,LOAD,26285283,3804.410247361613
2779,LOAD,29926926,3341.4724920294184
2780,LOAD,30673702,3260.1216507873746
2781,LOAD,33004712,3029.870401535393
2782,LOAD,30362327,3293.5552008250224
2783,LOAD,32026986,3122.366868989795
2784,LOAD,31776463,3146.983350538416
2785,LOAD,30522421,3276.2800827627666
2786,LOAD,31657160,3158.843054778129
2787,LOAD,30597188,3268.2741956548425
2788,LOAD,28202062,3545.8400169462784
2789,LOAD,33122196,3019.123490483542
2790,LOAD,32558000,3071.4417347502917
2791,LOAD,32368245,3089.447697890324
2792,LOAD,32608946,3066.643123025197
2793,LOAD,34145830,2928.6152950448122
2794,LOAD,29333539,3409.067006882463
2795,LOAD,34877536,2867.1750206207225
2796,LOAD,33049432,3025.77060931032
2797,LOAD,32607800,3066.750900091389
2798,LOAD,31373478,3187.4056169354258
2799,LOAD,33459292,2988.7063958197323
2800,LOAD,32255576,3100.2391648501334
2801,LOAD,33006097,3029.743262282723
2802,LOAD,32066385,3118.5305110008503
2803,LOAD,28548798,3502.7744425527126
2804,LOAD,29073710,3439.53351670633
2805,LOAD,32167275,3108.7494977426595
2806,LOAD,31261374,3198.8357261584215
2807,LOAD,31089450,3216.5252199701185
2808,LOAD,32920109,3037.657013833095
2809,LOAD,31356559,3189.1254394335806
2810,LOAD,33676091,2969.465785087705
2811,LOAD,33053361,3025.410940811738
2812,LOAD,32587472,3068.663933182666
2813,LOAD,32766811,3051.8685507723044
2814,LOAD,33806268,2958.031333124378
2815,LOAD,31337596,3191.055242399577
2816,LOAD,32882628,3041.1194628361213
2817,LOAD,34150296,2928.2323058049046
2818,LOAD,34290399,2916.2681950711626
2819,LOAD,40201499,2487.469434908385
2820,LOAD,32447579,3081.8940297518034
2821,LOAD,26203794,3816.241266436456
2822,LOAD,32691016,3058.9443901039967
2823,LOAD,32466863,3080.063509677544
2824,LOAD,32938047,3036.0027113933015
2825,LOAD,31839218,3140.780656107823
2826,LOAD,31432090,3181.46200268579
2827,LOAD,30879490,3238.395452774641
2828,LOAD,32382028,3088.1327136150953
2829,LOAD,28650601,3490.328178456012
2830,LOAD,29229405,3421.212303158412
2831,LOAD,31890935,3135.687304244921
2832,LOAD,33053060,3025.4384919278273
2833,LOAD,30873702,3239.0025660026126
2834,LOAD,34628944,2887.7577092734914
2835,LOAD,32469749,3079.7897452179254
2836,LOAD,33436866,2990.7109117224086
2837,LOAD,33114040,3019.8671016885887
2838,LOAD,31423296,3182.3523541260597
2839,LOAD,32255740,3100.223402098355
2840,LOAD,31137676,3211.5434690758552
2841,LOAD,27186626,3678.279165645638
2842,LOAD,30673659,3260.126221002848
2843,LOAD,33704107,2966.9974641369377
2844,LOAD,32901902,3039.3379689721282
2845,LOAD,32462351,3080.4916131921564
2846,LOAD,27568444,3627.3356595678742
2847,LOAD,30945346,3231.503696872544
2848,LOAD,33009775,3029.4056836194736
2849,LOAD,28269484,3537.3832787326432
2850,LOAD,32452599,3081.4173003524306
2851,LOAD,34109945,2931.696313201326
2852,LOAD,33263429,3006.304611590104
2853,LOAD,32314437,3094.592054938169
2854,LOAD,33292241,3003.7028747929585
2855,LOAD,33476838,2987.1399443400237
2856,LOAD,34013757,2939.986900006371
2857,LOAD,33499231,2985.1431514950295
2858,LOAD,35072218,2851.25964944675
2859,LOAD,35700670,2801.067879118235
2860,LOAD,33831792,2955.7996809628057
2861,LOAD,27943983,3578.587919982631
2862,LOAD,26859808,3723.034803525029
2863,LOAD,25677553,3894.452092066561
2864,LOAD,31443580,3180.2994442744753
2865,LOAD,30679165,3259.541125059955
2866,LOAD,32396065,3086.79464620163
2867,LOAD,28208254,3545.0616688292725
2868,LOAD,28438388,3516.373712884148
2869,LOAD,29279575,3415.3501203483997
2870,LOAD,32506090,3076.34661689548
2871,LOAD,31168194,3208.398921028276
2872,LOAD,33797757,2958.776228848559
2873,LOAD,31787371,3145.903447001012
2874,LOAD,32500800,3076.8473391424213
2875,LOAD,32432503,3083.3266245284863
2876,LOAD,32953561,3034.5734107461103
2877,LOAD,31359404,3188.8361143598268
2878,LOAD,28715892,3482.3922586141503
2879,LOAD,31947334,3130.151642700452
2880,LOAD,33494323,2985.5805713702584
2881,LOAD,28633629,3492.396999346468
2882,LOAD,32864448,3042.8017534327673
2883,LOAD,27067813,3694.424813707705
2884,LOAD,30626226,3265.1754088146545
2885,LOAD,32133644,3112.003108019744
2886,LOAD,34206744,2923.4001341957596
2887,LOAD,33301151,3002.8992090994093
2888,LOAD,32977143,3032.4033831554175
2889,LOAD,33244324,3008.032288459227
2890,LOAD,33678282,2969.272601256798
2891,LOAD,31273735,3197.5713805850182
2892,LOAD,32936802,3036.1174712711936
2893,LOAD,33147482,3016.8204028287882
2894,LOAD,32289832,3096.9501482695855
2895,LOAD,32993939,3030.8596982009335
2896,LOAD,32236951,3102.030337794663
2897,LOAD,32252430,3100.541571596311
2898,LOAD,33010918,3029.300790726268
2899,LOAD,32109234,3114.3689070876
2900,LOAD,33285355,3004.324274143989
2901,LOAD,33925876,2947.60259101342
2902,LOAD,34498598,2898.6685198047758
2903,LOAD,36539355,2736.7751839078715
2904,LOAD,33233091,3009.049022854961
2905,LOAD,31638881,3160.6680400612145
2906,LOAD,32127241,3112.6233341979164
2907,LOAD,27623946,3620.047621002445
2908,LOAD,27455141,3642.3050968851335
2909,LOAD,27333889,3658.4622115060174
2910,LOAD,27733506,3605.7467815284513
2911,LOAD,28322557,3530.754656085607
2912,LOAD,27594990,3623.846212663965
2913,LOAD,26949784,3710.604879059513
2914,LOAD,28745232,3478.8378121282863
2915,LOAD,32103761,3114.899839928412
2916,LOAD,33023736,3028.1249825882815
2917,LOAD,32523764,3074.6748746547296
2918,LOAD,34556580,2893.804884626893
2919,LOAD,34122229,2930.640902738212
2920,LOAD,33109173,3020.3110177351755
2921,LOAD,30905500,3235.6700263707107
2922,LOAD,33183210,3013.572225230772
2923,LOAD,32037952,3121.298140405479
2924,LOAD,32434408,3083.1455286620308
2925,LOAD,29858550,3349.124455139315
2926,LOAD,27635556,3618.5267993160696
2927,LOAD,28887633,3461.6889518085472
2928,LOAD,31184031,3206.769516102649
2929,LOAD,34343169,2911.7872028641273
2930,LOAD,33062809,3024.546401970867
2931,LOAD,32626267,3065.0150689933357
2932,LOAD,31512124,3173.381775217691
2933,LOAD,33536180,2981.854224303424
2934,LOAD,32909928,3038.5967419922645
2935,LOAD,36820350,2715.8894470041705
2936,LOAD,32639169,3063.8034932813393
2937,LOAD,34634919,2887.259531341765
2938,LOAD,32168342,3108.646382831916
2939,LOAD,32560159,3071.2380734995795
2940,LOAD,31378628,3186.882485747943
2941,LOAD,33447362,2989.7724071632315
2942,LOAD,35323333,2830.989929517693
2943,LOAD,35677466,2802.889644684967
2944,LOAD,36665643,2727.348869894359
2945,LOAD,31657169,3158.8421567323344
2946,LOAD,34413971,2905.7966021997286
2947,LOAD,32093998,3115.847393023456
2948,LOAD,34955524,2860.7781705689777
2949,LOAD,31514424,3173.150174028248
2950,LOAD,32628162,3064.8370570184125
2951,LOAD,33519306,2983.3553236454236
2952,LOAD,35145511,2845.313587843409
2953,LOAD,30834922,3243.0761459360915
2954,LOAD,30880994,3238.237732891629
2955,LOAD,32692822,3058.7754094767347
2956,LOAD,32788634,3049.837330826286
2957,LOAD,32401889,3086.239817684703
2958,LOAD,34687955,2882.845068266492
2959,LOAD,32549519,3072.242019920479
2960,LOAD,33213105,3010.859719378842
2961,LOAD,32105937,3114.688725639747
2962,LOAD,31495997,3175.0066524326885
2963,LOAD,31045436,3221.0853795063467
2964,LOAD,33400073,2994.005432263576
2965,LOAD,32498129,3077.100223215927
2966,LOAD,32672742,3060.6552703779803
2967,LOAD,35382978,2826.217736675528
2968,LOAD,35309879,2832.0686117332775
2969,LOAD,32558831,3071.3633422526746
2970,LOAD,33912476,2948.767291423959
2971,LOAD,30889220,3237.3753691417264
2972,LOAD,36801457,2717.2837205874757
2973,LOAD,33106964,3020.5125423158706
2974,LOAD,34344328,2911.6889403106097
2975,LOAD,31477821,3176.8399725000027
2976,LOAD,34492605,2899.1721558867475
2977,LOAD,31419963,3182.6899350581666
2978,LOAD,33321915,3001.0280021421336
2979,LOAD,32843118,3044.777904460837
2980,LOAD,35728168,2798.9120516898597
2981,LOAD,32226589,3103.02775140118
2982,LOAD,32564217,3070.8553502146233
2983,LOAD,33519877,2983.304503175832
2984,LOAD,34914691,2864.1238726701035
2985,LOAD,32387754,3087.58674652154
2986,LOAD,34404454,2906.6004070286945
2987,LOAD,32432531,3083.3239625979236
2988,LOAD,34339176,2912.1257889239973
2989,LOAD,30760485,3250.924034520262
2990,LOAD,31205079,3204.6065321609985
2991,LOAD,32738318,3054.5246704488604
2992,LOAD,32166398,3108.8342561700565
2993,LOAD,33390768,2994.839771280493
2994,LOAD,32111695,3114.130225763542
2995,LOAD,31910257,3133.788612232111
2996,LOAD,33458338,2988.791613020348
2997,LOAD,31169924,3208.2208477633762
2998,LOAD,32632414,3064.4377090827543
2999,LOAD,31309773,3193.8909298384247
3000,LOAD,33303925,3002.649087157144
3001,LOAD,34367865,2909.6948559359157
3002,LOAD,35843199,2789.92954842005
3003,LOAD,31193018,3205.8456158362105
3004,LOAD,31727942,3151.795978447011
3005,LOAD,33975218,2943.321805911591
3006,LOAD,36131785,2767.646270451349
3007,LOAD,31579568,3166.6044323342235
3008,LOAD,33762590,2961.858080200601
3009,LOAD,32327276,3093.363016419942
3010,LOAD,30819410,3244.7084483447284
3011,LOAD,33042421,3026.412622731246
3012,LOAD,32271203,3098.7379057421567
3013,LOAD,34097812,2932.7394965987846
3014,LOAD,31679966,3156.5690442975856
3015,LOAD,33281702,3004.654028811387
3016,LOAD,32682146,3059.7745937491377
3017,LOAD,33989008,2942.127643148632
3018,LOAD,33478651,2986.9781790192205
3019,LOAD,34328551,2913.027118447266
3020,LOAD,34922285,2863.5010567034774
3021,LOAD,34322900,2913.5067258302765
3022,LOAD,36148549,2766.3627660407615
3023,LOAD,31916164,3133.2086149200136
3024,LOAD,33910542,2948.935466734799
3025,LOAD,34461587,2901.7816271781103
3026,LOAD,34497032,2898.800105469943
3027,LOAD,31731454,3151.447141375873
3028,LOAD,34569372,2892.7340652876196
3029,LOAD,31507652,3173.8321852735967
3030,LOAD,34784397,2874.8521930680586
3031,LOAD,31893542,3135.430991013792
3032,LOAD,31229856,3202.0640761199797
3033,LOAD,33185187,3013.3926923479444
3034,LOAD,35778136,2795.0030711493746
3035,LOAD,32571253,3070.191988008567
3036,LOAD,33344676,2998.979507253272
3037,LOAD,31102830,3215.1415160614
3038,LOAD,32455098,3081.1800352597916
3039,LOAD,33349301,2998.563598079612
3040,LOAD,33514357,2983.7958699312057
3041,LOAD,33492269,2985.7636698188467
3042,LOAD,33641890,2972.4846017866416
3043,LOAD,34609094,2889.4139788808106
3044,LOAD,36399864,2747.263011751912
3045,LOAD,31240880,3200.934160625437
3046,LOAD,35459016,2820.157220380848
3047,LOAD,32091358,3116.103718639766
3048,LOAD,36305639,2754.3930572327895
3049,LOAD,31914465,3133.375414565151
3050,LOAD,31225036,3202.5583573386434
3051,LOAD,34045057,2937.2839646002058
3052,LOAD,35165905,2843.663485981663
3053,LOAD,31512949,3173.298696989609
3054,LOAD,30269808,3303.62187959699
3055,LOAD,33848026,2954.3820369317846
3056,LOAD,31894948,3135.2927742663196
3057,LOAD,33218114,3010.405708162721
3058,LOAD,31499578,3174.6457047773783
3059,LOAD,33136075,3017.8589347108855
3060,LOAD,32310645,3094.9552384361255
3061,LOAD,34184304,2925.319175724625
3062,LOAD,34428539,2904.5670511897124
3063,LOAD,34242997,2920.3051356748942
3064,LOAD,31558436,3168.7248379482435
3065,LOAD,28509728,3507.574677667917
3066,LOAD,34967770,2859.7763025780596
3067,LOAD,33132945,3018.144025531084
3068,LOAD,33116884,3019.607762614381
3069,LOAD,33644354,2972.2669069526496
3070,LOAD,34774675,2875.6559191423066
3071,LOAD,33299891,3003.0128326846475
3072,LOAD,34659036,2885.25047263288
3073,LOAD,31565947,3167.970851626913
3074,LOAD,34948128,2861.3835911325496
3075,LOAD,31078400,3217.668863261944
3076,LOAD,33494564,2985.559089528677
3077,LOAD,31556501,3168.919139672678
3078,LOAD,35070108,2851.431196048783
3079,LOAD,29963375,3337.407751963856
3080,LOAD,32719413,3056.289548959818
3081,LOAD,33811920,2957.536868654605
3082,LOAD,32974709,3032.6272174229043
3083,LOAD,36850032,2713.7018497026
3084,LOAD,31880649,3136.6990050923996
3085,LOAD,31699428,3154.6310551723523
3086,LOAD,31533008,3171.2800757859827
3087,LOAD,30853906,3241.080724106698
3088,LOAD,34021312,2939.3340268593993
3089,LOAD,40784928,2451.8861477455594
3090,LOAD,28709441,3483.1747507727514
3091,LOAD,35899174,2785.5794119385587
3092,LOAD,35960555,2780.8247119656526
3093,LOAD,34960440,2860.375899159164
3094,LOAD,33090593,3022.006888785583
3095,LOAD,36071923,2772.2392288317983
3096,LOAD,34570647,2892.6273783652355
3097,LOAD,33989536,2942.081939571049
3098,LOAD,32961649,3033.8287990385434
3099,LOAD,32970788,3032.9878679272088
3100,LOAD,30866789,3239.727980775713
3101,LOAD,35757813,2796.5916148171586
3102,LOAD,33903814,2949.520664548242
3103,LOAD,34560453,2893.480591819789
3104,LOAD,32712288,3056.955233458448
3105,LOAD,36387917,2748.165002135187
3106,LOAD,34346364,2911.5163398373115
3107,LOAD,32830508,3045.94738527957
3108,LOAD,33246716,3007.8158696937166
3109,LOAD,32935642,3036.2244039451243
3110,LOAD,33994248,2941.674132635615
3111,LOAD,35386859,2825.9077755389367
3112,LOAD,32514982,3075.505316287735
3113,LOAD,36487385,2740.673249124321
3114,LOAD,31964381,3128.4822940885356
3115,LOAD,35041814,2853.7335424473176
3116,LOAD,33589307,2977.137932616472
3117,LOAD,33282133,3004.6151188687336
3118,LOAD,28293532,3534.3766907574495
3119,LOAD,33422356,2992.0093006010707
3120,LOAD,33854031,2953.857991091223
3121,LOAD,33938459,2946.5097398794683
3122,LOAD,32952290,3034.6904570213483
3123,LOAD,27390022,3650.9645738875274
3124,LOAD,30676776,3259.794966720101
3125,LOAD,34382064,2908.4932190225695
3126,LOAD,29909216,3343.4510620405426
3127,LOAD,35442632,2821.4608892477286
3128,LOAD,36038666,2774.797491116902
3129,LOAD,33901000,2949.765493643255
3130,LOAD,32000528,3124.948438350767
3131,LOAD,31647384,3159.818833683062
3132,LOAD,38522455,2595.8885538317845
3133,LOAD,35878321,2787.1984310525568
3134,LOAD,33475768,2987.235423545772
3135,LOAD,33928072,2947.41180695443
3136,LOAD,28886837,3461.7843414285894
3137,LOAD,30171030,3314.4377238695533
3138,LOAD,33173082,3014.492292274803
3139,LOAD,32276902,3098.1907743190473
3140,LOAD,33512533,2983.9582701790996
3141,LOAD,34350034,2911.2052698404896
3142,LOAD,30542587,3274.1168912770877
3143,LOAD,29466080,3393.732725900425
3144,LOAD,37140474,2692.480445995385
3145,LOAD,35514444,2815.755752786106
3146,LOAD,30772668,3249.6369830526232
3147,LOAD,33339645,2999.4320575399047
3148,LOAD,26280055,3805.1670744220282
3149,LOAD,30176950,3313.7875100034958
3150,LOAD,29873919,3347.40145743851
3151,LOAD,33870762,2952.398886095329
3152,LOAD,31117203,3213.6564459215692
3153,LOAD,33569290,2978.9131673621932
3154,LOAD,30553620,3272.9345982570967
3155,LOAD,33724739,2965.182325058172
3156,LOAD,31580198,3166.5412610775907
3157,LOAD,34383619,2908.361682346468
3158,LOAD,30914270,3234.752106389703
3159,LOAD,32948859,3035.006462591011
3160,LOAD,29646218,3373.1115382069984
3161,LOAD,28077417,3561.5811810609216
3162,LOAD,31552961,3169.2746680731484
3163,LOAD,34769332,2876.0978209187338
3164,LOAD,32024791,3122.5808780453867
3165,LOAD,33692311,2968.0362382978124
3166,LOAD,32919229,3037.7382167729384
3167,LOAD,31050781,3220.5309103175214
3168,LOAD,32987338,3031.466194695674
3169,LOAD,33781572,2960.193800335875
3170,LOAD,34079706,2934.2976139524208
3171,LOAD,33375095,2996.246153007205
3172,LOAD,32196198,3105.9567965136753
3173,LOAD,32432690,3083.3088467222424
3174,LOAD,32709692,3057.1978482707814
3175,LOAD,33397822,2994.2072270461226
3176,LOAD,31127646,3212.5782977614176
3177,LOAD,33019587,3028.5054746444894
3178,LOAD,33161045,3015.5865112212236
3179,LOAD,32286235,3097.2951785799737
3180,LOAD,32998856,3030.4080844499576
3181,LOAD,33160515,3015.634708930184
3182,LOAD,29377218,3403.9982955499736
3183,LOAD,28979392,3450.728020794915
3184,LOAD,31749122,3149.6933993954226
3185,LOAD,33179892,3013.873583434208
3186,LOAD,33511428,2984.0566627002586
3187,LOAD,33419864,2992.2324040576586
3188,LOAD,34735673,2878.8847707081995
3189,LOAD,32513257,3075.6684880877974
3190,LOAD,33191041,3012.8612115540454
3191,LOAD,33639865,2972.663534767455
3192,LOAD,30474678,3281.4128503671145
3193,LOAD,33330499,3000.2551116921472
3194,LOAD,32887987,3040.6239214336833
3195,LOAD,33578595,2978.087677581507
3196,LOAD,32041791,3120.924170562126
3197,LOAD,33182327,3013.6524180477154
3198,LOAD,29644341,3373.3251145640243
3199,LOAD,32979461,3032.190247135937
3200,LOAD,32630104,3064.6546514225024
3201,LOAD,33708198,2966.637374089235
3202,LOAD,30548165,3273.5190477071205
3203,LOAD,32451437,3081.527637743746
3204,LOAD,30991173,3226.7252356017634
3205,LOAD,30163033,3315.316467014441
3206,LOAD,33215030,3010.685222924682
3207,LOAD,32785340,3050.143753275092
3208,LOAD,32868320,3042.443301026642
3209,LOAD,33541412,2981.389095962925
3210,LOAD,29926131,3341.5612596229025
3211,LOAD,27914996,3582.303934415753
3212,LOAD,29910185,3343.3427442859347
3213,LOAD,32964918,3033.527946285199
3214,LOAD,28641735,3491.408603563995
3215,LOAD,30526642,3275.827062799767
3216,LOAD,31836268,3141.0716859149447
3217,LOAD,32889975,3040.4401341138146
3218,LOAD,32857310,3043.4627789067335
3219,LOAD,31217146,3203.3677902521904
3220,LOAD,32320368,3094.0241769524405
3221,LOAD,34415683,2905.652054035946
3222,LOAD,33277330,3005.04878245941
3223,LOAD,34480473,2900.192233441809
3224,LOAD,32259750,3099.838033462752
3225,LOAD,34149822,2928.2729497096643
3226,LOAD,29440969,3396.6273324767267
3227,LOAD,31967423,3128.1845896680506
3228,LOAD,33997309,2941.4092744811064
3229,LOAD,34454335,2902.3923985182128
3230,LOAD,28968712,3452.0002131955334
3231,LOAD,29669833,3370.4267900665295
3232,LOAD,32852320,3043.925056129978
3233,LOAD,35063948,2851.9321326851154
3234,LOAD,32845411,3044.565342781066
3235,LOAD,35192861,2841.4853796626535
3236,LOAD,30474987,3281.3795786032656
3237,LOAD,32803636,3048.4425567946187
3238,LOAD,35176484,2842.8082806684147
3239,LOAD,33682558,2968.8956521651353
3240,LOAD,33603332,2975.895366566625
3241,LOAD,36306082,2754.3594486455463
3242,LOAD,34161247,2927.293608456389
3243,LOAD,34833586,2870.792573581141
3244,LOAD,34099006,2932.6368047209353
3245,LOAD,29600392,3378.3336382842494
3246,LOAD,32535708,3073.5461481274665
3247,LOAD,30962242,3229.7402752681796
3248,LOAD,32574524,3069.8836919305404
3249,LOAD,32541682,3072.9819067127505
3250,LOAD,32596840,3067.782030405401
3251,LOAD,32399359,3086.4808158704623
3252,LOAD,32513261,3075.668109698378
3253,LOAD,30637023,3264.024706316929
3254,LOAD,28988950,3449.590274915097
3255,LOAD,32447291,3081.9213844385345
3256,LOAD,32312521,3094.7755515578624
3257,LOAD,31793439,3145.3030293451425
3258,LOAD,33368196,2996.8656381663545
3259,LOAD,27884546,3586.2158200459853
3260,LOAD,33169683,3014.801196622832
3261,LOAD,29157180,3429.6869587525266
3262,LOAD,30875021,3238.8641938089695
3263,LOAD,33369408,2996.7567899316646
3264,LOAD,32563065,3070.9639894156153
3265,LOAD,31123957,3212.9590720100273
3266,LOAD,33012378,3029.166817367716
3267,LOAD,34323822,2913.428463764904
3268,LOAD,35783668,2794.5709757870545
3269,LOAD,29364279,3405.498224560528
3270,LOAD,33354617,2998.0856923046067
3271,LOAD,30050090,3327.777054910651
3272,LOAD,31448801,3179.7714641012863
3273,LOAD,35166804,2843.5907909061057
3274,LOAD,34464137,2901.566924481527
3275,LOAD,30701154,3257.206553212951
3276,LOAD,34071468,2935.007085694106
3277,LOAD,31830210,3141.669502023392
3278,LOAD,33630836,2973.4616171896528
3279,LOAD,31215134,3203.574266251748
3280,LOAD,38724334,2582.3555803438735
3281,LOAD,35484759,2818.1112911038795
3282,LOAD,33950234,2945.4877984051595
3283,LOAD,33781734,2960.179604753267
3284,LOAD,33738835,2963.9434793762143
3285,LOAD,33813348,2957.4119664222544
3286,LOAD,34807702,2872.927376820222
3287,LOAD,34478560,2900.3531469991785
3288,LOAD,33676880,2969.396214851257
3289,LOAD,29618252,3376.296480967209
3290,LOAD,33097043,3021.417955676584
3291,LOAD,29221742,3422.1094690384984
3292,LOAD,28402240,3520.849059792467
3293,LOAD,28099149,3558.8266391982193
3294,LOAD,30279890,3302.521904802164
3295,LOAD,26325643,3798.5776833637074
3296,LOAD,32878026,3041.54513412697
3297,LOAD,29721059,3364.6176604945335
3298,LOAD,28440624,3516.0972558126714
3299,LOAD,31839540,3140.748892728978
3300,LOAD,32801310,3048.658727349609
3301,LOAD,30871920,3239.1895288663613
3302,LOAD,33666693,2970.29470640315
3303,LOAD,30105472,3321.655279146595
3304,LOAD,28335581,3529.131800756088
3305,LOAD,26984731,3705.7994018913882
3306,LOAD,29627992,3375.1865465604283
3307,LOAD,31829172,3141.7719568702573
3308,LOAD,34936014,2862.375770744768
3309,LOAD,32973765,3032.714037963211
3310,LOAD,32499398,3076.9800720616427
3311,LOAD,33189876,3012.9669661917387
3312,LOAD,31345091,3190.292221515643
3313,LOAD,33283666,3004.476730417857
3314,LOAD,34974395,2859.234591477565
3315,LOAD,34329996,2912.9045048534235
3316,LOAD,34664915,2884.761148267636
3317,LOAD,29693057,3367.79065894091
3318,LOAD,32948332,3035.055006729931
3319,LOAD,35884708,2786.702346860395
3320,LOAD,35343985,2829.3357412866717
3321,LOAD,34543028,2894.940188798735
3322,LOAD,34732906,2879.1141173157234
3323,LOAD,34138308,2929.2605831548535
3324,LOAD,34174921,2926.1223456815014
3325,LOAD,35553880,2812.6325453086974
3326,LOAD,34714215,2880.664304233871
3327,LOAD,32713446,3056.847022475101
3328,LOAD,37389949,2674.5155496200327
3329,LOAD,32030856,3121.9896215074614
3330,LOAD,35336321,2829.9493883361542
3331,LOAD,31519355,3172.6537551291894
3332,LOAD,33340189,2999.3831168743527
3333,LOAD,30346873,3295.2324280659823
3334,LOAD,32815136,3047.3742360842266
3335,LOAD,33789896,2959.4645689350446
3336,LOAD,34630632,2887.6169513741474
3337,LOAD,35152295,2844.7644741260847
3338,LOAD,36129272,2767.838776269835
3339,LOAD,30766977,3250.2380718131653
3340,LOAD,32202126,3105.3850295474276
3341,LOAD,33484480,2986.4582039201446
3342,LOAD,32577160,3069.6352904918663
3343,LOAD,29386051,3402.975105433527
3344,LOAD,33795458,2958.9775052020304
3345,LOAD,28005426,3570.7366136833625
3346,LOAD,31619307,3162.624658408864
3347,LOAD,32374319,3088.868062367582
3348,LOAD,35121529,2847.2564505947335
3349,LOAD,33962137,2944.4554681585555
3350,LOAD,34134085,2929.6229853532036
3351,LOAD,34524982,2896.4533565868333
3352,LOAD,36675114,2726.644557941933
3353,LOAD,32032912,3121.7892397668998
3354,LOAD,34330536,2912.858686505798
3355,LOAD,31591246,3165.433867344137
3356,LOAD,34063992,2935.651229603389
3357,LOAD,32520158,3075.015810193788
3358,LOAD,35264770,2835.691257875778
3359,LOAD,33425524,2991.7257243297067
3360,LOAD,34918067,2863.8469592260076
3361,LOAD,32855734,3043.608765520198
3362,LOAD,34143511,2928.8142042568497
3363,LOAD,35170932,2843.257039648537
3364,LOAD,32706233,3057.521176468106
3365,LOAD,36193734,2762.9091820147655
3366,LOAD,34499875,2898.5612266711114
3367,LOAD,34808879,2872.8302339181905
3368,LOAD,35228625,2838.6007117791282
3369,LOAD,29990011,3334.4435919013167
3370,LOAD,37888984,2639.2895623698964
3371,LOAD,31267608,3198.1979561724065
3372,LOAD,31788567,3145.78508682068
3373,LOAD,33134456,3018.0063918960973
3374,LOAD,34266228,2918.325296849131
3375,LOAD,34415087,2905.7023740779737
3376,LOAD,34285422,2916.6915314619723
3377,LOAD,34081556,2934.138335702748
3378,LOAD,33873304,2952.177325247044
3379,LOAD,32838432,3045.2123901652794
3380,LOAD,33334045,2999.935951367438
3381,LOAD,33328768,3000.410936281833
3382,LOAD,33160491,3015.6368915044113
3383,LOAD,33208524,3011.2750569703126
3384,LOAD,34196633,2924.2645028824913
3385,LOAD,32486673,3078.185322332022
3386,LOAD,28433801,3516.9409816155076
3387,LOAD,33943177,2946.1001838454895
3388,LOAD,31863906,3138.3471944713874
3389,LOAD,33619697,2974.4467952819446
3390,LOAD,32081504,3117.060846025174
3391,LOAD,34823766,2871.602112189704
3392,LOAD,31910539,3133.7609182972437
3393,LOAD,34639181,2886.904283331641
3394,LOAD,32282928,3097.6124594398625
3395,LOAD,35408939,2824.1456204039323
3396,LOAD,33064077,3024.430411288965
3397,LOAD,35299840,2832.874030023932
3398,LOAD,32201935,3105.4034485815837
3399,LOAD,34366525,2909.808309103117
3400,LOAD,33196253,3012.3881752558036
3401,LOAD,34466697,2901.3514117700342
3402,LOAD,34957853,2860.587576702723
3403,LOAD,31005031,3225.2830193912723
3404,LOAD,32230769,3102.6253205438566
3405,LOAD,34731362,2879.2421097681113
3406,LOAD,33127351,3018.6536798550537
3407,LOAD,34281109,2917.05848839371
3408,LOAD,30516265,3276.9410017903565
3409,LOAD,34241869,2920.4013367377815
3410,LOAD,31669075,3157.654588901002
3411,LOAD,32987602,3031.441933851391
3412,LOAD,35317129,2831.48723668903
3413,LOAD,37066273,2697.8703793607738
3414,LOAD,33615610,2974.8084297741434
3415,LOAD,37989471,2632.308304582604
3416,LOAD,34123234,2930.5545892865844
3417,LOAD,35284486,2834.1067516188277
3418,LOAD,30848418,3241.657319347786
3419,LOAD,31847910,3139.9234675054026
3420,LOAD,33372190,2996.506971822946
3421,LOAD,33159836,3015.696458812402
3422,LOAD,34850677,2869.3847181218316
3423,LOAD,36357981,2750.427753400278
3424,LOAD,31864022,3138.3357694141687
3425,LOAD,35967347,2780.2995867334894
3426,LOAD,34360550,2910.314299392763
3427,LOAD,35136280,2846.0611083472695
3428,LOAD,33974879,2943.3511742602527
3429,LOAD,31875423,3137.213269295281
3430,LOAD,33930573,2947.1945551877357
3431,LOAD,32605807,3066.938352422929
3432,LOAD,32866032,3042.655103603623
3433,LOAD,34949352,2861.2833794457765
3434,LOAD,33979289,2942.969171603326
3435,LOAD,31402080,3184.502427864651
3436,LOAD,33011216,3029.2734445165547
3437,LOAD,34364106,2910.0131398733315
3438,LOAD,33201843,3011.880997088023
3439,LOAD,32085589,3116.6639951661787
3440,LOAD,36612261,2731.3254431350197
3441,LOAD,34518640,2896.9855127548476
3442,LOAD,35449497,2820.9144970378566
3443,LOAD,36026485,2775.735684455478
3444,LOAD,29752621,3361.04842662433
3445,LOAD,31509203,3173.675957465506
3446,LOAD,34103737,2932.229978198577
3447,LOAD,34157413,2927.6221826284095
3448,LOAD,32103882,3114.8880998254353
3449,LOAD,34334603,2912.5136527718114
3450,LOAD,35202594,2840.6997507058713
3451,LOAD,37329001,2678.8822985110155
3452,LOAD,32091974,3116.0439055571965
3453,LOAD,35440002,2821.670269657434
3454,LOAD,29543456,3384.844345901847
3455,LOAD,36932577,2707.6366753394977
3456,LOAD,36899567,2710.058901233177
3457,LOAD,34565773,2893.03525773892
3458,LOAD,32888206,3040.6036741560183
3459,LOAD,31514642,3173.128224017268
3460,LOAD,33462305,2988.4372878676472
3461,LOAD,31406187,3184.0859891714967
3462,LOAD,30921332,3234.0133342250583
3463,LOAD,34262306,2918.6593570205114
3464,LOAD,30960612,3229.9103131423885
3465,LOAD,32238925,3101.8403994550067
3466,LOAD,33778016,2960.5054364353427
3467,LOAD,36776706,2719.112472987657
3468,LOAD,31790428,3145.6009337150163
3469,LOAD,33689489,2968.2848558492533
3470,LOAD,31411772,3183.519860006624
3471,LOAD,33834109,2955.59726428735
3472,LOAD,35721091,2799.466567244545
3473,LOAD,35484535,2818.1290807389755
3474,LOAD,32889900,3040.447067336781
3475,LOAD,34320690,2913.694334233956
3476,LOAD,32565746,3070.711169951396
3477,LOAD,34349427,2911.25671470444
3478,LOAD,35714947,2799.9481561599405
3479,LOAD,31270937,3197.8574866496647
3480,LOAD,33036982,3026.910872185601
3481,LOAD,34021889,2939.2841767251666
3482,LOAD,30074466,3325.079820203624
3483,LOAD,34548527,2894.47940863007
3484,LOAD,33864594,2952.9366275585644
3485,LOAD,33866667,2952.7558764492533
3486,LOAD,37591183,2660.1982704295315
3487,LOAD,38326750,2609.1437442517304
3488,LOAD,35430391,2822.435688050973
3489,LOAD,34497071,2898.796828287248
3490,LOAD,36106847,2769.5578071383525
3491,LOAD,34367767,2909.7031529572464
3492,LOAD,36046038,2774.2299999794704
3493,LOAD,34977216,2859.0039870526
3494,LOAD,32766613,3051.886992409011
3495,LOAD,33905305,2949.3909581406215
3496,LOAD,31031483,3222.533708749917
3497,LOAD,33530717,2982.3400436083725
3498,LOAD,33195309,3012.4738408068442
3499,LOAD,35478963,2818.571670203551
3500,LOAD,32939011,3035.913859101598
3501,LOAD,34076196,2934.5998596791733
3502,LOAD,30959427,3230.033940873647
3503,LOAD,33077508,3023.2023524867714
3504,LOAD,33191987,3012.775342434305
3505,LOAD,35961745,2780.732692476408
3506,LOAD,31209880,3204.1135691646364
3507,LOAD,30021293,3330.969122482499
3508,LOAD,33749378,2963.017570279369
3509,LOAD,31218685,3203.209872549084
3510,LOAD,34241345,2920.4460280400785
3511,LOAD,32186118,3106.929515389212
3512,LOAD,33221720,3010.0789483506574
3513,LOAD,32948304,3035.0575859686132
3514,LOAD,30290271,3301.3900734001354
3515,LOAD,34915366,2864.0685021030567
3516,LOAD,31542088,3170.367161489119
3517,LOAD,31230754,3201.9720049026037
3518,LOAD,32291439,3096.7960269593436
3519,LOAD,33836035,2955.429027071287
3520,LOAD,34414151,2905.7814037022154
3521,LOAD,33493045,2985.694492692438
3522,LOAD,34323928,2913.419466443351
3523,LOAD,32964861,3033.5331916005957
3524,LOAD,35030188,2854.6806542973736
3525,LOAD,33730762,2964.6528590133835
3526,LOAD,33298150,3003.1698457722123
3527,LOAD,33875578,2951.979151470124
3528,LOAD,34183888,2925.3547753257326
3529,LOAD,34966233,2859.9020088895477
3530,LOAD,36946963,2706.58240570409
3531,LOAD,33546403,2980.9455279005624
3532,LOAD,33862034,2953.1598722037784
3533,LOAD,28750906,3478.1512624332604
3534,LOAD,35852194,2789.229579645809
3535,LOAD,31198842,3205.247169109674
3536,LOAD,34618103,2888.662039049338
3537,LOAD,33126622,3018.7201097654934
3538,LOAD,35210014,2840.1011144159156
3539,LOAD,30856444,3240.8141391794857
3540,LOAD,33691436,2968.113321141907
3541,LOAD,36957191,2705.8333518908407
3542,LOAD,34962705,2860.190594520647
3543,LOAD,35436337,2821.9621006539137
3544,LOAD,32298476,3096.121315445348
3545,LOAD,37333332,2678.5715242346973
3546,LOAD,36450869,2743.4188194525623
3547,LOAD,31654678,3159.090735340919
3548,LOAD,29730510,3363.5480857879666
3549,LOAD,33688596,2968.363537619674
3550,LOAD,31817196,3142.95452056806
3551,LOAD,29852544,3349.7982617494845
3552,LOAD,33753912,2962.6195624376815
3553,LOAD,31403939,3184.313916798781
3554,LOAD,31828143,3141.8735299762857
3555,LOAD,34363770,2910.041593224492
3556,LOAD,32942722,3035.571863187262
3557,LOAD,34515811,2897.22295674872
3558,LOAD,33238040,3008.6009885059407
3559,LOAD,33214138,3010.766077987633
3560,LOAD,33255646,3007.0081934357854
3561,LOAD,33094155,3021.681623235281
3562,LOAD,33431686,2991.1743009311585
3563,LOAD,31791595,3145.485465576672
3564,LOAD,31809650,3143.7001035849185
3565,LOAD,34517201,2897.106286225236
3566,LOAD,33565187,2979.2773089570455
3567,LOAD,34076932,2934.536477638304
3568,LOAD,32295123,3096.4427662963226
3569,LOAD,34895165,2865.7265268698397
3570,LOAD,33678026,2969.295171872603
3571,LOAD,35634191,2806.2935398196637
3572,LOAD,34093733,2933.0903717700844
3573,LOAD,34804122,2873.2228900933055
3574,LOAD,35501757,2816.761998568127
3575,LOAD,35040334,2853.8540757060136
3576,LOAD,33140219,3017.4815682419
3577,LOAD,35360426,2828.0202280368453
3578,LOAD,31686049,3155.963054907855
3579,LOAD,35492089,2817.5292809617376
3580,LOAD,35487512,2817.8926716530596
3581,LOAD,34884448,2866.606918934191
3582,LOAD,35169555,2843.3683622098715
3583,LOAD,37090871,2696.0812001422128
3584,LOAD,33972867,2943.5254905039365
3585,LOAD,36234324,2759.814147491754
3586,LOAD,35010604,2856.2774866723234
3587,LOAD,36416056,2746.0414713773507
3588,LOAD,30306990,3299.56884533898
3589,LOAD,35057340,2852.469696788176
3590,LOAD,35934201,2782.864157742091
3591,LOAD,34695145,2882.2476458882074
3592,LOAD,34040426,2937.683564829653
3593,LOAD,32960796,3033.9073121899123
3594,LOAD,30947120,3231.3184554814793
3595,LOAD,31819264,3142.7502534313803
3596,LOAD,34197827,2924.1624036521384
3597,LOAD,33065527,3024.2977830052428
3598,LOAD,30497629,3278.943422126356
3599,LOAD,32421528,3084.3703603358854
3600,LOAD,34181875,2925.5270519829587
3601,LOAD,34169286,2926.6049047673982
3602,LOAD,30039572,3328.9422365937835
3603,LOAD,32263266,3099.5002179878506
3604,LOAD,34147966,2928.432106322233
3605,LOAD,33116976,3019.599374049128
3606,LOAD,29065388,3440.5183237189194
3607,LOAD,28579900,3498.962557601671
3608,LOAD,32146193,3110.7882665919415
3609,LOAD,34970988,2859.5131484417884
3610,LOAD,29003902,3447.8119530261824
3611,LOAD,33169984,3014.773838902063
3612,LOAD,31285908,3196.327241005759
3613,LOAD,33749043,2963.0469818062693
3614,LOAD,33028295,3027.7070009214826
3615,LOAD,34967944,2859.762072371198
3616,LOAD,33963779,2944.313116629336
3617,LOAD,34707129,2881.25243663917
3618,LOAD,34334941,2912.4849814071326
3619,LOAD,33037861,3026.830338683246
3620,LOAD,31286366,3196.2804500848706
3621,LOAD,33658593,2971.0095130833306
3622,LOAD,33245280,3007.9457895978016
3623,LOAD,33388914,2995.00606698379
3624,LOAD,31110719,3214.3262262759017
3625,LOAD,33981479,2942.779506448204
3626,LOAD,32637767,3063.9351031582523
3627,LOAD,35325459,2830.819551417577
3628,LOAD,34775172,2875.614820826767
3629,LOAD,33234302,3008.9393783567352
3630,LOAD,32574857,3069.8523097123652
3631,LOAD,34338098,2912.2172113318566
3632,LOAD,30713201,3255.9289407834763
3633,LOAD,35448596,2820.986196463183
3634,LOAD,30305687,3299.7107110622505
3635,LOAD,32032175,3121.8610662560377
3636,LOAD,33804269,2958.20625495555
3637,LOAD,31748895,3149.715919246953
3638,LOAD,32526864,3074.3818401921562
3639,LOAD,32899611,3039.5496165592963
3640,LOAD,33616386,2974.739759354263
3641,LOAD,33431537,2991.1876322048847
3642,LOAD,30795541,3247.223356134578
3643,LOAD,33671755,2969.848170967032
3644,LOAD,32135601,3111.8135926569416
3645,LOAD,34429681,2904.4707094439823
3646,LOAD,32082012,3117.011489179669
3647,LOAD,34002448,2940.964721128314
3648,LOAD,27588023,3624.7613683662653
3649,LOAD,34912255,2864.323716700626
3650,LOAD,31854871,3139.2373241756336
3651,LOAD,34159687,2927.427291707913
3652,LOAD,30375079,3292.172507600721
3653,LOAD,31059399,3219.6373149396745
3654,LOAD,35693355,2801.6419302696536
3655,LOAD,34621574,2888.3724350602893
3656,LOAD,33111644,3020.0856230515164
3657,LOAD,34800060,2873.5582639800045
3658,LOAD,34036841,2937.992982368722
3659,LOAD,35855629,2788.962369060657
3660,LOAD,33491652,2985.818675053712
3661,LOAD,31143160,3210.9779482878425
3662,LOAD,31899621,3134.833482817868
3663,LOAD,35512600,2815.9019615573065
3664,LOAD,35639961,2805.839209532244
3665,LOAD,35201338,2840.801108185149
3666,LOAD,32636180,3064.0840931751204
3667,LOAD,34627710,2887.860617984845
3668,LOAD,34060021,2935.993492194265
3669,LOAD,33251305,3007.400762165575
3670,LOAD,36075181,2771.9888640336967
3671,LOAD,34378359,2908.80667108049
3672,LOAD,31048985,3220.717198968018
3673,LOAD,33514154,2983.813943207398
3674,LOAD,26378439,3790.974894306672
3675,LOAD,29575343,3381.194936606483
3676,LOAD,30276767,3302.8625546446224
3677,LOAD,22032976,4538.651519431601
3678,LOAD,31999783,3125.0211915499553
3679,LOAD,28462001,3513.456415098854
3680,LOAD,32654541,3062.361219531458
3681,LOAD,30274390,3303.121879582049
3682,LOAD,30948098,3231.2163416310755
3683,LOAD,34421395,2905.169880535057
3684,LOAD,35647237,2805.266506349426
3685,LOAD,32358663,3090.3625406278375
3686,LOAD,33111761,3020.074951616134
3687,LOAD,27179394,3679.257896625657
3688,LOAD,31646696,3159.887528227275
3689,LOAD,33738289,2963.9914460392465
3690,LOAD,34423334,2905.0062379198944
3691,LOAD,34547902,2894.5317721463953
3692,LOAD,33763389,2961.7879887590666
3693,LOAD,34334949,2912.4843028017895
3694,LOAD,34439907,2903.608305330209
3695,LOAD,29591531,3379.345259290572
3696,LOAD,34371036,2909.4264135651893
3697,LOAD,33814801,2957.2848883540673
3698,LOAD,33088519,3022.1963092394676
3699,LOAD,34706174,2881.331719249722
3700,LOAD,26842458,3725.4412393976736
3701,LOAD,35189491,2841.757500840237
3702,LOAD,31483723,3176.2444358947005
3703,LOAD,33652025,2971.5893768651367
3704,LOAD,31376391,3187.1096965868383
3705,LOAD,32988993,3031.3141113461693
3706,LOAD,32827143,3046.2596150996146
3707,LOAD,34552794,2894.1219630458827
3708,LOAD,35199544,2840.9458940718096
3709,LOAD,35243404,2837.4103704625127
3710,LOAD,34830799,2871.0222811713274
3711,LOAD,34929671,2862.8955594800764
3712,LOAD,47566737,2102.3094352677585
3713,LOAD,36442343,2744.0606659127266
3714,LOAD,33543760,2981.1804043434604
3715,LOAD,30011561,3332.049272611978
3716,LOAD,32793216,3049.4111952911235
3717,LOAD,32166521,3108.822368449482
3718,LOAD,33954097,2945.1526865815335
3719,LOAD,33176834,3014.1513804481765
3720,LOAD,31797001,3144.950682613118
3721,LOAD,33220950,3010.148716397334
3722,LOAD,32183197,3107.2115054324777
3723,LOAD,33680043,2969.117349404809
3724,LOAD,33519403,2983.34669027369
3725,LOAD,33459642,2988.675132866036
3726,LOAD,34432940,2904.1958078514353
3727,LOAD,30493476,3279.389991485392
3728,LOAD,32458825,3080.826246791127
3729,LOAD,34341934,2911.8919161629046
3730,LOAD,34477668,2900.4281844120082
3731,LOAD,29886702,3345.969722587658
3732,LOAD,34149024,2928.3413780727674
3733,LOAD,30884119,3237.9100728112076
3734,LOAD,32403459,3086.0902843736526
3735,LOAD,32598360,3067.638985519517
3736,LOAD,35561415,2812.03658515838
3737,LOAD,30977660,3228.1327898879385
3738,LOAD,33872878,2952.214453109063
3739,LOAD,37907178,2638.022804018806
3740,LOAD,36789327,2718.1796503099936
3741,LOAD,36518103,2738.367871956547
3742,LOAD,31617992,3162.7561927398806
3743,LOAD,33476439,2987.1755475545056
3744,LOAD,31001443,3225.656302514693
3745,LOAD,34510662,2897.6552231887063
3746,LOAD,31110425,3214.3566023286407
3747,LOAD,34807167,2872.9715348566
3748,LOAD,32233487,3102.363700210281
3749,LOAD,33822945,2956.5728235669603
3750,LOAD,34517642,2897.0692725766144
3751,LOAD,33573205,2978.565793763211
3752,LOAD,36144830,2766.6474015785934
3753,LOAD,34428250,2904.5914329075686
3754,LOAD,35262084,2835.9072594801823
3755,LOAD,35490155,2817.6828193621586
3756,LOAD,35509746,2816.1282820778274
3757,LOAD,33216964,3010.50993100995
3758,LOAD,30727250,3254.440276952868
3759,LOAD,32963223,3033.683933151804
3760,LOAD,31136210,3211.6946796029447
3761,LOAD,31414641,3183.229119186815
3762,LOAD,32445443,3082.096921900558
3763,LOAD,30436655,3285.5121563128405
3764,LOAD,34137471,2929.332404266268
3765,LOAD,36304945,2754.445709806199
3766,LOAD,31484506,3176.165444679361
3767,LOAD,33285349,3004.3248157019475
3768,LOAD,26377520,3791.1069729072333
3769,LOAD,29740533,3362.4145202777636
3770,LOAD,30395544,3289.955922486533
3771,LOAD,34259614,2918.8886950098154
3772,LOAD,33104613,3020.7270509400005
3773,LOAD,34169850,2926.556598872983
3774,LOAD,28389572,3522.4201337026143
3775,LOAD,34164148,2927.0450414861803
3776,LOAD,31583708,3166.189353067727
3777,LOAD,33465206,2988.178229053782
3778,LOAD,32996082,3030.66285263808
3779,LOAD,34559425,2893.5666609036466
3780,LOAD,33649634,2971.8005253786714
3781,LOAD,33238004,3008.604247114237
3782,LOAD,33715908,2965.9589769909207
3783,LOAD,33737562,2964.055316148808
3784,LOAD,29628668,3375.109539180094
3785,LOAD,35103227,2848.7409433896205
3786,LOAD,32198461,3105.7385009799073
3787,LOAD,34282665,2916.9260907808657
3788,LOAD,32036846,3121.405896198396
3789,LOAD,34164915,2926.979329525626
3790,LOAD,34065817,2935.4939586506907
3791,LOAD,34043822,2937.3905197835893
3792,LOAD,31366168,3188.1484534546908
3793,LOAD,31757768,3148.8359005582506
3794,LOAD,34180999,2925.6020281911597
3795,LOAD,34775587,2875.5805042198135
3796,LOAD,32269391,3098.911906952319
3797,LOAD,34160564,2927.352136223512
3798,LOAD,29838053,3351.4251080658646
3799,LOAD,35057957,2852.4194949523157
3800,LOAD,30532666,3275.180752312949
3801,LOAD,34330940,2912.82440853644
3802,LOAD,30494753,3279.252663564778
3803,LOAD,30086078,3323.7964749011157
3804,LOAD,36120628,2768.501145661144
3805,LOAD,34676644,2883.785408991712
3806,LOAD,30710668,3256.1974881171586
3807,LOAD,31607371,3163.8189712140247
3808,LOAD,29540549,3385.1774386454363
3809,LOAD,32712343,3056.9500937306752
3810,LOAD,33148554,3016.7228410626903
3811,LOAD,31241443,3200.8764768003834
3812,LOAD,34377784,2908.8553235426693
3813,LOAD,32450007,3081.6634338476415
3814,LOAD,33136973,3017.777151823735
3815,LOAD,27766879,3601.413036013158
3816,LOAD,34040498,2937.6773512537916
3817,LOAD,30979739,3227.9161551361035
3818,LOAD,32973898,3032.701805531151
3819,LOAD,30875308,3238.8340870963943
3820,LOAD,33722683,2965.363105895222
3821,LOAD,31628675,3161.687930335368
3822,LOAD,33937462,2946.596301161236
3823,LOAD,32714816,3056.7190107381316
3824,LOAD,33616660,2974.7155130819065
3825,LOAD,31577309,3166.830967135293
3826,LOAD,37608730,2658.9571091605594
3827,LOAD,36414969,2746.1234417088203
3828,LOAD,34041381,2937.601150787625
3829,LOAD,33817020,2957.090837690607
3830,LOAD,34266707,2918.284502797424
3831,LOAD,34690620,2882.6236025761427
3832,LOAD,36706477,2724.314839585395
3833,LOAD,33180870,3013.7847500683374
3834,LOAD,36993696,2703.1632632759915
3835,LOAD,33132994,3018.139562032939
3836,LOAD,36222022,2760.751456669095
3837,LOAD,31385149,3186.2203362488417
3838,LOAD,33931586,2947.10656908286
3839,LOAD,35184695,2842.144858723374
3840,LOAD,34556967,2893.7724771968556
3841,LOAD,36010762,2776.9476247128564
3842,LOAD,33904619,2949.4506338502138
3843,LOAD,30812251,3245.4623324988493
3844,LOAD,31934917,3131.368714689316
3845,LOAD,29851733,3349.88926773531
3846,LOAD,24756439,4039.353155758791
3847,LOAD,32684632,3059.5418666485216
3848,LOAD,33246309,3007.8526912566444
3849,LOAD,31645608,3159.996167556648
3850,LOAD,33181298,3013.745875764113
3851,LOAD,33091775,3021.8989461882898
3852,LOAD,30092040,3323.137946114654
3853,LOAD,35510669,2816.0550847408704
3854,LOAD,32715626,3056.643330009947
3855,LOAD,35361048,2827.9704832277594
3856,LOAD,30994870,3226.3403589045543
3857,LOAD,30449608,3284.1145278454815
3858,LOAD,34633909,2887.3437300998858
3859,LOAD,33797561,2958.7933874873397
3860,LOAD,31029537,3222.7358081430602
3861,LOAD,30601313,3267.833638380157
3862,LOAD,33658874,2970.984709708352
3863,LOAD,34277876,2917.333617753912
3864,LOAD,29313744,3411.3690833896894
3865,LOAD,35370075,2827.248740637389
3866,LOAD,31166891,3208.5330551577954
3867,LOAD,34547555,2894.5608451886105
3868,LOAD,32159039,3109.5456552666265
3869,LOAD,33988502,2942.171443742946
3870,LOAD,31163803,3208.850986511499
3871,LOAD,33555645,2980.124506621762
3872,LOAD,40029549,2498.1545507794754
3873,LOAD,35604445,2808.6380787567396
3874,LOAD,35313171,2831.8045977802444
3875,LOAD,34465179,2901.4792002095796
3876,LOAD,36218679,2761.0062752426725
3877,LOAD,34178975,2925.775275589745
3878,LOAD,33486379,2986.2888429949385
3879,LOAD,38476018,2599.0215515545297
3880,LOAD,37939245,2635.7930949864713
3881,LOAD,35577702,2810.749272114315
3882,LOAD,36343353,2751.5347854668225
3883,LOAD,34625649,2888.0325102354036
3884,LOAD,35088204,2849.960630643848
3885,LOAD,33841527,2954.9494028446175
3886,LOAD,32867386,3042.5297588314447
3887,LOAD,32424037,3084.131689092262
3888,LOAD,33041839,3026.4659300591593
3889,LOAD,33316603,3001.5064861204487
3890,LOAD,33986826,2942.3165317055496
3891,LOAD,34122797,2930.592119983599
3892,LOAD,29743415,3362.0887177884583
3893,LOAD,36054858,2773.5513477823156
3894,LOAD,36322581,2753.1083212396165
3895,LOAD,31880921,3136.67224356536
3896,LOAD,33766550,2961.5107258514713
3897,LOAD,35582667,2810.357076382161
3898,LOAD,32937874,3036.0186574276167
3899,LOAD,35149378,2845.0005573356093
3900,LOAD,35864591,2788.2654510126713
3901,LOAD,31212859,3203.807763973175
3902,LOAD,33440091,2990.4224841971873
3903,LOAD,28567273,3500.5091315506384
3904,LOAD,31694818,3155.0898951368013
3905,LOAD,35494345,2817.350200433337
3906,LOAD,34444120,2903.2531532232497
3907,LOAD,33807649,2957.910501259641
3908,LOAD,34640920,2886.7593585851646
3909,LOAD,34106010,2932.0345593049433
3910,LOAD,39407342,2537.5981968030223
3911,LOAD,33250654,3007.459642748681
3912,LOAD,33525848,2982.7731725085673
3913,LOAD,34192067,2924.6550084263695
3914,LOAD,36282947,2756.115703611396
3915,LOAD,30369718,3292.7536567840375
3916,LOAD,34869978,2867.796475237237
3917,LOAD,31536458,3170.9331466457015
3918,LOAD,34437698,2903.7945567674124
3919,LOAD,33787514,2959.6732094583817
3920,LOAD,36475041,2741.600756528279
3921,LOAD,35784927,2794.4726560431436
3922,LOAD,34836814,2870.526564225994
3923,LOAD,34025191,2938.9989317032787
3924,LOAD,35581841,2810.422316259577
3925,LOAD,37290169,2681.6719441523583
3926,LOAD,35355610,2828.4054496584845
3927,LOAD,34497674,2898.7461589439336
3928,LOAD,34844951,2869.856238282556
3929,LOAD,32812276,3047.639852840443
3930,LOAD,34545129,2894.7641214482073
3931,LOAD,31531208,3171.4611124318485
3932,LOAD,33943680,2946.056526575787
3933,LOAD,30905155,3235.7061467577173
3934,LOAD,33702834,2967.1095315011194
3935,LOAD,28646046,3490.8831745924026
3936,LOAD,31457332,3178.9091331712425
3937,LOAD,33433836,2990.9819501417664
3938,LOAD,29126485,3433.301340687007
3939,LOAD,27571441,3626.9413702388642
3940,LOAD,28278410,3536.266713722589
3941,LOAD,29272874,3416.1319452268335
3942,LOAD,33254048,3007.152693109723
3943,LOAD,30230539,3307.913233038948
3944,LOAD,34310319,2914.57505830826
3945,LOAD,31172539,3207.951716733757
3946,LOAD,34364412,2909.9872274840613
3947,LOAD,28563221,3501.005716407124
3948,LOAD,31992109,3125.7707955421133
3949,LOAD,35920693,2783.91065562126
3950,LOAD,34641379,2886.7211088796435
3951,LOAD,32925328,3037.175514242409
3952,LOAD,35057812,2852.431292631725
3953,LOAD,27557632,3628.7588135294063
3954,LOAD,32987765,3031.4269548118823
3955,LOAD,28840549,3467.3403755247514
3956,LOAD,31210234,3204.0772267199277
3957,LOAD,32382634,3088.074923120831
3958,LOAD,32405804,3085.866963831541
3959,LOAD,31588529,3165.706133387851
3960,LOAD,32340678,3092.081124582484
3961,LOAD,33606439,2975.6202375384078
3962,LOAD,37299420,2681.0068360312307
3963,LOAD,32553128,3071.901416048252
3964,LOAD,33072766,3023.635821690874
3965,LOAD,32815807,3047.311925012236
3966,LOAD,32762793,3052.242829236201
3967,LOAD,33301580,3002.860524936054
3968,LOAD,33651593,2971.627524438442
3969,LOAD,34975860,2859.1148294852505
3970,LOAD,34015221,2939.8603642763337
3971,LOAD,29960748,3337.700380511194
3972,LOAD,30523998,3276.110816151934
3973,LOAD,31457975,3178.844156370523
3974,LOAD,32574007,3069.9324157448605
3975,LOAD,28362978,3525.722863092867
3976,LOAD,31179862,3207.198287150854
3977,LOAD,31080820,3217.4183306618033
3978,LOAD,32036978,3121.3930352606912
3979,LOAD,32308197,3095.189743952595
3980,LOAD,34397943,2907.150581649606
3981,LOAD,32877509,3041.5929625325325
3982,LOAD,33701743,2967.205583402615
3983,LOAD,31764076,3148.2105759978663
3984,LOAD,32462953,3080.4344878914744
3985,LOAD,30770523,3249.8635138570767
3986,LOAD,32320789,3093.983875207997
3987,LOAD,29719540,3364.7896299875433
3988,LOAD,33693516,2967.930090762864
3989,LOAD,30686197,3258.794173810459
3990,LOAD,33360457,2997.5608547568754
3991,LOAD,31157678,3209.481784874983
3992,LOAD,33147787,3016.7926444079058
3993,LOAD,29161400,3429.1906424245753
3994,LOAD,31195505,3205.5900361286026
3995,LOAD,31573697,3167.193249494983
3996,LOAD,33874529,2952.0705660586455
3997,LOAD,30588675,3269.183774714008
3998,LOAD,32268513,3098.9962258254664
3999,LOAD,32802493,3048.5487795089234
4000,LOAD,34839204,2870.329643581983
4001,LOAD,29129133,3432.9892345233893
4002,LOAD,22478719,4448.652078439168
4003,LOAD,34946207,2861.5408819618106
4004,LOAD,34834910,2870.6834609304287
4005,LOAD,31619480,3162.6073547066558
4006,LOAD,34368425,2909.6474452931725
4007,LOAD,33927276,2947.4809589782567
4008,LOAD,32149919,3110.427743223863
4009,LOAD,30674503,3260.0365195810996
4010,LOAD,32502653,3076.671925827101
4011,LOAD,33533479,2982.0944018364453
4012,LOAD,33165260,3015.203257866816
4013,LOAD,31727102,3151.8794247265323
4014,LOAD,30625498,3265.253025436517
4015,LOAD,30842562,3242.272804704097
4016,LOAD,28217833,3543.858240283724
4017,LOAD,30890453,3237.246148510674
4018,LOAD,28249418,3539.8959369711615
4019,LOAD,30545002,3273.8580275751824
4020,LOAD,29795856,3356.1714085341264
4021,LOAD,32187230,3106.82217761516
4022,LOAD,31436643,3181.0012284072445
4023,LOAD,32432220,3083.3535292989504
4024,LOAD,28393219,3521.967692356404
4025,LOAD,31207076,3204.4014633091547
4026,LOAD,27147086,3683.6366157310586
4027,LOAD,30354292,3294.4270286389815
4028,LOAD,30450131,3284.058121129265
4029,LOAD,32438316,3082.7740872861586
4030,LOAD,29102115,3436.176374122637
4031,LOAD,31238607,3201.167068685233
4032,LOAD,32333016,3092.8138593690114
4033,LOAD,32253813,3100.4086245554904
4034,LOAD,31792203,3145.4253107279164
4035,LOAD,32921929,3037.4890851626587
4036,LOAD,32915776,3038.0568879797943
4037,LOAD,37594043,2659.9958934983397
4038,LOAD,32350266,3091.1646908869316
4039,LOAD,33406504,2993.4290639930477
4040,LOAD,32621395,3065.4728284918533
4041,LOAD,33717095,2965.854561313779
4042,LOAD,31803694,3144.288836384855
4043,LOAD,31203621,3204.7562685112734
4044,LOAD,31354501,3189.3347624955027
4045,LOAD,33146017,3016.953741380148
4046,LOAD,30262014,3304.472729409219
4047,LOAD,32343023,3091.8569361930086
4048,LOAD,32326418,3093.4451197160165
4049,LOAD,33981445,2942.7824508345657
4050,LOAD,28952273,3453.960246920855
4051,LOAD,33781789,2960.1747852963026
4052,LOAD,31585469,3166.012826974328
4053,LOAD,34637904,2887.0107151980096
4054,LOAD,35148744,2845.0518743998364
4055,LOAD,34106926,2931.9558144876496
4056,LOAD,32648774,3062.902147566092
4057,LOAD,32406082,3085.840491300368
4058,LOAD,28721886,3481.665514583548
4059,LOAD,30798380,3246.924026523473
4060,LOAD,31817775,3142.8973270443958
4061,LOAD,31219814,3203.0940350893825
4062,LOAD,30604070,3267.5392521321514
4063,LOAD,30588924,3269.157162899878
4064,LOAD,30330643,3296.9957148616995
4065,LOAD,33531608,2982.260797036635
4066,LOAD,31742482,3150.352262938985
4067,LOAD,32546878,3072.491315449672
4068,LOAD,32337272,3092.4068053730693
4069,LOAD,33543665,2981.1888474321454
4070,LOAD,32012756,3123.7547932455423
4071,LOAD,32074174,3117.7731965911266
4072,LOAD,28304115,3533.055175899335
4073,LOAD,33796358,2958.898707369593
4074,LOAD,33169521,3014.815920917278
4075,LOAD,33026319,3027.888151870634
4076,LOAD,32060489,3119.1040161614505
4077,LOAD,32235248,3102.194219197569
4078,LOAD,31005414,3225.243178497794
4079,LOAD,33604453,2975.796094642576
4080,LOAD,30479267,3280.9187963739414
4081,LOAD,34224626,2921.87268898132
4082,LOAD,34510335,2897.682679695807
4083,LOAD,34767531,2876.2468062514995
4084,LOAD,30533465,3275.095047352143
4085,LOAD,33271054,3005.615632134768
4086,LOAD,32027112,3122.3545850777928
4087,LOAD,33941152,2946.275954334137
4088,LOAD,32267248,3099.1177183749915
4089,LOAD,33208093,3011.3141395984408
4090,LOAD,32507904,3076.174951174951
4091,LOAD,32623330,3065.291004934199
4092,LOAD,33738817,2963.945060670029
4093,LOAD,33184539,3013.4515353671177
4094,LOAD,35394824,2825.271853308269
4095,LOAD,33903550,2949.5436318615602
4096,LOAD,33466394,2988.0721538149583
4097,LOAD,34434360,2904.076044973683
4098,LOAD,33127968,3018.5974581960477
4099,LOAD,32765705,3051.971566001708
4100,LOAD,32165952,3108.8773620006646
4101,LOAD,32926508,3037.0666698090185
4102,LOAD,30434787,3285.7138116327214
4103,LOAD,32931880,3036.571249500484
4104,LOAD,30179380,3313.520688629124
4105,LOAD,30890983,3237.190606721709
4106,LOAD,30507377,3277.8957037178257
4107,LOAD,31839894,3140.713973482449
4108,LOAD,33340880,2999.320953736074
4109,LOAD,34361593,2910.2259607114256
4110,LOAD,29993308,3334.077054788355
4111,LOAD,32752496,3053.2024185271252
4112,LOAD,32575783,3069.7650460159316
4113,LOAD,30946307,3231.4033464477684
4114,LOAD,30837388,3242.8168040691385
4115,LOAD,29225643,3421.6526904130046
4116,LOAD,28031693,3567.3906674134882
4117,LOAD,33911083,2948.888420933062
4118,LOAD,33580459,2977.9223684822177
4119,LOAD,36584783,2733.376879671529
4120,LOAD,34458965,2902.0024252034264
4121,LOAD,32197511,3105.8301369941296
4122,LOAD,30404231,3289.015926763614
4123,LOAD,30999965,3225.8100936565575
4124,LOAD,33218934,3010.3313971483853
4125,LOAD,34684921,2883.097239863974
4126,LOAD,33935687,2946.750422350371
4127,LOAD,34075063,2934.697435482364
4128,LOAD,32328317,3093.26340743318
4129,LOAD,34605836,2889.6860055627612
4130,LOAD,33546302,2980.954502824186
4131,LOAD,35015193,2855.903150383892
4132,LOAD,35121799,2847.2345622159046
4133,LOAD,33810381,2957.671491486594
4134,LOAD,32198195,3105.764158518824
4135,LOAD,34371446,2909.3917084547443
4136,LOAD,32427667,3083.7864469250903
4137,LOAD,35756637,2796.6835919160967
4138,LOAD,32689514,3059.0849408161894
4139,LOAD,33995640,2941.5536815897567
4140,LOAD,32990518,3031.173987628809
4141,LOAD,32650682,3062.723161494758
4142,LOAD,32541423,3073.006364841513
4143,LOAD,31677284,3156.836299475675
4144,LOAD,31688115,3155.7572926000803
4145,LOAD,32330150,3093.0880308319015
4146,LOAD,31169018,3208.314102163886
4147,LOAD,36475437,2741.5709920075806
4148,LOAD,31407082,3183.995253045157
4149,LOAD,32710217,3057.148780150251
4150,LOAD,29077077,3439.1352335724805
4151,LOAD,31047944,3220.8251857192217
4152,LOAD,33242763,3008.17353840293
4153,LOAD,32815499,3047.340526499384
4154,LOAD,30734423,3253.6807344650656
4155,LOAD,34208550,2923.24579673795
4156,LOAD,31203495,3204.769209346581
4157,LOAD,33691386,2968.117725996787
4158,LOAD,31879271,3136.834590728251
4159,LOAD,34611713,2889.1953426286645
4160,LOAD,32912162,3038.3904892057835
4161,LOAD,34016798,2939.724073970748
4162,LOAD,32798122,3048.955059073199
4163,LOAD,33011495,3029.2478423046277
4164,LOAD,32347794,3091.400915932629
4165,LOAD,33279939,3004.813199928041
4166,LOAD,32163408,3109.1232620622786
4167,LOAD,33333011,3000.0290102805293
4168,LOAD,33138755,3017.6148741858287
4169,LOAD,33311741,3001.9445696338717
4170,LOAD,33304754,3002.574347193797
4171,LOAD,32518617,3075.161529778465
4172,LOAD,28190363,3547.3115404721816
4173,LOAD,32044103,3120.6989941331794
4174,LOAD,32709149,3057.2486003839476
4175,LOAD,34377022,2908.919801139261
4176,LOAD,31799252,3144.72805838326
4177,LOAD,33495939,2985.4365330674864
4178,LOAD,29494222,3390.4945856852914
4179,LOAD,37007209,2702.176216531217
4180,LOAD,33159757,3015.703643425373
4181,LOAD,34611702,2889.1962608484264
4182,LOAD,34881087,2866.883133544548
4183,LOAD,35906208,2785.033718960242
4184,LOAD,35011820,2856.178284933488
4185,LOAD,34611044,2889.2511881467663
4186,LOAD,33647222,2972.0135588013773
4187,LOAD,32453217,3081.358621550523
4188,LOAD,33361948,2997.4268888615256
4189,LOAD,34883715,2866.6671540000825
4190,LOAD,31591383,3165.4201400426186
4191,LOAD,31310125,3193.855022935871
4192,LOAD,34397446,2907.1925863332995
4193,LOAD,34547941,2894.5285046075537
4194,LOAD,30943110,3231.737210642369
4195,LOAD,33206611,3011.448533546528
4196,LOAD,30979987,3227.8903151250515
4197,LOAD,32767832,3051.7734587994714
4198,LOAD,32700064,3058.09799026693
4199,LOAD,33950970,2945.4239451774133
4200,LOAD,30568296,3271.3632451085923
4201,LOAD,32317169,3094.33044707598
4202,LOAD,32032059,3121.8723716761383
4203,LOAD,32339047,3092.2370717974463
4204,LOAD,33922562,2947.8905514271
4205,LOAD,32878819,3041.471775491693
4206,LOAD,30918382,3234.321899509489
4207,LOAD,33716570,2965.900742572569
4208,LOAD,29205801,3423.9773119045767
4209,LOAD,30751086,3251.917672110832
4210,LOAD,33872153,2952.2776423453215
4211,LOAD,36576711,2733.9801000696866
4212,LOAD,31171287,3208.0805646555436
4213,LOAD,34184174,2925.3303005068956
4214,LOAD,29833852,3351.897032940969
4215,LOAD,34052787,2936.6171996436005
4216,LOAD,29732367,3363.3380080368306
4217,LOAD,33689238,2968.3069709086326
4218,LOAD,29004760,3447.7099620889812
4219,LOAD,36369150,2749.5830944633017
4220,LOAD,33016331,3028.8041393818107
4221,LOAD,33634188,2973.1652805175495
4222,LOAD,35399562,2824.893709136853
4223,LOAD,35167308,2843.5500380068897
4224,LOAD,35657221,2804.4810334490176
4225,LOAD,33844829,2954.6611093824704
4226,LOAD,35441025,2821.588822558038
4227,LOAD,37514529,2665.63389347098
4228,LOAD,32168404,3108.640391360417
4229,LOAD,33352947,2998.2358080681747
4230,LOAD,36375028,2749.1387772952367
4231,LOAD,30766586,3250.279377763916
4232,LOAD,33711265,2966.3674738993036
4233,LOAD,31952580,3129.63773191398
4234,LOAD,33362886,2997.3426159835217
4235,LOAD,32749455,3053.485928239111
4236,LOAD,35101500,2848.88110194721
4237,LOAD,36543124,2736.492917244842
4238,LOAD,33820668,2956.7718768890077
4239,LOAD,34999822,2857.157387829001
4240,LOAD,33674236,2969.6293629349157
4241,LOAD,36434635,2744.6411909986195
4242,LOAD,30038187,3329.095727381949
4243,LOAD,34380437,2908.6308588805896
4244,LOAD,30111875,3320.948961165653
4245,LOAD,34694205,2882.3257371079694
4246,LOAD,30727879,3254.373658526838
4247,LOAD,34529653,2896.0615387591643
4248,LOAD,30322932,3297.8341276496612
4249,LOAD,34211815,2922.9668171653566
4250,LOAD,30327785,3297.3064139039498
4251,LOAD,34047366,2937.084765969855
4252,LOAD,32609605,3066.581149940332
4253,LOAD,34367650,2909.7130586467215
4254,LOAD,32506317,3076.3251339731905
4255,LOAD,34443487,2903.306509007058
4256,LOAD,34665928,2884.6768504221204
4257,LOAD,33671233,2969.8942120711763
4258,LOAD,35941930,2782.2657269656916
4259,LOAD,34917557,2863.888788095914
4260,LOAD,36655441,2728.1079499220864
4261,LOAD,36149334,2766.3026931561176
4262,LOAD,33770989,2961.1214524987704
4263,LOAD,26448208,3780.974499293109
4264,LOAD,34880258,2866.951270830623
4265,LOAD,30924349,3233.6978217391093
4266,LOAD,34853849,2869.123579435947
4267,LOAD,34027660,2938.7856820010547
4268,LOAD,35458500,2820.198259937674
4269,LOAD,33023498,3028.1468062529293
4270,LOAD,35571555,2811.2349881808655
4271,LOAD,31511593,3173.4352496873134
4272,LOAD,33891547,2950.5882395985054
4273,LOAD,30296375,3300.724921710931
4274,LOAD,33790147,2959.4425854377014
4275,LOAD,28706859,3483.488040262433
4276,LOAD,29131663,3432.6910894170373
4277,LOAD,31159146,3209.330576646741
4278,LOAD,33738807,2963.9459391673217
4279,LOAD,32940052,3035.8179155272733
4280,LOAD,33714655,2966.069206402972
4281,LOAD,33412192,2992.9194708326827
4282,LOAD,32257193,3100.0837549628077
4283,LOAD,33547968,2980.806467920799
4284,LOAD,36203503,2762.163650296492
4285,LOAD,31746856,3149.918215523452
4286,LOAD,33839897,2955.091736833596
4287,LOAD,31592500,3165.3082218881063
4288,LOAD,29084316,3438.279243011938
4289,LOAD,35400601,2824.810799116094
4290,LOAD,38704017,2583.71114295449
4291,LOAD,30738454,3253.254051098341
4292,LOAD,30219313,3309.1420708339733
4293,LOAD,30584436,3269.6368832827256
4294,LOAD,28263193,3538.170651843902
4295,LOAD,26613629,3757.4732855861184
4296,LOAD,27382216,3652.0053745832697
4297,LOAD,25439498,3930.8951772554633
4298,LOAD,30468681,3282.05871465194
4299,LOAD,32987812,3031.422635729826
4300,LOAD,34538317,2895.3350564244342
4301,LOAD,30725287,3254.648199055065
4302,LOAD,32305168,3095.4799554052775
4303,LOAD,35975387,2779.678228339837
4304,LOAD,32957114,3034.246263189186
4305,LOAD,32290496,3096.8864646736924
4306,LOAD,32318139,3094.237573518698
4307,LOAD,34358052,2910.5258936100336
4308,LOAD,34598155,2890.327533361244
4309,LOAD,36062776,2772.9423824721644
4310,LOAD,34664730,2884.776543766531
4311,LOAD,35760328,2796.394932395475
4312,LOAD,29936265,3340.430077031988
4313,LOAD,31894588,3135.328162884562
4314,LOAD,33943442,2946.0771833333815
4315,LOAD,34158908,2927.4940522103343
4316,LOAD,30221877,3308.8613258534538
4317,LOAD,33026059,3027.9119891356095
4318,LOAD,34310022,2914.6002879275334
4319,LOAD,34247439,2919.9263629610377
4320,LOAD,36175800,2764.2788825679045
4321,LOAD,30591608,3268.8703385582085
4322,LOAD,31585278,3166.0319722371923
4323,LOAD,33326005,3000.659695033953
4324,LOAD,34074445,2934.750661382746
4325,LOAD,32243156,3101.433370852407
4326,LOAD,31702411,3154.3342239806307
4327,LOAD,32661213,3061.73564343737
4328,LOAD,33833693,2955.6336046437495
4329,LOAD,31567336,3167.8314571745937
4330,LOAD,34366221,2909.83404896337
4331,LOAD,32151653,3110.2599919201666
4332,LOAD,33408109,2993.285252990524
4333,LOAD,36064312,2772.8242812451267
4334,LOAD,35350569,2828.808780984544
4335,LOAD,32683394,3059.6577576979917
4336,LOAD,35841034,2790.0980758535034
4337,LOAD,36666650,2727.2739669427124
4338,LOAD,36700482,2724.75985465259
4339,LOAD,34261432,2918.733811242916
4340,LOAD,35995210,2778.147425726923
4341,LOAD,33339966,2999.403178755491
4342,LOAD,36552289,2735.806778065253
4343,LOAD,32194128,3106.1565015831457
4344,LOAD,34066404,2935.443376999815
4345,LOAD,33051205,3025.6082947656523
4346,LOAD,34658424,2885.301420514678
4347,LOAD,35528088,2814.6744063457622
4348,LOAD,36152345,2766.0722976614657
4349,LOAD,36077366,2771.8209805006277
4350,LOAD,32531031,3073.9880331490263
4351,LOAD,35048509,2853.188419513081
4352,LOAD,36325380,2752.89618443083
4353,LOAD,32857496,3043.445550446084
4354,LOAD,34449031,2902.839269992819
4355,LOAD,33034567,3027.132155236059
4356,LOAD,32125911,3112.7521955719794
4357,LOAD,33029243,3027.6201001639665
4358,LOAD,32871216,3042.17525752622
4359,LOAD,35471635,2819.153952164878
4360,LOAD,45251752,2209.8591895403297
4361,LOAD,24865555,4021.6275084147533
4362,LOAD,32058399,3119.307361543538
4363,LOAD,37285973,2681.973727760839
4364,LOAD,35319330,2831.3107864730164
4365,LOAD,35567670,2811.54205490548
4366,LOAD,34295116,2915.86708731354
4367,LOAD,36448532,2743.5947214554485
4368,LOAD,34066524,2935.433036842855
4369,LOAD,30668972,3260.6244513184206
4370,LOAD,35409382,2824.1102880586845
4371,LOAD,36164792,2765.1202860505873
4372,LOAD,36840835,2714.3793022063696
4373,LOAD,31881882,3136.5776963856774
4374,LOAD,32957437,3034.216525999883
4375,LOAD,29328699,3409.629591820626
4376,LOAD,33008138,3029.555923451362
4377,LOAD,36306877,2754.2991373232126
4378,LOAD,36373260,2749.2724050580014
4379,LOAD,34692541,2882.463985558164
4380,LOAD,34672547,2884.126164714695
4381,LOAD,33574349,2978.4643032095723
4382,LOAD,34849626,2869.47125343612
4383,LOAD,36060440,2773.1220140408714
4384,LOAD,30487563,3280.0260224144517
4385,LOAD,28296463,3534.0105934794747
4386,LOAD,36829143,2715.2410252934746
4387,LOAD,37286413,2681.9420790087797
4388,LOAD,35529693,2814.5472576979487
4389,LOAD,34122428,2930.6238114122475
4390,LOAD,36728205,2722.7031650471345
4391,LOAD,33988639,2942.1595845600054
4392,LOAD,33256186,3006.959366897936
4393,LOAD,31709159,3153.662952713442
4394,LOAD,34338937,2912.146057404165
4395,LOAD,34537321,2895.4185531645608
4396,LOAD,36198080,2762.5774626720536
4397,LOAD,29838018,3351.4290392880657
4398,LOAD,33127639,3018.627436745492
4399,LOAD,32333123,3092.8036243204842
4400,LOAD,35561165,2812.0563541717493
4401,LOAD,30172833,3314.2396671867036
4402,LOAD,35519649,2815.3431358513703
4403,LOAD,35137210,2845.985779747453
4404,LOAD,28561112,3501.264236490512
4405,LOAD,30831572,3243.4285219060516
4406,LOAD,34172901,2926.295312183183
4407,LOAD,28923551,3457.390138576
4408,LOAD,34299166,2915.5227855977605
4409,LOAD,33265739,3006.0958513502437
4410,LOAD,33739246,2963.9073736265473
4411,LOAD,32191953,3106.3663642898587
4412,LOAD,37786207,2646.46832639222
4413,LOAD,36563906,2734.9375638368615
4414,LOAD,33397819,2994.2074960044547
4415,LOAD,35519272,2815.3730177803195
4416,LOAD,32847826,3044.341503757357
4417,LOAD,35281164,2834.373605133889
4418,LOAD,36913665,2709.02388045186
4419,LOAD,36527380,2737.672398075088
4420,LOAD,36067847,2772.552517481845
4421,LOAD,32150088,3110.41139296415
4422,LOAD,33050437,3025.678601465996
4423,LOAD,36677128,2726.49483351041
4424,LOAD,36980562,2704.1233175417938
4425,LOAD,34995290,2857.52739868708
4426,LOAD,39046237,2561.0662558852982
4427,LOAD,34759495,2876.9117618078167
4428,LOAD,34845255,2869.831200833514
4429,LOAD,34591846,2890.854682921519
4430,LOAD,37466872,2669.024518513315
4431,LOAD,35258768,2836.1739695499286
4432,LOAD,38048708,2628.210135282386
4433,LOAD,38010990,2630.818087084814
4434,LOAD,37357565,2676.8339960058956
4435,LOAD,38494051,2597.8040087285176
4436,LOAD,37006583,2702.2219262988965
4437,LOAD,37313498,2679.9953196561737
4438,LOAD,36848032,2713.8491412512885
4439,LOAD,38116049,2623.5667815412876
4440,LOAD,36630291,2729.9810421926486
4441,LOAD,37347647,2677.5448530934223
4442,LOAD,36108479,2769.4326310449137
4443,LOAD,35061792,2852.107502092306
4444,LOAD,33426828,2991.6090153693312
4445,LOAD,36059771,2773.1734624715173
4446,LOAD,35641104,2805.7492270722028
4447,LOAD,33476522,2987.1681413021342
4448,LOAD,33782558,2960.107402168894
4449,LOAD,35175203,2842.911809208322
4450,LOAD,36891164,2710.6761933562193
4451,LOAD,35885362,2786.651560042783
4452,LOAD,39279459,2545.859911156108
4453,LOAD,37068084,2697.7385720826574
4454,LOAD,37531802,2664.407107337932
4455,LOAD,38290885,2611.5875880121343
4456,LOAD,33541121,2981.4149622488767
4457,LOAD,33410545,2993.0670092331625
4458,LOAD,34230826,2921.3434697719536
4459,LOAD,35095159,2849.395838326306
4460,LOAD,39119558,2556.2661009615704
4461,LOAD,38291176,2611.567740828853
4462,LOAD,36843281,2714.1990964376923
4463,LOAD,38112066,2623.840964171294
4464,LOAD,37314308,2679.937143682257
4465,LOAD,37475191,2668.4320301396197
4466,LOAD,36909536,2709.326933830867
4467,LOAD,37757522,2648.4788911729956
4468,LOAD,34395746,2907.336273503124
4469,LOAD,34376540,2908.960587656582
4470,LOAD,33805624,2958.0876838717722
4471,LOAD,36729861,2722.580409438522
4472,LOAD,36779323,2718.9189969592426
4473,LOAD,37248895,2684.64339680412
4474,LOAD,36965410,2705.231728797273
4475,LOAD,35006470,2856.614791494258
4476,LOAD,39471369,2533.4819271153224
4477,LOAD,38357231,2607.0703591716515
4478,LOAD,36565139,2734.8453399835294
4479,LOAD,38146865,2621.447398102046
4480,LOAD,37700612,2652.476835124056
4481,LOAD,38354574,2607.250963079397
4482,LOAD,37337013,2678.3074478935955
4483,LOAD,36731606,2722.4510684340894
4484,LOAD,34667219,2884.5694256582856
4485,LOAD,32301764,3095.806160926691
4486,LOAD,37237862,2685.4388149351857
4487,LOAD,36276947,2756.571549419525
4488,LOAD,36629038,2730.074428927126
4489,LOAD,37554775,2662.7772367162365
4490,LOAD,34966107,2859.9123145164544
4491,LOAD,33645606,2972.1563047489767
4492,LOAD,35639628,2805.865425980316
4493,LOAD,36381402,2748.657129815943
4494,LOAD,37239750,2685.302667176874
4495,LOAD,37486023,2667.660957258656
4496,LOAD,37232031,2685.859388116646
4497,LOAD,37423637,2672.1080048954086
4498,LOAD,37281728,2682.2791046595266
4499,LOAD,37949639,2635.0711794649746
4500,LOAD,37475643,2668.3998457344683
4501,LOAD,37074037,2697.3053946080922
4502,LOAD,37724559,2650.7930815042796
4503,LOAD,37936769,2635.965123967199
4504,LOAD,37144922,2692.158029030186
4505,LOAD,36972579,2704.7071831261756
4506,LOAD,37839157,2642.7650066305655
4507,LOAD,35314067,2831.7327483124504
4508,LOAD,37273619,2682.8626434154407
4509,LOAD,37721485,2651.009099986387
4510,LOAD,37349712,2677.3968163395743
4511,LOAD,39037070,2561.667666144001
4512,LOAD,38763961,2579.7157313206462
4513,LOAD,37494854,2667.032654667758
4514,LOAD,37479537,2668.1226078112973
4515,LOAD,37803461,2645.2604432170906
4516,LOAD,37163961,2690.7788435145544
4517,LOAD,38599716,2590.692636184163
4518,LOAD,36882945,2711.2802407725308
4519,LOAD,37866525,2640.8549503816366
4520,LOAD,37516084,2665.5234059077166
4521,LOAD,37923048,2636.9188468184307
4522,LOAD,37867513,2640.78604792451
4523,LOAD,37798893,2645.5801232062536
4524,LOAD,36458688,2742.830460602422
4525,LOAD,37360526,2676.621844135706
4526,LOAD,37161470,2690.959211247564
4527,LOAD,37667134,2654.834317896339
4528,LOAD,37204818,2687.8239264602776
4529,LOAD,37797322,2645.6900835461306
4530,LOAD,37768306,2647.722669902113
4531,LOAD,37353720,2677.1095355429125
4532,LOAD,36884174,2711.1898994945636
4533,LOAD,37947592,2635.213322626637
4534,LOAD,37149159,2691.8509783761187
4535,LOAD,37170493,2690.305990829877
4536,LOAD,37637219,2656.9444464002504
4537,LOAD,36192575,2762.9976590502333
4538,LOAD,32137341,3111.645110900743
4539,LOAD,36093003,2770.620111604457
4540,LOAD,34131194,2929.8711319621575
4541,LOAD,36516115,2738.516953405366
4542,LOAD,37482458,2667.914681582515
4543,LOAD,37740580,2649.667811146516
4544,LOAD,37064395,2698.007076602761
4545,LOAD,37040162,2699.7722094196024
4546,LOAD,38395481,2604.473167037548
4547,LOAD,36959855,2705.6383202802067
4548,LOAD,38185971,2618.7627911831805
4549,LOAD,37061157,2698.2427990577844
4550,LOAD,38117066,2623.4967822549615
4551,LOAD,37170596,2690.29853597182
4552,LOAD,38177809,2619.3226541627887
4553,LOAD,36386193,2748.295211867864
4554,LOAD,37157609,2691.2388254045086
4555,LOAD,37720963,2651.045785867132
4556,LOAD,38835619,2574.9557384420727
4557,LOAD,38069641,2626.7649857796137
4558,LOAD,37130060,2693.235615563239
4559,LOAD,37603779,2659.3071935669022
4560,LOAD,37730563,2650.3712653320335
4561,LOAD,37958818,2634.433980531217
4562,LOAD,36928166,2707.9600974497353
4563,LOAD,38132095,2622.4627836472137
4564,LOAD,38536453,2594.9456220062602
4565,LOAD,35876723,2787.3225768139414
4566,LOAD,38374020,2605.9297410070667
4567,LOAD,36912285,2709.1251598214526
4568,LOAD,35602863,2808.7628795470746
4569,LOAD,35839643,2790.20636449978
4570,LOAD,35060403,2852.2204950125642
4571,LOAD,34550869,2894.283208911475
4572,LOAD,33374674,2996.283948721117
4573,LOAD,32901987,3039.330117053417
4574,LOAD,32085086,3116.712855312278
4575,LOAD,31469165,3177.7138033373303
4576,LOAD,33946835,2945.7827217176505
4577,LOAD,33137649,3017.715589901987
4578,LOAD,32095537,3115.6979862963503
4579,LOAD,35301037,2832.7779719332325
4580,LOAD,36745160,2721.4468517758532
4581,LOAD,37238052,2685.4251130000034
4582,LOAD,36279985,2756.340720648038
4583,LOAD,29496874,3390.1897536667784
4584,LOAD,34974540,2859.2227374541594
4585,LOAD,35142001,2845.5977791361397
4586,LOAD,36106965,2769.548756036405
4587,LOAD,36967722,2705.0625407754364
4588,LOAD,34959177,2860.479238398547
4589,LOAD,37169225,2690.3977685840905
4590,LOAD,35264686,2835.6980124535917
4591,LOAD,33816545,2957.1323741085907
4592,LOAD,33648461,2971.90412363882
4593,LOAD,35565676,2811.699684830959
4594,LOAD,33168712,3014.889453651381
4595,LOAD,36055847,2773.475270182947
4596,LOAD,36648986,2728.5884526245827
4597,LOAD,35488433,2817.819541370001
4598,LOAD,37192896,2688.6854952085473
4599,LOAD,33264834,3006.1776349162
4600,LOAD,41442890,2412.9591348479803
4601,LOAD,35053877,2852.7514945065845
4602,LOAD,35267214,2835.4947459133004
4603,LOAD,37872396,2640.4455635708923
4604,LOAD,37364264,2676.354069225076
4605,LOAD,38198918,2617.875197407424
4606,LOAD,36173336,2764.467175490809
4607,LOAD,37710916,2651.7520815458315
4608,LOAD,35601883,2808.840195334612
4609,LOAD,34306707,2914.881920902522
4610,LOAD,37030222,2700.496907633986
4611,LOAD,35529849,2814.534899937233
4612,LOAD,37167300,2690.5371119236534
4613,LOAD,34982171,2858.5990274874594
4614,LOAD,42864457,2332.935186837897
4615,LOAD,36682894,2726.0662694715415
4616,LOAD,36335166,2752.1547582856783
4617,LOAD,34515501,2897.2489780750975
4618,LOAD,35190910,2841.6429128999507
4619,LOAD,34425326,2904.838141547302
4620,LOAD,36482087,2741.0712550518288
4621,LOAD,35041178,2853.785337924427
4622,LOAD,37435786,2671.240828227835
4623,LOAD,36983854,2703.8826186151396
4624,LOAD,34145489,2928.644542182424
4625,LOAD,35534092,2814.1988262989807
4626,LOAD,37129725,2693.2599150680485
4627,LOAD,36630988,2729.929097189516
4628,LOAD,35419165,2823.330250727254
4629,LOAD,38663902,2586.3918235671094
4630,LOAD,31336220,3191.195364341966
4631,LOAD,34908832,2864.6045791506285
4632,LOAD,35771329,2795.5349380505263
4633,LOAD,34172076,2926.365960323862
4634,LOAD,32370584,3089.224463790953
4635,LOAD,37044059,2699.488195934468
4636,LOAD,36838884,2714.523056670229
4637,LOAD,37653620,2655.7871460964443
4638,LOAD,37784496,2646.5881667443705
4639,LOAD,37054990,2698.6918630932028
4640,LOAD,35157075,2844.3776963811692
4641,LOAD,33265252,3006.1398602962636
4642,LOAD,35197295,2841.1274218657995
4643,LOAD,37179002,2689.690271944363
4644,LOAD,36820614,2715.8699743572993
4645,LOAD,37603822,2659.304152647037
4646,LOAD,38073173,2626.521304121409
4647,LOAD,37613635,2658.6103682879893
4648,LOAD,37517927,2665.392466913217
4649,LOAD,37442970,2670.728310280942
4650,LOAD,37559859,2662.4168104571427
4651,LOAD,37462993,2669.300875132961
4652,LOAD,38329025,2608.9888798371467
4653,LOAD,36004906,2777.3992799759008
4654,LOAD,34932411,2862.6710020101386
4655,LOAD,34289399,2916.353243753266
4656,LOAD,34924300,2863.335843524423
4657,LOAD,35449409,2820.9214997068075
4658,LOAD,37898382,2638.635074183378
4659,LOAD,37302944,2680.753561970873
4660,LOAD,36103320,2769.828370354859
4661,LOAD,39047123,2561.0081439290675
4662,LOAD,37572369,2661.5303389573332
4663,LOAD,37644427,2656.4357056092263
4664,LOAD,37319627,2679.5551841930255
4665,LOAD,37781265,2646.81449919689
4666,LOAD,37111929,2694.5513934347096
4667,LOAD,37595264,2659.909503494908
4668,LOAD,37392763,2674.3142784072948
4669,LOAD,37410105,2673.074561004306
4670,LOAD,37346371,2677.636335803551
4671,LOAD,37228849,2686.088952145687
4672,LOAD,37226187,2686.2810311461662
4673,LOAD,38595791,2590.956096741222
4674,LOAD,36621292,2730.6518841552615
4675,LOAD,38050041,2628.118061686189
4676,LOAD,37784602,2646.5807420705396
4677,LOAD,37764189,2648.0113209898404
4678,LOAD,37876839,2640.135836044819
4679,LOAD,37508459,2666.0652734360533
4680,LOAD,37296041,2681.249733718386
4681,LOAD,37649730,2656.0615441332516
4682,LOAD,38401162,2604.0878658828083
4683,LOAD,37773264,2647.3751381400343
4684,LOAD,36966535,2705.149400667387
4685,LOAD,37623673,2657.901050755996
4686,LOAD,37095131,2695.7715825292544
4687,LOAD,37088834,2696.2292748270274
4688,LOAD,37851386,2641.91118391279
4689,LOAD,38211724,2616.997861703387
4690,LOAD,37523849,2664.9718156578233
4691,LOAD,36887160,2710.9704298189395
4692,LOAD,37657054,2655.5449611114027
4693,LOAD,37542790,2663.6272903532213
4694,LOAD,38007965,2631.027470163162
4695,LOAD,37594120,2659.9904453143204
4696,LOAD,36290284,2755.558485020398
4697,LOAD,37341879,2677.9584391026497
4698,LOAD,36386737,2748.254123473616
4699,LOAD,37300970,2680.895429797134
4700,LOAD,34980278,2858.7537240270076
4701,LOAD,33050079,3025.7113757579823
4702,LOAD,35493208,2817.440452269065
4703,LOAD,37077169,2697.077546562414
4704,LOAD,36489056,2740.5477412186274
4705,LOAD,37625964,2657.739214336143
4706,LOAD,37421415,2672.2666686975895
4707,LOAD,34787037,2874.6340195630914
4708,LOAD,33252531,3007.289881182278
4709,LOAD,37068119,2697.7360248573714
4710,LOAD,37598105,2659.7085145647634
4711,LOAD,36448262,2743.6150453483897
4712,LOAD,38024311,2629.8964365192573
4713,LOAD,36608573,2731.6006007663836
4714,LOAD,37588299,2660.402376814125
4715,LOAD,36955165,2705.981694304436
4716,LOAD,37262538,2683.6604634928517
4717,LOAD,37872688,2640.4252056257533
4718,LOAD,38712910,2583.1176214859593
4719,LOAD,37498593,2666.766723754142
4720,LOAD,38669674,2586.005767723824
4721,LOAD,36887845,2710.920087633203
4722,LOAD,37758296,2648.4246005169302
4723,LOAD,37381638,2675.110170399703
4724,LOAD,37762778,2648.1102634980934
4725,LOAD,37421997,2672.2251086707106
4726,LOAD,38417867,2602.9555466991437
4727,LOAD,36593551,2732.7219487390003
4728,LOAD,37588878,2660.361397326092
4729,LOAD,37943074,2635.5271056846896
4730,LOAD,37978127,2633.0945704615715
4731,LOAD,37158173,2691.19797682195
4732,LOAD,37835711,2643.0057043199213
4733,LOAD,37078060,2697.012734754731
4734,LOAD,38023212,2629.9724494606085
4735,LOAD,35122060,2847.213403769597
4736,LOAD,38373432,2605.9696719334356
4737,LOAD,36927243,2708.027783173523
4738,LOAD,38013101,2630.671988586251
4739,LOAD,34256216,2919.1782303100845
4740,LOAD,37069206,2697.6569177122383
4741,LOAD,36671773,2726.892970241717
4742,LOAD,32901647,3039.361524971683
4743,LOAD,35233765,2838.1866087827966
4744,LOAD,34667185,2884.5722547129226
4745,LOAD,33724057,2965.2422897992374
4746,LOAD,43110119,2319.641010501502
4747,LOAD,36846506,2713.961535457392
4748,LOAD,34391207,2907.7199878445676
4749,LOAD,33185626,3013.3528293243585
4750,LOAD,34829692,2871.1135315236206
4751,LOAD,37006262,2702.2453659329335
4752,LOAD,37017637,2701.4150038804473
4753,LOAD,29933976,3340.685514012572
4754,LOAD,34595845,2890.5205234906102
4755,LOAD,34298542,2915.575828266986
4756,LOAD,36068842,2772.4760334695525
4757,LOAD,36655851,2728.077435714151
4758,LOAD,35615547,2807.762576270414
4759,LOAD,36502539,2739.5354608072607
4760,LOAD,37074960,2697.2382438173904
4761,LOAD,33423245,2991.9297183741432
4762,LOAD,34759613,2876.9019954278547
4763,LOAD,31709589,3153.6201872562906
4764,LOAD,36338424,2751.908007898196
4765,LOAD,35573193,2811.105542311032
4766,LOAD,38572144,2592.5445056930203
4767,LOAD,38968847,2566.152393474716
4768,LOAD,37263511,2683.5903895368315
4769,LOAD,47991941,2083.683175056412
4770,LOAD,38530755,2595.329367410527
4771,LOAD,38470934,2599.3650167162564
4772,LOAD,34670959,2884.258263522506
4773,LOAD,39844297,2509.7694658786427
4774,LOAD,37073240,2697.3633812421035
4775,LOAD,38453186,2600.564749043161
4776,LOAD,36906760,2709.5307201173982
4777,LOAD,35833544,2790.681267808732
4778,LOAD,35950559,2781.597916182611
4779,LOAD,37959260,2634.40330501701
4780,LOAD,37914107,2637.540691648098
4781,LOAD,30098669,3322.4060505798448
4782,LOAD,29887427,3345.888557084556
4783,LOAD,33499032,2985.160884648846
4784,LOAD,35143138,2845.5057143730305
4785,LOAD,34156341,2927.7140663281234
4786,LOAD,35084354,2850.2733725694366
4787,LOAD,32892584,3040.1989700778754
4788,LOAD,34290810,2916.2332415011488
4789,LOAD,36773991,2719.3132233050255
4790,LOAD,36392389,2747.827299823598
4791,LOAD,37056820,2698.558591913715
4792,LOAD,37837390,2642.8884233294107
4793,LOAD,34364125,2910.0115309206913
4794,LOAD,38602993,2590.4727128282516
4795,LOAD,37423283,2672.133281305117
4796,LOAD,37949219,2635.1003429082425
4797,LOAD,34960590,2860.3636265863934
4798,LOAD,34570955,2892.601607331935
4799,LOAD,36116862,2768.7898245423426
4800,LOAD,35547161,2813.1641792715877
4801,LOAD,38092439,2625.192889329034
4802,LOAD,35264696,2835.6972083354976
4803,LOAD,35501591,2816.7751693156515
4804,LOAD,33828548,2956.083128368383
4805,LOAD,36209904,2761.67536925809
4806,LOAD,36897456,2710.213950793789
4807,LOAD,30306432,3299.629596779984
4808,LOAD,36640471,2729.2225583017207
4809,LOAD,36468680,2742.078956518306
4810,LOAD,36868793,2712.320959354433
4811,LOAD,34890529,2866.1073037900915
4812,LOAD,33279496,3004.853198497958
4813,LOAD,35072646,2851.224854834163
4814,LOAD,37109056,2694.7600068295997
4815,LOAD,37700981,2652.450873891053
4816,LOAD,35991458,2778.4370391441216
4817,LOAD,38684094,2585.0418003844165
4818,LOAD,38310905,2610.2228595226347
4819,LOAD,38148815,2621.313401215739
4820,LOAD,37480920,2668.02415735793
4821,LOAD,37163078,2690.842776801211
4822,LOAD,38113880,2623.7160845340336
4823,LOAD,36584047,2733.4318699076675
4824,LOAD,37544609,2663.49824018676
4825,LOAD,35465203,2819.665236372678
4826,LOAD,32725472,3055.723688263381
4827,LOAD,32371622,3089.125407432473
4828,LOAD,30926074,3233.517451972727
4829,LOAD,33811612,2957.5638097349515
4830,LOAD,35134747,2846.1852877437827
4831,LOAD,34374907,2909.0987795254255
4832,LOAD,35115636,2847.734268574831
4833,LOAD,31848843,3139.8314846162543
4834,LOAD,34917395,2863.902075169124
4835,LOAD,34676123,2883.8287371399624
4836,LOAD,34538160,2895.3482177394512
4837,LOAD,32093369,3115.9084607166046
4838,LOAD,32197666,3105.815185485805
4839,LOAD,34902384,2865.1337971641133
4840,LOAD,34769870,2876.0533185772624
4841,LOAD,34349186,2911.277140599489
4842,LOAD,34868791,2867.894100486593
4843,LOAD,35655574,2804.6105778580372
4844,LOAD,35598438,2809.1120177801063
4845,LOAD,31137066,3211.6063857782874
4846,LOAD,34439475,2903.644727453017
4847,LOAD,26989197,3705.186189867005
4848,LOAD,31364765,3188.2910648302322
4849,LOAD,34775070,2875.6232553953164
4850,LOAD,37134720,2692.897644037709
4851,LOAD,30943052,3231.743268246455
4852,LOAD,34460161,2901.901706146991
4853,LOAD,27981889,3573.740143133296
4854,LOAD,33424279,2991.8371612443757
4855,LOAD,34454603,2902.3698226910346
4856,LOAD,34782684,2874.9937756384757
4857,LOAD,34826130,2871.4071876490443
4858,LOAD,33871491,2952.335343017525
4859,LOAD,35364853,2827.666214249498
4860,LOAD,35169148,2843.4012674972964
4861,LOAD,33990525,2941.996335743564
4862,LOAD,36828443,2715.2926340111635
4863,LOAD,35696591,2801.387953264221
4864,LOAD,36357360,2750.474731938733
4865,LOAD,35518817,2815.4090830221066
4866,LOAD,27031182,3699.431271632887
4867,LOAD,36527941,2737.6303526114434
4868,LOAD,32440363,3082.579562996875
4869,LOAD,34107610,2931.8970165309147
4870,LOAD,34872108,2867.621309271008
4871,LOAD,30788422,3247.9741897782224
4872,LOAD,31890020,3135.777274520367
4873,LOAD,35282452,2834.2701351935516
4874,LOAD,32420509,3084.467304322705
4875,LOAD,33509799,2984.201725590774
4876,LOAD,34614919,2888.927748177022
4877,LOAD,35204210,2840.5693523587092
4878,LOAD,30061812,3326.479455064119
4879,LOAD,34270092,2917.9962516587348
4880,LOAD,29495074,3390.396647250317
4881,LOAD,34597591,2890.374650651255
4882,LOAD,29177644,3427.281517315106
4883,LOAD,29941804,3339.812123544727
4884,LOAD,34215106,2922.685669890954
4885,LOAD,36552573,2735.785521856423
4886,LOAD,28947976,3454.4729482986995
4887,LOAD,29430224,3397.8674440262503
4888,LOAD,33880343,2951.5639791486174
4889,LOAD,33699798,2967.3768370955813
4890,LOAD,34783952,2874.8889717879097
4891,LOAD,35570779,2811.29631712592
4892,LOAD,33276169,3005.1536281114572
4893,LOAD,36922868,2708.3486580728236
4894,LOAD,36220291,2760.8833954426264
4895,LOAD,36101128,2769.996549692298
4896,LOAD,34955815,2860.754355176671
4897,LOAD,36321122,2753.2189121250162
4898,LOAD,30362635,3293.5217908458867
4899,LOAD,34794737,2873.9978692754594
4900,LOAD,27110972,3688.54351662493
4901,LOAD,31216282,3203.456452629432
4902,LOAD,30981774,3227.7041334043683
4903,LOAD,34494943,2898.9756556490033
4904,LOAD,32639451,3063.777022475041
4905,LOAD,31858856,3138.844659080037
4906,LOAD,34778827,2875.3126147699
4907,LOAD,35583977,2810.253614990814
4908,LOAD,29687301,3368.4436318411026
4909,LOAD,29014876,3446.507922349901
4910,LOAD,32108971,3114.3944164389445
4911,LOAD,34156059,2927.7382381849147
4912,LOAD,33540202,2981.4966528824125
4913,LOAD,32028463,3122.2228803174226
4914,LOAD,33963984,2944.295345328157
4915,LOAD,33553095,2980.350992956089
4916,LOAD,33521193,2983.187382382244
4917,LOAD,34524714,2896.47584046605
4918,LOAD,29969372,3336.739922344719
4919,LOAD,33348657,2998.62150370853
4920,LOAD,32939364,3035.8813242417186
4921,LOAD,34824887,2871.50967639895
4922,LOAD,31062846,3219.280036349535
4923,LOAD,34277073,2917.4019613635037
4924,LOAD,29720376,3364.694982324584
4925,LOAD,34351194,2911.1069618133215
4926,LOAD,25915509,3858.6932635588983
4927,LOAD,31985289,3126.4372818391603
4928,LOAD,33134795,3017.9755148628506
4929,LOAD,34742501,2878.3189788207824
4930,LOAD,35463081,2819.8339563333484
4931,LOAD,35469118,2819.354008182555
4932,LOAD,33321404,3001.074024371842
4933,LOAD,36267049,2757.323872697776
4934,LOAD,35352949,2828.6183424189026
4935,LOAD,35983880,2779.0221621459386
4936,LOAD,34483769,2899.915029589718
4937,LOAD,36123803,2768.2578160444514
4938,LOAD,34077187,2934.514518466562
4939,LOAD,38825509,2575.6262461362708
4940,LOAD,37538418,2663.937515960316
4941,LOAD,37727062,2650.6172147727802
4942,LOAD,35710366,2800.307339331106
4943,LOAD,36855335,2713.311383548678
4944,LOAD,36412610,2746.3013499993544
4945,LOAD,35694353,2801.563597468765
4946,LOAD,31912896,3133.529467209745
4947,LOAD,35047650,2853.258349703903
4948,LOAD,36472720,2741.7752226869834
4949,LOAD,33811670,2957.5587363771147
4950,LOAD,38830507,2575.2947289614326
4951,LOAD,35577743,2810.7460329903447
4952,LOAD,33631810,2973.3755037269775
4953,LOAD,34898332,2865.4664641278555
4954,LOAD,30981089,3227.775498788955
4955,LOAD,35553599,2812.654775118547
4956,LOAD,33623569,2974.10426596891
4957,LOAD,35540588,2813.6844556426586
4958,LOAD,34470136,2901.061951133584
4959,LOAD,33586637,2977.374602881497
4960,LOAD,35935057,2782.7978678314053
4961,LOAD,36744488,2721.496622840411
4962,LOAD,35600595,2808.94181684323
4963,LOAD,35723782,2799.2556891092886
4964,LOAD,33532265,2982.2023653934502
4965,LOAD,33054945,3025.265962475509
4966,LOAD,33758659,2962.202971391725
4967,LOAD,33998991,2941.2637569156095
4968,LOAD,35624482,2807.0583594731283
4969,LOAD,36251098,2758.5371345165877
4970,LOAD,36508902,2739.0579974166303
4971,LOAD,35498982,2816.982188390642
4972,LOAD,29965216,3337.202708633904
4973,LOAD,29790562,3356.7678246553387
4974,LOAD,34466114,2901.400488607448
4975,LOAD,35552487,2812.742748489016
4976,LOAD,34421178,2905.1881954766336
4977,LOAD,35041455,2853.7627789713642
4978,LOAD,36023430,2775.97108326442
4979,LOAD,37424192,2672.068377588486
4980,LOAD,33081176,3022.867143538065
4981,LOAD,34839399,2870.3135780269918
4982,LOAD,35371367,2827.145470515742
4983,LOAD,36424453,2745.4084210955752
4984,LOAD,30623012,3265.5181012240073
4985,LOAD,34329805,2912.92071131776
4986,LOAD,34887775,2866.333550935822
4987,LOAD,36533615,2737.205173919964
4988,LOAD,37483043,2667.8730432852
4989,LOAD,39898081,2506.386209401901
4990,LOAD,33058754,3024.9173940433448
4991,LOAD,36833090,2714.950062566024
4992,LOAD,36479188,2741.2890879040397
4993,LOAD,36538793,2736.817278009156
4994,LOAD,31739793,3150.619161252879
4995,LOAD,33596454,2976.5046037299057
4996,LOAD,29490483,3390.9244551877973
4997,LOAD,30951811,3230.828722752281
4998,LOAD,34357858,2910.5423277551236
4999,LOAD,35676848,2802.9381967824065
5000,LOAD,31993204,3125.6638128522545
5001,PUT,0.029302861000000003,34126.36056254029
5002,PUT,0.025027670000000002,39955.77694607608
5003,PUT,0.029756881000000002,33605.67258376306
5004,PUT,0.027423419,36465.18328002792
5005,PUT,0.029108843000000002,34353.82162046083
5006,PUT,0.028355838,35266.10640108749
5007,PUT,0.029943649000000003,33396.063385594716
5008,PUT,0.026770828,37354.093044862115
5009,PUT,0.026425559,37842.151229421484
5010,PUT,0.026028897000000002,38418.838877421505
5011,PUT,0.025551218,39137.07753579497
5012,PUT,0.025058320000000002,39906.905171615654
5013,PUT,0.030433832,32858.1691585864
5014,PUT,0.026813542000000003,37294.587936200296
5015,PUT,0.027346292,36568.02904028085
5016,PUT,0.02639303,37888.79109370921
5017,PUT,0.027764071,36017.77275385876
5018,PUT,0.02656514,37643.31752063042
5019,PUT,0.031329782,31918.51127467149
5020,PUT,0.030556291000000003,32726.48503052939
5020,GET,0.011552042,86564.78222638041
5020,GET,0.005951509000000001,168024.6135895955
5020,GET,0.00570113,175403.8234525436
5020,GET,0.005269927000000001,189755.94918107972
5020,GET,0.005103568,195941.34926780636
5020,GET,0.005073388000000001,197106.94313149317
5020,GET,0.005092803,196355.5236674185
5020,GET,0.004890986,204457.75146361082
5020,GET,0.004683024,213537.23576902447
5020,GET,0.0047309050000000005,211376.04750042537
5020,GET,0.004743726,210804.75558664222
5020,GET,0.004610228,216909.01187533457
5020,GET,0.0048350730000000005,206822.1100281216
5020,GET,0.004802016,208245.87006790482
5020,GET,0.004571261,218758.01884862842
5020,GET,0.004432142,225624.54000796904
5020,GET,0.004419219,226284.32761535465
5020,GET,0.004397173,227418.84387992014
5020,GET,0.004430238,225721.50751268893
5020,GET,0.004365257,229081.58671986553
