height,operation,latency,throughput
1,LOAD,14351,6968155.529231412
2,LOAD,13847,7221780.891167762
3,LOAD,18329314,5455.741551484141
4,LOAD,19189722,5211.122912567467
5,LOAD,11591730,8626.83999713589
6,LOAD,11012262,9080.786490550261
7,LOAD,8783425,11385.080421361827
8,LOAD,18270929,5473.175447181695
9,LOAD,13046998,7664.598400336998
10,LOAD,17412486,5743.005335366816
11,LOAD,11997251,8335.242798537765
12,LOAD,11712993,8537.527513249603
13,LOAD,9088356,11003.090107825881
14,LOAD,10387781,9626.695056432167
15,LOAD,11289339,8857.914533348674
16,LOAD,17964042,5566.675918482044
17,LOAD,10332565,9678.13897130093
18,LOAD,19629954,5094.255442473273
19,LOAD,13078586,7646.086511187065
20,LOAD,18499462,5405.562605009811
21,LOAD,16371666,6108.113859640185
22,LOAD,19523433,5122.050000120368
23,LOAD,16650301,6005.897430923321
24,LOAD,13578215,7364.738295865841
25,LOAD,11195069,8932.504123020592
26,LOAD,13411206,7456.4509709268505
27,LOAD,11820023,8460.220424274978
28,LOAD,16621519,6016.297307123375
29,LOAD,12870756,7769.551376780044
30,LOAD,8044918,12430.207492481588
31,LOAD,20229490,4943.278352543737
32,LOAD,16512506,6056.015967533941
33,LOAD,15336114,6520.55664166294
34,LOAD,13861767,7214.0874969258975
35,LOAD,18279862,5470.5008166910675
36,LOAD,12142349,8235.638754906484
37,LOAD,12410826,8057.481427908182
38,LOAD,11192973,8934.176826835908
39,LOAD,21805507,4585.997473023673
40,LOAD,16672016,5998.07485789361
41,LOAD,15235982,6563.41022193384
42,LOAD,14571332,6862.79058084738
43,LOAD,21132415,4732.066827194147
44,LOAD,16870098,5927.647841761204
45,LOAD,19658642,5086.821358260658
46,LOAD,14954000,6687.174000267487
47,LOAD,14473559,6909.1506795253335
48,LOAD,11721657,8531.217045508156
49,LOAD,13819150,7236.33508573248
50,LOAD,11765369,8499.520924503091
51,LOAD,14311501,6987.38727684818
52,LOAD,14570317,6863.268657778688
53,LOAD,18560578,5387.763247459212
54,LOAD,13283137,7528.3421378549365
55,LOAD,20559966,4863.82127285619
56,LOAD,14851071,6733.521104302848
57,LOAD,21451918,4661.587835642482
58,LOAD,22334207,4477.43678564455
59,LOAD,20829451,4800.894656320995
60,LOAD,15312617,6530.562346070564
61,LOAD,14120276,7082.014544191629
62,LOAD,15525949,6440.830122525844
63,LOAD,17196384,5815.1760277044295
64,LOAD,16090496,6214.848815101785
65,LOAD,23211458,4308.217088301821
66,LOAD,16388757,6101.74401878068
67,LOAD,20740142,4821.567759757865
68,LOAD,12419015,8052.168388555775
69,LOAD,22322567,4479.771524484617
70,LOAD,14568819,6863.974355093574
71,LOAD,15605295,6408.081359564173
72,LOAD,16764730,5964.903699612221
73,LOAD,16666772,5999.962080239652
74,LOAD,19219084,5203.161607493885
75,LOAD,22636856,4417.5745960481445
76,LOAD,13361913,7483.958322434819
77,LOAD,22174606,4509.662990178946
78,LOAD,16026802,6239.547977194701
79,LOAD,14992530,6669.988320850451
80,LOAD,16279911,6142.5397227294425
81,LOAD,16275954,6144.033093236808
82,LOAD,17057283,5862.598398584347
83,LOAD,18000458,5555.414201127549
84,LOAD,19183141,5212.910648991216
85,LOAD,21960347,4553.662107433913
86,LOAD,14584333,6856.672842014784
87,LOAD,23223778,4305.931618877858
88,LOAD,18588322,5379.721741424535
89,LOAD,21248904,4706.12507826286
90,LOAD,12923431,7737.883229306521
91,LOAD,13572907,7367.618447544067
92,LOAD,10861193,9207.091707144877
93,LOAD,23147639,4320.095021354014
94,LOAD,15201559,6578.27266269203
95,LOAD,15950260,6269.490277901426
96,LOAD,16248660,6154.353651316478
97,LOAD,21256733,4704.391780242053
98,LOAD,14590635,6853.7113018042055
99,LOAD,22045718,4536.028266350862
100,LOAD,15571255,6422.089934305231
101,LOAD,22449313,4454.479297428834
102,LOAD,17365967,5758.38938309626
103,LOAD,24333141,4109.621523994786
104,LOAD,17783354,5623.236201674892
105,LOAD,16269408,6146.505146345829
106,LOAD,16497031,6061.696798654255
107,LOAD,20816848,4803.8012286970625
108,LOAD,14951108,6688.467503545557
109,LOAD,16106607,6208.632271216402
110,LOAD,14552667,6871.592677823248
111,LOAD,24173939,4136.686205752401
112,LOAD,16925145,5908.3688795576045
113,LOAD,22037499,4537.720001711627
114,LOAD,17225027,5805.506139409825
115,LOAD,17248258,5797.6869316310085
116,LOAD,15314385,6529.808412156282
117,LOAD,24851234,4023.9450483625883
118,LOAD,20547897,4866.678083893452
119,LOAD,25549225,3914.0130473624936
120,LOAD,19611611,5099.020167185653
121,LOAD,16563023,6037.545199327441
122,LOAD,17622624,5674.523839355592
123,LOAD,19893317,5026.8137787177475
124,LOAD,17745305,5635.293391688675
125,LOAD,24190055,4133.93024530122
126,LOAD,20906783,4783.136649957098
127,LOAD,23755291,4209.5885080927865
128,LOAD,21955834,4554.598108183911
129,LOAD,19557137,5113.2228607899
130,LOAD,15543697,6433.4758970147195
131,LOAD,16796563,5953.598959501417
132,LOAD,14484029,6904.156295185546
133,LOAD,24749987,4040.4061626375806
134,LOAD,16810212,5948.764953113025
135,LOAD,17763010,5629.676501899171
136,LOAD,16786934,5957.013949063004
137,LOAD,16719961,5980.875194625155
138,LOAD,16785701,5957.451523770143
139,LOAD,20796815,4808.428598321426
140,LOAD,16076098,6220.414929045593
141,LOAD,23877426,4188.056116266468
142,LOAD,18862449,5301.538522383811
143,LOAD,24354158,4106.075028338077
144,LOAD,17628855,5672.518152767154
145,LOAD,23366526,4279.6263338418385
146,LOAD,18178508,5501.001512335336
147,LOAD,19418015,5149.856975597146
148,LOAD,20812275,4804.856749202094
149,LOAD,22554770,4433.651950341325
150,LOAD,18125948,5516.952823653692
151,LOAD,25234680,3962.8004000843284
152,LOAD,21040141,4752.819859904932
153,LOAD,20138247,4965.675512868623
154,LOAD,22294267,4485.458077630451
155,LOAD,20258969,4936.085345705401
156,LOAD,20028674,4992.841762764725
157,LOAD,18300926,5464.204379603524
158,LOAD,18295925,5465.697962797727
159,LOAD,23643663,4229.46309123083
160,LOAD,18251391,5479.034447292264
161,LOAD,24553600,4072.7225335592334
162,LOAD,19834921,5041.613223465826
163,LOAD,19341138,5170.32658574692
164,LOAD,18385497,5439.069718920299
165,LOAD,25451355,3929.0638946335075
166,LOAD,19470090,5136.083089497788
167,LOAD,20171106,4957.586361402295
168,LOAD,19554495,5113.913706285946
169,LOAD,20418101,4897.6151112192065
170,LOAD,15771311,6340.626977681183
171,LOAD,18728085,5339.5742276906585
172,LOAD,15889420,6293.495923702691
173,LOAD,18211693,5490.977692189299
174,LOAD,14939903,6693.4838867427725
175,LOAD,23595956,4238.014344491912
176,LOAD,20198533,4950.854599192921
177,LOAD,20517694,4873.84206041868
178,LOAD,15401609,6492.828119451675
179,LOAD,24126242,4144.864334859942
180,LOAD,21800477,4587.055595159684
181,LOAD,20061418,4984.692507777865
182,LOAD,17931391,5576.812194882148
183,LOAD,23628695,4232.142316788972
184,LOAD,17027715,5872.778584795436
185,LOAD,18728416,5339.479857773344
186,LOAD,15241847,6560.884648691199
187,LOAD,24343499,4107.872906848765
188,LOAD,26730035,3741.1099536532593
189,LOAD,23304684,4290.982877090289
190,LOAD,21601381,4629.333652325284
191,LOAD,20769893,4814.66129844771
192,LOAD,19914730,5021.408776317831
193,LOAD,19541735,5117.252894893929
194,LOAD,23249223,4301.219012781631
195,LOAD,18033833,5545.132862215149
196,LOAD,18601104,5376.024992925151
197,LOAD,18477165,5412.085674398643
198,LOAD,24845613,4024.8554141127447
199,LOAD,21468741,4657.934994883957
200,LOAD,20354851,4912.833800650273
201,LOAD,21671358,4614.385494439251
202,LOAD,22529404,4438.643827417716
203,LOAD,21937518,4558.400818178246
204,LOAD,24941425,4009.3940101658186
205,LOAD,18177629,5501.26751954284
206,LOAD,26394406,3788.6815865452704
207,LOAD,21278098,4699.66817522882
208,LOAD,25547800,3914.2313623873683
209,LOAD,22626438,4419.608601230118
210,LOAD,27276163,3666.2048104053347
211,LOAD,24367563,4103.8162084571195
212,LOAD,23006412,4346.614326475593
213,LOAD,21424369,4667.582041739479
214,LOAD,24931575,4010.978046914405
215,LOAD,26798142,3731.6019894215056
216,LOAD,23800723,4201.5530368552245
217,LOAD,24477445,4085.3937165419024
218,LOAD,25272791,3956.8245549136223
219,LOAD,17884168,5591.537722079103
220,LOAD,25336579,3946.86275522832
221,LOAD,25867986,3865.7822066240483
222,LOAD,22522652,4439.974475474735
223,LOAD,18607866,5374.071373901768
224,LOAD,26722964,3742.0998658681724
225,LOAD,23564770,4243.623001624884
226,LOAD,20728558,4824.262256930752
227,LOAD,21068797,4746.355475350586
228,LOAD,20736889,4822.324120074135
229,LOAD,19656489,5087.378524211521
230,LOAD,22054207,4534.282280020315
231,LOAD,18877749,5297.241742116605
232,LOAD,18444340,5421.717448279526
233,LOAD,17248430,5797.6291175486695
234,LOAD,20018992,4995.2565044234
235,LOAD,20151875,4962.3174022268395
236,LOAD,20534654,4869.816652377001
237,LOAD,16897684,5917.970770432208
238,LOAD,19355404,5166.515769962745
239,LOAD,18978714,5269.0609068665035
240,LOAD,22210387,4502.39790959068
241,LOAD,18958892,5274.569843005594
242,LOAD,17085034,5853.0758557460285
243,LOAD,20331606,4918.4506132963625
244,LOAD,21595842,4630.521004923077
245,LOAD,20139452,4965.378402550377
246,LOAD,21495788,4652.074164482828
247,LOAD,17483918,5719.541809793434
248,LOAD,19834039,5041.837418994689
249,LOAD,17077100,5855.795187707515
250,LOAD,21221784,4712.1391867903285
251,LOAD,17549778,5698.077776254491
252,LOAD,20093163,4976.817238779181
253,LOAD,20046273,4988.4584530999855
254,LOAD,21687296,4610.9943812266865
255,LOAD,18344640,5451.183560974759
256,LOAD,24106914,4148.187528275083
257,LOAD,19866669,5033.556455790349
258,LOAD,21183151,4720.733001431185
259,LOAD,19272183,5188.825780660136
260,LOAD,25041848,3993.3155093026685
261,LOAD,21258900,4703.912243813179
262,LOAD,25574078,3910.20939249501
263,LOAD,18584792,5380.7435671058365
264,LOAD,19586279,5105.615007322218
265,LOAD,17203165,5812.883850151993
266,LOAD,25478785,3924.8339353701517
267,LOAD,23833488,4195.776967265555
268,LOAD,23866916,4189.90036249342
269,LOAD,21844768,4577.755186047295
270,LOAD,21177154,4722.069830535302
271,LOAD,16660699,6002.149129517315
272,LOAD,26609779,3758.0169305427153
273,LOAD,24141003,4142.329960358316
274,LOAD,23681643,4222.679988884217
275,LOAD,21983826,4548.798739582455
276,LOAD,22319078,4480.471818773159
277,LOAD,20344700,4915.285061957168
278,LOAD,21460281,4659.771230395352
279,LOAD,15226545,6567.478045741828
280,LOAD,21760546,4595.472926092939
281,LOAD,19992016,5001.996797121411
282,LOAD,22083374,4528.293547897165
283,LOAD,20412732,4898.903292317756
284,LOAD,22865314,4373.436551100938
285,LOAD,20435365,4893.477557166217
286,LOAD,27103993,3689.493278720962
287,LOAD,22259569,4492.449966124681
288,LOAD,23639058,4230.287010590693
289,LOAD,21778415,4591.702380545141
290,LOAD,27645214,3617.2626480663166
291,LOAD,24833252,4026.858826222196
292,LOAD,26258788,3808.2488803367464
293,LOAD,20873023,4790.872888895873
294,LOAD,22860029,4374.447643964057
295,LOAD,19390835,5157.075494686021
296,LOAD,27613340,3621.438044075798
297,LOAD,23751551,4210.251364216172
298,LOAD,25367709,3942.0193601243222
299,LOAD,22272243,4489.893541481207
300,LOAD,24430188,4093.2963757790158
301,LOAD,19322947,5175.194032256052
302,LOAD,20682735,4834.950503402959
303,LOAD,20623883,4848.747444891925
304,LOAD,24972123,4004.465299165794
305,LOAD,22041575,4536.88087171629
306,LOAD,25584433,3908.6267809804503
307,LOAD,25800158,3875.945255839131
308,LOAD,24483268,4084.4220632637766
309,LOAD,20757219,4817.601047616253
310,LOAD,27116270,3687.8228458412605
311,LOAD,24923807,4012.228147971134
312,LOAD,24031880,4161.13928664757
313,LOAD,27060780,3695.384981511989
314,LOAD,22131733,4518.398988456982
315,LOAD,22750350,4395.53677196175
316,LOAD,21520313,4646.772563205749
317,LOAD,21054146,4749.658333327792
318,LOAD,22675516,4410.0429732227485
319,LOAD,20393511,4903.520536507912
320,LOAD,21903444,4565.492075127546
321,LOAD,19346880,5168.792073967482
322,LOAD,23650170,4228.2994160295675
323,LOAD,21831325,4580.574014632643
324,LOAD,23085895,4331.649260295085
325,LOAD,20334859,4917.663800865302
326,LOAD,23271962,4297.016297981236
327,LOAD,21029250,4755.281334331942
328,LOAD,23311075,4289.806454657282
329,LOAD,22967081,4354.057879623449
330,LOAD,25592395,3907.4107757402153
331,LOAD,21665426,4615.648914542461
332,LOAD,23187767,4312.618804561906
333,LOAD,26949688,3710.6180969516236
334,LOAD,26098393,3831.653542806256
335,LOAD,29157781,3429.6162660663376
336,LOAD,22177460,4509.0826451721705
337,LOAD,21973505,4550.935319604223
338,LOAD,19440744,5143.836058949184
339,LOAD,23438325,4266.5164852863845
340,LOAD,21299313,4694.987110617136
341,LOAD,23684598,4222.153147796725
342,LOAD,21250659,4705.736419750559
343,LOAD,28015608,3569.438864221687
344,LOAD,25034424,3994.499733646758
345,LOAD,22006036,4544.2077800836105
346,LOAD,26475169,3777.124142248157
347,LOAD,21613986,4626.633884189617
348,LOAD,22186572,4507.230770035137
349,LOAD,18870574,5299.255867892519
350,LOAD,23011538,4345.646084151351
351,LOAD,20085372,4978.747717493109
352,LOAD,20925723,4778.807403691619
353,LOAD,20007462,4998.135195758462
354,LOAD,22551924,4434.211466835379
355,LOAD,20870294,4791.499343516675
356,LOAD,27195967,3677.0157869363497
357,LOAD,22089774,4526.981579802491
358,LOAD,27374990,3652.9693709477156
359,LOAD,22513138,4441.850798409355
360,LOAD,22643642,4416.250707372957
361,LOAD,21726432,4602.688559262745
362,LOAD,23281036,4295.341495971227
363,LOAD,20884460,4788.249253272528
364,LOAD,27399931,3649.6442272062654
365,LOAD,23201843,4310.002442478384
366,LOAD,29142178,3431.452515319891
367,LOAD,24347407,4107.213552556131
368,LOAD,28615035,3494.6663528456284
369,LOAD,28192861,3546.997234512666
370,LOAD,28733155,3480.300022743761
371,LOAD,25050802,3991.8881638999023
372,LOAD,22390938,4466.092487952045
373,LOAD,21184597,4720.410777698532
374,LOAD,24372208,4103.03407881633
375,LOAD,21871209,4572.220950382762
376,LOAD,23871928,4189.020677341186
377,LOAD,22473283,4449.728150533236
378,LOAD,22793744,4387.168689794884
379,LOAD,21198356,4717.346948980383
380,LOAD,22401973,4463.892533037158
381,LOAD,20784069,4811.3774064164245
382,LOAD,23435443,4267.041164956857
383,LOAD,20673715,4837.060005906051
384,LOAD,23542349,4247.664496010997
385,LOAD,23281115,4295.326920553419
386,LOAD,23614925,4234.610103567976
387,LOAD,19990231,5002.443443499978
388,LOAD,21627361,4623.772636892684
389,LOAD,18758893,5330.804968075675
390,LOAD,23437469,4266.672310051908
391,LOAD,22079696,4529.047863702472
392,LOAD,23179869,4314.088228885159
393,LOAD,20497093,4878.740609704995
394,LOAD,23486117,4257.83453263049
395,LOAD,21025547,4756.118830107012
396,LOAD,23444779,4265.3419765654435
397,LOAD,20982730,4765.824084854545
398,LOAD,27906060,3583.451049700316
399,LOAD,25151454,3975.9132811963877
400,LOAD,29124025,3433.5913391092063
401,LOAD,24277317,4119.071312534247
402,LOAD,22904620,4365.9314147102195
403,LOAD,21361125,4681.401377502355
404,LOAD,21118766,4735.125148884173
405,LOAD,20803394,4806.907949731664
406,LOAD,24424651,4094.224314607402
407,LOAD,21082643,4743.238312198333
408,LOAD,24448036,4090.3081130934197
409,LOAD,21559886,4638.243448968145
410,LOAD,22367958,4470.680783645964
411,LOAD,22427151,4458.8811124516
412,LOAD,21887691,4568.777949213555
413,LOAD,21801950,4586.745681005598
414,LOAD,24216944,4129.340184294104
415,LOAD,21958300,4554.086609619141
416,LOAD,28502814,3508.4255189680566
417,LOAD,25451383,3929.0595721261984
418,LOAD,29660358,3371.5034727497223
419,LOAD,25973684,3850.0506897673813
420,LOAD,23234597,4303.926597048358
421,LOAD,22276221,4489.091753937977
422,LOAD,22858230,4374.791923959117
423,LOAD,22600495,4424.681848782516
424,LOAD,25918881,3858.1912544758397
425,LOAD,21222425,4711.99686181009
426,LOAD,25317035,3949.9096161932075
427,LOAD,21690432,4610.327724224211
428,LOAD,25362372,3942.8488786458934
429,LOAD,21494907,4652.264836502898
430,LOAD,27978880,3574.1244824667747
431,LOAD,23956669,4174.203016287448
432,LOAD,28627241,3493.1763071404607
433,LOAD,23806562,4200.5225282004185
434,LOAD,24593146,4066.173559088374
435,LOAD,20539055,4868.773173838816
436,LOAD,24059684,4156.330565272595
437,LOAD,20432641,4894.129936506984
438,LOAD,24838788,4025.96133112453
439,LOAD,21010068,4759.622862715152
440,LOAD,23475074,4259.837476976643
441,LOAD,20438566,4892.711161830042
442,LOAD,24215762,4129.541742275135
443,LOAD,21110383,4737.005482089075
444,LOAD,24358462,4105.349508519873
445,LOAD,22337000,4476.876930653176
446,LOAD,28441890,3515.940747960139
447,LOAD,26576260,3762.7566858542173
448,LOAD,28370789,3524.7521667444635
449,LOAD,24027512,4161.895746842203
450,LOAD,23667228,4225.251896842335
451,LOAD,22747533,4396.0811047070465
452,LOAD,23595337,4238.125524547499
453,LOAD,22430286,4458.257910755128
454,LOAD,23825543,4197.176114726954
455,LOAD,22092015,4526.522365660172
456,LOAD,22948858,4357.515306426141
457,LOAD,22092170,4526.490607305665
458,LOAD,24388059,4100.367315004445
459,LOAD,21663976,4615.957846334394
460,LOAD,25567318,3911.2432520297984
461,LOAD,21885312,4569.274589277045
462,LOAD,24314268,4112.811457042425
463,LOAD,21760694,4595.44167111582
464,LOAD,24300937,4115.067661794275
465,LOAD,24979635,4003.2610564565894
466,LOAD,28903635,3459.772447306368
467,LOAD,26887480,3719.2031384123766
468,LOAD,27012502,3701.989545433444
469,LOAD,24072228,4154.164707978007
470,LOAD,24864040,4021.872551685084
471,LOAD,21683713,4611.756298379341
472,LOAD,23895416,4184.903079318644
473,LOAD,27333387,3658.529402155686
474,LOAD,23731399,4213.826584770666
475,LOAD,26700013,3745.3165284975703
476,LOAD,25252671,3959.9771445959127
477,LOAD,23286991,4294.243081899246
478,LOAD,22860701,4374.319055220572
479,LOAD,21709814,4606.211734471793
480,LOAD,27128275,3686.1908838656345
481,LOAD,20993907,4763.286795545012
482,LOAD,25244385,3961.27693346461
483,LOAD,22238994,4496.606276345054
484,LOAD,25153576,3975.577866145156
485,LOAD,24021390,4162.956431746872
486,LOAD,28649273,3490.4899681049496
487,LOAD,25751613,3883.2518957162024
488,LOAD,28363347,3525.676994326516
489,LOAD,25786084,3878.0607400487793
490,LOAD,25000250,3999.960000399996
491,LOAD,21006060,4760.5310086708305
492,LOAD,25300604,3952.474810482786
493,LOAD,22070454,4530.944401959289
494,LOAD,26560809,3764.9455632168433
495,LOAD,24074249,4153.815971580256
496,LOAD,24165162,4138.188686672161
497,LOAD,26278886,3805.3363449272547
498,LOAD,29278283,3415.500833843296
499,LOAD,24847707,4024.5162259841522
500,LOAD,28260202,3538.545124341291
501,LOAD,25923694,3857.474941649905
502,LOAD,27896538,3584.674198640706
503,LOAD,26574071,3763.066637400043
504,LOAD,28476706,3511.6421119774177
505,LOAD,26291017,3803.5805157328073
506,LOAD,28379687,3523.6470366991716
507,LOAD,25986160,3848.2022738257597
508,LOAD,27780017,3599.7098201919744
509,LOAD,25686367,3893.115752803812
510,LOAD,26624448,3755.94641436322
511,LOAD,24684391,4051.14308876407
512,LOAD,23710244,4217.58628886316
513,LOAD,28350099,3527.324543028933
514,LOAD,28024999,3568.242767823114
515,LOAD,24294134,4116.219989566205
516,LOAD,25683310,3893.5791375800077
517,LOAD,23143214,4320.921026785649
518,LOAD,23066794,4335.236184100834
519,LOAD,21802988,4586.527314513039
520,LOAD,24316520,4112.430561609967
521,LOAD,22148216,4515.036335206411
522,LOAD,24428570,4093.5674908518995
523,LOAD,21346649,4684.57601940239
524,LOAD,24724872,4044.51032142856
525,LOAD,22010168,4543.354689523497
526,LOAD,28336746,3528.9867086361996
527,LOAD,31969522,3127.9792046937705
528,LOAD,23544902,4247.203917009296
529,LOAD,29171999,3427.944721923239
530,LOAD,23658108,4226.880695616065
531,LOAD,25424453,3933.2212968357667
532,LOAD,27074934,3693.45314008891
533,LOAD,29490252,3390.9510166274604
534,LOAD,27384586,3651.6893116441493
535,LOAD,27638398,3618.154713598089
536,LOAD,25596641,3906.762609984646
537,LOAD,22970659,4353.379674479517
538,LOAD,26736362,3740.2246423802912
539,LOAD,26645896,3752.9231518429706
540,LOAD,30038101,3329.1052586846286
541,LOAD,28510270,3507.5079962413547
542,LOAD,27113018,3688.265172102936
543,LOAD,26677139,3748.527906234623
544,LOAD,28104489,3558.150443510999
545,LOAD,25700532,3890.970039063783
546,LOAD,29058935,3441.282345688168
547,LOAD,26632543,3754.804789013201
548,LOAD,28307358,3532.6504154856134
549,LOAD,25702890,3890.613078918363
550,LOAD,29684106,3368.806188739523
551,LOAD,27347353,3656.661030411243
552,LOAD,28974585,3451.3005104300887
553,LOAD,28904411,3459.6795624031224
554,LOAD,27487410,3638.0291922738447
555,LOAD,24587857,4067.048218150935
556,LOAD,24432674,4092.879886990675
557,LOAD,24612197,4063.0261491893634
558,LOAD,26392568,3788.945433426562
559,LOAD,23040222,4340.235957795892
560,LOAD,24452409,4089.5766139033585
561,LOAD,23757730,4209.156346166069
562,LOAD,27329996,3658.9833383071114
563,LOAD,27131731,3685.7213422910613
564,LOAD,28651004,3490.279084111677
565,LOAD,23685957,4221.910898512566
566,LOAD,23939093,4177.267701829806
567,LOAD,22823129,4381.520167545826
568,LOAD,24680732,4051.7436841014282
569,LOAD,22465639,4451.242183674366
570,LOAD,26637196,3754.148897654243
571,LOAD,23657417,4227.004156878158
572,LOAD,23829354,4196.504865385776
573,LOAD,24755246,4039.547819480364
574,LOAD,25962741,3851.6734423380026
575,LOAD,29836092,3351.6453830481555
576,LOAD,26042654,3839.854417295564
577,LOAD,24638322,4058.7179597701497
578,LOAD,26306056,3801.406033652479
579,LOAD,26442840,3781.7420519127295
580,LOAD,28048271,3565.2821523294606
581,LOAD,26885876,3719.425024499853
582,LOAD,25401450,3936.7831363957566
583,LOAD,24731777,4043.381112485366
584,LOAD,18541611,5393.274618909867
585,LOAD,26415296,3785.6853847104344
586,LOAD,24213264,4129.967773035473
587,LOAD,25639024,3900.3044733684087
588,LOAD,26477493,3776.792614013721
589,LOAD,29214546,3422.9523881699206
590,LOAD,25970151,3850.574453725741
591,LOAD,29055528,3441.6858643904184
592,LOAD,26438306,3782.390596432313
593,LOAD,29101461,3436.2535956528095
594,LOAD,27644881,3617.3062202727515
595,LOAD,26100084,3831.4052935615073
596,LOAD,26800365,3731.2924656063456
597,LOAD,29151856,3430.3133220745876
598,LOAD,26316597,3799.8833967780865
599,LOAD,29482555,3391.836290986314
600,LOAD,24666908,4054.0143904538018
601,LOAD,28194809,3546.7521698763767
602,LOAD,25280539,3955.611864129954
603,LOAD,26720604,3742.430373205636
604,LOAD,23963598,4172.9960584383025
605,LOAD,24554334,4072.600788113414
606,LOAD,22310387,4482.217184309712
607,LOAD,28690265,3485.5028351951437
608,LOAD,27119672,3687.3602306104585
609,LOAD,26769259,3735.628244323087
610,LOAD,24713956,4046.296756375224
611,LOAD,29149881,3430.545737047777
612,LOAD,24585829,4067.3836948918824
613,LOAD,25542109,3915.1034865601746
614,LOAD,21869930,4572.48834358409
615,LOAD,26664282,3750.3353737407965
616,LOAD,23999087,4166.825179641209
617,LOAD,24935254,4010.386258748357
618,LOAD,26364962,3792.912730160582
619,LOAD,28574293,3499.649142675201
620,LOAD,26694132,3746.1416613958454
621,LOAD,28156442,3551.585104396358
622,LOAD,26902463,3717.131773399335
623,LOAD,28809546,3471.071706579479
624,LOAD,26364958,3792.9133056081487
625,LOAD,26512794,3771.7639265028047
626,LOAD,24823125,4028.5016491678625
627,LOAD,26280998,3805.030539555614
628,LOAD,24138540,4142.752627126579
629,LOAD,28323894,3530.5879904789927
630,LOAD,26593879,3760.2637810001315
631,LOAD,30840824,3242.4555193466945
632,LOAD,27638844,3618.0963284860973
633,LOAD,27689286,3611.5051865187133
634,LOAD,25112998,3982.001671007181
635,LOAD,26339957,3796.5134111646425
636,LOAD,28535593,3504.3953703713114
637,LOAD,26264454,3807.4273312515843
638,LOAD,27714982,3608.1567723911926
639,LOAD,28672273,3487.6900062998147
640,LOAD,28150069,3552.3891611064964
641,LOAD,28835821,3467.908890126624
642,LOAD,26342970,3796.0791816564342
643,LOAD,26343731,3795.969523071732
644,LOAD,26425152,3784.273407396105
645,LOAD,27644567,3617.347307338907
646,LOAD,25515394,3919.202658598962
647,LOAD,28012475,3569.838081069238
648,LOAD,25904886,3860.2756252237514
649,LOAD,27182727,3678.8067657818146
650,LOAD,24199935,4132.242503957138
651,LOAD,25529232,3917.07827325162
652,LOAD,22622351,4420.407056720143
653,LOAD,27110710,3688.5791629949936
654,LOAD,24193016,4133.424290712659
655,LOAD,25366108,3942.2681634880682
656,LOAD,23756110,4209.443381092275
657,LOAD,26911499,3715.8836822876347
658,LOAD,24620657,4061.630036923873
659,LOAD,26011093,3844.513569652763
660,LOAD,22314881,4481.314509362609
661,LOAD,27571487,3626.935319085256
662,LOAD,25444687,3930.09353976333
663,LOAD,29640476,3373.7649827216
664,LOAD,30158956,3315.7646438424463
665,LOAD,28827160,3468.9508088899497
666,LOAD,29014868,3446.5088726235117
667,LOAD,27352288,3656.00128223277
668,LOAD,27060003,3695.491090669872
669,LOAD,27646884,3617.0441486281056
670,LOAD,27387343,3651.321707257254
671,LOAD,29125949,3433.3645231611163
672,LOAD,28111115,3557.3117608461994
673,LOAD,27866259,3588.569244260595
674,LOAD,24665635,4054.223619217588
675,LOAD,28120965,3556.0657324526383
676,LOAD,27558518,3628.6421497701726
677,LOAD,27513596,3634.5667065839016
678,LOAD,28095913,3559.2365337976385
679,LOAD,28132914,3554.5553510738346
680,LOAD,25362432,3942.8395510335913
681,LOAD,27912992,3582.561124224877
682,LOAD,28476669,3511.6466746865653
683,LOAD,30058358,3326.8617001633957
684,LOAD,29228712,3421.2934186083876
685,LOAD,26224404,3813.2420473693132
686,LOAD,24585235,4067.481966310267
687,LOAD,25345554,3945.4651494301525
688,LOAD,21743678,4599.03793645215
689,LOAD,26008016,3844.968412815495
690,LOAD,23510910,4253.344511122708
691,LOAD,24872361,4020.5270420447823
692,LOAD,26266030,3807.1988800743775
693,LOAD,26368726,3792.3713113784866
694,LOAD,24572244,4069.6323868507898
695,LOAD,25484619,3923.93545298833
696,LOAD,22668771,4411.3551634537225
697,LOAD,26488012,3775.2927626278633
698,LOAD,25290640,3954.0320055166653
699,LOAD,27116388,3687.8067978670315
700,LOAD,25446277,3929.847969508467
701,LOAD,27563419,3627.996947693608
702,LOAD,26373377,3791.702518793858
703,LOAD,30620902,3265.7431188669752
704,LOAD,29292279,3413.8688901604414
705,LOAD,28180580,3548.5430037280994
706,LOAD,27569710,3627.169092456903
707,LOAD,27544954,3630.4290070696798
708,LOAD,25138557,3977.9530702577717
709,LOAD,27167126,3680.9193581978457
710,LOAD,27742387,3604.5924959521326
711,LOAD,29101393,3436.2616250019373
712,LOAD,27712054,3608.53800299321
713,LOAD,28930373,3456.5748599231683
714,LOAD,25328078,3948.1874621516877
715,LOAD,27290325,3664.302275623321
716,LOAD,30165923,3314.99884820365
717,LOAD,30486607,3280.1288775756516
718,LOAD,28624382,3493.5252051904563
719,LOAD,28327890,3530.0899572823814
720,LOAD,28491569,3509.810217892879
721,LOAD,27594135,3623.9584969777093
722,LOAD,28287787,3535.0944914849647
723,LOAD,28839939,3467.413714016524
724,LOAD,29958570,3337.943032661439
725,LOAD,32727645,3055.520799006467
726,LOAD,30558413,3272.4212477918927
727,LOAD,29039083,3443.634910923324
728,LOAD,27189399,3677.9040242853475
729,LOAD,28018390,3569.0844477502096
730,LOAD,26487826,3775.3192730879464
731,LOAD,28080112,3561.239356880058
732,LOAD,25762222,3881.6527549525817
733,LOAD,26427330,3783.961527706356
734,LOAD,24510718,4079.8478445225473
735,LOAD,25043801,3993.004097101714
736,LOAD,23632668,4231.430831254432
737,LOAD,29787650,3357.0959776954546
738,LOAD,29332658,3409.1693974681734
739,LOAD,28859812,3465.0260368986465
740,LOAD,25692556,3892.177952244222
741,LOAD,29046916,3442.7062755991033
742,LOAD,25882453,3863.6214272271645
743,LOAD,28670600,3487.893521586573
744,LOAD,25875083,3864.721902534573
745,LOAD,29113005,3434.8910392451758
746,LOAD,26866891,3722.053288562491
747,LOAD,29247464,3419.0998576833877
748,LOAD,29428398,3398.0782779952888
749,LOAD,28966221,3452.2970738916893
750,LOAD,28050560,3564.991215861644
751,LOAD,27631210,3619.095942595348
752,LOAD,25401208,3936.820642545819
753,LOAD,26452180,3780.406756645388
754,LOAD,24107819,4148.031806610129
755,LOAD,30173031,3314.2179186439703
756,LOAD,28400777,3521.0304281463846
757,LOAD,28298364,3533.773189149733
758,LOAD,25666008,3896.2038818035126
759,LOAD,29447544,3395.868939019159
760,LOAD,28327351,3530.1571262346415
761,LOAD,29139484,3431.7697595468744
762,LOAD,26444344,3781.5269684889895
763,LOAD,28465889,3512.9765313143744
764,LOAD,26939277,3712.052108896612
765,LOAD,28777752,3474.906587561113
766,LOAD,28818172,3470.0327279606768
767,LOAD,30193670,3311.9524721572434
768,LOAD,28355268,3526.681532334662
769,LOAD,28837792,3467.6718661400987
770,LOAD,26964939,3708.51942220229
771,LOAD,28055314,3564.387124663798
772,LOAD,24080748,4152.694924592874
773,LOAD,25021186,3996.6131101859037
774,LOAD,24238409,4125.683331773138
775,LOAD,26742933,3739.305632631993
776,LOAD,24774311,4036.439197037609
777,LOAD,25310694,3950.899173290152
778,LOAD,24032927,4160.958005656156
779,LOAD,28184036,3548.107872130166
780,LOAD,26900403,3717.416426809665
781,LOAD,27453809,3642.4818137257384
782,LOAD,25782105,3878.6592483429886
783,LOAD,26852724,3724.016974963136
784,LOAD,24367259,4103.867406670566
785,LOAD,25017347,3997.2264045424163
786,LOAD,27257285,3668.743970648581
787,LOAD,30630143,3264.7578563377915
788,LOAD,23870220,4189.320416820625
789,LOAD,27983974,3573.473874725584
790,LOAD,27823318,3594.1076474056763
791,LOAD,33171785,3014.6101573973183
792,LOAD,31865823,3138.1583962228124
793,LOAD,29659284,3371.625559133525
794,LOAD,28242967,3540.7044875986294
795,LOAD,28615042,3494.665497957333
796,LOAD,27204053,3675.922848701993
797,LOAD,27600360,3623.141147434309
798,LOAD,26642141,3753.452096811589
799,LOAD,27958764,3576.696022756943
800,LOAD,25142430,3977.3402968607247
801,LOAD,27170836,3680.4167527270783
802,LOAD,25496131,3922.1637196639754
803,LOAD,29260569,3417.568537371915
804,LOAD,28025253,3568.210427930838
805,LOAD,28383379,3523.1886943411496
806,LOAD,25289841,3954.156928072423
807,LOAD,30731996,3253.937687613912
808,LOAD,29418844,3399.181830530119
809,LOAD,32773175,3051.275929170732
810,LOAD,29515044,3388.102690953129
811,LOAD,27200936,3676.3440787478785
812,LOAD,25814195,3873.837630807391
813,LOAD,26403952,3787.311838773226
814,LOAD,23326218,4287.021582324232
815,LOAD,29736029,3362.9238120530486
816,LOAD,27755169,3602.93248439597
817,LOAD,26011115,3844.510317992904
818,LOAD,25689958,3892.5715643443245
819,LOAD,29572554,3381.513818522404
820,LOAD,26455560,3779.923766497477
821,LOAD,29082391,3438.506827034957
822,LOAD,29076669,3439.183491066325
823,LOAD,30764432,3250.5069490637757
824,LOAD,27341166,3657.4884918953344
825,LOAD,27656223,3615.822739063103
826,LOAD,25430226,3932.328403215921
827,LOAD,26730096,3741.1014161714947
828,LOAD,28050060,3565.0547628062113
829,LOAD,28016821,3569.284323871006
830,LOAD,24945275,4008.775208932353
831,LOAD,30280191,3302.4890761091965
832,LOAD,30118551,3320.2128482210182
833,LOAD,30940143,3232.0471175585712
834,LOAD,26321609,3799.159846193293
835,LOAD,27774072,3600.4803328802486
836,LOAD,30007207,3332.5327478828667
837,LOAD,29213713,3423.0499902562883
838,LOAD,28276579,3536.495698436505
839,LOAD,26393704,3788.7823550646776
840,LOAD,28118224,3556.4123822329607
841,LOAD,28458717,3513.861851186053
842,LOAD,28007208,3570.509420289234
843,LOAD,25630774,3901.5598982691668
844,LOAD,30599702,3268.005681885399
845,LOAD,26760350,3736.871901899639
846,LOAD,28857287,3465.329225162435
847,LOAD,27657987,3615.5921253415877
848,LOAD,28211982,3544.5932157478337
849,LOAD,28681121,3486.6140692339045
850,LOAD,30142785,3317.5434851159243
851,LOAD,26267135,3807.0387196776505
852,LOAD,30664156,3261.136553049104
853,LOAD,28804740,3471.65084635376
854,LOAD,32816838,3047.2161882263003
855,LOAD,24599303,4065.1558298216823
856,LOAD,29209701,3423.5201517468463
857,LOAD,26904552,3716.8431572471454
858,LOAD,29720639,3364.6652079048504
859,LOAD,27842232,3591.666070450099
860,LOAD,27705990,3609.327802399409
861,LOAD,24789883,4033.903669492914
862,LOAD,28327023,3530.1980020985616
863,LOAD,28422329,3518.3605115541377
864,LOAD,25111585,3982.2257336603807
865,LOAD,26863419,3722.5343505232895
866,LOAD,27538930,3631.2231448353295
867,LOAD,27646751,3617.06154911295
868,LOAD,26463684,3778.763380034314
869,LOAD,27405061,3648.961044093279
870,LOAD,29740841,3362.3796986776533
871,LOAD,27002581,3703.349690905473
872,LOAD,29335812,3408.8028652487956
873,LOAD,28208180,3545.070968775724
874,LOAD,26507765,3772.4794979886083
875,LOAD,27709049,3608.929342901664
876,LOAD,28022591,3568.549389312359
877,LOAD,29218389,3422.502178337074
878,LOAD,28485439,3510.5655208613775
879,LOAD,25631605,3901.433406140583
880,LOAD,28250339,3539.7805314831794
881,LOAD,25841926,3869.6806112671325
882,LOAD,27868778,3588.2448810636765
883,LOAD,28224103,3543.0709702271142
884,LOAD,29317736,3410.9045800808085
885,LOAD,26640400,3753.697391931052
886,LOAD,28920929,3457.7035889822214
887,LOAD,28547868,3502.888551957715
888,LOAD,33113105,3019.952372331136
889,LOAD,28841112,3467.2726904565952
890,LOAD,29010046,3447.0817454064013
891,LOAD,26341453,3796.297797239962
892,LOAD,27724727,3606.8885367203075
893,LOAD,26138420,3825.785950336707
894,LOAD,28456585,3514.125113747837
895,LOAD,26408538,3786.65414950271
896,LOAD,27896804,3584.6400182615903
897,LOAD,28025758,3568.146131854846
898,LOAD,28539216,3503.9504939448934
899,LOAD,25296539,3953.1099491515415
900,LOAD,26390985,3789.1727042397247
901,LOAD,23676609,4223.5777935936685
902,LOAD,29419026,3399.1608015846614
903,LOAD,27102466,3689.7011511793794
904,LOAD,29949299,3338.976314604225
905,LOAD,30874527,3238.9160164299847
906,LOAD,29077300,3439.108858112686
907,LOAD,27658749,3615.492515587021
908,LOAD,28272117,3537.053840007807
909,LOAD,27429480,3645.7125691044816
910,LOAD,28895129,3460.790917389571
911,LOAD,26176162,3820.2697553598578
912,LOAD,30407515,3288.6607143003957
913,LOAD,28419128,3518.7568035162794
914,LOAD,29001007,3448.1561278199756
915,LOAD,28583418,3498.531911054164
916,LOAD,28946238,3454.6803629542464
917,LOAD,26486907,3775.4502630299567
918,LOAD,28790273,3473.39533737662
919,LOAD,27099207,3690.1448813612883
920,LOAD,29461750,3394.2315035597003
921,LOAD,27560963,3628.3202441075805
922,LOAD,30511855,3277.4146311327186
923,LOAD,30732287,3253.9068765041793
924,LOAD,29329421,3409.545657242944
925,LOAD,26359485,3793.700825338583
926,LOAD,32236166,3102.1058769830133
927,LOAD,30034519,3329.502297006987
928,LOAD,28337532,3528.8888248983717
929,LOAD,29310652,3411.728950962947
930,LOAD,28261741,3538.352432003393
931,LOAD,27785218,3599.0360054040243
932,LOAD,30219062,3309.169556619593
933,LOAD,28597080,3496.860518626377
934,LOAD,28136106,3554.1520919774753
935,LOAD,29076453,3439.209039699581
936,LOAD,30440636,3285.0824798798553
937,LOAD,26869867,3721.6410486884806
938,LOAD,29154379,3430.0164651080377
939,LOAD,28716330,3482.3391429197254
940,LOAD,30648968,3262.7525990434656
941,LOAD,28651706,3490.19356822941
942,LOAD,27706684,3609.2373955685202
943,LOAD,26312756,3800.43808409883
944,LOAD,30516810,3276.8824788698425
945,LOAD,28613774,3494.8203616901424
946,LOAD,32349422,3091.245339715807
947,LOAD,28574953,3499.568310751027
948,LOAD,27630558,3619.18134262797
949,LOAD,33031542,3027.409377376327
950,LOAD,30904049,3235.8219468264497
951,LOAD,29197307,3424.973405937746
952,LOAD,28199318,3546.1850531278806
953,LOAD,25460779,3927.6095990621493
954,LOAD,27430285,3645.6055779223584
955,LOAD,26131268,3826.8330492037353
956,LOAD,26925457,3713.9573898411454
957,LOAD,28208200,3545.0684552718717
958,LOAD,28301824,3533.341172639615
959,LOAD,29670676,3370.3310298693564
960,LOAD,27872901,3587.714102669112
961,LOAD,26537084,3768.311544704761
962,LOAD,29084886,3438.211860276846
963,LOAD,31470180,3177.611313313111
964,LOAD,28378323,3523.816400285528
965,LOAD,28098515,3558.9069386762962
966,LOAD,31027428,3222.9548643219796
967,LOAD,27851256,3590.5023457469924
968,LOAD,28550138,3502.61003992345
969,LOAD,29442838,3396.4117181910246
970,LOAD,28847732,3466.4770180199957
971,LOAD,25425631,3933.039065972443
972,LOAD,28128909,3555.0614494149063
973,LOAD,26608547,3758.1909301548862
974,LOAD,31213513,3203.740636307102
975,LOAD,33436595,2990.7351511121274
976,LOAD,29417115,3399.3816184897805
977,LOAD,29239185,3420.0679670107083
978,LOAD,30940067,3232.0550566357856
979,LOAD,35135363,2846.1353878711884
980,LOAD,33944768,2945.962099372722
981,LOAD,29311574,3411.621634512019
982,LOAD,29465651,3393.7821363593835
983,LOAD,29110586,3435.1764681068257
984,LOAD,29171487,3428.004887100887
985,LOAD,28141684,3553.4476188418575
986,LOAD,29278894,3415.429558233996
987,LOAD,27393223,3650.5379450968585
988,LOAD,28986719,3449.8557770543125
989,LOAD,26807087,3730.356826909242
990,LOAD,33324123,3000.8291591049524
991,LOAD,29286457,3414.547550084327
992,LOAD,28810541,3470.951829748702
993,LOAD,28361148,3525.950359978376
994,LOAD,29702762,3366.690276143343
995,LOAD,27853062,3590.2695366132457
996,LOAD,30984379,3227.432765394459
997,LOAD,28073791,3562.0411935103457
998,LOAD,28906561,3459.422239816075
999,LOAD,30753717,3251.6394684909146
1000,LOAD,32117438,3113.5733802926625
1001,LOAD,28508312,3507.7488979354516
1002,LOAD,28717556,3482.1904760976176
1003,LOAD,27364622,3654.3534202665032
1004,LOAD,28102593,3558.3905015455334
1005,LOAD,26604911,3758.7045489458696
1006,LOAD,27655250,3615.949955252619
1007,LOAD,26607790,3758.2978518696964
1008,LOAD,31605298,3164.02648695165
1009,LOAD,32753726,3053.0877616793887
1010,LOAD,28292206,3534.5423400352734
1011,LOAD,28936637,3455.8266048677324
1012,LOAD,28427486,3517.7222495158385
1013,LOAD,26559856,3765.080654051739
1014,LOAD,33045252,3026.153348747348
1015,LOAD,23978232,4170.44926414925
1016,LOAD,31613618,3163.1937856654054
1017,LOAD,25224094,3964.4635006514004
1018,LOAD,30777281,3249.1499167843967
1019,LOAD,30253047,3305.4521747842455
1020,LOAD,29945129,3339.4412827542
1021,LOAD,29375374,3404.211977011765
1022,LOAD,30431287,3286.09171212509
1023,LOAD,29257842,3417.8870745149284
1024,LOAD,29061361,3440.995072460646
1025,LOAD,29251902,3418.5811233744735
1026,LOAD,30514324,3277.1494462731666
1027,LOAD,25595214,3906.9804221992435
1028,LOAD,32018206,3123.223081268201
1029,LOAD,30945823,3231.4538863613357
1030,LOAD,27841061,3591.817136566742
1031,LOAD,31209011,3204.2027861760826
1032,LOAD,31539032,3170.674356777976
1033,LOAD,27416333,3647.460803747897
1034,LOAD,28792091,3473.1760190671807
1035,LOAD,28448743,3515.0937951810383
1036,LOAD,25535989,3916.0417871420605
1037,LOAD,26365597,3792.8213800734343
1038,LOAD,25611869,3904.439773606526
1039,LOAD,29526538,3386.7837807466626
1040,LOAD,28737513,3479.7722405554023
1041,LOAD,26512728,3771.7733158202354
1042,LOAD,31375800,3187.1697295367767
1043,LOAD,31937946,3131.071735170446
1044,LOAD,28296437,3534.013840682486
1045,LOAD,27774865,3600.3775355883818
1046,LOAD,28936235,3455.8746153395564
1047,LOAD,27830691,3593.1554843535864
1048,LOAD,31897985,3134.994263744246
1049,LOAD,32625077,3065.1268654477044
1050,LOAD,27617917,3620.8378785409486
1051,LOAD,29799306,3355.7828494395135
1052,LOAD,30909561,3235.244913378097
1053,LOAD,31853957,3139.3273997324727
1054,LOAD,29317003,3410.989861412505
1055,LOAD,29937111,3340.3356790172575
1056,LOAD,30100369,3322.2184086846246
1057,LOAD,29522273,3387.273059902942
1058,LOAD,30195749,3311.724441741783
1059,LOAD,28711149,3482.9675398919076
1060,LOAD,27482378,3638.695312319771
1061,LOAD,29304427,3412.4536883113255
1062,LOAD,26324251,3798.778548343123
1063,LOAD,29939239,3340.0982570064657
1064,LOAD,28558818,3501.5454771272393
1065,LOAD,27614486,3621.2877545502747
1066,LOAD,27448881,3643.1357620735066
1067,LOAD,29518104,3387.7514626278166
1068,LOAD,29731839,3363.397736682215
1069,LOAD,28826383,3469.0443126354076
1070,LOAD,26606450,3758.4871337589193
1071,LOAD,28672842,3487.6207946181266
1072,LOAD,26037020,3840.685301159657
1073,LOAD,31701127,3154.4619849004107
1074,LOAD,29607402,3377.533766724956
1075,LOAD,28778244,3474.847179695884
1076,LOAD,28970796,3451.751895253413
1077,LOAD,31921456,3132.68918560607
1078,LOAD,30310211,3299.21820735593
1079,LOAD,29960975,3337.6750923492978
1080,LOAD,31376271,3187.121885835318
1081,LOAD,30360432,3293.760773891491
1082,LOAD,27190255,3677.7882369988806
1083,LOAD,29761885,3360.0022310414815
1084,LOAD,29328538,3409.6483090974393
1085,LOAD,29936859,3340.3637970169148
1086,LOAD,30104852,3321.723687596936
1087,LOAD,32689653,3059.071933250561
1088,LOAD,30004732,3332.807638475158
1089,LOAD,33773956,2960.8613216645394
1090,LOAD,32269537,3098.897886263444
1091,LOAD,29910598,3343.2965800282564
1092,LOAD,30100235,3322.2331985115734
1093,LOAD,31511378,3173.4569018213037
1094,LOAD,31901211,3134.6772384283468
1095,LOAD,31532719,3171.309140832416
1096,LOAD,31669643,3157.5979558721265
1097,LOAD,33317242,3001.4489194513762
1098,LOAD,31439961,3180.6655230901843
1099,LOAD,34009421,2940.3617309450815
1100,LOAD,30853066,3241.1689651848537
1101,LOAD,33449177,2989.6101778528064
1102,LOAD,30317226,3298.4548124554667
1103,LOAD,30914038,3234.7763821730437
1104,LOAD,28904620,3459.6545465742156
1105,LOAD,29426899,3398.2513753827748
1106,LOAD,30162352,3315.3913196159237
1107,LOAD,34621585,2888.371517364095
1108,LOAD,30975461,3228.3619604563755
1109,LOAD,31854687,3139.255457132572
1110,LOAD,37971965,2633.521862774286
1111,LOAD,32543222,3072.8364880404283
1112,LOAD,30343220,3295.629138898245
1113,LOAD,31512917,3173.3019193367595
1114,LOAD,32077469,3117.4529386966287
1115,LOAD,31705550,3154.0219299144787
1116,LOAD,29388123,3402.7351797867454
1117,LOAD,31142627,3211.0329035504938
1118,LOAD,33307530,3002.324099085102
1119,LOAD,29226465,3421.556455767059
1120,LOAD,29778332,3358.1464536025724
1121,LOAD,31384731,3186.2627721741505
1122,LOAD,30950194,3230.9975181415666
1123,LOAD,29859584,3349.008479153628
1124,LOAD,31294308,3195.46928470187
1125,LOAD,31814994,3143.1720527748644
1126,LOAD,31185702,3206.5976901850727
1127,LOAD,32755278,3052.943101261421
1128,LOAD,29781624,3357.775250939975
1129,LOAD,30137270,3318.1505823188363
1130,LOAD,28251385,3539.649472052432
1131,LOAD,30562989,3271.9312891811724
1132,LOAD,30432727,3285.936222540951
1133,LOAD,33973530,2943.468047035442
1134,LOAD,28858337,3465.203140430441
1135,LOAD,30038879,3329.0190356304574
1136,LOAD,31319982,3192.8498554054086
1137,LOAD,32814714,3047.413425574881
1138,LOAD,33177201,3014.118038468646
1139,LOAD,29145419,3431.0709343379144
1140,LOAD,29980422,3335.5100872162507
1141,LOAD,32617280,3065.8595689156177
1142,LOAD,30195656,3311.734641565661
1143,LOAD,29859467,3349.021601758665
1144,LOAD,29501494,3389.658842362356
1145,LOAD,31938189,3131.047912578888
1146,LOAD,29864475,3348.460001389611
1147,LOAD,31353103,3189.4769713862133
1148,LOAD,31102724,3215.15247346181
1149,LOAD,30351812,3294.696211217966
1150,LOAD,30897422,3236.5159785822907
1151,LOAD,31349553,3189.8381453796164
1152,LOAD,29249122,3418.90604442759
1153,LOAD,29578095,3380.8803440519073
1154,LOAD,29410977,3400.091061238802
1155,LOAD,30807390,3245.974423669126
1156,LOAD,29055926,3441.6387211338574
1157,LOAD,29844964,3350.6490408231016
1158,LOAD,27241645,3670.8502735425855
1159,LOAD,27395322,3650.258244820046
1160,LOAD,26827712,3727.4889487407645
1161,LOAD,29018524,3446.074652177347
1162,LOAD,27603461,3622.734120188769
1163,LOAD,31216939,3203.389031833006
1164,LOAD,29219572,3422.363612992004
1165,LOAD,29732801,3363.2889144887495
1166,LOAD,30100523,3322.2014115834468
1167,LOAD,32983423,3031.826017572524
1168,LOAD,29277220,3415.6248441621165
1169,LOAD,29696376,3367.4142595716057
1170,LOAD,28123462,3555.7499997688765
1171,LOAD,30500503,3278.634453995726
1172,LOAD,28320279,3531.038659612075
1173,LOAD,30688182,3258.583385617304
1174,LOAD,30382996,3291.314655078782
1175,LOAD,33604005,2975.835767195011
1176,LOAD,31224848,3202.5776394491977
1177,LOAD,33883560,2951.2837494053165
1178,LOAD,29578164,3380.8724571274947
1179,LOAD,28880961,3462.488661648066
1180,LOAD,30347677,3295.1451275825825
1181,LOAD,30800669,3246.6827262745496
1182,LOAD,29602395,3378.105048594886
1183,LOAD,34354498,2910.826989816588
1184,LOAD,31896349,3135.155061163897
1185,LOAD,34486582,2899.6784894484467
1186,LOAD,31043908,3221.243923284401
1187,LOAD,34018556,2939.572155855175
1188,LOAD,29890813,3345.5095383320618
1189,LOAD,29858131,3349.1714534978764
1190,LOAD,29450884,3395.4838163771246
1191,LOAD,31290046,3195.9045378201104
1192,LOAD,30965290,3229.4223629102135
1193,LOAD,34241324,2920.4478191322273
1194,LOAD,29385818,3403.0020876056606
1195,LOAD,32261112,3099.707164464759
1196,LOAD,29024295,3445.3894573494376
1197,LOAD,29557648,3383.2191248775953
1198,LOAD,27826127,3593.744828376583
1199,LOAD,30757385,3251.251691260489
1200,LOAD,28273208,3536.9173529936893
1201,LOAD,28660002,3489.183287565716
1202,LOAD,26429230,3783.6894983319603
1203,LOAD,32248840,3100.886729569188
1204,LOAD,30129330,3319.0250164872564
1205,LOAD,30212515,3309.8866479669105
1206,LOAD,27979664,3574.024334245043
1207,LOAD,27291007,3664.21070501356
1208,LOAD,26314447,3800.1938630897316
1209,LOAD,27995604,3571.9893737602515
1210,LOAD,29624180,3375.620861066872
1211,LOAD,31331033,3191.7236817566786
1212,LOAD,27688008,3611.671883365535
1213,LOAD,30956776,3230.3105465504545
1214,LOAD,30682754,3259.1598524695664
1215,LOAD,32570715,3070.2427011504046
1216,LOAD,29473698,3392.8555554854365
1217,LOAD,30295958,3300.770353589743
1218,LOAD,28900745,3460.118415632538
1219,LOAD,31312607,3193.6018613844576
1220,LOAD,29093812,3437.1570146943964
1221,LOAD,29141500,3431.532350771237
1222,LOAD,27365254,3654.2690230465246
1223,LOAD,29546916,3384.4479741980517
1224,LOAD,29670359,3370.3670387001384
1225,LOAD,30430742,3286.150564452224
1226,LOAD,29363477,3405.591238394554
1227,LOAD,30012158,3331.9829916928998
1228,LOAD,30261457,3304.5335523666295
1229,LOAD,31715114,3153.0708040336854
1230,LOAD,29451616,3395.399423922952
1231,LOAD,29541400,3385.079921736952
1232,LOAD,28870395,3463.7558647881333
1233,LOAD,31845738,3140.13762218354
1234,LOAD,29147280,3430.8518667951175
1235,LOAD,29934894,3340.5830667046957
1236,LOAD,28709570,3483.1590999098908
1237,LOAD,32601753,3067.3197235743733
1238,LOAD,29611246,3377.0953103425636
1239,LOAD,30656532,3261.947567976704
1240,LOAD,28986058,3449.9344477955574
1241,LOAD,22972961,4352.94344512229
1242,LOAD,29631139,3374.828082038966
1243,LOAD,28894154,3460.9076977993545
1244,LOAD,30062781,3326.3722341589087
1245,LOAD,27975780,3574.5205316884817
1246,LOAD,29385763,3403.008456850346
1247,LOAD,28714009,3482.6206260505105
1248,LOAD,29700602,3366.935121382388
1249,LOAD,27487607,3638.003119005594
1250,LOAD,29800526,3355.64546746591
1251,LOAD,28181476,3548.4301815845274
1252,LOAD,29707787,3366.1208086620522
1253,LOAD,28510475,3507.482776067393
1254,LOAD,29196834,3425.0288918312167
1255,LOAD,31078369,3217.6720728169485
1256,LOAD,32835487,3045.4855138892867
1257,LOAD,29068886,3440.1043094668303
1258,LOAD,30299590,3300.37469153873
1259,LOAD,29356093,3406.4478539429615
1260,LOAD,31181700,3207.009239393619
1261,LOAD,31425157,3182.1638949966105
1262,LOAD,33557553,2979.9550640656066
1263,LOAD,29014535,3446.5484282274383
1264,LOAD,30206542,3310.5411403927
1265,LOAD,29018474,3446.0805899028323
1266,LOAD,31266017,3198.36069941368
1267,LOAD,31951903,3129.7040429798503
1268,LOAD,32247447,3101.02067924943
1269,LOAD,32388192,3087.544991705619
1270,LOAD,31434464,3181.2217316636925
1271,LOAD,30628219,3264.962941527877
1272,LOAD,30093380,3322.989973210055
1273,LOAD,30838599,3242.689461995339
1274,LOAD,32320467,3094.014699725719
1275,LOAD,29706872,3366.22448839447
1276,LOAD,30582352,3269.8596890128006
1277,LOAD,29838523,3351.3723182611952
1278,LOAD,29156838,3429.7271878384067
1279,LOAD,29214974,3422.902241843515
1280,LOAD,30731996,3253.937687613912
1281,LOAD,30119557,3320.1019523627124
1282,LOAD,30459965,3282.997862932541
1283,LOAD,28881724,3462.3971893090593
1284,LOAD,30195783,3311.720712789597
1285,LOAD,28415101,3519.2554832024002
1286,LOAD,30111014,3321.0439210051177
1287,LOAD,27854023,3590.1456676473626
1288,LOAD,26819389,3728.645719706739
1289,LOAD,28373042,3524.4722790034284
1290,LOAD,28869736,3463.8349308078186
1291,LOAD,29600001,3378.378264243978
1292,LOAD,29115073,3434.6470640825805
1293,LOAD,27566915,3627.5368498796474
1294,LOAD,29518984,3387.6504692708936
1295,LOAD,28582915,3498.5934779570243
1296,LOAD,29969634,3336.7107519564634
1297,LOAD,29537073,3385.575815179791
1298,LOAD,29768568,3359.2479154522985
1299,LOAD,28040273,3566.299087031
1300,LOAD,30601938,3267.7668976389664
1301,LOAD,28776500,3475.0577728354733
1302,LOAD,28506879,3507.925227451241
1303,LOAD,29730514,3363.5476332497983
1304,LOAD,29965582,3337.1619479975393
1305,LOAD,29662752,3371.2313678784762
1306,LOAD,30901735,3236.064253350176
1307,LOAD,29728622,3363.7616973972085
1308,LOAD,31338854,3190.927147495566
1309,LOAD,35428821,2822.5607620417286
1310,LOAD,36658157,2727.905824616333
1311,LOAD,33294235,3003.522982282068
1312,LOAD,32032387,3121.8404048377665
1313,LOAD,31236818,3201.3504064338435
1314,LOAD,31272561,3197.6914202837434
1315,LOAD,30526144,3275.880504265458
1316,LOAD,30464038,3282.558930631586
1317,LOAD,34218466,2922.398683798391
1318,LOAD,32508287,3076.138708877524
1319,LOAD,33203586,3011.722890413102
1320,LOAD,31649716,3159.5860133468495
1321,LOAD,33083639,3022.6420981077686
1322,LOAD,31429817,3181.692085575936
1323,LOAD,33319841,3001.2148017152904
1324,LOAD,30711816,3256.07577226954
1325,LOAD,32143560,3111.04308296903
1326,LOAD,29093167,3437.233216995592
1327,LOAD,30898446,3236.408717771761
1328,LOAD,27257314,3668.74006734486
1329,LOAD,31850751,3139.6433949077054
1330,LOAD,31309849,3193.8831771433966
1331,LOAD,30641083,3263.592217024444
1332,LOAD,29752994,3361.006290661034
1333,LOAD,32831450,3045.8599909537957
1334,LOAD,26463934,3778.7276827398377
1335,LOAD,27787768,3598.705732680653
1336,LOAD,26929090,3713.456340336788
1337,LOAD,26868065,3721.890653457925
1338,LOAD,24888935,4017.8496990731023
1339,LOAD,33795965,2958.9331152402365
1340,LOAD,34367771,2909.702814302388
1341,LOAD,31728620,3151.728628600929
1342,LOAD,31239901,3201.0344719082177
1343,LOAD,29926601,3341.508780098348
1344,LOAD,30063423,3326.301199966484
1345,LOAD,33535810,2981.8871230484665
1346,LOAD,30428453,3286.397767247648
1347,LOAD,31639242,3160.6319772136135
1348,LOAD,32379143,3088.407867990824
1349,LOAD,31147443,3210.5364154611343
1350,LOAD,31026511,3223.0501199441987
1351,LOAD,30605996,3267.3336296587113
1352,LOAD,31405781,3184.1271516221805
1353,LOAD,32571036,3070.2124427359327
1354,LOAD,30491773,3279.5731491245197
1355,LOAD,34359942,2910.3657974742796
1356,LOAD,31166985,3208.523378183678
1357,LOAD,32730827,3055.2237497695983
1358,LOAD,32649554,3062.828974631629
1359,LOAD,32512254,3075.763372173458
1360,LOAD,30566092,3271.5991301733957
1361,LOAD,35903055,2785.2783001335124
1362,LOAD,30992529,3226.5840583709705
1363,LOAD,33205291,3011.568246759229
1364,LOAD,30076099,3324.8992829821445
1365,LOAD,33765871,2961.570279054848
1366,LOAD,29917535,3342.521367485657
1367,LOAD,34627515,2887.876880567376
1368,LOAD,32472270,3079.550644288188
1369,LOAD,32432422,3083.334325139208
1370,LOAD,29728054,3363.8259672160175
1371,LOAD,29269020,3416.581764609816
1372,LOAD,27242262,3670.7671338011505
1373,LOAD,29866884,3348.1899216536954
1374,LOAD,27530140,3632.382545094213
1375,LOAD,30969781,3228.9540568594916
1376,LOAD,31846374,3140.0749108831037
1377,LOAD,32264778,3099.3549684426775
1378,LOAD,30127992,3319.1724161371258
1379,LOAD,29895422,3344.993758576146
1380,LOAD,32436888,3082.9098031845715
1381,LOAD,31172669,3207.938338549067
1382,LOAD,30484246,3280.3829230350652
1383,LOAD,33430054,2991.3203251182304
1384,LOAD,30153872,3316.3236880490836
1385,LOAD,32492621,3077.621839124643
1386,LOAD,30017313,3331.410776174403
1387,LOAD,30484839,3280.3191120674774
1388,LOAD,29775426,3358.47419949592
1389,LOAD,30340949,3295.875814563348
1390,LOAD,30433000,3285.9067459665494
1391,LOAD,34463905,2901.586456903244
1392,LOAD,32084682,3116.7520999584785
1393,LOAD,34437418,2903.818166623293
1394,LOAD,28820257,3469.7816886226938
1395,LOAD,29974269,3336.19478760266
1396,LOAD,30195893,3311.7086485900586
1397,LOAD,32571934,3070.1277977537347
1398,LOAD,29528913,3386.5113829283187
1399,LOAD,34852192,2869.2599880087887
1400,LOAD,30493467,3279.390959381562
1401,LOAD,34410742,2906.0692733681826
1402,LOAD,29330706,3409.3962825170315
1403,LOAD,31631851,3161.3704806588776
1404,LOAD,29188811,3425.9703144468613
1405,LOAD,30516678,3276.8966530367425
1406,LOAD,34394959,2907.4027970203424
1407,LOAD,32377217,3088.591585867309
1408,LOAD,33757528,2962.3022159679467
1409,LOAD,30288794,3301.551062085866
1410,LOAD,32119945,3113.330362178391
1411,LOAD,34117816,2931.0199691562907
1412,LOAD,33897609,2950.0605780189394
1413,LOAD,31174987,3207.6998139566185
1414,LOAD,32631924,3064.483724588228
1415,LOAD,31786947,3145.945409604766
1416,LOAD,32689899,3059.048912937908
1417,LOAD,32099292,3115.3335095365965
1418,LOAD,30723843,3254.80116533599
1419,LOAD,23883815,4186.935797317137
1420,LOAD,28987444,3449.7694933019966
1421,LOAD,32477910,3079.015860318598
1422,LOAD,31828158,3141.8720492715915
1423,LOAD,35432957,2822.231291619268
1424,LOAD,29570003,3381.8055412439426
1425,LOAD,30587924,3269.2640402794254
1426,LOAD,30995310,3226.2945587574377
1427,LOAD,30983091,3227.5669332023713
1428,LOAD,32811252,3047.7349660415275
1429,LOAD,29958628,3337.93657039301
1430,LOAD,28542972,3503.4894053779685
1431,LOAD,29695761,3367.48399881047
1432,LOAD,33447164,2989.7901059713167
1433,LOAD,29063634,3440.725960146622
1434,LOAD,31061738,3219.3948709502342
1435,LOAD,30892163,3237.066954489396
1436,LOAD,29565741,3382.2930397719438
1437,LOAD,29909185,3343.454527430286
1438,LOAD,35197094,2841.143646688559
1439,LOAD,34943099,2861.7954005739443
1440,LOAD,33448460,2989.6742630303456
1441,LOAD,32786820,3050.0060695120783
1442,LOAD,29200739,3424.570864456547
1443,LOAD,31030054,3222.682113282819
1444,LOAD,33356859,2997.8841832799662
1445,LOAD,31205783,3204.5342364907174
1446,LOAD,33768613,2961.32980054585
1447,LOAD,31608290,3163.7269842816554
1448,LOAD,33666427,2970.318174839284
1449,LOAD,31306445,3194.230453186237
1450,LOAD,33604007,2975.8355900830516
1451,LOAD,31280040,3196.9268581497977
1452,LOAD,33872169,2952.2762477950555
1453,LOAD,31197504,3205.384635899077
1454,LOAD,32905859,3038.972482073785
1455,LOAD,29392831,3402.1901462979185
1456,LOAD,30309961,3299.2454196823282
1457,LOAD,30153471,3316.367790626824
1458,LOAD,31574941,3167.068467364674
1459,LOAD,30937390,3232.334725068921
1460,LOAD,31543213,3170.2540892077163
1461,LOAD,29302920,3412.629185077801
1462,LOAD,29215921,3422.7912924600255
1463,LOAD,28728833,3480.8236032420805
1464,LOAD,32221714,3103.4972255045154
1465,LOAD,29539739,3385.2702625436195
1466,LOAD,30837698,3242.784205228289
1467,LOAD,29242261,3419.7082092933924
1468,LOAD,31507549,3173.842560714577
1469,LOAD,31650471,3159.510643617278
1470,LOAD,33677914,2969.3050466249183
1471,LOAD,29130100,3432.8752733426936
1472,LOAD,31283692,3196.5536548563387
1473,LOAD,29255904,3418.113485742912
1474,LOAD,31546797,3169.893919816963
1475,LOAD,30554117,3272.8813599817004
1476,LOAD,33780200,2960.314030112314
1477,LOAD,30841856,3242.3470234735546
1478,LOAD,34151284,2928.1475917567254
1479,LOAD,30191401,3312.201378134125
1480,LOAD,32838181,3045.235666372629
1481,LOAD,30388162,3290.7551302378865
1482,LOAD,28796879,3472.5985409738328
1483,LOAD,32241129,3101.628357989573
1484,LOAD,30266041,3304.0330580401974
1485,LOAD,32084644,3116.7557913374385
1486,LOAD,28431097,3517.275467773896
1487,LOAD,32446169,3082.027958370062
1488,LOAD,31530732,3171.5089900228136
1489,LOAD,33716629,2965.895552606994
1490,LOAD,32538167,3073.313871675685
1491,LOAD,32028136,3122.254757504464
1492,LOAD,32567928,3070.505437128208
1493,LOAD,31238482,3201.1798780747413
1494,LOAD,33637599,2972.8637885242642
1495,LOAD,30920604,3234.089476389271
1496,LOAD,32936454,3036.1495502824923
1497,LOAD,28909140,3459.1136228888163
1498,LOAD,30805044,3246.2216252637068
1499,LOAD,28729999,3480.682334865379
1500,LOAD,30989570,3226.8921446796458
1501,LOAD,28869967,3463.807215297475
1502,LOAD,30142231,3317.6044600016503
1503,LOAD,29336988,3408.6662202677385
1504,LOAD,32222520,3103.4195959844233
1505,LOAD,32859177,3043.2898547641653
1506,LOAD,32734770,3054.8557390200085
1507,LOAD,30401849,3289.273622798403
1508,LOAD,30824570,3244.1652876260723
1509,LOAD,30768037,3250.1260967672392
1510,LOAD,31977530,3127.1958778554817
1511,LOAD,32004836,3124.5278057353585
1512,LOAD,32175558,3107.949207904957
1513,LOAD,33533461,2982.0960025569684
1514,LOAD,32992966,3030.9490816921398
1515,LOAD,32160426,3109.4115482176758
1516,LOAD,31219811,3203.094342883754
1517,LOAD,31081111,3217.388207261961
1518,LOAD,33404552,2993.603985468807
1519,LOAD,30666082,3260.9317355898283
1520,LOAD,33828346,2956.1007800972593
1521,LOAD,30271594,3303.4269685302993
1522,LOAD,32709736,3057.193735834493
1523,LOAD,31770996,3147.524868279232
1524,LOAD,31613708,3163.184780475609
1525,LOAD,27951076,3577.6798002338087
1526,LOAD,29105482,3435.7788680496687
1527,LOAD,30038922,3329.0142702191506
1528,LOAD,31033432,3222.331323200089
1529,LOAD,31975827,3127.362429124976
1530,LOAD,32571372,3070.1807710157254
1531,LOAD,33428503,2991.4591149953676
1532,LOAD,33653022,2971.50134094941
1533,LOAD,31575074,3167.0551270917053
1534,LOAD,33313884,3001.751461943015
1535,LOAD,32631767,3064.498468624148
1536,LOAD,31005774,3225.205731035774
1537,LOAD,32999429,3030.3554646354637
1538,LOAD,31716612,3152.9218820723977
1539,LOAD,31707602,3153.817813154082
1540,LOAD,32483160,3078.5182229807688
1541,LOAD,32341054,3092.0451757694727
1542,LOAD,32786570,3050.02932603197
1543,LOAD,32437172,3082.882811115593
1544,LOAD,32485504,3078.296091696777
1545,LOAD,32633825,3064.305210927619
1546,LOAD,31987700,3126.201633752974
1547,LOAD,32957328,3034.226561085292
1548,LOAD,33702503,2967.1386721633107
1549,LOAD,34029246,2938.6487141090342
1550,LOAD,31113467,3214.0423309302046
1551,LOAD,31813011,3143.3679760774608
1552,LOAD,29712757,3365.557763623214
1553,LOAD,31225318,3202.52943460816
1554,LOAD,34650337,2885.974817503218
1555,LOAD,33200901,3011.9664523562174
1556,LOAD,33201689,3011.894967150617
1557,LOAD,33560225,2979.7178058251993
1558,LOAD,30432559,3285.954362234211
1559,LOAD,31316637,3193.1908908354367
1560,LOAD,33431472,2991.1934478984354
1561,LOAD,31231088,3201.9377615022568
1562,LOAD,34062389,2935.789383416413
1563,LOAD,25229811,3963.565165034332
1564,LOAD,32949602,3034.938024441084
1565,LOAD,32506013,3076.353904122293
1566,LOAD,33630293,2973.5096271685766
1567,LOAD,31379722,3186.7713805750095
1568,LOAD,33794778,2959.037044125575
1569,LOAD,33660824,2970.8125980516697
1570,LOAD,32699017,3058.1959084580435
1571,LOAD,32488962,3077.9684497153216
1572,LOAD,33985183,2942.4587768145902
1573,LOAD,32011754,3123.852569902918
1574,LOAD,31245295,3200.4818645495266
1575,LOAD,35073374,2851.1656734250887
1576,LOAD,31750252,3149.581300961013
1577,LOAD,34256356,2919.166300116685
1578,LOAD,32081581,3117.0533646705253
1579,LOAD,32184359,3107.0993211329765
1580,LOAD,30091287,3323.2211038364694
1581,LOAD,32457361,3080.96520847767
1582,LOAD,32765126,3052.025498085983
1583,LOAD,30266999,3303.9284799923507
1584,LOAD,31137544,3211.5570836286897
1585,LOAD,31375488,3187.201422970696
1586,LOAD,31064671,3219.0909087689997
1587,LOAD,31524580,3172.12790781035
1588,LOAD,31076389,3217.877083466808
1589,LOAD,32174195,3108.080870399399
1590,LOAD,30604469,3267.4966522046175
1591,LOAD,32982002,3031.95664107958
1592,LOAD,30437489,3285.422131897937
1593,LOAD,30245175,3306.312494472259
1594,LOAD,34399996,2906.9770822066375
1595,LOAD,31350791,3189.712183019561
1596,LOAD,34119981,2930.8339884480006
1597,LOAD,31367748,3187.9878657530658
1598,LOAD,34263621,2918.5473420920694
1599,LOAD,29458903,3394.5595326479065
1600,LOAD,33889310,2950.7830050242983
1601,LOAD,30523388,3276.176288163031
1602,LOAD,32644586,3063.2950897278956
1603,LOAD,30732400,3253.894912209915
1604,LOAD,31285132,3196.406523073005
1605,LOAD,29912345,3343.1013182015654
1606,LOAD,32603300,3067.1741817546076
1607,LOAD,33923928,2947.7718500051055
1608,LOAD,32868775,3042.4011847110214
1609,LOAD,32614588,3066.112624203623
1610,LOAD,31149618,3210.3122420313466
1611,LOAD,33853549,2953.900047525298
1612,LOAD,31245345,3200.47674301564
1613,LOAD,33177073,3014.1296671951745
1614,LOAD,31315038,3193.353940684983
1615,LOAD,34816111,2872.233489834634
1616,LOAD,31598522,3164.704982087453
1617,LOAD,32953769,3034.5542569045742
1618,LOAD,31368712,3187.8898948735923
1619,LOAD,33521164,2983.1899632124946
1620,LOAD,32631840,3064.4916130993533
1621,LOAD,34278794,2917.255490376937
1622,LOAD,31246665,3200.3415404491966
1623,LOAD,32891111,3040.335122763108
1624,LOAD,29515979,3387.9953634605854
1625,LOAD,31825096,3142.174339395551
1626,LOAD,30265354,3304.1080570212393
1627,LOAD,30414907,3287.861442417036
1628,LOAD,31145518,3210.7348479482666
1629,LOAD,29193671,3425.3999779609767
1630,LOAD,31383593,3186.378309201244
1631,LOAD,30649635,3262.6815947400355
1632,LOAD,32798032,3048.963425610415
1633,LOAD,30025803,3330.4687971209296
1634,LOAD,31727198,3151.869887785237
1635,LOAD,30193206,3312.0033692347874
1636,LOAD,30409848,3288.4084129588546
1637,LOAD,33331533,3000.162038751713
1638,LOAD,30588082,3269.2471531886176
1639,LOAD,31498662,3174.7380253802526
1640,LOAD,33408517,2993.248697630009
1641,LOAD,31217108,3203.371689651713
1642,LOAD,33946370,2945.8230732770544
1643,LOAD,33577269,2978.205285248184
1644,LOAD,32853111,3043.851767949769
1645,LOAD,35473913,2818.972916802271
1646,LOAD,30481321,3280.6977099188057
1647,LOAD,32840392,3045.030643970389
1648,LOAD,30089322,3323.438128649094
1649,LOAD,35781522,2794.73858043266
1650,LOAD,33519372,2983.349449387059
1651,LOAD,31063188,3219.2445926670503
1652,LOAD,32857467,3043.448236591092
1653,LOAD,33911008,2948.8949429046756
1654,LOAD,31888438,3135.932841865757
1655,LOAD,32107766,3114.511299228978
1656,LOAD,33158186,3015.846524294182
1657,LOAD,31503558,3174.2446361138004
1658,LOAD,32833237,3045.6942152855654
1659,LOAD,31661908,3158.3693566414254
1660,LOAD,31025582,3223.1466278376342
1661,LOAD,33348374,2998.646950522985
1662,LOAD,30324414,3297.672957505461
1663,LOAD,35087892,2849.985972369044
1664,LOAD,29351212,3407.014333854425
1665,LOAD,34071276,2935.0236251791684
1666,LOAD,34480843,2900.161112650291
1667,LOAD,32337327,3092.4015457430974
1668,LOAD,27689835,3611.433582034707
1669,LOAD,28666520,3488.3899405996963
1670,LOAD,30576697,3270.4644324401684
1671,LOAD,28788403,3473.620957716897
1672,LOAD,31290024,3195.90678485897
1673,LOAD,29494601,3390.451018476229
1674,LOAD,33468669,2987.869042536469
1675,LOAD,29823037,3353.1125619433055
1676,LOAD,32045649,3120.548440133012
1677,LOAD,29331383,3409.3175899683965
1678,LOAD,30404343,3289.003811067386
1679,LOAD,33924706,2947.7042483433756
1680,LOAD,32213887,3104.2512814426896
1681,LOAD,32907739,3038.7988673424206
1682,LOAD,30930048,3233.101998419142
1683,LOAD,32046172,3120.4975121521534
1684,LOAD,32207430,3104.873626986071
1685,LOAD,31380351,3186.707503685985
1686,LOAD,33778597,2960.454515029147
1687,LOAD,32525367,3074.523340505274
1688,LOAD,32899411,3039.5680943953676
1689,LOAD,34375125,2909.0803306169796
1690,LOAD,28975707,3451.1668688532777
1691,LOAD,29841307,3351.0596570049697
1692,LOAD,32916216,3038.0162774481732
1693,LOAD,29623398,3375.709970881801
1694,LOAD,31772984,3147.3279311757433
1695,LOAD,31553587,3169.2117919905586
1696,LOAD,33951373,2945.3889832378795
1697,LOAD,31918844,3132.9455415114658
1698,LOAD,30009390,3332.290326461151
1699,LOAD,35574108,2811.0332379943297
1700,LOAD,32078706,3117.332725328759
1701,LOAD,32012212,3123.807876819009
1702,LOAD,29156204,3429.801767061309
1703,LOAD,34082731,2934.0371814688206
1704,LOAD,32843924,3044.70318467428
1705,LOAD,33141076,3017.403538738453
1706,LOAD,30937307,3232.3433969220396
1707,LOAD,34318773,2913.85708923801
1708,LOAD,29219743,3422.3435846098987
1709,LOAD,31664226,3158.1381461842775
1710,LOAD,32156153,3109.824735564606
1711,LOAD,31552982,3169.2725587711484
1712,LOAD,32688427,3059.1866656661086
1713,LOAD,32653411,3062.4671952342132
1714,LOAD,32978676,3032.262423148825
1715,LOAD,30903490,3235.880478224304
1716,LOAD,30354137,3294.4438512615266
1717,LOAD,31399325,3184.781838463088
1718,LOAD,32551808,3072.0259839330583
1719,LOAD,32824973,3046.4609978506305
1720,LOAD,31694818,3155.0898951368013
1721,LOAD,32909835,3038.605328771779
1722,LOAD,33799830,2958.594762163005
1723,LOAD,33392723,2994.6644363204523
1724,LOAD,32130588,3112.299096424877
1725,LOAD,33359903,2997.610634539315
1726,LOAD,33262757,3006.3653472861556
1727,LOAD,32743771,3054.015983681293
1728,LOAD,30360401,3293.7641370415363
1729,LOAD,32866834,3042.5808582597274
1730,LOAD,33146606,3016.900131494609
1731,LOAD,33466105,2988.0979576201057
1732,LOAD,29374262,3404.3408477802777
1733,LOAD,32593185,3068.126051504325
1734,LOAD,32622904,3065.3310324549893
1735,LOAD,32407117,3085.741937488608
1736,LOAD,34250128,2919.6971176282905
1737,LOAD,33108182,3020.4014222224587
1738,LOAD,32238496,3101.8816758697426
1739,LOAD,32862902,3042.944898779785
1740,LOAD,34271850,2917.8465708737635
1741,LOAD,30771588,3249.751036573088
1742,LOAD,34320849,2913.6808358091607
1743,LOAD,33668497,2970.135554313577
1744,LOAD,31808470,3143.8167255451144
1745,LOAD,31240614,3200.9614151629667
1746,LOAD,31830162,3141.6742396724217
1747,LOAD,32799721,3048.8064212497416
1748,LOAD,31940886,3130.783535560034
1749,LOAD,33429590,2991.3618444019203
1750,LOAD,32720955,3056.1455189801154
1751,LOAD,32229551,3102.742573112483
1752,LOAD,31182567,3206.920071718278
1753,LOAD,31563396,3168.2268916817443
1754,LOAD,31826737,3142.012327559687
1755,LOAD,32590289,3068.398687719523
1756,LOAD,34164164,2927.0436706719943
1757,LOAD,31764994,3148.1195935374644
1758,LOAD,29105030,3435.83222556376
1759,LOAD,31490483,3175.56259775374
1760,LOAD,34273731,2917.686434546621
1761,LOAD,32115982,3113.7145362704464
1762,LOAD,33756244,2962.41489426371
1763,LOAD,31214617,3203.6273262619243
1764,LOAD,35173193,2843.074269657577
1765,LOAD,34362606,2910.140168065251
1766,LOAD,33214142,3010.7657153991813
1767,LOAD,32014915,3123.5441356005476
1768,LOAD,27454412,3642.4018114101295
1769,LOAD,33531065,2982.309091584177
1770,LOAD,31351006,3189.690308502381
1771,LOAD,30605138,3267.4252277509745
1772,LOAD,28695520,3484.864536345743
1773,LOAD,31673137,3157.249627657658
1774,LOAD,31518576,3172.7321691183
1775,LOAD,32113415,3113.963432416017
1776,LOAD,31664036,3158.1570965874344
1777,LOAD,32831915,3045.816852291436
1778,LOAD,31631086,3161.4469386223413
1779,LOAD,34326260,2913.2215394278314
1780,LOAD,31998690,3125.127934924836
1781,LOAD,35111629,2848.059256948745
1782,LOAD,34245447,2920.096210161894
1783,LOAD,37003348,2702.458166758316
1784,LOAD,32956443,3034.3080410710586
1785,LOAD,35616610,2807.678776840356
1786,LOAD,32389404,3087.429456868055
1787,LOAD,34033551,2938.2769961324343
1788,LOAD,35409522,2824.0991222643447
1789,LOAD,32122132,3113.1183945075622
1790,LOAD,33937627,2946.58197522178
1791,LOAD,31832329,3141.4603687967665
1792,LOAD,33030426,3027.5116645483167
1793,LOAD,30709071,3256.3668239915173
1794,LOAD,33778274,2960.4828239595663
1795,LOAD,30970953,3228.83186707235
1796,LOAD,32428143,3083.74118123261
1797,LOAD,32323340,3093.7396939796445
1798,LOAD,34273036,2917.7456003605866
1799,LOAD,27561050,3628.3087908479542
1800,LOAD,33751042,2962.8714870492
1801,LOAD,33581258,2977.8515146752393
1802,LOAD,33655388,2971.292442089807
1803,LOAD,31741353,3150.4643170062723
1804,LOAD,32587390,3068.671654894731
1805,LOAD,32410815,3085.3898613780616
1806,LOAD,33812986,2957.443628314873
1807,LOAD,31084142,3217.0744812579997
1808,LOAD,33926569,2947.542381901335
1809,LOAD,30399357,3289.543262378872
1810,LOAD,35372902,2827.0227871040943
1811,LOAD,31427437,3181.9330351374183
1812,LOAD,33225946,3009.6960971404696
1813,LOAD,34602377,2889.974870801506
1814,LOAD,33529966,2982.406841689013
1815,LOAD,33774768,2960.7901377738553
1816,LOAD,31862075,3138.527544110043
1817,LOAD,32779887,3050.6511508108615
1818,LOAD,30709716,3256.298430112476
1819,LOAD,33371359,2996.5815896200093
1820,LOAD,31123755,3212.9799248194827
1821,LOAD,32072443,3117.9414676954916
1822,LOAD,30519435,3276.600631695836
1823,LOAD,30841184,3242.417671124429
1824,LOAD,33735468,2964.239298532927
1825,LOAD,30753020,3251.713165081023
1826,LOAD,34879587,2867.0064241299647
1827,LOAD,34063635,2935.6819963576995
1828,LOAD,31688343,3155.734586690128
1829,LOAD,34493616,2899.0871818135856
1830,LOAD,33405095,2993.5553244198227
1831,LOAD,35334168,2830.1218242919995
1832,LOAD,34525107,2896.4428698222428
1833,LOAD,35173932,2843.0145370156515
1834,LOAD,32251167,3100.662993063166
1835,LOAD,34639073,2886.9132843133534
1836,LOAD,33251471,3007.3857484380164
1837,LOAD,33703184,2967.0787187347046
1838,LOAD,29776590,3358.342913006493
1839,LOAD,33103750,3020.805799947136
1840,LOAD,30275964,3302.95015544344
1841,LOAD,22859756,4374.499885300614
1842,LOAD,32396739,3086.7304267877084
1843,LOAD,30234256,3307.5065581240033
1844,LOAD,33916052,2948.4563828360683
1845,LOAD,30276700,3302.869863624503
1846,LOAD,34378974,2908.75463590042
1847,LOAD,28728443,3480.8708568020897
1848,LOAD,30669436,3260.5751211075417
1849,LOAD,30130791,3318.864081596796
1850,LOAD,32021844,3122.868252059438
1851,LOAD,32805955,3048.227067311407
1852,LOAD,32909806,3038.608006379618
1853,LOAD,33412562,2992.8863282019497
1854,LOAD,32879959,3041.3663228716314
1855,LOAD,33741181,2963.737398522002
1856,LOAD,30178671,3313.598534541167
1857,LOAD,32457396,3080.961886159937
1858,LOAD,39894860,2506.5885680511224
1859,LOAD,34289549,2916.340486134711
1860,LOAD,32502000,3076.7337394621873
1861,LOAD,31557668,3168.801953300225
1862,LOAD,33303751,3002.6647749077874
1863,LOAD,31827763,3141.9110416273993
1864,LOAD,33366430,2997.0242546175905
1865,LOAD,30901454,3236.093680252068
1866,LOAD,34226149,2921.742671078771
1867,LOAD,31606698,3163.886338269186
1868,LOAD,33883566,2951.283226800863
1869,LOAD,32527904,3074.283544368552
1870,LOAD,31394073,3185.3146292932424
1871,LOAD,31735343,3151.0609480414314
1872,LOAD,34146544,2928.5540580622155
1873,LOAD,32255309,3100.264827721849
1874,LOAD,33208916,3011.239511702219
1875,LOAD,32667877,3061.1110725070994
1876,LOAD,33541738,2981.360119144691
1877,LOAD,35152766,2844.7263580908543
1878,LOAD,33219335,3010.29505858561
1879,LOAD,29923688,3341.8340680466927
1880,LOAD,29466045,3393.7367570028487
1881,LOAD,27844858,3591.3273466864152
1882,LOAD,31309743,3193.8939901231383
1883,LOAD,29329698,3409.513456292663
1884,LOAD,32492864,3077.598822929244
1885,LOAD,34312718,2914.3712835573097
1886,LOAD,33126622,3018.7201097654934
1887,LOAD,31307090,3194.1646444942667
1888,LOAD,29897277,3344.786215814905
1889,LOAD,32334944,3092.629447572261
1890,LOAD,32568844,3070.4190790437633
1891,LOAD,33352799,2998.2491124657936
1892,LOAD,30267480,3303.875975138994
1893,LOAD,30768215,3250.107294167049
1894,LOAD,31868799,3137.8653459767966
1895,LOAD,29454337,3395.085755961847
1896,LOAD,30953521,3230.6502384656014
1897,LOAD,30439990,3285.15219617352
1898,LOAD,30026652,3330.374628513362
1899,LOAD,30694535,3257.9089404677416
1900,LOAD,32654196,3062.393574167314
1901,LOAD,29856645,3349.338145662381
1902,LOAD,31503830,3174.2172300955153
1903,LOAD,28447353,3515.265550365969
1904,LOAD,31975486,3127.395780630199
1905,LOAD,30686449,3258.767412286772
1906,LOAD,34205044,2923.5454279784
1907,LOAD,31032657,3222.411796708223
1908,LOAD,34433756,2904.1269851595625
1909,LOAD,31024230,3223.2870888334696
1910,LOAD,35418238,2823.404145626894
1911,LOAD,32957869,3034.176754571116
1912,LOAD,33445499,2989.9389451477464
1913,LOAD,33802703,2958.343301717617
1914,LOAD,34674014,2884.004142122109
1915,LOAD,33066588,3024.2007430582194
1916,LOAD,33081071,3022.8767381805746
1917,LOAD,31801431,3144.51258498399
1918,LOAD,30357361,3294.093976087052
1919,LOAD,31347809,3190.0156084273704
1920,LOAD,35254478,2836.519094113378
1921,LOAD,31650952,3159.4626284858664
1922,LOAD,35462703,2819.8640131859097
1923,LOAD,34671926,2884.1778215608792
1924,LOAD,31501798,3174.4219806120273
1925,LOAD,34546709,2894.631728886245
1926,LOAD,31034848,3222.184300693208
1927,LOAD,31736386,3150.9573900443484
1928,LOAD,30673001,3260.1961575262885
1929,LOAD,33503318,2984.779000097841
1930,LOAD,31940473,3130.824017540379
1931,LOAD,31473773,3177.2485618422675
1932,LOAD,32746753,3053.737877462233
1933,LOAD,33959695,2944.667200338519
1934,LOAD,32317742,3094.275583981084
1935,LOAD,31195262,3205.615006535287
1936,LOAD,29682464,3368.9925472494465
1937,LOAD,31132436,3212.0840142416096
1938,LOAD,34493412,2899.1043275162224
1939,LOAD,30911377,3235.0548472816336
1940,LOAD,34367551,2909.721440436649
1941,LOAD,31256021,3199.3835683691154
1942,LOAD,33562591,2979.507750161482
1943,LOAD,30583283,3269.760149687004
1944,LOAD,34416277,2905.6019045871813
1945,LOAD,30972803,3228.6390095207075
1946,LOAD,34364429,2909.9857879204105
1947,LOAD,30717686,3255.4535520676914
1948,LOAD,33932229,2947.0507227803982
1949,LOAD,29384024,3403.2098530820695
1950,LOAD,32565976,3070.6894827902597
1951,LOAD,31718174,3152.7666126051267
1952,LOAD,35714445,2799.9875120556962
1953,LOAD,33516406,2983.613457839125
1954,LOAD,32940353,3035.790175047608
1955,LOAD,34633128,2887.4088416154614
1956,LOAD,31711165,3153.4634567982603
1957,LOAD,32368225,3089.4496068289195
1958,LOAD,31710457,3153.5338642391685
1959,LOAD,33953424,2945.2110632494678
1960,LOAD,31788822,3145.759852315383
1961,LOAD,32917108,3037.933952156429
1962,LOAD,31046133,3221.013064654461
1963,LOAD,33871996,2952.291326439694
1964,LOAD,31194916,3205.6505617774383
1965,LOAD,32129224,3112.4312246072295
1966,LOAD,31823408,3142.3410088573796
1967,LOAD,34918133,2863.8415461674313
1968,LOAD,30554790,3272.8092714759287
1969,LOAD,31882915,3136.4760719024594
1970,LOAD,32113512,3113.954026579217
1971,LOAD,32745052,3053.896509310781
1972,LOAD,32499604,3076.960568504158
1973,LOAD,32149553,3110.4631532513063
1974,LOAD,32809983,3047.8528440566397
1975,LOAD,34477987,2900.401348837448
1976,LOAD,31314810,3193.377191175677
1977,LOAD,34370490,2909.4726319002143
1978,LOAD,32146131,3110.7942663457698
1979,LOAD,33895903,2950.2090562390385
1980,LOAD,35169145,2843.40151004524
1981,LOAD,30845288,3241.9862638338795
1982,LOAD,33258927,3006.711551458049
1983,LOAD,31189354,3206.222225699192
1984,LOAD,33717875,2965.785951813393
1985,LOAD,32944209,3035.434846834538
1986,LOAD,33184726,3013.4345541982175
1987,LOAD,30820346,3244.6099080133627
1988,LOAD,33553164,2980.3448640491847
1989,LOAD,31092763,3216.182492369687
1990,LOAD,33657490,2971.1068769536887
1991,LOAD,29103476,3436.0156841746325
1992,LOAD,32864187,3042.825918681634
1993,LOAD,31013582,3224.393751099115
1994,LOAD,33609354,2975.3621566186603
1995,LOAD,30538933,3274.5086411499706
1996,LOAD,33765667,2961.588171795925
1997,LOAD,31728054,3151.7848526102484
1998,LOAD,33913477,2948.6802547553584
1999,LOAD,31023920,3223.3192968522353
2000,LOAD,33854608,2953.807647100802
2001,LOAD,31097092,3215.734770312285
2002,LOAD,34701920,2881.6849327068935
2003,LOAD,31494138,3175.1940630983454
2004,LOAD,33661840,2970.722931366794
2005,LOAD,31000150,3225.7908429475337
2006,LOAD,34822984,2871.6665981295573
2007,LOAD,34544966,2894.7777803573463
2008,LOAD,32709499,3057.2158870424764
2009,LOAD,32288719,3097.0569008947054
2010,LOAD,30919812,3234.172316442286
2011,LOAD,28846535,3466.620861049689
2012,LOAD,28239333,3541.1601258429155
2013,LOAD,30149956,3316.754425777603
2014,LOAD,29297291,3413.2848665086476
2015,LOAD,32214221,3104.2190962804902
2016,LOAD,29988875,3334.569903005698
2017,LOAD,34059080,2936.074609179109
2018,LOAD,37178203,2689.748076312349
2019,LOAD,33078393,3023.121467841561
2020,LOAD,24156059,4139.7481269606105
2021,LOAD,34359937,2910.3662209857953
2022,LOAD,30610634,3266.8385764241275
2023,LOAD,32803288,3048.4748967847368
2024,LOAD,30529257,3275.546470063127
2025,LOAD,32594891,3067.9654673488553
2026,LOAD,31859487,3138.782492009366
2027,LOAD,29837696,3351.465206965042
2028,LOAD,32268729,3098.975481804691
2029,LOAD,33089331,3022.122145654743
2030,LOAD,35586951,2810.0187622142735
2031,LOAD,32783850,3050.282379891318
2032,LOAD,31623221,3162.2332209612678
2033,LOAD,31128030,3212.5386669185295
2034,LOAD,34579685,2891.871340065706
2035,LOAD,32048704,3120.2509780114665
2036,LOAD,34646890,2886.2619415480003
2037,LOAD,36226625,2760.4006721575633
2038,LOAD,32141443,3111.247992194999
2039,LOAD,32102123,3115.05877664228
2040,LOAD,31225982,3202.46133492295
2041,LOAD,33902860,2949.60366175597
2042,LOAD,31949880,3129.9022093353715
2043,LOAD,33640438,2972.6129011756625
2044,LOAD,32347193,3091.4583531251074
2045,LOAD,32026151,3122.4482767223576
2046,LOAD,33883487,2951.2901077743268
2047,LOAD,31670692,3157.493369579673
2048,LOAD,31628209,3161.7345136425524
2049,LOAD,32420512,3084.467018904575
2050,LOAD,30873006,3239.0755859665887
2051,LOAD,33643711,2972.32371304105
2052,LOAD,32264242,3099.4064574645827
2053,LOAD,33007331,3029.629993409646
2054,LOAD,30066849,3325.92218093755
2055,LOAD,30080222,3324.443549651994
2056,LOAD,32451531,3081.5187117057744
2057,LOAD,29955018,3338.338838587912
2058,LOAD,32076196,3117.576660274803
2059,LOAD,29620548,3376.03477153765
2060,LOAD,32786904,3049.998255400998
2061,LOAD,34119215,2930.899787700274
2062,LOAD,33408099,2993.286148966453
2063,LOAD,33769208,2961.277623093796
2064,LOAD,33799554,2958.618921421271
2065,LOAD,33888946,2950.814699282769
2066,LOAD,32262858,3099.539414642063
2067,LOAD,31912987,3133.520531938925
2068,LOAD,33435616,2990.822720299216
2069,LOAD,33072072,3023.699271094959
2070,LOAD,31902450,3134.555496521427
2071,LOAD,34025455,2938.9761283133466
2072,LOAD,29831865,3352.120291507085
2073,LOAD,29883696,3346.306293572254
2074,LOAD,31369587,3187.800974236607
2075,LOAD,32870021,3042.285856768999
2076,LOAD,31955620,3129.340003417239
2077,LOAD,35547993,2813.0983372253954
2078,LOAD,34589871,2891.0197439013286
2079,LOAD,34091982,2933.241018372003
2080,LOAD,31909354,3133.8772950401944
2081,LOAD,32547250,3072.456198296323
2082,LOAD,32773155,3051.2777912288275
2083,LOAD,32103587,3114.9167225456767
2084,LOAD,33641519,2972.5173824642106
2085,LOAD,30801088,3246.6385603002077
2086,LOAD,35620636,2807.3614407109408
2087,LOAD,31737354,3150.861284781334
2088,LOAD,31820673,3142.6110943662316
2089,LOAD,32378699,3088.450218459982
2090,LOAD,35693052,2801.665713539991
2091,LOAD,34580643,2891.791225513071
2092,LOAD,33053134,3025.4317185172217
2093,LOAD,30751344,3251.8903889208873
2094,LOAD,33640935,2972.568984780001
2095,LOAD,31225273,3202.534049902462
2096,LOAD,31611623,3163.393413871853
2097,LOAD,33475490,2987.2602312916106
2098,LOAD,33787130,2959.7068469562228
2099,LOAD,34345770,2911.5666936568896
2100,LOAD,33594231,2976.701565218147
2101,LOAD,33386449,2995.227195321072
2102,LOAD,36101015,2770.005220074837
2103,LOAD,34012331,2940.1101618116086
2104,LOAD,34080274,2934.2487093853765
2105,LOAD,32749055,3053.5232237998925
2106,LOAD,31151163,3210.1530206111406
2107,LOAD,32270173,3098.836811317993
2108,LOAD,31841612,3140.544517658214
2109,LOAD,35238401,2837.813214055882
2110,LOAD,33473039,2987.478967774632
2111,LOAD,33118930,3019.4212192241716
2112,LOAD,31948412,3130.0460254487766
2113,LOAD,33072867,3023.6265879217544
2114,LOAD,30684851,3258.937121773868
2115,LOAD,32884506,3040.9457876606084
2116,LOAD,31480420,3176.577694960868
2117,LOAD,32058544,3119.293252993648
2118,LOAD,31876250,3137.131877181287
2119,LOAD,32468581,3079.9005352281947
2120,LOAD,32196855,3105.8934172297263
2121,LOAD,33615588,2974.8103766621607
2122,LOAD,33542547,2981.2882128479987
2123,LOAD,34736745,2878.7959263310368
2124,LOAD,35620463,2807.3750753885483
2125,LOAD,34824040,2871.5795180570667
2126,LOAD,31945988,3130.283527308656
2127,LOAD,34906205,2864.820165927519
2128,LOAD,33626989,2973.801787605783
2129,LOAD,34469173,2901.143001022972
2130,LOAD,35344195,2829.318930591007
2131,LOAD,35401914,2824.706031430956
2132,LOAD,32775515,3051.0580840606167
2133,LOAD,33443129,2990.1508318793976
2134,LOAD,32446130,3082.0316629440863
2135,LOAD,33675148,2969.5489385822443
2136,LOAD,30060355,3326.640686711784
2137,LOAD,32567636,3070.5329671456657
2138,LOAD,31488438,3175.7688329919697
2139,LOAD,33974221,2943.4081799844653
2140,LOAD,32100441,3115.221999598074
2141,LOAD,32858177,3043.3824737142295
2142,LOAD,31005068,3225.27917048916
2143,LOAD,34720834,2880.1151493077614
2144,LOAD,31744618,3150.1402851973207
2145,LOAD,32918439,3037.811118564887
2146,LOAD,31529515,3171.6314063188097
2147,LOAD,34279297,2917.2126837957035
2148,LOAD,32525619,3074.4995199015275
2149,LOAD,33304213,3002.623121585248
2150,LOAD,30761025,3250.866965583884
2151,LOAD,33404982,2993.5654508061107
2152,LOAD,29928046,3341.347443799037
2153,LOAD,35141221,2845.660940466468
2154,LOAD,31160976,3209.1421013257095
2155,LOAD,33394039,2994.5464218928414
2156,LOAD,31243080,3200.7087649489104
2157,LOAD,33689838,2968.2541067724933
2158,LOAD,31316729,3193.181510112375
2159,LOAD,34434582,2904.0573223743504
2160,LOAD,32155314,3109.9058774546565
2161,LOAD,33310638,3002.0439716585433
2162,LOAD,30817261,3244.9347136982747
2163,LOAD,35677965,2802.8504428433625
2164,LOAD,35821748,2791.6002312338305
2165,LOAD,33457261,2988.887823184331
2166,LOAD,32705599,3057.580446699661
2167,LOAD,31549856,3169.5865743412583
2168,LOAD,33132255,3018.2068802742224
2169,LOAD,30570394,3271.1387363865833
2170,LOAD,34290754,2916.238003982065
2171,LOAD,35074929,2851.039270813634
2172,LOAD,31797899,3144.8618665025633
2173,LOAD,34102881,2932.3035786917826
2174,LOAD,32669210,3060.9861701583845
2175,LOAD,35872045,2787.6860658487685
2176,LOAD,34768956,2876.128923744504
2177,LOAD,35155956,2844.4682317841107
2178,LOAD,32230313,3102.669217019394
2179,LOAD,30125705,3319.424391893899
2180,LOAD,32048913,3120.230629974876
2181,LOAD,30538443,3274.5611817865106
2182,LOAD,28089839,3560.0061645066744
2183,LOAD,29075686,3439.2997640709145
2184,LOAD,30542979,3274.0748700380536
2185,LOAD,31442721,3180.386328524176
2186,LOAD,30186635,3312.7243231979983
2187,LOAD,31832277,3141.4655005672385
2188,LOAD,31121476,3213.215208687403
2189,LOAD,29742075,3362.240193396056
2190,LOAD,33292869,3003.646216251294
2191,LOAD,32817173,3047.18508203007
2192,LOAD,33459403,2988.6964809264528
2193,LOAD,34619871,2888.514518150573
2194,LOAD,32860055,3043.2085399735333
2195,LOAD,34974225,2859.2484894232825
2196,LOAD,30317110,3298.4674330765693
2197,LOAD,33975064,2943.3351472126733
2198,LOAD,33027579,3027.7726381337247
2199,LOAD,34682283,2883.31653368955
2200,LOAD,32874499,3041.8714517900335
2201,LOAD,31798808,3144.771967552998
2202,LOAD,30210607,3310.0956892392132
2203,LOAD,33242591,3008.189102949286
2204,LOAD,28347531,3527.644083006735
2205,LOAD,27374606,3653.0206133377774
2206,LOAD,28285206,3535.417065726868
2207,LOAD,28014054,3569.636868694549
2208,LOAD,27972414,3574.950663893363
2209,LOAD,35816174,2792.0346824314624
2210,LOAD,34890825,2866.082988865984
2211,LOAD,34219698,2922.293469685209
2212,LOAD,33413709,2992.7835907112258
2213,LOAD,33087913,3022.2516602966166
2214,LOAD,32957944,3034.1698499153954
2215,LOAD,33161960,3015.5033055947238
2216,LOAD,33816449,2957.1407689790253
2217,LOAD,33076158,3023.3257441810506
2218,LOAD,33438724,2990.5447349007695
2219,LOAD,33234395,3008.930958424247
2220,LOAD,38870888,2572.619385489727
2221,LOAD,34365550,2909.890864543125
2222,LOAD,30790149,3247.7920129584304
2223,LOAD,30366114,3293.1444570088884
2224,LOAD,32195148,3106.05809297724
2225,LOAD,30412149,3288.1596101610576
2226,LOAD,32078335,3117.368778647645
2227,LOAD,29213605,3423.062644956006
2228,LOAD,33090448,3022.0201310057814
2229,LOAD,33668242,2970.158049832243
2230,LOAD,34227454,2921.6312729541614
2231,LOAD,30829445,3243.6522940974123
2232,LOAD,31935030,3131.357634547392
2233,LOAD,29907894,3343.598850524213
2234,LOAD,33979014,2942.9929897318384
2235,LOAD,32515415,3075.4643605194647
2236,LOAD,25732810,3886.089393268749
2237,LOAD,34206143,2923.451498170957
2238,LOAD,31540718,3170.504869293083
2239,LOAD,33716151,2965.937600647239
2240,LOAD,33832938,2955.699561179109
2241,LOAD,33607806,2975.499203964698
2242,LOAD,33104882,3020.702505449196
2243,LOAD,31467867,3177.84487903168
2244,LOAD,33653362,2971.4713198639706
2245,LOAD,33964774,2944.22686280792
2246,LOAD,34756234,2877.181687751325
2247,LOAD,35587992,2809.936565120055
2248,LOAD,34192029,2924.658258800611
2249,LOAD,34098874,2932.6481572382713
2250,LOAD,32478119,3078.9960465382865
2251,LOAD,33888930,2950.816092452609
2252,LOAD,32572104,3070.1117741733847
2253,LOAD,32325984,3093.48665148136
2254,LOAD,32313073,3094.7226839118644
2255,LOAD,33464661,2988.22689403607
2256,LOAD,31856145,3139.1117789048235
2257,LOAD,32041910,3120.912579805636
2258,LOAD,32703118,3057.8124079789577
2259,LOAD,33553698,2980.297432491644
2260,LOAD,32679302,3060.0408784740875
2261,LOAD,33140683,3017.439320728544
2262,LOAD,32810646,3047.7912565330166
2263,LOAD,32259957,3099.8181429690067
2264,LOAD,33221990,3010.054484996233
2265,LOAD,31465927,3178.0408058532644
2266,LOAD,30402276,3289.2274249467373
2267,LOAD,31180333,3207.1498402534703
2268,LOAD,33260150,3006.600992478988
2269,LOAD,33496289,2985.4053384839135
2270,LOAD,32073302,3117.857961740266
2271,LOAD,31147579,3210.5223972624003
2272,LOAD,34017433,2939.669198437166
2273,LOAD,32038563,3121.238614852982
2274,LOAD,33422430,2992.0026760471937
2275,LOAD,33073882,3023.5337962444205
2276,LOAD,32059533,3119.197026357184
2277,LOAD,32713157,3056.874027780321
2278,LOAD,31014665,3224.2811586067432
2279,LOAD,31593055,3165.252616437378
2280,LOAD,31939928,3130.8774396736276
2281,LOAD,33503145,2984.7944125842514
2282,LOAD,33017307,3028.7146071604207
2283,LOAD,34094020,2933.065681313028
2284,LOAD,32949265,3034.9690653190596
2285,LOAD,31378206,3186.925345572656
2286,LOAD,34689902,2882.6832661562435
2287,LOAD,32625915,3065.0481373472594
2288,LOAD,33083051,3022.6958208902797
2289,LOAD,31946859,3130.198183176631
2290,LOAD,33619923,2974.426800442107
2291,LOAD,32502035,3076.7304262640782
2292,LOAD,33002561,3030.0678786715976
2293,LOAD,31935585,3131.3032155196156
2294,LOAD,33226129,3009.6795205965764
2295,LOAD,33861150,2953.236969211028
2296,LOAD,33104835,3020.7067940377897
2297,LOAD,35320618,2831.2075400266212
2298,LOAD,32261048,3099.7133137150413
2299,LOAD,35189072,2841.7913379471897
2300,LOAD,36233840,2759.8510122029575
2301,LOAD,32460829,3080.6360490670154
2302,LOAD,32951658,3034.7486612054545
2303,LOAD,35490116,2817.6859157067847
2304,LOAD,32896869,3039.8029672671887
2305,LOAD,35116186,2847.689666525858
2306,LOAD,34191899,2924.669378556599
2307,LOAD,32908592,3038.72010081744
2308,LOAD,32324875,3093.592782648038
2309,LOAD,33474035,2987.390077114994
2310,LOAD,32190732,3106.4841893002
2311,LOAD,32033281,3121.7532790350137
2312,LOAD,31811231,3143.543863486452
2313,LOAD,30989256,3226.92484130629
2314,LOAD,32720718,3056.1676550007246
2315,LOAD,31438719,3180.7911766379543
2316,LOAD,33618004,2974.5965881853067
2317,LOAD,32452974,3081.3816940167026
2318,LOAD,32902161,3039.314043840464
2319,LOAD,31196950,3205.4415575881617
2320,LOAD,33419573,2992.258458837879
2321,LOAD,32787281,3049.9631854193703
2322,LOAD,34122905,2930.5828445731686
2323,LOAD,31060411,3219.53241378551
2324,LOAD,33420265,2992.1965011348652
2325,LOAD,32946502,3035.2235876209256
2326,LOAD,33422893,2991.961228490903
2327,LOAD,31394111,3185.3107737307805
2328,LOAD,33123235,3019.0287874961487
2329,LOAD,31925206,3132.3212135263907
2330,LOAD,33402037,2993.829388309461
2331,LOAD,33542430,2981.298611937179
2332,LOAD,32752270,3053.2234864942184
2333,LOAD,32406477,3085.8028782332617
2334,LOAD,31943681,3130.509599065931
2335,LOAD,31203707,3204.7474359376597
2336,LOAD,34440910,2903.523745452719
2337,LOAD,31078988,3217.607986463395
2338,LOAD,33445290,2989.957629310435
2339,LOAD,24899307,4016.1760325297405
2340,LOAD,33689198,2968.3104952513268
2341,LOAD,33746034,2963.3111849528746
2342,LOAD,31098241,3215.6159571854882
2343,LOAD,34416677,2905.5681348899548
2344,LOAD,30716605,3255.5681202398505
2345,LOAD,34362263,2910.1692167363944
2346,LOAD,33402387,2993.798018087749
2347,LOAD,34191822,2924.675964913481
2348,LOAD,35846018,2789.710142978782
2349,LOAD,35866327,2788.1304935406406
2350,LOAD,29335734,3408.8119288237344
2351,LOAD,32845410,3044.5654354748503
2352,LOAD,31491104,3175.49997612024
2353,LOAD,28934957,3456.0272545074113
2354,LOAD,33886479,2951.029524194591
2355,LOAD,33317208,3001.451982411011
2356,LOAD,32863650,3042.875639194064
2357,LOAD,33760326,2962.0567052581187
2358,LOAD,32823448,3046.6025385267267
2359,LOAD,34172467,2926.332476961643
2360,LOAD,33634618,2973.1272702428196
2361,LOAD,31536186,3170.9604959838834
2362,LOAD,27424158,3646.4200651119354
2363,LOAD,33776466,2960.6412938523526
2364,LOAD,31278303,3197.10439533756
2365,LOAD,33959951,2944.645002579656
2366,LOAD,31359401,3188.8364194201285
2367,LOAD,34060020,2935.9935783948454
2368,LOAD,31658917,3158.667745962378
2369,LOAD,33760160,2962.0712698044085
2370,LOAD,34269326,2918.061475734889
2371,LOAD,31289334,3195.9772617723343
2372,LOAD,31568477,3167.7169601815126
2373,LOAD,33237642,3008.63701462336
2374,LOAD,33101634,3020.998902954458
2375,LOAD,32170259,3108.4611410806483
2376,LOAD,30742176,3252.860174894581
2377,LOAD,33748198,2963.121171684485
2378,LOAD,29721448,3364.5736237346173
2379,LOAD,33164619,3015.261535192067
2380,LOAD,32565697,3070.715790299222
2381,LOAD,35173625,2843.03935121842
2382,LOAD,32152427,3110.1851191513474
2383,LOAD,33343406,2999.0937338555036
2384,LOAD,32542528,3072.902019167042
2385,LOAD,32915233,3038.107006564407
2386,LOAD,33313356,3001.7990381995737
2387,LOAD,32024141,3122.6442576554978
2388,LOAD,26226742,3812.9021134230093
2389,LOAD,34474227,2900.7176868679317
2390,LOAD,32202805,3105.3195521321823
2391,LOAD,32124536,3112.8854281350555
2392,LOAD,31514165,3173.1762526470243
2393,LOAD,31246708,3200.337136315288
2394,LOAD,32884359,3040.959381327761
2395,LOAD,30261594,3304.518592113819
2396,LOAD,31916966,3133.129884588654
2397,LOAD,31392562,3185.4679461969367
2398,LOAD,31062085,3219.3589065254314
2399,LOAD,33954128,2945.1499976674413
2400,LOAD,31403319,3184.3767851417233
2401,LOAD,33677673,2969.3262951986026
2402,LOAD,31070848,3218.4509415385123
2403,LOAD,33969160,2943.8467127241297
2404,LOAD,33815928,2957.1863294717214
2405,LOAD,30912965,3234.8886624107395
2406,LOAD,31915074,3133.3156238334273
2407,LOAD,34026941,2938.847779469803
2408,LOAD,31892091,3135.573644261833
2409,LOAD,33272394,3005.4945850905706
2410,LOAD,32344280,3091.7367769509788
2411,LOAD,31376840,3187.064089309185
2412,LOAD,33963587,2944.3297611645085
2413,LOAD,30856213,3240.838401005334
2414,LOAD,31543682,3170.2069530120166
2415,LOAD,34601248,2890.0691674473705
2416,LOAD,34725345,2879.7410076127394
2417,LOAD,31549829,3169.5892868389237
2418,LOAD,33033418,3027.2374478475103
2419,LOAD,30881718,3238.161814702148
2420,LOAD,32721247,3056.1182463492296
2421,LOAD,32166583,3108.8163762995905
2422,LOAD,34709401,2881.0638362788222
2423,LOAD,32804948,3048.320637484321
2424,LOAD,35317582,2831.4509186953965
2425,LOAD,32588731,3068.545381530812
2426,LOAD,33488268,2986.120392968666
2427,LOAD,33733684,2964.3960618116894
2428,LOAD,34791951,2874.2280075066788
2429,LOAD,35527241,2814.741510605904
2430,LOAD,34751523,2877.571725417617
2431,LOAD,33743040,2963.5741178032563
2432,LOAD,35199269,2840.968089422539
2433,LOAD,32668925,3061.012873854894
2434,LOAD,32871225,3042.174424591721
2435,LOAD,31364330,3188.335284063138
2436,LOAD,31840977,3140.6071490833965
2437,LOAD,31619732,3162.5821496526282
2438,LOAD,32194511,3106.1195493852974
2439,LOAD,36727807,2722.7326695547054
2440,LOAD,32766420,3051.9049685623268
2441,LOAD,33347931,2998.6867850962026
2442,LOAD,32513473,3075.6480551923814
2443,LOAD,31267467,3198.2123783803786
2444,LOAD,31640696,3160.486735184333
2445,LOAD,32933755,3036.398370000627
2446,LOAD,31246821,3200.325562718844
2447,LOAD,31676856,3156.878952885981
2448,LOAD,31537868,3170.7913800641186
2449,LOAD,33206421,3011.465764407432
2450,LOAD,32239275,3101.80672487207
2451,LOAD,35703150,2800.8733122987746
2452,LOAD,32735782,3054.7613006464912
2453,LOAD,33087726,3022.2687409826835
2454,LOAD,36176934,2764.192233648103
2455,LOAD,35519880,2815.324826547838
2456,LOAD,36544470,2736.3921271809386
2457,LOAD,34146098,2928.592309434595
2458,LOAD,35305855,2832.3913979706767
2459,LOAD,36513052,2738.7466815975836
2460,LOAD,35625651,2806.9662502448023
2461,LOAD,36575376,2734.079890251846
2462,LOAD,33250390,3007.4835212459166
2463,LOAD,33522398,2983.080148383179
2464,LOAD,30648933,3262.756324991803
2465,LOAD,33622758,2974.176003051267
2466,LOAD,31624789,3162.0764331423684
2467,LOAD,33160820,3015.6069723245687
2468,LOAD,32656350,3062.1915798918126
2469,LOAD,33994386,2941.662190927643
2470,LOAD,36589513,2733.023530540021
2471,LOAD,35919039,2784.0388491462704
2472,LOAD,32247680,3100.9982733641614
2473,LOAD,33170235,3014.751026032827
2474,LOAD,29968800,3336.8036090867836
2475,LOAD,34470843,2901.002450099639
2476,LOAD,29717178,3365.0570723774645
2477,LOAD,32460207,3080.6950799790034
2478,LOAD,31351525,3189.637505671574
2479,LOAD,34805871,2873.0785102317936
2480,LOAD,33312070,3001.914921528443
2481,LOAD,32588999,3068.520146936701
2482,LOAD,30689368,3258.4574566670776
2483,LOAD,32726819,3055.5979180255804
2484,LOAD,28210879,3544.731803642134
2485,LOAD,32568702,3070.432466114247
2486,LOAD,36573611,2734.2118337727165
2487,LOAD,30522171,3276.3069180105176
2488,LOAD,34513629,2897.4061232448203
2489,LOAD,30639599,3263.7502860269155
2490,LOAD,34444166,2903.2492759441466
2491,LOAD,33883456,2951.29280791192
2492,LOAD,32770513,3051.5237890844123
2493,LOAD,33283347,3004.5055264423977
2494,LOAD,30399406,3289.53796005093
2495,LOAD,35856221,2788.9163222192324
2496,LOAD,32704493,3057.683847904323
2497,LOAD,32067737,3118.3990314003136
2498,LOAD,29325363,3410.017465086451
2499,LOAD,33945137,2945.9300753448133
2500,LOAD,31257439,3199.238427690765
2501,LOAD,34626723,2887.942933554527
2502,LOAD,32277846,3098.100164428568
2503,LOAD,31555717,3168.9978712890597
2504,LOAD,32015199,3123.5164273069176
2505,LOAD,33888485,2950.8548405158863
2506,LOAD,33651414,2971.6433312430795
2507,LOAD,31899218,3134.87308685749
2508,LOAD,34289146,2916.374761856128
2509,LOAD,33336216,2999.7405824344314
2510,LOAD,35326026,2830.774115378843
2511,LOAD,34071109,2935.038011237028
2512,LOAD,34353078,2910.9473101653366
2513,LOAD,33292476,3003.6816726998613
2514,LOAD,26445754,3781.325349997584
2515,LOAD,31745869,3150.0161485577855
2516,LOAD,34221258,2922.1602548918568
2517,LOAD,35716232,2799.847419515026
2518,LOAD,34519405,2896.9213113609576
2519,LOAD,33758192,2962.243949557488
2520,LOAD,33302248,3002.8002914397853
2521,LOAD,33242678,3008.181230164429
2522,LOAD,34126485,2930.2754151211293
2523,LOAD,34133179,2929.700746596149
2524,LOAD,31874983,3137.256575164291
2525,LOAD,30120680,3319.9781678235686
2526,LOAD,33179867,3013.875854294413
2527,LOAD,31517484,3172.8420961520915
2528,LOAD,33758777,2962.192617345113
2529,LOAD,32146063,3110.8008467475474
2530,LOAD,33210095,3011.1326089250874
2531,LOAD,29713559,3365.466923703081
2532,LOAD,34683040,2883.2536017603993
2533,LOAD,29959556,3337.8331775010283
2534,LOAD,31690805,3155.4894235094375
2535,LOAD,32539034,3073.2319834694536
2536,LOAD,33681594,2968.9806248480995
2537,LOAD,33307196,3002.354205979993
2538,LOAD,34336826,2912.3250937637627
2539,LOAD,32929966,3036.7477451996156
2540,LOAD,32717748,3056.4450829561983
2541,LOAD,32837680,3045.282127117385
2542,LOAD,32598469,3067.628728208064
2543,LOAD,32744162,3053.9795154934795
2544,LOAD,32280696,3097.826639177792
2545,LOAD,32005531,3124.459956624372
2546,LOAD,31304776,3194.4007521408234
2547,LOAD,31575104,3167.052118023111
2548,LOAD,35625483,2806.9794871272343
2549,LOAD,32784044,3050.264329806292
2550,LOAD,30600588,3267.911061055428
2551,LOAD,32922359,3037.4494124190796
2552,LOAD,33790678,2959.3960795933126
2553,LOAD,33136416,3017.8278785490866
2554,LOAD,32278964,3097.9928599938958
2555,LOAD,32496867,3077.219720904172
2556,LOAD,32051720,3119.957368902511
2557,LOAD,33594716,2976.6585911903526
2558,LOAD,32809747,3047.8747672147547
2559,LOAD,36143751,2766.7299943495073
2560,LOAD,35212316,2839.9154432216274
2561,LOAD,34578715,2891.9524626638095
2562,LOAD,33152189,3016.3920699173136
2563,LOAD,32390877,3087.289053643098
2564,LOAD,31562876,3168.2790883821867
2565,LOAD,32830807,3045.9196449237447
2566,LOAD,29859201,3349.0514364399774
2567,LOAD,27139637,3684.647661278594
2568,LOAD,32209468,3104.677171321178
2569,LOAD,33072780,3023.634541759114
2570,LOAD,30565236,3271.6907535083324
2571,LOAD,32355963,3090.620421342428
2572,LOAD,33002647,3030.059982764413
2573,LOAD,32226364,3103.0494163101985
2574,LOAD,31034990,3222.169557650897
2575,LOAD,29297937,3413.2096058504053
2576,LOAD,34164075,2927.051295842197
2577,LOAD,33601934,2976.019177943746
2578,LOAD,33050324,3025.6889463473944
2579,LOAD,34244421,2920.183699411942
2580,LOAD,31655995,3158.959306128271
2581,LOAD,32507131,3076.2481007628758
2582,LOAD,33043384,3026.3244224623
2583,LOAD,34254856,2919.294128692294
2584,LOAD,32606231,3066.898471031503
2585,LOAD,33209034,3011.228812015429
2586,LOAD,29717442,3365.027178315011
2587,LOAD,34651185,2885.904190578187
2588,LOAD,33995728,2941.546067199973
2589,LOAD,33045227,3026.1556381501023
2590,LOAD,33550495,2980.581955646258
2591,LOAD,35950455,2781.605962984335
2592,LOAD,33985314,2942.4474347949235
2593,LOAD,32938813,3035.9321084217577
2594,LOAD,32446482,3081.99822711134
2595,LOAD,32842313,3044.8525352035954
2596,LOAD,31018721,3223.859552429644
2597,LOAD,32709175,3057.246170225938
2598,LOAD,36824428,2715.588684771967
2599,LOAD,36827291,2715.3775714863195
2600,LOAD,36620368,2730.720783581421
2601,LOAD,32692492,3058.806284941509
2602,LOAD,33849025,2954.2948430567794
2603,LOAD,27807125,3596.200614051255
2604,LOAD,36992654,2703.239405315445
2605,LOAD,32776996,3050.9202246600025
2606,LOAD,33860495,2953.2940968523935
2607,LOAD,32264802,3099.3526630040997
2608,LOAD,31606067,3163.949503745594
2609,LOAD,30078401,3324.6448173890626
2610,LOAD,27381179,3652.1436859968667
2611,LOAD,29444214,3396.2529955800483
2612,LOAD,33185391,3013.374168169361
2613,LOAD,32296798,3096.282176332155
2614,LOAD,32873660,3041.9490862897533
2615,LOAD,32802120,3048.583445216346
2616,LOAD,32573965,3069.93637403368
2617,LOAD,35188048,2841.8740363205143
2618,LOAD,34931234,2862.7674590597057
2619,LOAD,35737538,2798.1782069039004
2620,LOAD,33091529,3021.9214107634616
2621,LOAD,32395877,3086.8125595118167
2622,LOAD,32358259,3090.4011244857147
2623,LOAD,32650488,3062.7413593328224
2624,LOAD,32196293,3105.947631921476
2625,LOAD,31226618,3202.3961096267294
2626,LOAD,32811029,3047.7556799574927
2627,LOAD,35244156,2837.3498290042753
2628,LOAD,32256969,3100.105282675505
2629,LOAD,33779542,2960.371694796809
2630,LOAD,35182066,2842.357239623165
2631,LOAD,33412983,2992.848618155404
2632,LOAD,32630824,3064.5870297360557
2633,LOAD,32462665,3080.4618166746322
2634,LOAD,34727883,2879.5305489827874
2635,LOAD,36630055,2729.9986309056867
2636,LOAD,37310292,2680.225606382282
2637,LOAD,38204694,2617.4794123465563
2638,LOAD,32360341,3090.202294221807
2639,LOAD,33263855,3006.266110767979
2640,LOAD,36469049,2742.0512117000912
2641,LOAD,36975928,2704.462211198594
2642,LOAD,33277189,3005.061515262001
2643,LOAD,34344949,2911.6362933018186
2644,LOAD,36787201,2718.3367389109058
2645,LOAD,36031922,2775.316842659684
2646,LOAD,33208161,3011.307973362331
2647,LOAD,33668172,2970.16422513227
2648,LOAD,34592971,2890.7606692700665
2649,LOAD,30730737,3254.070997386102
2650,LOAD,35392659,2825.444677666066
2651,LOAD,31131367,3212.1943119298294
2652,LOAD,34992394,2857.763890061366
2653,LOAD,35040027,2853.879079488152
2654,LOAD,33643956,2972.3020681634466
2655,LOAD,34135200,2929.5272914762472
2656,LOAD,34187876,2925.013534037622
2657,LOAD,31791418,3145.5029781936746
2658,LOAD,35053644,2852.7704566178627
2659,LOAD,35498942,2816.985362549678
2660,LOAD,31674624,3157.1014071074687
2661,LOAD,34252520,2919.4932226884325
2662,LOAD,36168480,2764.838334372913
2663,LOAD,32119804,3113.3440291229676
2664,LOAD,33186694,3013.2558548917227
2665,LOAD,31481258,3176.49313759952
2666,LOAD,33232611,3009.0924844876017
2667,LOAD,30743817,3252.6865483228707
2668,LOAD,33117588,3019.5435730404038
2669,LOAD,31107906,3214.6168887098993
2670,LOAD,33986286,2942.3632814718267
2671,LOAD,31284435,3196.477737251768
2672,LOAD,33748804,2963.067965312193
2673,LOAD,32082682,3116.9463949429164
2674,LOAD,34933015,2862.62150575895
2675,LOAD,36552349,2735.802287289389
2676,LOAD,34805632,2873.098238813764
2677,LOAD,31617035,3162.8519246033034
2678,LOAD,35228342,2838.623515123136
2679,LOAD,32634339,3064.2569472603686
2680,LOAD,33631729,2973.382664923353
2681,LOAD,36358237,2750.408387513399
2682,LOAD,34262875,2918.610887148262
2683,LOAD,31779919,3146.641122653585
2684,LOAD,35842175,2790.009255855706
2685,LOAD,35731976,2798.6137682394055
2686,LOAD,34086813,2933.6858215521643
2687,LOAD,33134641,3017.9895415194023
2688,LOAD,34535867,2895.540453639111
2689,LOAD,31434036,3181.265046588354
2690,LOAD,35378371,2826.585769028201
2691,LOAD,34711226,2880.9123595922542
2692,LOAD,32227510,3102.9390728604226
2693,LOAD,33153101,3016.3090927753638
2694,LOAD,29262933,3417.2924498033058
2695,LOAD,28770356,3475.7998823511257
2696,LOAD,35122581,2847.1711688842
2697,LOAD,29978822,3335.688106757497
2698,LOAD,33596092,2976.5366757538345
2699,LOAD,31225734,3202.4867694062855
2700,LOAD,33497799,2985.2707636104687
2701,LOAD,31503884,3174.2117892511287
2702,LOAD,33632117,2973.348362221742
2703,LOAD,33037206,3026.8903490204348
2704,LOAD,33359464,2997.650082147603
2705,LOAD,35038672,2853.9894434355274
2706,LOAD,31273413,3197.6043036940036
2707,LOAD,33209713,3011.1672449563175
2708,LOAD,30401669,3289.293097691446
2709,LOAD,34565217,2893.0817937581587
2710,LOAD,28128892,3555.0635979547296
2711,LOAD,30051428,3327.628890048087
2712,LOAD,27451687,3642.763375525883
2713,LOAD,32256067,3100.1919731875555
2714,LOAD,30712733,3255.97855456237
2715,LOAD,30813957,3245.282649028166
2716,LOAD,33966737,2944.0567105400796
2717,LOAD,35271752,2835.1299362730833
2718,LOAD,34703227,2881.5764021023174
2719,LOAD,33763856,2961.747023207302
2720,LOAD,33311800,3001.939252757281
2721,LOAD,33284388,3004.411557754945
2722,LOAD,33521300,2983.177860047194
2723,LOAD,31580614,3166.499549375449
2724,LOAD,33560430,2979.6996045640653
2725,LOAD,32467533,3079.9999494880008
2726,LOAD,32724831,3055.783542472687
2727,LOAD,35189272,2841.7751864829715
2728,LOAD,31695708,3155.001301753537
2729,LOAD,36273949,2756.7993768751235
2730,LOAD,35099431,2849.0490344416125
2731,LOAD,35152049,2844.7843822702907
2732,LOAD,32779520,3050.6853059471277
2733,LOAD,23279287,4295.664209990624
2734,LOAD,34184598,2925.294016913699
2735,LOAD,31945967,3130.2855850317505
2736,LOAD,33716775,2965.88270971942
2737,LOAD,31279725,3196.959052549215
2738,LOAD,30297641,3300.5869994960995
2739,LOAD,32671189,3060.800756287137
2740,LOAD,33790332,2959.4263826706406
2741,LOAD,31566420,3167.923381872255
2742,LOAD,29980927,3335.453903743537
2743,LOAD,32898829,3039.621866176453
2744,LOAD,34826576,2871.3704155125674
2745,LOAD,32090341,3116.202473510643
2746,LOAD,33764075,2961.7278127714144
2747,LOAD,31628465,3161.708922642942
2748,LOAD,33321964,3001.023589125779
2749,LOAD,34487138,2899.6317409696335
2750,LOAD,36646218,2728.7945511867006
2751,LOAD,33499500,2985.119180883297
2752,LOAD,33461292,2988.5277591791732
2753,LOAD,35649481,2805.089925432575
2754,LOAD,34443699,2903.288639237034
2755,LOAD,33243729,3008.086126559388
2756,LOAD,31920818,3132.751798528471
2757,LOAD,33171849,3014.6043411689234
2758,LOAD,32157857,3109.659950288354
2759,LOAD,35923181,2783.717845031597
2760,LOAD,42364917,2360.443666158959
2761,LOAD,33886201,2951.0537342324096
2762,LOAD,34858758,2868.719533839961
2763,LOAD,34127869,2930.1565825865073
2764,LOAD,32429909,3083.573253319952
2765,LOAD,33034848,3027.1064059383593
2766,LOAD,31797097,3144.941187555581
2767,LOAD,33366691,2997.0008113780295
2768,LOAD,29907251,3343.6707372402766
2769,LOAD,33100213,3021.1285951543578
2770,LOAD,33729993,2964.7204492452756
2771,LOAD,33922710,2947.8776901963315
2772,LOAD,35568540,2811.4732850996975
2773,LOAD,34589540,2891.0474091300434
2774,LOAD,38715118,2582.9703011624556
2775,LOAD,35970180,2780.0806112174027
2776,LOAD,30078218,3324.6650449837157
2777,LOAD,29529956,3386.3917711221784
2778,LOAD,31725059,3152.0823964425094
2779,LOAD,34246637,2919.9947428414653
2780,LOAD,33412890,2992.8569483214415
2781,LOAD,33183670,3013.5304503691123
2782,LOAD,34069188,2935.203504116388
2783,LOAD,34400584,2906.927394023311
2784,LOAD,35361412,2827.9413729293387
2785,LOAD,34463768,2901.59799125853
2786,LOAD,34804924,2873.156683232522
2787,LOAD,34410819,2906.062770548995
2788,LOAD,29953799,3338.47469564712
2789,LOAD,32762603,3052.260530092801
2790,LOAD,35070390,2851.4082677723286
2791,LOAD,32752356,3053.215469445923
2792,LOAD,33479022,2986.945078622667
2793,LOAD,35564339,2811.805387413499
2794,LOAD,37147945,2691.938948439813
2795,LOAD,34006883,2940.581175875484
2796,LOAD,33619756,2974.4415753641997
2797,LOAD,35288524,2833.782450067903
2798,LOAD,36184141,2763.64167384822
2799,LOAD,37484334,2667.7811589236185
2800,LOAD,36441814,2744.100499497638
2801,LOAD,34561420,2893.399634621494
2802,LOAD,33735442,2964.2415830804885
2803,LOAD,35115683,2847.730457072414
2804,LOAD,36228833,2760.232436965331
2805,LOAD,33558119,2979.904803365171
2806,LOAD,33276298,3005.1419782332755
2807,LOAD,36014385,2776.668267415923
2808,LOAD,34522253,2896.6823225587277
2809,LOAD,32432500,3083.3269097356047
2810,LOAD,34027862,2938.7682364528223
2811,LOAD,37056089,2698.61182598088
2812,LOAD,37161324,2690.9697835308557
2813,LOAD,36222553,2760.710985777286
2814,LOAD,37471752,2668.6769276227064
2815,LOAD,34229550,2921.452370831635
2816,LOAD,34421145,2905.190980718393
2817,LOAD,34383343,2908.3850281806513
2818,LOAD,36871490,2712.1225640732173
2819,LOAD,33377868,2995.997227863685
2820,LOAD,32293525,3096.595989443704
2821,LOAD,34589517,2891.0493315069994
2822,LOAD,36324389,2752.971288794424
2823,LOAD,30864492,3239.969088102924
2824,LOAD,33650770,2971.7002018081607
2825,LOAD,30435093,3285.6807764641953
2826,LOAD,33495364,2985.4877827271857
2827,LOAD,31702575,3154.317906353033
2828,LOAD,35440040,2821.667244167896
2829,LOAD,34648127,2886.1588968431106
2830,LOAD,33074349,3023.491104843817
2831,LOAD,34440982,2903.517675541307
2832,LOAD,36226854,2760.3832228986817
2833,LOAD,36623933,2730.454973254784
2834,LOAD,36439388,2744.2831915837883
2835,LOAD,33525561,2982.7987069328983
2836,LOAD,32581371,3069.238553528027
2837,LOAD,34409573,2906.1680015616585
2838,LOAD,32024400,3122.619003010205
2839,LOAD,35344646,2829.2828282959745
2840,LOAD,36400025,2747.250860404629
2841,LOAD,32055479,3119.591505714203
2842,LOAD,32764831,3052.0529771693314
2843,LOAD,32938187,3035.9898072107003
2844,LOAD,34245210,2920.1164192014007
2845,LOAD,35405164,2824.4467388994444
2846,LOAD,36645354,2728.858888905808
2847,LOAD,34983246,2858.5111856115354
2848,LOAD,31882898,3136.477744275316
2849,LOAD,35663452,2803.991043828287
2850,LOAD,36578380,2733.8553539003096
2851,LOAD,34867849,2867.9715803518593
2852,LOAD,30801594,3246.58522542697
2853,LOAD,35115901,2847.7127783222763
2854,LOAD,34489659,2899.419794205562
2855,LOAD,34468268,2901.2191735308543
2856,LOAD,34623026,2888.251304204318
2857,LOAD,37470652,2668.75527012447
2858,LOAD,37382196,2675.070239319274
2859,LOAD,35867584,2788.0327819124927
2860,LOAD,36025912,2775.7798331378813
2861,LOAD,34151940,2928.0913470801365
2862,LOAD,32242365,3101.5094581306303
2863,LOAD,30767164,3250.2183171643637
2864,LOAD,30979632,3227.9273039783043
2865,LOAD,30728929,3254.2624573736366
2866,LOAD,38657331,2586.8314602474757
2867,LOAD,33477602,2987.0717741372273
2868,LOAD,30731974,3253.940016999884
2869,LOAD,33756832,2962.363292858761
2870,LOAD,33828906,2956.051845129133
2871,LOAD,34201732,2923.8285359349634
2872,LOAD,32648251,3062.951212914897
2873,LOAD,29896887,3344.8298480039075
2874,LOAD,34183168,2925.4163920675815
2875,LOAD,35877659,2787.249859306595
2876,LOAD,32739737,3054.3922817706202
2877,LOAD,33707263,2966.719665135671
2878,LOAD,34229785,2921.4323139920393
2879,LOAD,35826921,2791.1971559040753
2880,LOAD,31762173,3148.3991980019755
2881,LOAD,33476659,2987.1559166044617
2882,LOAD,31788134,3145.82793692766
2883,LOAD,32996995,3030.578996663181
2884,LOAD,29520091,3387.5234327699054
2885,LOAD,32919196,3037.7412619676375
2886,LOAD,31692513,3155.3193651762485
2887,LOAD,37289997,2681.6843133562065
2888,LOAD,34916351,2863.987705931814
2889,LOAD,35268313,2835.4063887320044
2890,LOAD,31320157,3192.8320154972403
2891,LOAD,33665696,2970.382670835025
2892,LOAD,31696983,3154.8743929351253
2893,LOAD,34375006,2909.0904013224026
2894,LOAD,29663583,3371.136925704491
2895,LOAD,32979311,3032.204038465206
2896,LOAD,31205097,3204.60468365152
2897,LOAD,32779400,3050.6964740050153
2898,LOAD,33664698,2970.470728714097
2899,LOAD,35069461,2851.4838023886364
2900,LOAD,30610862,3266.814243911197
2901,LOAD,35975172,2779.6948406528813
2902,LOAD,34563997,2893.183910414065
2903,LOAD,34624771,2888.10574371741
2904,LOAD,31778981,3146.7340000612353
2905,LOAD,34164875,2926.9827564128364
2906,LOAD,31265701,3198.3930249956657
2907,LOAD,33167985,3014.955536189491
2908,LOAD,32452439,3081.4324926394593
2909,LOAD,33811527,2957.571244859778
2910,LOAD,32428962,3083.6633007248274
2911,LOAD,34574651,2892.2923907460413
2912,LOAD,32011377,3123.88935971108
2913,LOAD,32081902,3117.0221765529986
2914,LOAD,28911726,3458.804223587343
2915,LOAD,29010778,3446.994768633919
2916,LOAD,32634298,3064.2607970301674
2917,LOAD,31165943,3208.63065173417
2918,LOAD,33571187,2978.744838542647
2919,LOAD,28640518,3491.556961365014
2920,LOAD,38459369,2600.1466638727225
2921,LOAD,33822839,2956.582089398232
2922,LOAD,32870703,3042.2227355466052
2923,LOAD,34833305,2870.8157322424613
2924,LOAD,33798090,2958.747077127731
2925,LOAD,31232354,3201.8079713107763
2926,LOAD,32499400,3076.979882705527
2927,LOAD,32272361,3098.626716526876
2928,LOAD,35471099,2819.1965521000634
2929,LOAD,32200280,3105.563057215652
2930,LOAD,35636785,2806.0892698373323
2931,LOAD,32232651,3102.4441644592002
2932,LOAD,32558314,3071.4121130473773
2933,LOAD,33730648,2964.662878697142
2934,LOAD,33922283,2947.9147968902917
2935,LOAD,33113377,3019.9275658293627
2936,LOAD,32739600,3054.4050629818325
2937,LOAD,34012453,2940.0996158671646
2938,LOAD,33636347,2972.9744433900623
2939,LOAD,30951470,3230.8643175913776
2940,LOAD,33208866,3011.2440454907432
2941,LOAD,28578977,3499.075561731968
2942,LOAD,30612338,3266.65673167466
2943,LOAD,33067204,3024.144406040499
2944,LOAD,34833388,2870.808891744897
2945,LOAD,35435156,2822.056152370262
2946,LOAD,33410047,2993.111622979758
2947,LOAD,32756371,3052.841232015598
2948,LOAD,33419494,2992.265532207041
2949,LOAD,31995336,3125.4555351442473
2950,LOAD,34025654,2938.958939628317
2951,LOAD,32161344,3109.3227944702808
2952,LOAD,34998476,2857.267270723445
2953,LOAD,32206170,3104.995098765237
2954,LOAD,34649421,2886.0511117920264
2955,LOAD,33778218,2960.487732064492
2956,LOAD,32649842,3062.8019578165186
2957,LOAD,30641120,3263.588276146564
2958,LOAD,32716478,3056.5637291397934
2959,LOAD,30076931,3324.8073082988417
2960,LOAD,33957007,2944.9002970138094
2961,LOAD,35441817,2821.5257699682834
2962,LOAD,31929179,3131.931453671264
2963,LOAD,32177620,3107.750044906988
2964,LOAD,31982343,3126.7252683769916
2965,LOAD,34638371,2886.971792062623
2966,LOAD,36575128,2734.098428855806
2967,LOAD,35190451,2841.679977332487
2968,LOAD,32827997,3046.1803685433506
2969,LOAD,34937606,2862.24534102308
2970,LOAD,35881273,2786.969124534684
2971,LOAD,34039077,2937.7999879373933
2972,LOAD,33300009,3003.002191380789
2973,LOAD,35964971,2780.4832652304935
2974,LOAD,35990030,2778.54728101088
2975,LOAD,34072382,2934.928353409515
2976,LOAD,33254177,3007.141027727133
2977,LOAD,36389987,2748.008676122912
2978,LOAD,37424287,2672.0615946537605
2979,LOAD,37536428,2664.0787450526727
2980,LOAD,36747863,2721.2466749427035
2981,LOAD,37407467,2673.26306803933
2982,LOAD,36903666,2709.757886926464
2983,LOAD,36177066,2764.182147883413
2984,LOAD,35065966,2851.768007760003
2985,LOAD,34786759,2874.6569923343536
2986,LOAD,33672737,2969.7615611109964
2987,LOAD,37386295,2674.776947006918
2988,LOAD,36930951,2707.755887466857
2989,LOAD,36647297,2728.714207762717
2990,LOAD,35327145,2830.6844495925156
2991,LOAD,33235312,3008.847938602171
2992,LOAD,32486940,3078.1600236895197
2993,LOAD,32119305,3113.3923975005064
2994,LOAD,33220567,3010.1834204094107
2995,LOAD,32201525,3105.442987560372
2996,LOAD,33838600,2955.205002571028
2997,LOAD,34999398,2857.1920008452717
2998,LOAD,31976900,3127.257488999872
2999,LOAD,35878093,2787.216143288329
3000,LOAD,34059669,2936.0238351112575
3001,LOAD,33347965,2998.683727777692
3002,LOAD,33153475,3016.275066188386
3003,LOAD,32122294,3113.1026943467987
3004,LOAD,32961840,3033.811219276594
3005,LOAD,37889213,2639.2736106711955
3006,LOAD,36071105,2772.3020960960303
3007,LOAD,32205261,3105.0827378793797
3008,LOAD,32965255,3033.4969348788595
3009,LOAD,31706884,3153.8892311209133
3010,LOAD,33453308,2989.2410042080146
3011,LOAD,37739794,2649.7229953083474
3012,LOAD,37040420,2699.753404524031
3013,LOAD,35303171,2832.606736658302
3014,LOAD,32098935,3115.3681578532123
3015,LOAD,35976038,2779.627929012083
3016,LOAD,36993326,2703.190299785426
3017,LOAD,32843413,3044.7505562226434
3018,LOAD,33123429,3019.0111054021613
3019,LOAD,35379395,2826.503958024155
3020,LOAD,33050805,3025.6449124310284
3021,LOAD,33924256,2947.743349183546
3022,LOAD,34025463,2938.9754373070546
3023,LOAD,31122467,3213.1128936533214
3024,LOAD,35012244,2856.143696473725
3025,LOAD,37327319,2679.0030111725946
3026,LOAD,36398571,2747.3606037995282
3027,LOAD,36448497,2743.5973560171765
3028,LOAD,34044978,2937.290780449322
3029,LOAD,34663978,2884.8391260806825
3030,LOAD,33695713,2967.73657824068
3031,LOAD,32683859,3059.614227316303
3032,LOAD,33164734,3015.2510796558777
3033,LOAD,33121411,3019.195045766619
3034,LOAD,32402566,3086.1753356200247
3035,LOAD,35934301,2782.856413430722
3036,LOAD,32596040,3067.8573225459286
3037,LOAD,34484028,2899.893249129713
3038,LOAD,32132754,3112.0893030208367
3039,LOAD,32084686,3116.7517113927806
3040,LOAD,32175570,3107.948048783596
3041,LOAD,32860586,3043.1593642304492
3042,LOAD,33234382,3008.932135401224
3043,LOAD,32379041,3088.417597049894
3044,LOAD,33611580,2975.165106787601
3045,LOAD,32485717,3078.2759081475715
3046,LOAD,33036891,3026.9192098009466
3047,LOAD,32248365,3100.9324038598547
3048,LOAD,31636352,3160.920702867385
3049,LOAD,31856775,3139.049699789134
3050,LOAD,35300991,2832.78166326832
3051,LOAD,36269860,2757.110173571114
3052,LOAD,38086635,2625.5929409358428
3053,LOAD,36899212,2710.084974172348
3054,LOAD,38898548,2570.790045942075
3055,LOAD,36806584,2716.905214567046
3056,LOAD,37161593,2690.9503045254273
3057,LOAD,36463521,2742.4669164560382
3058,LOAD,35755708,2796.756254973332
3059,LOAD,32857538,3043.441660175513
3060,LOAD,34258926,2918.947313176134
3061,LOAD,34188410,2924.9678472909386
3062,LOAD,35636223,2806.1335231851026
3063,LOAD,34320456,2913.714200067738
3064,LOAD,32351319,3091.0640768619046
3065,LOAD,31284117,3196.510229136402
3066,LOAD,35896391,2785.7953742480686
3067,LOAD,31633024,3161.2532522973456
3068,LOAD,33011835,3029.216643061496
3069,LOAD,34094218,2933.0486477208538
3070,LOAD,31892267,3135.556340350468
3071,LOAD,34471835,2900.918967615156
3072,LOAD,37543287,2663.592029115618
3073,LOAD,29015975,3446.3773834930585
3074,LOAD,36115354,2768.9054356216475
3075,LOAD,28541742,3503.640387471795
3076,LOAD,34517765,2897.0589492106456
3077,LOAD,31578175,3166.7441199499335
3078,LOAD,32786543,3050.0318377573385
3079,LOAD,31433721,3181.2969263168047
3080,LOAD,34402899,2906.7317844347945
3081,LOAD,32790986,3049.618575055962
3082,LOAD,33817857,2957.017648989408
3083,LOAD,33804124,2958.2189439371364
3084,LOAD,34672404,2884.1380597664934
3085,LOAD,33579163,2978.0373024783257
3086,LOAD,34821601,2871.7806513261694
3087,LOAD,31551917,3169.3795340549354
3088,LOAD,35437018,2821.9078704647213
3089,LOAD,33996165,2941.5082554164564
3090,LOAD,32353890,3090.8184456335853
3091,LOAD,33721060,2965.505829294809
3092,LOAD,35403040,2824.616191151946
3093,LOAD,32866707,3042.5926150739715
3094,LOAD,33962395,2944.4331001980277
3095,LOAD,30256857,3305.035946066705
3096,LOAD,34251975,2919.5396761792567
3097,LOAD,32862915,3042.9436950434856
3098,LOAD,31562920,3168.2746716716956
3099,LOAD,28520949,3506.1946921892395
3100,LOAD,35637432,2806.038325095927
3101,LOAD,31515053,3173.086842024349
3102,LOAD,33821221,2956.723531654874
3103,LOAD,35443817,2821.3665587992396
3104,LOAD,34277771,2917.342554158495
3105,LOAD,34832279,2870.90029337443
3106,LOAD,36159295,2765.5406445286058
3107,LOAD,35766616,2795.903308269365
3108,LOAD,34804965,2873.153298674485
3109,LOAD,33607446,2975.5310772499643
3110,LOAD,34699892,2881.8533498605702
3111,LOAD,31341350,3190.673024614447
3112,LOAD,33051289,3025.600605168531
3113,LOAD,35400340,2824.831625910938
3114,LOAD,31523096,3172.2772407887855
3115,LOAD,34277840,2917.3366816578873
3116,LOAD,36230363,2760.1158729764866
3117,LOAD,29718315,3364.9283278678486
3118,LOAD,33882644,2951.3635358562924
3119,LOAD,31294119,3195.488583653689
3120,LOAD,33499803,2985.0921809898405
3121,LOAD,31459151,3178.7253254228
3122,LOAD,34652501,2885.7945924307164
3123,LOAD,32098822,3115.3791251280186
3124,LOAD,34240710,2920.5001882262372
3125,LOAD,31397010,3185.016662414669
3126,LOAD,33782651,2960.0992533120034
3127,LOAD,34767032,2876.2880880944913
3128,LOAD,34444964,2903.1820152286996
3129,LOAD,33547518,2980.8464518895257
3130,LOAD,33157549,3015.9044626609766
3131,LOAD,33057771,3025.007342449072
3132,LOAD,31060583,3219.5145854152192
3133,LOAD,34879304,2867.0296861428196
3134,LOAD,36216245,2761.191835321414
3135,LOAD,32235488,3102.171122707992
3136,LOAD,33516784,2983.5798088503957
3137,LOAD,32842985,3044.7902345051766
3138,LOAD,34902605,2865.115655407383
3139,LOAD,29501970,3389.604151858334
3140,LOAD,34710537,2880.9695453573654
3141,LOAD,32541983,3072.953482890087
3142,LOAD,35622244,2807.234715477217
3143,LOAD,35827069,2791.1856255949933
3144,LOAD,35201434,2840.793360861379
3145,LOAD,33860998,2953.2502261156037
3146,LOAD,34930951,2862.790652335804
3147,LOAD,35490542,2817.6520944650547
3148,LOAD,34616442,2888.8006456584994
3149,LOAD,33446736,2989.8283647169637
3150,LOAD,35442512,2821.4704420499315
3151,LOAD,34587488,2891.2189286484177
3152,LOAD,34326985,2913.160010994266
3153,LOAD,35132913,2846.3338636337958
3154,LOAD,32872651,3042.042456508908
3155,LOAD,33959069,2944.721482205534
3156,LOAD,36390470,2747.9722026123873
3157,LOAD,36103898,2769.784027198393
3158,LOAD,36941654,2706.9713770801923
3159,LOAD,33162767,3015.4299247707527
3160,LOAD,35258496,2836.195849079893
3161,LOAD,33499640,2985.1067056242996
3162,LOAD,35790688,2794.022847507151
3163,LOAD,34489039,2899.471916280416
3164,LOAD,33482229,2986.6589825904366
3165,LOAD,29563388,3382.5622421895623
3166,LOAD,31909678,3133.845474717733
3167,LOAD,34134948,2929.5489186038894
3168,LOAD,34544785,2894.7929477633165
3169,LOAD,30764846,3250.4632072593504
3170,LOAD,32479227,3078.891009321127
3171,LOAD,33739238,2963.9080764064674
3172,LOAD,34301617,2915.3144587906745
3173,LOAD,34118262,2930.9816543410097
3174,LOAD,33277900,3004.997310527407
3175,LOAD,33103185,3020.8573585895133
3176,LOAD,35214594,2839.731731679201
3177,LOAD,36835202,2714.7943969467033
3178,LOAD,32180060,3107.514404883024
3179,LOAD,33578959,2978.0553947488365
3180,LOAD,34757116,2877.1086761053475
3181,LOAD,33262990,3006.3442883517087
3182,LOAD,34648457,2886.1314083914326
3183,LOAD,36684475,2725.948783511281
3184,LOAD,32169570,3108.527717342818
3185,LOAD,34049730,2936.880850450209
3186,LOAD,34634558,2887.2896255814785
3187,LOAD,34146031,2928.598055803323
3188,LOAD,35374658,2826.8824535349568
3189,LOAD,33165116,3015.2163496126473
3190,LOAD,32090516,3116.1854798470677
3191,LOAD,34012598,2940.0870818512603
3192,LOAD,38399954,2604.1697862450565
3193,LOAD,38641514,2587.8903192043667
3194,LOAD,35684596,2802.329610232942
3195,LOAD,38621753,2589.2144253524693
3196,LOAD,35321411,2831.1439766661647
3197,LOAD,33660568,2970.835192085885
3198,LOAD,35343557,2829.370003703928
3199,LOAD,34716473,2880.4769424589877
3200,LOAD,32998984,3030.396329777911
3201,LOAD,34395031,2907.3967108795455
3202,LOAD,34377999,2908.837131561962
3203,LOAD,32574485,3069.8873673674348
3204,LOAD,35179624,2842.554542368048
3205,LOAD,35337983,2829.816291439158
3206,LOAD,33410281,2993.090659728363
3207,LOAD,33690900,2968.1605418673885
3208,LOAD,36548597,2736.0831388411434
3209,LOAD,37378911,2675.3053346043175
3210,LOAD,33849318,2954.2692706541384
3211,LOAD,34125820,2930.332516551983
3212,LOAD,35346099,2829.16652273282
3213,LOAD,30092220,3323.1180683910993
3214,LOAD,35196472,2841.1938560205695
3215,LOAD,36853237,2713.4658483324
3216,LOAD,35964292,2780.5357603035814
3217,LOAD,33815959,2957.1836185394004
3218,LOAD,34607071,2889.5828832206
3219,LOAD,35310991,2831.9794253296377
3220,LOAD,32150927,3110.330224693055
3221,LOAD,33893750,2950.3964595242487
3222,LOAD,36235764,2759.704473182903
3223,LOAD,34334770,2912.4994866719653
3224,LOAD,34462711,2901.6869856814224
3225,LOAD,34341048,2911.967043055879
3226,LOAD,34799008,2873.64513379232
3227,LOAD,32049793,3120.1449569424676
3228,LOAD,34113136,2931.422077407366
3229,LOAD,29878143,3346.928221074516
3230,LOAD,37123306,2693.7256073044787
3231,LOAD,37221427,2686.6245617074273
3232,LOAD,35460562,2820.0342679284104
3233,LOAD,33554124,2980.259594915963
3234,LOAD,35869729,2787.866058313404
3235,LOAD,34603265,2889.900707346547
3236,LOAD,35050440,2853.031231562286
3237,LOAD,33080351,3022.9425316557254
3238,LOAD,36833674,2714.907016878088
3239,LOAD,35943091,2782.175856828785
3240,LOAD,35082689,2850.408644559714
3241,LOAD,30154389,3316.266829349452
3242,LOAD,35999313,2777.8307880486495
3243,LOAD,32732620,3055.0563932859636
3244,LOAD,34981258,2858.67363603676
3245,LOAD,34702933,2881.6008145478654
3246,LOAD,35086752,2850.0785709660445
3247,LOAD,30570900,3271.0845935186726
3248,LOAD,30414214,3287.9363576517217
3249,LOAD,32459915,3080.722793020253
3250,LOAD,33769475,2961.2542096079374
3251,LOAD,32687083,3059.312450731685
3252,LOAD,32632285,3064.4498232348733
3253,LOAD,32081148,3117.095435612217
3254,LOAD,33077501,3023.202992269579
3255,LOAD,32410119,3085.456119429861
3256,LOAD,33251501,3007.3830351297524
3257,LOAD,33620184,2974.4037093907637
3258,LOAD,36046061,2774.228229819619
3259,LOAD,36836717,2714.682744393318
3260,LOAD,35055393,2852.6281248651244
3261,LOAD,30433363,3285.867552659231
3262,LOAD,35116555,2847.659743388838
3263,LOAD,36404149,2746.939641412851
3264,LOAD,33856822,2953.6144886841416
3265,LOAD,33002011,3030.118376725588
3266,LOAD,31584108,3166.1492545554875
3267,LOAD,35071582,2851.311355159285
3268,LOAD,36513855,2738.686452033071
3269,LOAD,35790347,2794.049468142905
3270,LOAD,35217477,2839.499263391299
3271,LOAD,36511601,2738.855521564228
3272,LOAD,33640947,2972.567924440415
3273,LOAD,34136953,2929.3768544603263
3274,LOAD,27980496,3573.918060637667
3275,LOAD,31710197,3153.5597208683375
3276,LOAD,35899336,2785.566841681974
3277,LOAD,35603753,2808.6926678768946
3278,LOAD,35843211,2789.9286143755367
3279,LOAD,35768316,2795.7704243051307
3280,LOAD,33261349,3006.4926109882076
3281,LOAD,36555226,2735.5869718874123
3282,LOAD,36388578,2748.1150816061017
3283,LOAD,34985034,2858.365094057076
3284,LOAD,34729825,2879.369533247
3285,LOAD,34128232,2930.125416400123
3286,LOAD,36147621,2766.433785504169
3287,LOAD,35217915,2839.4639489589317
3288,LOAD,30673916,3260.0989061846553
3289,LOAD,33588507,2977.208841107466
3290,LOAD,32668293,3061.0720921353313
3291,LOAD,34296645,2915.73709323463
3292,LOAD,33594917,2976.6407816992073
3293,LOAD,36146257,2766.5381784896845
3294,LOAD,31800339,3144.62056520844
3295,LOAD,32894155,3040.053772471127
3296,LOAD,32392179,3087.164960406029
3297,LOAD,33641361,2972.531343187929
3298,LOAD,29878806,3346.853953936446
3299,LOAD,32479250,3078.888829021606
3300,LOAD,31836329,3141.065667464361
3301,LOAD,32902764,3039.258343159255
3302,LOAD,32492668,3077.6173874056753
3303,LOAD,32438025,3082.8017427078253
3304,LOAD,33330571,3000.248630604018
3305,LOAD,33122018,3019.1397154605734
3306,LOAD,33199352,3012.106983292927
3307,LOAD,33366063,2997.057219486758
3308,LOAD,29935133,3340.556395724048
3309,LOAD,33332207,3000.101373425408
3310,LOAD,31739210,3150.6770332342867
3311,LOAD,33869090,2952.5446358316685
3312,LOAD,32409156,3085.547800134011
3313,LOAD,36228094,2760.2887416599947
3314,LOAD,34231602,2921.277245511326
3315,LOAD,35863167,2788.3761632094565
3316,LOAD,34764434,2876.503037558443
3317,LOAD,33832641,2955.72550780177
3318,LOAD,35195544,2841.2687697056194
3319,LOAD,36571095,2734.399940718209
3320,LOAD,36433947,2744.693019397542
3321,LOAD,37862595,2641.129061544778
3322,LOAD,37209124,2687.512879905477
3323,LOAD,38404274,2603.876849748546
3324,LOAD,36965345,2705.2364856867966
3325,LOAD,37691432,2653.1228635728144
3326,LOAD,36011709,2776.8745993143507
3327,LOAD,37019698,2701.2646078312146
3328,LOAD,37557072,2662.6143805885613
3329,LOAD,38211524,2617.011559130696
3330,LOAD,38046259,2628.379310565068
3331,LOAD,35018940,2855.5975709144823
3332,LOAD,34915004,2864.098196866883
3333,LOAD,35429091,2822.5392517126675
3334,LOAD,34717741,2880.37173847227
3335,LOAD,33964562,2944.2452400828843
3336,LOAD,32879700,3041.390280324942
3337,LOAD,34869420,2867.8423673235748
3338,LOAD,35363927,2827.74025633522
3339,LOAD,33275601,3005.2049247735604
3340,LOAD,33437009,2990.698121354096
3341,LOAD,35807467,2792.7135979766454
3342,LOAD,31537586,3170.819732366326
3343,LOAD,35469094,2819.3559158855314
3344,LOAD,36105044,2769.696112266198
3345,LOAD,34461508,2901.7882792592827
3346,LOAD,33265143,3006.149710524317
3347,LOAD,34676949,2883.760044749035
3348,LOAD,35953132,2781.398850036208
3349,LOAD,33881211,2951.488363270132
3350,LOAD,34455947,2902.2566118992463
3351,LOAD,34518620,2896.9871912608323
3352,LOAD,37954849,2634.7094675570966
3353,LOAD,35381465,2826.338592819715
3354,LOAD,32932515,3036.512698772019
3355,LOAD,35470847,2819.2165808727373
3356,LOAD,34148913,2928.350896557088
3357,LOAD,33439014,2990.518799388044
3358,LOAD,34391159,2907.724046171285
3359,LOAD,38014217,2630.594758797741
3360,LOAD,34765301,2876.4313014289737
3361,LOAD,34017957,2939.623916862497
3362,LOAD,34349120,2911.2827344630664
3363,LOAD,35935633,2782.7532633138812
3364,LOAD,31990450,3125.93289559853
3365,LOAD,34654684,2885.612807780905
3366,LOAD,35697793,2801.2936261914006
3367,LOAD,38055042,2627.7726877820814
3368,LOAD,36262143,2757.696918243359
3369,LOAD,34176094,2926.021914616691
3370,LOAD,34180195,2925.670845353574
3371,LOAD,36264798,2757.495023135107
3372,LOAD,37681826,2653.799208138162
3373,LOAD,36063134,2772.914855375576
3374,LOAD,34082021,2934.0983036187904
3375,LOAD,32827038,3046.2693588133047
3376,LOAD,34498923,2898.6412126546675
3377,LOAD,30207019,3310.488863532016
3378,LOAD,34292561,2916.0843367749644
3379,LOAD,31989098,3126.0650112735284
3380,LOAD,32875005,3041.824632422109
3381,LOAD,32748977,3053.5304965403957
3382,LOAD,33427611,2991.538940667941
3383,LOAD,37612138,2658.716183589457
3384,LOAD,36317566,2753.488490941271
3385,LOAD,33901121,2949.7549653299075
3386,LOAD,33349365,2998.5578436051183
3387,LOAD,36602757,2732.034638811497
3388,LOAD,37145622,2692.1072959822827
3389,LOAD,37839267,2642.7573240253305
3390,LOAD,37444389,2670.6270998306313
3391,LOAD,37376748,2675.46015506753
3392,LOAD,36407199,2746.7095175325076
3393,LOAD,36617751,2730.915942926151
3394,LOAD,33824979,2956.3950357515373
3395,LOAD,34794190,2874.0430514404848
3396,LOAD,34803478,2873.276055916021
3397,LOAD,34474317,2900.7101141409125
3398,LOAD,32052905,3119.842023679289
3399,LOAD,36775996,2719.164968366866
3400,LOAD,33583979,2977.610246838232
3401,LOAD,34473471,2900.7812993359444
3402,LOAD,33830848,2955.882158200705
3403,LOAD,35254038,2836.554496253734
3404,LOAD,33196590,3012.357594560164
3405,LOAD,35809097,2792.586476000777
3406,LOAD,36816348,2716.184668832444
3407,LOAD,37105498,2695.018404011179
3408,LOAD,37119920,2693.9713232140584
3409,LOAD,36441680,2744.1105898520595
3410,LOAD,36684008,2725.9834857739643
3411,LOAD,37784058,2646.6188464987003
3412,LOAD,36571411,2734.3763137823694
3413,LOAD,35816611,2792.000616697096
3414,LOAD,34430974,2904.3616367053687
3415,LOAD,35777283,2795.0697094578145
3416,LOAD,33264326,3006.223544105478
3417,LOAD,33729339,2964.7779341302835
3418,LOAD,33368882,2996.8040283758983
3419,LOAD,29526361,3386.804083307117
3420,LOAD,35992349,2778.3682582095435
3421,LOAD,35610438,2808.1654036381133
3422,LOAD,32473275,3079.455336734592
3423,LOAD,34887475,2866.358198751844
3424,LOAD,35506074,2816.4195230371006
3425,LOAD,33674839,2969.5761871348514
3426,LOAD,34004816,2940.7599205947768
3427,LOAD,36172877,2764.5022539954452
3428,LOAD,36747957,2721.239714088051
3429,LOAD,29479688,3392.166158610634
3430,LOAD,35033287,2854.428132878311
3431,LOAD,28669003,3488.0878138664257
3432,LOAD,36133647,2767.5036510983796
3433,LOAD,33830079,2955.9493490984755
3434,LOAD,30133176,3318.6013980072994
3435,LOAD,29107666,3435.521075444524
3436,LOAD,30029257,3330.0857227336664
3437,LOAD,28395673,3521.6633182104893
3438,LOAD,29834536,3351.8201858410002
3439,LOAD,26890228,3718.823060927561
3440,LOAD,26924461,3714.094777979028
3441,LOAD,32413843,3085.101633891421
3442,LOAD,28819857,3469.829846830954
3443,LOAD,30447358,3284.357217463663
3444,LOAD,32480430,3078.776974319613
3445,LOAD,36952060,2706.209071970548
3446,LOAD,29157959,3429.5953293575863
3447,LOAD,34765573,2876.4087967139217
3448,LOAD,35273487,2834.9904844961884
3449,LOAD,35075626,2850.9826168177296
3450,LOAD,30524055,3276.1046984091727
3451,LOAD,30218203,3309.263624974655
3452,LOAD,35042118,2853.708785524893
3453,LOAD,34847339,2869.6595742934633
3454,LOAD,29563251,3382.5779174286345
3455,LOAD,34436494,2903.896081871749
3456,LOAD,27879720,3586.836596637269
3457,LOAD,33479599,2986.893600487867
3458,LOAD,32266865,3099.1545041639465
3459,LOAD,32984803,3031.6991737073586
3460,LOAD,31583233,3166.2369713702205
3461,LOAD,31167493,3208.4710823549394
3462,LOAD,35752701,2796.9914776508776
3463,LOAD,33658105,2971.0525889677983
3464,LOAD,32447493,3081.9021981143505
3465,LOAD,32662064,3061.6558708598454
3466,LOAD,31797595,3144.891932864734
3467,LOAD,35571959,2811.2030602531618
3468,LOAD,36204637,2762.077133931767
3469,LOAD,35038211,2854.0269935585466
3470,LOAD,34980413,2858.7426912312326
3471,LOAD,33892690,2950.4887337062946
3472,LOAD,28642352,3491.333393291165
3473,LOAD,35887657,2786.473354891906
3474,LOAD,29762634,3359.917673953186
3475,LOAD,35051070,2852.9799518245804
3476,LOAD,34182603,2925.464745911831
3477,LOAD,29682516,3368.9866452021793
3478,LOAD,31348233,3189.9724619247277
3479,LOAD,35984217,2778.9961360004027
3480,LOAD,33634738,2973.1166628977458
3481,LOAD,30698394,3257.499398828486
3482,LOAD,36217839,2761.0703112353003
3483,LOAD,35068675,2851.547713165667
3484,LOAD,32623562,3065.269206348467
3485,LOAD,34629882,2887.679490215993
3486,LOAD,27949282,3577.9094432551074
3487,LOAD,33492223,2985.767770625437
3488,LOAD,36355859,2750.5882889467694
3489,LOAD,33215947,3010.6021062714244
3490,LOAD,28603852,3496.032632248272
3491,LOAD,35565436,2811.7186585312775
3492,LOAD,36625524,2730.3363632422024
3493,LOAD,33962917,2944.3878451312057
3494,LOAD,36906796,2709.5280771595562
3495,LOAD,36379430,2748.8061247798546
3496,LOAD,36964389,2705.30645048671
3497,LOAD,36398378,2747.3751714980267
3498,LOAD,34922671,2863.4694064494665
3499,LOAD,34699152,2881.914808753828
3500,LOAD,34268597,2918.1235520088553
3501,LOAD,30746787,3252.372353573074
3502,LOAD,27420280,3646.9357716259647
3503,LOAD,30725497,3254.6259544638124
3504,LOAD,30708026,3256.477638777563
3505,LOAD,34071233,2935.027329360226
3506,LOAD,33020503,3028.421462871114
3507,LOAD,32202724,3105.3273629895407
3508,LOAD,26819152,3728.6786696313143
3509,LOAD,30686418,3258.7707043552623
3510,LOAD,27064846,3694.829817247067
3511,LOAD,31078511,3217.6573710368557
3512,LOAD,32914443,3038.1799260586
3513,LOAD,35210780,2840.039328864626
3514,LOAD,29660475,3371.4901733704532
3515,LOAD,32165713,3108.900461805401
3516,LOAD,31198917,3205.2394639211357
3517,LOAD,29216095,3422.7709076110273
3518,LOAD,28174591,3549.2973083442453
3519,LOAD,34010099,2940.3031140838493
3520,LOAD,35139460,2845.8035496276834
3521,LOAD,32456149,3081.080260014828
3522,LOAD,33689879,2968.250494458588
3523,LOAD,28820224,3469.7856616242816
3524,LOAD,35503332,2816.6370412782667
3525,LOAD,28616970,3494.4300532166753
3526,LOAD,35459803,2820.094629403328
3527,LOAD,27100704,3689.941043597982
3528,LOAD,34778402,2875.3477517454658
3529,LOAD,33018507,3028.6045338149297
3530,LOAD,33203874,3011.6967676723502
3531,LOAD,35005629,2856.6834208292616
3532,LOAD,29417500,3399.3371292597944
3533,LOAD,34015104,2939.8704763625005
3534,LOAD,34484745,2899.83295512262
3535,LOAD,30319952,3298.1582556595076
3536,LOAD,34590495,2890.96759095237
3537,LOAD,27656571,3615.7772415098025
3538,LOAD,27709030,3608.931817533851
3539,LOAD,29261931,3417.409466244726
3540,LOAD,19303014,5180.538127361872
3541,LOAD,29455275,3394.97763982852
3542,LOAD,32636124,3064.089350806487
3543,LOAD,36130244,2767.7643140190253
3544,LOAD,32279789,3097.9136821495335
3545,LOAD,29468990,3393.3976020216505
3546,LOAD,31897303,3135.0612934265946
3547,LOAD,35704171,2800.7932182489267
3548,LOAD,29977693,3335.813733231573
3549,LOAD,26915628,3715.3136460349356
3550,LOAD,30132551,3318.6702314052336
3551,LOAD,28805057,3471.6126407942884
3552,LOAD,36171306,2764.622322456369
3553,LOAD,33444230,2990.052394688112
3554,LOAD,28006870,3570.552510866084
3555,LOAD,36120517,2768.509653391727
3556,LOAD,33703624,2967.039983593456
3557,LOAD,33390708,2994.845152729316
3558,LOAD,35557920,2812.312981186751
3559,LOAD,31055827,3220.0076333500956
3560,LOAD,28453639,3514.488955173713
3561,LOAD,27464548,3641.057555361916
3562,LOAD,25462376,3927.3632594224514
3563,LOAD,25070729,3988.7152862607227
3564,LOAD,23943357,4176.523784864419
3565,LOAD,35978219,2779.459427938887
3566,LOAD,29302494,3412.67879792075
3567,LOAD,32501513,3076.7798409877105
3568,LOAD,33031237,3027.4373315174357
3569,LOAD,35812067,2792.3548785944135
3570,LOAD,32308619,3095.1493160385467
3571,LOAD,31291321,3195.7743171021766
3572,LOAD,35722731,2799.3380461309075
3573,LOAD,30330436,3297.0182162894066
3574,LOAD,30578940,3270.2245401573764
3575,LOAD,35314391,2831.706767929256
3576,LOAD,32072142,3117.970729862695
3577,LOAD,30433460,3285.8570796748054
3578,LOAD,33411439,2992.9869228320276
3579,LOAD,36424962,2745.3700569406224
3580,LOAD,35572183,2811.1853579523076
3581,LOAD,38043627,2628.561151648343
3582,LOAD,37265985,2683.412232361495
3583,LOAD,38236625,2615.2935830502825
3584,LOAD,37401750,2673.671686485258
3585,LOAD,37308473,2680.3562826063667
3586,LOAD,34110092,2931.683678836164
3587,LOAD,33231519,3009.1913643791004
3588,LOAD,28520637,3506.2330480206315
3589,LOAD,28819114,3469.9193042506445
3590,LOAD,22290157,4486.285134734583
3591,LOAD,30579606,3270.1533172140935
3592,LOAD,29465483,3393.8014863017856
3593,LOAD,35059107,2852.3259306062755
3594,LOAD,33736896,2964.1138295591863
3595,LOAD,33964225,2944.2744534874564
3596,LOAD,34679690,2883.532119231746
3597,LOAD,35456592,2820.350021231595
3598,LOAD,37019278,2701.2952548669373
3599,LOAD,36248457,2758.7381167700464
3600,LOAD,38441017,2601.3879913739015
3601,LOAD,36426023,2745.2900910977846
3602,LOAD,35247918,2837.046999485189
3603,LOAD,33057960,3024.990047782743
3604,LOAD,34556570,2893.8057220378064
3605,LOAD,32540237,3073.118367269421
3606,LOAD,25679480,3894.1598505888746
3607,LOAD,26070515,3835.7508472694158
3608,LOAD,28554727,3502.047139165435
3609,LOAD,34695478,2882.2199826732462
3610,LOAD,29879519,3346.77408963645
3611,LOAD,33590441,2977.0374256176037
3612,LOAD,33798576,2958.7045324039686
3613,LOAD,36537398,2736.9217698534526
3614,LOAD,35795087,2793.679478974307
3615,LOAD,37073657,2697.333041625756
3616,LOAD,37116923,2694.188847496868
3617,LOAD,37630561,2657.4145413351666
3618,LOAD,37898136,2638.6522017863886
3619,LOAD,36946058,2706.6487039023214
3620,LOAD,33361683,2997.4506981557256
3621,LOAD,33755024,2962.521964137842
3622,LOAD,35598088,2809.139636937804
3623,LOAD,35428247,2822.6064924973566
3624,LOAD,37338685,2678.1875151736062
3625,LOAD,36876949,2711.7210808301957
3626,LOAD,38027723,2629.660471651169
3627,LOAD,37078674,2696.9680738852744
3628,LOAD,35317642,2831.4461084349855
3629,LOAD,30610671,3266.8346277022156
3630,LOAD,32361793,3090.0636438778283
3631,LOAD,34200372,2923.944803875233
3632,LOAD,36560745,2735.174023395858
3633,LOAD,30287651,3301.675656524172
3634,LOAD,33977776,2943.1002193904624
3635,LOAD,32428845,3083.674426270809
3636,LOAD,30898784,3236.3733148851425
3637,LOAD,33775259,2960.7470959734164
3638,LOAD,33312383,3001.88671581976
3639,LOAD,32287120,3097.210280755917
3640,LOAD,27480162,3638.988736674842
3641,LOAD,31409446,3183.7556128815513
3642,LOAD,34952617,2861.016100740039
3643,LOAD,35015615,2855.8687317072686
3644,LOAD,34749458,2877.742726231874
3645,LOAD,35769906,2795.6461501464387
3646,LOAD,37075331,2697.211253488202
3647,LOAD,36855606,2713.2914325163993
3648,LOAD,33477008,2987.1247753084745
3649,LOAD,35415600,2823.614452388213
3650,LOAD,36267516,2757.288367915796
3651,LOAD,35082421,2850.430419268955
3652,LOAD,27855480,3589.957882614121
3653,LOAD,35162056,2843.9747664357287
3654,LOAD,33460261,2988.6198437005614
3655,LOAD,34511715,2897.5668117333494
3656,LOAD,29595260,3378.919462103053
3657,LOAD,34321042,2913.6644510967935
3658,LOAD,29768915,3359.2087585321806
3659,LOAD,33967012,2944.0328751907878
3660,LOAD,44717897,2236.241118405009
3661,LOAD,34968419,2859.7232262631032
3662,LOAD,34445575,2903.1305182160554
3663,LOAD,29382995,3403.3290343615413
3664,LOAD,36554870,2735.613613179311
3665,LOAD,36963943,2705.339092206694
3666,LOAD,37585870,2660.5743062485985
3667,LOAD,36460688,2742.6800064771132
3668,LOAD,35245120,2837.2722237858743
3669,LOAD,36032721,2775.2553019795537
3670,LOAD,33897125,2950.1027004502594
3671,LOAD,34571318,2892.5712349179166
3672,LOAD,34159727,2927.423863779708
3673,LOAD,32101884,3115.0819683978675
3674,LOAD,35188164,2841.8646679036738
3675,LOAD,35925049,2783.5730996497737
3676,LOAD,30809530,3245.7489614414762
3677,LOAD,30239862,3306.893397860083
3678,LOAD,30145062,3317.2928952675566
3679,LOAD,29197006,3425.0087149346755
3680,LOAD,35732169,2798.5986520997367
3681,LOAD,34799209,2873.6285356371177
3682,LOAD,35170612,2843.282909037807
3683,LOAD,33681044,2969.0291072925174
3684,LOAD,36571750,2734.3509676184485
3685,LOAD,32205505,3105.0592127029213
3686,LOAD,33484687,2986.4397418437866
3687,LOAD,29898301,3344.6716587674996
3688,LOAD,33815954,2957.184055786213
3689,LOAD,35961767,2780.730991333101
3690,LOAD,33371074,2996.607181417056
3691,LOAD,31536212,3170.9578816885173
3692,LOAD,31775364,3147.0921938140505
3693,LOAD,34109205,2931.7599164213884
3694,LOAD,28204851,3545.4893911689164
3695,LOAD,34462292,2901.7222650194017
3696,LOAD,32730634,3055.2417652526988
3697,LOAD,32640073,3063.7186381292713
3698,LOAD,32743932,3054.0009672631863
3699,LOAD,27074921,3693.4549134972544
3700,LOAD,33921148,2948.0134339792985
3701,LOAD,35501326,2816.796195161837
3702,LOAD,34529720,2896.055919364536
3703,LOAD,38823169,2575.7814875957188
3704,LOAD,36681846,2726.1441531595765
3705,LOAD,35000779,2857.0792667214632
3706,LOAD,36552844,2735.7652389510376
3707,LOAD,36840287,2714.4196786523407
3708,LOAD,27451046,3642.8484364493797
3709,LOAD,36662674,2727.5697348207605
3710,LOAD,36953017,2706.1389872442624
3711,LOAD,35906226,2785.032322806635
3712,LOAD,38451762,2600.6610568327146
3713,LOAD,36809278,2716.7063695191196
3714,LOAD,36398386,2747.3745676525327
3715,LOAD,36823344,2715.66862585864
3716,LOAD,36502615,2739.529756977685
3717,LOAD,36538887,2736.8102372685844
3718,LOAD,37422548,2672.185763513484
3719,LOAD,31613816,3163.1739743155335
3720,LOAD,34308806,2914.7035895099352
3721,LOAD,32125558,3112.7863989164016
3722,LOAD,34489944,2899.395835493383
3723,LOAD,35471501,2819.1646020279773
3724,LOAD,35625362,2806.989020911563
3725,LOAD,35170406,2843.299562706214
3726,LOAD,35018435,2855.638751417646
3727,LOAD,34787934,2874.5598976932633
3728,LOAD,28399959,3521.131843887521
3729,LOAD,33085081,3022.51035746293
3730,LOAD,36614588,2731.151856740816
3731,LOAD,37674432,2654.320043896083
3732,LOAD,34256808,2919.1277833007675
3733,LOAD,34420150,2905.274962485637
3734,LOAD,33535111,2981.9492769831595
3735,LOAD,36956893,2705.855170238472
3736,LOAD,31808439,3143.819789459017
3737,LOAD,32896953,3039.7952053492613
3738,LOAD,36190150,2763.182799739708
3739,LOAD,36861541,2712.8545711097645
3740,LOAD,37985674,2632.571426796323
3741,LOAD,36782278,2718.7005655277794
3742,LOAD,37396751,2674.0290887836754
3743,LOAD,36570709,2734.4288020229524
3744,LOAD,37323661,2679.2655736531315
3745,LOAD,37243453,2685.035675934774
3746,LOAD,37204179,2687.8700911529318
3747,LOAD,37448194,2670.3557453264634
3748,LOAD,36876919,2711.7232868613564
3749,LOAD,37127540,2693.4184166255022
3750,LOAD,37355513,2676.9810389165314
3751,LOAD,37114405,2694.371632793251
3752,LOAD,36964615,2705.2899103642767
3753,LOAD,36653138,2728.27936314757
3754,LOAD,32497743,3077.1367722367672
3755,LOAD,32975988,3032.5095945571065
3756,LOAD,35671007,2803.3971679016518
3757,LOAD,31145520,3210.7346417719145
3758,LOAD,34050935,2936.7769196352465
3759,LOAD,36016097,2776.5362804303863
3760,LOAD,35835408,2790.53610886752
3761,LOAD,32947888,3035.0959066025716
3762,LOAD,32733475,3054.976595060561
3763,LOAD,28744326,3478.9474625357366
3764,LOAD,25492367,3922.742835139632
3765,LOAD,31869591,3137.787366019225
3766,LOAD,32738065,3054.548275837317
3767,LOAD,37059637,2698.353467412538
3768,LOAD,30838829,3242.665277595333
3769,LOAD,32864271,3042.818141318272
3770,LOAD,34925036,2863.275502421816
3771,LOAD,37745336,2649.3339468484264
3772,LOAD,32963728,3033.637457510874
3773,LOAD,33713384,2966.181027689181
3774,LOAD,34943621,2861.752650075961
3775,LOAD,28131800,3554.696109029639
3776,LOAD,35485923,2818.0188521515984
3777,LOAD,30241376,3306.727842013538
3778,LOAD,35249507,2836.9191092516558
3779,LOAD,34876255,2867.2803315608285
3780,LOAD,33357029,2997.8689049315512
3781,LOAD,29801278,3355.5607917217512
3782,LOAD,32871854,3042.1162128549245
3783,LOAD,36641176,2729.170046288907
3784,LOAD,36152929,2766.0276156324708
3785,LOAD,37101486,2695.3098320644085
3786,LOAD,37323264,2679.2940724584005
3787,LOAD,30451899,3283.8674527325866
3788,LOAD,33914915,2948.555230051439
3789,LOAD,35093707,2849.513731906407
3790,LOAD,34724908,2879.7772480779504
3791,LOAD,34083503,2933.970724781429
3792,LOAD,29734230,3363.1272778881444
3793,LOAD,32589017,3068.5184520907765
3794,LOAD,31796752,3144.975310685821
3795,LOAD,34468104,2901.2329775957505
3796,LOAD,35304655,2832.4876705352312
3797,LOAD,36407959,2746.6521811892835
3798,LOAD,35980229,2779.304156179773
3799,LOAD,36550565,2735.935819323176
3800,LOAD,32882574,3041.12445698442
3801,LOAD,34923302,2863.417668810355
3802,LOAD,36445091,2743.8537607163607
3803,LOAD,37003547,2702.4436333089907
3804,LOAD,36447367,2743.6824174432136
3805,LOAD,32772733,3051.3170811845325
3806,LOAD,28802010,3471.9799069578826
3807,LOAD,32072437,3117.9420509891406
3808,LOAD,36599543,2732.2745532642307
3809,LOAD,32788377,3049.861235888559
3810,LOAD,33988806,2942.1451286049883
3811,LOAD,34287437,2916.5201236826188
3812,LOAD,33547639,2980.8357005391645
3813,LOAD,34734264,2879.0015530485975
3814,LOAD,37038698,2699.8789212298984
3815,LOAD,32999787,3030.322589657927
3816,LOAD,30614397,3266.437029610611
3817,LOAD,29924652,3341.7264133932117
3818,LOAD,33515046,2983.734529261872
3819,LOAD,35031565,2854.5684442016795
3820,LOAD,32694894,3058.5815632251324
3821,LOAD,34576116,2892.1698434838663
3822,LOAD,31644866,3160.0702622662393
3823,LOAD,34045865,2937.214254946967
3824,LOAD,33592635,2976.842989542202
3825,LOAD,30615756,3266.292036035302
3826,LOAD,32483567,3078.4796509570515
3827,LOAD,36226083,2760.4419721558083
3828,LOAD,35129094,2846.6432980025047
3829,LOAD,36376017,2749.0640330413303
3830,LOAD,29033744,3444.26815914613
3831,LOAD,36301931,2754.6744001028483
3832,LOAD,30905379,3235.6826945885373
3833,LOAD,34504560,2898.1676624770753
3834,LOAD,33906045,2949.326587633562
3835,LOAD,32215455,3104.100190421026
3836,LOAD,34412265,2905.9406580764153
3837,LOAD,36647477,2728.700805242336
3838,LOAD,30352483,3294.623375623009
3839,LOAD,33774138,2960.8453663569444
3840,LOAD,29817771,3353.7047420479553
3841,LOAD,32888946,3040.5352606921488
3842,LOAD,32625984,3065.04165514211
3843,LOAD,28834066,3468.119966153924
3844,LOAD,29325055,3410.053280377479
3845,LOAD,33060016,3024.8019238708175
3846,LOAD,28653843,3489.9332700329237
3847,LOAD,28428233,3517.6298154021742
3848,LOAD,32373909,3088.9071813972173
3849,LOAD,34408824,2906.231262073938
3850,LOAD,33565287,2979.268432890206
3851,LOAD,30830620,3243.5286737665347
3852,LOAD,33297496,3003.2288313811946
3853,LOAD,31446905,3179.963179206348
3854,LOAD,34737984,2878.693248289826
3855,LOAD,33530786,2982.3339065180276
3856,LOAD,33906488,2949.2880536609982
3857,LOAD,34387687,2908.017628519185
3858,LOAD,31240518,3200.971251501015
3859,LOAD,29260678,3417.555806464908
3860,LOAD,33763410,2961.786146600714
3861,LOAD,32511147,3075.868101485315
3862,LOAD,33672034,2969.823563376064
3863,LOAD,33347133,2998.75854395039
3864,LOAD,31142760,3211.0191903350888
3865,LOAD,29351688,3406.959081876313
3866,LOAD,33233232,3009.036256238936
3867,LOAD,35031224,2854.5962310651776
3868,LOAD,32199416,3105.6463881208283
3869,LOAD,29677207,3369.589328267987
3870,LOAD,34306370,2914.9105545121793
3871,LOAD,30377317,3291.9299620832217
3872,LOAD,34429952,2904.447848199149
3873,LOAD,32975389,3032.564680283226
3874,LOAD,35656323,2804.5516639503185
3875,LOAD,35144364,2845.406449807998
3876,LOAD,34719273,2880.244641067225
3877,LOAD,34286072,2916.6362364285997
3878,LOAD,35468249,2819.423084573473
3879,LOAD,32447187,3081.931262639193
3880,LOAD,30763595,3250.5953871776037
3881,LOAD,35678881,2802.778484000101
3882,LOAD,32834872,3045.5425560970666
3883,LOAD,32603234,3067.180390755101
3884,LOAD,36188834,2763.283282351678
3885,LOAD,33008284,3029.542523325357
3886,LOAD,32854087,3043.761343908294
3887,LOAD,29659915,3371.5538294698417
3888,LOAD,27865577,3588.65707320541
3889,LOAD,34323928,2913.419466443351
3890,LOAD,30964701,3229.483791882893
3891,LOAD,34241134,2920.46402435153
3892,LOAD,35694922,2801.5189387442842
3893,LOAD,34309904,2914.6103119379172
3894,LOAD,34443134,2903.33626434807
3895,LOAD,34822676,2871.6919974788843
3896,LOAD,36079197,2771.680312064595
3897,LOAD,35160636,2844.089623407267
3898,LOAD,34105878,2932.04590716005
3899,LOAD,35163769,2843.836222448168
3900,LOAD,35020042,2855.5077118411223
3901,LOAD,30648374,3262.8158348628867
3902,LOAD,30975436,3228.364566038715
3903,LOAD,32618983,3065.6995038747837
3904,LOAD,34419251,2905.3508456648287
3905,LOAD,34804116,2873.2233854179776
3906,LOAD,32992789,3030.965342154008
3907,LOAD,34936472,2862.3382464033575
3908,LOAD,37741401,2649.61017212901
3909,LOAD,31260123,3198.9637404817636
3910,LOAD,35208985,2840.184117775619
3911,LOAD,37515759,2665.5464974065967
3912,LOAD,31898896,3134.9047314991717
3913,LOAD,30684325,3258.992987461839
3914,LOAD,37311965,2680.105429987405
3915,LOAD,36379454,2748.8043113566246
3916,LOAD,32270587,3098.797056279144
3917,LOAD,35660904,2804.191391222163
3918,LOAD,36991407,2703.330532953234
3919,LOAD,36988206,2703.5644821487153
3920,LOAD,32944256,3035.4305163243025
3921,LOAD,33122587,3019.087850837255
3922,LOAD,36838025,2714.5863547245
3923,LOAD,37540036,2663.8226985184565
3924,LOAD,32600043,3067.4806165132973
3925,LOAD,33933725,2946.9207992933284
3926,LOAD,36566075,2734.775334787778
3927,LOAD,36586593,2733.241654941743
3928,LOAD,37013378,2701.725846260236
3929,LOAD,30922396,3233.9020559726355
3930,LOAD,34406232,2906.4502035561463
3931,LOAD,37612442,2658.6946946970365
3932,LOAD,37175846,2689.918610056648
3933,LOAD,37229949,2686.0095886781905
3934,LOAD,37541468,2663.7210883708653
3935,LOAD,37757853,2648.455673578686
3936,LOAD,37666523,2654.877382762407
3937,LOAD,36571038,2734.4042025823824
3938,LOAD,37812420,2644.633694431618
3939,LOAD,37169552,2690.3740997470186
3940,LOAD,37999970,2631.581024932388
3941,LOAD,37140155,2692.503571942551
3942,LOAD,37690455,2653.191636980769
3943,LOAD,36587868,2733.1464079841985
3944,LOAD,32714207,3056.7759139018713
3945,LOAD,35046815,2853.3263293683035
3946,LOAD,36696091,2725.085895388694
3947,LOAD,37314698,2679.9091339289416
3948,LOAD,36360737,2750.219281858891
3949,LOAD,37236565,2685.5323524068344
3950,LOAD,38178209,2619.2952110456517
3951,LOAD,38126307,2622.8609028406554
3952,LOAD,37108646,2694.789780257679
3953,LOAD,37547635,2663.283586303105
3954,LOAD,37262492,2683.663776432344
3955,LOAD,36754215,2720.7763789812952
3956,LOAD,37052957,2698.8399333418924
3957,LOAD,38509566,2596.757387502108
3958,LOAD,33907617,2949.189853123562
3959,LOAD,33747023,2963.2243412996754
3960,LOAD,35074189,2851.0994224271303
3961,LOAD,37159791,2691.08079752117
3962,LOAD,38015109,2630.5330335893555
3963,LOAD,38186451,2618.7298735878862
3964,LOAD,36256406,2758.133279950583
3965,LOAD,31381369,3186.6041280735712
3966,LOAD,28695775,3484.8335687048007
3967,LOAD,32929253,3036.8134983201717
3968,LOAD,36773196,2719.372012157986
3969,LOAD,36971271,2704.802872479012
3970,LOAD,36903687,2709.756344941902
3971,LOAD,37093449,2695.89382211398
3972,LOAD,34581121,2891.751253523563
3973,LOAD,34735618,2878.889329103055
3974,LOAD,34034766,2938.172103195891
3975,LOAD,37507819,2666.1107647981344
3976,LOAD,36642846,2729.0456641932237
3977,LOAD,37567639,2661.86544222276
3978,LOAD,37738472,2649.8158166022195
3979,LOAD,37012164,2701.8144629425074
3980,LOAD,37118919,2694.043972562886
3981,LOAD,34386489,2908.1189417157416
3982,LOAD,31809137,3143.750803424815
3983,LOAD,28010180,3570.130573955612
3984,LOAD,29726829,3363.9645856609864
3985,LOAD,34679087,2883.5822580911663
3986,LOAD,34343101,2911.7929682587487
3987,LOAD,37499794,2666.681315636027
3988,LOAD,34452629,2902.536117055102
3989,LOAD,29457077,3394.769956299466
3990,LOAD,31868665,3137.87853993884
3991,LOAD,31467264,3177.9057753479933
3992,LOAD,33737118,2964.09432483237
3993,LOAD,35030300,2854.6715272207202
3994,LOAD,37106167,2694.9698145863463
3995,LOAD,31893522,3135.432957200525
3996,LOAD,35408358,2824.191960553494
3997,LOAD,34499060,2898.6297017947736
3998,LOAD,35231218,2838.391792188394
3999,LOAD,34819957,2871.9162404479707
4000,LOAD,34002235,2940.9831441962565
4001,LOAD,31137925,3211.517787392705
4002,LOAD,34594176,2890.6599769857216
4003,LOAD,28958687,3453.1952363724226
4004,LOAD,35224113,2838.964319697702
4005,LOAD,34786357,2874.6902126026016
4006,LOAD,33581762,2977.806822643791
4007,LOAD,34257162,2919.0976181856513
4008,LOAD,32782809,3050.3792399241934
4009,LOAD,36580807,2733.6739728021857
4010,LOAD,35627919,2806.78756455015
4011,LOAD,35541651,2813.600302360743
4012,LOAD,35087611,2850.0087965521507
4013,LOAD,31789740,3145.6690114483476
4014,LOAD,35963445,2780.601246626957
4015,LOAD,34609143,2889.4098880171637
4016,LOAD,29141860,3431.4899598035267
4017,LOAD,34182420,2925.480407765161
4018,LOAD,29048502,3442.518309550007
4019,LOAD,31715497,3153.0327271869646
4020,LOAD,32285649,3097.3513959716283
4021,LOAD,36603422,2731.9850040250335
4022,LOAD,34211264,2923.0138939034814
4023,LOAD,35611742,2808.0625766636185
4024,LOAD,35027401,2854.907790617979
4025,LOAD,37060233,2698.310072686267
4026,LOAD,36199596,2762.4617689103493
4027,LOAD,32893740,3040.0921269518153
4028,LOAD,26734165,3740.532012127553
4029,LOAD,31742271,3150.3732042360803
4030,LOAD,26541495,3767.6852792203304
4031,LOAD,32378320,3088.4863698919526
4032,LOAD,34646253,2886.31500785958
4033,LOAD,37651704,2655.922292388148
4034,LOAD,36684293,2725.9623076284993
4035,LOAD,33284721,3004.3814998479334
4036,LOAD,27194220,3677.252004286205
4037,LOAD,32098093,3115.4498804648615
4038,LOAD,32576958,3069.654324384738
4039,LOAD,34255487,2919.240354107358
4040,LOAD,37110729,2694.63852353857
4041,LOAD,35204564,2840.5407889727026
4042,LOAD,37155230,2691.411141850017
4043,LOAD,32967875,3033.2558589232704
4044,LOAD,34990713,2857.9011808076048
4045,LOAD,36671154,2726.938999519895
4046,LOAD,34650273,2885.980147977478
4047,LOAD,38131632,2622.494625984012
4048,LOAD,38094661,2625.039766071156
4049,LOAD,32922933,3037.396455534505
4050,LOAD,34720073,2880.178276122864
4051,LOAD,31347255,3190.0719855693906
4052,LOAD,34072053,2934.956693099767
4053,LOAD,28702027,3484.074487143365
4054,LOAD,34298127,2915.611106110838
4055,LOAD,33346598,2998.806654879757
4056,LOAD,34957757,2860.595432367128
4057,LOAD,35090457,2849.7776475239407
4058,LOAD,36298489,2754.9356117826283
4059,LOAD,33792925,2959.1992998534456
4060,LOAD,31736963,3150.900103453503
4061,LOAD,32488919,3077.972523493318
4062,LOAD,32019114,3123.134512716373
4063,LOAD,31901881,3134.611404261711
4064,LOAD,33518910,2983.3905696814127
4065,LOAD,33736013,2964.19141171187
4066,LOAD,31096538,3215.79206019654
4067,LOAD,34491496,2899.2653725428436
4068,LOAD,37222621,2686.538382130587
4069,LOAD,33780491,2960.28852866585
4070,LOAD,34129318,2930.0321793714133
4071,LOAD,27797908,3597.393012452592
4072,LOAD,27869622,3588.1362151234057
4073,LOAD,35763377,2796.156526269877
4074,LOAD,36456914,2742.963927226534
4075,LOAD,34923087,2863.4352971144845
4076,LOAD,33045136,3026.1639716053824
4077,LOAD,35106072,2848.510081105058
4078,LOAD,37173822,2690.065067831874
4079,LOAD,34369163,2909.5849671986484
4080,LOAD,32908668,3038.71308313056
4081,LOAD,29476760,3392.5031109253528
4082,LOAD,33262527,3006.3861353648804
4083,LOAD,35720245,2799.532869945321
4084,LOAD,34652664,2885.7810181635673
4085,LOAD,28942672,3455.1060109446703
4086,LOAD,34002262,2940.98080886501
4087,LOAD,34321636,2913.6140246927625
4088,LOAD,35066803,2851.6999396836945
4089,LOAD,39976855,2501.4474000018263
4090,LOAD,35400564,2824.813751554919
4091,LOAD,38445825,2601.062664151439
4092,LOAD,36697725,2724.964558429712
4093,LOAD,39193966,2551.413143543575
4094,LOAD,35938073,2782.564329478656
4095,LOAD,39253187,2547.563844943342
4096,LOAD,35471861,2819.135990637762
4097,LOAD,39263936,2546.8664170601746
4098,LOAD,37542012,2663.6824898995824
4099,LOAD,36115489,2768.895085429966
4100,LOAD,34911659,2864.3726154635046
4101,LOAD,32014579,3123.5769178785704
4102,LOAD,35615167,2807.7925340066495
4103,LOAD,33135571,3017.9048370707114
4104,LOAD,34368587,2909.633730359645
4105,LOAD,35842880,2789.9543786659997
4106,LOAD,34940165,2862.035711622999
4107,LOAD,33492946,2985.7033179464115
4108,LOAD,35964824,2780.4946299751114
4109,LOAD,35397997,2825.01860204124
4110,LOAD,36818478,2716.027533783444
4111,LOAD,37093025,2695.924638122666
4112,LOAD,37737890,2649.856682501327
4113,LOAD,37009976,2701.974192039465
4114,LOAD,37105891,2694.9898602354
4115,LOAD,37374385,2675.629311358568
4116,LOAD,37602944,2659.3662453663205
4117,LOAD,37528397,2664.648852440993
4118,LOAD,36378314,2748.8904516025673
4119,LOAD,35382708,2826.2393031081738
4120,LOAD,28480350,3511.192804863704
4121,LOAD,33676243,2969.452382203086
4122,LOAD,35125197,2846.959121681225
4123,LOAD,29484999,3391.555143006788
4124,LOAD,32981088,3032.0406652442757
4125,LOAD,36715377,2723.654451376054
4126,LOAD,38174723,2619.534397145462
4127,LOAD,35434772,2822.0867344652306
4128,LOAD,33957741,2944.83664269658
4129,LOAD,33200352,3012.0162581408777
4130,LOAD,31563763,3168.190053891863
4131,LOAD,33266349,3006.0407290262
4132,LOAD,37686300,2653.4841573728386
4133,LOAD,36442661,2744.036721138448
4134,LOAD,33148063,3016.7675257525607
4135,LOAD,33244061,3008.056085566682
4136,LOAD,37340412,2678.0636485746327
4137,LOAD,37451468,2670.1223033500314
4138,LOAD,36070697,2772.33345393908
4139,LOAD,38319034,2609.669126836548
4140,LOAD,35840732,2790.121585686364
4141,LOAD,37775285,2647.23350201064
4142,LOAD,37073816,2697.3214734625644
4143,LOAD,37649436,2656.0822850042164
4144,LOAD,36531550,2737.359898498695
4145,LOAD,37386315,2674.77551612134
4146,LOAD,33151462,3016.4582183434322
4147,LOAD,32573003,3070.02704049117
4148,LOAD,33916732,2948.3972689349903
4149,LOAD,31026563,3223.0447181661725
4150,LOAD,34545060,2894.7699034246866
4151,LOAD,33563089,2979.463541034617
4152,LOAD,34593443,2890.721227141224
4153,LOAD,36571306,2734.3841644594263
4154,LOAD,33996875,2941.446824156632
4155,LOAD,30459881,3283.0069165404816
4156,LOAD,33608924,2975.4002240595387
4157,LOAD,33658965,2970.9766773874358
4158,LOAD,36296951,2755.0523458568186
4159,LOAD,36317352,2753.504715872457
4160,LOAD,36215717,2761.23209158057
4161,LOAD,33265346,3006.1313656560196
4162,LOAD,33972450,2943.56162125487
4163,LOAD,35682174,2802.5198240443533
4164,LOAD,34959408,2860.4603373146365
4165,LOAD,31389795,3185.748744138023
4166,LOAD,36381314,2748.6637783341193
4167,LOAD,36057042,2773.3833518567603
4168,LOAD,34264423,2918.4790299839574
4169,LOAD,33329789,3000.319023921814
4170,LOAD,31749288,3149.676931337799
4171,LOAD,29773280,3358.716271771199
4172,LOAD,32660939,3061.7613290297627
4173,LOAD,33186498,3013.2736512300876
4174,LOAD,35107516,2848.3929196243903
4175,LOAD,31139245,3211.3816503900466
4176,LOAD,36940217,2707.0766801396967
4177,LOAD,36974789,2704.545521544423
4178,LOAD,29973620,3336.267024136557
4179,LOAD,30531512,3275.3045443671444
4180,LOAD,29344898,3407.7474046766156
4181,LOAD,35319273,2831.3153557832293
4182,LOAD,32377905,3088.5259562037754
4183,LOAD,29999723,3333.364111395295
4184,LOAD,32183114,3107.219518906716
4185,LOAD,34196420,2924.282717313684
4186,LOAD,32964388,3033.5767192159005
4187,LOAD,36418876,2745.828838869162
4188,LOAD,35692297,2801.7249772408877
4189,LOAD,35072318,2851.2515197883413
4190,LOAD,33524222,2982.91784370119
4191,LOAD,34707711,2881.204122046539
4192,LOAD,35797921,2793.4583128444806
4193,LOAD,32265872,3099.2498823524743
4194,LOAD,33975909,2943.261944809188
4195,LOAD,36564577,2734.887374739765
4196,LOAD,28516177,3506.7814314660764
4197,LOAD,32446134,3082.031282987366
4198,LOAD,30606895,3267.2376600109224
4199,LOAD,30465186,3282.4352360756966
4200,LOAD,35620016,2807.4103054866678
4201,LOAD,35869271,2787.901655430912
4202,LOAD,30078706,3324.6111052782658
4203,LOAD,34761432,2876.7514525868783
4204,LOAD,36391422,2747.900315629326
4205,LOAD,31749409,3149.6649276211724
4206,LOAD,31602679,3164.2886984359775
4207,LOAD,28993264,3449.076999402344
4208,LOAD,31195851,3205.554482229063
4209,LOAD,34080953,2934.1902499029297
4210,LOAD,35068526,2851.5598288904416
4211,LOAD,34728583,2879.4725082794193
4212,LOAD,35154785,2844.562980544469
4213,LOAD,29005356,3447.6391187889576
4214,LOAD,32311111,3094.910602114548
4215,LOAD,29405060,3400.7752407238754
4216,LOAD,35725004,2799.1599385125332
4217,LOAD,37126723,2693.4776872173716
4218,LOAD,36926767,2708.062690676387
4219,LOAD,34081292,2934.1610640817257
4220,LOAD,30429748,3286.2579078867166
4221,LOAD,30429060,3286.332210064984
4222,LOAD,36582274,2733.5643486788163
4223,LOAD,35884183,2786.7431174342187
4224,LOAD,36010219,2776.989498453203
4225,LOAD,36485892,2740.7853972708135
4226,LOAD,34086256,2933.7337606101414
4227,LOAD,33823559,2956.5191528188975
4228,LOAD,35131146,2846.477026397032
4229,LOAD,31813426,3143.3269714490984
4230,LOAD,34716764,2880.452797962391
4231,LOAD,35120786,2847.3166859078838
4232,LOAD,33532627,2982.170171158973
4233,LOAD,36751084,2721.0081748881203
4234,LOAD,28557998,3501.646018744031
4235,LOAD,36070023,2772.3852574199914
4236,LOAD,33764400,2961.699304593003
4237,LOAD,35999106,2777.846760972342
4238,LOAD,34141526,2928.984486516508
4239,LOAD,37088260,2696.271003277048
4240,LOAD,37310460,2680.2135379729975
4241,LOAD,32703217,3057.803151292425
4242,LOAD,35021256,2855.4087266316205
4243,LOAD,34346648,2911.492265562567
4244,LOAD,38339336,2608.287217076477
4245,LOAD,33169127,3014.851732455907
4246,LOAD,27919295,3581.75233292961
4247,LOAD,28272190,3537.0447071839853
4248,LOAD,24201439,4131.985705478091
4249,LOAD,32008249,3124.194641200148
4250,LOAD,32685946,3059.4188707281105
4251,LOAD,35923371,2783.7031218478915
4252,LOAD,30583077,3269.782173978112
4253,LOAD,33796377,2958.8970439050318
4254,LOAD,35349426,2828.9002486207273
4255,LOAD,38570107,2592.681425540251
4256,LOAD,34399183,2907.045786523476
4257,LOAD,33614178,2974.9351598007247
4258,LOAD,34791497,2874.26551378344
4259,LOAD,37381511,2675.119258822898
4260,LOAD,36863080,2712.7413119034004
4261,LOAD,37541947,2663.687101790432
4262,LOAD,34639548,2886.8736970817286
4263,LOAD,35634287,2806.285979567937
4264,LOAD,28870437,3463.750825801494
4265,LOAD,33102674,3020.9039910189736
4266,LOAD,35608039,2808.3545965561316
4267,LOAD,32038735,3121.221858478495
4268,LOAD,33321941,3001.0256605400027
4269,LOAD,36023149,2775.992737336761
4270,LOAD,33208798,3011.2502114650465
4271,LOAD,34548177,2894.5087319657996
4272,LOAD,27584906,3625.1709539992635
4273,LOAD,32667484,3061.1478986260468
4274,LOAD,26718564,3742.716113036614
4275,LOAD,33568518,2978.9816756283376
4276,LOAD,27128009,3686.2270283086386
4277,LOAD,27399414,3649.713092404093
4278,LOAD,24029962,4161.471416392585
4279,LOAD,32083883,3116.8297178991706
4280,LOAD,37338415,2678.206881572236
4281,LOAD,30396677,3289.833293290579
4282,LOAD,33427756,2991.5259642316405
4283,LOAD,36811754,2716.523640791471
4284,LOAD,37129719,2693.260350287057
4285,LOAD,37354460,2677.0565014191075
4286,LOAD,32272441,3098.619035355894
4287,LOAD,26981014,3706.309925935326
4288,LOAD,33031925,3027.3742750384667
4289,LOAD,36663236,2727.5279247036456
4290,LOAD,37704369,2652.212532717362
4291,LOAD,37180706,2689.5670028428185
4292,LOAD,36956034,2705.9180646927643
4293,LOAD,37972957,2633.45306503257
4294,LOAD,37451021,2670.1541728328316
4295,LOAD,36871583,2712.1157233742856
4296,LOAD,37213406,2687.2036383877357
4297,LOAD,35947386,2781.8434419682144
4298,LOAD,38552852,2593.841825242916
4299,LOAD,36963482,2705.372832570265
4300,LOAD,36321180,2753.2145156076976
4301,LOAD,37877995,2640.0552616367363
4302,LOAD,33355125,2998.040031329518
4303,LOAD,34841240,2870.161911573756
4304,LOAD,34110853,2931.6182741017938
4305,LOAD,35236853,2837.9378828183094
4306,LOAD,38639299,2588.0386701632447
4307,LOAD,33610147,2975.291955729917
4308,LOAD,31166764,3208.546129460216
4309,LOAD,38011917,2630.753929090185
4310,LOAD,32077058,3117.4928822961256
4311,LOAD,32850476,3044.0959211671698
4312,LOAD,35399742,2824.879345165849
4313,LOAD,30792033,3247.5932979157305
4314,LOAD,34097718,2932.7475815243706
4315,LOAD,36247545,2758.807527516691
4316,LOAD,31931394,3131.7141995116153
4317,LOAD,34978718,2858.8812202894346
4318,LOAD,35865640,2788.1838996878346
4319,LOAD,37515296,2665.5793946021377
4320,LOAD,37832233,2643.2486816202468
4321,LOAD,37001247,2702.611617386841
4322,LOAD,36914208,2708.984031297651
4323,LOAD,31779413,3146.6912242840986
4324,LOAD,31069236,3218.6179280365955
4325,LOAD,31759411,3148.6730027833323
4326,LOAD,25754019,3882.889113345766
4327,LOAD,34135836,2929.472710145432
4328,LOAD,29377639,3403.9495141185444
4329,LOAD,31669365,3157.625673896524
4330,LOAD,33064759,3024.3680288127916
4331,LOAD,36703466,2724.5383310666084
4332,LOAD,37015473,2701.5729341078527
4333,LOAD,36714214,2723.7407288632135
4334,LOAD,34927655,2863.060803824362
4335,LOAD,30669309,3260.588622978105
4336,LOAD,37128715,2693.333178915564
4337,LOAD,36162956,2765.260671721637
4338,LOAD,37034147,2700.2107001411428
4339,LOAD,34780301,2875.1907581248365
4340,LOAD,33670972,2969.917233158579
4341,LOAD,36198380,2762.554567359092
4342,LOAD,37295724,2681.2725233595143
4343,LOAD,37285687,2681.9942998502347
4344,LOAD,31942508,3130.6245583471405
4345,LOAD,32830395,3045.95786922454
4346,LOAD,32245769,3101.182049651227
4347,LOAD,32222319,3103.4389548436907
4348,LOAD,37384445,2674.9093105434627
4349,LOAD,46791338,2137.1476917373043
4350,LOAD,39738429,2516.455796478517
4351,LOAD,35436779,2821.926902555111
4352,LOAD,38515607,2596.3500977668614
4353,LOAD,36903243,2709.788947274905
4354,LOAD,39179434,2552.3594853361074
4355,LOAD,35419921,2823.2699897890793
4356,LOAD,36277919,2756.497692163655
4357,LOAD,28317575,3531.3758328529193
4358,LOAD,34087976,2933.5857312267526
4359,LOAD,33592531,2976.8522056286856
4360,LOAD,33381747,2995.649089306201
4361,LOAD,35777661,2795.040178842323
4362,LOAD,31631685,3161.3870712230473
4363,LOAD,35813777,2792.2215520580253
4364,LOAD,36735343,2722.174119893205
4365,LOAD,35036115,2854.197732825115
4366,LOAD,31811496,3143.5176767543408
4367,LOAD,34043039,2937.4580806372783
4368,LOAD,34792960,2874.1446545508056
4369,LOAD,36497661,2739.9016062974556
4370,LOAD,30407749,3288.635406718202
4371,LOAD,32397778,3086.6314350323655
4372,LOAD,32587645,3068.6476423810313
4373,LOAD,32793917,3049.346011334968
4374,LOAD,34868829,2867.8909750597013
4375,LOAD,35915330,2784.3263586886155
4376,LOAD,36786885,2718.360089472104
4377,LOAD,35767802,2795.810600830322
4378,LOAD,36027097,2775.6885324399022
4379,LOAD,33843306,2954.794073604984
4380,LOAD,28299113,3533.67965985365
4381,LOAD,30874046,3238.966476891302
4382,LOAD,31766720,3147.9485448922646
4383,LOAD,35378891,2826.544223785873
4384,LOAD,32924566,3037.2458060646873
4385,LOAD,33409790,2993.1346470600383
4386,LOAD,34709099,2881.0889040939956
4387,LOAD,37968592,2633.755815859593
4388,LOAD,34391930,2907.6588606687674
4389,LOAD,32493206,3077.5664303485473
4390,LOAD,35113989,2847.8678397945614
4391,LOAD,35791801,2793.9359631553607
4392,LOAD,31126239,3212.723516002046
4393,LOAD,35801927,2793.1457432444904
4394,LOAD,33686530,2968.545587806165
4395,LOAD,36895146,2710.383636915273
4396,LOAD,35034143,2854.3583897571007
4397,LOAD,33892988,2950.462791890759
4398,LOAD,32402912,3086.142381277337
4399,LOAD,30798268,3246.935834183922
4400,LOAD,34006535,2940.61126780485
4401,LOAD,30418570,3287.465518596042
4402,LOAD,31370754,3187.6823872323885
4403,LOAD,33222064,3010.047780294445
4404,LOAD,27982391,3573.676030758058
4405,LOAD,34214665,2922.723341000124
4406,LOAD,31909983,3133.815520992286
4407,LOAD,33929499,2947.287845305349
4408,LOAD,31555339,3169.0358325733723
4409,LOAD,33233850,3008.9803017104546
4410,LOAD,32257185,3100.0845238045417
4411,LOAD,31704025,3154.1736419902522
4412,LOAD,29437988,3396.9712875757677
4413,LOAD,28513814,3507.072045851179
4414,LOAD,34230197,2921.397151176197
4415,LOAD,36444999,2743.860687168629
4416,LOAD,30737584,3253.3461315632353
4417,LOAD,34205776,2923.4828644144777
4418,LOAD,36048762,2774.0203671904183
4419,LOAD,33634040,2973.17836334856
4420,LOAD,34569400,2892.731722274613
4421,LOAD,36227308,2760.3486298236676
4422,LOAD,36170190,2764.707622492445
4423,LOAD,36561791,2735.095772523835
4424,LOAD,32539850,3073.154916202748
4425,LOAD,29835105,3351.756261625357
4426,LOAD,37655300,2655.668657532937
4427,LOAD,31024592,3223.249478993954
4428,LOAD,34634918,2887.2596147044437
4429,LOAD,34301341,2915.337916380587
4430,LOAD,37673923,2654.3559055424093
4431,LOAD,34934047,2862.536939965759
4432,LOAD,35148845,2845.043699159958
4433,LOAD,37543463,2663.5795424625585
4434,LOAD,36886136,2711.0456893614446
4435,LOAD,37239235,2685.3398035700784
4436,LOAD,34813154,2872.4774549298236
4437,LOAD,35740148,2797.9738640142173
4438,LOAD,40076131,2495.2508514357337
4439,LOAD,36015276,2776.5995740251997
4440,LOAD,36902008,2709.879635818192
4441,LOAD,36332975,2752.320722429143
4442,LOAD,37162966,2690.850886336683
4443,LOAD,33657827,2971.0771286571767
4444,LOAD,35390862,2825.588141933361
4445,LOAD,36586529,2733.2464361404714
4446,LOAD,37112629,2694.500570142848
4447,LOAD,33625351,2973.9466511442515
4448,LOAD,36651008,2728.4379190880645
4449,LOAD,30136264,3318.2613478565227
4450,LOAD,29159457,3429.4191417899174
4451,LOAD,30044343,3328.4136051835117
4452,LOAD,28618514,3494.2415249093647
4453,LOAD,34244342,2920.1904361310258
4454,LOAD,36670530,2726.9854021744436
4455,LOAD,34474130,2900.7258486291025
4456,LOAD,36091064,2770.768963752357
4457,LOAD,34987160,2858.1914050754617
4458,LOAD,35968610,2780.201959430737
4459,LOAD,36351034,2750.953384159581
4460,LOAD,29152707,3430.2131874065763
4461,LOAD,34373070,2909.254250493191
4462,LOAD,29136071,3432.17175713225
4463,LOAD,35793490,2793.8041247165334
4464,LOAD,33192571,3012.7223347658123
4465,LOAD,29972727,3336.366424049437
4466,LOAD,33436689,2990.7267433088246
4467,LOAD,34603233,2889.90337983737
4468,LOAD,36321454,2753.1937460433164
4469,LOAD,36201209,2762.3386832191154
4470,LOAD,34716091,2880.5086379108757
4471,LOAD,34084867,2933.853313847462
4472,LOAD,34425770,2904.8006769347494
4473,LOAD,37403811,2673.524363600276
4474,LOAD,30860960,3240.3398986940133
4475,LOAD,37212485,2687.2701460276035
4476,LOAD,37760039,2648.302349475857
4477,LOAD,36134162,2767.464207416793
4478,LOAD,38841699,2574.552673403911
4479,LOAD,37179368,2689.663794177459
4480,LOAD,36945726,2706.673026265609
4481,LOAD,37302882,2680.7580175708677
4482,LOAD,35809011,2792.593182760618
4483,LOAD,35125539,2846.9314022483754
4484,LOAD,33718571,2965.724733708317
4485,LOAD,34589599,2891.042477826933
4486,LOAD,28589639,3497.7706434138604
4487,LOAD,31375345,3187.2159493385648
4488,LOAD,32892496,3040.2071037722403
4489,LOAD,32356884,3090.53245052892
4490,LOAD,33136224,3017.8453646378057
4491,LOAD,31711987,3153.3817165099117
4492,LOAD,33792423,2959.243259946172
4493,LOAD,34315944,2914.0973070710224
4494,LOAD,37543848,2663.55222831714
4495,LOAD,33638681,2972.7681653153995
4496,LOAD,34181240,2925.5814007917793
4497,LOAD,34423375,2905.0027779089064
4498,LOAD,34993530,2857.6711180609673
4499,LOAD,33687583,2968.452797578265
4500,LOAD,35882265,2786.892076071563
4501,LOAD,33666590,2970.3037937611143
4502,LOAD,33795226,2958.9978182125487
4503,LOAD,34368337,2909.6548954347136
4504,LOAD,35878193,2787.2083747361526
4505,LOAD,34222214,2922.078624135773
4506,LOAD,34149044,2928.3396630371262
4507,LOAD,34796295,2873.869186360215
4508,LOAD,37977322,2633.1503838001004
4509,LOAD,34020666,2939.3898402811988
4510,LOAD,33635745,2973.0276525761506
4511,LOAD,34345168,2911.617727419473
4512,LOAD,38258532,2613.796054694414
4513,LOAD,33761824,2961.925279866396
4514,LOAD,34240203,2920.5434325257943
4515,LOAD,35267121,2835.5022231613407
4516,LOAD,36135577,2767.3558388177944
4517,LOAD,37558473,2662.5150601836235
4518,LOAD,37454091,2669.9353082684615
4519,LOAD,37745341,2649.333595899955
4520,LOAD,37548868,2663.196131505216
4521,LOAD,37553093,2662.8965022934326
4522,LOAD,34085221,2933.822843630675
4523,LOAD,33878211,2951.7497249190637
4524,LOAD,35767223,2795.8558594274987
4525,LOAD,35796986,2793.5312766275906
4526,LOAD,36751666,2720.965084956965
4527,LOAD,37608855,2658.948271623797
4528,LOAD,37018526,2701.35012939197
4529,LOAD,37673518,2654.384440550521
4530,LOAD,34067529,2935.3464408880373
4531,LOAD,33422717,2991.9769837981753
4532,LOAD,33594472,2976.680210958517
4533,LOAD,33654898,2971.3357027556585
4534,LOAD,33413162,2992.832584955593
4535,LOAD,37333759,2678.5408884221915
4536,LOAD,36651015,2728.4373979820202
4537,LOAD,37511558,2665.845017687615
4538,LOAD,37225502,2686.330462380333
4539,LOAD,37913103,2637.6105379715295
4540,LOAD,34702074,2881.672144437246
4541,LOAD,33989550,2942.080727753089
4542,LOAD,35869590,2787.8768617093197
4543,LOAD,35499138,2816.9698092387484
4544,LOAD,37653495,2655.79596263242
4545,LOAD,37673646,2654.3754220125124
4546,LOAD,37284256,2682.097236967797
4547,LOAD,38392380,2604.6835335553565
4548,LOAD,36651568,2728.396231233545
4549,LOAD,37648520,2656.1469082981216
4550,LOAD,36846218,2713.982748514379
4551,LOAD,37946565,2635.284643023683
4552,LOAD,38505195,2597.052164000208
4553,LOAD,37002035,2702.55406222928
4554,LOAD,37061699,2698.2033392478847
4555,LOAD,38168396,2619.9686253517175
4556,LOAD,37399223,2673.8523417986517
4557,LOAD,37368020,2676.085058828378
4558,LOAD,36882127,2711.340373617823
4559,LOAD,37727789,2650.5661383973493
4560,LOAD,37704193,2652.224913022273
4561,LOAD,37785387,2646.5257587543038
4562,LOAD,37421089,2672.2899485902185
4563,LOAD,37001381,2702.6018299154834
4564,LOAD,37571677,2661.5793593668977
4565,LOAD,36441879,2744.0956049494594
4566,LOAD,38844105,2574.3932058674027
4567,LOAD,37161514,2690.9560250962863
4568,LOAD,37332546,2678.627918920933
4569,LOAD,36932350,2707.653317484536
4570,LOAD,37414115,2672.7880640768863
4571,LOAD,36997959,2702.851797851876
4572,LOAD,37097195,2695.6215961880675
4573,LOAD,38117228,2623.485632271056
4574,LOAD,37691778,2653.0985086455726
4575,LOAD,35270585,2835.2237423904367
4576,LOAD,32906938,3038.872835874307
4577,LOAD,35119512,2847.4199755395234
4578,LOAD,36859630,2712.9952199737218
4579,LOAD,37517309,2665.436372315509
4580,LOAD,37491616,2667.262995545457
4581,LOAD,36519903,2738.232902754424
4582,LOAD,37498228,2666.792681510177
4583,LOAD,38128171,2622.732677106384
4584,LOAD,37748442,2649.1159555671197
4585,LOAD,37256704,2684.080695919854
4586,LOAD,37511182,2665.8717392589765
4587,LOAD,37289797,2681.698696294861
4588,LOAD,37440501,2670.904430472231
4589,LOAD,38236936,2615.2723115680606
4590,LOAD,37801789,2645.3774449669563
4591,LOAD,37239900,2685.2918509448195
4592,LOAD,37882143,2639.76618218246
4593,LOAD,37047226,2699.2574288827996
4594,LOAD,37264993,2683.48366521899
4595,LOAD,35811133,2792.4277067692888
4596,LOAD,37410606,2673.038763392392
4597,LOAD,35579584,2810.600596117144
4598,LOAD,32560727,3071.1844978154204
4599,LOAD,36818597,2716.0187554131953
4600,LOAD,37409832,2673.094067891029
4601,LOAD,37283128,2682.178383745055
4602,LOAD,37047816,2699.214442222451
4603,LOAD,37980542,2632.9271446415905
4604,LOAD,37341240,2678.004265525194
4605,LOAD,37195610,2688.4893136582514
4606,LOAD,37186285,2689.163491324826
4607,LOAD,36983770,2703.888759853309
4608,LOAD,38758457,2580.0820708626247
4609,LOAD,37091830,2696.0114936361997
4610,LOAD,37951749,2634.924677647926
4611,LOAD,36366744,2749.7650050826655
4612,LOAD,37375025,2675.58349459298
4613,LOAD,35636053,2806.146909704057
4614,LOAD,29689488,3368.1955040787498
4615,LOAD,35969814,2780.1088990896646
4616,LOAD,29562064,3382.713737444043
4617,LOAD,35864789,2788.250057737688
4618,LOAD,37254528,2684.237470408966
4619,LOAD,34026342,2938.8995149699017
4620,LOAD,34720764,2880.1209558637593
4621,LOAD,35474972,2818.8887647324996
4622,LOAD,36311885,2753.9192746396943
4623,LOAD,36664776,2727.4133626235707
4624,LOAD,34644693,2886.4449744149847
4625,LOAD,33732466,2964.5030991804747
4626,LOAD,36422492,2745.55623486718
4627,LOAD,35187660,2841.9053725084304
4628,LOAD,37309566,2680.2777604006437
4629,LOAD,37115182,2694.3152265830195
4630,LOAD,33602531,2975.96630444296
4631,LOAD,35774917,2795.254563413802
4632,LOAD,36379991,2748.763736637538
4633,LOAD,35120534,2847.337116229497
4634,LOAD,36701505,2724.6839060142083
4635,LOAD,37638812,2656.831995653848
4636,LOAD,30408731,3288.5292056416297
4637,LOAD,32991300,3031.1021390487795
4638,LOAD,34984784,2858.385519830564
4639,LOAD,36291367,2755.4762541736163
4640,LOAD,36002381,2777.5940707921513
4641,LOAD,35806049,2792.824195710619
4642,LOAD,33963386,2944.3471861138937
4643,LOAD,33828347,2956.100692711944
4644,LOAD,36363710,2749.994431261277
4645,LOAD,36579334,2733.784054132861
4646,LOAD,36754674,2720.7424013609807
4647,LOAD,36552824,2735.766735834145
4648,LOAD,33648476,2971.902798807292
4649,LOAD,35411555,2823.936988929179
4650,LOAD,36162842,2765.269388949021
4651,LOAD,34847632,2869.6354461043434
4652,LOAD,32501626,3076.7691437960675
4653,LOAD,35050858,2852.9972076575127
4654,LOAD,33505491,2984.585422132748
4655,LOAD,34251358,2919.592268429182
4656,LOAD,33298058,3003.178143301931
4657,LOAD,33236893,3008.7048148573936
4658,LOAD,32669555,3060.9538452543966
4659,LOAD,34667209,2884.5702577326024
4660,LOAD,34039285,2937.782036256049
4661,LOAD,34927404,2863.0813787363068
4662,LOAD,35805184,2792.8916661900134
4663,LOAD,35604582,2808.627271624759
4664,LOAD,34051600,2936.7195667751294
4665,LOAD,34959465,2860.455673449236
4666,LOAD,34443384,2903.3151910973675
4667,LOAD,36362395,2750.093881329874
4668,LOAD,31031424,3222.5398357484337
4669,LOAD,34640867,2886.7637752831074
4670,LOAD,29378859,3403.8081601467234
4671,LOAD,35246450,2837.165161314118
4672,LOAD,28932018,3456.3783279825143
4673,LOAD,33378632,2995.928652797994
4674,LOAD,33035790,3027.0200894242275
4675,LOAD,34533136,2895.769443006856
4676,LOAD,35182571,2842.316441285658
4677,LOAD,35408599,2824.1727383791717
4678,LOAD,35723995,2799.2389988857626
4679,LOAD,35688362,2802.033895531546
4680,LOAD,35997762,2777.9504736988924
4681,LOAD,36879933,2711.5016721966385
4682,LOAD,35840120,2790.1692293440983
4683,LOAD,38007241,2631.077588610023
4684,LOAD,35130964,2846.4917728986884
4685,LOAD,36698229,2724.9271347671843
4686,LOAD,39473784,2533.3269290828566
4687,LOAD,36696934,2725.023294861636
4688,LOAD,38054168,2627.833040522657
4689,LOAD,38957073,2566.927961964699
4690,LOAD,35727977,2798.9270145354158
4691,LOAD,39234770,2548.7596843310157
4692,LOAD,35649507,2805.0878796163997
4693,LOAD,39838538,2510.1322744323597
4694,LOAD,37563060,2662.1899280836014
4695,LOAD,38025299,2629.8281047047126
4696,LOAD,34945374,2861.60909309484
4697,LOAD,35836719,2790.434023829023
4698,LOAD,35075834,2850.965710466072
4699,LOAD,35410043,2824.0575703339305
4700,LOAD,34457751,2902.104667248887
4701,LOAD,36755558,2720.6769653721485
4702,LOAD,37049619,2699.083086387474
4703,LOAD,34778105,2875.3723068005
4704,LOAD,33751622,2962.8205720009546
4705,LOAD,36422274,2745.5726679778422
4706,LOAD,36197681,2762.607914026316
4707,LOAD,36697886,2724.9526035368904
4708,LOAD,34369192,2909.5825121521625
4709,LOAD,35355699,2828.398329785532
4710,LOAD,35667289,2803.689397307432
4711,LOAD,36024858,2775.8610457257046
4712,LOAD,31589347,3165.6241580428996
4713,LOAD,34574291,2892.322506338597
4714,LOAD,34412451,2905.924951407849
4715,LOAD,38934871,2568.3917124060845
4716,LOAD,43401199,2304.083811140794
4717,LOAD,35826155,2791.256834566813
4718,LOAD,35869273,2787.901499983008
4719,LOAD,36140974,2766.9425843365484
4720,LOAD,32319044,3094.1509284742456
4721,LOAD,34747189,2877.93064354069
4722,LOAD,36960231,2705.6107955602333
4723,LOAD,36667117,2727.239231816344
4724,LOAD,37584618,2660.662933969423
4725,LOAD,37251509,2684.455010936604
4726,LOAD,37437368,2671.127948951967
4727,LOAD,36971868,2704.7591969115547
4728,LOAD,37954408,2634.7400807832387
4729,LOAD,37841302,2642.615203884898
4730,LOAD,38004905,2631.2393097680415
4731,LOAD,37111935,2694.550957798347
4732,LOAD,38031434,2629.4038768035934
4733,LOAD,37679147,2653.9878941526995
4734,LOAD,37650536,2656.004684767303
4735,LOAD,37808130,2644.933774825679
4736,LOAD,34278899,2917.2465545057325
4737,LOAD,36709699,2724.0757272349197
4738,LOAD,37627129,2657.656926203432
4739,LOAD,36078794,2771.7112717237724
4740,LOAD,36913906,2709.0061940343026
4741,LOAD,37728615,2650.5081090307713
4742,LOAD,37319002,2679.600060044478
4743,LOAD,37455471,2669.8369378401353
4744,LOAD,37566077,2661.9761227662925
4745,LOAD,36678190,2726.4158891155753
4746,LOAD,36491498,2740.3643445933626
4747,LOAD,35121787,2847.2355350255957
4748,LOAD,35348189,2828.9992451947114
4749,LOAD,34624103,2888.1614637063667
4750,LOAD,37706937,2652.031905959373
4751,LOAD,37327664,2678.978250554334
4752,LOAD,38175771,2619.4624857740264
4753,LOAD,36892992,2710.541882859487
4754,LOAD,36586265,2733.2661587620382
4755,LOAD,35051246,2852.9656263860065
4756,LOAD,34445002,2903.1788124152235
4757,LOAD,34438830,2903.699109406446
4758,LOAD,36318829,2753.392737414524
4759,LOAD,37871053,2640.5392002171156
4760,LOAD,38063554,2627.185049509565
4761,LOAD,36847140,2713.914838437936
4762,LOAD,37408855,2673.1638805838884
4763,LOAD,37591600,2660.1687611062043
4764,LOAD,36540769,2736.6692802770517
4765,LOAD,37716191,2651.3812065486677
4766,LOAD,36996369,2702.967958828608
4767,LOAD,38717539,2582.8087885441273
4768,LOAD,38306172,2610.5453711219175
4769,LOAD,35950773,2781.581358487062
4770,LOAD,37713763,2651.5519016227577
4771,LOAD,37483367,2667.8499826336306
4772,LOAD,35797450,2793.495067386085
4773,LOAD,37931072,2636.36102876291
4774,LOAD,37199756,2688.189675222601
4775,LOAD,36354966,2750.6558526282215
4776,LOAD,37843332,2642.4734481625455
4777,LOAD,39067412,2559.6781276425477
4778,LOAD,36967804,2705.056540550799
4779,LOAD,37040802,2699.7255620977107
4780,LOAD,37274309,2682.812979846253
4781,LOAD,36845883,2714.007423841627
4782,LOAD,35133702,2846.2699433153957
4783,LOAD,38864668,2573.0311140185217
4784,LOAD,35993577,2778.273468069039
4785,LOAD,36163229,2765.2397964794573
4786,LOAD,36988761,2703.52391635935
4787,LOAD,30615656,3266.3027047338137
4788,LOAD,33621644,2974.2745476693526
4789,LOAD,29645121,3373.2363581852137
4790,LOAD,30639806,3263.7282363994077
4791,LOAD,33617117,2974.6750740106595
4792,LOAD,35837666,2790.3602874138064
4793,LOAD,32781805,3050.472663112968
4794,LOAD,35696349,2801.406945007177
4795,LOAD,37619262,2658.212699653704
4796,LOAD,36688665,2725.637468684129
4797,LOAD,37515569,2665.5599972374134
4798,LOAD,36504307,2739.4027778694713
4799,LOAD,35694822,2801.5267872746363
4800,LOAD,34870131,2867.7838921798143
4801,LOAD,36132987,2767.554201926345
4802,LOAD,35703894,2800.814947523651
4803,LOAD,36821166,2715.8292597252353
4804,LOAD,34317647,2913.9526961157912
4805,LOAD,37439884,2670.948446314631
4806,LOAD,35116312,2847.6794487986094
4807,LOAD,33990134,2942.0301785218026
4808,LOAD,36390953,2747.935730070053
4809,LOAD,37834677,2643.0779361483646
4810,LOAD,35731951,2798.615726300531
4811,LOAD,35988895,2778.634909463044
4812,LOAD,37248094,2684.7011286000297
4813,LOAD,35571141,2811.267707156203
4814,LOAD,38276826,2612.546818798403
4815,LOAD,35983764,2779.0311208132644
4816,LOAD,36917268,2708.7594889199277
4817,LOAD,35486879,2817.942936035598
4818,LOAD,37155759,2691.372823254667
4819,LOAD,37685557,2653.536472872087
4820,LOAD,38488209,2598.1983209455134
4821,LOAD,38004655,2631.2566184326633
4822,LOAD,36012293,2776.8295676145917
4823,LOAD,34570612,2892.6303069208034
4824,LOAD,36557427,2735.422271375937
4825,LOAD,37359218,2676.715556519411
4826,LOAD,34399675,2907.004208615343
4827,LOAD,35682999,2802.45502907421
4828,LOAD,37836691,2642.9372483973293
4829,LOAD,36629142,2730.0666775104914
4830,LOAD,37702811,2652.322130570052
4831,LOAD,36786264,2718.405978927352
4832,LOAD,37468278,2668.9243631639542
4833,LOAD,33722333,2965.393883038875
4834,LOAD,36852845,2713.4947111952956
4835,LOAD,38070907,2626.677636022698
4836,LOAD,36370460,2749.4840593162694
4837,LOAD,37045499,2699.383263807568
4838,LOAD,36353258,2750.785087817989
4839,LOAD,36533892,2737.1844204280237
4840,LOAD,36478666,2741.3283150211687
4841,LOAD,36417507,2745.932059544878
4842,LOAD,36914775,2708.9424221060535
4843,LOAD,37371092,2675.865077745119
4844,LOAD,37026167,2700.7926583380886
4845,LOAD,36431173,2744.902010154875
4846,LOAD,31834266,3141.2692222902206
4847,LOAD,34179952,2925.6916452076935
4848,LOAD,36861507,2712.857073369247
4849,LOAD,37389371,2674.556894792373
4850,LOAD,36902530,2709.841303563739
4851,LOAD,35761471,2796.305554656854
4852,LOAD,35556757,2812.4049670784093
4853,LOAD,34792711,2874.1652238596757
4854,LOAD,34696234,2882.1571816699184
4855,LOAD,37230827,2685.946245566879
4856,LOAD,34294152,2915.9490516050664
4857,LOAD,37131889,2693.10295525229
4858,LOAD,37731526,2650.303621433175
4859,LOAD,33939712,2946.400959442437
4860,LOAD,35033260,2854.430332775197
4861,LOAD,37150263,2691.770984232332
4862,LOAD,36785902,2718.4327300170594
4863,LOAD,33800393,2958.5454820007567
4864,LOAD,36384663,2748.410779563906
4865,LOAD,36261378,2757.755096896759
4866,LOAD,35854599,2789.042487966467
4867,LOAD,36368829,2749.60736294259
4868,LOAD,32863301,3042.9079537688563
4869,LOAD,34075600,2934.6511873598706
4870,LOAD,35756264,2796.7127661883246
4871,LOAD,36163030,2765.2550131999446
4872,LOAD,34921071,2863.600603773006
4873,LOAD,36732187,2722.408006906858
4874,LOAD,30037506,3329.171203494724
4875,LOAD,34749433,2877.744796584163
4876,LOAD,32188425,3106.7068363860612
4877,LOAD,35187871,2841.888331351448
4878,LOAD,37449575,2670.257272612573
4879,LOAD,33555108,2980.17219911794
4880,LOAD,33562103,2979.5510728275876
4881,LOAD,34077791,2934.4625066806707
4882,LOAD,33972245,2943.579383699841
4883,LOAD,35532729,2814.3067761555835
4884,LOAD,35718515,2799.6684632605807
4885,LOAD,35440979,2821.592484789994
4886,LOAD,38457105,2600.299736550632
4887,LOAD,38407913,2603.6301425698393
4888,LOAD,37419936,2672.3722883972864
4889,LOAD,37735748,2650.007096719005
4890,LOAD,34670627,2884.2858826868055
4891,LOAD,35311098,2831.970843840653
4892,LOAD,34174426,2926.164729145707
4893,LOAD,36816772,2716.153387917876
4894,LOAD,36405066,2746.8704492940624
4895,LOAD,37151550,2691.677736191357
4896,LOAD,37683354,2653.691600806022
4897,LOAD,38228829,2615.8269195219136
4898,LOAD,37170793,2690.2842777661485
4899,LOAD,37483060,2667.8718333028305
4900,LOAD,35590444,2809.7429748277373
4901,LOAD,35487488,2817.894577378934
4902,LOAD,39064130,2559.893180777353
4903,LOAD,40498408,2469.2328646597666
4904,LOAD,37030037,2700.5103991659525
4905,LOAD,36535947,2737.030464818662
4906,LOAD,37786163,2646.471408065434
4907,LOAD,38651728,2587.206450381727
4908,LOAD,37348083,2677.513595543846
4909,LOAD,36910927,2709.22483198539
4910,LOAD,37460291,2669.4934110362356
4911,LOAD,36851229,2713.6137033584414
4912,LOAD,37276222,2682.675299015013
4913,LOAD,38489324,2598.1230535511613
4914,LOAD,37089393,2696.1886380831306
4915,LOAD,37474499,2668.4813051136452
4916,LOAD,37279372,2682.448620647365
4917,LOAD,37157280,2691.2626543170004
4918,LOAD,36122847,2768.3310786660863
4919,LOAD,32585611,3068.8391879470973
4920,LOAD,34812977,2872.4920594983873
4921,LOAD,33973616,2943.4605960107397
4922,LOAD,36680472,2726.2462707677264
4923,LOAD,34641562,2886.705859279671
4924,LOAD,35520395,2815.2840079621865
4925,LOAD,35790348,2794.0493900757824
4926,LOAD,37673726,2654.369785457377
4927,LOAD,37604951,2659.22431330917
4928,LOAD,38010054,2630.882871147723
4929,LOAD,36992612,2703.2424744703076
4930,LOAD,38281137,2612.252608902395
4931,LOAD,37224248,2686.4209587256137
4932,LOAD,38568468,2592.7916037525783
4933,LOAD,36551416,2735.8721205219517
4934,LOAD,36741666,2721.705651561908
4935,LOAD,37788545,2646.304587805643
4936,LOAD,37438835,2671.0232837106178
4937,LOAD,38211407,2617.019572192147
4938,LOAD,37791172,2646.1206336760342
4939,LOAD,36914652,2708.951448330056
4940,LOAD,37372607,2675.7566042957615
4941,LOAD,37387054,2674.722645972587
4942,LOAD,37767552,2647.7755296398345
4943,LOAD,36997928,2702.8540625302044
4944,LOAD,37662554,2655.157162204135
4945,LOAD,37655518,2655.653283006225
4946,LOAD,37737750,2649.8665129744086
4947,LOAD,32736251,3054.717536226124
4948,LOAD,36985326,2703.7750052547867
4949,LOAD,37144889,2692.1604207782125
4950,LOAD,36844509,2714.1086342065246
4951,LOAD,37788891,2646.2803578967164
4952,LOAD,36543715,2736.448661555072
4953,LOAD,37445145,2670.573181116003
4954,LOAD,37648733,2656.1318809852114
4955,LOAD,36454044,2743.179878753644
4956,LOAD,36658504,2727.880002959204
4957,LOAD,36023904,2775.934557231776
4958,LOAD,31760938,3148.521621118369
4959,LOAD,36599674,2732.2647737244874
4960,LOAD,36940487,2707.0568939711056
4961,LOAD,36480232,2741.2106370376155
4962,LOAD,36658214,2727.9015829849213
4963,LOAD,33275628,3005.202486336246
4964,LOAD,40160161,2490.0298581970324
4965,LOAD,35331635,2830.3247217401627
4966,LOAD,33884021,2951.243596502316
4967,LOAD,37793750,2645.9401356044323
4968,LOAD,37055440,2698.659090271226
4969,LOAD,39570162,2527.156699535372
4970,LOAD,37383717,2674.9614009757242
4971,LOAD,37083237,2696.6362186774577
4972,LOAD,36600299,2732.2181165787747
4973,LOAD,37295150,2681.3137901308887
4974,LOAD,37711077,2651.7407604137106
4975,LOAD,36568767,2734.574015033102
4976,LOAD,37498519,2666.7719863816487
4977,LOAD,38837395,2574.837987975249
4978,LOAD,37599539,2659.6070765654868
4979,LOAD,38468449,2599.532931520062
4980,LOAD,36639367,2729.304793939262
4981,LOAD,38327376,2609.101129177223
4982,LOAD,36791530,2718.0168913877733
4983,LOAD,37882171,2639.764231041563
4984,LOAD,36675447,2726.6198009802038
4985,LOAD,36473599,2741.709146936665
4986,LOAD,36405591,2746.830837054671
4987,LOAD,37461171,2669.430701992738
4988,LOAD,35475486,2818.8479221961893
4989,LOAD,36853382,2713.4551721738862
4990,LOAD,34021275,2939.337223546149
4991,LOAD,37791125,2646.123924598699
4992,LOAD,36338487,2751.9032369179267
4993,LOAD,39701176,2518.8170748392945
4994,LOAD,35965826,2780.4171660064194
4995,LOAD,34253015,2919.4510322667948
4996,LOAD,36047332,2774.130412758426
4997,LOAD,32355915,3090.6250062778317
4998,LOAD,34208373,2923.2609221140096
4999,LOAD,35888477,2786.4096879898248
5000,LOAD,29990252,3334.4167964977423
5001,LOAD,33634854,2973.1064092027873
5002,LOAD,32463211,3080.4100062683265
5003,LOAD,35487030,2817.930945475009
5004,LOAD,34591478,2890.8854371588286
5005,LOAD,33671016,2969.913352183967
5006,LOAD,32676547,3060.2988742966018
5007,LOAD,29507231,3388.9998014385014
5008,LOAD,34925926,2863.202538996389
5009,LOAD,32956554,3034.29782130741
5010,LOAD,33756808,2962.3653990033654
5011,LOAD,35342116,2829.485365279204
5012,LOAD,37419510,2672.402711847376
5013,LOAD,37200818,2688.1129334306574
5014,LOAD,35437560,2821.8647107757984
5015,LOAD,34622481,2888.296768795974
5016,LOAD,35291019,2833.5821076744764
5017,LOAD,34643847,2886.515461172658
5018,LOAD,29913009,3343.0271090414208
5019,LOAD,35414420,2823.7085345460973
5020,LOAD,36256697,2758.1111428876156
5021,LOAD,37307361,2680.436174512585
5022,LOAD,34940026,2862.0470975035905
5023,LOAD,35808593,2792.625781191682
5024,LOAD,37025507,2700.8408014507404
5025,LOAD,34600239,2890.1534466279263
5026,LOAD,34658157,2885.323648340562
5027,LOAD,35841657,2790.0495783439924
5028,LOAD,35958936,2780.9499146470853
5029,LOAD,36956102,2705.913085746976
5030,LOAD,38225699,2616.0411088885517
5031,LOAD,35995163,2778.1510532401253
5032,LOAD,36605382,2731.8387225135366
5033,LOAD,36709025,2724.1257429201673
5034,LOAD,35250976,2836.8008874420952
5035,LOAD,37269012,2683.1942848391045
5036,LOAD,31865206,3138.219159794542
5037,LOAD,36116387,2768.8262394574517
5038,LOAD,35309500,2832.099010181396
5039,LOAD,34670181,2884.322986372641
5040,LOAD,33436039,2990.784883340996
5041,LOAD,34446504,2903.052222658067
5042,LOAD,34188922,2924.9240441099605
5043,LOAD,35301580,2832.7343988569346
5044,LOAD,32475757,3079.2199855418307
5045,LOAD,32095029,3115.747301552524
5046,LOAD,32781077,3050.540407809054
5047,LOAD,34460422,2901.8797274159906
5048,LOAD,33542631,2981.280746879993
5049,LOAD,35094794,2849.4254731912656
5050,LOAD,35707761,2800.5116310709036
5051,LOAD,32903814,3039.161356795902
5052,LOAD,33167984,3014.9556270890625
5053,LOAD,35543058,2813.4889237724
5054,LOAD,34530236,2896.0126423694296
5055,LOAD,33904368,2949.4724691520573
5056,LOAD,35138481,2845.882837109549
5057,LOAD,33714876,2966.049763908371
5058,LOAD,34629228,2887.734026297092
5059,LOAD,35261157,2835.9818142098966
5060,LOAD,32572741,3070.051734362791
5061,LOAD,33636254,2972.9826632894374
5062,LOAD,34824701,2871.5250132370124
5063,LOAD,36983211,2703.929629041675
5064,LOAD,37312219,2680.08718538021
5065,LOAD,35921745,2783.829126341162
5066,LOAD,39039322,2561.519895248181
5067,LOAD,38379962,2605.5262899947634
5068,LOAD,38151524,2621.127271350943
5069,LOAD,35129655,2846.597838777523
5070,LOAD,34456144,2902.240018500039
5071,LOAD,34292594,2916.0815306068707
5072,LOAD,36063022,2772.923467145931
5073,LOAD,37251191,2684.477927162114
5074,LOAD,37346566,2677.6223548906746
5075,LOAD,37718246,2651.2367515711094
5076,LOAD,38037464,2628.98704287962
5077,LOAD,37555369,2662.7351205096666
5078,LOAD,37026895,2700.7395570165954
5079,LOAD,37526549,2664.7800734354764
5080,LOAD,37127785,2693.4006432110077
5081,LOAD,34769772,2876.061424849148
5082,LOAD,31656181,3158.940745252878
5083,LOAD,30422571,3287.0331702077383
5084,LOAD,35201394,2840.796588907814
5085,LOAD,35852214,2789.2280236863476
5086,LOAD,36960139,2705.6175302803917
5087,LOAD,37761220,2648.2195225683913
5088,LOAD,35296946,2833.106297638328
5089,LOAD,37834821,2643.0678765468456
5090,LOAD,37829095,2643.4679444485782
5091,LOAD,38725196,2582.2980986332514
5092,LOAD,38455882,2600.382433043663
5093,LOAD,38095634,2624.972719971008
5094,LOAD,37097516,2695.598271323611
5095,LOAD,36976061,2704.4524834595013
5096,LOAD,36700856,2724.732087992716
5097,LOAD,37730837,2650.352018429912
5098,LOAD,37587915,2660.4295556164793
5099,LOAD,38471753,2599.309680533663
5100,LOAD,37309512,2680.2816397062497
5101,LOAD,36785116,2718.490815687519
5102,LOAD,36790477,2718.0946852088928
5103,LOAD,37366854,2676.1685637222763
5104,LOAD,38360953,2606.8174062307576
5105,LOAD,37985178,2632.605802189475
5106,LOAD,37124216,2693.6595778884594
5107,LOAD,38350568,2607.5233096938746
5108,LOAD,37420119,2672.359219381424
5109,LOAD,37153138,2691.562688459855
5110,LOAD,36433365,2744.7368641353883
5111,LOAD,34486751,2899.6642797693526
5112,LOAD,34526964,2896.2870873905968
5113,LOAD,35917729,2784.140389276839
5114,LOAD,37614581,2658.5435047116434
5115,LOAD,36740288,2721.8077332436806
5116,LOAD,37331036,2678.736266520972
5117,LOAD,38689202,2584.7005063583374
5118,LOAD,37893448,2638.9786434847524
5119,LOAD,36672872,2726.8112516521746
5120,LOAD,38568569,2592.7848139763755
5121,LOAD,37029020,2700.584568535705
5122,LOAD,38297804,2611.1157705021415
5123,LOAD,36487407,2740.671596641548
5124,LOAD,36454066,2743.1782232467567
5125,LOAD,37427243,2671.850555489754
5126,LOAD,35892564,2786.0924062153936
5127,LOAD,37424673,2672.034034873197
5128,LOAD,33605444,2975.708340589102
5129,LOAD,35734259,2798.4349696463555
5130,LOAD,34265227,2918.410550731212
5131,LOAD,33993536,2941.7357464666225
5132,LOAD,33998290,2941.3244019037425
5133,LOAD,35051603,2852.9365689780293
5134,LOAD,37379747,2675.245501260348
5135,LOAD,36939699,2707.1146410803185
5136,LOAD,37752360,2648.8410260974415
5137,LOAD,36476003,2741.528450910589
5138,LOAD,31878689,3136.8918590096346
5139,LOAD,36221707,2760.775465385991
5140,LOAD,36474620,2741.6324008310435
5141,LOAD,36288878,2755.6652481787946
5142,LOAD,36721673,2723.187475690446
5143,LOAD,33308272,3002.2572170660787
5144,LOAD,32896230,3039.8620145834343
5145,LOAD,34058816,2936.0973675655664
5146,LOAD,33563622,2979.4162262940513
5147,LOAD,34809667,2872.7652005404134
5148,LOAD,37186749,2689.129937118192
5149,LOAD,36915156,2708.914463208553
5150,LOAD,36258351,2757.9853259184347
5151,LOAD,34424795,2904.882948467812
5152,LOAD,33011411,3029.2555504519332
5153,LOAD,35635913,2806.1579339920377
5154,LOAD,30594446,3268.5671118215378
5155,LOAD,35835317,2790.54319513903
5156,LOAD,36363978,2749.9741639927292
5157,LOAD,34429606,2904.4770364203414
5158,LOAD,35304119,2832.5306743952456
5159,LOAD,35767817,2795.8094283472765
5160,LOAD,37543323,2663.5894750179677
5161,LOAD,36231543,2760.025980676561
5162,LOAD,35901658,2785.3866804703002
5163,LOAD,36610866,2731.429516034939
5164,LOAD,35579040,2810.6435699220665
5165,LOAD,34545343,2894.7461890883524
5166,LOAD,34829762,2871.10776123018
5167,LOAD,34719435,2880.2312019190404
5168,LOAD,33612232,2975.10739542676
5169,LOAD,35301902,2832.7085605755747
5170,LOAD,35142456,2845.560936321582
5171,LOAD,35466699,2819.5463017294055
5172,LOAD,30273775,3303.188981222196
5173,LOAD,35212613,2839.8914900180794
5174,LOAD,32510822,3075.898849927572
5175,LOAD,34876557,2867.2555034603906
5176,LOAD,34926260,2863.1751581761114
5177,LOAD,31228124,3202.241671641883
5178,LOAD,34637978,2887.004547436343
5179,LOAD,32220289,3103.6344832288746
5180,LOAD,34861898,2868.4611491892956
5181,LOAD,35277147,2834.6963545549756
5182,LOAD,37004635,2702.3641768119046
5183,LOAD,36725067,2722.935808394849
5184,LOAD,36833812,2714.8968453224447
5185,LOAD,33265971,3006.0748865559945
5186,LOAD,37386016,2674.796908020368
5187,LOAD,35575907,2810.891089860337
5188,LOAD,36719929,2723.3168125134443
5189,LOAD,37061623,2698.208872288189
5190,LOAD,36905590,2709.6166190541867
5191,LOAD,37730790,2650.3553198859604
5192,LOAD,35259144,2836.1437248731845
5193,LOAD,36070551,2772.344675300358
5194,LOAD,37752374,2648.840043807576
5195,LOAD,36885918,2711.0617119519707
5196,LOAD,36404188,2746.9366986018204
5197,LOAD,36870685,2712.1817780168717
5198,LOAD,34918254,2863.831622279854
5199,LOAD,36586330,2733.261302787134
5200,LOAD,37415046,2672.7215569907357
5201,LOAD,36749383,2721.134120809593
5202,LOAD,37279640,2682.4293367639816
5203,LOAD,37137210,2692.7170888712426
5204,LOAD,36785750,2718.4439626757644
5205,LOAD,35473311,2819.020756196116
5206,LOAD,37088345,2696.2648238954853
5207,LOAD,36692709,2725.3370690073602
5208,LOAD,37419400,2672.4105677803495
5209,LOAD,34033223,2938.3053141925466
5210,LOAD,35290634,2833.613020383822
5211,LOAD,36295347,2755.1740998646465
5212,LOAD,34036625,2938.011627181015
5213,LOAD,32690280,3059.0132602106805
5214,LOAD,36407332,2746.6994834996426
5215,LOAD,32057815,3119.364186236648
5216,LOAD,32383092,3088.031247911719
5217,LOAD,36195015,2762.811398199448
5218,LOAD,32845539,3044.553478023302
5219,LOAD,35768663,2795.743301895293
5220,LOAD,35057496,2852.4570037745993
5221,LOAD,33975883,2943.2641971365397
5222,LOAD,33622163,2974.228636033916
5223,LOAD,36112471,2769.1264881874185
5224,LOAD,34363858,2910.0341411025506
5225,LOAD,34197646,2924.1778805476843
5226,LOAD,36353642,2750.756031541489
5227,LOAD,35603669,2808.699294446311
5228,LOAD,35789291,2794.1319094586142
5229,LOAD,31637227,3160.8332803630356
5230,LOAD,35512465,2815.912666158207
5231,LOAD,36837157,2714.650318970055
5232,LOAD,34885059,2866.5567112843355
5233,LOAD,35034279,2854.3473093880425
5234,LOAD,35299800,2832.8772400976777
5235,LOAD,35685568,2802.2532806539607
5236,LOAD,35265069,2835.6672150563495
5237,LOAD,36478813,2741.3172681907167
5238,LOAD,39008741,2563.528005171969
5239,LOAD,33251425,3007.38990885353
5240,LOAD,36348487,2751.1461481189026
5241,LOAD,35881761,2786.9312211293086
5242,LOAD,35588572,2809.8907705540983
5243,LOAD,33657631,2971.094430264566
5244,LOAD,38988237,2564.8761702151346
5245,LOAD,38591640,2591.234785564957
5246,LOAD,38711368,2583.2205154826875
5247,LOAD,37274635,2682.7895162487844
5248,LOAD,37863227,2641.0849767242503
5249,LOAD,36509595,2739.0060065032217
5250,LOAD,38446289,2601.031272485103
5251,LOAD,33064157,3024.4230935632204
5252,LOAD,34667416,2884.5530338921135
5253,LOAD,35589478,2809.8192392706633
5254,LOAD,32741233,3054.2527216369645
5255,LOAD,36337763,2751.9580663234556
5256,LOAD,33908123,2949.1458433131197
5257,LOAD,34260079,2918.8490779603867
5258,LOAD,37827966,2643.546840451321
5259,LOAD,35236162,2837.9935362994415
5260,LOAD,35009491,2856.368291672678
5261,LOAD,34512824,2897.473704267144
5262,LOAD,35244192,2837.346930807777
5263,LOAD,35754349,2796.8625578947053
5264,LOAD,37141089,2692.435862610275
5265,LOAD,33767436,2961.4330208547667
5266,LOAD,34803167,2873.301731420017
5267,LOAD,35771463,2795.5244659688647
5268,LOAD,35524510,2814.9578980821975
5269,LOAD,30765250,3250.420523155183
5270,LOAD,34775171,2875.6149035183753
5271,LOAD,36690462,2725.5039743026405
5272,LOAD,34562235,2893.3314063746166
5273,LOAD,34326332,2913.215428901637
5274,LOAD,34687786,2882.859113579633
5275,LOAD,37159221,2691.122077074759
5276,LOAD,37145742,2692.0985990803465
5277,LOAD,37528151,2664.6663194251164
5278,LOAD,37492320,2667.212911871018
5279,LOAD,37884066,2639.6321873159022
5280,LOAD,37657098,2655.5418582706507
5281,LOAD,37783658,2646.6468651605937
5282,LOAD,38236109,2615.328876690879
5283,LOAD,36167708,2764.8973498680093
5284,LOAD,37311254,2680.156501842581
5285,LOAD,38381054,2605.4521587656245
5286,LOAD,37754167,2648.714246562505
5287,LOAD,37322344,2679.36011736026
5288,LOAD,36109512,2769.3534047206176
5289,LOAD,37055087,2698.684798662057
5290,LOAD,37811115,2644.724970422057
5291,LOAD,37893480,2638.9764149399844
5292,LOAD,38017772,2630.3487747782797
5293,LOAD,36690800,2725.478866636868
5294,LOAD,37403564,2673.542018616194
5295,LOAD,35413484,2823.783166886376
5296,LOAD,34012961,2940.0557040594026
5297,LOAD,33490757,2985.898467448795
5298,LOAD,37038772,2699.873527124495
5299,LOAD,37612704,2658.6761749434445
5300,LOAD,36049691,2773.9488807268835
5301,LOAD,36159793,2765.5025569421814
5302,LOAD,35957295,2781.0768301675644
5303,LOAD,34416651,2905.5703298964213
5304,LOAD,34766783,2876.3086880946103
5305,LOAD,37315680,2679.8386093995878
5306,LOAD,37446340,2670.4879569004606
5307,LOAD,37574601,2661.372239188914
5308,LOAD,37893315,2638.9879059142754
5309,LOAD,38568517,2592.7883096982964
5310,LOAD,37009507,2702.008432590037
5311,LOAD,37525953,2664.8223963825785
5312,LOAD,37806737,2645.0312281644406
5313,LOAD,36868460,2712.345457336705
5314,LOAD,36418085,2745.888478210757
5315,LOAD,37680315,2653.9056268505183
5316,LOAD,38737145,2581.5015536121723
5317,LOAD,38569520,2592.720884263014
5318,LOAD,37423590,2672.1113607753828
5319,LOAD,37938551,2635.841310860818
5320,LOAD,37238086,2685.4226610895093
5321,LOAD,37151276,2691.697587991325
5322,LOAD,38056750,2627.6547524420766
5323,LOAD,37107322,2694.8859311377955
5324,LOAD,37398546,2673.900744697401
5325,LOAD,37536855,2664.048439859972
5326,LOAD,30505311,3278.1177021929066
5327,LOAD,36458990,2742.807740971431
5328,LOAD,36456245,2743.0142627141113
5329,LOAD,38345582,2607.86236077992
5330,LOAD,36682695,2726.0810581120063
5331,LOAD,37885777,2639.5129760701493
5332,LOAD,37475756,2668.391799754487
5333,LOAD,38828935,2575.39899046935
5334,LOAD,36498212,2739.860243016836
5335,LOAD,38137990,2622.0574288262173
5336,LOAD,35291069,2833.5780930863843
5337,LOAD,37827744,2643.562354656942
5338,LOAD,37618157,2658.2907822943052
5339,LOAD,38181527,2619.06759255595
5340,LOAD,36694666,2725.191721325383
5341,LOAD,37561417,2662.3063767801946
5342,LOAD,36502817,2739.514596914534
5343,LOAD,36735543,2722.159299510014
5344,LOAD,37429046,2671.721849389375
5345,LOAD,36141132,2766.930487954832
5346,LOAD,36958832,2705.713210850386
5347,LOAD,33425965,2991.6862534858756
5348,LOAD,36488737,2740.571700248216
5349,LOAD,37159373,2691.111069069976
5350,LOAD,36888503,2710.8717314985647
5351,LOAD,38107340,2624.1663679490616
5352,LOAD,35960730,2780.8111793058706
5353,LOAD,37121438,2693.8611591501385
5354,LOAD,36535997,2737.026719155905
5355,LOAD,33366869,2996.984823478643
5356,LOAD,34151377,2928.139617913503
5357,LOAD,37464536,2669.1909383316533
5358,LOAD,34880428,2866.937297902423
5359,LOAD,36892096,2710.607713912487
5360,LOAD,34881648,2866.8370255900754
5361,LOAD,33612985,2975.0407469018296
5362,LOAD,35357753,2828.2340226767237
5363,LOAD,36024610,2775.8801552605287
5364,LOAD,37163316,2690.8255442006302
5365,LOAD,32223784,3103.297862224995
5366,LOAD,36476087,2741.5221375034007
5367,LOAD,38142518,2621.7461573984183
5368,LOAD,36935965,2707.3883138020083
5369,LOAD,37027307,2700.709506095056
5370,LOAD,36747188,2721.29666084926
5371,LOAD,36225459,2760.4895220237236
5372,LOAD,37421050,2672.292733635213
5373,LOAD,36713602,2723.786132453035
5374,LOAD,35004765,2856.753930500605
5375,LOAD,30541080,3274.2784472585777
5376,LOAD,37334602,2678.4804080675613
5377,LOAD,36854002,2713.409523340233
5378,LOAD,38026927,2629.7155171123873
5379,LOAD,30927039,3233.416558242126
5380,LOAD,34433632,2904.1374432996204
5381,LOAD,33976754,2943.1887460467824
5382,LOAD,36711121,2723.9702105528186
5383,LOAD,35170138,2843.3212289357525
5384,LOAD,34622306,2888.311367821658
5385,LOAD,34877552,2867.1737053105103
5386,LOAD,31777194,3146.910957588011
5387,LOAD,35086715,2850.081576459922
5388,LOAD,36953750,2706.085309339377
5389,LOAD,34535253,2895.591933263092
5390,LOAD,33497946,2985.2576632609057
5391,LOAD,34821051,2871.826011225221
5392,LOAD,33508816,2984.2892688300294
5393,LOAD,34341578,2911.922102123554
5394,LOAD,34914258,2864.1593929906803
5395,LOAD,31574959,3167.066661907621
5396,LOAD,33260045,3006.6104841409565
5397,LOAD,29536090,3385.688491604678
5398,LOAD,33525955,2982.7636528176454
5399,LOAD,34520078,2896.8648332718135
5400,LOAD,33914153,2948.621479651873
5401,LOAD,36595904,2732.546243426587
5402,LOAD,37091814,2696.012656593177
5403,LOAD,37041321,2699.6877352187303
5404,LOAD,34661409,2885.0529417312496
5405,LOAD,33967787,2943.9657049191933
5406,LOAD,36482519,2741.0387972387543
5407,LOAD,36317791,2753.4714322244986
5408,LOAD,36684345,2725.9584435813154
5409,LOAD,37651318,2655.9495208109315
5410,LOAD,37798663,2645.5962212208406
5411,LOAD,36043125,2774.4542128353187
5412,LOAD,36100077,2770.0771940181735
5413,LOAD,34795325,2873.9493020973364
5414,LOAD,34459847,2901.9281484331605
5415,LOAD,35634986,2806.230932713149
5416,LOAD,33701402,2967.2356063999946
5417,LOAD,39057804,2560.307794058263
5418,LOAD,39688713,2519.6080306257345
5419,LOAD,37534489,2664.2163691105534
5420,LOAD,34786856,2874.648976613466
5421,LOAD,36138994,2767.094180872882
5422,LOAD,34756521,2877.157929586796
5423,LOAD,34936159,2862.3638906612487
5424,LOAD,32091714,3116.0691510587435
5425,LOAD,33840285,2955.057854861447
5426,LOAD,36110856,2769.250332919275
5427,LOAD,31412372,3183.4590523759234
5428,LOAD,35001676,2857.0060473675603
5429,LOAD,35520950,2815.2400203260327
5430,LOAD,33533174,2982.1215253885603
5431,LOAD,33590004,2977.076156346989
5432,LOAD,36441187,2744.1477139589333
5433,LOAD,33203794,3011.7040239437697
5434,LOAD,34384052,2908.325057209662
5435,LOAD,34207063,2923.372871853979
5436,LOAD,31841031,3140.6018228492662
5437,LOAD,36232179,2759.977532678893
5438,LOAD,35959023,2780.9431863596515
5439,LOAD,34837601,2870.46171749886
5440,LOAD,34375127,2909.080161362022
5441,LOAD,34099332,2932.6087678198505
5442,LOAD,35291359,2833.554808699773
5443,LOAD,38300289,2610.9463560444674
5444,LOAD,38052460,2627.950991867543
5445,LOAD,37484366,2667.778881467543
5446,LOAD,37854180,2641.716185636566
5447,LOAD,36982417,2703.987681497399
5448,LOAD,37652740,2655.849215754285
5449,LOAD,36950155,2706.3485931249816
5450,LOAD,46977708,2128.6691977394894
5451,LOAD,38853298,2573.7840839148325
5452,LOAD,36467253,2742.1862568041524
5453,LOAD,38195439,2618.1136444066
5454,LOAD,38464036,2599.831177362667
5455,LOAD,37186662,2689.136228468153
5456,LOAD,37163552,2690.808456629765
5457,LOAD,37315188,2679.8739430175187
5458,LOAD,38712199,2583.1650638084393
5459,LOAD,36679457,2726.321711905386
5460,LOAD,38700301,2583.9592307046914
5461,LOAD,37030209,2700.49785568318
5462,LOAD,37223999,2686.438928821162
5463,LOAD,36900417,2709.996475107585
5464,LOAD,37144086,2692.2186212900756
5465,LOAD,35422374,2823.074478294425
5466,LOAD,39023267,2562.573758880824
5467,LOAD,34340380,2912.023687565484
5468,LOAD,33154347,3016.195734453766
5469,LOAD,35675831,2803.0180992840787
5470,LOAD,37248007,2684.7073992442065
5471,LOAD,37781247,2646.8157602103497
5472,LOAD,36766713,2719.8515135144116
5473,LOAD,33809645,2957.7358768481595
5474,LOAD,36108773,2769.410082142642
5475,LOAD,35006702,2856.5958598442094
5476,LOAD,35783480,2794.5856579628366
5477,LOAD,31239611,3201.064187386968
5478,LOAD,35089816,2849.8297055761136
5479,LOAD,35436654,2821.9368566795274
5480,LOAD,38306570,2610.518247914131
5481,LOAD,39108734,2556.9735906051064
5482,LOAD,37373872,2675.666037492717
5483,LOAD,37060299,2698.305267315841
5484,LOAD,37389581,2674.5418730421184
5485,LOAD,37572535,2661.518579994669
5486,LOAD,38124566,2622.9806786521845
5487,LOAD,37112992,2694.474215390664
5488,LOAD,37498153,2666.79801535825
5489,LOAD,37572945,2661.4895372188685
5490,LOAD,37374435,2675.625731867251
5491,LOAD,37480714,2668.0388212455077
5492,LOAD,38512390,2596.566974939753
5493,LOAD,37328821,2678.8952161119687
5494,LOAD,36466572,2742.2374661374806
5495,LOAD,38130697,2622.558931980708
5496,LOAD,38371808,2606.079963706688
5497,LOAD,37741846,2649.5789315657744
5498,LOAD,36665215,2727.380706754345
5499,LOAD,37410757,2673.027974280232
5500,LOAD,43909105,2277.4319813624074
5501,LOAD,39605829,2524.880870439551
5502,LOAD,38672905,2585.7897150472663
5503,LOAD,38739076,2581.3728752848933
5504,LOAD,36882092,2711.3429465985823
5505,LOAD,37516541,2665.490936384567
5506,LOAD,37869685,2640.6345867413474
5507,LOAD,36541287,2736.630485948675
5508,LOAD,37245342,2684.8994969626
5509,LOAD,37527900,2664.684141665268
5510,LOAD,37372209,2675.785100099381
5511,LOAD,38006252,2631.1460546017533
5512,LOAD,37367766,2676.1032489873755
5513,LOAD,38487469,2598.248276601405
5514,LOAD,37304107,2680.6699862832797
5515,LOAD,37514937,2665.604902921735
5516,LOAD,37805375,2645.1265197078455
5517,LOAD,37231124,2685.9248192453174
5518,LOAD,37541136,2663.744645340514
5519,LOAD,37129548,2693.27275408793
5520,LOAD,36911316,2709.1962800784454
5521,LOAD,37568480,2661.805854269324
5522,LOAD,38398729,2604.2528647237255
5523,LOAD,37838312,2642.824024496653
5524,LOAD,37326001,2679.0976081257672
5525,LOAD,37544437,2663.5104423060066
5526,LOAD,37447028,2670.4388930411246
5527,LOAD,37360980,2676.589318588538
5528,LOAD,38185059,2618.8253368942023
5529,LOAD,37855422,2641.6295134683746
5530,LOAD,37902571,2638.343451688277
5531,LOAD,36940641,2707.0456086563304
5532,LOAD,37316835,2679.755665237955
5533,LOAD,37156688,2691.3055329366275
5534,LOAD,39205064,2550.6909005428483
5535,LOAD,36133056,2767.5489169806174
5536,LOAD,38155579,2620.848709961917
5537,LOAD,36562672,2735.0298687141903
5538,LOAD,38245948,2614.6560676179342
5539,LOAD,38935323,2568.3618959575606
5540,LOAD,37134940,2692.8816903972374
5541,LOAD,36025512,2775.8106532948095
5542,LOAD,39543670,2528.849750162289
5543,LOAD,36763223,2720.109713993248
5544,LOAD,37823890,2643.8317158811533
5545,LOAD,36033011,2775.2329662375423
5546,LOAD,39334998,2542.2652875182553
5547,LOAD,37262478,2683.6647847198997
5548,LOAD,37349983,2677.377389970967
5549,LOAD,36934152,2707.5212123456904
5550,LOAD,36380743,2748.7069189323593
5551,LOAD,37495029,2667.020206865289
5552,LOAD,36704687,2724.447697919342
5553,LOAD,37352146,2677.222347545975
5554,LOAD,37137414,2692.7022974728393
5555,LOAD,36666282,2727.3013391431396
5556,LOAD,30220384,3309.024795978767
5557,LOAD,37281731,2682.278888820908
5558,LOAD,33759232,2962.15269352099
5559,LOAD,35343215,2829.397382213248
5560,LOAD,33218722,3010.3506089126486
5561,LOAD,35380925,2826.381729703223
5562,LOAD,33927965,2947.42110232665
5563,LOAD,34816572,2872.1954591049343
5564,LOAD,36754498,2720.7554297163847
5565,LOAD,35996883,2778.0183078629334
5566,LOAD,36097089,2770.306492027654
5567,LOAD,37384558,2674.9012252599055
5568,LOAD,37068034,2697.742210984268
5569,LOAD,33208234,3011.301353754614
5570,LOAD,34925065,2863.2731249032754
5571,LOAD,35124838,2846.988219561326
5572,LOAD,29817627,3353.720938289288
5573,LOAD,35897467,2785.711872093928
5574,LOAD,30715741,3255.6596957892048
5575,LOAD,37589720,2660.3018059192777
5576,LOAD,36680866,2726.21698735248
5577,LOAD,36101604,2769.9600272608386
5578,LOAD,37642092,2656.600488623215
5579,LOAD,37117273,2694.163442449018
5580,LOAD,35785995,2794.3892575852647
5581,LOAD,33874420,2952.0800651346945
5582,LOAD,35037390,2854.0938694349097
5583,LOAD,35826582,2791.22356690348
5584,LOAD,36813109,2716.4236522375763
5585,LOAD,35210446,2840.0662689702935
5586,LOAD,35101416,2848.887919507293
5587,LOAD,36905104,2709.6523017520826
5588,LOAD,36737609,2722.0062143946275
5589,LOAD,37335866,2678.3897285253806
5590,LOAD,36706493,2724.3136520832977
5591,LOAD,36553296,2735.731409829636
5592,LOAD,36714606,2723.7116476205683
5593,LOAD,37075744,2697.1812082853953
5594,LOAD,35726529,2799.0404553434228
5595,LOAD,33491936,2985.7933563470324
5596,LOAD,33542213,2981.3178993288248
5597,LOAD,32098354,3115.4245479378787
5598,LOAD,33089018,3022.150732910841
5599,LOAD,35484005,2818.171173180705
5600,LOAD,30144958,3317.3043399164794
5601,LOAD,37258387,2683.9594532098236
5602,LOAD,36573236,2734.2398687389873
5603,LOAD,37307198,2680.447885686832
5604,LOAD,35867434,2788.0444416514433
5605,LOAD,34728089,2879.5134681899717
5606,LOAD,32849875,3044.151613971134
5607,LOAD,34795873,2873.9040402866167
5608,LOAD,34614104,2888.9957688923564
5609,LOAD,43434934,2302.294277689014
5610,LOAD,36731509,2722.4582578407003
5611,LOAD,35968675,2780.196935249908
5612,LOAD,36110409,2769.284612644515
5613,LOAD,36326113,2752.8406356055766
5614,LOAD,35975254,2779.6885047705296
5615,LOAD,38269694,2613.0336971076904
5616,LOAD,35371680,2827.120453424887
5617,LOAD,34055072,2936.420160850049
5618,LOAD,35998342,2777.9057157687985
5619,LOAD,37783742,2646.6409811923872
5620,LOAD,37490828,2667.3190573438387
5621,LOAD,37013424,2701.722488576037
5622,LOAD,36432993,2744.7648893408236
5623,LOAD,34758200,2877.0189480467916
5624,LOAD,39875720,2507.7917088393638
5625,LOAD,37775920,2647.1890029415563
5626,LOAD,37191587,2688.780126537757
5627,LOAD,34906549,2864.791933456384
5628,LOAD,40281564,2482.525256467202
5629,LOAD,38116911,2623.5074505381613
5630,LOAD,37913278,2637.598363296363
5631,LOAD,29956565,3338.166441980247
5632,LOAD,37353997,2677.0896833342895
5633,LOAD,36744470,2721.4979560189604
5634,LOAD,36344735,2751.4301590037735
5635,LOAD,28795192,3472.801987220644
5636,LOAD,33674276,2969.6258354596844
5637,LOAD,32906537,3038.909867665504
5638,LOAD,33887302,2950.957854360905
5639,LOAD,36788220,2718.2614434729376
5640,LOAD,38018337,2630.3096845082937
5641,LOAD,36399326,2747.303617654898
5642,LOAD,38280946,2612.265642547078
5643,LOAD,35150170,2844.936454076894
5644,LOAD,35749287,2797.258585884524
5645,LOAD,34246371,2920.017423159961
5646,LOAD,36046122,2774.223535058778
5647,LOAD,34188734,2924.940127938051
5648,LOAD,35007597,2856.522828459206
5649,LOAD,34638616,2886.951372422039
5650,LOAD,36558005,2735.3790230074096
5651,LOAD,38268630,2613.1063484634806
5652,LOAD,36306634,2754.3175718244775
5653,LOAD,38023105,2629.9798504093765
5654,LOAD,36016157,2776.531654945862
5655,LOAD,32329755,3093.1258217082063
5656,LOAD,34877913,2867.144028944622
5657,LOAD,37212837,2687.2447268666992
5658,LOAD,37795675,2645.805373233842
5659,LOAD,37669863,2654.641987946704
5660,LOAD,36331164,2752.457917395655
5661,LOAD,38013419,2630.6499817866948
5662,LOAD,37376176,2675.5010999520123
5663,LOAD,37741915,2649.5740875893553
5664,LOAD,37919105,2637.193045563707
5665,LOAD,36831909,2715.0371163221544
5666,LOAD,38232416,2615.5815002640693
5667,LOAD,36879470,2711.535713501306
5668,LOAD,37475980,2668.3758503446743
5669,LOAD,38665284,2586.2993790502096
5670,LOAD,36433041,2744.761273153125
5671,LOAD,37102223,2695.2562923251257
5672,LOAD,37920027,2637.128923985207
5673,LOAD,38038954,2628.884064477693
5674,LOAD,37749157,2649.065779137796
5675,LOAD,38177556,2619.34001223127
5676,LOAD,37763139,2648.0849486585316
5677,LOAD,36579285,2733.7877161896413
5678,LOAD,36040061,2774.690087233759
5679,LOAD,37366602,2676.1866117770087
5680,LOAD,35882095,2786.9052796387728
5681,LOAD,33212716,3010.894983716478
5682,LOAD,33813125,2957.431470767638
5683,LOAD,37690484,2653.189595548839
5684,LOAD,36613138,2731.260019285973
5685,LOAD,36505502,2739.3131040904464
5686,LOAD,28352307,3527.04984465638
5687,LOAD,35013500,2856.041241235523
5688,LOAD,34655942,2885.508060926464
5689,LOAD,35933870,2782.8897917201793
5690,LOAD,34406956,2906.3890452849128
5691,LOAD,37315133,2679.877892971733
5692,LOAD,36898920,2710.106420458919
5693,LOAD,36742034,2721.6783915664546
5694,LOAD,37231490,2685.898415561666
5695,LOAD,37060996,2698.2545207365715
5696,LOAD,37207979,2687.59558265715
5697,LOAD,37391508,2674.40403847847
5698,LOAD,37064290,2698.0147198287086
5699,LOAD,37564971,2662.054497526432
5700,LOAD,37233061,2685.7850876133984
5701,LOAD,37308611,2680.346368295512
5702,LOAD,37274296,2682.8139155196923
5703,LOAD,37288127,2681.8187998555145
5704,LOAD,37938335,2635.856317890598
5705,LOAD,37461103,2669.435547586519
5706,LOAD,36854183,2713.396197115535
5707,LOAD,36435128,2744.604053538662
5708,LOAD,38086933,2625.5723977564694
5709,LOAD,37685447,2653.5442182760894
5710,LOAD,37607999,2659.0087922518824
5711,LOAD,35991764,2778.4134170250727
5712,LOAD,39161502,2553.5282073705957
5713,LOAD,36539760,2736.7448499935413
5714,LOAD,37316148,2679.8050002374307
5715,LOAD,36197080,2762.6537831228375
5716,LOAD,38668323,2586.096118003359
5717,LOAD,37389066,2674.5787123968275
5718,LOAD,37440757,2670.8861682470792
5719,LOAD,37852406,2641.8399929452303
5720,LOAD,36965469,2705.2274110197277
5721,LOAD,36055391,2773.510346899303
5722,LOAD,36765084,2719.9720256317105
5723,LOAD,36689271,2725.5924490840935
5724,LOAD,37191719,2688.7705835807155
5725,LOAD,37113350,2694.448224156537
5726,LOAD,37279276,2682.4555283745317
5727,LOAD,36592843,2732.77482156825
5728,LOAD,37257194,2684.045395367134
5729,LOAD,37604755,2659.2381734703495
5730,LOAD,37176645,2689.8607983587544
5731,LOAD,37473116,2668.5797893081535
5732,LOAD,33983841,2942.574972617133
5733,LOAD,34819065,2871.989813626529
5734,LOAD,34696046,2882.172798594975
5735,LOAD,35080663,2850.5732631107912
5736,LOAD,32940812,3035.747874096121
5737,LOAD,35015635,2855.8671005109577
5738,LOAD,36332474,2752.3586750519657
5739,LOAD,35424173,2822.9311097820123
5740,LOAD,31115852,3213.7959776900857
5741,LOAD,36341745,2751.6565316277465
5742,LOAD,35887815,2786.4610871405794
5743,LOAD,27430815,3645.5351399511824
5744,LOAD,35503267,2816.642198026452
5745,LOAD,36408813,2746.5877561017987
5746,LOAD,34453235,2902.4850641746702
5747,LOAD,33319478,3001.2474985352414
5748,LOAD,35495425,2817.264478450392
5749,LOAD,36201283,2762.3330366495575
5750,LOAD,37588062,2660.4191511656013
5751,LOAD,37675955,2654.212746564752
5752,LOAD,33292902,3003.6432390303494
5753,LOAD,34935391,2862.426815260204
5754,LOAD,37002376,2702.529156506058
5755,LOAD,36941771,2706.962803705323
5756,LOAD,38331220,2608.8394786286476
5757,LOAD,38760105,2579.972371075878
5758,LOAD,38663967,2586.387475449687
5759,LOAD,37496001,2666.9510703288065
5760,LOAD,35384733,2826.0775628856663
5761,LOAD,37095265,2695.7618445373014
5762,LOAD,36870188,2712.218337481762
5763,LOAD,34841020,2870.1800349128703
5764,LOAD,36385704,2748.3321471531785
5765,LOAD,36735358,2722.1730083588677
5766,LOAD,36850735,2713.650080520782
5767,LOAD,35945020,2782.0265505485877
5768,LOAD,37132214,2693.0793838471363
5769,LOAD,33497023,2985.3399211028395
5770,LOAD,36245284,2758.9796233904526
5771,LOAD,34454691,2902.3624098094506
5772,LOAD,35929524,2783.226407341216
5773,LOAD,34217837,2922.4524039903517
5774,LOAD,33670270,2969.97915371632
5775,LOAD,24129630,4144.282361561284
5776,LOAD,37400092,2673.79021420589
5777,LOAD,33459472,2988.6903176475707
5778,LOAD,35037650,2854.072690377351
5779,LOAD,35373577,2826.96884174309
5780,LOAD,36252913,2758.3990285139294
5781,LOAD,30015553,3331.6061176683966
5782,LOAD,33814233,2957.3345638210985
5783,LOAD,33177970,3014.048177148873
5784,LOAD,36420988,2745.669612257636
5785,LOAD,36555620,2735.5574874670438
5786,LOAD,36601837,2732.1033094595773
5787,LOAD,35651397,2804.939172509846
5788,LOAD,37395197,2674.1402111078596
5789,LOAD,34435433,2903.9855546465756
5790,LOAD,33506453,2984.4997320366915
5791,LOAD,34113939,2931.3530753513983
5792,LOAD,37381321,2675.1328557918005
5793,LOAD,36190928,2763.1233993226147
5794,LOAD,37426115,2671.9310834159514
5795,LOAD,35580760,2810.507701353203
5796,LOAD,39277500,2545.986888167526
5797,LOAD,37417485,2672.5473398332356
5798,LOAD,37873061,2640.399200899024
5799,LOAD,35322337,2831.0697562281907
5800,LOAD,39036494,2561.7054646352203
5801,LOAD,37481222,2668.0026601053723
5802,LOAD,37562246,2662.2476195912245
5803,LOAD,37395093,2674.1476481954464
5804,LOAD,37206347,2687.713469962531
5805,LOAD,37505956,2666.2431961473
5806,LOAD,34677348,2883.7268640035563
5807,LOAD,36334875,2752.1767998376213
5808,LOAD,35825025,2791.344876940072
5809,LOAD,34034630,2938.1838439260246
5810,LOAD,35731293,2798.667263454474
5811,LOAD,34048369,2936.9982450554385
5812,LOAD,33631296,2973.420946965588
5813,LOAD,34997654,2857.3343801844544
5814,LOAD,34309023,2914.6851543980133
5815,LOAD,34397430,2907.1939386169256
5816,LOAD,35125452,2846.938453631856
5817,LOAD,35103254,2848.738752253566
5818,LOAD,37815364,2644.427804529397
5819,LOAD,37230785,2685.949275579336
5820,LOAD,37687519,2653.398330625054
5821,LOAD,37480166,2668.077830818572
5822,LOAD,37391433,2674.4094028169498
5823,LOAD,37668714,2654.7229618722845
5824,LOAD,37034837,2700.160392227459
5825,LOAD,37607279,2659.0596995863484
5826,LOAD,37695021,2652.8702557295296
5827,LOAD,36690220,2725.521951081242
5828,LOAD,37946549,2635.285754180176
5829,LOAD,37134501,2692.9135253493782
5830,LOAD,36377189,2748.9754637171113
5831,LOAD,37741456,2649.606310895902
5832,LOAD,38438307,2601.5713959514396
5833,LOAD,37955884,2634.637622983567
5834,LOAD,37529371,2664.57969679268
5835,LOAD,37132719,2693.042758328578
5836,LOAD,36597886,2732.398259287435
5837,LOAD,37571867,2661.5658998260587
5838,LOAD,37705095,2652.1614651812974
5839,LOAD,37257514,2684.0223424461437
5840,LOAD,37835268,2643.0366503549017
5841,LOAD,36689747,2725.5570881968742
5842,LOAD,38252980,2614.175418490272
5843,LOAD,37203558,2687.9149569511605
5844,LOAD,38560080,2593.3556154447815
5845,LOAD,36600613,2732.1946766301426
5846,LOAD,37238748,2685.374921842163
5847,LOAD,37969082,2633.721826616719
5848,LOAD,36419755,2745.7625675955264
5849,LOAD,37378374,2675.3437696353512
5850,LOAD,36978157,2704.299189383614
5851,LOAD,36616974,2730.97389205345
5852,LOAD,36557594,2735.409775599565
5853,LOAD,37780056,2646.8991999376603
5854,LOAD,38414041,2603.2147984639264
5855,LOAD,36899237,2710.0831380334503
5856,LOAD,37699333,2652.5668239276274
5857,LOAD,37040382,2699.7561742208813
5858,LOAD,36816021,2716.208793992159
5859,LOAD,36081345,2771.5153079797888
5860,LOAD,35171458,2843.214517862751
5861,LOAD,32329709,3093.130222731049
5862,LOAD,35891424,2786.180899370279
5863,LOAD,39403640,2537.8366059582313
5864,LOAD,36880403,2711.467117102815
5865,LOAD,36890604,2710.71734146722
5866,LOAD,38102084,2624.5283591312223
5867,LOAD,37321007,2679.4561036362174
5868,LOAD,37482185,2667.9341132327263
5869,LOAD,37128539,2693.3459460928425
5870,LOAD,37496972,2666.8820084992462
5871,LOAD,37352325,2677.2095177475567
5872,LOAD,39162337,2553.4737623038177
5873,LOAD,37302828,2680.761898266802
5874,LOAD,36993885,2703.1494529433717
5875,LOAD,35995263,2778.1433351382934
5876,LOAD,35091160,2849.7205564022393
5877,LOAD,34792479,2874.1843891031735
5878,LOAD,37618180,2658.289156998026
5879,LOAD,34269334,2918.060794528426
5880,LOAD,36616991,2730.972624156911
5881,LOAD,37151336,2691.6932408568027
5882,LOAD,37741351,2649.6136823506927
5883,LOAD,36690873,2725.4734440360685
5884,LOAD,38018165,2630.3215844320735
5885,LOAD,36849516,2713.7398493917804
5886,LOAD,37945594,2635.3520780304557
5887,LOAD,36378550,2748.87261861729
5888,LOAD,38939535,2568.0840821545507
5889,LOAD,37067322,2697.794030008426
5890,LOAD,37578136,2661.121882149769
5891,LOAD,34776215,2875.528576068442
5892,LOAD,35699484,2801.1609355474156
5893,LOAD,32118166,3113.502807102996
5894,LOAD,35301899,2832.7088013027287
5895,LOAD,34995751,2857.489756399284
5896,LOAD,36211812,2761.5298566114284
5897,LOAD,33706317,2966.802928958391
5898,LOAD,35464710,2819.70443294193
5899,LOAD,34987991,2858.1235201529576
5900,LOAD,34821189,2871.8146298795255
5901,LOAD,34696772,2882.112491617376
5902,LOAD,35329675,2830.4817409160996
5903,LOAD,35395528,2825.2156600121916
5904,LOAD,30253946,3305.353952836433
5905,LOAD,35380457,2826.4191160673813
5906,LOAD,36434663,2744.6390817447664
5907,LOAD,34583499,2891.5524134790408
5908,LOAD,35848600,2789.509213748933
5909,LOAD,34682409,2883.3060586996708
5910,LOAD,33720610,2965.545403834628
5911,LOAD,34794223,2874.040325602328
5912,LOAD,36161102,2765.402448188664
5913,LOAD,28457450,3514.018297493275
5914,LOAD,36451683,2743.3575563575487
5915,LOAD,34774594,2875.662617369451
5916,LOAD,36303918,2754.5236302043213
5917,LOAD,35468275,2819.4210177968903
5918,LOAD,36868957,2712.3088944447222
5919,LOAD,35669921,2803.482519627672
5920,LOAD,35646002,2805.363698290765
5921,LOAD,35521981,2815.1583100052894
5922,LOAD,35959896,2780.8756732778093
5923,LOAD,33670387,2969.9688334440584
5924,LOAD,35335876,2829.9850271152186
5925,LOAD,35564509,2811.7919468535333
5926,LOAD,36182241,2763.786798059302
5927,LOAD,36227246,2760.3533539369787
5928,LOAD,31284434,3196.47783942647
5929,LOAD,37299519,2680.9997201304395
5930,LOAD,36742548,2721.640317378098
5931,LOAD,37656329,2655.596088508787
5932,LOAD,36583213,2733.4941848874782
5933,LOAD,37286914,2681.9060434982634
5934,LOAD,32890419,3040.399090081522
5935,LOAD,36388489,2748.121803024028
5936,LOAD,34934345,2862.512521703212
5937,LOAD,36620091,2730.7414391733764
5938,LOAD,35615460,2807.7694349588633
5939,LOAD,37752225,2648.8504982156683
5940,LOAD,36346918,2751.2649077976844
5941,LOAD,38541342,2594.61645108258
5942,LOAD,36041944,2774.545124425031
5943,LOAD,37749460,2649.044516133476
5944,LOAD,35940923,2782.3436810456983
5945,LOAD,35509415,2816.1545325373563
5946,LOAD,35317242,2831.478177146449
5947,LOAD,36066307,2772.6709030675083
5948,LOAD,35564358,2811.803885226889
5949,LOAD,37889317,2639.2663662952805
5950,LOAD,36386876,2748.2436249817106
5951,LOAD,35221106,2839.206696121354
5952,LOAD,36646931,2728.7414599601802
5953,LOAD,35347379,2829.0640728977387
5954,LOAD,35287051,2833.900741662997
5955,LOAD,36666186,2727.308479807526
5956,LOAD,35946264,2781.930272364327
5957,LOAD,35417994,2823.423596491659
5958,LOAD,37842070,2642.561572345276
5959,LOAD,38765957,2579.582905692229
5960,LOAD,38136331,2622.1714931098118
5961,LOAD,37566129,2661.9724379906165
5962,LOAD,34740672,2878.470514329717
5963,LOAD,35754435,2796.8558306123423
5964,LOAD,40160926,2489.9824271980183
5965,LOAD,38125456,2622.9194478355876
5966,LOAD,38021052,2630.12185985806
5967,LOAD,37289056,2681.7519864273313
5968,LOAD,36948825,2706.4460101234613
5969,LOAD,38417008,2603.0137484938964
5970,LOAD,37513530,2665.704880345838
5971,LOAD,38253184,2614.1614773818565
5972,LOAD,34486299,2899.702284666731
5973,LOAD,39325336,2542.889906903783
5974,LOAD,37920449,2637.099576537187
5975,LOAD,38264742,2613.3718607066526
5976,LOAD,35963666,2780.5841595792817
5977,LOAD,37775046,2647.25025086667
5978,LOAD,36781682,2718.7446185848703
5979,LOAD,38282779,2612.1405658664435
5980,LOAD,37118368,2694.08396403635
5981,LOAD,37802711,2645.3129247793895
5982,LOAD,35329892,2830.4643557925397
5983,LOAD,38871954,2572.5488355949383
5984,LOAD,37756194,2648.57204621843
5985,LOAD,37527035,2664.745562765617
5986,LOAD,37553385,2662.875796682509
5987,LOAD,37575295,2661.3230847555556
5988,LOAD,35396826,2825.1120594823956
5989,LOAD,39478991,2532.9928011584693
5990,LOAD,37991966,2632.135436213014
5991,LOAD,39415283,2537.086946705419
5992,LOAD,36969423,2704.9380781517743
5993,LOAD,36682368,2726.1053593922834
5994,LOAD,36615172,2731.108295763297
5995,LOAD,37202882,2687.9637980734933
5996,LOAD,38449791,2600.7943710279205
5997,LOAD,37751980,2648.8676885291843
5998,LOAD,36713369,2723.8034188581278
5999,LOAD,38125067,2622.94621016666
6000,LOAD,36923193,2708.3248190371833
6001,LOAD,37676056,2654.205631290069
6002,LOAD,37236990,2685.501701399603
6003,LOAD,37819658,2644.1275592708953
6004,LOAD,37262863,2683.637057088179
6005,LOAD,38047946,2628.262771399013
6006,LOAD,37276406,2682.6620570663385
6007,LOAD,37856340,2641.565455086255
6008,LOAD,37648788,2656.128000720767
6009,LOAD,37558657,2662.5020165124647
6010,LOAD,36975266,2704.5106315124276
6011,LOAD,37795365,2645.8270742986606
6012,LOAD,36790852,2718.0669803460924
6013,LOAD,38077803,2626.201937123316
6014,LOAD,37469020,2668.8715103837785
6015,LOAD,38106122,2624.250245144337
6016,LOAD,36657635,2727.9446696438545
6017,LOAD,37456968,2669.7302355065153
6018,LOAD,37320629,2679.4832423644307
6019,LOAD,37635096,2657.0943249354273
6020,LOAD,35785786,2794.4055776782434
6021,LOAD,37854561,2641.6895971927925
6022,LOAD,38089785,2625.37580613805
6023,LOAD,37538640,2663.921761683428
6024,LOAD,36759688,2720.371293684538
6025,LOAD,38102690,2624.4866176115124
6026,LOAD,37302693,2680.771600055792
6027,LOAD,37592672,2660.092903212626
6028,LOAD,37726859,2650.63147716591
6029,LOAD,37335448,2678.4197152261304
6030,LOAD,36379996,2748.763358852486
6031,LOAD,35761664,2796.290463441522
6032,LOAD,33172958,3014.5035604000104
6033,LOAD,36153492,2765.984541686872
6034,LOAD,36601127,2732.1563076459365
6035,LOAD,38043754,2628.5523768238018
6036,LOAD,37728626,2650.507336259741
6037,LOAD,37881465,2639.813428546124
6038,LOAD,36462571,2742.5383690031076
6039,LOAD,38609278,2590.0510234871526
6040,LOAD,37452403,2670.055643692609
6041,LOAD,37759765,2648.3215666199194
6042,LOAD,36708463,2724.1674487978426
6043,LOAD,37667995,2654.7736347527925
6044,LOAD,37404402,2673.482121168519
6045,LOAD,38299388,2611.0077790276964
6046,LOAD,36284060,2756.031160790716
6047,LOAD,38452286,2600.6256169009043
6048,LOAD,37566097,2661.9747055436715
6049,LOAD,37588780,2660.3683333164845
6050,LOAD,36892827,2710.5540055252477
6051,LOAD,37964328,2634.051628676267
6052,LOAD,37420623,2672.3232266870596
6053,LOAD,37478744,2668.1790617102856
6054,LOAD,37168535,2690.44771336831
6055,LOAD,38132655,2622.4242712709092
6056,LOAD,37215827,2687.0288278156495
6057,LOAD,38194903,2618.1503851443213
6058,LOAD,36876017,2711.7896165412876
6059,LOAD,36946142,2706.6425501206595
6060,LOAD,36854012,2713.4087870813087
6061,LOAD,37055756,2698.63607694308
6062,LOAD,36821660,2715.7928241149366
6063,LOAD,36269805,2757.114354488534
6064,LOAD,36410151,2746.486824512208
6065,LOAD,33439726,2990.4551251406783
6066,LOAD,33081767,3022.8131405435506
6067,LOAD,35843487,2789.907131524341
6068,LOAD,37137375,2692.7051252276174
6069,LOAD,38236798,2615.28175031811
6070,LOAD,36025766,2775.791082415846
6071,LOAD,35406381,2824.3496560690573
6072,LOAD,33081550,3022.832968830058
6073,LOAD,35380042,2826.4522693330887
6074,LOAD,37455991,2669.79987260249
6075,LOAD,37985658,2632.572535665961
6076,LOAD,36675106,2726.6451527093063
6077,LOAD,35677579,2802.8807672179773
6078,LOAD,34529144,2896.1042300961763
6079,LOAD,35148903,2845.0390044889878
6080,LOAD,36764265,2720.0326186311627
6081,LOAD,37605924,2659.1555096478946
6082,LOAD,37021543,2701.1299880180577
6083,LOAD,37150461,2691.7566379593513
6084,LOAD,36533428,2737.2191845780253
6085,LOAD,37354033,2677.087103285474
6086,LOAD,36464429,2742.3986263434977
6087,LOAD,35434696,2822.0927872501006
6088,LOAD,34101961,2932.3826861452335
6089,LOAD,34658365,2885.3063322519683
6090,LOAD,37098980,2695.4918976209046
6091,LOAD,37900160,2638.5112886066972
6092,LOAD,36396283,2747.5333126737146
6093,LOAD,37932930,2636.231896666037
6094,LOAD,36859157,2713.0300348431733
6095,LOAD,37470588,2668.7598283752577
6096,LOAD,36849827,2713.7169463509285
6097,LOAD,37983886,2632.695348759208
6098,LOAD,38081572,2625.9420173095796
6099,LOAD,37702096,2652.3724304346365
6100,LOAD,36510161,2738.9635449703987
6101,LOAD,35655115,2804.646682530683
6102,LOAD,30415466,3287.801015443919
6103,LOAD,35730764,2798.708698196322
6104,LOAD,35131132,2846.478160737889
6105,LOAD,35776010,2795.1691650354524
6106,LOAD,35183496,2842.2417146948674
6107,LOAD,36342107,2751.629122659289
6108,LOAD,35405905,2824.3876268661966
6109,LOAD,37346146,2677.6524678075216
6110,LOAD,35626582,2806.892898117479
6111,LOAD,35174226,2842.9907739832
6112,LOAD,36030141,2775.454028892088
6113,LOAD,35675012,2803.082448858041
6114,LOAD,35218460,2839.4200087113404
6115,LOAD,37701852,2652.3895961397334
6116,LOAD,36491324,2740.3774113539976
6117,LOAD,35210017,2840.100872430706
6118,LOAD,32012577,3123.7722598839828
6119,LOAD,35154788,2844.5627377983333
6120,LOAD,34698444,2881.9736124190467
6121,LOAD,38382096,2605.381425756426
6122,LOAD,37508100,2666.0907910557985
6123,LOAD,35238490,2837.806046740368
6124,LOAD,40028836,2498.1990483060763
6125,LOAD,34957357,2860.628164766575
6126,LOAD,38884728,2571.703729032128
6127,LOAD,34795282,2873.9528537230995
6128,LOAD,36596350,2732.5129418644206
6129,LOAD,36643430,2729.0021703754264
6130,LOAD,35783819,2794.559183300139
6131,LOAD,37942773,2635.5480133199544
6132,LOAD,36043581,2774.419112240818
6133,LOAD,38018691,2630.285193143551
6134,LOAD,36477811,2741.3925687591286
6135,LOAD,37820703,2644.054501049333
6136,LOAD,36591471,2732.8772871689143
6137,LOAD,37828498,2643.5096630059165
6138,LOAD,37651214,2655.956857061767
6139,LOAD,36461938,2742.58598103041
6140,LOAD,38344940,2607.9060235848588
6141,LOAD,36169011,2764.7977435711473
6142,LOAD,35134201,2846.2295186391175
6143,LOAD,35888584,2786.401380450118
6144,LOAD,33381697,2995.653576269655
6145,LOAD,37491959,2667.2385937475287
6146,LOAD,36795817,2717.7002211963386
6147,LOAD,37212290,2687.284227872028
6148,LOAD,37130970,2693.169610166392
6149,LOAD,37299190,2681.023368067779
6150,LOAD,37286509,2681.935173925776
6151,LOAD,35615405,2807.7737709286193
6152,LOAD,39131027,2555.5168792273203
6153,LOAD,37754475,2648.6926384223325
6154,LOAD,37813054,2644.5893526611208
6155,LOAD,37033109,2700.2863842730567
6156,LOAD,35414432,2823.707577746835
6157,LOAD,36881121,2711.4143303832875
6158,LOAD,35862301,2788.4434966958756
6159,LOAD,35241228,2837.5855688116203
6160,LOAD,34297099,2915.69849683205
6161,LOAD,35974626,2779.7370290937843
6162,LOAD,38942242,2567.905566402674
6163,LOAD,37947743,2635.2028367009866
6164,LOAD,37535818,2664.1220393811586
6165,LOAD,36183798,2763.6678714600384
6166,LOAD,38684750,2584.9979643141032
6167,LOAD,36985916,2703.7318745870725
6168,LOAD,35908800,2784.8326872521498
6169,LOAD,35655027,2804.65360466562
6170,LOAD,33368999,2996.7935208365107
6171,LOAD,35685395,2802.2668657583863
6172,LOAD,36915073,2708.92055394283
6173,LOAD,37360409,2676.6302263982175
6174,LOAD,38055165,2627.764194426696
6175,LOAD,37861483,2641.206632080418
6176,LOAD,37680389,2653.900414881598
6177,LOAD,37383250,2674.9948171975416
6178,LOAD,36760033,2720.3457624752405
6179,LOAD,38224654,2616.1126272065144
6180,LOAD,37574296,2661.393842215966
6181,LOAD,38731991,2581.8450696221635
6182,LOAD,36702279,2724.6264462215
6183,LOAD,37776593,2647.1418425690213
6184,LOAD,37070360,2697.572939674716
6185,LOAD,38046022,2628.3956835224453
6186,LOAD,37956095,2634.6229768894823
6187,LOAD,37605724,2659.169651939157
6188,LOAD,37126190,2693.516355974044
6189,LOAD,36300037,2754.818128697775
6190,LOAD,36880297,2711.4749103023764
6191,LOAD,37701107,2652.4420091961756
6192,LOAD,37869223,2640.6668021680825
6193,LOAD,35899864,2785.5258727442533
6194,LOAD,37977724,2633.1225115017423
6195,LOAD,38488554,2598.1750314651986
6196,LOAD,36961267,2705.5349590694495
6197,LOAD,35354262,2828.513292117369
6198,LOAD,33948269,2945.6582896759774
6199,LOAD,35925273,2783.5557436125814
6200,LOAD,35673175,2803.2267943629913
6201,LOAD,36982009,2704.0175129479853
6202,LOAD,38041267,2628.7242220402386
6203,LOAD,37487110,2667.5836040708396
6204,LOAD,37943328,2635.5094629548576
6205,LOAD,38113885,2623.7157403397737
6206,LOAD,37439685,2670.9626429816385
6207,LOAD,37152810,2691.5864506614707
6208,LOAD,37556301,2662.6690418739586
6209,LOAD,37526326,2664.7959088774105
6210,LOAD,37759094,2648.3686287600017
6211,LOAD,36940450,2707.0596053919217
6212,LOAD,37509792,2665.97052844228
6213,LOAD,36710520,2724.014805565271
6214,LOAD,38168788,2619.941717824522
6215,LOAD,37174132,2690.0426350237312
6216,LOAD,38109889,2623.990849199272
6217,LOAD,37619112,2658.223298838101
6218,LOAD,37861677,2641.1930987631636
6219,LOAD,37052728,2698.8566132026767
6220,LOAD,37436486,2671.190880468856
6221,LOAD,37139258,2692.568602205246
6222,LOAD,36945731,2706.672659961715
6223,LOAD,38362928,2606.6832020746697
6224,LOAD,37545676,2663.422546979844
6225,LOAD,38955088,2567.0587626448178
6226,LOAD,36314222,2753.7420462980044
6227,LOAD,37080051,2696.8679196261082
6228,LOAD,37213742,2687.179375833798
6229,LOAD,37954289,2634.748341616938
6230,LOAD,37242324,2685.1170727154404
6231,LOAD,37700980,2652.4509442460117
6232,LOAD,36635740,2729.5749997133944
6233,LOAD,38019837,2630.2059106671077
6234,LOAD,37247336,2684.7557634725877
6235,LOAD,37233411,2685.7598408053454
6236,LOAD,38295829,2611.250431476493
6237,LOAD,37034350,2700.195899212488
6238,LOAD,36944146,2706.788783262171
6239,LOAD,37542845,2663.6233881582493
6240,LOAD,37590184,2660.26896809018
6241,LOAD,36032538,2775.269396787981
6242,LOAD,37439212,2670.996387423966
6243,LOAD,38513994,2596.4588351963707
6244,LOAD,37886578,2639.457171349706
6245,LOAD,38012188,2630.735173676401
6246,LOAD,35687493,2802.1021258063715
6247,LOAD,37963724,2634.0935362400173
6248,LOAD,38246399,2614.62523569866
6249,LOAD,38157198,2620.7375080319057
6250,LOAD,38274626,2612.696986248801
6251,LOAD,37515115,2665.592255281638
6252,LOAD,37375334,2675.5613742475184
6253,LOAD,37067852,2697.7554566690296
6254,LOAD,37428639,2671.750901762685
6255,LOAD,37350011,2677.3753828345593
6256,LOAD,37764609,2647.9818710687564
6257,LOAD,37687189,2653.421564553408
6258,LOAD,37977661,2633.1268795095093
6259,LOAD,37209346,2687.4968455505773
6260,LOAD,37397024,2674.0095682479973
6261,LOAD,37422915,2672.159557853791
6262,LOAD,37620758,2658.106995079684
6263,LOAD,37327726,2678.9738008685554
6264,LOAD,37392791,2674.312275860874
6265,LOAD,37615660,2658.4672447592307
6266,LOAD,38169052,2619.9235967401023
6267,LOAD,37308180,2680.377332799402
6268,LOAD,37926192,2636.700251899795
6269,LOAD,37502524,2666.487194301909
6270,LOAD,37377124,2675.4332409310036
6271,LOAD,37400680,2673.748177840617
6272,LOAD,38936511,2568.2835321326043
6273,LOAD,36140943,2766.9449576896764
6274,LOAD,38257504,2613.8662888200965
6275,LOAD,36426664,2745.2417822285347
6276,LOAD,37151267,2691.6982400627144
6277,LOAD,36566916,2734.712437876905
6278,LOAD,36348297,2751.1605289238173
6279,LOAD,36079707,2771.641133338472
6280,LOAD,35199135,2840.9789047372897
6281,LOAD,34821323,2871.803578514234
6282,LOAD,36734005,2722.27327240795
6283,LOAD,36588459,2733.1022604696195
6284,LOAD,36012363,2776.8241700773706
6285,LOAD,36461266,2742.6365283092473
6286,LOAD,37248126,2684.6988221635634
6287,LOAD,32431630,3083.409622026398
6288,LOAD,36820503,2715.878161686167
6289,LOAD,36024197,2775.911979384301
6290,LOAD,33750349,2962.9323240479675
6291,LOAD,35140090,2845.752529375992
6292,LOAD,36018588,2776.3442586922065
6293,LOAD,36593445,2732.7298645973347
6294,LOAD,37309915,2680.2526888630005
6295,LOAD,32550717,3072.128948803186
6296,LOAD,35880917,2786.996776029999
6297,LOAD,37086048,2696.43182255494
6298,LOAD,37654334,2655.736787165058
6299,LOAD,36761285,2720.2531141117615
6300,LOAD,36966419,2705.1578893806295
6301,LOAD,37993422,2632.034566404679
6302,LOAD,36288928,2755.661451338546
6303,LOAD,37558281,2662.5286711071785
6304,LOAD,38166502,2620.0986404255755
6305,LOAD,38125190,2622.9377479823706
6306,LOAD,37666570,2654.8740700307994
6307,LOAD,38287244,2611.8359420176603
6308,LOAD,35570594,2811.310938467882
6309,LOAD,38271449,2612.9138721661675
6310,LOAD,40323477,2479.9448718174776
6311,LOAD,35820957,2791.661875476973
6312,LOAD,37657097,2655.541928789678
6313,LOAD,37373037,2675.725818054337
6314,LOAD,37164583,2690.7338096595895
6315,LOAD,37278592,2682.5047469604
6316,LOAD,37577150,2661.191708258875
6317,LOAD,36500502,2739.6883472999907
6318,LOAD,36436026,2744.536410200168
6319,LOAD,37395534,2674.1161123678567
6320,LOAD,37378752,2675.3167146939522
6321,LOAD,36086007,2771.1572521725666
6322,LOAD,36946303,2706.6307554506875
6323,LOAD,30967571,3229.1844910923105
6324,LOAD,36634726,2729.650550682432
6325,LOAD,36107630,2769.497748813755
6326,LOAD,37468794,2668.887608178689
6327,LOAD,37078211,2697.001751244147
6328,LOAD,37269258,2683.1765741083445
6329,LOAD,32659729,3061.8747632596705
6330,LOAD,35294724,2833.2846575029175
6331,LOAD,36919354,2708.606439863493
6332,LOAD,37057953,2698.4760869009683
6333,LOAD,36588837,2733.0740247360145
6334,LOAD,37429258,2671.70671670809
6335,LOAD,36309444,2754.1044142675387
6336,LOAD,37563106,2662.186667950196
6337,LOAD,36102569,2769.8859878918865
6338,LOAD,37022121,2701.0878171998847
6339,LOAD,37226926,2686.227705183071
6340,LOAD,31826883,3141.997914153265
6341,LOAD,34381393,2908.549982253482
6342,LOAD,46366102,2156.748048391042
6343,LOAD,36619957,2730.7514315213425
6344,LOAD,37471377,2668.703634777019
6345,LOAD,37354455,2677.0568597507313
6346,LOAD,38408858,2603.566083636228
6347,LOAD,37740805,2649.6520145767954
6348,LOAD,36135621,2767.3524691882285
6349,LOAD,37902760,2638.3302957357196
6350,LOAD,36851675,2713.580861656899
6351,LOAD,38820416,2575.9641524707
6352,LOAD,37053890,2698.7719777869474
6353,LOAD,35963319,2780.6109886576373
6354,LOAD,36921557,2708.4448253360497
6355,LOAD,38739740,2581.328630496746
6356,LOAD,37823499,2643.859046462095
6357,LOAD,32892263,3040.2286397868093
6358,LOAD,36862188,2712.8069554634144
6359,LOAD,35173759,2843.028520210194
6360,LOAD,34941543,2861.9228406713464
6361,LOAD,32371843,3089.104318218768
6362,LOAD,35144561,2845.3905001118096
6363,LOAD,36583366,2733.4827527898883
6364,LOAD,35835329,2790.542260683584
6365,LOAD,37546609,2663.356363287028
6366,LOAD,37470510,2668.7653837644593
6367,LOAD,37348227,2677.5032721098114
6368,LOAD,36997542,2702.882261745929
6369,LOAD,38283081,2612.1199597284244
6370,LOAD,35277181,2834.6936224864453
6371,LOAD,36610565,2731.451972948246
6372,LOAD,35666447,2803.7555857470184
6373,LOAD,38669215,2586.036463372737
6374,LOAD,37389615,2674.5394409650917
6375,LOAD,35422913,2823.031521998205
6376,LOAD,35942213,2782.2438201008936
6377,LOAD,34003950,2940.834814778871
6378,LOAD,34604837,2889.769427320233
6379,LOAD,36763274,2720.1059405100864
6380,LOAD,35697720,2801.299354692681
6381,LOAD,37323398,2679.284453146522
6382,LOAD,36933813,2707.546063548868
6383,LOAD,36274172,2756.7824291068587
6384,LOAD,37873553,2640.3649005415464
6385,LOAD,37681511,2653.82139267186
6386,LOAD,37359755,2676.677082063306
6387,LOAD,37319690,2679.550660790591
6388,LOAD,38072405,2626.5742865469097
6389,LOAD,37472098,2668.6522862957927
6390,LOAD,35058814,2852.3497685917155
6391,LOAD,39994046,2500.3721803990525
6392,LOAD,37307570,2680.421158494107
6393,LOAD,38132715,2622.4201450119667
6394,LOAD,37470807,2668.744230675363
6395,LOAD,37179272,2689.670739115064
6396,LOAD,37397162,2673.9997008329137
6397,LOAD,38205986,2617.3908978556397
6398,LOAD,37421702,2672.246174158514
6399,LOAD,37846115,2642.279134859681
6400,LOAD,37204315,2687.8602656707967
6401,LOAD,37395079,2674.1486493450116
6402,LOAD,36388903,2748.090537381685
6403,LOAD,38089851,2625.371257031171
6404,LOAD,37690844,2653.1642538967817
6405,LOAD,37550773,2663.061024069997
6406,LOAD,37472151,2668.648511797468
6407,LOAD,37627223,2657.6502868681005
6408,LOAD,37227215,2686.20685162723
6409,LOAD,37499479,2666.7037160702953
6410,LOAD,37967206,2633.8519616112912
6411,LOAD,35614612,2807.8362892174705
6412,LOAD,38642991,2587.791405691138
6413,LOAD,37981142,2632.8855514665674
6414,LOAD,38200305,2617.7801459962166
6415,LOAD,37335995,2678.3804743920714
6416,LOAD,37359204,2676.716559592651
6417,LOAD,36745326,2721.4345574182685
6418,LOAD,37248483,2684.6730912504545
6419,LOAD,37540479,2663.7912638248436
6420,LOAD,35957057,2781.0952381336438
6421,LOAD,32177509,3107.760765446449
6422,LOAD,34442950,2903.351774456021
6423,LOAD,35748503,2797.319932529762
6424,LOAD,39602637,2525.0843775882904
6425,LOAD,36935753,2707.4038533883418
6426,LOAD,38190120,2618.478287054348
6427,LOAD,37577173,2661.1900794133717
6428,LOAD,36950781,2706.302743641603
6429,LOAD,38058416,2627.5397273496615
6430,LOAD,37502042,2666.521465684455
6431,LOAD,37304064,2680.673076263219
6432,LOAD,38444880,2601.126599952972
6433,LOAD,37300073,2680.959900534243
6434,LOAD,37186017,2689.1828721532615
6435,LOAD,37334232,2678.5069530826295
6436,LOAD,37858770,2641.3959037760605
6437,LOAD,38315832,2609.8872132021042
6438,LOAD,38183345,2618.9428925098105
6439,LOAD,36905637,2709.6131683081367
6440,LOAD,36844848,2714.0836623888367
6441,LOAD,38405274,2603.8090497674875
6442,LOAD,37359969,2676.6617499066983
6443,LOAD,37293639,2681.422427025692
6444,LOAD,37608492,2658.9739359929667
6445,LOAD,37062474,2698.1469180929475
6446,LOAD,37270955,2683.054405233244
6447,LOAD,37467402,2668.986763480425
6448,LOAD,36790066,2718.125050387243
6449,LOAD,37907636,2637.990931431335
6450,LOAD,36859024,2713.0398243860172
6451,LOAD,38249418,2614.4188651445625
6452,LOAD,37700743,2652.4676184763784
6453,LOAD,37150952,2691.7210627603836
6454,LOAD,36815865,2716.2203033936594
6455,LOAD,38035383,2629.130880580327
6456,LOAD,37540190,2663.8117707981764
6457,LOAD,37910226,2637.810705744672
6458,LOAD,37314960,2679.8903174490874
6459,LOAD,38107420,2624.1608589613256
6460,LOAD,36898900,2710.1078893950767
6461,LOAD,37597903,2659.7228042212887
6462,LOAD,38028227,2629.625619937527
6463,LOAD,38036259,2629.0703299711995
6464,LOAD,36854497,2713.3730790030863
6465,LOAD,38042959,2628.6073068080746
6466,LOAD,36300649,2754.771684660514
6467,LOAD,37933398,2636.1993723841983
6468,LOAD,35856630,2788.8845103402077
6469,LOAD,37172361,2690.1707965227174
6470,LOAD,38040435,2628.781716087106
6471,LOAD,37483583,2667.834609087397
6472,LOAD,37660154,2655.326369616014
6473,LOAD,37555573,2662.720656665257
6474,LOAD,38186070,2618.7560018614117
6475,LOAD,37974983,2633.3125679081936
6476,LOAD,37520689,2665.1962601219825
6477,LOAD,36414015,2746.1953865839846
6478,LOAD,38618240,2589.4499593974247
6479,LOAD,37568188,2661.8265432445132
6480,LOAD,37256161,2684.119815780268
6481,LOAD,36906756,2709.531013779699
6482,LOAD,37278914,2682.481576582408
6483,LOAD,37768075,2647.7388641067882
6484,LOAD,38206434,2617.3602069222165
6485,LOAD,36188587,2763.302142744617
6486,LOAD,39419739,2536.800154866576
6487,LOAD,37231984,2685.862778626033
6488,LOAD,36003500,2777.5077423028315
6489,LOAD,34906781,2864.7728932667837
6490,LOAD,36923439,2708.306775000021
6491,LOAD,37237316,2685.478190748227
6492,LOAD,36094908,2770.4738851252923
6493,LOAD,35049625,2853.0975723706033
6494,LOAD,35707596,2800.524571858604
6495,LOAD,36749160,2721.1506331029063
6496,LOAD,37773545,2647.355444134248
6497,LOAD,37341846,2677.960805687003
6498,LOAD,37624310,2657.8560510478464
6499,LOAD,37409047,2673.1501607084515
6500,LOAD,38735728,2581.5959880759183
6501,LOAD,34904846,2864.9317060444846
6502,LOAD,35994756,2778.1824663570437
6503,LOAD,36994878,2703.076896212497
6504,LOAD,35126526,2846.8514079644538
6505,LOAD,34528559,2896.1532973327967
6506,LOAD,36643843,2728.971412741835
6507,LOAD,34332142,2912.7224278636622
6508,LOAD,33932515,2947.025883580984
6509,LOAD,34545696,2894.716609559697
6510,LOAD,38127339,2622.789909361364
6511,LOAD,36109003,2769.3924421009356
6512,LOAD,38516240,2596.307427723994
6513,LOAD,37375291,2675.5644524613867
6514,LOAD,38015733,2630.4898553448907
6515,LOAD,35166153,2843.6434317964777
6516,LOAD,36461536,2742.6162189107995
6517,LOAD,37131024,2693.1656934643115
6518,LOAD,32091678,3116.0726466219685
6519,LOAD,35839941,2790.1831646430446
6520,LOAD,36965408,2705.231875162855
6521,LOAD,36678344,2726.404441814494
6522,LOAD,36059515,2773.193150268383
6523,LOAD,37478193,2668.218288966066
6524,LOAD,34519957,2896.8749874166992
6525,LOAD,36733436,2722.3154403524895
6526,LOAD,33050308,3025.6904111150793
6527,LOAD,38103718,2624.415811601377
6528,LOAD,37948430,2635.1551302649414
6529,LOAD,36915605,2708.8815150124183
6530,LOAD,36054470,2773.5811953413818
6531,LOAD,32747985,3053.6229939032887
6532,LOAD,34629488,2887.71234503958
6533,LOAD,34628091,2887.828843929052
6534,LOAD,36706296,2724.3282732749717
6535,LOAD,37449591,2670.256131769236
6536,LOAD,37509394,2665.9988161898855
6537,LOAD,34853109,2869.1844965681544
6538,LOAD,34990460,2857.9218449828895
6539,LOAD,37590581,2660.2408725739033
6540,LOAD,34655248,2885.5658456116084
6541,LOAD,35805305,2792.8822279268397
6542,LOAD,35008477,2856.4510247046737
6543,LOAD,33757526,2962.302391472645
6544,LOAD,34337266,2912.2877750371854
6545,LOAD,36327372,2752.745230235757
6546,LOAD,34331275,2912.7959855845725
6547,LOAD,36747500,2721.2735560242195
6548,LOAD,36338780,2751.881048290559
6549,LOAD,34769342,2876.0969937251043
6550,LOAD,36392039,2747.853727019802
6551,LOAD,37288139,2681.817936797543
6552,LOAD,34307390,2914.823890712759
6553,LOAD,40083953,2494.763927100703
6554,LOAD,38384174,2605.2403784955745
6555,LOAD,38246812,2614.597002228578
6556,LOAD,37497882,2666.8172885071217
6557,LOAD,37692325,2653.060006247956
6558,LOAD,36909366,2709.3394126574813
6559,LOAD,37263200,2683.612786878207
6560,LOAD,38705373,2583.620625487836
6561,LOAD,37613298,2658.63418836604
6562,LOAD,36573052,2734.2536247726875
6563,LOAD,36851207,2713.6153233732616
6564,LOAD,37755426,2648.625922006548
6565,LOAD,37559893,2662.4144003818114
6566,LOAD,37828129,2643.5354495063716
6567,LOAD,37328268,2678.934902631968
6568,LOAD,37735246,2650.0423503268007
6569,LOAD,37150130,2691.7806209561045
6570,LOAD,37091492,2696.036061315625
6571,LOAD,36974455,2704.5699524171487
6572,LOAD,37825582,2643.713452974762
6573,LOAD,36980192,2704.150373259284
6574,LOAD,38070451,2626.709097824977
6575,LOAD,36792717,2717.929203217039
6576,LOAD,37299701,2680.986638471981
6577,LOAD,37783510,2646.657232215853
6578,LOAD,37078485,2696.981821128884
6579,LOAD,37945624,2635.3499945079307
6580,LOAD,36991967,2703.2896087953363
6581,LOAD,37850584,2641.9671622503897
6582,LOAD,37044456,2699.459265915526
6583,LOAD,38004135,2631.2926211845106
6584,LOAD,37349899,2677.383411398248
6585,LOAD,37368117,2676.0781122581047
6586,LOAD,36865165,2712.587886152144
6587,LOAD,38249376,2614.421735925836
6588,LOAD,37701451,2652.417807473776
6589,LOAD,37690480,2653.1898771254705
6590,LOAD,36607162,2731.705888590872
6591,LOAD,37803804,2645.2364423432095
6592,LOAD,37426798,2671.882323462456
6593,LOAD,38147246,2621.4212160951274
6594,LOAD,36772904,2719.3936056831412
6595,LOAD,37791228,2646.1167125873762
6596,LOAD,37852797,2641.8127040915892
6597,LOAD,38307055,2610.4851965258094
6598,LOAD,36709420,2724.096430834374
6599,LOAD,37601216,2659.488459096642
6600,LOAD,37801000,2645.4326605116266
6601,LOAD,37502144,2666.5142131607195
6602,LOAD,37101049,2695.341579155888
6603,LOAD,38152548,2621.056921283475
6604,LOAD,36564624,2734.883859328076
6605,LOAD,38688390,2584.7547545917523
6606,LOAD,38366463,2606.443028120679
6607,LOAD,37191044,2688.8193835053407
6608,LOAD,37120971,2693.8950492431895
6609,LOAD,37862155,2641.159754377425
6610,LOAD,36410734,2746.44284841937
6611,LOAD,37531978,2664.3946130417107
6612,LOAD,37471363,2668.7046318544644
6613,LOAD,38704778,2583.660342916836
6614,LOAD,36736081,2722.1194334801257
6615,LOAD,38336919,2608.4516598738674
6616,LOAD,35236242,2837.987092948221
6617,LOAD,37105290,2695.0335113941974
6618,LOAD,37243010,2685.0676140301225
6619,LOAD,36237133,2759.600214509244
6620,LOAD,36253378,2758.3636482095544
6621,LOAD,37736714,2649.9392607422046
6622,LOAD,33304283,3002.6168105765855
6623,LOAD,34639130,2886.908533788233
6624,LOAD,37271958,2682.9822034034273
6625,LOAD,34985943,2858.290828404997
6626,LOAD,38992230,2564.613514025743
6627,LOAD,37218052,2686.8681896623716
6628,LOAD,37877317,2640.1025183489105
6629,LOAD,36853941,2713.414014528324
6630,LOAD,36758342,2720.470906984869
6631,LOAD,36777878,2719.0258230776662
6632,LOAD,36878218,2711.6277689990334
6633,LOAD,37205037,2687.80810512297
6634,LOAD,35654612,2804.6862492852256
6635,LOAD,37515380,2665.5734261521543
6636,LOAD,35990717,2778.494243390594
6637,LOAD,37694501,2652.9068523814653
6638,LOAD,34284914,2916.734748116912
6639,LOAD,34339498,2912.0984820453696
6640,LOAD,36962885,2705.4165279577064
6641,LOAD,38311060,2610.2122990071275
6642,LOAD,34682217,2883.3220206193855
6643,LOAD,39677912,2520.293910627152
6644,LOAD,37526393,2664.791151123957
6645,LOAD,34674636,2883.9524083252095
6646,LOAD,37849303,2642.0565789547036
6647,LOAD,38571675,2592.576028912408
6648,LOAD,37920479,2637.0974902505845
6649,LOAD,37918987,2637.201252238094
6650,LOAD,38433613,2601.889132827559
6651,LOAD,35134161,2846.232759051796
6652,LOAD,39589702,2525.9093892649153
6653,LOAD,37935511,2636.0525366324973
6654,LOAD,37149307,2691.8402542475424
6655,LOAD,37487072,2667.5863081544485
6656,LOAD,38308037,2610.41827854557
6657,LOAD,37343241,2677.860767360819
6658,LOAD,38431067,2602.0615040430703
6659,LOAD,36436712,2744.4847383594874
6660,LOAD,37478874,2668.1698068090304
6661,LOAD,33779106,2960.409905460494
6662,LOAD,35219323,2839.350432715586
6663,LOAD,36136628,2767.275352863582
6664,LOAD,35329254,2830.5154702672185
6665,LOAD,36241036,2759.303017717264
6666,LOAD,38043909,2628.5416674716575
6667,LOAD,37424032,2672.07980155639
6668,LOAD,37317244,2679.7262949000196
6669,LOAD,37824096,2643.817316876522
6670,LOAD,37488619,2667.476227918665
6671,LOAD,37562870,2662.203393936619
6672,LOAD,36311126,2753.9768389446253
6673,LOAD,38140860,2621.8601258597737
6674,LOAD,38165853,2620.1431944937794
6675,LOAD,37904516,2638.2080699830067
6676,LOAD,37234430,2685.6863392295786
6677,LOAD,38112662,2623.7999329461686
6678,LOAD,37645499,2656.360060468318
6679,LOAD,37390829,2674.452604407353
6680,LOAD,37945113,2635.385484291482
6681,LOAD,37629925,2657.4594554732703
6682,LOAD,38006621,2631.1205092396926
6683,LOAD,36871624,2712.112707593243
6684,LOAD,36693131,2725.3057254776104
6685,LOAD,36892762,2710.5587811506225
6686,LOAD,38784004,2578.382572361533
6687,LOAD,36455233,2743.090408995603
6688,LOAD,38288856,2611.7259810530772
6689,LOAD,36499102,2739.7934338220157
6690,LOAD,38957993,2566.867343499959
6691,LOAD,37762274,2648.14560690916
6692,LOAD,37604399,2659.2633484183593
6693,LOAD,35872786,2787.628482493665
6694,LOAD,38325133,2609.2538282906935
6695,LOAD,37841552,2642.5977454624485
6696,LOAD,39009044,2563.5080931488606
6697,LOAD,36783244,2718.6291671283807
6698,LOAD,37001343,2702.6046054598614
6699,LOAD,37213202,2687.218369437814
6700,LOAD,37360820,2676.600781246236
6701,LOAD,36260003,2757.859672543326
6702,LOAD,37796314,2645.7606421620903
6703,LOAD,29958610,3337.9385759219135
6704,LOAD,35348669,2828.960830180056
6705,LOAD,37432367,2671.484814198365
6706,LOAD,37471601,2668.6876816392232
6707,LOAD,36319604,2753.3339845885985
6708,LOAD,36199914,2762.437501923347
6709,LOAD,34343786,2911.73489142985
6710,LOAD,35375420,2826.8215614118503
6711,LOAD,35199761,2840.9283801671268
6712,LOAD,35665818,2803.805032594514
6713,LOAD,37937763,2635.8960595541703
6714,LOAD,38641460,2587.893935684625
6715,LOAD,38420045,2602.807987340983
6716,LOAD,38821917,2575.864556095981
6717,LOAD,37648678,2656.135761260993
6718,LOAD,37364739,2676.3200460198586
6719,LOAD,37167317,2690.5358812959244
6720,LOAD,38067702,2626.898781544523
6721,LOAD,36634471,2729.6695508446132
6722,LOAD,37659928,2655.342304425011
6723,LOAD,37534056,2664.247104016683
6724,LOAD,38005119,2631.224493732015
6725,LOAD,37193187,2688.664458896733
6726,LOAD,37926274,2636.694551117782
6727,LOAD,37287117,2681.8914425591015
6728,LOAD,37986955,2632.482650952149
6729,LOAD,36294368,2755.2484176057287
6730,LOAD,38173310,2619.6313602357245
6731,LOAD,37582683,2660.799922134351
6732,LOAD,39020241,2562.7724851827543
6733,LOAD,37035812,2700.0893081539566
6734,LOAD,38306181,2610.544757776819
6735,LOAD,36976509,2704.4197168532055
6736,LOAD,37792706,2646.01322805517
6737,LOAD,36170719,2764.667188396227
6738,LOAD,38572858,2592.4965165920553
6739,LOAD,38638909,2588.064792409123
6740,LOAD,36449820,2743.4977731028575
6741,LOAD,37292063,2681.5357466279083
6742,LOAD,36344607,2751.4398491088373
6743,LOAD,39275492,2546.1170543707
6744,LOAD,35598320,2809.121329321159
6745,LOAD,36977393,2704.3550636465907
6746,LOAD,34570356,2892.6517273932614
6747,LOAD,38348417,2607.669568211903
6748,LOAD,37626135,2657.7271356731167
6749,LOAD,32422767,3084.252494551128
6750,LOAD,36325262,2752.9051270160144
6751,LOAD,36386758,2748.252537365379
6752,LOAD,37831567,2643.2952142849385
6753,LOAD,37450891,2670.1634415053036
6754,LOAD,37354049,2677.0859565987075
6755,LOAD,37272510,2682.9424688597574
6756,LOAD,38595708,2590.9616685876053
6757,LOAD,38163054,2620.3353641456474
6758,LOAD,34720804,2880.1176378288933
6759,LOAD,36458437,2742.849343760952
6760,LOAD,36355237,2750.6353486294147
6761,LOAD,34291517,2916.1731165174174
6762,LOAD,37302767,2680.7662820294267
6763,LOAD,37409200,2673.13922778354
6764,LOAD,37175179,2689.966872788965
6765,LOAD,36587455,2733.1772598012076
6766,LOAD,37215139,2687.0785031865657
6767,LOAD,38139967,2621.921513461194
6768,LOAD,37336921,2678.3140473741796
6769,LOAD,38680468,2585.284128413338
6770,LOAD,37222359,2686.557292083503
6771,LOAD,37632494,2657.2780427467815
6772,LOAD,36174285,2764.3946521679695
6773,LOAD,37563352,2662.1692334592503
6774,LOAD,36780073,2718.863554185986
6775,LOAD,37309789,2680.2617404242087
6776,LOAD,36519240,2738.2826148627405
6777,LOAD,36023233,2775.9862641978857
6778,LOAD,37875647,2640.2189248410727
6779,LOAD,36747112,2721.3022890070924
6780,LOAD,37656091,2655.6128728284625
6781,LOAD,36943530,2706.8339165207008
6782,LOAD,37496002,2666.9509992025282
6783,LOAD,36600428,2732.2084867422864
6784,LOAD,37795927,2645.7877326305556
6785,LOAD,36820457,2715.8815546477326
6786,LOAD,33990397,2942.0074146236066
6787,LOAD,34016156,2939.7795565142637
6788,LOAD,36012538,2776.8106763261176
6789,LOAD,33152583,3016.3562217761432
6790,LOAD,33507479,2984.408346566449
6791,LOAD,34728387,2879.488759440512
6792,LOAD,37585939,2660.569421985174
6793,LOAD,31784823,3146.1556353483547
6794,LOAD,34465854,2901.4223758970256
6795,LOAD,36690032,2725.535916676224
6796,LOAD,37046146,2699.3361198760053
6797,LOAD,34380726,2908.606409300374
6798,LOAD,37953397,2634.810264809761
6799,LOAD,37772773,2647.409550789401
6800,LOAD,37579666,2661.0135385450208
6801,LOAD,36387356,2748.20737181344
6802,LOAD,37728449,2650.519770902854
6803,LOAD,38137999,2622.0568100596993
6804,LOAD,38772783,2579.128766691831
6805,LOAD,38401796,2604.044873317904
6806,LOAD,34882665,2866.7534432933953
6807,LOAD,37225018,2686.3653900718064
6808,LOAD,36302819,2754.607018259381
6809,LOAD,35414162,2823.729105887074
6810,LOAD,36935737,2707.40502619455
6811,LOAD,35383334,2826.18930143779
6812,LOAD,35582783,2810.347914608028
6813,LOAD,36927268,2708.025949821146
6814,LOAD,37938958,2635.8130341903434
6815,LOAD,39190416,2551.6442591474406
6816,LOAD,35719811,2799.5668846064164
6817,LOAD,37330903,2678.745810140194
6818,LOAD,37423542,2672.114788065758
6819,LOAD,39437940,2535.62939646442
6820,LOAD,38790594,2577.944539854172
6821,LOAD,36056427,2773.430656343181
6822,LOAD,39171026,2552.907345342448
6823,LOAD,37981655,2632.849990344023
6824,LOAD,37425555,2671.9710636221694
6825,LOAD,37012307,2701.804024266847
6826,LOAD,36501783,2739.5922001947138
6827,LOAD,33834029,2955.604252748025
6828,LOAD,35928137,2783.333853352875
6829,LOAD,34315945,2914.0972221513935
6830,LOAD,36705981,2724.3516526639078
6831,LOAD,37458686,2669.607791367802
6832,LOAD,38034826,2629.1693828177363
6833,LOAD,36575418,2734.076750674456
6834,LOAD,35229507,2838.5296450500996
6835,LOAD,38253712,2614.125395203477
6836,LOAD,39546006,2528.7003698932326
6837,LOAD,37631092,2657.377043429938
6838,LOAD,34868709,2867.900844852042
6839,LOAD,38663766,2586.4009212139345
6840,LOAD,39264845,2546.8074558806993
6841,LOAD,36216970,2761.136561120381
6842,LOAD,38582516,2591.8475612114044
6843,LOAD,37986713,2632.4994215740644
6844,LOAD,35429203,2822.5303290057077
6845,LOAD,37342391,2677.9217217237106
6846,LOAD,39277905,2545.9606361388164
6847,LOAD,38273808,2612.752825639926
6848,LOAD,35115117,2847.7763579714115
6849,LOAD,39069827,2559.5199077794737
6850,LOAD,35430160,2822.4540899617728
6851,LOAD,37436506,2671.1894534174744
6852,LOAD,40260726,2483.8101528521865
6853,LOAD,37730784,2650.3557413490266
6854,LOAD,37007946,2702.1224036589333
6855,LOAD,36973476,2704.641565212857
6856,LOAD,38359929,2606.8869939774913
6857,LOAD,38382335,2605.3652025078723
6858,LOAD,36949755,2706.3778907329693
6859,LOAD,37286315,2681.9491279843555
6860,LOAD,38562863,2593.1684584725986
6861,LOAD,37218356,2686.846243289199
6862,LOAD,37708585,2651.9160026821482
6863,LOAD,37317356,2679.718252279181
6864,LOAD,37792972,2645.994604499482
6865,LOAD,37388955,2674.586652662531
6866,LOAD,37972226,2633.503761407087
6867,LOAD,37413216,2672.8522883464498
6868,LOAD,37599385,2659.6179698151977
6869,LOAD,37248870,2684.645198632871
6870,LOAD,36641301,2729.1607358592423
6871,LOAD,36807102,2716.8669785521283
6872,LOAD,38328373,2609.033261077897
6873,LOAD,36844223,2714.129702233102
6874,LOAD,38158491,2620.648704373556
6875,LOAD,37358072,2676.7976677168995
6876,LOAD,36521182,2738.1370077233537
6877,LOAD,38243231,2614.8418265182668
6878,LOAD,36348946,2751.1114077420566
6879,LOAD,38143665,2621.667320117246
6880,LOAD,37875783,2640.209444646993
6881,LOAD,37789615,2646.2296585980034
6882,LOAD,36199504,2762.468789627615
6883,LOAD,38108813,2624.0649374201184
6884,LOAD,38157077,2620.745818659013
6885,LOAD,37924892,2636.7906334446516
6886,LOAD,37800241,2645.4857787811457
6887,LOAD,37745003,2649.357320225938
6888,LOAD,37669807,2654.645934342058
6889,LOAD,37439677,2670.9632137050753
6890,LOAD,37801971,2645.3647086285528
6891,LOAD,37189104,2688.9596479657052
6892,LOAD,36234030,2759.836540401385
6893,LOAD,37757082,2648.509755070585
6894,LOAD,39187407,2551.8401868232822
6895,LOAD,37347014,2677.5902351925647
6896,LOAD,37393290,2674.2765881258374
6897,LOAD,36955667,2705.9449366723647
6898,LOAD,38642810,2587.8035267104024
6899,LOAD,36587175,2733.1981766834965
6900,LOAD,38736530,2581.5425387870314
6901,LOAD,36901909,2709.88690585086
6902,LOAD,38591140,2591.2683584885026
6903,LOAD,37844322,2642.404321578281
6904,LOAD,36590468,2732.9521994635325
6905,LOAD,37521801,2665.1172740882025
6906,LOAD,38741715,2581.1970378699034
6907,LOAD,35670179,2803.4622422276043
6908,LOAD,37807187,2644.9997456832743
6909,LOAD,38008981,2630.957141418761
6910,LOAD,37931858,2636.3063997550553
6911,LOAD,38139764,2621.935468714489
6912,LOAD,37594707,2659.948912489197
6913,LOAD,37458301,2669.6352298519896
6914,LOAD,37694909,2652.878138000015
6915,LOAD,34797677,2873.755049798295
6916,LOAD,36661866,2727.6298484097892
6917,LOAD,37292928,2681.47354908684
6918,LOAD,37185950,2689.1877174040196
6919,LOAD,36188632,2763.2987066214605
6920,LOAD,37736536,2649.9517602781557
6921,LOAD,36100676,2770.0312315481297
6922,LOAD,38308495,2610.387069499859
6923,LOAD,33910263,2948.9597293893003
6924,LOAD,36491632,2740.354281770681
6925,LOAD,32609001,3066.637950668897
6926,LOAD,30303426,3299.9569091626804
6927,LOAD,38529226,2595.4323608784666
6928,LOAD,38036754,2629.0361159629974
6929,LOAD,35284170,2834.1321334751533
6930,LOAD,33235300,3008.8490249824736
6931,LOAD,36056897,2773.3945048016753
6932,LOAD,36794480,2717.798974193955
6933,LOAD,35778249,2794.9942435696057
6934,LOAD,37410434,2673.051053083212
6935,LOAD,37471569,2668.689960647231
6936,LOAD,35307162,2832.2865485478555
6937,LOAD,35708676,2800.4398706913694
6938,LOAD,39492548,2532.1232755101037
6939,LOAD,35355640,2828.4030496973046
6940,LOAD,36027237,2775.6777462562563
6941,LOAD,34956561,2860.6933044700822
6942,LOAD,36864283,2712.6527864382983
6943,LOAD,36843477,2714.1846574361048
6944,LOAD,37829091,2643.468223965519
6945,LOAD,37470901,2668.737535828135
6946,LOAD,37685658,2653.529361222776
6947,LOAD,37238619,2685.3842243720155
6948,LOAD,37527406,2664.719218802387
6949,LOAD,36453649,2743.209602967319
6950,LOAD,34382184,2908.4830678586327
6951,LOAD,34697480,2882.053682284708
6952,LOAD,35012478,2856.124607918354
6953,LOAD,37023123,2701.0147145069313
6954,LOAD,34689299,2882.7333755000354
6955,LOAD,40336248,2479.159687832145
6956,LOAD,34774292,2875.6875912815135
6957,LOAD,37297805,2681.122923989763
6958,LOAD,37707016,2652.026349685162
6959,LOAD,37632459,2657.2805141433887
6960,LOAD,36735708,2722.1470728153654
6961,LOAD,35133485,2846.2875231420967
6962,LOAD,34696074,2882.1704726592407
6963,LOAD,36486444,2740.743932184786
6964,LOAD,37226288,2686.273742899104
6965,LOAD,32019764,3123.0711132037077
6966,LOAD,34955282,2860.797976111307
6967,LOAD,36588915,2733.068198387408
6968,LOAD,36619020,2730.8213054308935
6969,LOAD,37868231,2640.7359773420626
6970,LOAD,34084981,2933.843501335676
6971,LOAD,34888508,2866.273329888455
6972,LOAD,35059074,2852.3286154106636
6973,LOAD,36048227,2774.061537062558
6974,LOAD,37624270,2657.858876730366
6975,LOAD,36285182,2755.9459395849244
6976,LOAD,39551640,2528.340164908459
6977,LOAD,38260223,2613.680531867261
6978,LOAD,36740574,2721.7865458498277
6979,LOAD,37766900,2647.821240292425
6980,LOAD,37859358,2641.354879815976
6981,LOAD,37750652,2648.9608709274744
6982,LOAD,37276522,2682.6537089484905
6983,LOAD,37824456,2643.7921539439985
6984,LOAD,37699673,2652.5429013668104
6985,LOAD,37371411,2675.8422367301037
6986,LOAD,36904798,2709.6747691180967
6987,LOAD,36375308,2749.117615718883
6988,LOAD,39130091,2555.578007728119
6989,LOAD,38409744,2603.506027012312
6990,LOAD,36788736,2718.223317050088
6991,LOAD,36560934,2735.1598840445376
6992,LOAD,37667188,2654.8305119033575
6993,LOAD,38201173,2617.720665279048
6994,LOAD,37178179,2689.749812652201
6995,LOAD,38071605,2626.629478846505
6996,LOAD,37241588,2685.170138287336
6997,LOAD,38244283,2614.769899072235
6998,LOAD,37390125,2674.502960340464
6999,LOAD,37288374,2681.8010353575623
7000,LOAD,37355457,2676.9850520099376
7001,PUT,0.036321669,27531.77448976808
7002,PUT,0.029618869000000003,33762.2614827055
7003,PUT,0.032699223,30581.76642301256
7004,PUT,0.02925557,34181.525090777584
7005,PUT,0.033085447000000004,30224.769216507786
7006,PUT,0.028591925,34974.909874029116
7007,PUT,0.027947344000000002,35781.575522883315
7008,PUT,0.032930392,30367.084606827637
7009,PUT,0.02625569,38086.982288410625
7010,PUT,0.029091662,34374.11035505637
7011,PUT,0.024965046,40056.004703536295
7012,PUT,0.028195068,35467.19589397692
7013,PUT,0.028821588000000002,34696.2145180897
7014,PUT,0.022602855,44242.19860721134
7015,PUT,0.029250815000000003,34187.08162490515
7016,PUT,0.033133676,30180.774387967092
7017,PUT,0.030110988,33210.46788634102
7018,PUT,0.03342264,29919.838767972844
7019,PUT,0.026497032,37740.075945109624
7020,PUT,0.029568861000000002,33819.36152359741
7020,GET,0.013703744,72972.75839361855
7020,GET,0.006514697000000001,153499.08061725664
7020,GET,0.00570601,175253.81133226195
7020,GET,0.005318032,188039.48528327773
7020,GET,0.0053223540000000005,187886.78843985198
7020,GET,0.005257266,190212.93577308054
7020,GET,0.005297120000000001,188781.82861630467
7020,GET,0.005008729,199651.44850120659
7020,GET,0.004961811,201539.31699534706
7020,GET,0.004904784000000001,203882.57668431473
7020,GET,0.004890859,204463.06057892897
7020,GET,0.004778606,209266.04955503758
7020,GET,0.0048427900000000005,206492.5383921252
7020,GET,0.005084746,196666.6574888893
7020,GET,0.0047129730000000005,212180.29468872407
7020,GET,0.004827977000000001,207126.09028584848
7020,GET,0.004536063,220455.49191005505
7020,GET,0.00460767,217029.43136118687
7020,GET,0.004479781,223225.1978389122
7020,GET,0.0045026530000000006,222091.28707008954
