height,operation,latency,throughput
1,LOAD,20397,4902681.766926509
2,LOAD,11301,8848774.444739403
3,LOAD,16579933,6031.387460974662
4,LOAD,16851857,5934.0641212419505
5,LOAD,17185677,5818.798991741786
6,LOAD,16107379,6208.3347017537735
7,LOAD,8792082,11373.870261901562
8,LOAD,10636416,9401.663116598673
9,LOAD,10890045,9182.698510428561
10,LOAD,17981288,5561.336874199446
11,LOAD,9932558,10067.899930712712
12,LOAD,19639181,5091.8620282587135
13,LOAD,12335065,8106.969845720311
14,LOAD,9976310,10023.746254877806
15,LOAD,10747143,9304.798493888096
16,LOAD,12538152,7975.6570186738845
17,LOAD,10249233,9756.82765725006
18,LOAD,12608774,7930.985201257474
19,LOAD,10680988,9362.429767733098
20,LOAD,11697924,8548.525362277956
21,LOAD,18784746,5323.468307742889
22,LOAD,18870572,5299.256429534833
23,LOAD,12624308,7921.226256520358
24,LOAD,13819614,7236.092122399366
25,LOAD,10970980,9114.95600210738
26,LOAD,13825868,7232.818944893731
27,LOAD,11048857,9050.709951264642
28,LOAD,18751600,5332.878261055056
29,LOAD,12230394,8176.351473223185
30,LOAD,20305928,4924.6702736265
31,LOAD,17014613,5877.300882482605
32,LOAD,15721340,6360.78095124207
33,LOAD,13841205,7224.804487759556
34,LOAD,14319813,6983.33141640886
35,LOAD,14918555,6703.062059294617
36,LOAD,12712123,7866.506640944239
37,LOAD,14125999,7079.145340446364
38,LOAD,14834113,6741.2187031337835
39,LOAD,12854470,7779.3950275662855
40,LOAD,14770654,6770.180927669147
41,LOAD,15395784,6495.284683131434
42,LOAD,14542112,6876.580238138725
43,LOAD,14731896,6787.992529949981
44,LOAD,20609245,4852.191334520017
45,LOAD,11473923,8715.414945699044
46,LOAD,20306478,4924.536889164137
47,LOAD,14171305,7056.51314399062
48,LOAD,14176802,7053.777008383132
49,LOAD,11574934,8639.358116426409
50,LOAD,14529057,6882.759149475427
51,LOAD,12288782,8137.502968154208
52,LOAD,14485683,6903.367966840086
53,LOAD,14680147,6811.920888803089
54,LOAD,20372086,4908.677491347719
55,LOAD,15096494,6624.054565252038
56,LOAD,22212142,4502.042171349346
57,LOAD,14940557,6693.190889737243
58,LOAD,19744465,5064.710540397017
59,LOAD,12952864,7720.300313505955
60,LOAD,22515155,4441.4528791829325
61,LOAD,15301494,6535.309558661396
62,LOAD,15856424,6306.59220515294
63,LOAD,15017064,6659.091284421509
64,LOAD,15243618,6560.12240663601
65,LOAD,14826918,6744.489987737168
66,LOAD,15601212,6409.758421332906
67,LOAD,15999225,6250.302749039406
68,LOAD,22470525,4450.274303782399
69,LOAD,17291350,5783.238440029263
70,LOAD,22286582,4487.004781621516
71,LOAD,17040899,5868.235003329343
72,LOAD,23902766,4183.616239225201
73,LOAD,18116813,5519.734624406622
74,LOAD,22542191,4436.126018096466
75,LOAD,16755503,5968.188481121695
76,LOAD,17891114,5589.366877881389
77,LOAD,15359710,6510.539587010431
78,LOAD,24147311,4141.247859854871
79,LOAD,18155598,5507.943059765919
80,LOAD,15714631,6363.496540262384
81,LOAD,16449987,6079.032159721463
82,LOAD,22610661,4422.692463524176
83,LOAD,17610103,5678.558495654455
84,LOAD,18895951,5292.13904079239
85,LOAD,19676277,5082.262259267848
86,LOAD,22328634,4478.554308337894
87,LOAD,17754873,5632.256564155655
88,LOAD,22466567,4451.058321460506
89,LOAD,15499413,6451.857241303268
90,LOAD,16748547,5970.667186831192
91,LOAD,13541806,7384.539403385339
92,LOAD,22627240,4419.451952602261
93,LOAD,18732928,5338.193794371066
94,LOAD,16796731,5953.539411924857
95,LOAD,17026050,5873.3528915984625
96,LOAD,16823646,5944.0147516180505
97,LOAD,18052790,5539.309990311746
98,LOAD,18810204,5316.263449349087
99,LOAD,17785586,5622.530514316481
100,LOAD,20851496,4795.818966658315
101,LOAD,13230875,7558.079114193128
102,LOAD,17287823,5784.418315712742
103,LOAD,15254861,6555.287524415988
104,LOAD,24086542,4151.695996876596
105,LOAD,17498010,5714.935584103564
106,LOAD,23228937,4304.975298697483
107,LOAD,16660461,6002.23487213229
108,LOAD,23786229,4204.11322870893
109,LOAD,17744160,5635.657027438887
110,LOAD,17530769,5704.256327831369
111,LOAD,14516899,6888.523506294286
112,LOAD,16733017,5976.208594062863
113,LOAD,17415406,5742.042419223531
114,LOAD,16705917,5985.903078531996
115,LOAD,17776688,5625.344833638302
116,LOAD,17019061,5875.764826273318
117,LOAD,17299832,5780.402954202099
118,LOAD,17677727,5656.835859044549
119,LOAD,18462265,5416.453506652624
120,LOAD,20497821,4878.567336498841
121,LOAD,14819827,6747.7170954829635
122,LOAD,24121605,4145.661119979371
123,LOAD,20279538,4931.078804655214
124,LOAD,19814102,5046.910528672963
125,LOAD,17186557,5818.501052886858
126,LOAD,16939535,5903.349767275194
127,LOAD,17373340,5755.945604011664
128,LOAD,23261587,4298.9328286156915
129,LOAD,18467371,5414.955924154012
130,LOAD,20427380,4895.390402489208
131,LOAD,16361980,6111.72975397843
132,LOAD,22841706,4377.956707787063
133,LOAD,19596467,5102.96065101939
134,LOAD,19812960,5047.201427752339
135,LOAD,18966195,5272.5388513615935
136,LOAD,16286587,6140.021847425737
137,LOAD,16936763,5904.315954589434
138,LOAD,16603257,6022.914660659652
139,LOAD,17843365,5604.324072281209
140,LOAD,17569240,5691.765836200086
141,LOAD,16874455,5926.117317566701
142,LOAD,17030157,5871.93647128444
143,LOAD,18636372,5365.851250447244
144,LOAD,20985587,4765.175260525236
145,LOAD,14953154,6687.5523384564885
146,LOAD,24269615,4120.378506210338
147,LOAD,19692316,5078.12285766692
148,LOAD,18907093,5289.020369233916
149,LOAD,17486526,5718.688777862452
150,LOAD,22776530,4390.484415316995
151,LOAD,17966240,5565.994888190295
152,LOAD,24657344,4055.586846661182
153,LOAD,20933492,4777.03385560326
154,LOAD,20113186,4971.862737211301
155,LOAD,18183613,5499.457121090291
156,LOAD,24540065,4074.9688315821495
157,LOAD,20377542,4907.363213875354
158,LOAD,22890648,4368.5962931237245
159,LOAD,19498855,5128.506263572913
160,LOAD,20088228,4978.039874895884
161,LOAD,15661610,6385.03959682306
162,LOAD,25280213,3955.662873568352
163,LOAD,20479829,4882.853269917439
164,LOAD,24152225,4140.405283571182
165,LOAD,18668917,5356.497112285625
166,LOAD,24636350,4059.042837108581
167,LOAD,21473301,4656.945851036131
168,LOAD,22625666,4419.7594006735535
169,LOAD,19323403,5175.07190633037
170,LOAD,24376212,4102.36012059626
171,LOAD,20826825,4801.499988596437
172,LOAD,23358713,4281.057779167885
173,LOAD,17452206,5729.934656971159
174,LOAD,20844002,4797.543197318826
175,LOAD,18205790,5492.758073118496
176,LOAD,22422006,4459.904256559382
177,LOAD,23252028,4300.700136779467
178,LOAD,20115679,4971.246558468148
179,LOAD,17080352,5854.680278251877
180,LOAD,25091020,3985.4896293574357
181,LOAD,20949847,4773.304549670458
182,LOAD,25285009,3954.912572900409
183,LOAD,21912027,4563.703759583721
184,LOAD,22811111,4383.82856494802
185,LOAD,15813977,6323.5200101783375
186,LOAD,18998392,5263.603361800304
187,LOAD,18606491,5374.468512090753
188,LOAD,17282571,5786.176142426957
189,LOAD,19148192,5222.425177270001
190,LOAD,22343830,4475.508451326384
191,LOAD,15477903,6460.823536625084
192,LOAD,25132571,3978.900527128721
193,LOAD,20938587,4775.871456846634
194,LOAD,19544446,5116.543083390545
195,LOAD,19909415,5022.749287209092
196,LOAD,20790687,4809.845869932052
197,LOAD,19728893,5068.7081125129525
198,LOAD,19578130,5107.740116139795
199,LOAD,23947779,4175.752582316715
200,LOAD,24657380,4055.5809254673454
201,LOAD,18605023,5374.892576053252
202,LOAD,18851684,5304.565894484546
203,LOAD,17959050,5568.223263479973
204,LOAD,21842491,4578.2324003246695
205,LOAD,18730450,5338.900026427555
206,LOAD,26077248,3834.760477792749
207,LOAD,26059386,3837.3889545977795
208,LOAD,26118036,3828.7718111729378
209,LOAD,22565268,4431.589290231342
210,LOAD,22110447,4522.748906885509
211,LOAD,20060198,4984.995661558276
212,LOAD,21314458,4691.651084911472
213,LOAD,19362808,5164.540184460849
214,LOAD,27549603,3629.81637158256
215,LOAD,25459065,3927.8740205109652
216,LOAD,25088248,3985.929986023735
217,LOAD,18793723,5320.925502626595
218,LOAD,21395161,4673.954077746832
219,LOAD,22411567,4461.981618688243
220,LOAD,27471062,3640.1941796061615
221,LOAD,23590761,4238.947611736645
222,LOAD,23881008,4187.42793436525
223,LOAD,18916984,5286.254933661729
224,LOAD,20191610,4952.552074846929
225,LOAD,15825127,6319.064611614175
226,LOAD,25015770,3997.4783906311895
227,LOAD,22290177,4486.281109387332
228,LOAD,19937825,5015.59222232114
229,LOAD,19934245,5016.492974777826
230,LOAD,20164394,4959.23656322129
231,LOAD,16316584,6128.733808498151
232,LOAD,25960360,3852.026705330743
233,LOAD,24931010,4011.0689458630036
234,LOAD,25831006,3871.31651008869
235,LOAD,22259114,4492.541796587232
236,LOAD,26249896,3809.538902554128
237,LOAD,21534390,4643.734974615023
238,LOAD,25482141,3924.317034428151
239,LOAD,24131567,4143.94970703726
240,LOAD,25576887,3909.7799509377355
241,LOAD,20772318,4814.099225709909
242,LOAD,27317740,3660.6249272450796
243,LOAD,20410550,4899.427012010946
244,LOAD,21761579,4595.2547836717185
245,LOAD,21039377,4752.992448398068
246,LOAD,27132770,3685.580204306453
247,LOAD,23446548,4265.020164162332
248,LOAD,25864636,3866.2829045806016
249,LOAD,21615182,4626.37788569164
250,LOAD,27545140,3630.4044924077352
251,LOAD,24369382,4103.509887940531
252,LOAD,25884953,3863.2482740069104
253,LOAD,26707250,3744.3016409401944
254,LOAD,26167755,3821.4971058847045
255,LOAD,24206134,4131.184269243489
256,LOAD,24411925,4096.358644392034
257,LOAD,22580681,4428.564399807074
258,LOAD,23470309,4260.702319683988
259,LOAD,21547989,4640.804299649494
260,LOAD,24374561,4102.6379921263
261,LOAD,22299043,4484.497384035718
262,LOAD,24784268,4034.8175705653284
263,LOAD,18389150,5437.989249095254
264,LOAD,18150773,5509.407230204466
265,LOAD,17797751,5618.687439778206
266,LOAD,20930288,4777.765122008833
267,LOAD,19812185,5047.3988608525515
268,LOAD,21027536,4755.668947612312
269,LOAD,18651038,5361.631883437265
270,LOAD,22313713,4481.549081499793
271,LOAD,19445854,5142.484356819711
272,LOAD,24895282,4016.82535670815
273,LOAD,20944898,4774.432417861381
274,LOAD,27921121,3581.5180916267655
275,LOAD,21034559,4754.081129060039
276,LOAD,21637730,4621.556882353186
277,LOAD,18035145,5544.7294712629155
278,LOAD,21000121,4761.877324421131
279,LOAD,19328287,5173.7642347715555
280,LOAD,21829615,4580.932829094787
281,LOAD,17109206,5844.806591258531
282,LOAD,26726137,3741.655593548742
283,LOAD,23143317,4320.9017964019595
284,LOAD,23063736,4335.810989164982
285,LOAD,22585055,4427.706729073718
286,LOAD,21973642,4550.9069456943
287,LOAD,20948771,4773.54972279758
288,LOAD,22728124,4399.835199772758
289,LOAD,19611829,5098.963487801164
290,LOAD,22485362,4447.3377835767105
291,LOAD,20252747,4937.601797919067
292,LOAD,23658286,4226.8488934490015
293,LOAD,21608619,4627.783015656854
294,LOAD,23251206,4300.852179452541
295,LOAD,20199539,4950.608031203088
296,LOAD,22961733,4355.071979976424
297,LOAD,20097473,4975.74993632284
298,LOAD,23950156,4175.338148110601
299,LOAD,21664899,4615.761190486049
300,LOAD,23213134,4307.906032851919
301,LOAD,18094140,5526.651169936787
302,LOAD,26603019,3758.9718670651628
303,LOAD,23230934,4304.60523025032
304,LOAD,23908059,4182.690029332787
305,LOAD,25203005,3967.7808261356136
306,LOAD,25563055,3911.895507011975
307,LOAD,21579976,4633.925450148786
308,LOAD,24830812,4027.254525546728
309,LOAD,20056232,4985.981414654558
310,LOAD,26299781,3802.3130306674416
311,LOAD,21469168,4657.842353276103
312,LOAD,25869359,3865.577032658598
313,LOAD,20217361,4946.243973187203
314,LOAD,23298597,4292.1039408510305
315,LOAD,21419709,4668.597505222877
316,LOAD,22925075,4362.035893012346
317,LOAD,18797970,5319.723353106745
318,LOAD,20531132,4870.6520419819035
319,LOAD,19888351,5028.068943473494
320,LOAD,22636656,4417.613626323606
321,LOAD,20378576,4907.114216420225
322,LOAD,22498826,4444.676357779735
323,LOAD,21453223,4661.304271157765
324,LOAD,26670567,3749.451595835964
325,LOAD,22391262,4466.027863905125
326,LOAD,26766567,3736.0039485078532
327,LOAD,22356845,4472.903041551704
328,LOAD,19362028,5164.748238149433
329,LOAD,19361386,5164.919494916325
330,LOAD,22810329,4383.978854491752
331,LOAD,22537787,4436.99286003546
332,LOAD,24819891,4029.0265577717482
333,LOAD,22870434,4372.457470636543
334,LOAD,21911616,4563.789361770488
335,LOAD,20019040,4995.244527210096
336,LOAD,23437903,4266.593304017002
337,LOAD,22120349,4520.724333960554
338,LOAD,23167764,4316.342310807379
339,LOAD,23876746,4188.175390398675
340,LOAD,25037671,3993.9817086022094
341,LOAD,26395680,3788.4987240336295
342,LOAD,26881501,3720.0303658638704
343,LOAD,25171646,3972.723913247469
344,LOAD,22306411,4483.016115860144
345,LOAD,21867609,4572.973661638088
346,LOAD,27226299,3672.919334353891
347,LOAD,24710424,4046.8751163476595
348,LOAD,27701346,3609.9328891816303
349,LOAD,24618445,4061.9949797804043
350,LOAD,23146140,4320.3748011547505
351,LOAD,19600049,5102.028061256377
352,LOAD,27003291,3703.2523183933395
353,LOAD,25735638,3885.6623643835833
354,LOAD,25181271,3971.205424857228
355,LOAD,23835459,4195.430010389143
356,LOAD,29110034,3435.241607756281
357,LOAD,26990983,3704.9410167832716
358,LOAD,27983586,3573.523421908829
359,LOAD,26286317,3804.2605968725097
360,LOAD,25414500,3934.7616518129416
361,LOAD,22497095,4445.0183457019675
362,LOAD,26942709,3711.579262501035
363,LOAD,22390739,4466.132180809218
364,LOAD,27067270,3694.498928041136
365,LOAD,25223182,3964.6068446082654
366,LOAD,26490519,3774.9354778590787
367,LOAD,26660746,3750.8327786476793
368,LOAD,25996263,3846.706736272056
369,LOAD,22654651,4414.104635732416
370,LOAD,22442446,4455.842290987354
371,LOAD,25040442,3993.5397306485247
372,LOAD,24098978,4149.553561980927
373,LOAD,20649917,4842.634476448501
374,LOAD,24347758,4107.1543425066075
375,LOAD,22303884,4483.524035544661
376,LOAD,25343955,3945.71407659144
377,LOAD,24520399,4078.2370629450197
378,LOAD,21710933,4605.974326391224
379,LOAD,25417725,3934.262409401313
380,LOAD,26799325,3731.437265677401
381,LOAD,25574509,3910.1434948369874
382,LOAD,23502655,4254.838442720621
383,LOAD,24180726,4135.525128567273
384,LOAD,28037103,3566.7023087228376
385,LOAD,23644526,4229.3087203355235
386,LOAD,24867195,4021.3622807075744
387,LOAD,26580913,3762.0980137138254
388,LOAD,24357694,4105.4789505114895
389,LOAD,23033125,4341.573277616476
390,LOAD,24898640,4016.2836203101856
391,LOAD,23240043,4302.918028163717
392,LOAD,27100086,3690.0251903259646
393,LOAD,24274005,4119.633327916015
394,LOAD,29077408,3439.096084492813
395,LOAD,26387311,3789.7002843525815
396,LOAD,24783916,4034.8748761091674
397,LOAD,24834429,4026.6679777497598
398,LOAD,26004614,3845.4714228790317
399,LOAD,22994249,4348.913504415822
400,LOAD,24379614,4101.787665711196
401,LOAD,23362728,4280.3220582801805
402,LOAD,27766131,3601.510055542128
403,LOAD,24220641,4128.70988839643
404,LOAD,25011931,3998.0919505974966
405,LOAD,26798089,3731.6093696084076
406,LOAD,29491489,3390.8087855448734
407,LOAD,25864004,3866.377379155988
408,LOAD,28050610,3564.9848612917867
409,LOAD,26520074,3770.72854321598
410,LOAD,28604418,3495.9634557151276
411,LOAD,26668716,3749.7118346455077
412,LOAD,25336659,3946.8502930871828
413,LOAD,26347087,3795.4860057204805
414,LOAD,27129296,3686.0521555738123
415,LOAD,27718853,3607.6528852041606
416,LOAD,28204437,3545.5414337822094
417,LOAD,27196980,3676.878829928911
418,LOAD,29318606,3410.8033649348813
419,LOAD,26364914,3792.9196355429035
420,LOAD,27148753,3683.410431410975
421,LOAD,27070689,3694.0323166506773
422,LOAD,26983563,3705.959809681175
423,LOAD,26858434,3723.2252632450572
424,LOAD,27484064,3638.4720978673317
425,LOAD,27203842,3675.951360105679
426,LOAD,30216288,3309.473354238615
427,LOAD,27427145,3646.022945516203
428,LOAD,28993209,3449.083542287437
429,LOAD,24091260,4150.8829343089565
430,LOAD,25886339,3863.041428917392
431,LOAD,23151468,4319.380524811644
432,LOAD,28464246,3513.1793057156688
433,LOAD,23987210,4168.88833674279
434,LOAD,23707972,4217.990471728244
435,LOAD,22911218,4364.674108552414
436,LOAD,30034081,3329.5508525797745
437,LOAD,26439727,3782.1873122971356
438,LOAD,26797643,3731.671475733892
439,LOAD,27324579,3659.7087186594895
440,LOAD,28770206,3475.8180042228405
441,LOAD,26770348,3735.476281443932
442,LOAD,28892767,3461.073838999221
443,LOAD,25835831,3870.593517971224
444,LOAD,29294052,3413.6622683676537
445,LOAD,25927824,3856.8604908765196
446,LOAD,27129561,3686.0161504272037
447,LOAD,24252272,4123.325022909194
448,LOAD,29905837,3343.8288318096565
449,LOAD,25418557,3934.1336331562807
450,LOAD,30301817,3300.1321339905126
451,LOAD,26440249,3782.1126419800357
452,LOAD,29074825,3439.4016129073866
453,LOAD,27563866,3627.93811289026
454,LOAD,25598511,3906.4772165849804
455,LOAD,27171445,3680.3342626790736
456,LOAD,29068175,3440.188453523484
457,LOAD,25947739,3853.900334052227
458,LOAD,28032996,3567.224851742568
459,LOAD,25563522,3911.8240436509495
460,LOAD,29611361,3377.082194904854
461,LOAD,27788118,3598.6604058612393
462,LOAD,28637052,3491.979551526463
463,LOAD,27359446,3655.044769546869
464,LOAD,25638708,3900.3525450658435
465,LOAD,24407491,4097.102811591737
466,LOAD,28988270,3449.671194590088
467,LOAD,26708939,3744.0648615806117
468,LOAD,26304741,3801.5960696970938
469,LOAD,27373543,3653.1624715149223
470,LOAD,36276626,2756.59594141969
471,LOAD,29382631,3403.37119572444
472,LOAD,24694969,4049.407796381522
473,LOAD,26483534,3775.9311125169324
474,LOAD,28298404,3533.7681941356127
475,LOAD,26514220,3771.5610717569666
476,LOAD,26532593,3768.949382369073
477,LOAD,24218407,4129.090736645065
478,LOAD,24731954,4043.3521750849127
479,LOAD,20955076,4772.1134487892095
480,LOAD,28774800,3475.26307741496
481,LOAD,25097905,3984.3963071818143
482,LOAD,26884117,3719.668382636484
483,LOAD,28746183,3478.722722943773
484,LOAD,25987512,3848.0020711486345
485,LOAD,24814017,4029.9803131431718
486,LOAD,26615203,3757.251071877979
487,LOAD,26562449,3764.7131106021134
488,LOAD,27808276,3596.0517653090037
489,LOAD,27503021,3635.9642091681494
490,LOAD,26106391,3830.479670667615
491,LOAD,25601199,3906.067055687509
492,LOAD,30353691,3294.4922579596664
493,LOAD,28082008,3560.9989143226508
494,LOAD,27021023,3700.8221339362317
495,LOAD,25305804,3951.6626304384554
496,LOAD,28605068,3495.884016077151
497,LOAD,27333684,3658.4896496205924
498,LOAD,28799912,3472.2328318225414
499,LOAD,28033020,3567.2217977228283
500,LOAD,26994686,3704.43279095745
501,LOAD,26337778,3796.8275076204227
502,LOAD,25046736,3992.536193139098
503,LOAD,26633089,3754.7278124591558
504,LOAD,30762620,3250.6984125539375
505,LOAD,27041377,3698.0365312017952
506,LOAD,26589213,3760.923649752251
507,LOAD,27956289,3577.0126714600783
508,LOAD,29152489,3430.238838268664
509,LOAD,27976689,3574.4043907411633
510,LOAD,27678809,3612.8722157084144
511,LOAD,27118443,3687.527340710527
512,LOAD,22250572,4494.266484475096
513,LOAD,27066635,3694.585603271334
514,LOAD,30145343,3317.2619731014506
515,LOAD,27692915,3611.0319191749945
516,LOAD,26569676,3763.6891018166725
517,LOAD,25254349,3959.7140278690217
518,LOAD,26298138,3802.550583619266
519,LOAD,25671771,3895.329231473746
520,LOAD,27277916,3665.969203805745
521,LOAD,28197922,3546.3606147999135
522,LOAD,29690238,3368.1104206709288
523,LOAD,28245086,3540.4388572228104
524,LOAD,29979564,3335.6055478325165
525,LOAD,26854342,3723.792599349483
526,LOAD,28445743,3515.4645108057116
527,LOAD,26961848,3708.944579763227
528,LOAD,28557531,3501.7032810014284
529,LOAD,28375193,3524.205104085107
530,LOAD,27503013,3635.9652667873156
531,LOAD,29192004,3425.5955843250777
532,LOAD,26799058,3731.474442124048
533,LOAD,25077261,3987.676325576386
534,LOAD,27218760,3673.936652514663
535,LOAD,28525008,3505.695774037995
536,LOAD,27527044,3632.791083561315
537,LOAD,29051352,3442.180591113281
538,LOAD,28009475,3570.2204343351673
539,LOAD,29460441,3394.3823176306155
540,LOAD,27299316,3663.0954416586846
541,LOAD,24464890,4087.490276882504
542,LOAD,26206891,3815.7902820292575
543,LOAD,29290002,3414.1342837736915
544,LOAD,28089518,3560.0468473684737
545,LOAD,28975753,3451.1613900077077
546,LOAD,28809017,3471.1354434620243
547,LOAD,28430253,3517.379884027061
548,LOAD,29848479,3350.2544635523977
549,LOAD,29618765,3376.2380031713005
550,LOAD,28677840,3487.012968898634
551,LOAD,30844589,3242.059733718611
552,LOAD,28604926,3495.9013702744764
553,LOAD,25783842,3878.3979517094467
554,LOAD,28533137,3504.697012459583
555,LOAD,27036628,3698.686093546873
556,LOAD,26791079,3732.5857611035376
557,LOAD,24721214,4045.1087879422103
558,LOAD,29062901,3440.812739237559
559,LOAD,27680670,3612.629318582245
560,LOAD,29390468,3402.463683123385
561,LOAD,28692620,3485.216756085711
562,LOAD,28774162,3475.340133276514
563,LOAD,26576207,3762.7641897882568
564,LOAD,26195213,3817.4913866896213
565,LOAD,26463383,3778.806360471751
566,LOAD,25011495,3998.1616452755025
567,LOAD,27703471,3609.6559885943534
568,LOAD,23960413,4173.550764755181
569,LOAD,28155832,3551.6620499795563
570,LOAD,30350198,3294.871420608195
571,LOAD,29342698,3408.002904163755
572,LOAD,27340900,3657.524075652228
573,LOAD,27591274,3624.3342732198594
574,LOAD,29453747,3395.1537643071356
575,LOAD,29965483,3337.172973317333
576,LOAD,30626138,3265.184790847609
577,LOAD,27928474,3580.575150650909
578,LOAD,28853927,3465.732757970865
579,LOAD,29726335,3364.0204889031897
580,LOAD,28146825,3552.7985838544846
581,LOAD,25480595,3924.5551369581435
582,LOAD,27057259,3695.865867270591
583,LOAD,20189863,4952.980612102222
584,LOAD,28696135,3484.789850619256
585,LOAD,28843902,3466.937309660808
586,LOAD,27640234,3617.9143780041804
587,LOAD,24420886,4094.8555265357695
588,LOAD,29492948,3390.6410440895907
589,LOAD,27867454,3588.415360800452
590,LOAD,27500962,3636.236434201829
591,LOAD,30592767,3268.746498151017
592,LOAD,28441740,3515.9592908169475
593,LOAD,28076691,3561.6732755295134
594,LOAD,27948072,3578.064347336732
595,LOAD,28301522,3533.378876231462
596,LOAD,29917978,3342.471874269043
597,LOAD,28081003,3561.126360052025
598,LOAD,29896823,3344.837008266731
599,LOAD,29102098,3436.178381366182
600,LOAD,29639883,3373.832481052641
601,LOAD,26526516,3769.8128167302484
602,LOAD,28859121,3465.1090031467
603,LOAD,28026394,3568.0651602914027
604,LOAD,27632996,3618.862030016579
605,LOAD,28286307,3535.2794551794973
606,LOAD,27552419,3629.4453855394695
607,LOAD,29211308,3423.331813830452
608,LOAD,28031712,3567.3882494226536
609,LOAD,24045947,4158.704999225025
610,LOAD,25064029,3989.7815311337213
611,LOAD,22519276,4440.6400987314155
612,LOAD,26144007,3824.9683761177084
613,LOAD,23094845,4329.970605994541
614,LOAD,25560758,3912.2470468207557
615,LOAD,25825925,3872.0781540254607
616,LOAD,26956566,3709.671328313851
617,LOAD,26914271,3715.5009697271757
618,LOAD,28687766,3485.8064584046037
619,LOAD,24649225,4056.9226821532925
620,LOAD,25813112,3874.0001592988865
621,LOAD,28376925,3523.9900024403632
622,LOAD,25819705,3873.0109426114664
623,LOAD,28421312,3518.4864090721776
624,LOAD,26956166,3709.72637577614
625,LOAD,28409574,3519.940144121837
626,LOAD,27715014,3608.1526063815086
627,LOAD,27339979,3657.647286415253
628,LOAD,27788237,3598.6449950027413
629,LOAD,29694698,3367.604546778014
630,LOAD,29001772,3448.065173396991
631,LOAD,25612181,3904.3922108780976
632,LOAD,26702696,3744.9402112805387
633,LOAD,25630519,3901.5987151879367
634,LOAD,27689060,3611.534663870857
635,LOAD,27230721,3672.322888549297
636,LOAD,28116621,3556.615142338761
637,LOAD,30112534,3320.8762836100077
638,LOAD,29031134,3444.577810842663
639,LOAD,27003582,3703.2124108571966
640,LOAD,28152530,3552.078623129076
641,LOAD,27411533,3648.0995061458257
642,LOAD,29243180,3419.6007410958728
643,LOAD,25397888,3937.3352618926424
644,LOAD,33017709,3028.6777316984653
645,LOAD,28208046,3545.087809343476
646,LOAD,27891642,3585.303439646902
647,LOAD,28665510,3488.5128504603617
648,LOAD,28137738,3553.945949741945
649,LOAD,24357083,4105.581936884642
650,LOAD,25818461,3873.197554261658
651,LOAD,22672928,4410.5463573121215
652,LOAD,26991957,3704.8073246411886
653,LOAD,24717866,4045.6566922079764
654,LOAD,26085587,3833.534587509954
655,LOAD,23245733,4301.864776645245
656,LOAD,28446060,3515.425334826686
657,LOAD,27130468,3685.8929230413573
658,LOAD,29037533,3443.818729366575
659,LOAD,26321255,3799.210941879481
660,LOAD,25228203,3963.817795504499
661,LOAD,25137598,3978.104829268095
662,LOAD,27282339,3665.3748785982025
663,LOAD,24580560,4068.2555645599614
664,LOAD,26485068,3775.712412745174
665,LOAD,23718593,4216.101688662561
666,LOAD,27603333,3622.750919245875
667,LOAD,26257991,3808.364470838611
668,LOAD,28675491,3487.2986133001173
669,LOAD,25834207,3870.836832731115
670,LOAD,27943154,3578.6940872887867
671,LOAD,25392229,3938.2127500504193
672,LOAD,30683508,3259.0797636306775
673,LOAD,29994618,3333.931440633783
674,LOAD,26917762,3715.0191015137143
675,LOAD,26985886,3705.6407931168164
676,LOAD,28819101,3469.9208694955473
677,LOAD,27275021,3666.358313711289
678,LOAD,29677853,3369.515982170273
679,LOAD,28033886,3567.1116020090826
680,LOAD,29893574,3345.2005437690386
681,LOAD,29042722,3443.2034297611635
682,LOAD,29620823,3376.0034283990017
683,LOAD,27461093,3641.5156527090894
684,LOAD,30610317,3266.8724077571624
685,LOAD,28529054,3505.198595088362
686,LOAD,28509646,3507.584766222632
687,LOAD,27589252,3624.5998985402
688,LOAD,27554638,3629.1531030093734
689,LOAD,24232140,4126.750670803322
690,LOAD,29290167,3414.115050965739
691,LOAD,27158670,3682.065432511975
692,LOAD,26984452,3705.837717215825
693,LOAD,23359003,4281.004630206178
694,LOAD,28188730,3547.5170396112208
695,LOAD,26111600,3829.7155287305254
696,LOAD,28709998,3483.1071740234884
697,LOAD,25847362,3868.866772554971
698,LOAD,29117991,3434.302867941679
699,LOAD,26900706,3717.3745551510806
700,LOAD,28317558,3531.3779528587884
701,LOAD,26510424,3772.101117658473
702,LOAD,29879036,3346.8281908425693
703,LOAD,27812189,3595.545823451725
704,LOAD,26096952,3831.8651158955267
705,LOAD,26165077,3821.888236751606
706,LOAD,25708309,3889.792984828368
707,LOAD,26933886,3712.7951013084407
708,LOAD,28560514,3501.3375459559306
709,LOAD,29524305,3387.0399320153347
710,LOAD,28041375,3566.158934788326
711,LOAD,29558964,3383.0684999650193
712,LOAD,28524764,3505.725761657485
713,LOAD,28217018,3543.960598529582
714,LOAD,31620571,3162.4982357212966
715,LOAD,31637355,3160.820492104982
716,LOAD,28119546,3556.2451826213696
717,LOAD,29779030,3358.067740957311
718,LOAD,27424479,3646.37738423399
719,LOAD,26056481,3837.8167796334433
720,LOAD,27879342,3586.885228496426
721,LOAD,31237597,3201.27057148474
722,LOAD,31605964,3163.9598146729522
723,LOAD,30044763,3328.367076818013
724,LOAD,30844484,3242.070770255064
725,LOAD,28824674,3469.249990476909
726,LOAD,29480880,3392.029003204789
727,LOAD,28469406,3512.5425518186084
728,LOAD,26256760,3808.5430190168167
729,LOAD,25710573,3889.450460711241
730,LOAD,28970118,3451.832678071936
731,LOAD,27457797,3641.9527757452647
732,LOAD,27001698,3703.4707965402768
733,LOAD,29288310,3414.331519981863
734,LOAD,28733976,3480.200582056587
735,LOAD,30394541,3290.064488883053
736,LOAD,30970152,3228.915376327504
737,LOAD,27680893,3612.600214884686
738,LOAD,27242966,3670.6722755517885
739,LOAD,29818046,3353.673812160596
740,LOAD,27077388,3693.118405660103
741,LOAD,29285874,3414.615524194361
742,LOAD,31474506,3177.174567886784
743,LOAD,29553773,3383.662722184406
744,LOAD,29675352,3369.7999605868195
745,LOAD,30014173,3331.7592991817564
746,LOAD,28752249,3477.988800110906
747,LOAD,26352655,3794.684065040126
748,LOAD,25946478,3854.087633782126
749,LOAD,25437233,3931.245194789858
750,LOAD,26947891,3710.8655367501674
751,LOAD,25001944,3999.6889841845896
752,LOAD,27185679,3678.407296724132
753,LOAD,28097811,3558.9961082733457
754,LOAD,26912244,3715.780817088311
755,LOAD,28400389,3521.078531706027
756,LOAD,26375131,3791.4503628436955
757,LOAD,28479728,3511.269489652429
758,LOAD,28768737,3475.9954877407376
759,LOAD,25405335,3936.1811210125743
760,LOAD,28731649,3480.4824463782084
761,LOAD,24419456,4095.095320714761
762,LOAD,27553042,3629.3633203912655
763,LOAD,27147016,3683.6461141806526
764,LOAD,32653982,3062.413643763263
765,LOAD,30781667,3248.6869538287187
766,LOAD,32116857,3113.6297054222955
767,LOAD,28557799,3501.670419348494
768,LOAD,30299529,3300.381335960701
769,LOAD,27081053,3692.618599431861
770,LOAD,27959232,3576.6361536683125
771,LOAD,24775964,4036.169894337915
772,LOAD,29152582,3430.2278954227795
773,LOAD,27609375,3621.9581211092245
774,LOAD,26802997,3730.9260602461736
775,LOAD,24650050,4056.7869030691622
776,LOAD,25257500,3959.22003365337
777,LOAD,25516022,3919.1061992343475
778,LOAD,27000371,3703.6528127706097
779,LOAD,25600944,3906.1059623426386
780,LOAD,30257456,3304.970517019012
781,LOAD,29601312,3378.2286406764674
782,LOAD,28401486,3520.942530964753
783,LOAD,25898641,3861.2064625321464
784,LOAD,29546016,3384.5510677310945
785,LOAD,28514304,3507.0117790706026
786,LOAD,29170348,3428.138738694513
787,LOAD,30602916,3267.6624671975705
788,LOAD,28074550,3561.944893150558
789,LOAD,26588567,3761.01502574396
790,LOAD,28417059,3519.012998495024
791,LOAD,27374690,3653.0094039421083
792,LOAD,29764068,3359.7557968218593
793,LOAD,27577284,3626.172903756584
794,LOAD,29191403,3425.666111354771
795,LOAD,28859651,3465.045367319238
796,LOAD,30949678,3231.0513860596548
797,LOAD,29645326,3373.2130319632847
798,LOAD,32015115,3123.5246226665126
799,LOAD,30130740,3318.869699184288
800,LOAD,29008712,3447.2402635456547
801,LOAD,28078266,3561.4734898515453
802,LOAD,28494824,3509.409287806094
803,LOAD,28544387,3503.31573068989
804,LOAD,29447673,3395.8540628999785
805,LOAD,30281090,3302.3910301775795
806,LOAD,28868678,3463.9618759127106
807,LOAD,26156717,3823.1097580021224
808,LOAD,31384704,3186.265513289531
809,LOAD,30135198,3318.378727758816
810,LOAD,31053241,3220.2757837740673
811,LOAD,28799321,3472.304086613709
812,LOAD,29872244,3347.5891533290905
813,LOAD,26651307,3752.161197948003
814,LOAD,29048896,3442.471617510008
815,LOAD,26567271,3764.0298094599175
816,LOAD,28845586,3466.7349104989585
817,LOAD,26512172,3771.8524155621803
818,LOAD,29381132,3403.5448327858844
819,LOAD,29001743,3448.0686212549363
820,LOAD,28943443,3455.013973285763
821,LOAD,28991248,3449.3168421035202
822,LOAD,31486774,3175.9366647088077
823,LOAD,30939201,3232.1455230857446
824,LOAD,29803843,3355.2720030098135
825,LOAD,27840593,3591.8775149652884
826,LOAD,27421215,3646.811419552343
827,LOAD,25242695,3961.5421412016426
828,LOAD,26285542,3804.3727612692937
829,LOAD,24582268,4067.972898188239
830,LOAD,28749175,3478.3606833935232
831,LOAD,26103869,3830.8497487479726
832,LOAD,28807246,3471.348840496589
833,LOAD,28914781,3458.4387825728304
834,LOAD,28505669,3508.0741307983335
835,LOAD,28171461,3549.691654259607
836,LOAD,28353699,3526.876687235764
837,LOAD,25440711,3930.7077541975927
838,LOAD,26734993,3740.4161654353156
839,LOAD,29032370,3444.4311642487332
840,LOAD,30064845,3326.143873351085
841,LOAD,25979794,3849.145224169214
842,LOAD,28029907,3567.617973188423
843,LOAD,25928084,3856.821815294952
844,LOAD,28098004,3558.971662186396
845,LOAD,31441751,3180.4844456658916
846,LOAD,32583635,3069.025294446123
847,LOAD,25911524,3859.2867019323144
848,LOAD,27787018,3598.802865424422
849,LOAD,30358273,3293.9950174372566
850,LOAD,30350546,3294.833641543055
851,LOAD,29575588,3381.166927264472
852,LOAD,28415681,3519.1836507455164
853,LOAD,29933096,3340.7837264812165
854,LOAD,28592476,3497.4235879397083
855,LOAD,29654958,3372.117404448861
856,LOAD,29622758,3375.782903131437
857,LOAD,28060293,3563.754662148396
858,LOAD,25373217,3941.163629349798
859,LOAD,30202754,3310.9563452392454
860,LOAD,30336402,3296.369819993815
861,LOAD,27531791,3632.1647218664416
862,LOAD,26096661,3831.9078444556567
863,LOAD,29564821,3382.3982901841346
864,LOAD,26193312,3817.7684440974854
865,LOAD,29962027,3337.557902874862
866,LOAD,29047328,3442.657445118532
867,LOAD,28421864,3518.418074198089
868,LOAD,30103825,3321.8370090843937
869,LOAD,28856518,3465.4215730394085
870,LOAD,29644019,3373.3617563799294
871,LOAD,28871166,3463.663365726206
872,LOAD,30925471,3233.580500681784
873,LOAD,29751158,3361.213704690083
874,LOAD,29983875,3335.1259635387355
875,LOAD,28440340,3516.132366912632
876,LOAD,30825916,3244.0236325824026
877,LOAD,29517861,3387.7793516271386
878,LOAD,27963877,3576.04204881891
879,LOAD,29418925,3399.1724714618226
880,LOAD,27236013,3671.60935045816
881,LOAD,29743002,3362.1354024721513
882,LOAD,30609643,3266.94434168997
883,LOAD,29750055,3361.3383235762085
884,LOAD,27595581,3623.7686026614188
885,LOAD,30613374,3266.5461833772392
886,LOAD,27069217,3694.2331948500764
887,LOAD,29460951,3394.3235573081124
888,LOAD,30442424,3284.8895344207804
889,LOAD,29755971,3360.6700315711428
890,LOAD,28587071,3498.084851015342
891,LOAD,29961608,3337.6045771642166
892,LOAD,28571566,3499.983165080976
893,LOAD,29326561,3409.8781647121873
894,LOAD,30991778,3226.6622457091685
895,LOAD,33316658,3001.501531155976
896,LOAD,29852009,3349.858295969293
897,LOAD,31972198,3127.7173999735646
898,LOAD,28170642,3549.794853805604
899,LOAD,28465953,3512.968633089502
900,LOAD,28071869,3562.2850762092116
901,LOAD,27734684,3605.5936314255464
902,LOAD,29949425,3338.9622672221585
903,LOAD,27872633,3587.748599136651
904,LOAD,26546738,3766.941158646309
905,LOAD,27323287,3659.881770447311
906,LOAD,29022289,3445.6276002213335
907,LOAD,28555552,3501.945961331793
908,LOAD,25411357,3935.248322236392
909,LOAD,27314240,3661.093993462751
910,LOAD,25765931,3881.0939919073753
911,LOAD,27599463,3623.2589018126914
912,LOAD,31141873,3211.1106483543876
913,LOAD,27545064,3630.4145091113237
914,LOAD,25857863,3867.295607529516
915,LOAD,28423085,3518.266929856488
916,LOAD,29938648,3340.1641917831425
917,LOAD,31987078,3126.262423845029
918,LOAD,29333082,3409.120119051929
919,LOAD,28808024,3471.255091984094
920,LOAD,27996880,3571.82657496121
921,LOAD,28829699,3468.6453021934085
922,LOAD,27273128,3666.6127919027113
923,LOAD,29735190,3363.018699392874
924,LOAD,27305689,3662.2404950118635
925,LOAD,30308399,3299.4154524625337
926,LOAD,30191353,3312.2066440679223
927,LOAD,28966731,3452.236291350929
928,LOAD,27678195,3612.9523619585743
929,LOAD,28601543,3496.314866648978
930,LOAD,26422209,3784.6949132829886
931,LOAD,32232204,3102.487189520146
932,LOAD,29708130,3366.081944572075
933,LOAD,28582207,3498.680140410431
934,LOAD,28322447,3530.768368990151
935,LOAD,27456013,3642.189417669638
936,LOAD,27851889,3590.4207430957376
937,LOAD,28888362,3461.6015958260286
938,LOAD,29618550,3376.2625111627676
939,LOAD,32388891,3087.4783579345153
940,LOAD,31017326,3224.0045450726475
941,LOAD,30104771,3321.732625038071
942,LOAD,27258205,3668.62014575061
943,LOAD,31252184,3199.776374028772
944,LOAD,30255654,3305.1673581407294
945,LOAD,28715820,3482.4009901162494
946,LOAD,26300335,3802.23293733711
947,LOAD,28823961,3469.335807108537
948,LOAD,28136077,3554.155755260408
949,LOAD,29726290,3364.025581396131
950,LOAD,28473421,3512.0472527695215
951,LOAD,27362258,3654.669143167936
952,LOAD,27481523,3638.808518727292
953,LOAD,28037139,3566.6977290371888
954,LOAD,28947382,3454.543834050347
955,LOAD,28887985,3461.64677114032
956,LOAD,25673581,3895.054608860369
957,LOAD,31011142,3224.647450906516
958,LOAD,31930615,3131.7906028430707
959,LOAD,28572093,3499.9186093927383
960,LOAD,29733856,3363.169580158053
961,LOAD,28195283,3546.6925442812544
962,LOAD,26715633,3743.126730330515
963,LOAD,31211041,3203.9943813472933
964,LOAD,31597895,3164.7677796258263
965,LOAD,30914390,3234.739550093015
966,LOAD,31537850,3170.793189770387
967,LOAD,32900768,3039.442726686502
968,LOAD,31414411,3183.252425136986
969,LOAD,32772836,3051.307491362664
970,LOAD,28701702,3484.1139386089367
971,LOAD,29211992,3423.251656374546
972,LOAD,32866468,3042.614740348735
973,LOAD,28642998,3491.2546514858536
974,LOAD,30256829,3305.0390045830645
975,LOAD,33336117,2999.749490920013
976,LOAD,31092890,3216.1693557594676
977,LOAD,30541572,3274.225701283483
978,LOAD,29214911,3422.909623103079
979,LOAD,31531536,3171.4281219919003
980,LOAD,29519295,3387.614778740481
981,LOAD,31572597,3167.3035955832206
982,LOAD,28906121,3459.4748980674367
983,LOAD,31824506,3142.2325927070165
984,LOAD,33196825,3012.3362701101687
985,LOAD,31767896,3147.832012544992
986,LOAD,31447117,3179.94174155933
987,LOAD,29274063,3415.993195068276
988,LOAD,29032089,3444.4645027093984
989,LOAD,27981524,3573.786760149304
990,LOAD,25894679,3861.7972441365273
991,LOAD,28741595,3479.278028933328
992,LOAD,28598023,3496.7452120728767
993,LOAD,29542261,3384.9812646364476
994,LOAD,25933674,3855.9904778628743
995,LOAD,28889468,3461.4690723969024
996,LOAD,32811564,3047.70598560922
997,LOAD,29239726,3420.0046881424264
998,LOAD,29605315,3377.771862923938
999,LOAD,31641090,3160.4473802893644
1000,LOAD,29403647,3400.9386658736585
1001,LOAD,30690156,3258.3737925607156
1002,LOAD,28919252,3457.904097934483
1003,LOAD,29322523,3410.347738494399
1004,LOAD,28714641,3482.543974692214
1005,LOAD,29573618,3381.3921583757524
1006,LOAD,31723579,3152.2294505295254
1007,LOAD,29674902,3369.851061344701
1008,LOAD,30814716,3245.202714183704
1009,LOAD,30956927,3230.294789918909
1010,LOAD,31610360,3163.519808062926
1011,LOAD,33089683,3022.0899970543687
1012,LOAD,29358940,3406.1175233165773
1013,LOAD,30241150,3306.7525540530037
1014,LOAD,28952424,3453.9422329543113
1015,LOAD,30797552,3247.011320899791
1016,LOAD,31558748,3168.693510908608
1017,LOAD,32326503,3093.436985745102
1018,LOAD,32159038,3109.5457519593715
1019,LOAD,30606888,3267.2384072500286
1020,LOAD,28085342,3560.5761895297555
1021,LOAD,29944420,3339.520351370973
1022,LOAD,29440160,3396.720669996359
1023,LOAD,23615328,4234.537839152605
1024,LOAD,27076948,3693.1784187789553
1025,LOAD,35040513,2853.8394971557636
1026,LOAD,30605464,3267.390424141258
1027,LOAD,30462103,3282.7674438629533
1028,LOAD,26635442,3754.3961162724463
1029,LOAD,29100890,3436.3210197351355
1030,LOAD,26278822,3805.345612524032
1031,LOAD,28737153,3479.815832834937
1032,LOAD,28145910,3552.914082365786
1033,LOAD,31284260,3196.495617924157
1034,LOAD,28637855,3491.8816370849004
1035,LOAD,29420957,3398.9377028082395
1036,LOAD,27267079,3667.426202858033
1037,LOAD,29664109,3371.0771491569158
1038,LOAD,27042216,3697.9217975331608
1039,LOAD,30456520,3283.3692096142304
1040,LOAD,29142322,3431.4355595961088
1041,LOAD,30942333,3231.818363534514
1042,LOAD,28367615,3525.1465447482983
1043,LOAD,23252583,4300.597486309371
1044,LOAD,29815357,3353.9762747097075
1045,LOAD,30577440,3270.38496355483
1046,LOAD,29110931,3435.1357570803902
1047,LOAD,30609736,3266.9344158995686
1048,LOAD,30445922,3284.5121261231634
1049,LOAD,30653853,3262.2326465779033
1050,LOAD,29752812,3361.0268501679775
1051,LOAD,29203185,3424.28402929338
1052,LOAD,31394455,3185.275871168969
1053,LOAD,29168912,3428.307507664324
1054,LOAD,30758264,3251.1587780116593
1055,LOAD,29985423,3334.9537873786207
1056,LOAD,30384934,3291.104729732176
1057,LOAD,29229886,3421.156004508536
1058,LOAD,30746133,3252.4415346801497
1059,LOAD,30832382,3243.3433135331547
1060,LOAD,33148481,3016.729484527511
1061,LOAD,32252485,3100.536284258407
1062,LOAD,33459901,2988.6519987013708
1063,LOAD,29825583,3352.8263303352696
1064,LOAD,34766465,2876.3349969575565
1065,LOAD,31034996,3222.1689347084175
1066,LOAD,31967491,3128.1779355158023
1067,LOAD,25069475,3988.9148057548073
1068,LOAD,31648063,3159.7510406877036
1069,LOAD,28822552,3469.505406738446
1070,LOAD,29645006,3373.249443768033
1071,LOAD,25672924,3895.154287840372
1072,LOAD,27637513,3618.2705730432403
1073,LOAD,22899666,4366.875918626935
1074,LOAD,25711972,3889.238833956415
1075,LOAD,29815996,3353.9043941379655
1076,LOAD,29435084,3397.306425216928
1077,LOAD,27972367,3574.956670631413
1078,LOAD,26100225,3831.3845953435266
1079,LOAD,28553322,3502.2194615393614
1080,LOAD,26681158,3747.9632630637693
1081,LOAD,28339821,3528.6037974622354
1082,LOAD,25940985,3854.903736307623
1083,LOAD,28062276,3563.5028320582405
1084,LOAD,26464518,3778.6442964878484
1085,LOAD,28637299,3491.9494328009073
1086,LOAD,26765800,3736.11100733025
1087,LOAD,32248299,3100.9387502888135
1088,LOAD,30436740,3285.502980936855
1089,LOAD,29614499,3376.724353837625
1090,LOAD,29581601,3380.479643410781
1091,LOAD,33596951,2976.4605722703827
1092,LOAD,30512980,3277.2937943131087
1093,LOAD,32522499,3074.7944676699044
1094,LOAD,31305572,3194.3195288046486
1095,LOAD,29294654,3413.59211820696
1096,LOAD,32657773,3062.058150750206
1097,LOAD,29752183,3361.0979066645295
1098,LOAD,29962465,3337.509113485823
1099,LOAD,33968093,2943.939184339845
1100,LOAD,29256756,3418.0139452234557
1101,LOAD,31735714,3151.0241111953555
1102,LOAD,31958298,3129.077775042964
1103,LOAD,29597930,3378.614653119323
1104,LOAD,31756585,3148.953201359655
1105,LOAD,29353316,3406.7701243702754
1106,LOAD,31484987,3176.1169220111155
1107,LOAD,33401964,2993.8359313242777
1108,LOAD,30225286,3308.488131427441
1109,LOAD,34030210,2938.5654687408633
1110,LOAD,29758381,3360.397865730666
1111,LOAD,32885703,3040.8351008947566
1112,LOAD,29306992,3412.155024302733
1113,LOAD,28956088,3453.505183435
1114,LOAD,26024933,3842.469066106721
1115,LOAD,27931554,3580.1803222262533
1116,LOAD,25792613,3877.079069111765
1117,LOAD,28264903,3537.956595853168
1118,LOAD,26422129,3784.706372450153
1119,LOAD,28909441,3459.0776072079707
1120,LOAD,27147077,3683.637836957548
1121,LOAD,28897180,3460.5452850416546
1122,LOAD,26237787,3811.2970426964744
1123,LOAD,28318721,3531.2329253852954
1124,LOAD,26763137,3736.4827598498637
1125,LOAD,32304211,3095.571657825043
1126,LOAD,30010602,3332.1557494914628
1127,LOAD,28835910,3467.898186670717
1128,LOAD,32508001,3076.16577223558
1129,LOAD,32181783,3107.348029784428
1130,LOAD,30209228,3310.246789490946
1131,LOAD,30929672,3233.141301983416
1132,LOAD,28422032,3518.397277154568
1133,LOAD,32289200,3097.01076520942
1134,LOAD,30380403,3291.595572316799
1135,LOAD,32564056,3070.870532835345
1136,LOAD,29471105,3393.154074134648
1137,LOAD,29452501,3395.2973976641233
1138,LOAD,30096900,3322.601331034093
1139,LOAD,30651010,3262.535231302329
1140,LOAD,31927991,3132.04798886344
1141,LOAD,33095434,3021.5648478880803
1142,LOAD,29447969,3395.819929041626
1143,LOAD,30743703,3252.6986095331454
1144,LOAD,26186856,3818.709661060496
1145,LOAD,33717901,2965.783664884715
1146,LOAD,30466899,3282.25068130498
1147,LOAD,31581784,3166.3822411045558
1148,LOAD,28770145,3475.8253738380536
1149,LOAD,32887550,3040.6643243415824
1150,LOAD,32640538,3063.6749921217597
1151,LOAD,23818920,4198.343165853028
1152,LOAD,33110154,3020.2215308331092
1153,LOAD,29883534,3346.324434051207
1154,LOAD,31566032,3167.9623210164646
1155,LOAD,27252704,3669.360662340148
1156,LOAD,29399130,3401.4611997021684
1157,LOAD,27633733,3618.7655138739306
1158,LOAD,28625853,3493.345683008992
1159,LOAD,29727636,3363.8732659401508
1160,LOAD,30038672,3329.041976289764
1161,LOAD,30787305,3248.0920301403453
1162,LOAD,29406718,3400.5834993214817
1163,LOAD,30185306,3312.870175972376
1164,LOAD,30139785,3317.873700824342
1165,LOAD,28962410,3452.7513421707654
1166,LOAD,30437365,3285.4355165107095
1167,LOAD,28876753,3462.993225034684
1168,LOAD,30117931,3320.281197270822
1169,LOAD,31840828,3140.621845637934
1170,LOAD,28434133,3516.899917433741
1171,LOAD,31026656,3223.035057339083
1172,LOAD,29918977,3342.3602685345827
1173,LOAD,28364733,3525.50471742498
1174,LOAD,27767904,3601.2800966180234
1175,LOAD,28531737,3504.8689815134635
1176,LOAD,31564538,3168.1122657331466
1177,LOAD,31691366,3155.433565091514
1178,LOAD,33109294,3020.2999798183555
1179,LOAD,30907177,3235.4944613673388
1180,LOAD,31792985,3145.3479438939125
1181,LOAD,28563349,3500.9900274649167
1182,LOAD,29241023,3419.852992147368
1183,LOAD,30330867,3296.9713658366572
1184,LOAD,30657862,3261.806058100203
1185,LOAD,32304697,3095.5250872651736
1186,LOAD,31258361,3199.1440626077615
1187,LOAD,33484922,2986.4187827584005
1188,LOAD,30735434,3253.5737090942007
1189,LOAD,32535290,3073.585635781946
1190,LOAD,29697419,3367.295992961543
1191,LOAD,29673236,3370.0402611969926
1192,LOAD,30907677,3235.4421200920406
1193,LOAD,28822944,3469.458220506552
1194,LOAD,31739776,3150.62084874197
1195,LOAD,32353904,3090.8171081919513
1196,LOAD,32476014,3079.195618033666
1197,LOAD,31248570,3200.146438701035
1198,LOAD,31984228,3126.540993892365
1199,LOAD,29366714,3405.215850843918
1200,LOAD,28442678,3515.8433393648797
1201,LOAD,27114315,3688.0887457418708
1202,LOAD,28334531,3529.2625807005593
1203,LOAD,26889549,3718.9169665880227
1204,LOAD,28813694,3470.572013432224
1205,LOAD,26928925,3713.479093576888
1206,LOAD,28684547,3486.1976380522938
1207,LOAD,28283475,3535.633439667509
1208,LOAD,29296020,3413.432950960574
1209,LOAD,27147463,3683.585460637703
1210,LOAD,29699757,3367.03091543813
1211,LOAD,29409457,3400.2667917330127
1212,LOAD,29842782,3350.8940285795074
1213,LOAD,26560131,3765.0416709164574
1214,LOAD,29707792,3366.1202421236826
1215,LOAD,28769504,3475.9028170941006
1216,LOAD,31083826,3217.1071862260455
1217,LOAD,31296562,3195.239144798077
1218,LOAD,29310924,3411.697290743888
1219,LOAD,28882604,3462.291696413523
1220,LOAD,31260499,3198.92526347708
1221,LOAD,32161560,3109.3019119719315
1222,LOAD,33625292,2973.9518693250307
1223,LOAD,31235622,3201.4729849144674
1224,LOAD,33893925,2950.381226134182
1225,LOAD,30658583,3261.729349983331
1226,LOAD,33959812,2944.657055227514
1227,LOAD,29603398,3377.9905941878696
1228,LOAD,30367339,3293.011613562848
1229,LOAD,28173768,3549.4009888915107
1230,LOAD,30809515,3245.7505416751937
1231,LOAD,25363650,3942.65021004469
1232,LOAD,32900413,3039.4755226932866
1233,LOAD,29015666,3446.414085411653
1234,LOAD,34262732,2918.6230683531016
1235,LOAD,32157273,3109.7164240263783
1236,LOAD,32191632,3106.3973395322114
1237,LOAD,30639372,3263.774466395721
1238,LOAD,28250124,3539.8074712875596
1239,LOAD,34204893,2923.5583341833576
1240,LOAD,29210610,3423.4136158060373
1241,LOAD,29115595,3434.585485888233
1242,LOAD,33569355,2978.9073993229836
1243,LOAD,30223327,3308.702579302404
1244,LOAD,29603570,3377.970967690721
1245,LOAD,30981017,3227.7830001513507
1246,LOAD,31894008,3135.3851795610008
1247,LOAD,30894117,3236.862215547381
1248,LOAD,24724835,4044.5163739212007
1249,LOAD,29442065,3396.5008908172713
1250,LOAD,28230464,3542.272631438151
1251,LOAD,30124012,3319.6109469084
1252,LOAD,29267972,3416.704102354615
1253,LOAD,29670895,3370.30615355553
1254,LOAD,27468119,3640.584198721434
1255,LOAD,28665070,3488.566398058683
1256,LOAD,28500100,3508.759618387304
1257,LOAD,31223759,3202.689336668272
1258,LOAD,30799202,3246.8373693578164
1259,LOAD,30318509,3298.315230475219
1260,LOAD,31155706,3209.6849289821903
1261,LOAD,30817286,3244.932081300086
1262,LOAD,31593482,3165.209836636557
1263,LOAD,32826580,3046.311860693377
1264,LOAD,31305723,3194.304121326315
1265,LOAD,33143076,3017.2214552445284
1266,LOAD,29210287,3423.451471051962
1267,LOAD,33437968,2990.612348214461
1268,LOAD,31631690,3161.3865715047154
1269,LOAD,22595286,4425.701891978708
1270,LOAD,32203905,3105.213482650629
1271,LOAD,32715734,3056.633239529335
1272,LOAD,32195324,3106.0411132995587
1273,LOAD,31173978,3207.803636738308
1274,LOAD,33061734,3024.644744888456
1275,LOAD,29547036,3384.434228868168
1276,LOAD,31176504,3207.543732292755
1277,LOAD,29604257,3377.8925780842937
1278,LOAD,30209411,3310.226736959552
1279,LOAD,30198512,3311.4214369237798
1280,LOAD,33831234,2955.8484328416753
1281,LOAD,30203796,3310.842120639406
1282,LOAD,32594925,3067.9622671320767
1283,LOAD,29916852,3342.597677055059
1284,LOAD,31124648,3212.8877409312386
1285,LOAD,31671415,3157.421289828699
1286,LOAD,29093347,3437.2119508972273
1287,LOAD,28938133,3455.6479507506583
1288,LOAD,29978604,3335.7123633909036
1289,LOAD,32669230,3060.984296232265
1290,LOAD,27975322,3574.5790522089433
1291,LOAD,28782598,3474.321532753923
1292,LOAD,27375138,3652.9496216603548
1293,LOAD,31599194,3164.6376803155167
1294,LOAD,32524717,3074.584784242704
1295,LOAD,32024965,3122.5639122478356
1296,LOAD,32427347,3083.816878389712
1297,LOAD,33445694,2989.921512766337
1298,LOAD,31701454,3154.429446674591
1299,LOAD,33196832,3012.3356349184164
1300,LOAD,31538408,3170.737089836621
1301,LOAD,30893702,3236.9056968310238
1302,LOAD,33814489,2957.312174671633
1303,LOAD,30296053,3300.760003291518
1304,LOAD,31140095,3211.293992519933
1305,LOAD,29025370,3445.261851959165
1306,LOAD,32106507,3114.6334292920747
1307,LOAD,32518581,3075.1649341648704
1308,LOAD,32872993,3042.0108080818804
1309,LOAD,34031507,2938.4534748931333
1310,LOAD,30469967,3281.9201937435637
1311,LOAD,33012422,3029.1627799983894
1312,LOAD,29086210,3438.0553533788006
1313,LOAD,29169889,3428.1926818439383
1314,LOAD,31907224,3134.086500285954
1315,LOAD,33446620,2989.8387340783615
1316,LOAD,30289176,3301.5094236964387
1317,LOAD,31106500,3214.762187967145
1318,LOAD,32790934,3049.623411153827
1319,LOAD,32071213,3118.061047457107
1320,LOAD,32060288,3119.1235711918744
1321,LOAD,32003338,3124.6740574373835
1322,LOAD,31600341,3164.522813219009
1323,LOAD,32779440,3050.692751309967
1324,LOAD,29371982,3404.6051097266777
1325,LOAD,28992473,3449.1711003749147
1326,LOAD,32145878,3110.8187494521067
1327,LOAD,29053793,3441.8913909106464
1328,LOAD,27676107,3613.224938030482
1329,LOAD,31718925,3152.691965443343
1330,LOAD,31728945,3151.696345403227
1331,LOAD,31202188,3204.903451001577
1332,LOAD,30383429,3291.2677499303977
1333,LOAD,33181503,3013.7272564175287
1334,LOAD,30735978,3253.5161236776003
1335,LOAD,31836184,3141.0799736551344
1336,LOAD,32763934,3052.1365352524517
1337,LOAD,31713931,3153.1884205713886
1338,LOAD,32657577,3062.076528212733
1339,LOAD,32113233,3113.981080634267
1340,LOAD,28068863,3562.6665747023667
1341,LOAD,30555312,3272.7533595467785
1342,LOAD,33055768,3025.190641463844
1343,LOAD,25583409,3908.783227442442
1344,LOAD,31168215,3208.396759326769
1345,LOAD,30780499,3248.81022884002
1346,LOAD,30241224,3306.7444624595882
1347,LOAD,30264544,3304.196488141371
1348,LOAD,32735210,3054.8146781401433
1349,LOAD,33970015,2943.772618292927
1350,LOAD,32531241,3073.9681895320255
1351,LOAD,32533117,3073.790931253221
1352,LOAD,28478837,3511.3793445989386
1353,LOAD,31523823,3172.2040819731797
1354,LOAD,33257996,3006.795719140744
1355,LOAD,33304670,3002.581920193174
1356,LOAD,30142588,3317.565167264337
1357,LOAD,33102697,3020.9018920724193
1358,LOAD,33357293,2997.8451788638845
1359,LOAD,31618649,3162.690474219819
1360,LOAD,30058478,3326.848418605892
1361,LOAD,30647484,3262.910586722225
1362,LOAD,34814697,2872.350145687036
1363,LOAD,33171440,3014.641510890091
1364,LOAD,33941071,2946.2829855899363
1365,LOAD,34894135,2865.8111169685103
1366,LOAD,32471046,3079.6667283215947
1367,LOAD,31962024,3128.7130001529313
1368,LOAD,31889693,3135.8094290841873
1369,LOAD,30029346,3330.075853133798
1370,LOAD,32359481,3090.284420816267
1371,LOAD,31936714,3131.1925203075057
1372,LOAD,31412346,3183.4616873251043
1373,LOAD,31159547,3209.2892749692414
1374,LOAD,32376505,3088.659507874615
1375,LOAD,32265378,3099.297333507142
1376,LOAD,31376623,3187.0861309708184
1377,LOAD,32820946,3046.834786541497
1378,LOAD,33393638,2994.58238123082
1379,LOAD,29912623,3343.0702483028654
1380,LOAD,32195175,3106.0554881282674
1381,LOAD,32071159,3118.066297510483
1382,LOAD,29494599,3390.4512483794065
1383,LOAD,32342501,3091.9068380024164
1384,LOAD,32604850,3067.028371545951
1385,LOAD,32684826,3059.523706811228
1386,LOAD,31327568,3192.07670381563
1387,LOAD,30467553,3282.180226288603
1388,LOAD,33540454,2981.474251958545
1389,LOAD,32552441,3071.966246709425
1390,LOAD,33431702,2991.172869392052
1391,LOAD,38370412,2606.1747786289084
1392,LOAD,33611617,2975.1618316964637
1393,LOAD,33720243,2965.5776798524257
1394,LOAD,34302211,2915.263975258038
1395,LOAD,33029355,3027.6098337372923
1396,LOAD,32828858,3046.100476598973
1397,LOAD,30246752,3306.1401105150067
1398,LOAD,33759856,2962.0979425978594
1399,LOAD,30629750,3264.7997453456196
1400,LOAD,34875520,2867.340759363588
1401,LOAD,33380387,2995.7711395017677
1402,LOAD,32674885,3060.45453564718
1403,LOAD,34002450,2940.9645481428543
1404,LOAD,31193259,3205.8208473824425
1405,LOAD,34008469,2940.444040571188
1406,LOAD,32948528,3035.0369521819002
1407,LOAD,34756387,2877.16902220015
1408,LOAD,35295691,2833.2070336857837
1409,LOAD,32950910,3034.817551321041
1410,LOAD,32692100,3058.8429620611705
1411,LOAD,30882931,3238.034628254682
1412,LOAD,31399172,3184.7973570768045
1413,LOAD,32021370,3122.91447867471
1414,LOAD,31104853,3214.932409421771
1415,LOAD,32000556,3124.9457040683915
1416,LOAD,29891234,3345.4624188482817
1417,LOAD,33089473,3022.109176534785
1418,LOAD,32580926,3069.2804741031605
1419,LOAD,29578938,3380.7839889315837
1420,LOAD,31389777,3185.7505709581815
1421,LOAD,31366674,3188.097022974129
1422,LOAD,29029279,3444.797922814411
1423,LOAD,29032878,3444.370895644586
1424,LOAD,28783315,3474.2349864843573
1425,LOAD,31636382,3160.9177054443203
1426,LOAD,31321121,3192.733746662516
1427,LOAD,34005320,2940.7163349734687
1428,LOAD,32680434,3059.934883361708
1429,LOAD,32752092,3053.240080053512
1430,LOAD,31203857,3204.7320304025234
1431,LOAD,32672870,3060.6432798832793
1432,LOAD,29620759,3376.010722750217
1433,LOAD,31551245,3169.4470376684026
1434,LOAD,29640982,3373.707389316589
1435,LOAD,32168913,3108.591204185233
1436,LOAD,34384079,2908.322773455703
1437,LOAD,30916103,3234.5603195849103
1438,LOAD,33267789,3005.9106122141147
1439,LOAD,33021591,3028.321682017078
1440,LOAD,32780882,3050.558554220719
1441,LOAD,30001380,3333.180007053009
1442,LOAD,33670129,2969.9915910628083
1443,LOAD,32307007,3095.3037525265026
1444,LOAD,33568403,2978.9918811448965
1445,LOAD,31904749,3134.3296259751173
1446,LOAD,33117367,3019.56372316676
1447,LOAD,29444470,3396.2234674286888
1448,LOAD,31192274,3205.9220818591166
1449,LOAD,33673926,2969.6567011521024
1450,LOAD,33722150,2965.4099753426162
1451,LOAD,32795921,3049.159680559055
1452,LOAD,33605439,2975.7087833311743
1453,LOAD,31132592,3212.0679190476653
1454,LOAD,31938175,3131.0492850640335
1455,LOAD,32025781,3122.4843509671164
1456,LOAD,33210285,3011.1153818764274
1457,LOAD,32552948,3071.9184019831323
1458,LOAD,34071221,2935.028363086841
1459,LOAD,30804625,3246.2657798950645
1460,LOAD,33511595,2984.0417921021067
1461,LOAD,31038764,3221.7777743984907
1462,LOAD,34100592,2932.500409377057
1463,LOAD,31324257,3192.414108976312
1464,LOAD,32153046,3110.1252428774555
1465,LOAD,32272919,3098.5731411528036
1466,LOAD,31237054,3201.3262198157354
1467,LOAD,30380922,3291.5393416960815
1468,LOAD,31844180,3140.291255733387
1469,LOAD,32461865,3080.5377325055106
1470,LOAD,31674371,3157.126624550808
1471,LOAD,33450662,2989.477457875124
1472,LOAD,32448627,3081.794493184565
1473,LOAD,32942769,3035.5675322860684
1474,LOAD,31197245,3205.411247050821
1475,LOAD,34381001,2908.5831445105396
1476,LOAD,30173092,3314.211218392865
1477,LOAD,34189463,2924.8777613149405
1478,LOAD,29718331,3364.92651623
1479,LOAD,30797536,3247.0130077938707
1480,LOAD,33948879,2945.6053615201845
1481,LOAD,32732312,3055.085140334725
1482,LOAD,31827112,3141.9753070903826
1483,LOAD,30520748,3276.4596726135287
1484,LOAD,33722333,2965.393883038875
1485,LOAD,29040148,3443.5086212370543
1486,LOAD,30220487,3309.013517882753
1487,LOAD,28504943,3508.1634788745237
1488,LOAD,31902358,3134.564535950603
1489,LOAD,30413568,3288.0061951297525
1490,LOAD,34474294,2900.712049389612
1491,LOAD,29955189,3338.3197815910958
1492,LOAD,31023671,3223.3451676302266
1493,LOAD,30519894,3276.551353684256
1494,LOAD,32447114,3081.938196414017
1495,LOAD,32607318,3066.796232673905
1496,LOAD,29220795,3422.2203742232205
1497,LOAD,28742811,3479.130833793535
1498,LOAD,30874917,3238.875103696635
1499,LOAD,28097620,3559.020301363603
1500,LOAD,30211306,3310.0191034442537
1501,LOAD,28875836,3463.1031981203937
1502,LOAD,30057830,3326.9201402762606
1503,LOAD,27970526,3575.1919717205174
1504,LOAD,29337509,3408.6056863246295
1505,LOAD,30177502,3313.726894956382
1506,LOAD,34237023,2920.814698170457
1507,LOAD,32035703,3121.5172646593705
1508,LOAD,32670343,3060.8800158602558
1509,LOAD,29337519,3408.604524465753
1510,LOAD,31225984,3202.4611298077907
1511,LOAD,28871106,3463.670563919512
1512,LOAD,31297049,3195.18942504771
1513,LOAD,33317957,3001.38450866
1514,LOAD,31982635,3126.696721517786
1515,LOAD,31329239,3191.9064487969213
1516,LOAD,31728222,3151.7681640023825
1517,LOAD,29431760,3397.6901143526584
1518,LOAD,35643235,2805.581479907758
1519,LOAD,33038756,3026.748343672504
1520,LOAD,32180646,3107.457817969223
1521,LOAD,30437076,3285.466711716986
1522,LOAD,34478030,2900.3977315409265
1523,LOAD,31067649,3218.7823417214477
1524,LOAD,32956209,3034.3295856632058
1525,LOAD,32719485,3056.2828235224365
1526,LOAD,31746503,3149.953240519121
1527,LOAD,28404696,3520.544631070862
1528,LOAD,29457759,3394.6913612810804
1529,LOAD,31928045,3132.0426916211127
1530,LOAD,33103581,3020.821221728247
1531,LOAD,32370091,3089.2715130149004
1532,LOAD,31374213,3187.330945958708
1533,LOAD,30663272,3261.2305692621453
1534,LOAD,31257824,3199.199022939025
1535,LOAD,30832804,3243.2989227966423
1536,LOAD,33699881,2967.369528693588
1537,LOAD,33135941,3017.8711387734547
1538,LOAD,33140446,3017.4608995907897
1539,LOAD,28404047,3520.625071490693
1540,LOAD,27533167,3631.9832004796253
1541,LOAD,32417138,3084.7880525418377
1542,LOAD,30700936,3257.2296818572568
1543,LOAD,31341581,3190.6495080768264
1544,LOAD,31420151,3182.670891683493
1545,LOAD,28125931,3555.4378626613284
1546,LOAD,28809538,3471.0726704468498
1547,LOAD,29899057,3344.587088482423
1548,LOAD,28778241,3474.8475419328097
1549,LOAD,31605332,3164.0230831936838
1550,LOAD,31630685,3161.487018064895
1551,LOAD,32404056,3086.0334274203205
1552,LOAD,30788604,3247.9549900995835
1553,LOAD,30327218,3297.3680605982386
1554,LOAD,31869823,3137.76452413934
1555,LOAD,29326099,3409.9318835416875
1556,LOAD,28928136,3456.8421553327876
1557,LOAD,29665951,3370.8678343060706
1558,LOAD,29866058,3348.2825219183596
1559,LOAD,30207119,3310.4779042317805
1560,LOAD,36365242,2749.878579111339
1561,LOAD,32703416,3057.7845445870244
1562,LOAD,32187153,3106.829609937853
1563,LOAD,30778649,3249.0055037828333
1564,LOAD,33172751,3014.522371087041
1565,LOAD,30430590,3286.166978688221
1566,LOAD,30690947,3258.2898142569534
1567,LOAD,33126076,3018.7698657697943
1568,LOAD,30415749,3287.7704244600386
1569,LOAD,31079129,3217.5933887979936
1570,LOAD,29990362,3334.40456637369
1571,LOAD,30813143,3245.368380629006
1572,LOAD,30769337,3249.988779413739
1573,LOAD,32956684,3034.2858523023738
1574,LOAD,30755615,3251.4388023130086
1575,LOAD,33145503,3017.0005264364218
1576,LOAD,33700933,2967.2769000193557
1577,LOAD,32600740,3067.415034137262
1578,LOAD,32949100,3034.9842636065932
1579,LOAD,33467666,2987.9585866549523
1580,LOAD,31450472,3179.6025191609206
1581,LOAD,31714776,3153.104407863388
1582,LOAD,30416466,3287.6929226426237
1583,LOAD,34079449,2934.3197420826846
1584,LOAD,30612502,3266.639231252643
1585,LOAD,31137999,3211.5101551644343
1586,LOAD,27689547,3611.4711446886436
1587,LOAD,30546663,3273.6800088441737
1588,LOAD,30936275,3232.451224331307
1589,LOAD,34375643,2909.0364942409947
1590,LOAD,30983121,3227.563808048905
1591,LOAD,33742390,2963.6312069180635
1592,LOAD,31100369,3215.3959330836233
1593,LOAD,31800656,3144.5892185368753
1594,LOAD,29447713,3395.8494501763175
1595,LOAD,28678682,3486.910590939988
1596,LOAD,32500837,3076.843836360276
1597,LOAD,31723197,3152.267408609542
1598,LOAD,30960182,3229.9551727441394
1599,LOAD,30204291,3310.7878612346835
1600,LOAD,28779979,3474.6376986585014
1601,LOAD,27709036,3608.931036070688
1602,LOAD,29951078,3338.777989894053
1603,LOAD,29433924,3397.4403141083058
1604,LOAD,30935546,3232.5273974475836
1605,LOAD,32671795,3060.743984222477
1606,LOAD,30762286,3250.7337068513048
1607,LOAD,30542669,3274.108101030725
1608,LOAD,27995615,3571.9879702589137
1609,LOAD,29353587,3406.7386721765893
1610,LOAD,29788457,3357.0050305056084
1611,LOAD,30855302,3240.9340864659175
1612,LOAD,32209593,3104.6651225925148
1613,LOAD,33144150,3017.123685476924
1614,LOAD,32146347,3110.7733640777287
1615,LOAD,33124939,3018.8734838123023
1616,LOAD,31747261,3149.878031997784
1617,LOAD,30642268,3263.4660071506455
1618,LOAD,31881793,3136.586452336605
1619,LOAD,33099424,3021.200610620898
1620,LOAD,34461707,2901.7715228093602
1621,LOAD,31312412,3193.6217497393686
1622,LOAD,34071980,2934.962981311917
1623,LOAD,31181716,3207.0075938091413
1624,LOAD,29473988,3392.8221725543217
1625,LOAD,30108547,3321.3160369379502
1626,LOAD,30187822,3312.5940652492254
1627,LOAD,32495088,3077.3881886394643
1628,LOAD,28095510,3559.2875872336895
1629,LOAD,28417985,3518.8983314615725
1630,LOAD,30091613,3323.1851014433823
1631,LOAD,30775266,3249.3626537622777
1632,LOAD,30971372,3228.788185424914
1633,LOAD,32336909,3092.4415193796044
1634,LOAD,33915872,2948.4720310301914
1635,LOAD,33190253,3012.932742633809
1636,LOAD,31678630,3156.702167991482
1637,LOAD,29458439,3394.613000369775
1638,LOAD,32983541,3031.8151710879074
1639,LOAD,33595968,2976.5476619099054
1640,LOAD,31380908,3186.6509407567173
1641,LOAD,29173229,3427.800193115407
1642,LOAD,32778247,3050.803784595314
1643,LOAD,32026021,3122.460951362019
1644,LOAD,32057909,3119.3550396565165
1645,LOAD,30499782,3278.7119593182665
1646,LOAD,29395522,3401.8786943126916
1647,LOAD,32290634,3096.8732295562854
1648,LOAD,31750805,3149.5264450775344
1649,LOAD,34124717,2930.427232554046
1650,LOAD,32983166,3031.849641116926
1651,LOAD,33155440,3016.096302748508
1652,LOAD,35095899,2849.3357585739573
1653,LOAD,31789584,3145.6844480884056
1654,LOAD,33474275,2987.368658469825
1655,LOAD,31368245,3187.9373551182093
1656,LOAD,33846451,2954.5195152070746
1657,LOAD,32575576,3069.7845526967812
1658,LOAD,32905321,3039.0221690893095
1659,LOAD,30918843,3234.273675764646
1660,LOAD,33290771,3003.8355074443903
1661,LOAD,31414932,3183.1996325823657
1662,LOAD,33271526,3005.5729935561117
1663,LOAD,31684486,3156.1187389942193
1664,LOAD,32434432,3083.143247274995
1665,LOAD,33359245,2997.669761410967
1666,LOAD,31506263,3173.9721083392214
1667,LOAD,32133005,3112.0649936101527
1668,LOAD,29291108,3414.005369820766
1669,LOAD,29570044,3381.800852240869
1670,LOAD,31742817,3150.319015479943
1671,LOAD,29990365,3334.4042328261094
1672,LOAD,29134743,3432.3282000462473
1673,LOAD,33667063,2970.262062954526
1674,LOAD,30750071,3252.025011584526
1675,LOAD,27745156,3604.2327532777254
1676,LOAD,33875220,2952.010348567478
1677,LOAD,30011040,3332.1071179139412
1678,LOAD,29596053,3378.8289269518473
1679,LOAD,34605383,2889.723832849935
1680,LOAD,34202221,2923.786733031168
1681,LOAD,32652672,3062.5365054351446
1682,LOAD,33229409,3009.382441920649
1683,LOAD,33165872,3015.1476192153186
1684,LOAD,32725152,3055.7535683867873
1685,LOAD,30203378,3310.8879410773193
1686,LOAD,34347382,2911.4300472740542
1687,LOAD,30575635,3270.578027242934
1688,LOAD,35322054,2831.092438735301
1689,LOAD,32938301,3035.979299600183
1690,LOAD,32895338,3039.9444444072897
1691,LOAD,35190862,2841.6467888737707
1692,LOAD,34676894,2883.764618595887
1693,LOAD,33029496,3027.596909138426
1694,LOAD,34001205,2941.072235528123
1695,LOAD,31282840,3196.640714206255
1696,LOAD,32042220,3120.882385802232
1697,LOAD,31790177,3145.625769872247
1698,LOAD,32192641,3106.2999770661872
1699,LOAD,32962053,3033.791614860883
1700,LOAD,31782093,3146.425882021049
1701,LOAD,33405012,2993.5627623782925
1702,LOAD,35169370,2843.383319064288
1703,LOAD,33588175,2977.2382691229873
1704,LOAD,31952250,3129.6700545345007
1705,LOAD,29333037,3409.125349004946
1706,LOAD,33187256,3013.2048277808804
1707,LOAD,31680224,3156.5433375723605
1708,LOAD,34464608,2901.5272711066377
1709,LOAD,30542204,3274.1579487845734
1710,LOAD,32252220,3100.5617597796368
1711,LOAD,32271345,3098.7242707113696
1712,LOAD,31175619,3207.6347866581254
1713,LOAD,32907384,3038.8316494559394
1714,LOAD,33669305,2970.0642766460433
1715,LOAD,31560327,3168.534977473459
1716,LOAD,29429141,3397.992486426974
1717,LOAD,34857668,2868.8092387591732
1718,LOAD,30236994,3307.2070590085773
1719,LOAD,33518326,2983.44255020373
1720,LOAD,32407898,3085.667573996931
1721,LOAD,33799860,2958.592136180446
1722,LOAD,30797364,3247.0311420159205
1723,LOAD,32539634,3073.1753159854225
1724,LOAD,39979808,2501.262637379349
1725,LOAD,34239039,2920.642720141766
1726,LOAD,33035184,3027.0756173175846
1727,LOAD,33803545,2958.269613438472
1728,LOAD,29176614,3427.402508049769
1729,LOAD,31396987,3185.018995612541
1730,LOAD,33233818,3008.9831989812305
1731,LOAD,30556478,3272.628475048728
1732,LOAD,33823696,2956.507177689866
1733,LOAD,30746783,3252.372776690166
1734,LOAD,33833900,2955.615521710474
1735,LOAD,30763672,3250.5872510927825
1736,LOAD,35048702,2853.172708079175
1737,LOAD,32224271,3103.250962605174
1738,LOAD,33205526,3011.5469334833
1739,LOAD,31817212,3142.952940062756
1740,LOAD,33622341,2974.212890173233
1741,LOAD,32433847,3083.1988570458507
1742,LOAD,31944186,3130.4601093920505
1743,LOAD,32928847,3036.850941060888
1744,LOAD,32360737,3090.164479257688
1745,LOAD,31969014,3128.0289094934237
1746,LOAD,33100251,3021.1251268155033
1747,LOAD,31379759,3186.767623040062
1748,LOAD,32268523,3098.9952654480035
1749,LOAD,32870112,3042.2774342843736
1750,LOAD,32015320,3123.5046221621396
1751,LOAD,29819535,3353.5063507864893
1752,LOAD,31982613,3126.698872290391
1753,LOAD,30442459,3284.885757750384
1754,LOAD,31313245,3193.5367924978714
1755,LOAD,32488046,3078.055232992467
1756,LOAD,32970434,3033.020432791391
1757,LOAD,31926452,3132.1989678026234
1758,LOAD,33117078,3019.5900737377856
1759,LOAD,33889648,2950.7535752510616
1760,LOAD,30814925,3245.180703831017
1761,LOAD,32240813,3101.6587577986948
1762,LOAD,30427124,3286.541310969778
1763,LOAD,31360476,3188.7271098818783
1764,LOAD,31650266,3159.531107890215
1765,LOAD,29614668,3376.7050841157497
1766,LOAD,31533708,3171.209678227502
1767,LOAD,29814527,3354.0696453108244
1768,LOAD,33708377,2966.621620495107
1769,LOAD,33550700,2980.5637438265076
1770,LOAD,32148472,3110.5677433129636
1771,LOAD,32272171,3098.644959460583
1772,LOAD,30492616,3279.482481922837
1773,LOAD,32729702,3055.328765290927
1774,LOAD,33427468,2991.5517382291714
1775,LOAD,34243475,2920.264371533555
1776,LOAD,33024962,3028.012568190086
1777,LOAD,33827872,2956.1422013184865
1778,LOAD,32488205,3078.040168732006
1779,LOAD,30934557,3232.630743669612
1780,LOAD,31346963,3190.1017013992714
1781,LOAD,35099849,2849.015105449599
1782,LOAD,31287396,3196.175226599235
1783,LOAD,32485063,3078.337881013191
1784,LOAD,31727344,3151.855383797648
1785,LOAD,32245104,3101.246006215393
1786,LOAD,31158933,3209.3525153765695
1787,LOAD,34875677,2867.3278514421386
1788,LOAD,30857687,3240.6835936860725
1789,LOAD,33875908,2951.950394953251
1790,LOAD,25257827,3959.1687756828806
1791,LOAD,33833527,2955.648106093107
1792,LOAD,34027913,2938.763831916462
1793,LOAD,33504722,2984.6539243035654
1794,LOAD,35317493,2831.458053945109
1795,LOAD,33138800,3017.610776491605
1796,LOAD,32850673,3044.077666232287
1797,LOAD,33905835,2949.3448546540735
1798,LOAD,32708203,3057.3370233760625
1799,LOAD,33599455,2976.2387514916536
1800,LOAD,33725866,2965.083239078279
1801,LOAD,30263005,3304.364520311185
1802,LOAD,33859409,2953.3888202242397
1803,LOAD,34199941,2923.981652482968
1804,LOAD,29160657,3429.2780166098455
1805,LOAD,29660245,3371.5163175489615
1806,LOAD,31365745,3188.1914489835963
1807,LOAD,31586273,3165.9322389824215
1808,LOAD,31507866,3173.810628749024
1809,LOAD,31871317,3137.6174382752993
1810,LOAD,29732314,3363.3440034300725
1811,LOAD,29172040,3427.9399040999533
1812,LOAD,33002035,3030.1161731390202
1813,LOAD,32342893,3091.8693636960675
1814,LOAD,31769088,3147.713903527857
1815,LOAD,34671562,2884.2081011521777
1816,LOAD,32017428,3123.2989732966685
1817,LOAD,33897355,2950.08268344241
1818,LOAD,34635853,2887.181672701983
1819,LOAD,33374900,2996.2636592169565
1820,LOAD,32864815,3042.7677745941974
1821,LOAD,31508733,3173.7232976013347
1822,LOAD,33304771,3002.5728145676185
1823,LOAD,33235884,3008.796155384343
1824,LOAD,32189056,3106.645935811227
1825,LOAD,31311188,3193.7465930708217
1826,LOAD,33120077,3019.3166519510205
1827,LOAD,30344046,3295.539428064405
1828,LOAD,35225751,2838.8323076490265
1829,LOAD,32148032,3110.6103166750613
1830,LOAD,33120598,3019.2691569155845
1831,LOAD,30533805,3275.0585785165
1832,LOAD,33445889,2989.9040805882005
1833,LOAD,32006619,3124.353746954653
1834,LOAD,32159161,3109.5338587968763
1835,LOAD,32048858,3120.235984695617
1836,LOAD,33218522,3010.3687334433484
1837,LOAD,30931705,3232.928802340511
1838,LOAD,30792300,3247.5651380377562
1839,LOAD,32467137,3080.0375160889607
1840,LOAD,31337822,3191.0322293616955
1841,LOAD,32853910,3043.7777421317583
1842,LOAD,31211616,3203.9353553497517
1843,LOAD,33922713,2947.877429496868
1844,LOAD,31545122,3170.0622365638656
1845,LOAD,33721274,2965.487009773118
1846,LOAD,32872888,3042.0205246341607
1847,LOAD,34264857,2918.442064416028
1848,LOAD,32569690,3070.339324691147
1849,LOAD,31300758,3194.8108093740098
1850,LOAD,32902639,3039.2698895672165
1851,LOAD,30684677,3258.955601846485
1852,LOAD,34743770,2878.213849562094
1853,LOAD,32856494,3043.538364135869
1854,LOAD,32025085,3122.5522118052145
1855,LOAD,30072868,3325.2565069616903
1856,LOAD,33596391,2976.510185275555
1857,LOAD,30820366,3244.6078025160373
1858,LOAD,34674378,2883.9738668131263
1859,LOAD,31445838,3180.071079676745
1860,LOAD,33614592,2974.898520261677
1861,LOAD,31019642,3223.7638332512024
1862,LOAD,33806909,2957.9752470123785
1863,LOAD,30958347,3230.1466224924734
1864,LOAD,33565107,2979.2844098485966
1865,LOAD,30541666,3274.2156239937926
1866,LOAD,34939455,2862.0938706685606
1867,LOAD,30227825,3308.2102334521255
1868,LOAD,33882754,2951.3539542860067
1869,LOAD,31854255,3139.2980309851855
1870,LOAD,34040194,2937.703586530676
1871,LOAD,30810250,3245.6731120325217
1872,LOAD,33730698,2964.6584840906644
1873,LOAD,31516089,3172.9825359993115
1874,LOAD,33647479,2971.9908585127578
1875,LOAD,34538326,2895.334301957773
1876,LOAD,33054633,3025.294517715565
1877,LOAD,35661548,2804.1407512652004
1878,LOAD,33860455,2953.2975856349244
1879,LOAD,33855481,2953.7314799928554
1880,LOAD,33281525,3004.670008360494
1881,LOAD,31152684,3209.9962879602926
1882,LOAD,34736762,2878.7945174625083
1883,LOAD,29584290,3380.172382031139
1884,LOAD,34855588,2868.980434356752
1885,LOAD,29636278,3374.2428789472146
1886,LOAD,34253856,2919.379353962369
1887,LOAD,33165788,3015.1552557713994
1888,LOAD,31756047,3149.0065498391536
1889,LOAD,30939064,3232.1598352167343
1890,LOAD,33125776,3018.7972049318937
1891,LOAD,31483833,3176.2333385518846
1892,LOAD,34123766,2930.508901039821
1893,LOAD,32560436,3071.2119456877053
1894,LOAD,33417124,2992.477748833203
1895,LOAD,30277513,3302.781176247864
1896,LOAD,33227634,3009.5432013004597
1897,LOAD,30614826,3266.391257621389
1898,LOAD,36285687,2755.907584166727
1899,LOAD,29744615,3361.9530795742357
1900,LOAD,31162506,3208.9845405886163
1901,LOAD,29182915,3426.6624838539947
1902,LOAD,33290977,3003.81692012223
1903,LOAD,31080723,3217.428371920434
1904,LOAD,35218208,2839.440325867801
1905,LOAD,30426985,3286.5563249201327
1906,LOAD,34050372,2936.825477266445
1907,LOAD,30296177,3300.746493526229
1908,LOAD,34227422,2921.6340044540893
1909,LOAD,30235703,3307.348269692952
1910,LOAD,34159984,2927.4018395324774
1911,LOAD,31173590,3207.8435624514213
1912,LOAD,33769740,2961.230971870082
1913,LOAD,31630298,3161.525699188797
1914,LOAD,33687263,2968.480995324553
1915,LOAD,30914900,3234.686186919576
1916,LOAD,33583732,2977.6321464213684
1917,LOAD,32203487,3105.253788200017
1918,LOAD,33364972,2997.1552201512413
1919,LOAD,32447454,3081.905902386055
1920,LOAD,33342645,2999.1621840438875
1921,LOAD,36857664,2713.13993203693
1922,LOAD,32499102,3077.0080970237273
1923,LOAD,33621933,2974.2489820558503
1924,LOAD,32302518,3095.733899134427
1925,LOAD,33021950,3028.2887594463687
1926,LOAD,34870723,2867.7352058344186
1927,LOAD,32897762,3039.7204527165104
1928,LOAD,33203767,3011.706472943266
1929,LOAD,30305693,3299.7100577769334
1930,LOAD,33514857,2983.75135540635
1931,LOAD,30700309,3257.2962050642554
1932,LOAD,34440671,2903.543894368376
1933,LOAD,32115364,3113.774453871985
1934,LOAD,32683151,3059.680506325721
1935,LOAD,30316061,3298.5815670446104
1936,LOAD,35296747,2833.1222704460556
1937,LOAD,32686816,3059.337440514243
1938,LOAD,32265861,3099.2509389413162
1939,LOAD,30175630,3313.9324680213804
1940,LOAD,34746741,2877.9677495509577
1941,LOAD,31322153,3192.628552705173
1942,LOAD,34182367,2925.484943743071
1943,LOAD,34305715,2914.966208982964
1944,LOAD,32637646,3063.9464623153276
1945,LOAD,32844539,3044.646173904283
1946,LOAD,32267142,3099.1278992109064
1947,LOAD,33293703,3003.570975568563
1948,LOAD,31743667,3150.234659404662
1949,LOAD,32472991,3079.482268818416
1950,LOAD,31371055,3187.6518019556565
1951,LOAD,29670931,3370.3020643336063
1952,LOAD,34075812,2934.632929656966
1953,LOAD,30264348,3304.217887000242
1954,LOAD,31165186,3208.7085891289084
1955,LOAD,33704612,2966.953009279561
1956,LOAD,35564179,2811.818037469669
1957,LOAD,31622043,3162.3510220386456
1958,LOAD,33303996,3002.6426858806976
1959,LOAD,36114962,2768.935489950121
1960,LOAD,33982186,2942.718281866858
1961,LOAD,33409367,2993.1725434965592
1962,LOAD,34483880,2899.9056950667964
1963,LOAD,31141741,3211.124259237786
1964,LOAD,31891864,3135.595962656808
1965,LOAD,31250414,3199.957606961623
1966,LOAD,32947377,3035.1429796672433
1967,LOAD,32095203,3115.7304099307303
1968,LOAD,30903265,3235.904037971392
1969,LOAD,32318627,3094.1908516101257
1970,LOAD,29726637,3363.986313016168
1971,LOAD,30471342,3281.7720991743654
1972,LOAD,31921850,3132.65051994167
1973,LOAD,24715763,4046.0009266151324
1974,LOAD,32802461,3048.551753479716
1975,LOAD,30142518,3317.5728716492763
1976,LOAD,33951712,2945.359574209395
1977,LOAD,30432150,3285.9985245866624
1978,LOAD,35365147,2827.642707098036
1979,LOAD,32719684,3056.264235314742
1980,LOAD,32612571,3066.3022550414685
1981,LOAD,34323954,2913.417259561646
1982,LOAD,31760010,3148.613618194705
1983,LOAD,34379237,2908.7323840258587
1984,LOAD,30115952,3320.499381855835
1985,LOAD,33388398,2995.052353215629
1986,LOAD,32786703,3050.0169535192363
1987,LOAD,34315710,2914.1171784002136
1988,LOAD,29513702,3388.2567493566207
1989,LOAD,33510115,2984.1735846027386
1990,LOAD,34180242,2925.6668223706547
1991,LOAD,32604730,3067.039659583134
1992,LOAD,34243881,2920.2297484914166
1993,LOAD,31294741,3195.425071579918
1994,LOAD,30937189,3232.3557256607896
1995,LOAD,33341181,2999.293876242716
1996,LOAD,29359892,3406.007079317594
1997,LOAD,34561434,2893.3984625753665
1998,LOAD,33575623,2978.3512877780404
1999,LOAD,32241803,3101.5635198813166
2000,LOAD,33879025,2951.678804215883
2001,LOAD,30778489,3249.022393529455
2002,LOAD,34620288,2888.47972610742
2003,LOAD,31373751,3187.3778815928003
2004,LOAD,34857859,2868.79351941839
2005,LOAD,30078922,3324.5872308854687
2006,LOAD,32503463,3076.595253865719
2007,LOAD,31340561,3190.7533499480114
2008,LOAD,31388613,3185.8687097770135
2009,LOAD,33813657,2957.3849406469108
2010,LOAD,32103530,3114.9222530980237
2011,LOAD,32406022,3085.8462047578687
2012,LOAD,32541452,3073.003626267199
2013,LOAD,32643365,3063.40966992833
2014,LOAD,32633313,3064.3532883100165
2015,LOAD,32742088,3054.172965389379
2016,LOAD,30778735,3248.996425616582
2017,LOAD,32578398,3069.5186423838277
2018,LOAD,33000056,3030.297887979342
2019,LOAD,33649897,2971.7772984565154
2020,LOAD,31706903,3153.8873411887625
2021,LOAD,32890336,3040.406762642984
2022,LOAD,31275807,3197.3595437521403
2023,LOAD,33381899,2995.635449019842
2024,LOAD,40582825,2464.0965728728843
2025,LOAD,34510591,2897.6611846490837
2026,LOAD,34624630,2888.117504793553
2027,LOAD,30884308,3237.890258055968
2028,LOAD,31021610,3223.559318810339
2029,LOAD,34753801,2877.3831098359574
2030,LOAD,32608966,3066.6412421663413
2031,LOAD,32494004,3077.4908503119527
2032,LOAD,32476022,3079.194859518201
2033,LOAD,29723062,3364.3909231155258
2034,LOAD,32608153,3066.7177009381676
2035,LOAD,33503305,2984.7801582560287
2036,LOAD,32599503,3067.531428316561
2037,LOAD,31869300,3137.816017295642
2038,LOAD,31684019,3156.165257949126
2039,LOAD,34524201,2896.5188796114353
2040,LOAD,33041915,3026.4589688581914
2041,LOAD,31918280,3133.0009010510594
2042,LOAD,33257903,3006.8041271273173
2043,LOAD,30941952,3231.858158140766
2044,LOAD,32334603,3092.6620623732415
2045,LOAD,32402498,3086.181812278794
2046,LOAD,34916343,2863.988362126011
2047,LOAD,29810556,3354.516433708918
2048,LOAD,32889631,3040.4719347565806
2049,LOAD,33931031,2947.1547740473907
2050,LOAD,33389584,2994.9459687787667
2051,LOAD,30805865,3246.135110960202
2052,LOAD,31377627,3186.9841527531703
2053,LOAD,32119427,3113.380571826515
2054,LOAD,31955171,3129.38397356722
2055,LOAD,32696904,3058.393540868579
2056,LOAD,31299613,3194.9276816937
2057,LOAD,34053810,2936.5289816323047
2058,LOAD,34470197,2901.0568172847984
2059,LOAD,31853049,3139.416889102202
2060,LOAD,30807200,3245.994442857514
2061,LOAD,32612403,3066.3180508348314
2062,LOAD,32480830,3078.7390593159103
2063,LOAD,33214444,3010.7383402233077
2064,LOAD,31931306,3131.7228302531694
2065,LOAD,32922762,3037.412231695506
2066,LOAD,32905312,3039.0230002985536
2067,LOAD,35796838,2793.5428263244926
2068,LOAD,33003309,3029.999204019209
2069,LOAD,33376611,2996.1100604252483
2070,LOAD,29991997,3334.222792833702
2071,LOAD,34181388,2925.5687334873587
2072,LOAD,32430378,3083.5286594562667
2073,LOAD,32498476,3077.0673677128734
2074,LOAD,33203704,3011.712187290912
2075,LOAD,31149263,3210.34882911997
2076,LOAD,32928615,3036.872337327276
2077,LOAD,31664394,3158.1213902277746
2078,LOAD,33139780,3017.5215405775175
2079,LOAD,31984867,3126.478531237913
2080,LOAD,32424268,3084.109716833083
2081,LOAD,32042834,3120.8225839200118
2082,LOAD,32713267,3056.8637488881805
2083,LOAD,32390627,3087.3128822112644
2084,LOAD,32747919,3053.629148160529
2085,LOAD,34601920,2890.0130397388352
2086,LOAD,34787164,2874.6235249300576
2087,LOAD,32963259,3033.680619989668
2088,LOAD,35077929,2850.795438921152
2089,LOAD,31436529,3181.012763845525
2090,LOAD,34181626,2925.5483633224467
2091,LOAD,35198862,2841.0009391780904
2092,LOAD,34353681,2910.8962151683254
2093,LOAD,33632325,2973.3299734704633
2094,LOAD,33367585,2996.920514325505
2095,LOAD,32834653,3045.562869204069
2096,LOAD,34085850,2933.7687046090973
2097,LOAD,34828260,2871.2315803316046
2098,LOAD,31891068,3135.674227028082
2099,LOAD,30241122,3306.7556157473255
2100,LOAD,31821252,3142.553913340682
2101,LOAD,34804165,2873.219340271488
2102,LOAD,32127258,3112.6216871667043
2103,LOAD,30529700,3275.498940376093
2104,LOAD,30344267,3295.5154263571435
2105,LOAD,33054711,3025.287378855014
2106,LOAD,31902475,3134.553040163812
2107,LOAD,30664114,3261.1410197601012
2108,LOAD,29602884,3378.0492468233842
2109,LOAD,32025616,3122.5004383990617
2110,LOAD,31993433,3125.6414402293117
2111,LOAD,34771596,2875.910556420821
2112,LOAD,31756933,3148.9186943839945
2113,LOAD,32649864,3062.7998940516263
2114,LOAD,34579661,2891.8733471678624
2115,LOAD,32208899,3104.7320183158076
2116,LOAD,34092171,2933.224757085725
2117,LOAD,31252766,3199.7167866677787
2118,LOAD,35639778,2805.8536167088355
2119,LOAD,33272594,3005.4765192037626
2120,LOAD,32632893,3064.3927279141326
2121,LOAD,36607073,2731.7125299802037
2122,LOAD,30040273,3328.864554593096
2123,LOAD,33723139,2965.323008632144
2124,LOAD,31213106,3203.782411144857
2125,LOAD,33464398,2988.250378805559
2126,LOAD,26031292,3841.530416546363
2127,LOAD,32148161,3110.5978348186077
2128,LOAD,36868887,2712.3140440881766
2129,LOAD,36197552,2762.61775934461
2130,LOAD,30796172,3247.1568219582614
2131,LOAD,33320370,3001.167153906154
2132,LOAD,32114464,3113.86171663958
2133,LOAD,27865342,3588.687337840677
2134,LOAD,31919094,3132.9210033342424
2135,LOAD,29294770,3413.5786012315507
2136,LOAD,30888313,3237.4704309685026
2137,LOAD,29154352,3430.019641664476
2138,LOAD,31187245,3206.4390426278437
2139,LOAD,30173033,3314.2176989631766
2140,LOAD,34929699,2862.8932645540403
2141,LOAD,28677151,3487.096748209053
2142,LOAD,31161893,3209.047666006683
2143,LOAD,32246083,3101.1518515287576
2144,LOAD,29976433,3335.9539475560687
2145,LOAD,31393327,3185.390321962371
2146,LOAD,32108422,3114.4476673441004
2147,LOAD,30335189,3296.501630499154
2148,LOAD,35254991,2836.4778195518475
2149,LOAD,34653165,2885.73929682902
2150,LOAD,33222231,3010.032649523146
2151,LOAD,30850099,3241.4806837410797
2152,LOAD,34264712,2918.4544145592117
2153,LOAD,34438281,2903.745398906525
2154,LOAD,30527674,3275.7163221803276
2155,LOAD,34125894,2930.326162297755
2156,LOAD,35228222,2838.6331844962256
2157,LOAD,26840879,3725.660400316994
2158,LOAD,31751922,3149.415647972428
2159,LOAD,32852625,3043.896796679109
2160,LOAD,33863500,2953.032025632318
2161,LOAD,33696915,2967.6307163430242
2162,LOAD,29992573,3334.15875990366
2163,LOAD,34013647,2939.996407912389
2164,LOAD,33084686,3022.5464433907578
2165,LOAD,33320213,3001.181294969513
2166,LOAD,30427800,3286.468295440354
2167,LOAD,32473310,3079.4520176723595
2168,LOAD,31269913,3197.9622073141045
2169,LOAD,35744495,2797.6335936484766
2170,LOAD,33139547,3017.54275639314
2171,LOAD,32845411,3044.565342781066
2172,LOAD,34579467,2891.8895713459087
2173,LOAD,31817532,3142.9213302904823
2174,LOAD,35484908,2818.099457944206
2175,LOAD,36949058,2706.4289433305717
2176,LOAD,34600630,2890.1207868180436
2177,LOAD,32551361,3072.0681694384452
2178,LOAD,31164136,3208.8166987847826
2179,LOAD,31667792,3157.7825192233167
2180,LOAD,35999758,2777.796450742808
2181,LOAD,32457124,3080.9877055034203
2182,LOAD,34462081,2901.740031311516
2183,LOAD,29707717,3366.12874021925
2184,LOAD,34653241,2885.73296794952
2185,LOAD,31891930,3135.58947357529
2186,LOAD,32645991,3063.163253337906
2187,LOAD,32518040,3075.216095435026
2188,LOAD,33958939,2944.732755048678
2189,LOAD,35771826,2795.4960979626817
2190,LOAD,28156938,3551.5225412649625
2191,LOAD,30936117,3232.4677334262733
2192,LOAD,32209467,3104.6772677113845
2193,LOAD,28688451,3485.7232270923237
2194,LOAD,32056986,3119.444853611628
2195,LOAD,31885451,3136.226613197348
2196,LOAD,31601462,3164.410557967223
2197,LOAD,28610706,3495.19512031615
2198,LOAD,32268881,3098.9608843269157
2199,LOAD,28782484,3474.335293645955
2200,LOAD,33451655,2989.388716343033
2201,LOAD,31374371,3187.314894695419
2202,LOAD,32952446,3034.676090509336
2203,LOAD,32349081,3091.2779253296253
2204,LOAD,27342007,3657.3759929181497
2205,LOAD,28904170,3459.708408855885
2206,LOAD,33679074,2969.202775587001
2207,LOAD,33651269,2971.6561357611804
2208,LOAD,29906413,3343.764429388439
2209,LOAD,28024087,3568.3588906928526
2210,LOAD,34259887,2918.865435837544
2211,LOAD,34126532,2930.2713794651036
2212,LOAD,31108425,3214.56325738124
2213,LOAD,29090035,3437.6032892363314
2214,LOAD,30305948,3299.6822933900635
2215,LOAD,30181933,3313.2404077631477
2216,LOAD,33202555,3011.8164099118276
2217,LOAD,29895024,3345.0382913223284
2218,LOAD,31621844,3162.3709230872178
2219,LOAD,34237502,2920.773834492949
2220,LOAD,32977677,3032.354280139259
2221,LOAD,30867596,3239.643281582408
2222,LOAD,31101364,3215.2930656031676
2223,LOAD,33427920,2991.5112875703903
2224,LOAD,31291329,3195.7735000645066
2225,LOAD,35279460,2834.510505546287
2226,LOAD,34410747,2906.068851106313
2227,LOAD,29114784,3434.6811571743074
2228,LOAD,31220040,3203.0708480834746
2229,LOAD,30351177,3294.765142056929
2230,LOAD,32806650,3048.162491446094
2231,LOAD,31873117,3137.4402447052794
2232,LOAD,31778208,3146.8105438796297
2233,LOAD,31133460,3211.978366683305
2234,LOAD,33283999,3004.446671206786
2235,LOAD,27538944,3631.2212988268543
2236,LOAD,29816263,3353.8743604455058
2237,LOAD,32824191,3046.533576410154
2238,LOAD,31269917,3197.9617982356654
2239,LOAD,31183265,3206.8482886573934
2240,LOAD,32050171,3120.1081579252727
2241,LOAD,29185849,3426.3180077440957
2242,LOAD,26881500,3720.030504250135
2243,LOAD,27267394,3667.38383580037
2244,LOAD,34161036,2927.311689259073
2245,LOAD,31463791,3178.256555289221
2246,LOAD,34458659,2902.028195583583
2247,LOAD,31638766,3160.6795283988004
2248,LOAD,27113367,3688.2176971971057
2249,LOAD,25278552,3955.9227917801622
2250,LOAD,34238788,2920.66413098501
2251,LOAD,32417512,3084.752463421622
2252,LOAD,28671935,3487.7311210422317
2253,LOAD,33352110,2998.311051384755
2254,LOAD,34523512,2896.5766866360527
2255,LOAD,33827011,2956.217444101106
2256,LOAD,32047081,3120.409000744873
2257,LOAD,32853945,3043.7744995311828
2258,LOAD,31566722,3167.893074231781
2259,LOAD,32068620,3118.3131672020813
2260,LOAD,27219249,3673.8706494069697
2261,LOAD,32329305,3093.1688757305483
2262,LOAD,32547486,3072.4339200883287
2263,LOAD,32946247,3035.24707988743
2264,LOAD,34397572,2907.1819371437027
2265,LOAD,31397765,3184.9400745562625
2266,LOAD,32477018,3079.1004272621335
2267,LOAD,33301628,3002.8561967000533
2268,LOAD,29757651,3360.480301351743
2269,LOAD,26802600,3730.9813227074983
2270,LOAD,25358479,3943.4541795665264
2271,LOAD,27518668,3633.8968150638684
2272,LOAD,34707342,2881.234754306452
2273,LOAD,32548393,3072.348303032964
2274,LOAD,29975060,3336.106750078232
2275,LOAD,30929233,3233.187192194517
2276,LOAD,31230991,3201.9477063664103
2277,LOAD,30902460,3235.988332320469
2278,LOAD,32056715,3119.471224671648
2279,LOAD,31740463,3150.5526557693884
2280,LOAD,32501401,3076.7904435873397
2281,LOAD,32827772,3046.2012469198335
2282,LOAD,33325876,3000.671310185515
2283,LOAD,32755476,3052.9246468590472
2284,LOAD,32259534,3099.8587890327244
2285,LOAD,33655866,2971.2502420826136
2286,LOAD,34568483,2892.808457923942
2287,LOAD,30643532,3263.3313940442636
2288,LOAD,31662100,3158.3502041873408
2289,LOAD,30570676,3271.1085616817895
2290,LOAD,28014330,3569.6017002726817
2291,LOAD,27244502,3670.465329114843
2292,LOAD,32921291,3037.5479503522506
2293,LOAD,31277928,3197.142726334046
2294,LOAD,34121991,2930.6613438823074
2295,LOAD,33463146,2988.3621820853305
2296,LOAD,35989825,2778.563107767265
2297,LOAD,29451137,3395.4546474725234
2298,LOAD,32997088,3030.5704551868334
2299,LOAD,24857446,4022.9394443821784
2300,LOAD,35658233,2804.401440755631
2301,LOAD,33793834,2959.1197021326434
2302,LOAD,34105373,2932.089322113557
2303,LOAD,34315778,2914.1114037979846
2304,LOAD,31393181,3185.405136230062
2305,LOAD,33993675,2941.7237177210172
2306,LOAD,31944239,3130.4549155170043
2307,LOAD,33649425,2971.818983533894
2308,LOAD,32569283,3070.377692993733
2309,LOAD,32079555,3117.2502237016693
2310,LOAD,31822691,3142.411809233858
2311,LOAD,32672039,3060.721126098068
2312,LOAD,30410165,3288.3741341094333
2313,LOAD,33416354,2992.5467033297527
2314,LOAD,30914380,3234.740596447349
2315,LOAD,34081093,2934.1781966910507
2316,LOAD,33348393,2998.6452420660867
2317,LOAD,28135894,3554.178872013095
2318,LOAD,29789426,3356.8958327696546
2319,LOAD,32488575,3078.0051141054973
2320,LOAD,34392675,2907.595876156769
2321,LOAD,30410029,3288.388840405249
2322,LOAD,35410627,2824.0109953432907
2323,LOAD,35387199,2825.8806242336386
2324,LOAD,28744695,3478.9028027606482
2325,LOAD,27512739,3634.6799204543026
2326,LOAD,26450873,3780.593555456563
2327,LOAD,24909072,4014.601587726753
2328,LOAD,28952265,3453.9612013084297
2329,LOAD,34116418,2931.1400745529613
2330,LOAD,34826519,2871.375115038055
2331,LOAD,36613020,2731.2688218562685
2332,LOAD,31539056,3170.6719440176016
2333,LOAD,34087965,2933.586677878835
2334,LOAD,30548008,3273.5358717989075
2335,LOAD,33388811,2995.015306175473
2336,LOAD,31496247,3174.981450964618
2337,LOAD,35478182,2818.6337169136796
2338,LOAD,27481757,3638.7775352209105
2339,LOAD,33335101,2999.8409184360953
2340,LOAD,29896793,3344.8403646504826
2341,LOAD,33993507,2941.738256073432
2342,LOAD,30640174,3263.68903779724
2343,LOAD,33166711,3015.071346688552
2344,LOAD,32964729,3033.5453387164202
2345,LOAD,36137970,2767.1725888310825
2346,LOAD,34158435,2927.534589919005
2347,LOAD,32013363,3123.695564255464
2348,LOAD,32456436,3081.0530151862636
2349,LOAD,29007015,3447.4419377519544
2350,LOAD,28695809,3484.829439727592
2351,LOAD,27934288,3579.8299208485287
2352,LOAD,34388207,2907.9736550381936
2353,LOAD,26615518,3757.206604057077
2354,LOAD,29644967,3373.2538815104767
2355,LOAD,21779537,4591.465833272764
2356,LOAD,32581279,3069.2472201597734
2357,LOAD,30330507,3297.0104983737992
2358,LOAD,31333033,3191.519952760398
2359,LOAD,33284414,3004.409210869688
2360,LOAD,33269955,3005.7149160556423
2361,LOAD,31422706,3182.4121067103515
2362,LOAD,30483495,3280.463739476067
2363,LOAD,31662871,3158.2732974530327
2364,LOAD,30155747,3316.1174883182302
2365,LOAD,33508595,2984.308951181033
2366,LOAD,30964040,3229.552732782932
2367,LOAD,30982809,3227.5963099407804
2368,LOAD,35453227,2820.6177113299163
2369,LOAD,33386001,2995.2673876694603
2370,LOAD,33093332,3021.7567696114734
2371,LOAD,33911099,2948.8870295828515
2372,LOAD,34295297,2915.851698266383
2373,LOAD,32537011,3073.4230627392294
2374,LOAD,30839086,3242.6382545838096
2375,LOAD,35691475,2801.7895029555375
2376,LOAD,31967295,3128.1971152079022
2377,LOAD,32915258,3038.1046990426144
2378,LOAD,32835094,3045.5219650048816
2379,LOAD,29430971,3397.78120130661
2380,LOAD,29905152,3343.905424724141
2381,LOAD,34912669,2864.2897510929342
2382,LOAD,35176588,2842.7998758719864
2383,LOAD,33411902,2992.945448002332
2384,LOAD,26855221,3723.670715649668
2385,LOAD,26752288,3737.998035906312
2386,LOAD,32737080,3054.640181714435
2387,LOAD,33470622,2987.6947013413733
2388,LOAD,33246323,3007.851424652284
2389,LOAD,32816767,3047.222780964377
2390,LOAD,32876935,3041.6460658513333
2391,LOAD,34042219,2937.5288373534054
2392,LOAD,30014862,3331.6828176654617
2393,LOAD,31492755,3175.3335013084757
2394,LOAD,34336885,2912.3200896062644
2395,LOAD,34945353,2861.61081274526
2396,LOAD,27730650,3606.1181400363857
2397,LOAD,31219080,3203.169343875604
2398,LOAD,27455496,3642.2580018222943
2399,LOAD,34696133,2882.1655715926613
2400,LOAD,33336903,2999.6787644011206
2401,LOAD,28108001,3557.7058646041746
2402,LOAD,32168036,3108.6759539811505
2403,LOAD,31786117,3146.0275566216537
2404,LOAD,33430210,2991.3063663076
2405,LOAD,34491096,2899.2989958915773
2406,LOAD,34057404,2936.219096440821
2407,LOAD,32620768,3065.5317495897093
2408,LOAD,27641982,3617.6855914311786
2409,LOAD,27026083,3700.1292418142875
2410,LOAD,34422970,2905.036956427641
2411,LOAD,37023227,2701.007127228537
2412,LOAD,37372505,2675.7639071825665
2413,LOAD,32815407,3047.349069904877
2414,LOAD,33394446,2994.509925392983
2415,LOAD,32688266,3059.2017331234397
2416,LOAD,35000409,2857.1094697779104
2417,LOAD,35524936,2814.9241422982436
2418,LOAD,36769350,2719.6564529968573
2419,LOAD,33892530,2950.502662386077
2420,LOAD,34955200,2860.8046871423994
2421,LOAD,34405987,2906.4708999628465
2422,LOAD,36978789,2704.252970534
2423,LOAD,33960972,2944.5564750031303
2424,LOAD,33483448,2986.550250141503
2425,LOAD,34873117,2867.5383390592815
2426,LOAD,30631950,3264.565266004939
2427,LOAD,34846947,2869.691855645202
2428,LOAD,37078988,2696.945234859161
2429,LOAD,28269178,3537.421569173324
2430,LOAD,32226719,3103.0152340360805
2431,LOAD,28656079,3489.660954661662
2432,LOAD,32020696,3122.980212547535
2433,LOAD,32251472,3100.633670301932
2434,LOAD,36015902,2776.5513133615254
2435,LOAD,29905697,3343.8444855506964
2436,LOAD,32655857,3062.2378092848703
2437,LOAD,27455477,3642.260522372276
2438,LOAD,30960037,3229.970300100094
2439,LOAD,31759089,3148.7049266432045
2440,LOAD,33392519,2994.6827311829934
2441,LOAD,35129743,2846.5907080504403
2442,LOAD,31724849,3152.1032613898337
2443,LOAD,31565170,3168.0488335719406
2444,LOAD,33545454,2981.0298587701336
2445,LOAD,32481994,3078.628731967625
2446,LOAD,33678603,2969.244300305449
2447,LOAD,29762410,3359.942961608284
2448,LOAD,25296979,3953.0411912031077
2449,LOAD,28176709,3549.030513109249
2450,LOAD,28509741,3507.5730782682313
2451,LOAD,32321558,3093.9102626179097
2452,LOAD,34551414,2894.237555661253
2453,LOAD,28315106,3531.6837591920016
2454,LOAD,33202357,3011.834370674347
2455,LOAD,34869727,2867.8171182699534
2456,LOAD,35349550,2828.890325336532
2457,LOAD,37825746,2643.7019907023114
2458,LOAD,31936477,3131.2157568287826
2459,LOAD,34938913,2862.1382697280824
2460,LOAD,36700977,2724.7231047827418
2461,LOAD,36122692,2768.342957385347
2462,LOAD,30947875,3231.2396246915177
2463,LOAD,33419924,2992.2270319944473
2464,LOAD,45427498,2201.309876233994
2465,LOAD,33618540,2974.5491624561923
2466,LOAD,34649369,2886.055443029857
2467,LOAD,37573301,2661.4643201032563
2468,LOAD,36543137,2736.491943754035
2469,LOAD,36495404,2740.0710511383845
2470,LOAD,31476404,3176.982987001946
2471,LOAD,28985219,3450.034308866185
2472,LOAD,31510385,3173.5569083018186
2473,LOAD,34712918,2880.771936257275
2474,LOAD,27573450,3626.677111496748
2475,LOAD,31436337,3181.0321921412155
2476,LOAD,27744511,3604.316543910253
2477,LOAD,26248573,3809.7309137529114
2478,LOAD,34124165,2930.474635789623
2479,LOAD,35185842,2842.0522095222277
2480,LOAD,36043573,2774.419728033067
2481,LOAD,30103979,3321.8200158856075
2482,LOAD,27954872,3577.1939860787056
2483,LOAD,30456875,3283.3309392378565
2484,LOAD,33868564,2952.5904906981
2485,LOAD,35831060,2790.8747327039723
2486,LOAD,31617775,3162.7778994568716
2487,LOAD,33029264,3027.618175203662
2488,LOAD,33140690,3017.4386833828744
2489,LOAD,28481562,3511.043390106203
2490,LOAD,31378854,3186.8595328561073
2491,LOAD,28974875,3451.2659674977026
2492,LOAD,34978699,2858.8827731986257
2493,LOAD,36737560,2722.0098449652073
2494,LOAD,35371395,2827.1432325470905
2495,LOAD,35116355,2847.675961813235
2496,LOAD,34257849,2919.03907919029
2497,LOAD,32383308,3088.010650425213
2498,LOAD,31532227,3171.358623036679
2499,LOAD,30035679,3329.3737091810044
2500,LOAD,30773896,3249.507309701703
2501,LOAD,31971281,3127.807109136478
2502,LOAD,30361750,3293.617792123313
2503,LOAD,28224751,3542.989626374383
2504,LOAD,32571109,3070.205561622111
2505,LOAD,35454617,2820.5071288740755
2506,LOAD,36862311,2712.7979035280778
2507,LOAD,31882547,3136.512274254626
2508,LOAD,30630817,3264.686018658921
2509,LOAD,29172540,3427.881151247029
2510,LOAD,30583593,3269.7270068954945
2511,LOAD,36932122,2707.670033148921
2512,LOAD,37137426,2692.7014273956415
2513,LOAD,34573859,2892.358645877511
2514,LOAD,30316192,3298.5673134673375
2515,LOAD,33182861,3013.6039204093945
2516,LOAD,34943461,2861.7657535411277
2517,LOAD,35291563,2833.5384295674294
2518,LOAD,37197398,2688.360083681122
2519,LOAD,28181396,3548.440254698525
2520,LOAD,32462307,3080.49578854639
2521,LOAD,30370669,3292.6505504373313
2522,LOAD,31643454,3160.2112715002604
2523,LOAD,34327363,2913.1279323727836
2524,LOAD,35558485,2812.2682954574693
2525,LOAD,34869560,2867.8308530420227
2526,LOAD,30900718,3236.170758232867
2527,LOAD,33482712,2986.6158989749692
2528,LOAD,30271774,3303.407325913572
2529,LOAD,30998319,3225.9813830549974
2530,LOAD,34014113,2939.9561293866464
2531,LOAD,28405698,3520.420445221941
2532,LOAD,33500991,2984.9863247329013
2533,LOAD,32669923,3060.919366109311
2534,LOAD,32708785,3057.282623001741
2535,LOAD,30330999,3296.9570174724545
2536,LOAD,32017217,3123.3195564748808
2537,LOAD,32977927,3032.331292382326
2538,LOAD,33969724,2943.797835978885
2539,LOAD,31450154,3179.634668879523
2540,LOAD,30447216,3284.372535078412
2541,LOAD,30557244,3272.546437761206
2542,LOAD,32128755,3112.4766583703604
2543,LOAD,30694327,3257.9310176763283
2544,LOAD,32569937,3070.3160402183153
2545,LOAD,32351744,3091.023470017567
2546,LOAD,33183319,3013.5623263001507
2547,LOAD,32901192,3039.403557172032
2548,LOAD,33330451,3000.2594324331226
2549,LOAD,32595683,3067.890922856257
2550,LOAD,28791506,3473.246588768229
2551,LOAD,30604995,3267.4404945990027
2552,LOAD,33841455,2954.955689700694
2553,LOAD,35642975,2805.601945404389
2554,LOAD,29847653,3350.3471780511522
2555,LOAD,25556567,3912.8886129345933
2556,LOAD,27871501,3587.8943154155922
2557,LOAD,26182139,3819.3976435615136
2558,LOAD,29755469,3360.7267289250253
2559,LOAD,29530143,3386.370326753921
2560,LOAD,33436890,2990.7087650795274
2561,LOAD,35993018,2778.3166168505236
2562,LOAD,32669429,3060.965650792366
2563,LOAD,28888236,3461.616694075748
2564,LOAD,28989903,3449.4768747587736
2565,LOAD,32782714,3050.388079522641
2566,LOAD,26642261,3753.435190804564
2567,LOAD,30394411,3290.0785608248834
2568,LOAD,34412273,2905.9399825172836
2569,LOAD,28649604,3490.449641118949
2570,LOAD,27147603,3683.566464413083
2571,LOAD,28128583,3555.102651278239
2572,LOAD,24407669,4097.0729322820625
2573,LOAD,29798273,3355.899182479468
2574,LOAD,33358010,2997.7807429160193
2575,LOAD,32427691,3083.7841645894555
2576,LOAD,30126794,3319.3044039136726
2577,LOAD,33455887,2989.010573834136
2578,LOAD,33589245,2977.1434279037826
2579,LOAD,34123525,2930.5295979826233
2580,LOAD,30231369,3307.822414525786
2581,LOAD,27497945,3636.6353922083995
2582,LOAD,28757022,3477.4115344766924
2583,LOAD,33654874,2971.3378216777755
2584,LOAD,32517463,3075.2706630280472
2585,LOAD,26786024,3733.290166543568
2586,LOAD,28169960,3549.8807950029036
2587,LOAD,26939443,3712.0292353483333
2588,LOAD,26872154,3721.3243121485534
2589,LOAD,25998252,3846.4124434211963
2590,LOAD,27637943,3618.2142788267565
2591,LOAD,29056365,3441.586722909077
2592,LOAD,27116572,3687.781774185911
2593,LOAD,28741678,3479.267981500593
2594,LOAD,30569288,3271.2570865242265
2595,LOAD,32372210,3089.0692974004555
2596,LOAD,29779704,3357.9917382657663
2597,LOAD,33322191,3001.003145321387
2598,LOAD,30439511,3285.2038917445157
2599,LOAD,28479041,3511.3541920179123
2600,LOAD,32870092,3042.2792853758974
2601,LOAD,30115812,3320.5148179301955
2602,LOAD,33261439,3006.4844759121816
2603,LOAD,32663475,3061.523613148938
2604,LOAD,29426212,3398.330712767243
2605,LOAD,30534585,3274.9749177858484
2606,LOAD,29987308,3334.7441524260867
2607,LOAD,27839936,3591.9622803730585
2608,LOAD,30693786,3257.98844104797
2609,LOAD,32088046,3116.42535042489
2610,LOAD,30687553,3258.650176506416
2611,LOAD,28224842,3542.978203385514
2612,LOAD,28063510,3563.3461388115743
2613,LOAD,28695618,3484.8526349911685
2614,LOAD,27265042,3667.700200131729
2615,LOAD,23458049,4262.929112305972
2616,LOAD,29848807,3350.2176485646482
2617,LOAD,34006898,2940.5798788234083
2618,LOAD,32661236,3061.733487367104
2619,LOAD,27899138,3584.3401326592957
2620,LOAD,29119788,3434.090935002686
2621,LOAD,28101907,3558.4773659666585
2622,LOAD,31717101,3152.873271740693
2623,LOAD,25232438,3963.15251027269
2624,LOAD,30763914,3250.5616808056348
2625,LOAD,34882078,2866.8016853812433
2626,LOAD,35002729,2856.9200990014238
2627,LOAD,33182818,3013.6078255921484
2628,LOAD,31637889,3160.767142207244
2629,LOAD,34524171,2896.5213965601083
2630,LOAD,27903075,3583.8343981801286
2631,LOAD,33574363,2978.4630612351452
2632,LOAD,34987209,2858.187402144595
2633,LOAD,30744150,3252.6513174051
2634,LOAD,35274258,2834.9285192618368
2635,LOAD,28418810,3518.796177602088
2636,LOAD,29022761,3445.5715636427562
2637,LOAD,34317015,2914.0063609844856
2638,LOAD,36117610,2768.732482575674
2639,LOAD,34694843,2882.272734308093
2640,LOAD,29176205,3427.4505543130094
2641,LOAD,34927456,2863.077116180463
2642,LOAD,28274699,3536.730841944595
2643,LOAD,29439170,3396.8348971795062
2644,LOAD,29894937,3345.0480260252766
2645,LOAD,34645241,2886.399318163207
2646,LOAD,29327021,3409.824680113265
2647,LOAD,34255261,2919.259613873618
2648,LOAD,33781448,2960.204666182456
2649,LOAD,32766012,3051.942970661184
2650,LOAD,33618896,2974.517664113658
2651,LOAD,32517010,3075.3135051469985
2652,LOAD,30358773,3293.940766314897
2653,LOAD,34157555,2927.610011899271
2654,LOAD,34805856,2873.0797484193463
2655,LOAD,35833657,2790.6724675072937
2656,LOAD,33046578,3026.031923789507
2657,LOAD,29352611,3406.851949218419
2658,LOAD,31224006,3202.664001537791
2659,LOAD,30606089,3267.323701502665
2660,LOAD,29895205,3345.018038846029
2661,LOAD,32911203,3038.4790249083267
2662,LOAD,31180345,3207.1486059567333
2663,LOAD,30467042,3282.235275744852
2664,LOAD,32232138,3102.4935423148163
2665,LOAD,35391033,2825.574489447652
2666,LOAD,33230904,3009.247055090647
2667,LOAD,29162986,3429.0041493007607
2668,LOAD,27533836,3631.8949528136945
2669,LOAD,26013099,3844.2171000079616
2670,LOAD,31475194,3177.105119669795
2671,LOAD,27757775,3602.5942281036578
2672,LOAD,37101903,2695.279538626361
2673,LOAD,37521499,2665.1387248681085
2674,LOAD,33467065,2988.0122442765746
2675,LOAD,28153201,3551.9939633152194
2676,LOAD,29800373,3355.662695899813
2677,LOAD,35452471,2820.6778590976073
2678,LOAD,32144567,3110.9456226304123
2679,LOAD,34999521,2857.1819597188205
2680,LOAD,37251692,2684.4418234747563
2681,LOAD,36553919,2735.6847838941703
2682,LOAD,30958564,3230.1239812027457
2683,LOAD,30162989,3315.3213032037374
2684,LOAD,32423499,3084.182863792708
2685,LOAD,32036920,3121.398686265721
2686,LOAD,33860397,2953.3026443842346
2687,LOAD,29921465,3342.082347906428
2688,LOAD,27311985,3661.396269806094
2689,LOAD,29192967,3425.482582842642
2690,LOAD,32211657,3104.4661875047286
2691,LOAD,30759854,3250.9907231679317
2692,LOAD,33576511,2978.272519142921
2693,LOAD,36044299,2774.3638459996127
2694,LOAD,27249045,3669.853383852535
2695,LOAD,33768065,2961.3778580442795
2696,LOAD,28221919,3543.3451566493404
2697,LOAD,29129231,3432.9776848554634
2698,LOAD,30710251,3256.2417024855968
2699,LOAD,26437347,3782.5278005391388
2700,LOAD,25417945,3934.2283571704947
2701,LOAD,24395134,4099.178139378123
2702,LOAD,31502782,3174.3228264729128
2703,LOAD,33514542,2983.7793994022054
2704,LOAD,29550199,3384.071965132959
2705,LOAD,28634676,3492.2693031344234
2706,LOAD,29103486,3436.01450355466
2707,LOAD,27758957,3602.440826577166
2708,LOAD,33231111,3009.2283101819858
2709,LOAD,28845356,3466.7625526965244
2710,LOAD,29559218,3383.0394295275337
2711,LOAD,29068603,3440.1378009118635
2712,LOAD,32890716,3040.3716355703536
2713,LOAD,32798310,3048.937582454706
2714,LOAD,34112293,2931.494520171951
2715,LOAD,37329104,2678.8749068287307
2716,LOAD,37164951,2690.7071665451676
2717,LOAD,33548340,2980.773415316525
2718,LOAD,28260512,3538.5063087321273
2719,LOAD,32264959,3099.3375816780053
2720,LOAD,29429741,3397.9232097217573
2721,LOAD,26630388,3755.1086375459495
2722,LOAD,25230938,3963.3881229465196
2723,LOAD,24391758,4099.745495999099
2724,LOAD,29002414,3447.988846721518
2725,LOAD,28396594,3521.54909845878
2726,LOAD,27615730,3621.1246271599553
2727,LOAD,32003100,3124.697294949552
2728,LOAD,32630610,3064.607128092304
2729,LOAD,30361875,3293.6042322814383
2730,LOAD,35006509,2856.6116090010573
2731,LOAD,30989583,3226.890791011934
2732,LOAD,33085109,3022.507799505814
2733,LOAD,26546880,3766.921009173206
2734,LOAD,25060808,3990.2943273018172
2735,LOAD,29842642,3350.9097485403604
2736,LOAD,29935580,3340.5065143217535
2737,LOAD,32595684,3067.8908287367126
2738,LOAD,20771433,4814.304338078167
2739,LOAD,31156433,3209.61003462752
2740,LOAD,32831228,3045.880586617107
2741,LOAD,28128845,3555.069538048932
2742,LOAD,28003590,3570.9707219681477
2743,LOAD,30577617,3270.3660327748885
2744,LOAD,32618017,3065.7902962034755
2745,LOAD,30626020,3265.197371385508
2746,LOAD,35288381,2833.7939334762905
2747,LOAD,33413069,2992.8409150323787
2748,LOAD,29900394,3344.4375348364974
2749,LOAD,25884915,3863.2539453963827
2750,LOAD,29686084,3368.581723342156
2751,LOAD,30638143,3263.9053874773026
2752,LOAD,35005486,2856.6950905923713
2753,LOAD,35298749,2832.961587392233
2754,LOAD,31841096,3140.595411665478
2755,LOAD,36306901,2754.2973166451193
2756,LOAD,31093359,3216.1208443256323
2757,LOAD,30010975,3332.114334839171
2758,LOAD,27310834,3661.550577327664
2759,LOAD,26832824,3726.778813888542
2760,LOAD,29654925,3372.1211569410475
2761,LOAD,29751895,3361.130442279391
2762,LOAD,37148729,2691.882136802042
2763,LOAD,33990316,2942.0144255204923
2764,LOAD,34746603,2877.979179720101
2765,LOAD,29267000,3416.8175761096113
2766,LOAD,28963780,3452.5880254580034
2767,LOAD,33930131,2947.232947612257
2768,LOAD,21419147,4668.720000847839
2769,LOAD,35942573,2782.2159532095825
2770,LOAD,31342379,3190.5682717958325
2771,LOAD,28765308,3476.4098475844585
2772,LOAD,32907644,3038.8076399513743
2773,LOAD,36230104,2760.1356043581877
2774,LOAD,35833244,2790.7046317101517
2775,LOAD,33383800,2995.4648661925844
2776,LOAD,29087681,3437.881486667844
2777,LOAD,34694180,2882.32781405988
2778,LOAD,33095908,3021.5215729992965
2779,LOAD,33469661,2987.7804857360225
2780,LOAD,28730150,3480.664041085758
2781,LOAD,31205678,3204.5450190186543
2782,LOAD,33911190,2948.879116303497
2783,LOAD,30868996,3239.496354206013
2784,LOAD,31198024,3205.3312094381363
2785,LOAD,29281384,3415.139120473267
2786,LOAD,31352413,3189.5471649981137
2787,LOAD,29043456,3443.116411490423
2788,LOAD,34658040,2885.3333887317344
2789,LOAD,32796523,3049.1037113903812
2790,LOAD,30575846,3270.5554574025523
2791,LOAD,29525999,3386.8456068158775
2792,LOAD,28923884,3457.350333724198
2793,LOAD,32340160,3092.130651177978
2794,LOAD,30085918,3323.81415119193
2795,LOAD,29879533,3346.772521511631
2796,LOAD,32779588,3050.678977417288
2797,LOAD,31786237,3146.015679679227
2798,LOAD,34447980,2902.92783495578
2799,LOAD,30038653,3329.0440819699875
2800,LOAD,32466253,3080.121380191302
2801,LOAD,30809066,3245.7978440501897
2802,LOAD,27752916,3603.224972828081
2803,LOAD,35224187,2838.95835551861
2804,LOAD,29900501,3344.425566648532
2805,LOAD,30422255,3287.067313057497
2806,LOAD,31336729,3191.1435300091466
2807,LOAD,32768272,3051.732480736244
2808,LOAD,32247744,3100.992119014589
2809,LOAD,30910592,3235.1370041699624
2810,LOAD,29929079,3341.2321174333497
2811,LOAD,34501778,2898.4013519535138
2812,LOAD,28172472,3549.56426968851
2813,LOAD,28853813,3465.7464509110114
2814,LOAD,27156597,3682.3465031351316
2815,LOAD,26725262,3741.778097442038
2816,LOAD,30328140,3297.267817940698
2817,LOAD,31185877,3206.579696315739
2818,LOAD,30516280,3276.939391039799
2819,LOAD,28602383,3496.2121862363706
2820,LOAD,25090414,3985.585889495486
2821,LOAD,31239858,3201.038877961609
2822,LOAD,28042782,3565.9800086881537
2823,LOAD,30552767,3273.0259750287105
2824,LOAD,30780656,3248.7936579389343
2825,LOAD,26623152,3756.1292517129455
2826,LOAD,23695793,4220.158405333807
2827,LOAD,26269213,3806.7375676614292
2828,LOAD,25913309,3859.0208606704764
2829,LOAD,34040627,2937.666218662776
2830,LOAD,27451299,3642.814862786639
2831,LOAD,27873356,3587.6555374243417
2832,LOAD,24755129,4039.5669115681035
2833,LOAD,24202190,4131.857488929721
2834,LOAD,27859696,3589.4146152922845
2835,LOAD,33148140,3016.7605180863843
2836,LOAD,32090538,3116.183343513904
2837,LOAD,34918537,2863.808412133647
2838,LOAD,34251500,2919.5801643723635
2839,LOAD,25664745,3896.3956197499724
2840,LOAD,34615326,2888.8937807490242
2841,LOAD,43294405,2309.767278242997
2842,LOAD,28059982,3563.794160666247
2843,LOAD,27202359,3676.151763161423
2844,LOAD,26099619,3831.473555226994
2845,LOAD,29930756,3341.044910459328
2846,LOAD,31669685,3157.5937682992426
2847,LOAD,35430536,2822.4241371905864
2848,LOAD,29564047,3382.486842887241
2849,LOAD,26868150,3721.8788788956444
2850,LOAD,33256105,3006.9666907775277
2851,LOAD,29076504,3439.203007349164
2852,LOAD,25309454,3951.0927418663396
2853,LOAD,27760380,3602.2561650813136
2854,LOAD,28576977,3499.320449465316
2855,LOAD,27988244,3572.9286910604324
2856,LOAD,31696659,3154.9066417378563
2857,LOAD,29441630,3396.5510741083285
2858,LOAD,31401491,3184.562159803176
2859,LOAD,27756231,3602.7946301498932
2860,LOAD,34129997,2929.973887779715
2861,LOAD,35123327,2847.1106965464865
2862,LOAD,34386692,2908.101773790861
2863,LOAD,29498671,3389.9832300919593
2864,LOAD,27825521,3593.823094992543
2865,LOAD,26082852,3833.936564912457
2866,LOAD,29119082,3434.1741954639915
2867,LOAD,31395314,3185.1887195649647
2868,LOAD,27888156,3585.7516000699366
2869,LOAD,31384999,3186.2355643216683
2870,LOAD,31358374,3188.940855160411
2871,LOAD,34189871,2924.842857698995
2872,LOAD,31942484,3130.626910543338
2873,LOAD,28008384,3570.3595037828673
2874,LOAD,24367952,4103.750696816869
2875,LOAD,27370596,3653.5558085764737
2876,LOAD,29874531,3347.332883652634
2877,LOAD,27299794,3663.0313034596525
2878,LOAD,24600676,4064.9289474809552
2879,LOAD,31153174,3209.9457987812093
2880,LOAD,32860300,3043.18585040307
2881,LOAD,35158162,2844.2897555338645
2882,LOAD,32630294,3064.636806520959
2883,LOAD,30113430,3320.7774737052537
2884,LOAD,34068496,2935.2631240310698
2885,LOAD,34258412,2918.9911079357676
2886,LOAD,28613115,3494.9008522839963
2887,LOAD,30203469,3310.877965706522
2888,LOAD,30340102,3295.96782502577
2889,LOAD,33945107,2945.9326788983167
2890,LOAD,31637916,3160.764444788336
2891,LOAD,28600799,3496.405817194128
2892,LOAD,31928148,3132.032587671543
2893,LOAD,28297234,3533.914304133047
2894,LOAD,33605490,2975.704267368219
2895,LOAD,31592758,3165.2823726247643
2896,LOAD,31315871,3193.2689976912984
2897,LOAD,30062176,3326.439177257162
2898,LOAD,30088602,3323.5176562872543
2899,LOAD,29293818,3413.6895368162664
2900,LOAD,34536780,2895.463908331929
2901,LOAD,36793504,2717.8710676754245
2902,LOAD,31246612,3200.346968816971
2903,LOAD,27730936,3606.080948728164
2904,LOAD,33963634,2944.325686703608
2905,LOAD,31744318,3150.170055630113
2906,LOAD,32058880,3119.260560568554
2907,LOAD,35851181,2789.308391263317
2908,LOAD,32741925,3054.1881700602517
2909,LOAD,27458146,3641.9064856017594
2910,LOAD,30557340,3272.536156615726
2911,LOAD,27631408,3619.070009027408
2912,LOAD,27354462,3655.710720978537
2913,LOAD,25384672,3939.385153371294
2914,LOAD,25654117,3898.0098204120604
2915,LOAD,26669170,3749.6480017938316
2916,LOAD,30815152,3245.156798188112
2917,LOAD,29330273,3409.4466151065144
2918,LOAD,34781703,2875.074863355598
2919,LOAD,35646879,2805.2946795145795
2920,LOAD,31974448,3127.49730659932
2921,LOAD,34104800,2932.1385845980626
2922,LOAD,33923907,2947.7736747716
2923,LOAD,29961577,3337.6080304451266
2924,LOAD,27277776,3665.988018964596
2925,LOAD,26680322,3748.080701574741
2926,LOAD,35644522,2805.480180096117
2927,LOAD,30427017,3286.552868458975
2928,LOAD,27588669,3624.676493092146
2929,LOAD,34065962,2935.4814638729413
2930,LOAD,30981808,3227.7005912631053
2931,LOAD,30062887,3326.3605055628886
2932,LOAD,26127173,3827.4328416625863
2933,LOAD,32326181,3093.4677993667115
2934,LOAD,28087753,3560.2705563524432
2935,LOAD,31645382,3160.018735119077
2936,LOAD,30289320,3301.493727822216
2937,LOAD,29193531,3425.4164047507647
2938,LOAD,30004958,3332.7825354729707
2939,LOAD,32751303,3053.3136345750886
2940,LOAD,30530508,3275.412253212426
2941,LOAD,32596877,3067.778548233317
2942,LOAD,26505285,3772.832474730983
2943,LOAD,28242257,3540.793499613009
2944,LOAD,31598767,3164.680444651527
2945,LOAD,34719050,2880.2631408405473
2946,LOAD,34296036,2915.7888684278264
2947,LOAD,32050017,3120.123150012682
2948,LOAD,31968961,3128.0340953213963
2949,LOAD,26314937,3800.12310118774
2950,LOAD,29706801,3366.2325337554857
2951,LOAD,24142999,4141.987497079381
2952,LOAD,27938405,3579.3023975420215
2953,LOAD,30728143,3254.345698664576
2954,LOAD,34490673,2899.3345534313003
2955,LOAD,29397340,3401.66831420802
2956,LOAD,33315555,3001.600903842064
2957,LOAD,23933218,4178.293115451504
2958,LOAD,28241913,3540.8366281703366
2959,LOAD,30667625,3260.767666227822
2960,LOAD,34997794,2857.3229501265137
2961,LOAD,29315997,3411.1069120385023
2962,LOAD,30641230,3263.5765600793443
2963,LOAD,29787587,3357.1030778693153
2964,LOAD,32399001,3086.5149206298056
2965,LOAD,30012495,3331.9455780000962
2966,LOAD,33001424,3030.1722737782466
2967,LOAD,31191324,3206.0197252287207
2968,LOAD,36042590,2774.495395586166
2969,LOAD,33047547,3025.943196328611
2970,LOAD,30277290,3302.80550207763
2971,LOAD,33173095,3014.4911109439745
2972,LOAD,33976348,2943.2239156486153
2973,LOAD,31631629,3161.3926680791556
2974,LOAD,34928167,2863.0188351996826
2975,LOAD,26302149,3801.9707058917506
2976,LOAD,27082993,3692.3540909972544
2977,LOAD,30931921,3232.906226548296
2978,LOAD,33220844,3010.158321082992
2979,LOAD,30015795,3331.5792568545994
2980,LOAD,32393073,3087.0797593053303
2981,LOAD,33744831,2963.416826713401
2982,LOAD,33306857,3002.3847641943516
2983,LOAD,30278994,3302.6196312862967
2984,LOAD,27526827,3632.8197216482667
2985,LOAD,34774427,2875.676427393038
2986,LOAD,34921711,2863.5481234009408
2987,LOAD,34664579,2884.789109944188
2988,LOAD,31422123,3182.4711525697994
2989,LOAD,26534568,3768.6688549065507
2990,LOAD,28172346,3549.5801450117074
2991,LOAD,24429252,4093.453209291876
2992,LOAD,35913341,2784.480563921914
2993,LOAD,31797033,3144.9475175875687
2994,LOAD,28046215,3565.5435145170213
2995,LOAD,32846001,3044.510654432483
2996,LOAD,35835555,2790.524661889567
2997,LOAD,32772165,3051.3699659451854
2998,LOAD,29397692,3401.627583553158
2999,LOAD,28887139,3461.7481502754567
3000,LOAD,29775183,3358.501608537553
3001,LOAD,27686854,3611.8224194052527
3002,LOAD,26000642,3846.058878084626
3003,LOAD,27821611,3594.3281645336783
3004,LOAD,30589165,3269.1314064963854
3005,LOAD,31527192,3171.865099816057
3006,LOAD,36532010,2737.325430492327
3007,LOAD,33476439,2987.1755475545056
3008,LOAD,33633935,2973.1876451565954
3009,LOAD,32433253,3083.2553244042465
3010,LOAD,32792171,3049.5083719830563
3011,LOAD,29919676,3342.282182467484
3012,LOAD,35060153,2852.2408330619664
3013,LOAD,28082100,3560.9872481046646
3014,LOAD,30784095,3248.4307237227536
3015,LOAD,26730994,3740.9757377522137
3016,LOAD,30269539,3303.651238296031
3017,LOAD,31654257,3159.1327510862125
3018,LOAD,33525705,2982.785895181026
3019,LOAD,36942864,2706.8827148864257
3020,LOAD,36213488,2761.4020499765174
3021,LOAD,37158916,2691.1441657770642
3022,LOAD,34467286,2901.3018315396225
3023,LOAD,32304579,3095.5363943916436
3024,LOAD,31988572,3126.116414324466
3025,LOAD,32490883,3077.786467052927
3026,LOAD,35897006,2785.747647032179
3027,LOAD,35864616,2788.26350740797
3028,LOAD,32981301,3032.021083704369
3029,LOAD,31867880,3137.9558351543938
3030,LOAD,28890990,3461.2867194928244
3031,LOAD,32352035,3090.9956668877244
3032,LOAD,28732023,3480.437141512799
3033,LOAD,27545978,3630.2940487355363
3034,LOAD,26840037,3725.7772781758836
3035,LOAD,27055495,3696.1068352288507
3036,LOAD,27807644,3596.133494804522
3037,LOAD,25826616,3871.9745552417708
3038,LOAD,30176473,3313.8398910966166
3039,LOAD,33279341,3004.867193734395
3040,LOAD,30992052,3226.633718864437
3041,LOAD,36750778,2721.030830966354
3042,LOAD,30057312,3326.9774755640155
3043,LOAD,34841015,2870.1804468096007
3044,LOAD,32061886,3118.9681106095877
3045,LOAD,30577514,3270.3770489648045
3046,LOAD,32305461,3095.451880411179
3047,LOAD,28795572,3472.7561584815885
3048,LOAD,26120889,3828.353621501933
3049,LOAD,32812704,3047.600100253853
3050,LOAD,28499146,3508.877073018258
3051,LOAD,30430278,3286.200671581114
3052,LOAD,32951002,3034.8090780365346
3053,LOAD,36703023,2724.571215836908
3054,LOAD,31349127,3189.8814917557356
3055,LOAD,32864771,3042.7718483113727
3056,LOAD,32161249,3109.331978991239
3057,LOAD,28520925,3506.197642608015
3058,LOAD,32170674,3108.421042095668
3059,LOAD,36300852,2754.756279549582
3060,LOAD,34864696,2868.230946284459
3061,LOAD,31450044,3179.6457900027103
3062,LOAD,32638092,3063.904593442533
3063,LOAD,29986938,3334.7852988524537
3064,LOAD,33028720,3027.6680416316467
3065,LOAD,29197427,3424.9593294642023
3066,LOAD,29429599,3397.9396049535026
3067,LOAD,32366107,3089.6517767799505
3068,LOAD,35558940,2812.2323106369313
3069,LOAD,35037200,2854.109346637288
3070,LOAD,36748602,2721.191951737375
3071,LOAD,33384286,2995.4212589719605
3072,LOAD,28899744,3460.238263702267
3073,LOAD,29636955,3374.165800771368
3074,LOAD,31879387,3136.8231766815343
3075,LOAD,29510891,3388.579490873386
3076,LOAD,31854340,3139.28965409423
3077,LOAD,26404205,3787.275549481607
3078,LOAD,33678050,2969.293055862795
3079,LOAD,29708010,3366.095541236185
3080,LOAD,36027213,2775.679595310356
3081,LOAD,32641431,3063.591176502035
3082,LOAD,30027987,3330.226564970872
3083,LOAD,30918785,3234.279742881229
3084,LOAD,31875577,3137.198112523579
3085,LOAD,33938331,2946.5208527785294
3086,LOAD,30997363,3226.0808766216664
3087,LOAD,30193568,3311.9636606048016
3088,LOAD,30047554,3328.0579177925765
3089,LOAD,23546556,4246.905577189293
3090,LOAD,26387525,3789.6695502893886
3091,LOAD,29654577,3372.160729185245
3092,LOAD,30329360,3297.1351851803006
3093,LOAD,29404753,3400.8107464803397
3094,LOAD,32124523,3112.8866878428043
3095,LOAD,37609789,2658.882239408469
3096,LOAD,35685474,2802.260662139446
3097,LOAD,33245530,3007.923170423212
3098,LOAD,34463619,2901.610536026411
3099,LOAD,35138533,2845.878625610238
3100,LOAD,34516143,2897.1950892659124
3101,LOAD,31465544,3178.079489107196
3102,LOAD,31694123,3155.159081070014
3103,LOAD,25829446,3871.550322836967
3104,LOAD,27672750,3613.6632607890433
3105,LOAD,28699523,3484.3784685898786
3106,LOAD,32165692,3108.9024915117634
3107,LOAD,31234352,3201.603157958904
3108,LOAD,32261014,3099.716580514177
3109,LOAD,36986459,2703.6921809681753
3110,LOAD,31622695,3162.2858203578157
3111,LOAD,28638297,3491.8277438075315
3112,LOAD,30659870,3261.592433366482
3113,LOAD,27386666,3651.4119681453744
3114,LOAD,36433578,2744.720817702834
3115,LOAD,32615518,3066.0251969629917
3116,LOAD,21481893,4655.083236845096
3117,LOAD,31479772,3176.643083691966
3118,LOAD,29701659,3366.8153014617806
3119,LOAD,34216241,2922.588720368202
3120,LOAD,31853219,3139.4001340963378
3121,LOAD,28082010,3560.998660708404
3122,LOAD,28217528,3543.8965454379986
3123,LOAD,27645022,3617.287770651801
3124,LOAD,32129053,3112.4477898554933
3125,LOAD,30517864,3276.7693046931463
3126,LOAD,30211011,3310.0514246279276
3127,LOAD,32408905,3085.571697038206
3128,LOAD,34354198,2910.852408779853
3129,LOAD,35931825,2783.048175259676
3130,LOAD,31651465,3159.4114206088093
3131,LOAD,33670236,2969.9821527832473
3132,LOAD,29541451,3385.074077776342
3133,LOAD,29599397,3378.4472028264627
3134,LOAD,28811329,3470.856897993147
3135,LOAD,31268115,3198.1460986695233
3136,LOAD,28824287,3469.2965692438465
3137,LOAD,29330118,3409.4646329073753
3138,LOAD,36319245,2753.3612001020397
3139,LOAD,35483197,2818.235346719181
3140,LOAD,30578871,3270.231919288322
3141,LOAD,34535264,2895.591010973595
3142,LOAD,35554123,2812.6133219486246
3143,LOAD,30734422,3253.680840329452
3144,LOAD,28470884,3512.3602063076087
3145,LOAD,28498544,3508.951194138199
3146,LOAD,28623482,3493.635051109435
3147,LOAD,31922739,3132.563280362628
3148,LOAD,29533037,3386.038489709
3149,LOAD,35883924,2786.7632313567487
3150,LOAD,35063221,2851.991264578916
3151,LOAD,33147595,3016.81011850181
3152,LOAD,30708224,3256.4566417126566
3153,LOAD,28146239,3552.8725525282434
3154,LOAD,28525055,3505.689997793168
3155,LOAD,29177487,3427.299959040338
3156,LOAD,35685237,2802.2792730786687
3157,LOAD,30398131,3289.6759343526746
3158,LOAD,30389626,3290.5966003003787
3159,LOAD,31364034,3188.365374173488
3160,LOAD,32433142,3083.2658766147297
3161,LOAD,28568208,3500.3945644753076
3162,LOAD,25973519,3850.0751476917703
3163,LOAD,28489815,3510.0263023820967
3164,LOAD,28908792,3459.1552632154257
3165,LOAD,27239967,3671.0764003495306
3166,LOAD,26783998,3733.5725607506392
3167,LOAD,26285489,3804.3804321083776
3168,LOAD,24149153,4140.9319821693125
3169,LOAD,33679942,2969.126253245923
3170,LOAD,34842443,2870.062813907739
3171,LOAD,30711393,3256.120619471738
3172,LOAD,29705238,3366.409654755165
3173,LOAD,32893527,3040.1118128803882
3174,LOAD,32308008,3095.207850635669
3175,LOAD,29950581,3338.833393582582
3176,LOAD,29871387,3347.6851945308063
3177,LOAD,31155846,3209.6705061387192
3178,LOAD,28695532,3484.863079032652
3179,LOAD,33936460,2946.6833016761325
3180,LOAD,27700988,3609.979542967926
3181,LOAD,28280409,3536.016752798731
3182,LOAD,28524842,3505.7161753954674
3183,LOAD,32701809,3057.9348072150997
3184,LOAD,27654876,3615.9988567658015
3185,LOAD,27205606,3675.7130129723996
3186,LOAD,31606712,3163.88493684506
3187,LOAD,29126803,3433.2638566615087
3188,LOAD,28716416,3482.3287140010784
3189,LOAD,33733531,2964.409506968008
3190,LOAD,33144774,3017.066883605844
3191,LOAD,33448175,2989.6997369811656
3192,LOAD,28717142,3482.2406770144466
3193,LOAD,32084863,3116.7345174576562
3194,LOAD,29569089,3381.910075078742
3195,LOAD,33835858,2955.44448732466
3196,LOAD,34122061,2930.6553317515027
3197,LOAD,32299534,3096.0198992344594
3198,LOAD,32997326,3030.548596574159
3199,LOAD,33322271,3000.9959405227814
3200,LOAD,33907760,2949.177415435287
3201,LOAD,35575783,2810.9008872692975
3202,LOAD,32438633,3082.7439614980076
3203,LOAD,27788750,3598.57856146822
3204,LOAD,31988733,3126.1006805114785
3205,LOAD,30315442,3298.6489195836234
3206,LOAD,31825835,3142.1013777014805
3207,LOAD,30050315,3327.7521383719272
3208,LOAD,30502058,3278.4673086648777
3209,LOAD,34848493,2869.564546162728
3210,LOAD,29850142,3350.0678154227876
3211,LOAD,35174972,2842.9304790917818
3212,LOAD,29400593,3401.2919399278785
3213,LOAD,30414293,3287.9278173587663
3214,LOAD,30337398,3296.261597649212
3215,LOAD,35968238,2780.230713553441
3216,LOAD,32140056,3111.3822577035958
3217,LOAD,30296385,3300.7238322327894
3218,LOAD,27623500,3620.106069107825
3219,LOAD,32922926,3037.3971013390487
3220,LOAD,29781318,3357.80975173765
3221,LOAD,31594093,3165.1486244596417
3222,LOAD,32026940,3122.371353616674
3223,LOAD,29665138,3370.96021599495
3224,LOAD,24733378,4043.1193830458583
3225,LOAD,28550302,3502.5899200645936
3226,LOAD,25018606,3997.0252539250187
3227,LOAD,28373202,3524.452404067754
3228,LOAD,29999388,3333.401334720562
3229,LOAD,28548882,3502.764136262849
3230,LOAD,27149357,3683.3284854591584
3231,LOAD,32088031,3116.426807241616
3232,LOAD,32111855,3114.1147093495533
3233,LOAD,29037848,3443.7813711264002
3234,LOAD,28198400,3546.3004993191103
3235,LOAD,38319704,2609.6234981355806
3236,LOAD,36458837,2742.819251201019
3237,LOAD,28356219,3526.5632558416905
3238,LOAD,35625985,2806.9399344326903
3239,LOAD,30974066,3228.507358381686
3240,LOAD,31875849,3137.1713424793797
3241,LOAD,32132211,3112.1418940016297
3242,LOAD,33167840,3014.9687166845956
3243,LOAD,30067076,3325.897070935664
3244,LOAD,29218957,3422.435646830241
3245,LOAD,28712017,3482.862245449353
3246,LOAD,25965521,3851.2610626992614
3247,LOAD,29106076,3435.7087502966733
3248,LOAD,27861934,3589.126296832086
3249,LOAD,31870136,3137.7337078197593
3250,LOAD,27142403,3684.2721700064653
3251,LOAD,27318642,3660.5040616587016
3252,LOAD,23378637,4277.409328867205
3253,LOAD,26821718,3728.321951636357
3254,LOAD,28041313,3566.166819649279
3255,LOAD,32709409,3057.2242989777037
3256,LOAD,29925737,3341.6052543668347
3257,LOAD,36953448,2706.10742467117
3258,LOAD,28995448,3448.8172074458034
3259,LOAD,35230767,2838.4281273240517
3260,LOAD,36432597,2744.7947232529154
3261,LOAD,30931080,3232.9941275894666
3262,LOAD,34647796,2886.1864691191327
3263,LOAD,37395795,2674.097448656995
3264,LOAD,35197258,2841.1304085107995
3265,LOAD,32450292,3081.636368634218
3266,LOAD,30642028,3263.491567855757
3267,LOAD,30336085,3296.404265744904
3268,LOAD,33221154,3010.130232080439
3269,LOAD,30137539,3318.1209653515507
3270,LOAD,27747480,3603.930879488876
3271,LOAD,30252213,3305.5433002537698
3272,LOAD,33593863,2976.7341731434694
3273,LOAD,27111390,3688.4866471250643
3274,LOAD,33561787,2979.5791267014474
3275,LOAD,30489213,3279.848515604519
3276,LOAD,27950306,3577.7783613531815
3277,LOAD,29158679,3429.510644155039
3278,LOAD,28789443,3473.4954754074265
3279,LOAD,34450647,2902.703104530954
3280,LOAD,31128584,3212.4814928941196
3281,LOAD,36986290,2703.7045348425054
3282,LOAD,37488616,2667.476441381565
3283,LOAD,36663362,2727.5185510810493
3284,LOAD,37405594,2673.396925604229
3285,LOAD,37132789,2693.0376816026396
3286,LOAD,33934399,2946.8622679894816
3287,LOAD,33287198,3004.1579348312825
3288,LOAD,29616893,3376.451405621785
3289,LOAD,30904202,3235.8059269739438
3290,LOAD,28918126,3458.038740131363
3291,LOAD,31991925,3125.7887732607524
3292,LOAD,24881038,4019.1249255758544
3293,LOAD,34473624,2900.768425158898
3294,LOAD,33081920,3022.7991603873056
3295,LOAD,30245682,3306.257071670594
3296,LOAD,30620567,3265.7788472695493
3297,LOAD,36000886,2777.709415262724
3298,LOAD,35723609,2799.269245165011
3299,LOAD,31683742,3156.1928512105674
3300,LOAD,30172124,3314.3175468853306
3301,LOAD,32193242,3106.241987060514
3302,LOAD,35561871,2812.000527193859
3303,LOAD,33455493,2989.045774934478
3304,LOAD,29581023,3380.545696475744
3305,LOAD,32538569,3073.2759022070086
3306,LOAD,31466055,3178.0278779783484
3307,LOAD,27727914,3606.473966992252
3308,LOAD,28133293,3554.5074655853473
3309,LOAD,31070911,3218.444415743072
3310,LOAD,32423901,3084.144625287377
3311,LOAD,29089653,3437.648431213669
3312,LOAD,33018490,3028.6060931314546
3313,LOAD,31987585,3126.212872900533
3314,LOAD,29345180,3407.7146570578197
3315,LOAD,35963068,2780.6303956047354
3316,LOAD,32244228,3101.330259790993
3317,LOAD,33230238,3009.3073663811856
3318,LOAD,33292369,3003.6913263817305
3319,LOAD,30686541,3258.7576423162195
3320,LOAD,28328540,3530.0089591627384
3321,LOAD,32204653,3105.1413595420513
3322,LOAD,29908540,3343.526631523973
3323,LOAD,27788013,3598.6740037871723
3324,LOAD,28032010,3567.3503255742276
3325,LOAD,31205235,3204.590511816367
3326,LOAD,32833573,3045.663047393593
3327,LOAD,32165547,3108.916506223258
3328,LOAD,27207063,3675.5161701944826
3329,LOAD,29645848,3373.1536368937736
3330,LOAD,32343975,3091.7659316766108
3331,LOAD,34018503,2939.5767356370734
3332,LOAD,29331734,3409.276792159645
3333,LOAD,36268639,2757.202992921791
3334,LOAD,29708073,3366.0884029738318
3335,LOAD,27038730,3698.3985564410755
3336,LOAD,27118469,3687.5238052708655
3337,LOAD,30318489,3298.317406253326
3338,LOAD,30182249,3313.2057190304145
3339,LOAD,28614665,3494.711540393711
3340,LOAD,33390578,2994.856812601447
3341,LOAD,26375893,3791.34082777785
3342,LOAD,28175533,3549.1786437544947
3343,LOAD,26384460,3790.1097843200127
3344,LOAD,28301946,3533.3259416154638
3345,LOAD,32009537,3124.068929831756
3346,LOAD,27978899,3574.122055338918
3347,LOAD,26265162,3807.3246987777957
3348,LOAD,31198581,3205.273983454568
3349,LOAD,26530460,3769.2523989406895
3350,LOAD,24865848,4021.580120653838
3351,LOAD,28187861,3547.6264055651473
3352,LOAD,36118215,2768.6861047812026
3353,LOAD,33513939,2983.83308509334
3354,LOAD,26950713,3710.476973280818
3355,LOAD,32070041,3118.174997032277
3356,LOAD,32902686,3039.2655481075317
3357,LOAD,34335992,2912.395832338265
3358,LOAD,30322523,3297.8786099032723
3359,LOAD,29594659,3378.988080247858
3360,LOAD,33595514,2976.5878861088418
3361,LOAD,26615191,3757.2527659110165
3362,LOAD,28612052,3495.030695456586
3363,LOAD,27809215,3595.930341794977
3364,LOAD,34056263,2936.317469711812
3365,LOAD,29361585,3405.8106876723446
3366,LOAD,32984322,3031.743384023476
3367,LOAD,30544775,3273.8823579482905
3368,LOAD,33659118,2970.9631725941244
3369,LOAD,35751621,2797.0759703455124
3370,LOAD,37016964,2701.4641179109126
3371,LOAD,36865690,2712.5492565038116
3372,LOAD,34347664,2911.4061439520315
3373,LOAD,27689792,3611.4391902979987
3374,LOAD,27174773,3679.8835449333833
3375,LOAD,31162467,3208.9885566505377
3376,LOAD,32356324,3090.5859392432835
3377,LOAD,27855226,3589.990617918519
3378,LOAD,29788406,3357.0107779516634
3379,LOAD,31701364,3154.438402082636
3380,LOAD,32861924,3043.035459518438
3381,LOAD,34786347,2874.6910389872214
3382,LOAD,30542974,3274.075406016454
3383,LOAD,37451638,2670.1101831647525
3384,LOAD,34658832,2885.2674550602283
3385,LOAD,27267759,3667.3347450371703
3386,LOAD,27869302,3588.177414705255
3387,LOAD,32641135,3063.6189581030194
3388,LOAD,30170095,3314.540441453698
3389,LOAD,33032687,3027.304439387568
3390,LOAD,29193000,3425.4787106498134
3391,LOAD,26645498,3752.9792087203623
3392,LOAD,31999067,3125.091115937849
3393,LOAD,28162225,3550.8558006336502
3394,LOAD,29818579,3353.6138660396928
3395,LOAD,27794855,3597.7881518000363
3396,LOAD,28784733,3474.0638379379793
3397,LOAD,33268099,3005.8826024294326
3398,LOAD,31167933,3208.425788132951
3399,LOAD,35742806,2797.7657937656045
3400,LOAD,36708300,2724.1795452254664
3401,LOAD,37605483,2659.1866935999733
3402,LOAD,37099927,2695.4230934201028
3403,LOAD,37958257,2634.4729158665004
3404,LOAD,36968072,2705.036930246187
3405,LOAD,37524223,2664.945254162891
3406,LOAD,33852155,2954.021686359406
3407,LOAD,30957867,3230.196705735573
3408,LOAD,32329190,3093.1798786174354
3409,LOAD,26443775,3781.60833693374
3410,LOAD,33392207,2994.71071199337
3411,LOAD,31508859,3173.7106062774283
3412,LOAD,29581278,3380.5165550994784
3413,LOAD,28714098,3482.60983158865
3414,LOAD,26210996,3815.192677149697
3415,LOAD,27382625,3651.9508264821216
3416,LOAD,25090088,3985.6376749256515
3417,LOAD,29427891,3398.136821969335
3418,LOAD,32748851,3053.5422448866984
3419,LOAD,35009728,2856.348955353209
3420,LOAD,32206858,3104.928770139577
3421,LOAD,26272344,3806.2839006675613
3422,LOAD,33652389,2971.5572347627385
3423,LOAD,36059212,2773.2164529829433
3424,LOAD,31774200,3147.207482800511
3425,LOAD,33900718,2949.790030995804
3426,LOAD,36508583,2739.0819304052416
3427,LOAD,27240294,3671.032331736214
3428,LOAD,33366380,2997.0287457015115
3429,LOAD,30945603,3231.4768595719397
3430,LOAD,36170331,2764.6968450468426
3431,LOAD,29740871,3362.376307001903
3432,LOAD,30136380,3318.248575309974
3433,LOAD,25352616,3944.366135628765
3434,LOAD,33930622,2947.1902990755666
3435,LOAD,38293208,2611.429159970092
3436,LOAD,36746653,2721.3362806130945
3437,LOAD,30028324,3330.1891907120757
3438,LOAD,29318204,3410.850132566101
3439,LOAD,34771166,2875.9461215652072
3440,LOAD,31556673,3168.9018674433773
3441,LOAD,32824788,3046.4781676579296
3442,LOAD,35912767,2784.5250687589737
3443,LOAD,31626927,3161.862674802392
3444,LOAD,30614139,3266.46455743864
3445,LOAD,19755918,5061.7744009668395
3446,LOAD,29917650,3342.5085192185884
3447,LOAD,33279034,3004.894913716546
3448,LOAD,33767629,2961.416094686423
3449,LOAD,33744386,2963.4559064135883
3450,LOAD,30097407,3322.5453608013477
3451,LOAD,32905802,3038.9777462345396
3452,LOAD,31316155,3193.2400385679534
3453,LOAD,29071155,3439.8358097571286
3454,LOAD,30699371,3257.3957297040383
3455,LOAD,30189668,3312.3915108970396
3456,LOAD,35125576,2846.928403394723
3457,LOAD,37927877,2636.5831127326214
3458,LOAD,32617706,3065.8195275903217
3459,LOAD,27600922,3623.067374343509
3460,LOAD,29541456,3385.0735048401134
3461,LOAD,27414217,3647.7423374886107
3462,LOAD,25821844,3872.6901146176856
3463,LOAD,26251819,3809.2598459558176
3464,LOAD,31148442,3210.4334463983782
3465,LOAD,36676644,2726.530813451743
3466,LOAD,31771832,3147.4420486675117
3467,LOAD,28146228,3552.873941048157
3468,LOAD,31875935,3137.162878516348
3469,LOAD,27708318,3609.024553565467
3470,LOAD,32916565,3037.9840666849655
3471,LOAD,34778903,2875.3063315424297
3472,LOAD,31494623,3175.145166843242
3473,LOAD,30354130,3294.444610996922
3474,LOAD,28848352,3466.402517551089
3475,LOAD,25006868,3998.901421801402
3476,LOAD,28222246,3543.304101310718
3477,LOAD,27364822,3654.326711863867
3478,LOAD,30276729,3302.8667000322257
3479,LOAD,27491094,3637.541670767995
3480,LOAD,29769468,3359.146357603703
3481,LOAD,26942507,3711.607089867324
3482,LOAD,26210664,3815.241002669753
3483,LOAD,30966747,3229.270417070285
3484,LOAD,21639266,4621.228834656406
3485,LOAD,27606899,3622.2829662976633
3486,LOAD,28881196,3462.4604881321397
3487,LOAD,24550089,4073.3049888332375
3488,LOAD,30732505,3253.8837950241937
3489,LOAD,34420203,2905.2704889625434
3490,LOAD,33497478,2985.2993708959225
3491,LOAD,29487199,3391.302103668782
3492,LOAD,26443231,3781.686133589348
3493,LOAD,32335646,3092.5623072444573
3494,LOAD,30823079,3244.322217128276
3495,LOAD,31290912,3195.8160887097188
3496,LOAD,33700382,2967.3254148869883
3497,LOAD,33773120,2960.934613088752
3498,LOAD,27772481,3600.6865933223607
3499,LOAD,32773804,3051.2173686032907
3500,LOAD,33852720,2953.972383902977
3501,LOAD,27609182,3621.983440146832
3502,LOAD,31733480,3151.245939619607
3503,LOAD,31507566,3173.840848258478
3504,LOAD,26521925,3770.4653791155806
3505,LOAD,28998104,3448.5013227071677
3506,LOAD,34838793,2870.363505417653
3507,LOAD,29277728,3415.565579405615
3508,LOAD,34278331,2917.294893966687
3509,LOAD,31568417,3167.7229808513994
3510,LOAD,32296310,3096.3289614200507
3511,LOAD,28456732,3514.1069607008985
3512,LOAD,27616973,3620.9616455793325
3513,LOAD,35384312,2826.1111873533105
3514,LOAD,34211798,2922.9682696010304
3515,LOAD,30706049,3256.687306139582
3516,LOAD,35490484,2817.6566991873087
3517,LOAD,33050981,3025.628800549067
3518,LOAD,33790873,2959.379001542813
3519,LOAD,31741197,3150.4798007460145
3520,LOAD,33826777,2956.237894021059
3521,LOAD,34518177,2897.0243706670835
3522,LOAD,32432020,3083.372543554179
3523,LOAD,28440167,3516.1537553559374
3524,LOAD,32443525,3082.279129656842
3525,LOAD,30416425,3287.6973543077465
3526,LOAD,35596680,2809.2507503508755
3527,LOAD,36469565,2742.0124150096112
3528,LOAD,34158507,2927.528419201694
3529,LOAD,34076633,2934.5622262622014
3530,LOAD,29687719,3368.3962045046305
3531,LOAD,31809783,3143.6869594489217
3532,LOAD,35290399,2833.631889511932
3533,LOAD,35360169,2828.040782271148
3534,LOAD,31111382,3214.2577272845033
3535,LOAD,31073282,3218.198837187523
3536,LOAD,35726781,2799.0207122214565
3537,LOAD,33476853,2987.1386058898665
3538,LOAD,34511457,2897.5884733003304
3539,LOAD,34528567,2896.152626316638
3540,LOAD,33593966,2976.7250463967252
3541,LOAD,32149047,3110.512109425825
3542,LOAD,27284803,3665.0438707583853
3543,LOAD,33200669,3011.9874994085208
3544,LOAD,32006652,3124.350525634484
3545,LOAD,32595790,3067.880852097771
3546,LOAD,33440344,2990.399859522976
3547,LOAD,30526951,3275.793904212707
3548,LOAD,32046522,3120.4634312578446
3549,LOAD,28712704,3482.7789120801717
3550,LOAD,32746957,3053.7188539380927
3551,LOAD,32620704,3065.53776399185
3552,LOAD,27789076,3598.536345720887
3553,LOAD,31539728,3170.604388217933
3554,LOAD,33415073,2992.6614255788095
3555,LOAD,30988080,3227.047303350191
3556,LOAD,35130388,2846.5384441526803
3557,LOAD,30569094,3271.277846834453
3558,LOAD,28372417,3524.5499176189323
3559,LOAD,33232728,3009.08189059893
3560,LOAD,29784987,3357.396127115986
3561,LOAD,33623639,2974.098074274471
3562,LOAD,33752134,2962.775627757344
3563,LOAD,32492303,3077.651959604095
3564,LOAD,36017955,2776.393051743221
3565,LOAD,32550770,3072.1239466839033
3566,LOAD,30749817,3252.05187399977
3567,LOAD,30769764,3249.943678476052
3568,LOAD,27911844,3582.7084731485315
3569,LOAD,35082139,2850.453331822213
3570,LOAD,35522254,2815.1366746040385
3571,LOAD,37441236,2670.8519985825255
3572,LOAD,36986626,2703.679973404441
3573,LOAD,37344337,2677.7821761837677
3574,LOAD,37836813,2642.9287265817024
3575,LOAD,36759690,2720.371145676147
3576,LOAD,35455403,2820.4446019130005
3577,LOAD,39034680,2561.8245109220825
3578,LOAD,37792088,2646.056497328224
3579,LOAD,37605688,2659.1721975675596
3580,LOAD,35603389,2808.7213832368598
3581,LOAD,35752714,2796.990460640275
3582,LOAD,32679465,3060.025615474427
3583,LOAD,29962360,3337.520809442247
3584,LOAD,27826859,3593.6502930496035
3585,LOAD,33504063,2984.71263022637
3586,LOAD,31778563,3146.7753906934054
3587,LOAD,26678278,3748.3678669215456
3588,LOAD,28364225,3525.567858808058
3589,LOAD,26752442,3737.9765181810317
3590,LOAD,32933647,3036.4083273255465
3591,LOAD,25509379,3920.1267894447765
3592,LOAD,35091284,2849.710486512833
3593,LOAD,28193083,3546.969304492169
3594,LOAD,33848354,2954.3534081450457
3595,LOAD,23204489,4309.510974363624
3596,LOAD,30984053,3227.466722962293
3597,LOAD,27342016,3657.374789042622
3598,LOAD,32782997,3050.3617469751166
3599,LOAD,36278641,2756.4428336772594
3600,LOAD,32643612,3063.3864904410702
3601,LOAD,30853492,3241.1242137518825
3602,LOAD,32680362,3059.9416248816337
3603,LOAD,31378344,3186.911329673739
3604,LOAD,30693714,3257.9960834977483
3605,LOAD,36356129,2750.5678616114496
3606,LOAD,37204119,2687.874425947299
3607,LOAD,34682780,2883.2752161158937
3608,LOAD,28654636,3489.836688206404
3609,LOAD,27431560,3645.4361326880426
3610,LOAD,32343413,3091.819654283239
3611,LOAD,27010880,3702.211849447334
3612,LOAD,32178772,3107.638787459012
3613,LOAD,31162160,3209.0201706171842
3614,LOAD,33468607,2987.8745775108
3615,LOAD,29083720,3438.3497021701487
3616,LOAD,33119026,3019.4124670212223
3617,LOAD,29678711,3369.4185707728343
3618,LOAD,28103717,3558.248184750793
3619,LOAD,30692412,3258.134290651383
3620,LOAD,34579684,2891.871423694907
3621,LOAD,26993360,3704.614764519867
3622,LOAD,33958686,2944.7546939831536
3623,LOAD,26093588,3832.359122095436
3624,LOAD,34639177,2886.9046167003335
3625,LOAD,36815491,2716.2478968432065
3626,LOAD,38185639,2618.785559670744
3627,LOAD,37598907,2659.6517818988727
3628,LOAD,37175118,2689.9712867084913
3629,LOAD,35834267,2790.6249624137704
3630,LOAD,32445563,3082.0855227569946
3631,LOAD,34077430,2934.493592973414
3632,LOAD,36461458,2742.6220860394556
3633,LOAD,30432483,3285.9625683517183
3634,LOAD,28252260,3539.5398456619046
3635,LOAD,35111366,2848.080590199766
3636,LOAD,35864358,2788.2835655388003
3637,LOAD,35982424,2779.134613054418
3638,LOAD,33225390,3009.7464619677903
3639,LOAD,29937018,3340.34605584297
3640,LOAD,28167658,3550.1709087777194
3641,LOAD,25725339,3887.217968245239
3642,LOAD,31594566,3165.1012392447483
3643,LOAD,27279564,3665.7477370239494
3644,LOAD,34896145,2865.646047722463
3645,LOAD,36642534,2729.068901184618
3646,LOAD,34173139,2926.274931898998
3647,LOAD,30550861,3273.2301718108697
3648,LOAD,32293642,3096.5847704634866
3649,LOAD,26987649,3705.3987177615954
3650,LOAD,34769769,2876.061673001049
3651,LOAD,37301508,2680.8567632171867
3652,LOAD,36340506,2751.7503471195478
3653,LOAD,37485711,2667.6831606582036
3654,LOAD,37644041,2656.46294456007
3655,LOAD,37262379,2683.671914774953
3656,LOAD,36443114,2744.002611851446
3657,LOAD,31220105,3203.0641793165014
3658,LOAD,35330851,2830.387527319962
3659,LOAD,34713049,2880.7610648087984
3660,LOAD,33025441,3027.968649987142
3661,LOAD,29173034,3427.8231054061775
3662,LOAD,35112050,2848.025108189354
3663,LOAD,28931564,3456.432566175821
3664,LOAD,31610366,3163.5192075915857
3665,LOAD,28358516,3526.2776091668547
3666,LOAD,37390797,2674.454893272267
3667,LOAD,37496728,2666.8993625257117
3668,LOAD,29998690,3333.4788952450926
3669,LOAD,30292564,3301.1401742024873
3670,LOAD,35498194,2817.044720641281
3671,LOAD,28928049,3456.8525516532413
3672,LOAD,25785423,3878.160152734357
3673,LOAD,31039742,3221.6762626441932
3674,LOAD,30943511,3231.69533024226
3675,LOAD,29900566,3344.4182962957957
3676,LOAD,33138842,3017.606951987037
3677,LOAD,30352134,3294.661258414318
3678,LOAD,31213293,3203.7632171651994
3679,LOAD,24957518,4006.808689870523
3680,LOAD,32764449,3052.0885609887714
3681,LOAD,26824849,3727.8867813943707
3682,LOAD,28896428,3460.6353421952363
3683,LOAD,26489648,3775.059600640975
3684,LOAD,26209112,3815.4669261591157
3685,LOAD,23712012,4217.271819869187
3686,LOAD,32344868,3091.6805720153193
3687,LOAD,28376285,3524.0694826683616
3688,LOAD,33305373,3002.5185425787004
3689,LOAD,29376035,3404.1353776981814
3690,LOAD,28513039,3507.167369988166
3691,LOAD,25920235,3857.989713442027
3692,LOAD,36128335,2767.9105610596225
3693,LOAD,29609176,3377.3314056426293
3694,LOAD,33371518,2996.5673122810895
3695,LOAD,22668430,4411.421523237384
3696,LOAD,33672961,2969.74180559886
3697,LOAD,30529346,3275.536921098801
3698,LOAD,36930926,2707.757720453584
3699,LOAD,30966549,3229.2910650134118
3700,LOAD,36646425,2728.779137391983
3701,LOAD,29669898,3370.41940622782
3702,LOAD,30887269,3237.5798585494886
3703,LOAD,30950264,3230.9902106166205
3704,LOAD,31249101,3200.0920602483893
3705,LOAD,32074020,3117.7881662479476
3706,LOAD,36452257,2743.3143577364767
3707,LOAD,31451349,3179.5138580542284
3708,LOAD,32014264,3123.60765188917
3709,LOAD,30005456,3332.7272213426786
3710,LOAD,33952538,2945.2879192713076
3711,LOAD,31590668,3165.4917838394554
3712,LOAD,29842371,3350.9401783122394
3713,LOAD,32735743,3054.7649399618026
3714,LOAD,36050814,2773.8624709001024
3715,LOAD,31149026,3210.3732553306804
3716,LOAD,28900687,3460.125359649755
3717,LOAD,27495827,3636.91552176263
3718,LOAD,34021553,2939.3132053671975
3719,LOAD,34542243,2895.005978621597
3720,LOAD,34423565,2904.9867438192414
3721,LOAD,34559396,2893.56908899681
3722,LOAD,33760825,2962.0129247433974
3723,LOAD,33920823,2948.04167929534
3724,LOAD,34814267,2872.385622825263
3725,LOAD,31122369,3213.1230112977582
3726,LOAD,33061814,3024.637426125499
3727,LOAD,35783407,2794.5913590620366
3728,LOAD,35631958,2806.4694059192593
3729,LOAD,34639087,2886.9121175162613
3730,LOAD,32965202,3033.5018120016375
3731,LOAD,33088998,3022.152559590955
3732,LOAD,35722640,2799.3451771761547
3733,LOAD,33233990,3008.9676262164126
3734,LOAD,34971626,2859.4609813109632
3735,LOAD,35590462,2809.741553790451
3736,LOAD,36564837,2734.8679278947698
3737,LOAD,36825960,2715.475713328315
3738,LOAD,33356002,2997.9612065019064
3739,LOAD,34667590,2884.5385560403824
3740,LOAD,34151365,2928.140646794059
3741,LOAD,34069678,2935.1612891674527
3742,LOAD,36447074,2743.7044740546253
3743,LOAD,35997459,2777.9738564324775
3744,LOAD,36163044,2765.253942671419
3745,LOAD,36571863,2734.3425190015614
3746,LOAD,36211357,2761.5645555619467
3747,LOAD,30724410,3254.7410999918307
3748,LOAD,32848001,3044.3252848171796
3749,LOAD,33962196,2944.4503529748195
3750,LOAD,34188247,2924.981792719586
3751,LOAD,33345625,2998.8941577793184
3752,LOAD,34768813,2876.1407529213034
3753,LOAD,36946815,2706.593247618232
3754,LOAD,31492075,3175.4020654402734
3755,LOAD,23894532,4185.057903624143
3756,LOAD,34863222,2868.3522136881093
3757,LOAD,31642716,3160.284976801612
3758,LOAD,34741840,2878.3737418628375
3759,LOAD,30805150,3246.210455070013
3760,LOAD,33977137,2943.1555695819807
3761,LOAD,26935930,3712.513360407456
3762,LOAD,30733164,3253.814023183555
3763,LOAD,31569615,3167.602772476003
3764,LOAD,34535908,2895.537016139839
3765,LOAD,35559653,2812.1759230890134
3766,LOAD,35713406,2800.068971298901
3767,LOAD,32155956,3109.8437875708
3768,LOAD,36552859,2735.7641162897817
3769,LOAD,36249688,2758.6444330224303
3770,LOAD,35058203,2852.3994798022018
3771,LOAD,28966797,3452.22842553148
3772,LOAD,34495651,2898.9161561264636
3773,LOAD,20677068,4836.275626699105
3774,LOAD,27569377,3627.2129036503075
3775,LOAD,29720693,3364.6590945910984
3776,LOAD,32683211,3059.6748893491526
3777,LOAD,26797318,3731.7167337417873
3778,LOAD,30618704,3265.9775541120225
3779,LOAD,36287310,2755.7843223981054
3780,LOAD,36265266,2757.4594379095415
3781,LOAD,35170281,2843.309668182634
3782,LOAD,35941047,2782.3340816977316
3783,LOAD,36283780,2756.0524289365662
3784,LOAD,35039645,2853.9101922978957
3785,LOAD,37426176,2671.9267285014635
3786,LOAD,36293899,2755.2840217029316
3787,LOAD,36882171,2711.3371390203683
3788,LOAD,36428669,2745.0906866786704
3789,LOAD,33761554,2961.9489671595093
3790,LOAD,34167985,2926.716339871959
3791,LOAD,36073898,2772.087452262575
3792,LOAD,35655763,2804.5957114983066
3793,LOAD,36377856,2748.925060344403
3794,LOAD,35486139,2818.0016991986645
3795,LOAD,31315721,3193.2842932149
3796,LOAD,33996400,2941.487922250591
3797,LOAD,31574676,3167.0950479428516
3798,LOAD,34813421,2872.4554245904187
3799,LOAD,33424206,2991.8436955540546
3800,LOAD,35386157,2825.963836649456
3801,LOAD,33157344,3015.9231089197015
3802,LOAD,34655413,2885.552106968109
3803,LOAD,30866521,3239.756109864147
3804,LOAD,34491132,2899.2959697582555
3805,LOAD,32996287,3030.6440236745425
3806,LOAD,33862186,2953.1466161103717
3807,LOAD,33624678,2974.0061748695407
3808,LOAD,36307256,2754.270386062775
3809,LOAD,36708642,2724.15416511458
3810,LOAD,34275197,2917.561640856506
3811,LOAD,34282677,2916.9250697662847
3812,LOAD,35709092,2800.407246423404
3813,LOAD,36379679,2748.7873106302013
3814,LOAD,35994512,2778.2012991313786
3815,LOAD,33878813,2951.6972746359206
3816,LOAD,36471923,2741.835137127264
3817,LOAD,29332244,3409.217515032263
3818,LOAD,31410770,3183.6214139290437
3819,LOAD,35817573,2791.9256282384067
3820,LOAD,34749159,2877.767487840497
3821,LOAD,35048004,2853.2295305604275
3822,LOAD,33559186,2979.810058563399
3823,LOAD,36641524,2729.144126210471
3824,LOAD,35313232,2831.799706127154
3825,LOAD,35562237,2811.9715866018214
3826,LOAD,36724425,2722.9834095428314
3827,LOAD,32467380,3080.014463747922
3828,LOAD,35656070,2804.5715638319084
3829,LOAD,33316631,3001.503963591036
3830,LOAD,36613135,2731.2602430794304
3831,LOAD,30890839,3237.2056971324087
3832,LOAD,33945310,2945.915061609395
3833,LOAD,36254454,2758.2817824259605
3834,LOAD,34844438,2869.8984899684706
3835,LOAD,34858600,2868.7325365906836
3836,LOAD,34160484,2927.3589917519903
3837,LOAD,36862196,2712.8063667178158
3838,LOAD,35398118,2825.0089453908254
3839,LOAD,34445201,2903.162039902162
3840,LOAD,34332946,2912.654218487397
3841,LOAD,34797752,2873.7488559605804
3842,LOAD,36786708,2718.3731689174256
3843,LOAD,31423060,3182.3762548905165
3844,LOAD,34348200,2911.360711769467
3845,LOAD,34606846,2889.6016701435315
3846,LOAD,35281078,2834.3805141101416
3847,LOAD,37086887,2696.370822387978
3848,LOAD,34504287,2898.190592954435
3849,LOAD,33827475,2956.1768946692
3850,LOAD,35404941,2824.464528835114
3851,LOAD,37517799,2665.4015604700053
3852,LOAD,35943386,2782.153022533826
3853,LOAD,38089615,2625.3875236071563
3854,LOAD,34959360,2860.4642647920327
3855,LOAD,31051988,3220.405727324125
3856,LOAD,35174468,2842.9712142341427
3857,LOAD,37377066,2675.4373925444015
3858,LOAD,36671985,2726.8772061288746
3859,LOAD,32531883,3073.9075263488435
3860,LOAD,35662508,2804.0652665258426
3861,LOAD,35600881,2808.9192511837
3862,LOAD,36266455,2757.3690342769924
3863,LOAD,35213335,2839.8332620298534
3864,LOAD,32652823,3062.522343014569
3865,LOAD,37319421,2679.5699751075986
3866,LOAD,35194882,2841.3222127012673
3867,LOAD,30436188,3285.5625678222254
3868,LOAD,34692685,2882.4520212258003
3869,LOAD,30090232,3323.3376199957515
3870,LOAD,35687700,2802.0858727236555
3871,LOAD,36878505,2711.6066662680605
3872,LOAD,37413701,2672.817639719738
3873,LOAD,37746994,2649.2175774314637
3874,LOAD,37208157,2687.5827254760293
3875,LOAD,37850972,2641.9400801649163
3876,LOAD,35793404,2793.8108373263412
3877,LOAD,37022126,2701.0874524061637
3878,LOAD,35139519,2845.7987714629785
3879,LOAD,30242320,3306.62462403678
3880,LOAD,37690114,2653.2156416401394
3881,LOAD,38094259,2625.0674675152495
3882,LOAD,37781831,2646.774847942123
3883,LOAD,35972601,2779.893508395459
3884,LOAD,36165195,2765.0894734564545
3885,LOAD,33411410,2992.9895206457913
3886,LOAD,34751812,2877.547795205614
3887,LOAD,34889875,2866.161028091961
3888,LOAD,34219251,2922.331643085934
3889,LOAD,32121851,3113.1456278780447
3890,LOAD,36053129,2773.6843589914206
3891,LOAD,37111981,2694.547617924249
3892,LOAD,36388229,2748.141438815283
3893,LOAD,38031732,2629.3832739460827
3894,LOAD,35418942,2823.3480266011334
3895,LOAD,31325211,3192.316884952507
3896,LOAD,35824196,2791.4094708503712
3897,LOAD,36305396,2754.41149299129
3898,LOAD,35717612,2799.7392434858184
3899,LOAD,31439843,3180.677460762129
3900,LOAD,36455876,2743.0420270246696
3901,LOAD,36703713,2724.519996110475
3902,LOAD,35569276,2811.41511005172
3903,LOAD,35950227,2781.623604212569
3904,LOAD,34714793,2880.6163412813667
3905,LOAD,33597294,2976.430185121457
3906,LOAD,36634031,2729.702336060151
3907,LOAD,33090942,3021.9750166072636
3908,LOAD,37434459,2671.335520035163
3909,LOAD,33463386,2988.3407494985713
3910,LOAD,36378016,2748.9129698552006
3911,LOAD,36051389,2773.81822930595
3912,LOAD,35112090,2848.021863694243
3913,LOAD,33753459,2962.6593233007616
3914,LOAD,33236613,3008.73016152398
3915,LOAD,35331720,2830.317912629218
3916,LOAD,36027680,2775.6436162417344
3917,LOAD,31453317,3179.3149193135973
3918,LOAD,35682801,2802.470579593794
3919,LOAD,34469510,2901.1146372547796
3920,LOAD,37641071,2656.6725479197976
3921,LOAD,34112969,2931.436428180731
3922,LOAD,38610276,2589.984075741909
3923,LOAD,33267319,3005.953079657546
3924,LOAD,35132178,2846.3934117605804
3925,LOAD,34998502,2857.2651480911954
3926,LOAD,32799418,3048.8345860283252
3927,LOAD,35399582,2824.892113132861
3928,LOAD,35159391,2844.1903331033236
3929,LOAD,29774671,3358.559360739872
3930,LOAD,32464969,3080.2431999858063
3931,LOAD,32425920,3083.952591013609
3932,LOAD,34106319,2932.0079953512427
3933,LOAD,28826377,3469.0450346916646
3934,LOAD,29400603,3401.290783049586
3935,LOAD,34353090,2910.946293331983
3936,LOAD,31195349,3205.606066468434
3937,LOAD,34774748,2875.6498824951946
3938,LOAD,35193696,2841.417963035198
3939,LOAD,32862695,3042.964066093788
3940,LOAD,33757124,2962.337668339281
3941,LOAD,34609518,2889.378580770758
3942,LOAD,33336132,2999.7481411460694
3943,LOAD,34940478,2862.010073245134
3944,LOAD,35049245,2853.1285053358497
3945,LOAD,33656862,2971.1623145378203
3946,LOAD,37302376,2680.7943815696885
3947,LOAD,35570795,2811.2950525845713
3948,LOAD,34442637,2903.378158879066
3949,LOAD,34516597,2897.156982190336
3950,LOAD,34668133,2884.493376092679
3951,LOAD,37206588,2687.696060708389
3952,LOAD,38877032,2572.2128170689575
3953,LOAD,38218007,2616.567630017965
3954,LOAD,35632793,2806.40364060151
3955,LOAD,37790638,2646.1580246409176
3956,LOAD,35832192,2790.786564215776
3957,LOAD,39052527,2560.6537574380272
3958,LOAD,35617435,2807.6137431008156
3959,LOAD,39374177,2539.7356241884117
3960,LOAD,36032530,2775.2700129577356
3961,LOAD,35203937,2840.591380447022
3962,LOAD,34439365,2903.6540017506127
3963,LOAD,34823187,2871.649857894971
3964,LOAD,34816201,2872.2260651011293
3965,LOAD,39155701,2553.9065179806125
3966,LOAD,38611363,2589.911161644307
3967,LOAD,35959349,2780.917974905497
3968,LOAD,36740184,2721.8154378323197
3969,LOAD,38568656,2592.7789653857785
3970,LOAD,36557349,2735.4281077656915
3971,LOAD,37156959,2691.2859042097607
3972,LOAD,38065675,2627.038664098299
3973,LOAD,34580135,2891.833707416122
3974,LOAD,33260784,3006.54368219342
3975,LOAD,34839242,2870.326512844338
3976,LOAD,37674134,2654.3410393985437
3977,LOAD,37325490,2679.134285979903
3978,LOAD,36544670,2736.3771515791495
3979,LOAD,34992694,2857.7393898280598
3980,LOAD,33690471,2968.1983371499914
3981,LOAD,35659997,2804.2627148846927
3982,LOAD,36390253,2747.9885891422628
3983,LOAD,35501587,2816.775486684581
3984,LOAD,34423547,2904.9882628306723
3985,LOAD,34375141,2909.0789765778704
3986,LOAD,36155191,2765.8545629035675
3987,LOAD,36023095,2775.996898656265
3988,LOAD,28404444,3520.5758648188994
3989,LOAD,34637313,2887.05997488893
3990,LOAD,39037281,2561.6538201008416
3991,LOAD,28352757,3526.993865182141
3992,LOAD,37196605,2688.4173972328927
3993,LOAD,37365404,2676.2724149857977
3994,LOAD,36390675,2747.9567224295783
3995,LOAD,34986667,2858.231680085445
3996,LOAD,34484067,2899.889969474888
3997,LOAD,35632937,2806.392299349335
3998,LOAD,36015889,2776.5523155627225
3999,LOAD,36462168,2742.568681050452
4000,LOAD,37026029,2700.802724483363
4001,LOAD,35310530,2832.016398507754
4002,LOAD,34097377,2932.776911256253
4003,LOAD,34834527,2870.7150236315824
4004,LOAD,36638216,2729.390535827399
4005,LOAD,36969101,2704.9616380988004
4006,LOAD,36833106,2714.9488832139214
4007,LOAD,36587071,2733.2059458927447
4008,LOAD,37668308,2654.751575249942
4009,LOAD,35627127,2806.849960144134
4010,LOAD,33926022,2947.589906060899
4011,LOAD,33954054,2945.1564163737266
4012,LOAD,37694365,2652.916423980083
4013,LOAD,35603228,2808.734084448747
4014,LOAD,34707347,2881.234339230826
4015,LOAD,32508373,3076.130571037806
4016,LOAD,36095415,2770.434970757366
4017,LOAD,36486048,2740.7736787497515
4018,LOAD,30872596,3239.1186021415238
4019,LOAD,35665013,2803.8683176703175
4020,LOAD,35609639,2808.228412537403
4021,LOAD,32715215,3056.6817305036816
4022,LOAD,35090580,2849.7676584428073
4023,LOAD,36599595,2732.270671301144
4024,LOAD,35853608,2789.1195775889555
4025,LOAD,37071044,2697.523166598707
4026,LOAD,30180457,3313.4024445024143
4027,LOAD,34777187,2875.4482068949396
4028,LOAD,28896819,3460.5885166806765
4029,LOAD,34186808,2925.104911812767
4030,LOAD,35242667,2837.4697068187265
4031,LOAD,33683353,2968.825579804956
4032,LOAD,36453342,2743.232705522583
4033,LOAD,36695150,2725.1557767170866
4034,LOAD,36398691,2747.3515462410446
4035,LOAD,34151988,2928.087231700831
4036,LOAD,35769109,2795.7084421644386
4037,LOAD,35351823,2828.708437468699
4038,LOAD,36527173,2737.687912502837
4039,LOAD,36618089,2730.890735450449
4040,LOAD,38129929,2622.6117546665246
4041,LOAD,37132256,2693.0763377264234
4042,LOAD,37684933,2653.5804110358904
4043,LOAD,37531493,2664.4290436301058
4044,LOAD,37458505,2669.6206909485577
4045,LOAD,36894551,2710.4273473879653
4046,LOAD,37506775,2666.1849759143515
4047,LOAD,38096474,2624.9148412002646
4048,LOAD,37942439,2635.571213542704
4049,LOAD,36735467,2722.1649312366167
4050,LOAD,37829006,2643.474163714479
4051,LOAD,36991567,2703.3188402102564
4052,LOAD,37946056,2635.319992148855
4053,LOAD,38436613,2601.6860538674414
4054,LOAD,35459144,2820.147040210559
4055,LOAD,38127058,2622.809239569442
4056,LOAD,35740383,2797.955466789486
4057,LOAD,36753968,2720.7946635857115
4058,LOAD,31523051,3172.2817692995513
4059,LOAD,34986465,2858.248182547165
4060,LOAD,36041817,2774.554901047303
4061,LOAD,36548784,2736.0691398105064
4062,LOAD,33444815,2990.000094185003
4063,LOAD,35860877,2788.5542230325264
4064,LOAD,33632548,2973.310258859959
4065,LOAD,36294327,2755.2515300807204
4066,LOAD,36364117,2749.963652355425
4067,LOAD,30822729,3244.35905723987
4068,LOAD,36271688,2756.9712222932662
4069,LOAD,37038320,2699.9064752396976
4070,LOAD,36624502,2730.412552776827
4071,LOAD,36997624,2702.8762711897393
4072,LOAD,34937174,2862.2807328377503
4073,LOAD,33152784,3016.3379340932574
4074,LOAD,35153452,2844.6708448433455
4075,LOAD,36895588,2710.3511671910474
4076,LOAD,36990269,2703.4137005059356
4077,LOAD,38516277,2596.3049336258537
4078,LOAD,38135933,2622.198859013099
4079,LOAD,36381031,2748.685159582201
4080,LOAD,37986119,2632.5405867338013
4081,LOAD,36215160,2761.2745601565757
4082,LOAD,37761589,2648.1936446053687
4083,LOAD,35988634,2778.655060928403
4084,LOAD,37952356,2634.8825353556444
4085,LOAD,36882027,2711.3477250043766
4086,LOAD,37968086,2633.7909158760335
4087,LOAD,36443861,2743.946367263337
4088,LOAD,37707851,2651.9676234002304
4089,LOAD,36664130,2727.461418012646
4090,LOAD,37378519,2675.3333913523966
4091,LOAD,36340854,2751.723996359579
4092,LOAD,37478353,2668.2068979925557
4093,LOAD,38228864,2615.8245246314405
4094,LOAD,46630882,2144.501577302355
4095,LOAD,36998203,2702.833972774299
4096,LOAD,37618350,2658.277144000202
4097,LOAD,37376341,2675.489288799029
4098,LOAD,37532609,2664.349819113294
4099,LOAD,35891624,2786.1653738487844
4100,LOAD,35883052,2786.8309529523854
4101,LOAD,37030489,2700.4774363093074
4102,LOAD,36419411,2745.7885027300413
4103,LOAD,33410221,2993.096034893035
4104,LOAD,33444585,2990.0206565577055
4105,LOAD,35310235,2832.0400586402216
4106,LOAD,33737120,2964.0941491152776
4107,LOAD,34073328,2934.8468690818813
4108,LOAD,36264687,2757.5034633554124
4109,LOAD,36256286,2758.1424087398254
4110,LOAD,35996401,2778.0555061601854
4111,LOAD,36196653,2762.6863732400893
4112,LOAD,35740701,2797.9305722067397
4113,LOAD,30538988,3274.5027438368293
4114,LOAD,37765431,2647.9242352616075
4115,LOAD,37997859,2631.7272244207234
4116,LOAD,36242191,2759.215081670973
4117,LOAD,37206659,2687.690931883994
4118,LOAD,36246743,2758.868569239449
4119,LOAD,35952970,2781.411382703571
4120,LOAD,34544830,2894.789176846434
4121,LOAD,33857867,2953.523327385036
4122,LOAD,36918101,2708.6983699405337
4123,LOAD,36543144,2736.4914195669644
4124,LOAD,36501869,2739.585745595657
4125,LOAD,37897205,2638.7170241182694
4126,LOAD,34517430,2897.087065867882
4127,LOAD,27474908,3639.6846169603186
4128,LOAD,30068031,3325.791436093704
4129,LOAD,35450674,2820.820839682766
4130,LOAD,32731027,3055.2050810993496
4131,LOAD,35418290,2823.400000395276
4132,LOAD,36114887,2768.9412402148732
4133,LOAD,36387242,2748.215981854299
4134,LOAD,35638608,2805.945731662696
4135,LOAD,36983787,2703.8875169814273
4136,LOAD,36235312,2759.7388977911933
4137,LOAD,33038532,3026.7688649120364
4138,LOAD,36391746,2747.875850749233
4139,LOAD,36330186,2752.5320129106963
4140,LOAD,35944155,2782.0935003201494
4141,LOAD,35900751,2785.4570507452618
4142,LOAD,33897803,2950.043694572182
4143,LOAD,32253264,3100.4613982634437
4144,LOAD,33891384,2950.6024303994195
4145,LOAD,31593993,3165.1586426571657
4146,LOAD,34298902,2915.5452264915066
4147,LOAD,31618757,3162.6796714367997
4148,LOAD,35476281,2818.7847536780982
4149,LOAD,33565451,2979.253876255081
4150,LOAD,32807250,3048.1067446981997
4151,LOAD,34985344,2858.3397665033676
4152,LOAD,33271426,3005.5820270522822
4153,LOAD,32571686,3070.1511736297593
4154,LOAD,34281338,2917.039002386663
4155,LOAD,34386475,2908.120125718033
4156,LOAD,35840679,2790.1257116250504
4157,LOAD,36582609,2733.5393164549855
4158,LOAD,35372821,2827.0292606857674
4159,LOAD,34931049,2862.782620699424
4160,LOAD,34928092,2863.0249828705214
4161,LOAD,34607850,2889.5178406055275
4162,LOAD,34294794,2915.8944649149958
4163,LOAD,35098027,2849.1630028092463
4164,LOAD,31467439,3177.888102047326
4165,LOAD,34305392,2914.9936546418126
4166,LOAD,36242009,2759.2289378880732
4167,LOAD,31440382,3180.6229326348516
4168,LOAD,36150890,2766.1836264612016
4169,LOAD,35558473,2812.2692445201455
4170,LOAD,35514106,2815.782551305107
4171,LOAD,33930142,2947.231992132541
4172,LOAD,33784074,2959.9745726344313
4173,LOAD,35648110,2805.1978071207704
4174,LOAD,37353204,2677.1465173375755
4175,LOAD,37577095,2661.195603332296
4176,LOAD,35991308,2778.448618760952
4177,LOAD,38322142,2609.4574776117684
4178,LOAD,34925415,2863.2444310253723
4179,LOAD,38572301,2592.5339533153597
4180,LOAD,30627006,3265.092252243004
4181,LOAD,36788463,2718.243488454519
4182,LOAD,37124279,2693.655006741006
4183,LOAD,37694584,2652.9010109250708
4184,LOAD,36714237,2723.7390225486643
4185,LOAD,33638989,2972.7409465248793
4186,LOAD,32617839,3065.807026639625
4187,LOAD,31900045,3134.7918161243974
4188,LOAD,33164111,3015.307722254337
4189,LOAD,34935888,2862.386094207767
4190,LOAD,31160940,3209.145808823482
4191,LOAD,27835082,3592.5886620344786
4192,LOAD,27531059,3632.261294416608
4193,LOAD,32905944,3038.964632043378
4194,LOAD,29046625,3442.740765923752
4195,LOAD,35674774,2803.10114928829
4196,LOAD,37229733,2686.0251724072264
4197,LOAD,37136577,2692.7629867448472
4198,LOAD,36729067,2722.6392655168725
4199,LOAD,35731643,2798.639849838419
4200,LOAD,39440597,2535.45857837801
4201,LOAD,34778178,2875.3662713440594
4202,LOAD,30740469,3253.0408042896156
4203,LOAD,37548098,2663.250745750158
4204,LOAD,37767696,2647.765434248359
4205,LOAD,36882062,2711.345152014548
4206,LOAD,37717886,2651.2620564153567
4207,LOAD,35451835,2820.7284615873905
4208,LOAD,35878707,2787.1684450613006
4209,LOAD,28503057,3508.395608232478
4210,LOAD,34049695,2936.8838692975078
4211,LOAD,33447602,2989.7509543434535
4212,LOAD,37068948,2697.6756934132577
4213,LOAD,32604074,3067.1013689884276
4214,LOAD,28931878,3456.395053235051
4215,LOAD,33236168,3008.7704454978084
4216,LOAD,28889098,3461.5134055068106
4217,LOAD,36143296,2766.7648241045863
4218,LOAD,33759721,2962.1097875779246
4219,LOAD,37358959,2676.7341134960425
4220,LOAD,35839858,2790.1896263093454
4221,LOAD,34015435,2939.841868845717
4222,LOAD,29653827,3372.2460173521617
4223,LOAD,32331286,3092.97935133171
4224,LOAD,29185619,3426.3450091635887
4225,LOAD,26870700,3721.525676666406
4226,LOAD,34641216,2886.734691992336
4227,LOAD,33512019,2984.0040374768228
4228,LOAD,27638367,3618.1587718261358
4229,LOAD,32755577,3052.915233335685
4230,LOAD,35535027,2814.1247789118042
4231,LOAD,37581817,2660.8612351020706
4232,LOAD,38495254,2597.72282578003
4233,LOAD,37423210,2672.138493731564
4234,LOAD,37136160,2692.7932236397082
4235,LOAD,30904389,3235.7863473696248
4236,LOAD,29091198,3437.4658616671613
4237,LOAD,26168424,3821.399408691941
4238,LOAD,32021504,3122.9014102523106
4239,LOAD,29744583,3361.9566964512496
4240,LOAD,35818217,2791.87543031525
4241,LOAD,34512891,2897.4680793909733
4242,LOAD,29581546,3380.4859286259075
4243,LOAD,28401718,3520.913770075458
4244,LOAD,25771227,3880.296425156629
4245,LOAD,31094973,3215.9539099776675
4246,LOAD,35459559,2820.1140346951297
4247,LOAD,33149850,3016.6049016813045
4248,LOAD,28952607,3453.9204017102848
4249,LOAD,29775390,3358.478260066451
4250,LOAD,31042265,3221.414416763725
4251,LOAD,33964532,2944.2478406591913
4252,LOAD,34226888,2921.6795871129157
4253,LOAD,32585730,3068.8279808370103
4254,LOAD,35801503,2793.178822687975
4255,LOAD,38061088,2627.3552663549713
4256,LOAD,37346224,2677.646875357466
4257,LOAD,31128364,3212.5041971367336
4258,LOAD,29540005,3385.2397790724817
4259,LOAD,26516131,3771.2892578483643
4260,LOAD,28150909,3552.283160732039
4261,LOAD,30796475,3247.124873869493
4262,LOAD,39938192,2503.868978345339
4263,LOAD,32926080,3037.1061480747176
4264,LOAD,33896219,2950.181552697662
4265,LOAD,31043588,3221.277128146399
4266,LOAD,29564845,3382.395544437997
4267,LOAD,35617649,2807.596874235018
4268,LOAD,31356622,3189.1190320181813
4269,LOAD,27785964,3598.9393781694957
4270,LOAD,25604699,3905.5331210884374
4271,LOAD,24664409,4054.425143533745
4272,LOAD,29645825,3373.156253873859
4273,LOAD,36541678,2736.601203699513
4274,LOAD,31396826,3185.0353280933555
4275,LOAD,33684963,2968.683682389676
4276,LOAD,35559906,2812.1559151478073
4277,LOAD,29708536,3366.0359433396516
4278,LOAD,32233170,3102.3942106842114
4279,LOAD,32063843,3118.777746011294
4280,LOAD,31776291,3147.000384657857
4281,LOAD,29956960,3338.1224263076097
4282,LOAD,30025799,3330.469240801885
4283,LOAD,29919619,3342.2885498642213
4284,LOAD,35825211,2791.3303846277418
4285,LOAD,30600968,3267.8704804370896
4286,LOAD,36682594,2726.088563965787
4287,LOAD,33616303,2974.747104106005
4288,LOAD,29953468,3338.5115873727877
4289,LOAD,35692967,2801.6723854870347
4290,LOAD,30361484,3293.646647838426
4291,LOAD,35775480,2795.210574393411
4292,LOAD,36314221,2753.7421221289587
4293,LOAD,28490805,3509.9043358023755
4294,LOAD,32965334,3033.489665234394
4295,LOAD,31276047,3197.335008481091
4296,LOAD,30839098,3242.6369928199583
4297,LOAD,31454821,3179.1629016105353
4298,LOAD,28653132,3490.0198693811203
4299,LOAD,29380465,3403.6221006032406
4300,LOAD,30759995,3250.97582102988
4301,LOAD,29124694,3433.512468834866
4302,LOAD,27722009,3607.2421735380003
4303,LOAD,29005665,3447.602390774354
4304,LOAD,30224797,3308.5416586917027
4305,LOAD,29892499,3345.3208445369523
4306,LOAD,30735747,3253.540576059531
4307,LOAD,27100905,3689.9136763144998
4308,LOAD,31051927,3220.4120536545124
4309,LOAD,36997946,2702.852747555229
4310,LOAD,33173452,3014.4586701438247
4311,LOAD,30939326,3232.13246468265
4312,LOAD,29021274,3445.748108783922
4313,LOAD,29196512,3425.0666654975776
4314,LOAD,35442449,2821.475457296983
4315,LOAD,29348067,3407.37943660821
4316,LOAD,34581480,2891.721233446342
4317,LOAD,29790872,3356.732894559112
4318,LOAD,35746708,2797.4603983113634
4319,LOAD,33738968,2963.931795424211
4320,LOAD,36075799,2771.94137820759
4321,LOAD,30507441,3277.888827188095
4322,LOAD,32379355,3088.3876470053215
4323,LOAD,30565797,3271.6307053926976
4324,LOAD,30823303,3244.2986398959256
4325,LOAD,30741907,3252.8886383008053
4326,LOAD,29450707,3395.5042233790855
4327,LOAD,33762837,2961.8364120290007
4328,LOAD,36077661,2771.7983158608868
4329,LOAD,32348941,3091.291303786421
4330,LOAD,30538569,3274.547671176079
4331,LOAD,29763500,3359.8199136526287
4332,LOAD,35137765,2845.940827482909
4333,LOAD,33914168,2948.620175497155
4334,LOAD,30030519,3329.9457794918562
4335,LOAD,29135011,3432.2966275866515
4336,LOAD,26855299,3723.659900416674
4337,LOAD,27887919,3585.782072875355
4338,LOAD,30667139,3260.8193415107944
4339,LOAD,35878323,2787.1982756830635
4340,LOAD,36957886,2705.782468185545
4341,LOAD,33184252,3013.477597747269
4342,LOAD,35005440,2856.6988445224515
4343,LOAD,34100006,2932.55080365675
4344,LOAD,34078844,2934.3718349131796
4345,LOAD,31157686,3209.4809608133287
4346,LOAD,31294771,3195.422008360438
4347,LOAD,30519410,3276.6033157259594
4348,LOAD,33453843,2989.1931997169954
4349,LOAD,29416340,3399.4711782635095
4350,LOAD,33074454,3023.481506300905
4351,LOAD,36820763,2715.858984236693
4352,LOAD,34748288,2877.8396219117326
4353,LOAD,35105425,2848.5625797152434
4354,LOAD,29257805,3417.891396842654
4355,LOAD,29000589,3448.2058278195664
4356,LOAD,34198293,2924.122557813046
4357,LOAD,32117932,3113.5254909936293
4358,LOAD,31198942,3205.236895533188
4359,LOAD,28200701,3546.0111434818587
4360,LOAD,30679110,3259.5469686050214
4361,LOAD,32142588,3111.1371616996116
4362,LOAD,29900371,3344.4401074488337
4363,LOAD,33568017,2979.0261366943423
4364,LOAD,27947683,3578.114149927921
4365,LOAD,34038953,2937.810690005653
4366,LOAD,35281521,2834.3449252088653
4367,LOAD,31067996,3218.746390980609
4368,LOAD,31869785,3137.7682654589603
4369,LOAD,30934447,3232.642238602164
4370,LOAD,30104002,3321.8174779552564
4371,LOAD,30236013,3307.314360527627
4372,LOAD,33157302,3015.926929157264
4373,LOAD,31070011,3218.5376439036345
4374,LOAD,28839020,3467.5242085202617
4375,LOAD,33386213,2995.2483679415814
4376,LOAD,31104882,3214.9294120453505
4377,LOAD,35555949,2812.4688782740686
4378,LOAD,32316852,3094.3607997462127
4379,LOAD,34666330,2884.643398940701
4380,LOAD,28513775,3507.076842683931
4381,LOAD,32590824,3068.3483179191785
4382,LOAD,27735401,3605.500421645247
4383,LOAD,33742053,2963.660806294152
4384,LOAD,35436598,2821.9413161500433
4385,LOAD,30574550,3270.694090346383
4386,LOAD,33440725,2990.365789019227
4387,LOAD,33248726,3007.6340368650513
4388,LOAD,31111997,3214.194190106151
4389,LOAD,31981219,3126.8351590975944
4390,LOAD,37553736,2662.850907829783
4391,LOAD,38417780,2602.9614412909855
4392,LOAD,32628462,3064.8088775989504
4393,LOAD,34436963,2903.856533457959
4394,LOAD,30626349,3265.1622953816664
4395,LOAD,29344691,3407.7714432228986
4396,LOAD,30661839,3261.382984888806
4397,LOAD,34824948,2871.504646611389
4398,LOAD,33915786,2948.4795074482427
4399,LOAD,28705919,3483.6021100735356
4400,LOAD,27757122,3602.6789809116376
4401,LOAD,27221625,3673.549980943459
4402,LOAD,30834710,3243.098443280316
4403,LOAD,32330725,3093.033020447268
4404,LOAD,27978037,3574.2321736153253
4405,LOAD,28002016,3571.1714470843817
4406,LOAD,29868480,3348.0110136170306
4407,LOAD,37410922,2673.016184952619
4408,LOAD,37394328,2674.2023549667747
4409,LOAD,33300169,3002.987762614658
4410,LOAD,27859836,3589.396577926733
4411,LOAD,28249310,3539.909470355205
4412,LOAD,29869633,3347.8817767864775
4413,LOAD,37740659,2649.6622647739136
4414,LOAD,36807260,2716.8553160436286
4415,LOAD,37490046,2667.3746946056026
4416,LOAD,33840485,2955.040390230814
4417,LOAD,32844990,3044.604367363181
4418,LOAD,32986158,3031.5746380648516
4419,LOAD,28829101,3468.717252057218
4420,LOAD,31442757,3180.3826871797532
4421,LOAD,32144840,3110.919201962119
4422,LOAD,32768429,3051.717859284618
4423,LOAD,32110767,3114.2202240139577
4424,LOAD,32943049,3035.5417314286847
4425,LOAD,31966046,3128.319342342184
4426,LOAD,31461985,3178.43899550521
4427,LOAD,37043393,2699.536729802262
4428,LOAD,27205140,3675.775974687136
4429,LOAD,35014152,2855.9880587712078
4430,LOAD,34165536,2926.9261281309914
4431,LOAD,30494462,3279.2839565426666
4432,LOAD,31268804,3198.075628348305
4433,LOAD,34213246,2922.8445614309735
4434,LOAD,22836173,4379.017447450587
4435,LOAD,34441223,2903.497358383586
4436,LOAD,33143959,3017.1410723746067
4437,LOAD,33711382,2966.357178711926
4438,LOAD,31498919,3174.712122660463
4439,LOAD,33501982,2984.898027824145
4440,LOAD,29484634,3391.5971281854813
4441,LOAD,32542871,3072.869630955425
4442,LOAD,28919431,3457.882694856617
4443,LOAD,28298906,3533.7055079090337
4444,LOAD,28201400,3545.923252037133
4445,LOAD,30591274,3268.9060285622627
4446,LOAD,28740424,3479.4197886572583
4447,LOAD,35400116,2824.849500493162
4448,LOAD,30831276,3243.45966089759
4449,LOAD,30304274,3299.8645669584425
4450,LOAD,29818499,3353.622863444602
4451,LOAD,35762533,2796.222515893938
4452,LOAD,32926915,3037.0291295130446
4453,LOAD,31843049,3140.402792458725
4454,LOAD,28510357,3507.4972930012764
4455,LOAD,35257835,2836.249020962291
4456,LOAD,33478803,2986.9646175820562
4457,LOAD,31308118,3194.059764307775
4458,LOAD,26352979,3794.637410821752
4459,LOAD,31193586,3205.7872410052505
4460,LOAD,35339175,2829.7208409647365
4461,LOAD,32626500,3064.9931803901736
4462,LOAD,31739162,3150.6817980890614
4463,LOAD,32534572,3073.653466226634
4464,LOAD,29938490,3340.18181945716
4465,LOAD,30620111,3265.827481814158
4466,LOAD,27474724,3639.708992163124
4467,LOAD,36951444,2706.254185898662
4468,LOAD,32605558,3066.961773817826
4469,LOAD,33615467,2974.8210845918043
4470,LOAD,31693193,3155.251665554809
4471,LOAD,32265948,3099.242582303796
4472,LOAD,32382021,3088.133381174696
4473,LOAD,34096487,2932.853463760064
4474,LOAD,35262223,2835.8960806299706
4475,LOAD,31852748,3139.446555757136
4476,LOAD,29526196,3386.823009642014
4477,LOAD,30827974,3243.807069514202
4478,LOAD,31621496,3162.4057255229163
4479,LOAD,32392401,3087.1438026468
4480,LOAD,38233889,2615.480732289619
4481,LOAD,35256951,2836.3201344324984
4482,LOAD,38939969,2568.055459931157
4483,LOAD,29561965,3382.725065806688
4484,LOAD,36409174,2746.5605234548852
4485,LOAD,30442708,3284.8588896887886
4486,LOAD,35187991,2841.8786397893527
4487,LOAD,32598139,3067.6597826642806
4488,LOAD,28113702,3556.984419910263
4489,LOAD,26275848,3805.776315953723
4490,LOAD,33413238,2992.825777615447
4491,LOAD,32011574,3123.8701352204675
4492,LOAD,33901043,2949.76175216792
4493,LOAD,28629777,3492.866884712375
4494,LOAD,28566108,3500.651891395216
4495,LOAD,29356720,3406.3750991255156
4496,LOAD,28092071,3559.7233112503523
4497,LOAD,27603987,3622.6650881990345
4498,LOAD,29520019,3387.5316950168626
4499,LOAD,26898643,3717.659660377663
4500,LOAD,29339159,3408.4139903260348
4501,LOAD,33044682,3026.2055479910505
4502,LOAD,31844413,3140.2682787715385
4503,LOAD,34267755,2918.195253818057
4504,LOAD,34910788,2864.444079577923
4505,LOAD,29805451,3355.0909865447097
4506,LOAD,32264012,3099.4285521589813
4507,LOAD,28516749,3506.711091085453
4508,LOAD,34342452,2911.847995012121
4509,LOAD,33549079,2980.7077565378177
4510,LOAD,28729037,3480.7988865063594
4511,LOAD,31236501,3201.3828949663725
4512,LOAD,28995933,3448.7595208610805
4513,LOAD,31220617,3203.01165092285
4514,LOAD,31877754,3136.983866554714
4515,LOAD,32380585,3088.2703323611972
4516,LOAD,29584947,3380.0973177339138
4517,LOAD,37016690,2701.484114327888
4518,LOAD,39632562,2523.177784973881
4519,LOAD,32208260,3104.7936150540263
4520,LOAD,34139563,2929.1529009905603
4521,LOAD,31380955,3186.646168034083
4522,LOAD,32322426,3093.8271774525833
4523,LOAD,36553461,2735.7190609119066
4524,LOAD,37270120,2683.1145164008058
4525,LOAD,37969642,2633.682982841924
4526,LOAD,34384771,2908.2642429114912
4527,LOAD,33215544,3010.6386335265197
4528,LOAD,30609781,3266.9296131194146
4529,LOAD,30088861,3323.4890479902183
4530,LOAD,29824252,3352.975960637672
4531,LOAD,25752628,3883.0988433491134
4532,LOAD,28837687,3467.68449217165
4533,LOAD,30866474,3239.7610430008945
4534,LOAD,29601008,3378.2633348161658
4535,LOAD,29760942,3360.1086954841685
4536,LOAD,38060877,2627.3698317566354
4537,LOAD,32039397,3121.1573675996465
4538,LOAD,32808709,3047.97119569685
4539,LOAD,32118540,3113.466552340175
4540,LOAD,28197473,3546.4170849636066
4541,LOAD,27786872,3598.821774541589
4542,LOAD,32866045,3042.653900096589
4543,LOAD,31532546,3171.326539886757
4544,LOAD,33969511,2943.8162945589647
4545,LOAD,31792604,3145.385637489776
4546,LOAD,29192299,3425.5609672948335
4547,LOAD,34473799,2900.7536999331
4548,LOAD,27595875,3623.7299958780072
4549,LOAD,28689471,3485.599298781075
4550,LOAD,32693217,3058.738453300573
4551,LOAD,31917113,3133.115454395891
4552,LOAD,30437333,3285.438970622032
4553,LOAD,36253262,2758.3724741790134
4554,LOAD,37525481,2664.8559148382406
4555,LOAD,37245999,2684.8521367355456
4556,LOAD,38597390,2590.8487594627513
4557,LOAD,33379783,2995.8253473367395
4558,LOAD,28435294,3516.7563240246436
4559,LOAD,34364019,2910.0205072055164
4560,LOAD,24413542,4096.087327271069
4561,LOAD,34838939,2870.3514765475493
4562,LOAD,37802859,2645.3025682528405
4563,LOAD,37964498,2634.039833741513
4564,LOAD,38763174,2579.7681067087024
4565,LOAD,31313812,3193.4789670449577
4566,LOAD,33861667,2953.19187918303
4567,LOAD,32626044,3065.0360184642677
4568,LOAD,24986180,4002.2124230274494
4569,LOAD,30625299,3265.2742427102507
4570,LOAD,31190553,3206.0989749043565
4571,LOAD,36839511,2714.4768561124497
4572,LOAD,31802899,3144.367436440307
4573,LOAD,30378965,3291.7513812600264
4574,LOAD,34173334,2926.2582339785754
4575,LOAD,30467993,3282.1328270621566
4576,LOAD,29417212,3399.3704094052146
4577,LOAD,35746367,2797.4870844916913
4578,LOAD,28799260,3472.311441335645
4579,LOAD,36285419,2755.9279389883854
4580,LOAD,35677992,2802.8483217329044
4581,LOAD,34861271,2868.512740112086
4582,LOAD,27589370,3624.584396091683
4583,LOAD,31712259,3153.3546695616983
4584,LOAD,28207541,3545.1512770999784
4585,LOAD,36288184,2755.717949401932
4586,LOAD,32638044,3063.909099454612
4587,LOAD,31372389,3187.5162583251154
4588,LOAD,28302284,3533.283744873735
4589,LOAD,33186195,3013.3011633301135
4590,LOAD,27864327,3588.8180611719063
4591,LOAD,32134211,3111.948197514481
4592,LOAD,37148316,2691.9120640623387
4593,LOAD,30507948,3277.8343531987143
4594,LOAD,35240623,2837.634283593681
4595,LOAD,30031341,3329.8546341969877
4596,LOAD,30742413,3252.8350978825247
4597,LOAD,33616133,2974.762147686648
4598,LOAD,33212457,3010.91846351506
4599,LOAD,34044514,2937.3308134168105
4600,LOAD,29418806,3399.1862212218944
4601,LOAD,32929229,3036.815711658478
4602,LOAD,33152827,3016.334021831683
4603,LOAD,32017397,3123.301997348504
4604,LOAD,32892412,3040.2148677938244
4605,LOAD,37799534,2645.5352597733086
4606,LOAD,30939255,3232.1398818426624
4607,LOAD,34656567,2885.4560233851203
4608,LOAD,32908020,3038.77291918505
4609,LOAD,30383472,3291.2630919863273
4610,LOAD,29619994,3376.09791548236
4611,LOAD,32046677,3120.4483385282037
4612,LOAD,26273548,3806.1094755835793
4613,LOAD,35439240,2821.730940054019
4614,LOAD,34092330,2933.21107709564
4615,LOAD,27183378,3678.718664030644
4616,LOAD,28048933,3565.198005927712
4617,LOAD,34500871,2898.4775485813097
4618,LOAD,28469993,3512.47012951496
4619,LOAD,31993723,3125.6131085463235
4620,LOAD,33596194,2976.5276388152774
4621,LOAD,29436921,3397.0944175853174
4622,LOAD,29694606,3367.614980309892
4623,LOAD,29927085,3341.454739076659
4624,LOAD,28545185,3503.2177931234287
4625,LOAD,34515376,2897.259470677648
4626,LOAD,32129676,3112.3874389520765
4627,LOAD,29463681,3394.0090513469786
4628,LOAD,32753636,3053.096150912833
4629,LOAD,31870063,3137.7408949583814
4630,LOAD,34861700,2868.477440859166
4631,LOAD,35348735,2828.955548197128
4632,LOAD,31587728,3165.7864092029663
4633,LOAD,31135283,3211.790302339632
4634,LOAD,32122138,3113.117813017303
4635,LOAD,30053544,3327.394599452231
4636,LOAD,28180454,3548.5588699174255
4637,LOAD,32492097,3077.671471927466
4638,LOAD,30421997,3287.0951897076316
4639,LOAD,33652084,2971.58416697165
4640,LOAD,32853448,3043.820545106864
4641,LOAD,28983266,3450.266784978615
4642,LOAD,34639259,2886.8977826575333
4643,LOAD,32077269,3117.4723758434675
4644,LOAD,32663894,3061.484341089277
4645,LOAD,28723982,3481.4114561135707
4646,LOAD,36335586,2752.122946358977
4647,LOAD,34296129,2915.7809617522726
4648,LOAD,31496978,3174.907764167089
4649,LOAD,30233865,3307.549332511738
4650,LOAD,32763575,3052.169978398267
4651,LOAD,38578646,2592.107561265888
4652,LOAD,32081334,3117.07736342884
4653,LOAD,35756748,2796.6749101456317
4654,LOAD,35819093,2791.8071515657866
4655,LOAD,33052028,3025.532956706923
4656,LOAD,32056299,3119.5117065759837
4657,LOAD,33047348,3025.961417539465
4658,LOAD,34032645,2938.355217468404
4659,LOAD,33750935,2962.880880188949
4660,LOAD,33574532,2978.4480689112806
4661,LOAD,35467804,2819.45845871935
4662,LOAD,34887063,2866.39204911001
4663,LOAD,34625368,2888.055947881911
4664,LOAD,30557376,3272.5323012028257
4665,LOAD,33158878,3015.7835859222982
4666,LOAD,32647630,3063.0094741946045
4667,LOAD,35061370,2852.1418301680737
4668,LOAD,32757358,3052.7492479704865
4669,LOAD,36748240,2721.218757687443
4670,LOAD,34411318,2906.020629607968
4671,LOAD,36385919,2748.315907590516
4672,LOAD,33241897,3008.251905720062
4673,LOAD,36533900,2737.1838210538704
4674,LOAD,38202202,2617.6501553496837
4675,LOAD,34970226,2859.575457133162
4676,LOAD,37577280,2661.1825017670253
4677,LOAD,37364525,2676.3353742620843
4678,LOAD,35410849,2823.993290869699
4679,LOAD,35694840,2801.5253745359273
4680,LOAD,37551133,2663.0354934962947
4681,LOAD,33926503,2947.5481159965116
4682,LOAD,34329200,2912.972047120236
4683,LOAD,34482333,2900.035795141819
4684,LOAD,35490611,2817.6466164530107
4685,LOAD,33583780,2977.6278906067155
4686,LOAD,34253319,2919.425121985989
4687,LOAD,36023737,2775.9474259985855
4688,LOAD,35122793,2847.153983454562
4689,LOAD,34465210,2901.476590451647
4690,LOAD,34713550,2880.719488499448
4691,LOAD,36672966,2726.804262300464
4692,LOAD,37620121,2658.1520032856884
4693,LOAD,35538835,2813.8232443466422
4694,LOAD,34493290,2899.11458141569
4695,LOAD,39246949,2547.9687605780514
4696,LOAD,32572151,3070.1073441542135
4697,LOAD,34642635,2886.6164482003173
4698,LOAD,35500708,2816.8452302416053
4699,LOAD,33158127,3015.8518905485826
4700,LOAD,34115440,2931.224102635053
4701,LOAD,35906719,2784.9940842548162
4702,LOAD,31736774,3150.918867809312
4703,LOAD,22940976,4359.012450036999
4704,LOAD,34785055,2874.7978118763936
4705,LOAD,37535141,2664.170090635866
4706,LOAD,38085361,2625.6807700995664
4707,LOAD,35887182,2786.5102364404097
4708,LOAD,38098836,2624.7521052874163
4709,LOAD,35429658,2822.4940810887874
4710,LOAD,33500238,2985.0534196204812
4711,LOAD,34782683,2874.99385829437
4712,LOAD,34812262,2872.551056866112
4713,LOAD,33389439,2994.958974902214
4714,LOAD,36689059,2725.6081983459976
4715,LOAD,36642060,2729.104204294191
4716,LOAD,33747484,2963.1838628325595
4717,LOAD,31795187,3145.1301104157683
4718,LOAD,37209706,2687.470844300678
4719,LOAD,35769480,2795.6794451582746
4720,LOAD,34836411,2870.5597714988494
4721,LOAD,34264378,2918.482862872923
4722,LOAD,34522883,2896.6294616819805
4723,LOAD,35307413,2832.2664138547902
4724,LOAD,38774816,2578.9935405496185
4725,LOAD,35752865,2796.9786477251546
4726,LOAD,39088050,2558.3266497049613
4727,LOAD,38027239,2629.6939412298643
4728,LOAD,35535524,2814.08542054987
4729,LOAD,39435513,2535.785448004696
4730,LOAD,34712532,2880.8039701627067
4731,LOAD,35712464,2800.1428296854565
4732,LOAD,36807275,2716.8542088486583
4733,LOAD,35728579,2798.8798546955927
4734,LOAD,36411082,2746.4165992100975
4735,LOAD,36058607,2773.262982677062
4736,LOAD,34055596,2936.3749793132383
4737,LOAD,39552786,2528.266908935315
4738,LOAD,37765458,2647.922342157217
4739,LOAD,33583560,2977.647396523775
4740,LOAD,34112459,2931.480254765568
4741,LOAD,34850871,2869.368745475543
4742,LOAD,30129547,3319.001112097703
4743,LOAD,35647765,2805.224955898357
4744,LOAD,35981044,2779.2412026732745
4745,LOAD,37390793,2674.455179380657
4746,LOAD,37818125,2644.234741939216
4747,LOAD,34829457,2871.132903392666
4748,LOAD,36166913,2764.9581262299052
4749,LOAD,34018523,2939.575007415813
4750,LOAD,34562103,2893.3424566207677
4751,LOAD,36144635,2766.662327617916
4752,LOAD,39548609,2528.533936553875
4753,LOAD,35661092,2804.1766079401045
4754,LOAD,35873791,2787.550387412359
4755,LOAD,32862083,3043.020736086632
4756,LOAD,34961361,2860.30054722412
4757,LOAD,37461180,2669.4300606654674
4758,LOAD,36131714,2767.6517089668096
4759,LOAD,34424989,2904.8665781708746
4760,LOAD,35158567,2844.2569914752216
4761,LOAD,35122599,2847.1697097358883
4762,LOAD,36878496,2711.6073280211863
4763,LOAD,36694316,2725.2177149180275
4764,LOAD,38991341,2564.671987044508
4765,LOAD,36861837,2712.8327869281175
4766,LOAD,38131405,2622.5102379521554
4767,LOAD,36775116,2719.230035875346
4768,LOAD,37280576,2682.361989256818
4769,LOAD,37566833,2661.9225528007646
4770,LOAD,37684940,2653.579918131752
4771,LOAD,37888704,2639.3090668923383
4772,LOAD,37852568,2641.828686497571
4773,LOAD,36816024,2716.208572658471
4774,LOAD,37467916,2668.9501492423547
4775,LOAD,37515435,2665.569518252954
4776,LOAD,36945580,2706.6837223830294
4777,LOAD,37397932,2673.9446448536246
4778,LOAD,37594898,2659.935398680959
4779,LOAD,37239515,2685.319612782282
4780,LOAD,38101408,2624.5749238453336
4781,LOAD,36924553,2708.2250663941686
4782,LOAD,36447794,2743.6502741427917
4783,LOAD,34552881,2894.1146759947455
4784,LOAD,35356234,2828.3555313046068
4785,LOAD,34633297,2887.3947519348217
4786,LOAD,36626373,2730.273073995069
4787,LOAD,37356535,2676.9078020753263
4788,LOAD,37109699,2694.7133147051395
4789,LOAD,36911399,2709.190188104222
4790,LOAD,33646819,2972.0491556720413
4791,LOAD,33907107,2949.2342121667884
4792,LOAD,35936598,2782.678538463769
4793,LOAD,37301365,2680.867040656555
4794,LOAD,37652620,2655.857680023329
4795,LOAD,37059714,2698.347860968382
4796,LOAD,38115923,2623.5754542793047
4797,LOAD,37214374,2687.1337403122784
4798,LOAD,38138719,2622.007309684418
4799,LOAD,36585447,2733.3272708134464
4800,LOAD,37263671,2683.5788669345
4801,LOAD,37496128,2666.942037321827
4802,LOAD,36795689,2717.709675174176
4803,LOAD,38357743,2607.0355599389673
4804,LOAD,37760849,2648.2455413012563
4805,LOAD,37310702,2680.1961539077984
4806,LOAD,38023573,2629.9474802118148
4807,LOAD,37050289,2699.03427743843
4808,LOAD,37719403,2651.155427884158
4809,LOAD,37650667,2655.9954435866966
4810,LOAD,37403673,2673.53422750755
4811,LOAD,36689360,2725.585837419895
4812,LOAD,37462613,2669.327951042817
4813,LOAD,37597972,2659.7179230837237
4814,LOAD,38588780,2591.4268344321845
4815,LOAD,37546142,2663.389490190497
4816,LOAD,37604734,2659.2396584961884
4817,LOAD,36922981,2708.3403693759183
4818,LOAD,37321426,2679.4260219317453
4819,LOAD,37792197,2646.0488655898994
4820,LOAD,38182999,2618.9666243869424
4821,LOAD,36782679,2718.670926606515
4822,LOAD,38169952,2619.861822199829
4823,LOAD,36834230,2714.866036292872
4824,LOAD,28787213,3473.7645495588613
4825,LOAD,35050484,2853.02765006041
4826,LOAD,36855944,2713.2665493522563
4827,LOAD,37449057,2670.294207942272
4828,LOAD,38014414,2630.5811264116815
4829,LOAD,37075993,2697.1630941887383
4830,LOAD,37254243,2684.2580051888317
4831,LOAD,34906632,2864.7851216353383
4832,LOAD,30258703,3304.8343149407297
4833,LOAD,34975422,2859.150634408357
4834,LOAD,31978454,3127.10551923492
4835,LOAD,34617475,2888.7144426333807
4836,LOAD,36072856,2772.1675267408823
4837,LOAD,36007740,2777.180683930733
4838,LOAD,29112344,3434.9690289452474
4839,LOAD,34490678,2899.3341331243187
4840,LOAD,37608404,2658.9801577328303
4841,LOAD,33052485,3025.491124192326
4842,LOAD,35134738,2846.1860168133317
4843,LOAD,35263481,2835.7949120224407
4844,LOAD,34256145,2919.184280659718
4845,LOAD,32386940,3087.6643486541184
4846,LOAD,36007889,2777.169192006785
4847,LOAD,30920356,3234.115415747477
4848,LOAD,35448943,2820.958582601462
4849,LOAD,35916425,2784.241471694357
4850,LOAD,35588381,2809.9058510135656
4851,LOAD,34082216,2934.0815162957715
4852,LOAD,34587723,2891.1992847866854
4853,LOAD,35800280,2793.2742425478236
4854,LOAD,35378968,2826.5380719980303
4855,LOAD,34069852,2935.1462988450903
4856,LOAD,33986931,2942.307441645731
4857,LOAD,39106531,2557.117633369219
4858,LOAD,36967492,2705.079370815851
4859,LOAD,38515416,2596.3629732053264
4860,LOAD,37226252,2686.2763406856
4861,LOAD,37740312,2649.6866268620142
4862,LOAD,36520376,2738.197438054855
4863,LOAD,38061087,2627.35533538493
4864,LOAD,37364351,2676.3478375417253
4865,LOAD,37173158,2690.1131187186197
4866,LOAD,37064759,2697.9805804214184
4867,LOAD,34633074,2887.413343672583
4868,LOAD,36350862,2750.9664007417487
4869,LOAD,33339094,2999.481629584775
4870,LOAD,34015049,2939.8752299313164
4871,LOAD,33808651,2957.822836527846
4872,LOAD,29704159,3366.531939180638
4873,LOAD,32456866,3081.0121963100196
4874,LOAD,30167977,3314.773145047147
4875,LOAD,33257834,3006.810365341291
4876,LOAD,33265805,3006.0898871979803
4877,LOAD,33171919,3014.5979796948136
4878,LOAD,33388501,2995.043113795375
4879,LOAD,34058196,2936.1508166786048
4880,LOAD,31398105,3184.905585862586
4881,LOAD,33912507,2948.764595905576
4882,LOAD,30398550,3289.630590932791
4883,LOAD,36377919,2748.9202997015855
4884,LOAD,31019284,3223.8010393792456
4885,LOAD,32433917,3083.192202779578
4886,LOAD,30931387,3232.9620394972912
4887,LOAD,36119752,2768.5682891731926
4888,LOAD,35826492,2791.230578757195
4889,LOAD,35547221,2813.159430943983
4890,LOAD,35602731,2808.77329326225
4891,LOAD,33308164,3002.2669517299123
4892,LOAD,35419359,2823.314786696168
4893,LOAD,37421386,2672.2687395918474
4894,LOAD,37432696,2671.4613342303746
4895,LOAD,35600524,2808.947418863835
4896,LOAD,35911257,2784.642152737789
4897,LOAD,34218590,2922.3880937233243
4898,LOAD,30947220,3231.308014096258
4899,LOAD,33134916,3017.9644940098838
4900,LOAD,31526263,3171.9585667352962
4901,LOAD,29253646,3418.3773195313843
4902,LOAD,35000385,2857.111428917139
4903,LOAD,35669741,2803.4966668246902
4904,LOAD,31532657,3171.3153763097093
4905,LOAD,35704753,2800.7475643368825
4906,LOAD,36683539,2726.018337543714
4907,LOAD,33948283,2945.657074910092
4908,LOAD,35863191,2788.374297200715
4909,LOAD,35662579,2804.0596839617237
4910,LOAD,34912177,2864.330116108199
4911,LOAD,34501345,2898.4377275726497
4912,LOAD,32778174,3050.8105790151703
4913,LOAD,34691908,2882.5165799471165
4914,LOAD,29856447,3349.3603575803913
4915,LOAD,23888482,4186.117811922918
4916,LOAD,35198090,2841.0632508752606
4917,LOAD,33399327,2994.0723057084356
4918,LOAD,34581916,2891.684775360625
4919,LOAD,30381619,3291.4638288367714
4920,LOAD,34739795,2878.5431808103644
4921,LOAD,30558380,3272.424781680181
4922,LOAD,35027716,2854.8821167786105
4923,LOAD,31356189,3189.1630708055754
4924,LOAD,34305061,2915.0217806054916
4925,LOAD,35014514,2855.95853193907
4926,LOAD,34876716,2867.2424318849285
4927,LOAD,35700183,2801.106089568224
4928,LOAD,34394103,2907.4751564243443
4929,LOAD,36673367,2726.774446425931
4930,LOAD,36088087,2770.9975316785285
4931,LOAD,31818827,3142.7934159860765
4932,LOAD,36612097,2731.337677817253
4933,LOAD,35014046,2855.996704865242
4934,LOAD,36704414,2724.4679618097157
4935,LOAD,34329071,2912.982993335299
4936,LOAD,34776298,2875.5217130932106
4937,LOAD,31849860,3139.731226448091
4938,LOAD,32578265,3069.5311736214317
4939,LOAD,33870488,2952.4227699346993
4940,LOAD,36248782,2758.7133824248217
4941,LOAD,30450198,3284.050895169877
4942,LOAD,34357610,2910.56333662324
4943,LOAD,31247677,3200.2378928840058
4944,LOAD,33647161,2972.018946858548
4945,LOAD,29910589,3343.2975860154406
4946,LOAD,34825774,2871.4365400751753
4947,LOAD,32341501,3092.0024398372852
4948,LOAD,34449586,2902.792503805416
4949,LOAD,36086427,2771.124999435383
4950,LOAD,34892845,2865.9170669516916
4951,LOAD,32516589,3075.353321961292
4952,LOAD,34591760,2890.8618699944727
4953,LOAD,30874767,3238.8908392409894
4954,LOAD,33634392,2973.147247614882
4955,LOAD,30238864,3307.0025381905884
4956,LOAD,31943396,3130.5375295726226
4957,LOAD,35488062,2817.8489994748093
4958,LOAD,33694417,2967.8507273178225
4959,LOAD,35023607,2855.2170540287298
4960,LOAD,33633624,2973.21513732805
4961,LOAD,32571535,3070.165406696369
4962,LOAD,35582945,2810.33511981653
4963,LOAD,37435010,2671.2962010695337
4964,LOAD,35363719,2827.7568883521553
4965,LOAD,33621097,2974.322937767319
4966,LOAD,24813195,4030.1138164593476
4967,LOAD,31059507,3219.6261196290075
4968,LOAD,32762239,3052.2944417809786
4969,LOAD,35294632,2833.2920428239627
4970,LOAD,39174746,2552.6649234688084
4971,LOAD,37855012,2641.658124424845
4972,LOAD,39597844,2525.3900187090994
4973,LOAD,35785797,2794.404718721229
4974,LOAD,35356362,2828.345291860062
4975,LOAD,34026813,2938.8588346490164
4976,LOAD,33764159,2961.720444451171
4977,LOAD,35765093,2796.022367396053
4978,LOAD,32432837,3083.29487179922
4979,LOAD,33368070,2996.8769545256887
4980,LOAD,36582533,2733.5449953670513
4981,LOAD,34799749,2873.5839445278757
4982,LOAD,36707279,2724.255317317309
4983,LOAD,33179725,3013.888752845299
4984,LOAD,35752120,2797.0369309568214
4985,LOAD,35857928,2788.783557153665
4986,LOAD,33561307,2979.6217411914263
4987,LOAD,34156970,2927.6601525252386
4988,LOAD,36604422,2731.9103686434387
4989,LOAD,45682660,2189.0143875159633
4990,LOAD,38427759,2602.285498875956
4991,LOAD,36338015,2751.938981807344
4992,LOAD,35426501,2822.745605048605
4993,LOAD,31883290,3136.439181778292
4994,LOAD,35885022,2786.6779627444566
4995,LOAD,37411365,2672.9845329086493
4996,LOAD,36416141,2746.0350617601134
4997,LOAD,31245849,3200.4251188693897
4998,LOAD,35356068,2828.3688106946734
4999,LOAD,37482509,2667.911051525393
5000,LOAD,34965621,2859.9520654874113
5001,LOAD,34336532,2912.350029991381
5002,LOAD,33043033,3026.35656962846
5003,LOAD,36515716,2738.546876637993
5004,LOAD,31737659,3150.8310048954777
5005,LOAD,35420039,2823.2605842133603
5006,LOAD,35069035,2851.518440698468
5007,LOAD,36027787,2775.6353727749083
5008,LOAD,37136558,2692.7643644303275
5009,LOAD,36406757,2746.74286424358
5010,LOAD,35134367,2846.2160710053495
5011,LOAD,34050378,2936.824959769903
5012,LOAD,34758575,2876.987908739067
5013,LOAD,37335953,2678.383487358686
5014,LOAD,36837783,2714.6041877710177
5015,LOAD,37010252,2701.9540423556155
5016,LOAD,37140246,2692.496974845024
5017,LOAD,36687401,2725.731375738499
5018,LOAD,38032297,2629.3442123677146
5019,LOAD,36042916,2774.4703009046216
5020,LOAD,36175841,2764.2757496639815
5021,LOAD,30488037,3279.9750275821298
5022,LOAD,34693777,2882.3612949377057
5023,LOAD,36861028,2712.892326280211
5024,LOAD,34889922,2866.1571671040133
5025,LOAD,36097436,2770.279861428385
5026,LOAD,36715071,2723.677151543572
5027,LOAD,36421958,2745.5964887994214
5028,LOAD,36367347,2749.719411756926
5029,LOAD,37107589,2694.866540642131
5030,LOAD,37880090,2639.9092504796054
5031,LOAD,36074029,2772.0773856449473
5032,LOAD,38000735,2631.528048075912
5033,LOAD,37543476,2663.5786201576007
5034,LOAD,37918690,2637.221908246303
5035,LOAD,37105445,2695.0222534725026
5036,LOAD,38008919,2630.961433025759
5037,LOAD,35663359,2803.998355847524
5038,LOAD,37192833,2688.690049504968
5039,LOAD,36602165,2732.078826484718
5040,LOAD,36478155,2741.366716600661
5041,LOAD,31463446,3178.2914052071724
5042,LOAD,37261955,2683.702452005001
5043,LOAD,37101004,2695.3448483496563
5044,LOAD,37091962,2696.001899279418
5045,LOAD,37162252,2690.9025857744036
5046,LOAD,37627659,2657.6194920869248
5047,LOAD,37195181,2688.5203220277376
5048,LOAD,37621337,2658.0660862743925
5049,LOAD,37798847,2645.5833427934986
5050,LOAD,37722473,2650.9396666544103
5051,LOAD,37047730,2699.2207079893965
5052,LOAD,37517405,2665.4295519639486
5053,LOAD,36224586,2760.556048866921
5054,LOAD,37608295,2658.987864246438
5055,LOAD,36023266,2775.983721187302
5056,LOAD,33856018,2953.6846300117163
5057,LOAD,35839478,2790.2192102239883
5058,LOAD,35031383,2854.583274659753
5059,LOAD,35103564,2848.7135950070483
5060,LOAD,36883338,2711.2513514910174
5061,LOAD,37631580,2657.3425830113965
5062,LOAD,36077090,2771.8421857195244
5063,LOAD,34013054,2940.0476652287675
5064,LOAD,34237847,2920.744403116236
5065,LOAD,36582847,2733.5215326461607
5066,LOAD,37937112,2635.941291472055
5067,LOAD,38112182,2623.832978127571
5068,LOAD,36804215,2717.0800953097355
5069,LOAD,37988292,2632.3900005822843
5070,LOAD,38672961,2585.785970719956
5071,LOAD,34959749,2860.4324361710947
5072,LOAD,37879413,2639.956432271007
5073,LOAD,37873180,2640.3909045926434
5074,LOAD,37018796,2701.3304268458646
5075,LOAD,37762099,2648.157879147555
5076,LOAD,37794366,2645.897010152254
5077,LOAD,36988818,2703.5197502120773
5078,LOAD,37703142,2652.2988455444906
5079,LOAD,37374028,2675.6548692048927
5080,LOAD,36605710,2731.8142442804688
5081,LOAD,37313176,2680.0184471029747
5082,LOAD,36966593,2705.1451563307446
5083,LOAD,37940641,2635.6961127778522
5084,LOAD,36359411,2750.3195802594273
5085,LOAD,37141960,2692.372723464244
5086,LOAD,37691819,2653.0956226867165
5087,LOAD,37718496,2651.2191790467996
5088,LOAD,37816755,2644.3305354994104
5089,LOAD,37905981,2638.106107846147
5090,LOAD,37262047,2683.6958259432176
5091,LOAD,37560811,2662.349329997161
5092,LOAD,37982254,2632.8084689234083
5093,LOAD,38148108,2621.361982093581
5094,LOAD,36272382,2756.9184731237115
5095,LOAD,37442762,2670.74314656595
5096,LOAD,36676655,2726.529995715258
5097,LOAD,35640626,2805.7868568301806
5098,LOAD,33847712,2954.409444277947
5099,LOAD,33005820,3029.7686892796482
5100,LOAD,32484020,3078.436720578303
5101,LOAD,36644302,2728.937230131986
5102,LOAD,33562034,2979.5571984701523
5103,LOAD,38809371,2576.6972621122873
5104,LOAD,37450840,2670.1670776943856
5105,LOAD,36989921,2703.439134136026
5106,LOAD,38772162,2579.170075684714
5107,LOAD,37031271,2700.4204095506198
5108,LOAD,37399533,2673.8301785746894
5109,LOAD,35830523,2790.916560162965
5110,LOAD,38282846,2612.135994277959
5111,LOAD,38053984,2627.845746716034
5112,LOAD,38123097,2623.08175015267
5113,LOAD,37555239,2662.744337747391
5114,LOAD,36444968,2743.8630210897704
5115,LOAD,38703372,2583.754201055143
5116,LOAD,36006736,2777.2581219247418
5117,LOAD,39490692,2532.2422812950454
5118,LOAD,36508333,2739.100686958235
5119,LOAD,38276202,2612.589409994231
5120,LOAD,37779517,2646.9369632226903
5121,LOAD,35451474,2820.7571848775597
5122,LOAD,39649969,2522.070067696648
5123,LOAD,36300810,2754.7594667997764
5124,LOAD,36942730,2706.8925333888424
5125,LOAD,35430970,2822.3895648355096
5126,LOAD,37077837,2697.0289555995405
5127,LOAD,37094684,2695.804067235079
5128,LOAD,31209706,3204.131432702378
5129,LOAD,36915776,2708.8689670237463
5130,LOAD,35107547,2848.3904044905216
5131,LOAD,33511354,2984.063252114492
5132,LOAD,33648927,2971.8629660910137
5133,LOAD,34308559,2914.724573538632
5134,LOAD,36533774,2737.193261227269
5135,LOAD,37156786,2691.298434692387
5136,LOAD,37704457,2652.2063426082495
5137,LOAD,34108767,2931.797563951813
5138,LOAD,38059398,2627.4719321624584
5139,LOAD,37551655,2662.998475033923
5140,LOAD,35254378,2836.527139976771
5141,LOAD,36104398,2769.745669211823
5142,LOAD,37231034,2685.931312033934
5143,LOAD,36116741,2768.7991006719017
5144,LOAD,36352972,2750.80672908944
5145,LOAD,34919811,2863.7039301272275
5146,LOAD,33076184,3023.323367653294
5147,LOAD,35143562,2845.4713839194787
5148,LOAD,34998138,2857.2948652296873
5149,LOAD,35160105,2844.132575827063
5150,LOAD,35791754,2793.939632016916
5151,LOAD,36596102,2732.53145922481
5152,LOAD,37067318,2697.7943211321626
5153,LOAD,36901690,2709.902988182926
5154,LOAD,37239032,2685.354442081094
5155,LOAD,35893151,2786.0468421956043
5156,LOAD,35329174,2830.521879735994
5157,LOAD,32230261,3102.674222836731
5158,LOAD,36281414,2756.232157875655
5159,LOAD,36017768,2776.4074664482264
5160,LOAD,34524798,2896.4687932424686
5161,LOAD,32300531,3095.9243363522414
5162,LOAD,32605816,3066.9375058731853
5163,LOAD,37345300,2677.713125881972
5164,LOAD,39240271,2548.402379789885
5165,LOAD,33645993,2972.122118672497
5166,LOAD,33783628,2960.013649214939
5167,LOAD,35519149,2815.382767194113
5168,LOAD,38503188,2597.1875367826688
5169,LOAD,35179572,2842.558744034748
5170,LOAD,37420927,2672.301517276683
5171,LOAD,36809055,2716.7228281193306
5172,LOAD,38117112,2623.4936162005138
5173,LOAD,37513338,2665.718523902085
5174,LOAD,34535083,2895.6061869027503
5175,LOAD,36622997,2730.524757435881
5176,LOAD,36012544,2776.8102136855427
5177,LOAD,35706991,2800.5720224367265
5178,LOAD,31802811,3144.3761370653683
5179,LOAD,36533609,2737.2056234575675
5180,LOAD,35900702,2785.4608525482317
5181,LOAD,35410366,2824.031810346157
5182,LOAD,31192597,3205.8888844683247
5183,LOAD,34775964,2875.5493305663645
5184,LOAD,36562907,2735.0122899144753
5185,LOAD,31460271,3178.6121613510577
5186,LOAD,36691962,2725.3925532791077
5187,LOAD,35655437,2804.621354100919
5188,LOAD,37025622,2700.8324127546052
5189,LOAD,34341716,2911.910400749922
5190,LOAD,35828112,2791.1043707801296
5191,LOAD,36904507,2709.696135488275
5192,LOAD,35357140,2828.283056830954
5193,LOAD,35471215,2819.187332601942
5194,LOAD,36088099,2770.9966102675567
5195,LOAD,37348340,2677.495171137459
5196,LOAD,38120670,2623.2487519238252
5197,LOAD,36122873,2768.3290861167106
5198,LOAD,35194415,2841.3599146341826
5199,LOAD,41323569,2419.926507315958
5200,LOAD,27683057,3612.317815911733
5201,LOAD,36581120,2733.6505825956124
5202,LOAD,38440835,2601.4003077716707
5203,LOAD,37299062,2681.032568593816
5204,LOAD,38227650,2615.9075956800903
5205,LOAD,37866935,2640.8263568202706
5206,LOAD,35458559,2820.193567369729
5207,LOAD,36127022,2768.011157963698
5208,LOAD,38340443,2608.211908245296
5209,LOAD,39185347,2551.9743387751546
5210,LOAD,37288263,2681.809018564367
5211,LOAD,34865387,2868.174100577171
5212,LOAD,30848963,3241.600049894708
5213,LOAD,33852681,2953.975787028507
5214,LOAD,36671382,2726.9220450977277
5215,LOAD,35536308,2814.0233363578454
5216,LOAD,34262966,2918.603135525395
5217,LOAD,36714289,2723.7351648019117
5218,LOAD,35406427,2824.3459866763737
5219,LOAD,38777216,2578.833921445005
5220,LOAD,35635416,2806.197070913947
5221,LOAD,33925820,2947.6074565036306
5222,LOAD,36747513,2721.27259333169
5223,LOAD,36543412,2736.471350841569
5224,LOAD,35792584,2793.8748429004177
5225,LOAD,35404883,2824.4691558506206
5226,LOAD,39331434,2542.495653730805
5227,LOAD,36259115,2757.9272136123564
5228,LOAD,35125837,2846.907249498425
5229,LOAD,33815423,2957.2304921337227
5230,LOAD,36763641,2720.0787865380366
5231,LOAD,36316169,2753.5944113488404
5232,LOAD,36031245,2775.3689887762694
5233,LOAD,39367432,2540.1707685682927
5234,LOAD,36732659,2722.373025051086
5235,LOAD,32639120,3063.808092865249
5236,LOAD,33578048,2978.136191835809
5237,LOAD,36966055,2705.184526723233
5238,LOAD,37151348,2691.692371431583
5239,LOAD,36852388,2713.528360767286
5240,LOAD,37027818,2700.672235128735
5241,LOAD,38040753,2628.759740902079
5242,LOAD,38399421,2604.2059332092535
5243,LOAD,37422413,2672.195403326878
5244,LOAD,37850166,2641.996338932833
5245,LOAD,36883805,2711.2170232978947
5246,LOAD,38675376,2585.624506921407
5247,LOAD,38037467,2628.98683553245
5248,LOAD,37242055,2685.136467361965
5249,LOAD,37198477,2688.2821035925745
5250,LOAD,37830880,2643.3432159125036
5251,LOAD,36723670,2723.0393912155296
5252,LOAD,35455173,2820.4628983195203
5253,LOAD,37436760,2671.1713299975745
5254,LOAD,33378450,2995.944988458122
5255,LOAD,35941447,2782.3031165105845
5256,LOAD,34901915,2865.1722978524244
5257,LOAD,37067156,2697.806111696295
5258,LOAD,38118755,2623.380538005504
5259,LOAD,37424060,2672.0778023549556
5260,LOAD,36798726,2717.485382510253
5261,LOAD,36857858,2713.125651523211
5262,LOAD,36392013,2747.8556902032324
5263,LOAD,28397944,3521.3816887588764
5264,LOAD,38631135,2588.585605884994
5265,LOAD,37461715,2669.3919378757755
5266,LOAD,37890548,2639.1806209823094
5267,LOAD,39012651,2563.271078399671
5268,LOAD,37705895,2652.1051946917055
5269,LOAD,37176323,2689.8840963911357
5270,LOAD,37189562,2688.9265326652676
5271,LOAD,37881737,2639.7944740495927
5272,LOAD,27805394,3596.4244923125348
5273,LOAD,26595117,3760.088741102361
5274,LOAD,35913099,2784.499327111815
5275,LOAD,37641137,2656.6678897080074
5276,LOAD,35837287,2790.389797084807
5277,LOAD,33268011,3005.8905535410577
5278,LOAD,36962670,2705.432264498209
5279,LOAD,36023101,2775.996436286815
5280,LOAD,37434600,2671.3254582658824
5281,LOAD,37097100,2695.6284992627457
5282,LOAD,38409908,2603.4949107402185
5283,LOAD,36986535,2703.6866254165197
5284,LOAD,38246041,2614.649709756887
5285,LOAD,37692845,2653.0234053704357
5286,LOAD,38472738,2599.243131590998
5287,LOAD,36402598,2747.056679855652
5288,LOAD,37680691,2653.87914462609
5289,LOAD,37241088,2685.2061894647113
5290,LOAD,37822552,2643.9252433310157
5291,LOAD,36659424,2727.811544447616
5292,LOAD,38644686,2587.6779022088576
5293,LOAD,35534769,2814.1452108496896
5294,LOAD,36948958,2706.4362681080206
5295,LOAD,38066912,2626.95329739381
5296,LOAD,36061630,2773.030503612843
5297,LOAD,36330759,2752.4886006372726
5298,LOAD,36038438,2774.8150460905104
5299,LOAD,31076255,3217.890958868757
5300,LOAD,34916814,2863.9497292049614
5301,LOAD,30216922,3309.4039161235546
5302,LOAD,36154166,2765.9329771291086
5303,LOAD,36332065,2752.3896591069074
5304,LOAD,36590749,2732.931211656804
5305,LOAD,32828885,3046.0979713444426
5306,LOAD,36288491,2755.694636076215
5307,LOAD,36747221,2721.294217051134
5308,LOAD,36875131,2711.8547728006715
5309,LOAD,37879876,2639.9241644824815
5310,LOAD,36737136,2722.0412609191962
5311,LOAD,37148956,2691.865687961729
5312,LOAD,37261562,2683.7307571808183
5313,LOAD,36737389,2722.022514991471
5314,LOAD,36513422,2738.7189291652808
5315,LOAD,36823294,2715.6723132916895
5316,LOAD,35678973,2802.771256896884
5317,LOAD,30332983,3296.74137225475
5318,LOAD,35898812,2785.6075014404378
5319,LOAD,31635024,3161.0533944908657
5320,LOAD,37944117,2635.454660863501
5321,LOAD,36950533,2706.3209074683714
5322,LOAD,37597502,2659.7511717666775
5323,LOAD,36368820,2749.608043373417
5324,LOAD,37040352,2699.7583608276723
5325,LOAD,36910297,2709.271074139555
5326,LOAD,38002661,2631.394680493558
5327,LOAD,37141522,2692.404473893127
5328,LOAD,37459389,2669.5576908635644
5329,LOAD,38980628,2565.3768328206515
5330,LOAD,38139877,2621.927700500974
5331,LOAD,36801056,2717.313329269682
5332,LOAD,38280870,2612.2708287455325
5333,LOAD,41098817,2433.1600590839394
5334,LOAD,33360413,2997.5648083253645
5335,LOAD,36836902,2714.669110882343
5336,LOAD,36352792,2750.820349644671
5337,LOAD,36620080,2730.7422594379914
5338,LOAD,35566207,2811.6577064290273
5339,LOAD,35156331,2844.437890859544
5340,LOAD,35980994,2779.2450647694723
5341,LOAD,34671983,2884.173080034101
5342,LOAD,37140622,2692.46971685073
5343,LOAD,36753250,2720.8478161795215
5344,LOAD,35401717,2824.721750077828
5345,LOAD,31431067,3181.5655510517668
5346,LOAD,36965559,2705.2208246059527
5347,LOAD,36962320,2705.4578825138683
5348,LOAD,35609034,2808.276124536262
5349,LOAD,35922328,2783.7839462965762
5350,LOAD,35076442,2850.916293049335
5351,LOAD,33180484,3013.8198104644885
5352,LOAD,35388076,2825.8105922458176
5353,LOAD,34300540,2915.4059965236697
5354,LOAD,32187139,3106.8309612730723
5355,LOAD,33928978,2947.333102694694
5356,LOAD,37548750,2663.2045008156065
5357,LOAD,31147325,3210.548578409221
5358,LOAD,35193671,2841.4199814506424
5359,LOAD,31606042,3163.952006391689
5360,LOAD,36426995,2745.2168371286184
5361,LOAD,36108443,2769.4353921602215
5362,LOAD,37295135,2681.314868547868
5363,LOAD,36802948,2717.1736351120567
5364,LOAD,37193578,2688.636194130073
5365,LOAD,34755172,2877.269604650496
5366,LOAD,35744936,2797.5990780903903
5367,LOAD,36578170,2733.8710493171197
5368,LOAD,37422975,2672.1552735986384
5369,LOAD,36443563,2743.968804586972
5370,LOAD,36858381,2713.0871537737917
5371,LOAD,37967313,2633.8445388537243
5372,LOAD,38239596,2615.090389553279
5373,LOAD,37011080,2701.893595107195
5374,LOAD,37712990,2651.606250260189
5375,LOAD,38810455,2576.6252933648934
5376,LOAD,38651143,2587.2456087521136
5377,LOAD,37861875,2641.1792865514453
5378,LOAD,37456861,2669.7378619099986
5379,LOAD,34875977,2867.303186947279
5380,LOAD,36072334,2772.207642566184
5381,LOAD,35388656,2825.764278812962
5382,LOAD,35165948,2843.660008824446
5383,LOAD,30068612,3325.727173572229
5384,LOAD,28435727,3516.7027732401566
5385,LOAD,30352310,3294.6421540897545
5386,LOAD,35075175,2851.0192750285637
5387,LOAD,35938222,2782.552792956758
5388,LOAD,35421339,2823.156967612094
5389,LOAD,31560563,3168.5112841618193
5390,LOAD,35000724,2857.0837563245836
5391,LOAD,32630931,3064.5769806567887
5392,LOAD,36375097,2749.133562447957
5393,LOAD,35725987,2799.0829196685313
5394,LOAD,35976158,2779.6186574453004
5395,LOAD,34995722,2857.4921243230815
5396,LOAD,32585784,3068.822895284643
5397,LOAD,34643294,2886.5615377105883
5398,LOAD,37144577,2692.1830338786735
5399,LOAD,33423064,2991.9459209365123
5400,LOAD,38331936,2608.7907482679716
5401,LOAD,39941375,2503.6694405237677
5402,LOAD,31594435,3165.1143627034317
5403,LOAD,36119371,2768.5974930183584
5404,LOAD,36821369,2715.8142870787883
5405,LOAD,36786551,2718.3847705646554
5406,LOAD,37535414,2664.1507137765952
5407,LOAD,36597436,2732.4318567016553
5408,LOAD,34708884,2881.1067506520812
5409,LOAD,33533476,2982.09466862308
5410,LOAD,35036642,2854.1548017073096
5411,LOAD,32723548,3055.9033513114164
5412,LOAD,40882677,2446.023776769804
5413,LOAD,34722012,2880.017436777569
5414,LOAD,37093507,2695.8896067713413
5415,LOAD,35784999,2794.4670335187097
5416,LOAD,35836587,2790.4443020759763
5417,LOAD,36998939,2702.780206751334
5418,LOAD,37608571,2658.9683505922094
5419,LOAD,35627120,2806.850511632711
5420,LOAD,36655346,2728.1150203847483
5421,LOAD,32639249,3063.795983786269
5422,LOAD,35410459,2824.024393470867
5423,LOAD,34106318,2932.0080813179543
5424,LOAD,35129091,2846.6435411038674
5425,LOAD,32630674,3064.601117341309
5426,LOAD,35320238,2831.2380001516412
5427,LOAD,34251403,2919.588432625665
5428,LOAD,36330470,2752.5104960106487
5429,LOAD,35820535,2791.694763911259
5430,LOAD,35459919,2820.0854040303925
5431,LOAD,36258630,2757.9641039940007
5432,LOAD,35879071,2787.1401687072666
5433,LOAD,35174688,2842.953432877642
5434,LOAD,31019028,3223.8276454052657
5435,LOAD,32764582,3052.076171763766
5436,LOAD,34329367,2912.957876560905
5437,LOAD,35442181,2821.4967921979746
5438,LOAD,36541854,2736.5880231473748
5439,LOAD,36019521,2776.27234409919
5440,LOAD,34709497,2881.0558677931867
5441,LOAD,33373586,2996.3816294718827
5442,LOAD,36197884,2762.5924211481533
5443,LOAD,36493681,2740.200419902832
5444,LOAD,35882693,2786.858834703404
5445,LOAD,39755515,2515.3742820335747
5446,LOAD,37059270,2698.3801893561317
5447,LOAD,36739613,2721.8577397644335
5448,LOAD,36206491,2761.9356982149966
5449,LOAD,39546735,2528.653756119184
5450,LOAD,37444009,2670.6542026522857
5451,LOAD,36709266,2724.107858762417
5452,LOAD,32580970,3069.276329096402
5453,LOAD,34941744,2861.906377655334
5454,LOAD,35776976,2795.09369377669
5455,LOAD,37550828,2663.0571235340003
5456,LOAD,34755641,2877.230778163464
5457,LOAD,34060344,2935.9656496716534
5458,LOAD,36549230,2736.035752326383
5459,LOAD,35523849,2815.0102766172663
5460,LOAD,37558469,2662.5153437431113
5461,LOAD,37537014,2664.037155432768
5462,LOAD,36822112,2715.759487125562
5463,LOAD,38732566,2581.806741128383
5464,LOAD,36475831,2741.5413784541333
5465,LOAD,35369801,2827.270642546165
5466,LOAD,33497208,2985.323433523176
5467,LOAD,34878401,2867.1039133932777
5468,LOAD,36773624,2719.3403619942383
5469,LOAD,36797388,2717.584193747665
5470,LOAD,37028210,2700.64364439977
5471,LOAD,36041245,2774.5989351921667
5472,LOAD,34054636,2936.4577557076223
5473,LOAD,35753176,2796.9543181282693
5474,LOAD,35371730,2827.1164571255067
5475,LOAD,36615299,2731.0988229264494
5476,LOAD,36935223,2707.4427031346204
5477,LOAD,37742262,2649.5497275706475
5478,LOAD,35025156,2855.090781037492
5479,LOAD,31308676,3194.0028380631616
5480,LOAD,38460462,2600.0727708367103
5481,LOAD,37536141,2664.099114504072
5482,LOAD,37477106,2668.295678967314
5483,LOAD,36794002,2717.8342817940816
5484,LOAD,37998988,2631.6490323373873
5485,LOAD,37437773,2671.0990528202624
5486,LOAD,38186594,2618.7200670476136
5487,LOAD,36500421,2739.6944270861973
5488,LOAD,37956660,2634.583759477256
5489,LOAD,37562390,2662.237413540512
5490,LOAD,31626963,3161.8590757512825
5491,LOAD,36723457,2723.055185136846
5492,LOAD,24259005,4122.180608808977
5493,LOAD,37137027,2692.7303577639645
5494,LOAD,37670224,2654.616548072557
5495,LOAD,37741013,2649.6374116932157
5496,LOAD,37493134,2667.1550049670427
5497,LOAD,38431658,2602.0214896791595
5498,LOAD,38072217,2626.5872565288223
5499,LOAD,36439846,2744.2486996240327
5500,LOAD,38525846,2595.6600667510324
5501,LOAD,37477531,2668.2654201526775
5502,LOAD,36862370,2712.7935615642727
5503,LOAD,37896013,2638.800023633093
5504,LOAD,37899796,2638.536629590302
5505,LOAD,37790863,2646.1422698920637
5506,LOAD,36838512,2714.550468270814
5507,LOAD,36134964,2767.4027847377956
5508,LOAD,38189602,2618.5138038359237
5509,LOAD,37577560,2661.1626726163167
5510,LOAD,37757098,2648.5086327344334
5511,LOAD,36594763,2732.631442373325
5512,LOAD,38574208,2592.405785751972
5513,LOAD,37438692,2671.033485892082
5514,LOAD,37160287,2691.0448780979546
5515,LOAD,36234097,2759.8314372233426
5516,LOAD,37700890,2652.457276207538
5517,LOAD,33140621,3017.4449658019385
5518,LOAD,34076610,2934.5642069442943
5519,LOAD,36334739,2752.187101165086
5520,LOAD,37398764,2673.885158343736
5521,LOAD,38149878,2621.240361502598
5522,LOAD,37722304,2650.9515431507048
5523,LOAD,31090510,3216.415555743537
5524,LOAD,36128864,2767.8700332232975
5525,LOAD,34462993,2901.663242075347
5526,LOAD,33719278,2965.662550663155
5527,LOAD,37233518,2685.7521225901887
5528,LOAD,37156848,2691.2939439857764
5529,LOAD,34767722,2876.2310052985354
5530,LOAD,35378336,2826.588565386456
5531,LOAD,37406419,2673.337963732909
5532,LOAD,36728031,2722.716063924037
5533,LOAD,37226529,2686.256352291131
5534,LOAD,37586035,2660.562626518067
5535,LOAD,36708354,2724.1755378080966
5536,LOAD,36507347,2739.1746653077803
5537,LOAD,32530673,3074.0218623820047
5538,LOAD,37618235,2658.285270428025
5539,LOAD,36984339,2703.847160821233
5540,LOAD,38527914,2595.520743739202
5541,LOAD,38298356,2611.07813609545
5542,LOAD,35800722,2793.2397564496046
5543,LOAD,39087735,2558.347266732135
5544,LOAD,36709837,2724.0654868611923
5545,LOAD,37080119,2696.8629739295066
5546,LOAD,38991124,2564.686260390955
5547,LOAD,36941995,2706.9463898741797
5548,LOAD,38030012,2629.5021942144012
5549,LOAD,35851051,2789.318505613685
5550,LOAD,31722979,3152.289070960202
5551,LOAD,36022359,2776.05361714373
5552,LOAD,26194068,3817.6582575871753
5553,LOAD,36762076,2720.1945831350763
5554,LOAD,35515734,2815.6534791030926
5555,LOAD,35161826,2843.993369400099
5556,LOAD,36988534,2703.540507985529
5557,LOAD,37558920,2662.483372791337
5558,LOAD,37062144,2698.1709422962685
5559,LOAD,36241391,2759.275989158363
5560,LOAD,38826572,2575.5557302354687
5561,LOAD,38349520,2607.594567024568
5562,LOAD,38013008,2630.6784246066504
5563,LOAD,37669778,2654.647978015692
5564,LOAD,36159797,2765.5022510220397
5565,LOAD,38570220,2592.6738297059233
5566,LOAD,36886082,2711.049658242369
5567,LOAD,38100394,2624.6447740146727
5568,LOAD,36811708,2716.5270353660308
5569,LOAD,38071283,2626.6516944017885
5570,LOAD,35906175,2785.036278578824
5571,LOAD,37047539,2699.2346239246826
5572,LOAD,38157596,2620.7101726219857
5573,LOAD,38752915,2580.45104477947
5574,LOAD,37752568,2648.826432151582
5575,LOAD,37346136,2677.6531847899873
5576,LOAD,37484259,2667.7864967265327
5577,LOAD,37633095,2657.2356060536613
5578,LOAD,37327895,2678.9616719614114
5579,LOAD,37735542,2650.02156322546
5580,LOAD,37274030,2682.8330609810637
5581,LOAD,31045306,3221.0988675711556
5582,LOAD,36711837,2723.9170842908243
5583,LOAD,36448576,2743.5914094421687
5584,LOAD,36125311,2768.1422590382685
5585,LOAD,37041204,2699.69626257289
5586,LOAD,36510380,2738.9471158612973
5587,LOAD,39116426,2556.470777775045
5588,LOAD,36809236,2716.709469329926
5589,LOAD,37327664,2678.978250554334
5590,LOAD,36590321,2732.963178978397
5591,LOAD,37800983,2645.433850225535
5592,LOAD,36042030,2774.538504074271
5593,LOAD,36349273,2751.086658596996
5594,LOAD,33636527,2972.958534036525
5595,LOAD,34250000,2919.7080291970806
5596,LOAD,37245134,2684.9144911117783
5597,LOAD,37570534,2661.6603320037984
5598,LOAD,36027946,2775.6231232277296
5599,LOAD,34619921,2888.5103463985374
5600,LOAD,35075954,2850.955956892862
5601,LOAD,33921281,2948.001875282953
5602,LOAD,35065178,2851.8320939366117
5603,LOAD,31766388,3147.9814450418476
5604,LOAD,37971395,2633.561395360902
5605,LOAD,36052014,2773.7701422172972
5606,LOAD,35413303,2823.7975994501276
5607,LOAD,35834766,2790.5861028923696
5608,LOAD,35880371,2787.03918641198
5609,LOAD,33738473,2963.9752812760676
5610,LOAD,38061449,2627.330346776866
5611,LOAD,37473003,2668.5878364218634
5612,LOAD,37146337,2692.0554777716034
5613,LOAD,34546358,2894.6611390989465
5614,LOAD,34611027,2889.252607268776
5615,LOAD,37883995,2639.6371343624137
5616,LOAD,34531194,2895.932298199709
5617,LOAD,37148396,2691.9062669623745
5618,LOAD,35753917,2796.8963512445366
5619,LOAD,35543140,2813.482432897037
5620,LOAD,33447092,2989.7965419534826
5621,LOAD,36363412,2750.0169676046903
5622,LOAD,37194587,2688.563257874056
5623,LOAD,37118262,2694.0916576320305
5624,LOAD,36445227,2743.8435216770636
5625,LOAD,37938156,2635.868754401242
5626,LOAD,36673960,2726.7303558164976
5627,LOAD,36828153,2715.314015340384
5628,LOAD,38014822,2630.5528932898856
5629,LOAD,37431587,2671.5404826410377
5630,LOAD,38446654,2601.0065791421016
5631,LOAD,41382841,2416.4604841895703
5632,LOAD,36614304,2731.1730410060504
5633,LOAD,36904756,2709.6778529032954
5634,LOAD,37704294,2652.2178084013453
5635,LOAD,35032816,2854.4665093436965
5636,LOAD,34724262,2879.8308226104273
5637,LOAD,34760868,2876.798128286094
5638,LOAD,35935961,2782.727864158134
5639,LOAD,36037191,2774.91106340669
5640,LOAD,36770430,2719.5765728059205
5641,LOAD,35914635,2784.3802394205036
5642,LOAD,35499893,2816.9098988551877
5643,LOAD,35916270,2784.2534873470995
5644,LOAD,33605929,2975.6653952342754
5645,LOAD,36544180,2736.413842094692
5646,LOAD,35788113,2794.223880985287
5647,LOAD,36525479,2737.8148825919575
5648,LOAD,36653543,2728.24921727212
5649,LOAD,35599072,2809.0619890316243
5650,LOAD,36216111,2761.202051760886
5651,LOAD,35551835,2812.7943325569554
5652,LOAD,35955073,2781.248698897093
5653,LOAD,35193305,2841.44953138104
5654,LOAD,35011585,2856.1974557849926
5655,LOAD,36162247,2765.3148876506484
5656,LOAD,36082414,2771.433197346497
5657,LOAD,36993252,2703.195707152213
5658,LOAD,36740959,2721.7580248789914
5659,LOAD,34868106,2867.9504415869333
5660,LOAD,33739662,2963.870829529946
5661,LOAD,38425311,2602.451285299942
5662,LOAD,36188559,2763.3042807811166
5663,LOAD,37779371,2646.9471924241407
5664,LOAD,37229595,2686.0351287732246
5665,LOAD,35248155,2837.027923872895
5666,LOAD,37545508,2663.4344646502054
5667,LOAD,36028165,2775.6062513869356
5668,LOAD,36795983,2717.6879606667935
5669,LOAD,36986160,2703.714037899582
5670,LOAD,36825326,2715.5224640781184
5671,LOAD,36938939,2707.170338595811
5672,LOAD,35368633,2827.3640092338314
5673,LOAD,37481596,2667.9760381601677
5674,LOAD,37081141,2696.7886452037706
5675,LOAD,39082912,2558.662977825194
5676,LOAD,38066708,2626.967375271852
5677,LOAD,35192345,2841.527042315595
5678,LOAD,34348380,2911.34545501127
5679,LOAD,34590617,2890.957394602126
5680,LOAD,33784997,2959.893706665121
5681,LOAD,32756923,3052.7897873680017
5682,LOAD,33918911,2948.2078596214365
5683,LOAD,32368059,3089.4654511103063
5684,LOAD,36427973,2745.1431349199693
5685,LOAD,36302104,2754.661272525692
5686,LOAD,36164054,2765.176713871736
5687,LOAD,36236880,2759.6194815889226
5688,LOAD,33954667,2945.1032460427314
5689,LOAD,35370227,2827.236590819731
5690,LOAD,36533308,2737.2281754501946
5691,LOAD,36279451,2756.3812914368523
5692,LOAD,36719835,2723.323783998485
5693,LOAD,36203585,2762.157394081277
5694,LOAD,37482254,2667.929201909789
5695,LOAD,38458872,2600.1802652974325
5696,LOAD,33857244,2953.577674544331
5697,LOAD,34482854,2899.991978622187
5698,LOAD,36226786,2760.388404314973
5699,LOAD,37105389,2695.0263208398114
5700,LOAD,34605757,2889.692602303137
5701,LOAD,38119053,2623.360029432001
5702,LOAD,37814404,2644.4949390184756
5703,LOAD,38799922,2577.3247688487622
5704,LOAD,37305242,2680.588427760367
5705,LOAD,38164886,2620.209582179808
5706,LOAD,32486615,3078.1908179722636
5707,LOAD,35678967,2802.7717282285666
5708,LOAD,36831342,2715.0789129540813
5709,LOAD,36849953,2713.707667415478
5710,LOAD,36623897,2730.457657195792
5711,LOAD,36433446,2744.7307619487874
5712,LOAD,32028485,3122.220735698239
5713,LOAD,34312563,2914.3844486347466
5714,LOAD,37416880,2672.590552713107
5715,LOAD,37705716,2652.11778500639
5716,LOAD,36497844,2739.8878684450515
5717,LOAD,36670460,2726.990607698949
5718,LOAD,36429752,2745.009079392031
5719,LOAD,35191210,2841.61868830313
5720,LOAD,35806054,2792.823805717324
5721,LOAD,35894276,2785.9595217911624
5722,LOAD,36609322,2731.544714212407
5723,LOAD,37069698,2697.621113611446
5724,LOAD,36242979,2759.1550904245482
5725,LOAD,33598415,2976.330877513121
5726,LOAD,34481343,2900.1190585877125
5727,LOAD,35991560,2778.4291650598084
5728,LOAD,37102469,2695.2384220036674
5729,LOAD,36324099,2752.993267637554
5730,LOAD,34412989,2905.87952124705
5731,LOAD,34234929,2920.9933515562425
5732,LOAD,34317599,2913.9567718592434
5733,LOAD,31003528,3225.4393758026504
5734,LOAD,35959384,2780.915268181457
5735,LOAD,36242693,2759.1768635956496
5736,LOAD,37265049,2683.4796326176843
5737,LOAD,30714980,3255.740358613289
5738,LOAD,34306541,2914.8960252215456
5739,LOAD,31584971,3166.0627454747387
5740,LOAD,33546977,2980.89452292527
5741,LOAD,32889594,3040.4753552141747
5742,LOAD,34679251,2883.5686214791663
5743,LOAD,36463759,2742.449016295879
5744,LOAD,36966280,2705.1680612709742
5745,LOAD,36801713,2717.264818624068
5746,LOAD,35779068,2794.9302648129346
5747,LOAD,34790185,2874.3739074684427
5748,LOAD,36043990,2774.3876302262875
5749,LOAD,37402320,2673.630940540587
5750,LOAD,36085346,2771.2080133581094
5751,LOAD,37039495,2699.8208263908564
5752,LOAD,37627835,2657.6070613682664
5753,LOAD,36815886,2716.2187540454684
5754,LOAD,36831749,2715.0489106558584
5755,LOAD,36238277,2759.513097159669
5756,LOAD,35832553,2790.758448051413
5757,LOAD,39416289,2537.022194047745
5758,LOAD,37902683,2638.3356555524047
5759,LOAD,34422605,2905.0677599792343
5760,LOAD,36278538,2756.4506596158867
5761,LOAD,40061483,2496.163209934091
5762,LOAD,38848168,2574.123958689635
5763,LOAD,37158672,2691.1618369999874
5764,LOAD,34342482,2911.845451356719
5765,LOAD,37304188,2680.6641656427423
5766,LOAD,35365931,2827.5800232715487
5767,LOAD,36159875,2765.4962855928015
5768,LOAD,36845931,2714.0038882448107
5769,LOAD,36697981,2724.945549456794
5770,LOAD,35397008,2825.0975336672523
5771,LOAD,36922701,2708.360907832826
5772,LOAD,35182855,2842.2934977846453
5773,LOAD,38764848,2579.6567034133604
5774,LOAD,35235119,2838.0775441683622
5775,LOAD,35557805,2812.3220766861173
5776,LOAD,35959713,2780.8898252330323
5777,LOAD,35823172,2791.4892628715293
5778,LOAD,35470045,2819.2803251306846
5779,LOAD,35484907,2818.0995373610535
5780,LOAD,34659782,2885.1883719291714
5781,LOAD,35695526,2801.4715345558993
5782,LOAD,36395767,2747.5722657527726
5783,LOAD,36041797,2774.5564406791373
5784,LOAD,34001492,2941.0474105077506
5785,LOAD,36282141,2756.1769301320996
5786,LOAD,36371677,2749.3920613008854
5787,LOAD,35868782,2787.9396629637436
5788,LOAD,36537176,2736.9383993990123
5789,LOAD,34876033,2867.2985829552345
5790,LOAD,31469925,3177.6370614165744
5791,LOAD,34175279,2926.091693355305
5792,LOAD,37826600,2643.6423046216155
5793,LOAD,40009804,2499.3874001482236
5794,LOAD,37366556,2676.1899062894636
5795,LOAD,36943678,2706.8230726783618
5796,LOAD,35543392,2813.462485516295
5797,LOAD,40026995,2498.313950372742
5798,LOAD,34920843,2863.619300370269
5799,LOAD,40693145,2457.416353540627
5800,LOAD,35613420,2807.930268982872
5801,LOAD,38881944,2571.887866512024
5802,LOAD,36328201,2752.682413313007
5803,LOAD,36403711,2746.9726918774845
5804,LOAD,38615369,2589.6424814689717
5805,LOAD,34164080,2927.050867460795
5806,LOAD,33589020,2977.1633706490993
5807,LOAD,36174280,2764.395034261912
5808,LOAD,36928524,2707.9338453927917
5809,LOAD,34300714,2915.3912073083957
5810,LOAD,34040483,2937.6786457465955
5811,LOAD,35035752,2854.227304725756
5812,LOAD,37218274,2686.852162999284
5813,LOAD,33914251,2948.6129591952363
5814,LOAD,36191871,2763.051404554354
5815,LOAD,35964235,2780.5401671966606
5816,LOAD,36364565,2749.929773668405
5817,LOAD,36460074,2742.72619413773
5818,LOAD,36968651,2704.9945641781733
5819,LOAD,32877573,3041.587041719898
5820,LOAD,40826924,2449.3640520162626
5821,LOAD,38024757,2629.8655899365776
5822,LOAD,37599678,2659.59724442321
5823,LOAD,34219888,2922.277244156965
5824,LOAD,32361727,3090.0699458962745
5825,LOAD,33601475,2976.0598307068367
5826,LOAD,35668239,2803.6147228911414
5827,LOAD,33893756,2950.395937233985
5828,LOAD,35828764,2791.0535791857064
5829,LOAD,33524885,2982.858852461388
5830,LOAD,34747163,2877.932796988347
5831,LOAD,34892122,2865.9764516471655
5832,LOAD,35502314,2816.7178060562474
5833,LOAD,34994719,2857.574024240629
5834,LOAD,36150895,2766.1832438726624
5835,LOAD,35758272,2796.5557172337635
5836,LOAD,36633484,2729.743095142138
5837,LOAD,36995103,2703.0604564068926
5838,LOAD,37781468,2646.800277850506
5839,LOAD,37211821,2687.3180971175802
5840,LOAD,36220025,2760.9036713806795
5841,LOAD,34646830,2886.2669398614535
5842,LOAD,40450517,2472.156289127281
5843,LOAD,35329830,2830.4693229489076
5844,LOAD,32612479,3066.3109050986277
5845,LOAD,37011159,2701.8878279385954
5846,LOAD,37490781,2667.322401205779
5847,LOAD,35987540,2778.7395304041343
5848,LOAD,35769946,2795.643023894976
5849,LOAD,34183906,2925.3532349404422
5850,LOAD,34539826,2895.208563007816
5851,LOAD,36311903,2753.917909507524
5852,LOAD,36324157,2752.9888718408524
5853,LOAD,28681916,3486.517427915206
5854,LOAD,35726813,2799.018205178279
5855,LOAD,35372966,2827.017672196332
5856,LOAD,36924059,2708.261299224985
5857,LOAD,38102043,2624.5311832753955
5858,LOAD,40080242,2494.9949154498618
5859,LOAD,35730920,2798.696479127881
5860,LOAD,35311321,2831.952959222341
5861,LOAD,34677572,2883.708236551279
5862,LOAD,36479094,2741.296151708154
5863,LOAD,36312607,2753.864518733122
5864,LOAD,35141924,2845.604014168376
5865,LOAD,35898187,2785.655999841998
5866,LOAD,33439446,2990.4801652515416
5867,LOAD,36485688,2740.800721641867
5868,LOAD,36628201,2730.1368145271454
5869,LOAD,35268050,2835.4275328519725
5870,LOAD,31099654,3215.469856995837
5871,LOAD,35773202,2795.388570472389
5872,LOAD,36682210,2726.1171014505394
5873,LOAD,35043223,2853.618800987569
5874,LOAD,35069003,2851.521042671216
5875,LOAD,36299788,2754.837025494474
5876,LOAD,36183205,2763.7131647127444
5877,LOAD,36290054,2755.575949266981
5878,LOAD,36806249,2716.929943064831
5879,LOAD,36341559,2751.6706149012484
5880,LOAD,34543760,2894.8788435306406
5881,LOAD,45402922,2202.5014160982855
5882,LOAD,36303101,2754.5856206608905
5883,LOAD,37162678,2690.871739652347
5884,LOAD,37176822,2689.847991848254
5885,LOAD,37543326,2663.589262176718
5886,LOAD,37405204,2673.4247993942236
5887,LOAD,36891857,2710.6252742983365
5888,LOAD,36794873,2717.7699458291377
5889,LOAD,36939599,2707.1219695698373
5890,LOAD,36334790,2752.18323815825
5891,LOAD,36077044,2771.845719954218
5892,LOAD,33102118,3020.9547316579565
5893,LOAD,35711474,2800.220455756041
5894,LOAD,36623278,2730.503806895713
5895,LOAD,35922395,2783.7787541727103
5896,LOAD,33970497,2943.73084974294
5897,LOAD,34219297,2922.3277146809883
5898,LOAD,36736785,2722.0672685429604
5899,LOAD,36796938,2717.6174278414146
5900,LOAD,36388286,2748.1371340216465
5901,LOAD,35433237,2822.208989825005
5902,LOAD,34314479,2914.2217196420206
5903,LOAD,36352706,2750.826857290899
5904,LOAD,36555126,2735.5944553439645
5905,LOAD,34581542,2891.716048983588
5906,LOAD,35475345,2818.8591259648074
5907,LOAD,39613671,2524.381040070737
5908,LOAD,37177680,2689.7859145594884
5909,LOAD,35781206,2794.7632620320287
5910,LOAD,33276180,3005.1526347074696
5911,LOAD,35723593,2799.2704989109016
5912,LOAD,38051392,2628.0247513678346
5913,LOAD,35712187,2800.1645488695494
5914,LOAD,36548380,2736.099383885141
5915,LOAD,37022865,2701.033536977757
5916,LOAD,30849742,3241.518194868534
5917,LOAD,36347314,2751.2349330682314
5918,LOAD,37571069,2661.622430812389
5919,LOAD,37393489,2674.26235620859
5920,LOAD,37608131,2658.999459452
5921,LOAD,38623576,2589.092216629553
5922,LOAD,36451893,2743.341751826167
5923,LOAD,38379245,2605.5749663652846
5924,LOAD,37892689,2639.0315028843693
5925,LOAD,36418205,2745.8794303563286
5926,LOAD,36988013,2703.578589095878
5927,LOAD,37235301,2685.6235162433627
5928,LOAD,38774937,2578.9854926134376
5929,LOAD,36992831,2703.2264710965214
5930,LOAD,37922606,2636.9495809438836
5931,LOAD,37887850,2639.368557466312
5932,LOAD,38332292,2608.7665198835484
5933,LOAD,36017716,2776.4114748419915
5934,LOAD,37305708,2680.55494349551
5935,LOAD,36624584,2730.406439565293
5936,LOAD,36528821,2737.564401544742
5937,LOAD,35618225,2807.5514711920655
5938,LOAD,31128535,3212.4865497203773
5939,LOAD,34233542,2921.1116979949084
5940,LOAD,33336260,2999.7366231244896
5941,LOAD,35479261,2818.547996250542
5942,LOAD,37169694,2690.363821666113
5943,LOAD,37173420,2690.0941586757417
5944,LOAD,37739105,2649.7713711016727
5945,LOAD,37586412,2660.5359404882806
5946,LOAD,36508830,2739.0633991831564
5947,LOAD,37140823,2692.4551456493036
5948,LOAD,36307069,2754.2845719658617
5949,LOAD,39349623,2541.3204085843463
5950,LOAD,38233450,2615.5107634806695
5951,LOAD,36857091,2713.1821119577776
5952,LOAD,36589622,2733.0153888990712
5953,LOAD,38495809,2597.685374010454
5954,LOAD,29659300,3371.62374027708
5955,LOAD,36487982,2740.628407457557
5956,LOAD,37500106,2666.6591289101957
5957,LOAD,38015179,2630.528189805446
5958,LOAD,37421921,2672.230535679876
5959,LOAD,37373801,2675.671120526382
5960,LOAD,38293734,2611.393289565337
5961,LOAD,37347679,2677.5425589365273
5962,LOAD,37203131,2687.945807571949
5963,LOAD,37522263,2665.084459324855
5964,LOAD,37986395,2632.521459327741
5965,LOAD,37416467,2672.6200525560043
5966,LOAD,38035273,2629.138484164423
5967,LOAD,36898594,2710.1303643168626
5968,LOAD,36993302,2703.192053523635
5969,LOAD,37842603,2642.524352777741
5970,LOAD,38100012,2624.671089342439
5971,LOAD,37690565,2653.183893634919
5972,LOAD,37158886,2691.1463384558942
5973,LOAD,37301532,2680.85503833998
5974,LOAD,38154111,2620.9495485296457
5975,LOAD,37836448,2642.9542223413787
5976,LOAD,35436037,2821.985991266461
5977,LOAD,37137705,2692.6811982592894
5978,LOAD,36054486,2773.5799645015045
5979,LOAD,35313111,2831.809409258788
5980,LOAD,32167116,3108.764864092883
5981,LOAD,36114477,2768.9726754176727
5982,LOAD,36713831,2723.769143024055
5983,LOAD,30269766,3303.6264634487097
5984,LOAD,35894906,2785.9106247555014
5985,LOAD,37076510,2697.1254845723074
5986,LOAD,39007230,2563.627307040259
5987,LOAD,36662304,2727.597261754199
5988,LOAD,37382394,2675.056070512766
5989,LOAD,35379672,2826.481828322207
5990,LOAD,33511754,2984.0276340056685
5991,LOAD,36289807,2755.594704595701
5992,LOAD,36871099,2712.151324808626
5993,LOAD,36808247,2716.78246453845
5994,LOAD,37704737,2652.1866469987576
5995,LOAD,29176107,3427.4620668206353
5996,LOAD,36611020,2731.4180265941786
5997,LOAD,37442033,2670.79514619305
5998,LOAD,36511042,2738.897454638517
5999,LOAD,37731441,2650.3095919395178
6000,LOAD,36804229,2717.0790617567345
6001,LOAD,37433220,2671.4239384161983
6002,LOAD,31059299,3219.647681037489
6003,LOAD,36344637,2751.4375779843394
6004,LOAD,36997596,2702.878316742526
6005,LOAD,37498593,2666.766723754142
6006,LOAD,37623367,2657.9226681120804
6007,LOAD,37770151,2647.593333688287
6008,LOAD,37829391,2643.4472603590157
6009,LOAD,36058077,2773.303745510333
6010,LOAD,38330189,2608.909650823793
6011,LOAD,38218755,2616.5164197525532
6012,LOAD,37432952,2671.4430643888304
6013,LOAD,36114203,2768.9936837315777
6014,LOAD,38716478,2582.8795687458964
6015,LOAD,37507325,2666.14587950487
6016,LOAD,38044415,2628.5067072262773
6017,LOAD,36081432,2771.508625267423
6018,LOAD,38597972,2590.809693317566
6019,LOAD,36612560,2731.3031375025403
6020,LOAD,38092589,2625.1825519131817
6021,LOAD,37355769,2676.9626934998983
6022,LOAD,37126647,2693.4832008934177
6023,LOAD,37275913,2682.6975371468434
6024,LOAD,37241248,2685.194652982628
6025,LOAD,37668911,2654.709078263505
6026,LOAD,37448074,2670.364302313652
6027,LOAD,38097159,2624.867644330119
6028,LOAD,38481525,2598.649611729265
6029,LOAD,37056661,2698.5701706907703
6030,LOAD,36921725,2708.4325014608607
6031,LOAD,37087245,2696.344794551334
6032,LOAD,38462767,2599.9169534526727
6033,LOAD,37416103,2672.646052957466
6034,LOAD,37639005,2656.8183723241355
6035,LOAD,29602463,3378.0972887289818
6036,LOAD,36140704,2766.963255613394
6037,LOAD,37295187,2681.3111300393803
6038,LOAD,37275734,2682.710419598981
6039,LOAD,37340242,2678.0758410724816
6040,LOAD,37879763,2639.9320397015154
6041,LOAD,37078692,2696.966764631288
6042,LOAD,37897817,2638.674412301901
6043,LOAD,37699139,2652.580474052736
6044,LOAD,37774365,2647.297975756839
6045,LOAD,37032709,2700.3155507743168
6046,LOAD,37555794,2662.7049876778
6047,LOAD,38054012,2627.8438131569415
6048,LOAD,37564990,2662.0531510856254
6049,LOAD,43945928,2275.5236844696965
6050,LOAD,37117118,2694.1746931968155
6051,LOAD,35559570,2812.182487021075
6052,LOAD,32975929,3032.515020274334
6053,LOAD,36580926,2733.665079992781
6054,LOAD,38338913,2608.3159947701174
6055,LOAD,38664111,2586.3778427493135
6056,LOAD,37381095,2675.149029208481
6057,LOAD,37908747,2637.9136192499323
6058,LOAD,37364096,2676.3661029026366
6059,LOAD,37496704,2666.9010694913345
6060,LOAD,37692676,2653.035300544859
6061,LOAD,35882192,2786.897745823332
6062,LOAD,37486305,2667.640889119373
6063,LOAD,36398121,2747.394570175752
6064,LOAD,37105110,2695.046585227749
6065,LOAD,37124714,2693.623444479599
6066,LOAD,36719656,2723.337059584654
6067,LOAD,31305973,3194.2786125829725
6068,LOAD,36649604,2728.5424420956906
6069,LOAD,35373335,2826.988181917255
6070,LOAD,37268417,2683.237122735854
6071,LOAD,32619881,3065.6151075474495
6072,LOAD,34635996,2887.1697525314416
6073,LOAD,36544325,2736.4029845947352
6074,LOAD,36870040,2712.2292245953627
6075,LOAD,36472862,2741.764548117995
6076,LOAD,34776231,2875.527253082716
6077,LOAD,30577874,3270.33854610036
6078,LOAD,31320948,3192.751381599305
6079,LOAD,34064812,2935.5805633097284
6080,LOAD,36449229,2743.5422570941073
6081,LOAD,34319284,2913.8137031063934
6082,LOAD,35321265,2831.1556791638122
6083,LOAD,36426343,2745.265974133061
6084,LOAD,37974602,2633.33898798992
6085,LOAD,38365663,2606.497377616021
6086,LOAD,37154405,2691.4709036519357
6087,LOAD,38506103,2596.9909237504507
6088,LOAD,37497850,2666.8195643216877
6089,LOAD,37407479,2673.2622104793536
6090,LOAD,36688291,2725.665253799911
6091,LOAD,37328947,2678.886173778221
6092,LOAD,38232970,2615.543600196375
6093,LOAD,37764300,2648.0035377327267
6094,LOAD,37508084,2666.0919283427006
6095,LOAD,36860082,2712.9619516310354
6096,LOAD,37846168,2642.275434596179
6097,LOAD,37038043,2699.9266672917897
6098,LOAD,38283396,2612.0984669176164
6099,LOAD,33729007,2964.807116912751
6100,LOAD,38185201,2618.8155982208923
6101,LOAD,37050131,2699.0457874494427
6102,LOAD,38049283,2628.170417823642
6103,LOAD,36858317,2713.0918647207905
6104,LOAD,36606486,2731.756334109753
6105,LOAD,36557217,2735.437984789706
6106,LOAD,35390140,2825.645787216439
6107,LOAD,32282872,3097.6178327628345
6108,LOAD,34423604,2904.983452633257
6109,LOAD,35046731,2853.3331682204544
6110,LOAD,36850798,2713.645441273755
6111,LOAD,32415443,3084.9493557746537
6112,LOAD,36245353,2758.9743711421434
6113,LOAD,37881790,2639.7907807418815
6114,LOAD,37960827,2634.294558440468
6115,LOAD,38154464,2620.925299854822
6116,LOAD,37286786,2681.9152500835016
6117,LOAD,37954242,2634.7516043134256
6118,LOAD,36345791,2751.3502182412262
6119,LOAD,35554643,2812.5721864230222
6120,LOAD,34995324,2857.524622432414
6121,LOAD,35892078,2786.1301315571645
6122,LOAD,34542243,2895.005978621597
6123,LOAD,37079075,2696.9389069171766
6124,LOAD,35017934,2855.679606912275
6125,LOAD,30280612,3302.443160660029
6126,LOAD,35793418,2793.809744573709
6127,LOAD,36609689,2731.5173313818646
6128,LOAD,34498124,2898.708347155341
6129,LOAD,35786314,2794.3643483371884
6130,LOAD,36532222,2737.3095455294233
6131,LOAD,37564223,2662.107505857369
6132,LOAD,37331039,2678.7360512521495
6133,LOAD,36906715,2709.5340238219524
6134,LOAD,37693702,2652.9630865124363
6135,LOAD,37252452,2684.387057260016
6136,LOAD,37904473,2638.211062847385
6137,LOAD,36665332,2727.3720036136588
6138,LOAD,37803363,2645.267300689624
6139,LOAD,38076080,2626.320776718612
6140,LOAD,39033753,2561.885350865442
6141,LOAD,37834290,2643.104971706883
6142,LOAD,37817861,2644.253200888332
6143,LOAD,35982103,2779.15940599692
6144,LOAD,33429839,2991.339563436127
6145,LOAD,36499449,2739.76738662548
6146,LOAD,38047917,2628.2647746524467
6147,LOAD,34459615,2901.9476857184854
6148,LOAD,36871898,2712.0925535213837
6149,LOAD,32695575,3058.517857538826
6150,LOAD,36346840,2751.270811988057
6151,LOAD,36633650,2729.730725712562
6152,LOAD,31001936,3225.6050073776037
6153,LOAD,35003453,2856.8610073983273
6154,LOAD,34944398,2861.6890180795217
6155,LOAD,32352174,3090.9823865314274
6156,LOAD,35198014,2841.0693853352063
6157,LOAD,30885232,3237.7933894101884
6158,LOAD,35221039,2839.2120970650526
6159,LOAD,36987275,2703.632533080634
6160,LOAD,39433104,2535.9403611747125
6161,LOAD,38424669,2602.4947670987094
6162,LOAD,37050794,2698.9974897703946
6163,LOAD,36403630,2746.97880403685
6164,LOAD,38559942,2593.3648966588175
6165,LOAD,36962687,2705.4310202069455
6166,LOAD,37445006,2670.583094578754
6167,LOAD,36947943,2706.510616842729
6168,LOAD,38692039,2584.51098945703
6169,LOAD,36691284,2725.4429144534706
6170,LOAD,37618213,2658.2868250546617
6171,LOAD,37185588,2689.213896523567
6172,LOAD,37232304,2685.8396944760657
6173,LOAD,38299368,2611.0091425007327
6174,LOAD,37267221,2683.32323464634
6175,LOAD,38258143,2613.8226311716176
6176,LOAD,37374705,2675.606402779634
6177,LOAD,37867845,2640.7628952743416
6178,LOAD,36914017,2708.998048085636
6179,LOAD,37802942,2645.2967602362796
6180,LOAD,37014609,2701.635994587975
6181,LOAD,38622099,2589.1912296118344
6182,LOAD,37185789,2689.199360540663
6183,LOAD,37821772,2643.9797691128806
6184,LOAD,36988114,2703.571206685477
6185,LOAD,38041158,2628.731754170049
6186,LOAD,36765279,2719.9575991249785
6187,LOAD,38500123,2597.3942992337975
6188,LOAD,37850870,2641.9471996284365
6189,LOAD,35735175,2798.3632373424784
6190,LOAD,36667074,2727.24243008864
6191,LOAD,38148654,2621.3244640295825
6192,LOAD,37077362,2697.0635073768194
6193,LOAD,36795286,2717.739440862071
6194,LOAD,37894934,2638.8751594078512
6195,LOAD,36482332,2741.0528471699668
6196,LOAD,36163535,2765.2163982309808
6197,LOAD,36742369,2721.653576556264
6198,LOAD,38476677,2598.9770374401096
6199,LOAD,34785542,2874.757564507691
6200,LOAD,35783672,2794.570663402012
6201,LOAD,35337206,2829.8785138813746
6202,LOAD,36576138,2734.0229304690397
6203,LOAD,36015176,2776.6072835518007
6204,LOAD,36110474,2769.2796278442647
6205,LOAD,34363714,2910.046335503782
6206,LOAD,35157504,2844.342988626269
6207,LOAD,37560134,2662.3973173258646
6208,LOAD,36688183,2725.6732774146926
6209,LOAD,37356287,2676.9255734650505
6210,LOAD,37624700,2657.828500958147
6211,LOAD,37182110,2689.465444537709
6212,LOAD,37196906,2688.39564236875
6213,LOAD,36269526,2757.1355633376625
6214,LOAD,35837242,2790.3933009130556
6215,LOAD,34633148,2887.4071741904604
6216,LOAD,33979156,2942.9806908682485
6217,LOAD,35668550,2803.590277709635
6218,LOAD,36214193,2761.3482923670285
6219,LOAD,35919731,2783.9852141431684
6220,LOAD,28899218,3460.3012441374713
6221,LOAD,34653555,2885.7068199784985
6222,LOAD,36866722,2712.4733248592047
6223,LOAD,38235185,2615.3920793112416
6224,LOAD,35589166,2809.8438721491816
6225,LOAD,38389192,2604.899837433411
6226,LOAD,37554633,2662.787305097616
6227,LOAD,36654179,2728.2018784270135
6228,LOAD,37779671,2646.9261736027297
6229,LOAD,39914760,2505.3388771472005
6230,LOAD,34248541,2919.8324097952086
6231,LOAD,37101800,2695.2870211148784
6232,LOAD,35766336,2795.9251962515814
6233,LOAD,36177747,2764.130115675805
6234,LOAD,31090633,3216.402831039175
6235,LOAD,34403630,2906.670022901653
6236,LOAD,30801822,3246.5611936852306
6237,LOAD,34733333,2879.0787224479723
6238,LOAD,35045903,2853.400581517332
6239,LOAD,36033329,2775.208474354396
6240,LOAD,34862941,2868.375332993278
6241,LOAD,35031919,2854.5395985872196
6242,LOAD,34693344,2882.3972690554133
6243,LOAD,34027803,2938.773331913318
6244,LOAD,38593294,2591.123732532393
6245,LOAD,36922820,2708.3521789505785
6246,LOAD,34595811,2890.5233642304265
6247,LOAD,35993917,2778.247224385165
6248,LOAD,35464330,2819.7346460513986
6249,LOAD,34880978,2866.892092303146
6250,LOAD,34375723,2909.0297242620904
6251,LOAD,34887118,2866.387530205275
6252,LOAD,32609077,3066.6308034416306
6253,LOAD,35099496,2849.0437583491225
6254,LOAD,35683805,2802.3917292452415
6255,LOAD,34754594,2877.3174562188815
6256,LOAD,38020088,2630.188546644079
6257,LOAD,29954698,3338.3745013887306
6258,LOAD,32555887,3071.641082916893
6259,LOAD,38188581,2618.583811742049
6260,LOAD,38021674,2630.078833456938
6261,LOAD,35620444,2807.3765728467615
6262,LOAD,35237891,2837.8542858878814
6263,LOAD,34901751,2865.1857610238526
6264,LOAD,35326741,2830.7168215715114
6265,LOAD,39314277,2543.6052149706325
6266,LOAD,34250514,2919.664212922469
6267,LOAD,36012762,2776.793404515877
6268,LOAD,35411149,2823.9693662580676
6269,LOAD,37261121,2683.762520188268
6270,LOAD,35474192,2818.9507459394704
6271,LOAD,38056186,2627.69369479117
6272,LOAD,36694186,2725.227369807304
6273,LOAD,33690363,2968.2078521979715
6274,LOAD,40306168,2481.009854372661
6275,LOAD,35707912,2800.499788394236
6276,LOAD,40569897,2464.8817816816245
6277,LOAD,32450963,3081.5726485528335
6278,LOAD,35713089,2800.093825543906
6279,LOAD,35866522,2788.11533496334
6280,LOAD,35656814,2804.513044827841
6281,LOAD,34258138,2919.0144543173947
6282,LOAD,32286107,3097.3074579725576
6283,LOAD,36855632,2713.289518410646
6284,LOAD,35409375,2824.1108463507194
6285,LOAD,32852374,3043.9200527791386
6286,LOAD,34709153,2881.084421737402
6287,LOAD,36419232,2745.8019982409296
6288,LOAD,35044081,2853.54893455474
6289,LOAD,30607303,3267.194107236433
6290,LOAD,36121570,2768.4289470252816
6291,LOAD,35833906,2790.653075888518
6292,LOAD,36882826,2711.288988539002
6293,LOAD,36077353,2771.8219792898885
6294,LOAD,35875393,2787.4259105677256
6295,LOAD,36578217,2733.867536517704
6296,LOAD,35678775,2802.786810926104
6297,LOAD,36136208,2767.3075160514904
6298,LOAD,35874786,2787.4730737069763
6299,LOAD,39070347,2559.4858422936454
6300,LOAD,39108123,2557.013539105418
6301,LOAD,36904512,2709.6957683656674
6302,LOAD,37059166,2698.3877618832544
6303,LOAD,38717248,2582.828201012634
6304,LOAD,36967576,2705.0732241681194
6305,LOAD,36264758,2757.4980646499835
6306,LOAD,40478973,2470.418407107315
6307,LOAD,36924953,2708.195728779939
6308,LOAD,38358652,2606.9737799962313
6309,LOAD,36283665,2756.061164162992
6310,LOAD,37085476,2696.4734118553583
6311,LOAD,34260983,2918.772062085901
6312,LOAD,35332281,2830.272973318649
6313,LOAD,37147953,2691.9383687171135
6314,LOAD,35474503,2818.926032593043
6315,LOAD,36194767,2762.8303284836725
6316,LOAD,37063753,2698.053810147073
6317,LOAD,29273384,3416.0724294806505
6318,LOAD,32922161,3037.467680204832
6319,LOAD,32856922,3043.4987184739944
6320,LOAD,36366111,2749.812868359776
6321,LOAD,36493729,2740.196815732369
6322,LOAD,36233822,2759.852383223608
6323,LOAD,32658868,3061.955484801249
6324,LOAD,36593497,2732.7259813403457
6325,LOAD,36016658,2776.4930327516786
6326,LOAD,37661962,2655.198898028733
6327,LOAD,35867430,2788.0447525791506
6328,LOAD,36893114,2710.5329195036234
6329,LOAD,33476682,2987.1538642927635
6330,LOAD,35808250,2792.652531190438
6331,LOAD,36066972,2772.6197807789354
6332,LOAD,36841055,2714.3630930221734
6333,LOAD,36675268,2726.633108720569
6334,LOAD,38168424,2619.9667033671603
6335,LOAD,38153320,2621.003886424563
6336,LOAD,38090205,2625.346857545135
6337,LOAD,37454813,2669.883841096737
6338,LOAD,38274746,2612.6887948518324
6339,LOAD,36378341,2748.888411376429
6340,LOAD,37745176,2649.3451772486105
6341,LOAD,38010868,2630.8265309805606
6342,LOAD,38108455,2624.089588517824
6343,LOAD,36186473,2763.463573805604
6344,LOAD,38188845,2618.5657094368785
6345,LOAD,38512922,2596.531107143727
6346,LOAD,38571589,2592.5818093726966
6347,LOAD,37282085,2682.253420107808
6348,LOAD,37264986,2683.4841692950054
6349,LOAD,36901858,2709.8906510344273
6350,LOAD,38397449,2604.339678919816
6351,LOAD,37975762,2633.2585505460033
6352,LOAD,37502814,2666.4665750148774
6353,LOAD,35960908,2780.7974147927525
6354,LOAD,38169695,2619.8794619658343
6355,LOAD,38349537,2607.5934111016777
6356,LOAD,37625205,2657.7928279726316
6357,LOAD,36727880,2722.727257876033
6358,LOAD,39054545,2560.5214450712456
6359,LOAD,36076931,2771.854401916837
6360,LOAD,37245937,2684.856605970203
6361,LOAD,37770105,2647.5965581774262
6362,LOAD,37062737,2698.12777183725
6363,LOAD,38712718,2583.1304327430585
6364,LOAD,36962049,2705.477718510681
6365,LOAD,38001835,2631.4518759423067
6366,LOAD,36594698,2732.6362961104364
6367,LOAD,37034650,2700.1740262159897
6368,LOAD,37628845,2657.5357282425225
6369,LOAD,37717853,2651.2643760502488
6370,LOAD,38177716,2619.3290347699167
6371,LOAD,38140934,2621.8550389982584
6372,LOAD,36965221,2705.2455604147476
6373,LOAD,38636805,2588.2057276733935
6374,LOAD,36407517,2746.685526508166
6375,LOAD,37958233,2634.4745815749643
6376,LOAD,36844531,2714.1070136026433
6377,LOAD,35550765,2812.8789914928693
6378,LOAD,36003236,2777.528108862214
6379,LOAD,37677792,2654.0833390661533
6380,LOAD,33262144,3006.420752673069
6381,LOAD,37263188,2683.613651091796
6382,LOAD,35975542,2779.666252144304
6383,LOAD,37231901,2685.868766142239
6384,LOAD,38131444,2622.507555706519
6385,LOAD,37236847,2685.512014483933
6386,LOAD,37974595,2633.339473403206
6387,LOAD,37688325,2653.341585225663
6388,LOAD,38396807,2604.3832238446284
6389,LOAD,38816300,2576.2373023703963
6390,LOAD,36006777,2777.254959531646
6391,LOAD,38845681,2574.288760699034
6392,LOAD,37303851,2680.6883825479576
6393,LOAD,37945683,2635.3458969232415
6394,LOAD,35461714,2819.942657030058
6395,LOAD,39989768,2500.6396636259556
6396,LOAD,33419182,2992.2934678652514
6397,LOAD,35330849,2830.387687541842
6398,LOAD,37915315,2637.4566583450514
6399,LOAD,37729286,2650.460970822506
6400,LOAD,36844472,2714.1113597719623
6401,LOAD,35937853,2782.581363444277
6402,LOAD,38630497,2588.6283575383463
6403,LOAD,28142890,3553.2953438683803
6404,LOAD,37476671,2668.326650464765
6405,LOAD,33457033,2988.908191590091
6406,LOAD,33597683,2976.3957234789077
6407,LOAD,35837214,2790.3954810772957
6408,LOAD,36290331,2755.554916266815
6409,LOAD,30812484,3245.437790734431
6410,LOAD,37498516,2666.7721997318504
6411,LOAD,35274759,2834.888255366961
6412,LOAD,36278827,2756.4287015123177
6413,LOAD,29928232,3341.3266777669996
6414,LOAD,34582919,2891.600908529439
6415,LOAD,27348811,3656.466089147349
6416,LOAD,30085721,3323.835915383248
6417,LOAD,33695105,2967.790128566152
6418,LOAD,39576775,2526.734429472841
6419,LOAD,32631603,3064.51387018897
6420,LOAD,34959567,2860.4473276227936
6421,LOAD,35667741,2803.6538675101406
6422,LOAD,36356723,2750.5229225417265
6423,LOAD,34271388,2917.885905292193
6424,LOAD,37087991,2696.290559388887
6425,LOAD,38791883,2577.858878363806
6426,LOAD,37343392,2677.849939287786
6427,LOAD,38491528,2597.9742867053756
6428,LOAD,40320110,2480.1519638711306
6429,LOAD,35718973,2799.6325650236363
6430,LOAD,39237018,2548.6136586628477
6431,LOAD,34844264,2869.912821232212
6432,LOAD,40079491,2495.0416660730543
6433,LOAD,34782944,2874.97228526717
6434,LOAD,40838324,2448.6803131294023
6435,LOAD,35583914,2810.2585904406133
6436,LOAD,39923585,2504.785078794903
6437,LOAD,34789468,2874.4331474111646
6438,LOAD,36470693,2741.927607462792
6439,LOAD,39422115,2536.6472600468037
6440,LOAD,37014201,2701.665774171378
6441,LOAD,38802533,2577.151342155936
6442,LOAD,38895683,2570.9794066349214
6443,LOAD,34800540,2873.518629308626
6444,LOAD,40226480,2485.924694380418
6445,LOAD,37350740,2677.3231266636217
6446,LOAD,35344573,2829.2886718422087
6447,LOAD,34916002,2864.0163326832208
6448,LOAD,35360417,2828.0209478298857
6449,LOAD,35368536,2827.371763422721
6450,LOAD,35261016,2835.993154593163
6451,LOAD,37198840,2688.255870344344
6452,LOAD,35561790,2812.006932159489
6453,LOAD,36099478,2770.1231580135313
6454,LOAD,36304853,2754.4526898373615
6455,LOAD,36116394,2768.8257028096436
6456,LOAD,37216592,2686.973595003003
6457,LOAD,36344177,2751.4724023053263
6458,LOAD,35388830,2825.7503850791336
6459,LOAD,34328689,2913.0154081910905
6460,LOAD,34713865,2880.6933483206203
6461,LOAD,35609734,2808.220920717914
6462,LOAD,35107337,2848.4074425810195
6463,LOAD,39274735,2546.1661294468317
6464,LOAD,35538022,2813.887615917397
6465,LOAD,39403911,2537.819152012601
6466,LOAD,36017943,2776.3939767465345
6467,LOAD,38932245,2568.564951751434
6468,LOAD,36168353,2764.8480427073914
6469,LOAD,33359103,2997.682521619361
6470,LOAD,35520710,2815.259041837846
6471,LOAD,36481668,2741.1027368595096
6472,LOAD,36835012,2714.808400225307
6473,LOAD,36225782,2760.46490866643
6474,LOAD,39019215,2562.839872611481
6475,LOAD,36913635,2709.026082096764
6476,LOAD,38769109,2579.373180848701
6477,LOAD,37291451,2681.579754029952
6478,LOAD,37990828,2632.2142807732434
6479,LOAD,38356542,2607.1171900741206
6480,LOAD,37590768,2660.2276388713312
6481,LOAD,37109218,2694.7482428759345
6482,LOAD,37483061,2667.8717621274313
6483,LOAD,38190934,2618.422476915595
6484,LOAD,37077145,2697.0792923780946
6485,LOAD,37190444,2688.8627627032365
6486,LOAD,37360182,2676.6464895700988
6487,LOAD,38086679,2625.589907694499
6488,LOAD,36639055,2729.3280353437067
6489,LOAD,36427988,2745.1420045488103
6490,LOAD,37385630,2674.8245248241105
6491,LOAD,36808655,2716.7523507718497
6492,LOAD,35769470,2795.6802267408493
6493,LOAD,32956818,3034.273515119087
6494,LOAD,36067030,2772.615322082245
6495,LOAD,36930283,2707.804865724966
6496,LOAD,37270706,2683.072330317542
6497,LOAD,37499658,2666.6909868884673
6498,LOAD,36906877,2709.5221305232626
6499,LOAD,38448584,2600.876016656426
6500,LOAD,36788629,2718.2312230227444
6501,LOAD,37417493,2672.5467684326154
6502,LOAD,37090196,2696.1302657985416
6503,LOAD,37167239,2690.5415277147704
6504,LOAD,35672853,2803.2520976104715
6505,LOAD,33403891,2993.6632232454594
6506,LOAD,35322326,2831.0706378736213
6507,LOAD,35520385,2815.284800544814
6508,LOAD,36028531,2775.5780550697446
6509,LOAD,36946099,2706.6457002673
6510,LOAD,37079329,2696.920432405883
6511,LOAD,34101440,2932.427486933103
6512,LOAD,35342689,2829.4394917149625
6513,LOAD,36297131,2755.038683360401
6514,LOAD,38073818,2626.4768088138676
6515,LOAD,37392267,2674.34975258387
6516,LOAD,37379731,2675.2466463709975
6517,LOAD,37750049,2649.0031840753372
6518,LOAD,37673070,2654.4160059161627
6519,LOAD,37731301,2650.319425773312
6520,LOAD,37635196,2657.087264803935
6521,LOAD,37178343,2689.73794770789
6522,LOAD,37883982,2639.6380401616702
6523,LOAD,37547491,2663.2938003767017
6524,LOAD,37491128,2667.2977137417683
6525,LOAD,37791873,2646.0715508860862
6526,LOAD,36309288,2754.116247060532
6527,LOAD,35765718,2795.9735073681454
6528,LOAD,37099302,2695.468502345408
6529,LOAD,36873815,2711.9515569517284
6530,LOAD,35434773,2822.086654823498
6531,LOAD,35671296,2803.3744554725454
6532,LOAD,35623345,2807.147953118945
6533,LOAD,34968304,2859.7326310135027
6534,LOAD,35822726,2791.5240174631044
6535,LOAD,31806155,3144.0455471590326
6536,LOAD,33330278,3000.2750052069773
6537,LOAD,29944260,3339.538195300201
6538,LOAD,35808579,2792.6268730183347
6539,LOAD,36674590,2726.6835157530054
6540,LOAD,36097702,2770.2594475404558
6541,LOAD,31432136,3181.457346710386
6542,LOAD,34050672,2936.799602662761
6543,LOAD,35617263,2807.6273014015705
6544,LOAD,33671636,2969.858666801934
6545,LOAD,34941285,2861.9439725814323
6546,LOAD,35828623,2791.0645631008483
6547,LOAD,36022885,2776.013081684046
6548,LOAD,34168208,2926.6972385557942
6549,LOAD,33126325,3018.7471746413166
6550,LOAD,35045569,2853.4277757053965
6551,LOAD,31797289,3144.922197612507
6552,LOAD,36679628,2726.3090018252096
6553,LOAD,35746527,2797.474563053356
6554,LOAD,34942824,2861.817922901709
6555,LOAD,31271888,3197.7602375654455
6556,LOAD,34552279,2894.1650997897996
6557,LOAD,33659039,2970.9701456420075
6558,LOAD,32874568,3041.8650672459025
6559,LOAD,35122905,2847.1449044434107
6560,LOAD,35903183,2785.268370216646
6561,LOAD,34011753,2940.1601264127726
6562,LOAD,41423452,2414.0914185519837
6563,LOAD,37924377,2636.8264401548377
6564,LOAD,38075648,2626.3505745194407
6565,LOAD,36450155,2743.4725586214927
6566,LOAD,37862516,2641.134572250825
6567,LOAD,35058716,2852.3577417952215
6568,LOAD,39709412,2518.294655181497
6569,LOAD,35057561,2852.4517150522825
6570,LOAD,37664964,2654.9872714600233
6571,LOAD,36874680,2711.88794045128
6572,LOAD,36389140,2748.072639254459
6573,LOAD,34776775,2875.482272292356
6574,LOAD,36133839,2767.4889457497165
6575,LOAD,36125184,2768.151990589169
6576,LOAD,30453603,3283.683707310429
6577,LOAD,34517381,2897.091178499319
6578,LOAD,34476467,2900.529221860233
6579,LOAD,35803908,2792.9912008488013
6580,LOAD,34213540,2922.8194451670306
6581,LOAD,37379526,2675.26131818793
6582,LOAD,37011481,2701.8643215060756
6583,LOAD,35736376,2798.269192153116
6584,LOAD,34891424,2866.033785264826
6585,LOAD,39670550,2520.761622916748
6586,LOAD,34337313,2912.283788775202
6587,LOAD,41210911,2426.541844707097
6588,LOAD,35764220,2796.090617941619
6589,LOAD,39038350,2561.5836734902987
6590,LOAD,35960350,2780.8405646774854
6591,LOAD,33662194,2970.6916905059725
6592,LOAD,35781819,2794.7153832509184
6593,LOAD,35051012,2852.9846727392637
6594,LOAD,35564604,2811.7844360083413
6595,LOAD,34245269,2920.1113882329264
6596,LOAD,35474774,2818.9044981653724
6597,LOAD,35732214,2798.5951276346887
6598,LOAD,37093030,2695.924274722232
6599,LOAD,36696162,2725.080622872768
6600,LOAD,36837103,2714.65429841212
6601,LOAD,36314645,2753.709970178698
6602,LOAD,32046251,3120.4898195423857
6603,LOAD,35368656,2827.362170617962
6604,LOAD,36769268,2719.6625181659856
6605,LOAD,37889979,2639.2202539885284
6606,LOAD,36992905,2703.2210636066566
6607,LOAD,34913436,2864.22682660051
6608,LOAD,35477671,2818.674314895135
6609,LOAD,36225238,2760.5063629947717
6610,LOAD,37298723,2681.0569359170822
6611,LOAD,38576161,2592.2745397086037
6612,LOAD,36464380,2742.4023115160603
6613,LOAD,37667203,2654.829454685021
6614,LOAD,37370803,2675.885771038958
6615,LOAD,36744144,2721.5221015898483
6616,LOAD,36415735,2746.0656773781993
6617,LOAD,32030890,3121.9863075924522
6618,LOAD,34088873,2933.5085381086083
6619,LOAD,36319063,2753.374997587355
6620,LOAD,35478034,2818.6454751128545
6621,LOAD,34751169,2877.6010383996004
6622,LOAD,32828015,3046.1786982855956
6623,LOAD,35854422,2789.056256436096
6624,LOAD,36436771,2744.480294370761
6625,LOAD,34353450,2910.915788661692
6626,LOAD,32918304,3037.823576816108
6627,LOAD,33811323,2957.5890893118853
6628,LOAD,34778230,2875.3619721302666
6629,LOAD,35806438,2792.793854557664
6630,LOAD,36276945,2756.5717013932676
6631,LOAD,36523816,2737.939540600029
6632,LOAD,36496593,2739.981784053103
6633,LOAD,36095178,2770.4531613613317
6634,LOAD,34692131,2882.49805121513
6635,LOAD,33346125,2998.849191622715
6636,LOAD,37432471,2671.4773919146296
6637,LOAD,37257276,2684.039488018394
6638,LOAD,37227150,2686.2115418451317
6639,LOAD,36706887,2724.2844101707674
6640,LOAD,38896562,2570.921306618307
6641,LOAD,37317307,2679.7217709198576
6642,LOAD,38640795,2587.9384727979846
6643,LOAD,36716144,2723.597554252974
6644,LOAD,38011301,2630.7965623170858
6645,LOAD,37897738,2638.679912769464
6646,LOAD,37155290,2691.4067956406743
6647,LOAD,37589488,2660.3182251378366
6648,LOAD,37680548,2653.8892162608677
6649,LOAD,38041802,2628.6872530381183
6650,LOAD,38123914,2623.0255371995645
6651,LOAD,37632014,2657.3119365867583
6652,LOAD,38152337,2621.071416935744
6653,LOAD,36756066,2720.6393633094467
6654,LOAD,37478135,2668.222418217982
6655,LOAD,37408369,2673.1986096480173
6656,LOAD,37636538,2656.9925214694294
6657,LOAD,37414935,2672.729486233238
6658,LOAD,37371612,2675.8278449428403
6659,LOAD,37086772,2696.3791833918576
6660,LOAD,37988808,2632.3542449660436
6661,LOAD,36589877,2732.9963421303655
6662,LOAD,35849064,2789.4731086981797
6663,LOAD,39055424,2560.463816754364
6664,LOAD,37471115,2668.7222944927043
6665,LOAD,36901818,2709.893588440548
6666,LOAD,35690415,2801.87271568571
6667,LOAD,32304278,3095.565237520554
6668,LOAD,35993009,2778.3173115645877
6669,LOAD,37213369,2687.206310183848
6670,LOAD,36532803,2737.2660126845453
6671,LOAD,38676309,2585.562133139437
6672,LOAD,36894199,2710.453207020432
6673,LOAD,37119654,2693.990628253162
6674,LOAD,38174456,2619.5527187080284
6675,LOAD,37821170,2644.0218533694224
6676,LOAD,37600154,2659.56357519174
6677,LOAD,37087239,2696.34523076792
6678,LOAD,36705463,2724.3900996426605
6679,LOAD,37685716,2653.52527732258
6680,LOAD,37868296,2640.731444583617
6681,LOAD,38653340,2587.0985534497145
6682,LOAD,36307349,2754.2633310958618
6683,LOAD,38517525,2596.220811176211
6684,LOAD,37594853,2659.9385825501167
6685,LOAD,37504052,2666.378555575808
6686,LOAD,37461609,2669.3994910896645
6687,LOAD,37255067,2684.198635315835
6688,LOAD,36870605,2712.1876627736374
6689,LOAD,37539818,2663.8381677822736
6690,LOAD,38453031,2600.5752316377866
6691,LOAD,36545854,2736.2884993739644
6692,LOAD,38185660,2618.784119483597
6693,LOAD,36908954,2709.369655937689
6694,LOAD,37690897,2653.1605230833325
6695,LOAD,37975139,2633.3017503899064
6696,LOAD,37851051,2641.934566096989
6697,LOAD,36269767,2757.1172431297946
6698,LOAD,38015108,2630.533102786397
6699,LOAD,37135046,2692.8740037106727
6700,LOAD,37700299,2652.498856839305
6701,LOAD,36148933,2766.3333797431865
6702,LOAD,37484259,2667.7864967265327
6703,LOAD,36815883,2716.218975380816
6704,LOAD,36682401,2726.1029069498477
6705,LOAD,36748909,2721.1692189283767
6706,LOAD,35836895,2790.4203196175336
6707,LOAD,34506733,2897.9851555347186
6708,LOAD,35332932,2830.2208262818385
6709,LOAD,36305516,2754.4023888821744
6710,LOAD,37674950,2654.283549148705
6711,LOAD,37124630,2693.629539203488
6712,LOAD,36494148,2740.165354730298
6713,LOAD,34952596,2861.017819677829
6714,LOAD,32519168,3075.1094246937682
6715,LOAD,35708225,2800.475240648338
6716,LOAD,37795622,2645.8090833906635
6717,LOAD,37531113,2664.456020795333
6718,LOAD,37168757,2690.431643974535
6719,LOAD,39330079,2542.5832477987137
6720,LOAD,38035648,2629.1125630356028
6721,LOAD,37247719,2684.7281574477083
6722,LOAD,37920935,2637.065779100647
6723,LOAD,36809305,2716.704376787337
6724,LOAD,37810668,2644.756236520339
6725,LOAD,37084005,2696.5803720498902
6726,LOAD,37742242,2649.551131594143
6727,LOAD,37951432,2634.946686596701
6728,LOAD,37547055,2663.3247267994784
6729,LOAD,37255757,2684.148922272603
6730,LOAD,38430633,2602.090889317384
6731,LOAD,36575630,2734.0609033938717
6732,LOAD,38240541,2615.025765456613
6733,LOAD,37663559,2655.0863130061603
6734,LOAD,38591687,2591.231629754874
6735,LOAD,35830828,2790.892803258691
6736,LOAD,37112364,2694.5198101635347
6737,LOAD,37486804,2667.6053792155767
6738,LOAD,38591901,2591.2172608444453
6739,LOAD,36694387,2725.2124418919984
6740,LOAD,39323758,2542.991949040069
6741,LOAD,36967403,2705.085883365948
6742,LOAD,38799780,2577.3342013794927
6743,LOAD,36540499,2736.6895016950916
6744,LOAD,36879256,2711.5514477840875
6745,LOAD,35889942,2786.2959488761503
6746,LOAD,36862422,2712.7897347602393
6747,LOAD,37874691,2640.285566950236
6748,LOAD,38033022,2629.2940908035125
6749,LOAD,36595530,2732.5741695775414
6750,LOAD,37495349,2666.9974454698367
6751,LOAD,38182167,2619.023692395458
6752,LOAD,38238736,2615.149203676607
6753,LOAD,36956579,2705.878160421721
6754,LOAD,37981372,2632.8696077645645
6755,LOAD,38042226,2628.657954978765
6756,LOAD,37643589,2656.4948416581638
6757,LOAD,33800692,2958.519310788075
6758,LOAD,38272142,2612.866559702877
6759,LOAD,31055200,3220.0726448388677
6760,LOAD,30744398,3252.625079860077
6761,LOAD,34494873,2898.981538502838
6762,LOAD,33803115,2958.3072447613185
6763,LOAD,32335164,3092.6084061302427
6764,LOAD,36854756,2713.3540105380157
6765,LOAD,38345814,2607.846582680446
6766,LOAD,37925759,2636.7303552184676
6767,LOAD,36875041,2711.861391557504
6768,LOAD,38145698,2621.527596637503
6769,LOAD,37891512,2639.1134774458196
6770,LOAD,37231394,2685.9053410678093
6771,LOAD,37057766,2698.4897038855497
6772,LOAD,38441963,2601.323975052991
6773,LOAD,45209127,2211.9427344836804
6774,LOAD,39465790,2533.8400675623116
6775,LOAD,37123828,2693.6877306941515
6776,LOAD,36363701,2749.995111883689
6777,LOAD,39425405,2536.435580053014
6778,LOAD,38003683,2631.3239166846015
6779,LOAD,37606473,2659.116689831562
6780,LOAD,36454880,2743.1169708966263
6781,LOAD,38833487,2575.0971062681033
6782,LOAD,37424225,2672.066021407257
6783,LOAD,37620990,2658.0906031446807
6784,LOAD,37685173,2653.5635115699215
6785,LOAD,38150753,2621.1802424974417
6786,LOAD,36933716,2707.553174449059
6787,LOAD,36562480,2735.044231135306
6788,LOAD,37410342,2673.057626685156
6789,LOAD,37490814,2667.320053386944
6790,LOAD,37149648,2691.815545600863
6791,LOAD,37944487,2635.4289623153954
6792,LOAD,37517567,2665.4180426998373
6793,LOAD,36760590,2720.304543534258
6794,LOAD,38460593,2600.0639147711527
6795,LOAD,36961979,2705.482842247164
6796,LOAD,37550764,2663.0616623406117
6797,LOAD,38096831,2624.890243495581
6798,LOAD,37934330,2636.134604196252
6799,LOAD,37137855,2692.6703225051633
6800,LOAD,37590671,2660.2345033958027
6801,LOAD,36380549,2748.7215764665893
6802,LOAD,36144297,2766.6881998009258
6803,LOAD,36780649,2718.8209756712013
6804,LOAD,36844527,2714.1073082577504
6805,LOAD,34218569,2922.3898871983806
6806,LOAD,37392985,2674.2984011573294
6807,LOAD,34048471,2936.9894466039314
6808,LOAD,38011351,2630.7931017763613
6809,LOAD,35804787,2792.9226335014923
6810,LOAD,35334235,2830.1164578771836
6811,LOAD,37266773,2683.355492035761
6812,LOAD,36476892,2741.4616354924096
6813,LOAD,33003667,3029.966336771002
6814,LOAD,35091968,2849.654940982506
6815,LOAD,37084955,2696.511294135317
6816,LOAD,37355964,2676.9487196207815
6817,LOAD,35848600,2789.509213748933
6818,LOAD,36392872,2747.79083112759
6819,LOAD,33102783,3020.8940438633213
6820,LOAD,36600392,2732.2111741316867
6821,LOAD,38347104,2607.758854488725
6822,LOAD,37524863,2664.8998025655683
6823,LOAD,37330085,2678.804508481564
6824,LOAD,38139083,2621.982285205966
6825,LOAD,38447934,2600.9199870141265
6826,LOAD,36284749,2755.9788273580175
6827,LOAD,37645711,2656.345101305166
6828,LOAD,38065672,2627.038871138279
6829,LOAD,33492445,2985.7479798802383
6830,LOAD,33070791,3023.8163943523455
6831,LOAD,31626835,3161.8718724146756
6832,LOAD,36212212,2761.4993527597817
6833,LOAD,32028647,3122.2049435931526
6834,LOAD,34768817,2876.1404220339164
6835,LOAD,32659756,3061.8722319909552
6836,LOAD,35806863,2792.7607062366787
6837,LOAD,33655364,2971.294560950225
6838,LOAD,31892933,3135.490862505496
6839,LOAD,34921294,2863.582317425007
6840,LOAD,33159606,3015.7173761352897
6841,LOAD,34773719,2875.7349767506894
6842,LOAD,36784578,2718.53057550368
6843,LOAD,35705867,2800.6601828209355
6844,LOAD,34289512,2916.3436330035843
6845,LOAD,34511190,2897.61089084439
6846,LOAD,37139167,2692.575199653778
6847,LOAD,35185785,2842.05681356832
6848,LOAD,36449219,2743.5430097967255
6849,LOAD,35813856,2792.2153928356665
6850,LOAD,36458112,2742.87379445211
6851,LOAD,28193662,3546.8964620488105
6852,LOAD,32649231,3062.8592753072808
6853,LOAD,35632690,2806.411752803395
6854,LOAD,35344890,2829.2632966179835
6855,LOAD,37413102,2672.860432690131
6856,LOAD,36556287,2735.5075749350585
6857,LOAD,34881990,2866.808917725164
6858,LOAD,36811257,2716.5603174050807
6859,LOAD,36507695,2739.1485548457663
6860,LOAD,23893653,4185.211863585698
6861,LOAD,36101091,2769.999388661135
6862,LOAD,37578466,2661.098513175072
6863,LOAD,36592074,2732.8322521429095
6864,LOAD,34403960,2906.6421423580305
6865,LOAD,38094120,2625.0770460113004
6866,LOAD,38814985,2576.3245818593
6867,LOAD,38989313,2564.8053865427178
6868,LOAD,35644042,2805.5179600562697
6869,LOAD,33837071,2955.338539792643
6870,LOAD,36663757,2727.4891659357227
6871,LOAD,39424003,2536.525781007068
6872,LOAD,38326158,2609.1840460502194
6873,LOAD,37399864,2673.80651437663
6874,LOAD,33406594,2993.420999458969
6875,LOAD,35676564,2802.960509313621
6876,LOAD,31652614,3159.2967329649296
6877,LOAD,34865321,2868.179530026412
6878,LOAD,31997833,3125.2116354254363
6879,LOAD,36465723,2742.3013112889603
6880,LOAD,36948033,2706.5040241790407
6881,LOAD,36018006,2776.3891204860147
6882,LOAD,35159418,2844.188148961965
6883,LOAD,37325357,2679.143832435414
6884,LOAD,31536759,3170.902881935331
6885,LOAD,34376391,2908.9731961682655
6886,LOAD,34970484,2859.5543601855784
6887,LOAD,31828431,3141.845100690009
6888,LOAD,35556854,2812.397294766292
6889,LOAD,36830427,2715.1463652593548
6890,LOAD,32319232,3094.1329298914034
6891,LOAD,34806723,2873.008182930637
6892,LOAD,34948383,2861.3627131189446
6893,LOAD,34970914,2859.519199298022
6894,LOAD,32472516,3079.5273147297853
6895,LOAD,34717591,2880.3841833380666
6896,LOAD,31662429,3158.317386199271
6897,LOAD,35209202,2840.166613262067
6898,LOAD,37301471,2680.859422407229
6899,LOAD,36001127,2777.6908206234766
6900,LOAD,35434614,2822.0993179155275
6901,LOAD,38733041,2581.7750793179393
6902,LOAD,39161024,2553.559375771175
6903,LOAD,34700821,2881.7761977447162
6904,LOAD,37978828,2633.0459697176543
6905,LOAD,39895706,2506.5354151145993
6906,LOAD,37980080,2632.959172281891
6907,LOAD,36112940,2769.0905254460035
6908,LOAD,38930233,2568.6977008331805
6909,LOAD,37644802,2656.409243432865
6910,LOAD,35958958,2780.9482132379917
6911,LOAD,39127170,2555.76879186509
6912,LOAD,38201937,2617.668313520333
6913,LOAD,36914819,2708.939193227522
6914,LOAD,36593193,2732.7486836144635
6915,LOAD,33337131,2999.658248935699
6916,LOAD,33553915,2980.278158301349
6917,LOAD,36102963,2769.8557594843396
6918,LOAD,36932890,2707.613728576345
6919,LOAD,33853106,2953.9387021090474
6920,LOAD,32171028,3108.386837995976
6921,LOAD,34988460,2858.0852086659434
6922,LOAD,34315455,2914.138833362402
6923,LOAD,34080283,2934.247934502187
6924,LOAD,35619073,2807.4846304955777
6925,LOAD,35792973,2793.8444789148975
6926,LOAD,36191046,2763.114390227903
6927,LOAD,35904069,2785.1996385145094
6928,LOAD,35940807,2782.3526611408583
6929,LOAD,35522499,2815.117258501436
6930,LOAD,36411726,2746.3680244105976
6931,LOAD,37176571,2689.866152529237
6932,LOAD,34158601,2927.5203630265773
6933,LOAD,36968694,2704.9914178737286
6934,LOAD,35560588,2812.1019821157065
6935,LOAD,35260552,2836.030473941531
6936,LOAD,35998588,2777.8867326685145
6937,LOAD,36041383,2774.5883114418775
6938,LOAD,33009785,3029.4047658898717
6939,LOAD,33215873,3010.6088134428983
6940,LOAD,34855875,2868.9568114413996
6941,LOAD,33967015,2944.032615170924
6942,LOAD,36880983,2711.4244758606355
6943,LOAD,36705672,2724.3745871210313
6944,LOAD,36501773,2739.5929507314618
6945,LOAD,36624600,2730.4052467467222
6946,LOAD,36244318,2759.0531569665623
6947,LOAD,36399156,2747.3164487660097
6948,LOAD,32149949,3110.4248407983478
6949,LOAD,36037161,2774.913373448036
6950,LOAD,36132895,2767.5612485520464
6951,LOAD,39177068,2552.5136286360175
6952,LOAD,37272271,2682.959672620968
6953,LOAD,38147678,2621.3915300427984
6954,LOAD,38200843,2617.743278597281
6955,LOAD,37950109,2635.03854494858
6956,LOAD,36732255,2722.4029670925456
6957,LOAD,37414749,2672.7427731774974
6958,LOAD,37158246,2691.1926897733547
6959,LOAD,37008561,2702.077500392409
6960,LOAD,36589709,2733.0088905599114
6961,LOAD,37426904,2671.874756191429
6962,LOAD,32574267,3069.9079122793464
6963,LOAD,35299667,2832.887913645191
6964,LOAD,35352514,2828.653147552675
6965,LOAD,34838133,2870.4178837597296
6966,LOAD,35562621,2811.94122334234
6967,LOAD,35204355,2840.5576525972424
6968,LOAD,35013132,2856.071259206403
6969,LOAD,36576559,2733.991461580626
6970,LOAD,35722035,2799.3925877963
6971,LOAD,30554613,3272.82823055229
6972,LOAD,35843789,2789.8836253053496
6973,LOAD,32014315,3123.6026758654684
6974,LOAD,35110698,2848.134776471832
6975,LOAD,38406804,2603.705322629813
6976,LOAD,37564724,2662.07200138087
6977,LOAD,38145371,2621.550069600844
6978,LOAD,38270865,2612.9537443169893
6979,LOAD,36609732,2731.5141230752524
6980,LOAD,38286903,2611.85920417747
6981,LOAD,38584180,2591.735783940465
6982,LOAD,36813853,2716.368753903592
6983,LOAD,37626836,2657.677621365772
6984,LOAD,36511595,2738.8559716440764
6985,LOAD,38436424,2601.698846906257
6986,LOAD,37625131,2657.798055241323
6987,LOAD,37038415,2699.899550237233
6988,LOAD,37597983,2659.717144933014
6989,LOAD,37306232,2680.517292660379
6990,LOAD,37497554,2666.840615790566
6991,LOAD,38351095,2607.4874785191923
6992,LOAD,37092257,2695.9804575925373
6993,LOAD,37513195,2665.7286855998273
6994,LOAD,37767511,2647.77840403621
6995,LOAD,38724542,2582.341709812862
6996,LOAD,36848864,2713.7878660248525
6997,LOAD,38400843,2604.109498325336
6998,LOAD,36432950,2744.768128850395
6999,LOAD,38712327,2583.156522727244
7000,LOAD,36295226,2755.1832849862953
7001,LOAD,36728538,2722.6784796062398
7002,LOAD,37224761,2686.3839367565047
7003,LOAD,36796277,2717.6662465064064
7004,LOAD,37725407,2650.733496394088
7005,LOAD,37145068,2692.147447408092
7006,LOAD,36254663,2758.265881550188
7007,LOAD,35929554,2783.224083438386
7008,LOAD,34599584,2890.208159728163
7009,LOAD,35198851,2841.001827019865
7010,LOAD,35024399,2855.152489554496
7011,LOAD,36800801,2717.332158069059
7012,LOAD,33897262,2950.0907772433065
7013,LOAD,32135256,3111.847000689834
7014,LOAD,28809332,3471.097490216018
7015,LOAD,36671650,2726.902116485078
7016,LOAD,37869848,2640.6232208801052
7017,LOAD,37600204,2659.5600385572375
7018,LOAD,38323786,2609.3455380426144
7019,LOAD,38267807,2613.162546785082
7020,LOAD,38502604,2597.2269304174856
7021,LOAD,36954687,2706.0166955276877
7022,LOAD,38248602,2614.474641452255
7023,LOAD,36287368,2755.7799176837516
7024,LOAD,38007883,2631.033146465958
7025,LOAD,34686467,2882.9687382113607
7026,LOAD,35911735,2784.6050880025705
7027,LOAD,34423709,2904.974591784982
7028,LOAD,35390756,2825.5966049439576
7029,LOAD,34010664,2940.2542684847317
7030,LOAD,36082331,2771.439572459994
7031,LOAD,37995877,2631.8645046671777
7032,LOAD,37222362,2686.5570755558174
7033,LOAD,36862539,2712.781124490638
7034,LOAD,32024160,3122.642404984237
7035,LOAD,35253296,2836.6141991375785
7036,LOAD,36892629,2710.5685528672952
7037,LOAD,37523669,2664.9845994537477
7038,LOAD,35678786,2802.7859468088404
7039,LOAD,36446255,2743.7661290577043
7040,LOAD,38877439,2572.1858890962444
7041,LOAD,36773058,2719.382217274397
7042,LOAD,37518132,2665.377903142939
7043,LOAD,32684203,3059.582024992318
7044,LOAD,35914370,2784.400784421389
7045,LOAD,36224631,2760.552619569817
7046,LOAD,35866222,2788.1386559197676
7047,LOAD,35772068,2795.4771862784114
7048,LOAD,29774812,3358.543456126608
7049,LOAD,28861854,3464.780883445672
7050,LOAD,35743056,2797.7462251688835
7051,LOAD,36361943,2750.128066588741
7052,LOAD,33875251,2952.0076471167695
7053,LOAD,39950547,2503.0946384789177
7054,LOAD,38200306,2617.7800774684893
7055,LOAD,31207624,3204.3451946229548
7056,LOAD,35104534,2848.6348800414216
7057,LOAD,34521177,2896.7726100416567
7058,LOAD,34168748,2926.6509852804675
7059,LOAD,35149666,2844.977246725474
7060,LOAD,36793863,2717.8445492390947
7061,LOAD,35070941,2851.363469260776
7062,LOAD,30959012,3230.0772388989676
7063,LOAD,35592571,2809.575065538255
7064,LOAD,36996000,2702.9949183695535
7065,LOAD,35227746,2838.671540325061
7066,LOAD,37950985,2634.9777219221055
7067,LOAD,35110768,2848.1290981729594
7068,LOAD,40679936,2458.214290209306
7069,LOAD,37615635,2658.469011622428
7070,LOAD,37503698,2666.4037237074594
7071,LOAD,35470056,2819.2794508133848
7072,LOAD,39477108,2533.113621190286
7073,LOAD,34982999,2858.5313683369454
7074,LOAD,40548261,2466.197009040659
7075,LOAD,36674245,2726.709166064632
7076,LOAD,36758225,2720.479566137919
7077,LOAD,39262240,2546.9764333364574
7078,LOAD,34513117,2897.4491060891432
7079,LOAD,40134378,2491.629495292041
7080,LOAD,36402091,2747.0949402329666
7081,LOAD,39471367,2533.4820554859425
7082,LOAD,37192192,2688.736388540907
7083,LOAD,37712196,2651.662077700275
7084,LOAD,37905249,2638.1570531300295
7085,LOAD,36330221,2752.529361161882
7086,LOAD,35177699,2842.710093118939
7087,LOAD,39744080,2516.09799497183
7088,LOAD,36325732,2752.869508589669
7089,LOAD,37908292,2637.9452812065497
7090,LOAD,34651924,2885.8426446970157
7091,LOAD,39985027,2500.9361629291884
7092,LOAD,35929808,2783.2044078832814
7093,LOAD,39626815,2523.543716546485
7094,LOAD,37327328,2679.002365237608
7095,LOAD,37586883,2660.5026013995357
7096,LOAD,34772671,2875.8216474081037
7097,LOAD,36202334,2762.2528425929668
7098,LOAD,32817903,3047.1173005782853
7099,LOAD,36954167,2706.054773200543
7100,LOAD,36334007,2752.2425478698237
7101,LOAD,36602741,2732.035833054142
7102,LOAD,37952399,2634.8795500384576
7103,LOAD,37587984,2660.4246718845043
7104,LOAD,36280085,2756.3331232548107
7105,LOAD,38888593,2571.448136475393
7106,LOAD,37379120,2675.2903760174127
7107,LOAD,36853072,2713.477997166695
7108,LOAD,37357006,2676.874051416219
7109,LOAD,37269761,2683.140361431349
7110,LOAD,36606385,2731.7638712481444
7111,LOAD,38287224,2611.83730635577
7112,LOAD,36733844,2722.2852038027927
7113,LOAD,37003411,2702.4535656996595
7114,LOAD,37869917,2640.6184095940853
7115,LOAD,37863478,2641.0674687623787
7116,LOAD,38108635,2624.0771940532636
7117,LOAD,36895058,2710.3901015686165
7118,LOAD,37444510,2670.6184698371003
7119,LOAD,37025489,2700.842114468765
7120,LOAD,38418048,2602.9432833235046
7121,LOAD,36966938,2705.119910120768
7122,LOAD,37417461,2672.549054036563
7123,LOAD,37928147,2636.5643436258565
7124,LOAD,37881136,2639.8363554883886
7125,LOAD,38118745,2623.381226218229
7126,LOAD,36740436,2721.796769096589
7127,LOAD,38062751,2627.2404745521417
7128,LOAD,36952181,2706.20021048284
7129,LOAD,36986256,2703.7070202509817
7130,LOAD,36706696,2724.2985857403237
7131,LOAD,37402800,2673.59662912937
7132,LOAD,38091083,2625.2863432630675
7133,LOAD,37542041,2663.680432291894
7134,LOAD,35768111,2795.7864478781116
7135,LOAD,37512409,2665.7845407902223
7136,LOAD,38400898,2604.105768568225
7137,LOAD,29328860,3409.6108747493086
7138,LOAD,36356083,2750.5713418026908
7139,LOAD,37214395,2687.132223968709
7140,LOAD,39080221,2558.839163166452
7141,LOAD,37443054,2670.7223187510294
7142,LOAD,36747581,2721.26755772033
7143,LOAD,36669383,2727.0707009168927
7144,LOAD,36767934,2719.7611919124965
7145,LOAD,35551497,2812.821074735615
7146,LOAD,36641455,2729.1492654972353
7147,LOAD,34439017,2903.6833426459298
7148,LOAD,36434498,2744.6515113231426
7149,LOAD,37598107,2659.7083730837835
7150,LOAD,36691899,2725.3972327788215
7151,LOAD,38675731,2585.6007737772297
7152,LOAD,37092196,2695.9848912693114
7153,LOAD,37142500,2692.333580130578
7154,LOAD,38292333,2611.488832503363
7155,LOAD,37413689,2672.818496994509
7156,LOAD,38630829,2588.6061104202554
7157,LOAD,36730222,2722.55365077837
7158,LOAD,38389733,2604.8631283786217
7159,LOAD,36581588,2733.615610126056
7160,LOAD,37909687,2637.848210142173
7161,LOAD,37861129,2641.2313272538704
7162,LOAD,38279719,2612.349374873938
7163,LOAD,36174532,2764.375776858703
7164,LOAD,38003480,2631.3379722067557
7165,LOAD,36996050,2702.991265283726
7166,LOAD,38541790,2594.58629191846
7167,LOAD,37997688,2631.739067913816
7168,LOAD,37375103,2675.577910781945
7169,LOAD,38139589,2621.9474992244936
7170,LOAD,37904050,2638.240504642644
7171,LOAD,36230078,2760.137585130233
7172,LOAD,35855825,2788.947123654246
7173,LOAD,37422417,2672.1951177017772
7174,LOAD,38528035,2595.5125923240053
7175,LOAD,37468953,2668.876282718655
7176,LOAD,37144470,2692.190789099966
7177,LOAD,37950187,2635.033129085767
7178,LOAD,37856477,2641.5558954416174
7179,LOAD,37806900,2645.0198244235844
7180,LOAD,36073231,2772.138708617479
7181,LOAD,38430823,2602.078024714693
7182,LOAD,38298506,2611.0679095419546
7183,LOAD,37868974,2640.6841653539386
7184,LOAD,37572237,2661.5396895319277
7185,LOAD,36529258,2737.5316520253436
7186,LOAD,35673372,2803.2113140299716
7187,LOAD,36389474,2748.047416129181
7188,LOAD,33955795,2945.005410711191
7189,LOAD,35537448,2813.9330657620662
7190,LOAD,35939657,2782.4416910823606
7191,LOAD,38367536,2606.370135418652
7192,LOAD,37101194,2695.331045141027
7193,LOAD,39283281,2545.6122160468217
7194,LOAD,36856281,2713.2417402613137
7195,LOAD,37279427,2682.4446631113724
7196,LOAD,37738051,2649.845377547452
7197,LOAD,37673646,2654.3754220125124
7198,LOAD,36825626,2715.500342071578
7199,LOAD,38067189,2626.9341820852596
7200,LOAD,37991009,2632.2017401538346
7201,LOAD,37478154,2668.221065530602
7202,LOAD,36082010,2771.4642282954856
7203,LOAD,38116254,2623.5526712567294
7204,LOAD,40326979,2479.729513088496
7205,LOAD,37201452,2688.0671216811647
7206,LOAD,35629313,2806.677748740202
7207,LOAD,37915900,2637.4159653338043
7208,LOAD,38790089,2577.9781015712547
7209,LOAD,38351418,2607.4655179633774
7210,LOAD,34621478,2888.380444070008
7211,LOAD,38912118,2569.8935226296344
7212,LOAD,39303069,2544.330571233508
7213,LOAD,35576802,2810.820376716266
7214,LOAD,36049127,2773.9922800349646
7215,LOAD,36504397,2739.3960239913017
7216,LOAD,36527858,2737.6365731601345
7217,LOAD,35823841,2791.437132606746
7218,LOAD,33783753,2960.0026971544576
7219,LOAD,34385784,2908.178565886414
7220,LOAD,34750263,2877.676062480448
7221,LOAD,33226681,3009.629520324344
7222,LOAD,36547279,2736.1818098688004
7223,LOAD,36710723,2723.999742527544
7224,LOAD,36114105,2769.001197731468
7225,LOAD,35989952,2778.5533028774257
7226,LOAD,34013524,2940.0070395528555
7227,LOAD,31208821,3204.2222934342826
7228,LOAD,28843431,3466.993923157061
7229,LOAD,33765875,2961.569928218949
7230,LOAD,34818065,2872.072299250404
7231,LOAD,37354584,2677.0476148255325
7232,LOAD,36132676,2767.5780227293435
7233,LOAD,35309187,2832.124115460376
7234,LOAD,36412705,2746.2941849554986
7235,LOAD,31567967,3167.768136605059
7236,LOAD,35085811,2850.155009955449
7237,LOAD,28735029,3480.0730495173675
7238,LOAD,37085179,2696.495006805819
7239,LOAD,37288066,2681.8231870754576
7240,LOAD,37118101,2694.1033432717904
7241,LOAD,36796340,2717.6615935171812
7242,LOAD,28679776,3486.7775815264386
7243,LOAD,36386129,2748.3000458773727
7244,LOAD,35318004,2831.4170868772767
7245,LOAD,34435630,2903.968941471377
7246,LOAD,37420757,2672.3136573640136
7247,LOAD,37892130,2639.070434942559
7248,LOAD,39251153,2547.6958600426337
7249,LOAD,38914534,2569.7339713742945
7250,LOAD,38433924,2601.86807883577
7251,LOAD,34959627,2860.4424183358706
7252,LOAD,34202734,2923.7428797358716
7253,LOAD,34552845,2894.1176913218
7254,LOAD,35761886,2796.27310483569
7255,LOAD,36524845,2737.8624057131524
7256,LOAD,32420241,3084.4928018887954
7257,LOAD,33612035,2975.1248325190663
7258,LOAD,33253296,3007.22069776181
7259,LOAD,34536733,2895.4678486815765
7260,LOAD,35712648,2800.128402688034
7261,LOAD,34946673,2861.5027244510516
7262,LOAD,34216452,2922.570697861953
7263,LOAD,34770464,2876.0041856214516
7264,LOAD,28884347,3462.0827675280316
7265,LOAD,36812969,2716.4339828173056
7266,LOAD,36737440,2722.018736199365
7267,LOAD,36304059,2754.5129320112665
7268,LOAD,31302940,3194.5881121709335
7269,LOAD,34387166,2908.0616878983283
7270,LOAD,34518259,2897.017488628265
7271,LOAD,36745443,2721.4258921847804
7272,LOAD,34816211,2872.2252401331093
7273,LOAD,35328728,2830.557613056434
7274,LOAD,37672549,2654.4527156896124
7275,LOAD,36239773,2759.399182770819
7276,LOAD,36028622,2775.5710445989303
7277,LOAD,35408374,2824.190684384434
7278,LOAD,35726621,2799.0332475047107
7279,LOAD,34834979,2870.677774773454
7280,LOAD,36018739,2776.332619528963
7281,LOAD,36805796,2716.963382615064
7282,LOAD,37015270,2701.5877501366326
7283,LOAD,35127085,2846.8061041785845
7284,LOAD,39371845,2539.886053092
7285,LOAD,38110132,2623.974117958972
7286,LOAD,38267327,2613.195324565
7287,LOAD,37976166,2633.230537279619
7288,LOAD,37540895,2663.7617456909325
7289,LOAD,37624788,2657.822284606627
7290,LOAD,34343253,2911.7800809375863
7291,LOAD,34609273,2889.3990347615795
7292,LOAD,35918387,2784.089385751092
7293,LOAD,37522418,2665.0734502238106
7294,LOAD,36972079,2704.7437608255677
7295,LOAD,37924851,2636.7934840403195
7296,LOAD,36745071,2721.453443374759
7297,LOAD,39391868,2538.5950216933097
7298,LOAD,37783346,2646.668720128704
7299,LOAD,36021589,2776.1129582595595
7300,LOAD,37185307,2689.2342182357133
7301,LOAD,38585259,2591.6633085189346
7302,LOAD,37287118,2681.8913706336866
7303,LOAD,37004373,2702.383310210391
7304,LOAD,38170670,2619.812541933374
7305,LOAD,36946222,2706.6366894022344
7306,LOAD,36506382,2739.247071922931
7307,LOAD,38443790,2601.2003499134707
7308,LOAD,38004023,2631.3003757523247
7309,LOAD,37976318,2633.2199977891487
7310,LOAD,38419494,2602.845315974229
7311,LOAD,36011320,2776.9045955549536
7312,LOAD,35775194,2795.232920330215
7313,LOAD,38868436,2572.781678171975
7314,LOAD,36045115,2774.301039128326
7315,LOAD,37908062,2637.961286440863
7316,LOAD,36293951,2755.280074081766
7317,LOAD,37535085,2664.174065411068
7318,LOAD,38125341,2622.9273595218465
7319,LOAD,39490489,2532.25529823143
7320,LOAD,38196420,2618.046403301671
7321,LOAD,37576880,2661.2108296377987
7322,LOAD,35510281,2816.0858541220778
7323,LOAD,39523636,2530.131590119897
7324,LOAD,35776790,2795.1082251929256
7325,LOAD,39170306,2552.9542710235655
7326,LOAD,37238637,2685.382926340725
7327,LOAD,38888726,2571.43934208593
7328,LOAD,37769832,2647.615694981116
7329,LOAD,37866145,2640.881452284092
7330,LOAD,37284159,2682.104214822172
7331,LOAD,37550301,2663.09449823052
7332,LOAD,38524756,2595.7335070467416
7333,LOAD,37988220,2632.3949898152637
7334,LOAD,37566429,2661.9511798686003
7335,LOAD,38015269,2630.5219621094884
7336,LOAD,33648802,2971.874006093887
7337,LOAD,38235843,2615.3470710715073
7338,LOAD,37032126,2700.3580620783155
7339,LOAD,38035518,2629.1215489690453
7340,LOAD,38200177,2617.7889175749106
7341,LOAD,36876350,2711.7651285986817
7342,LOAD,36797216,2717.596896460863
7343,LOAD,38390305,2604.8243169727357
7344,LOAD,36858035,2713.1126225258618
7345,LOAD,37399811,2673.810303479876
7346,LOAD,36946851,2706.5906103878783
7347,LOAD,36380446,2748.7293586230358
7348,LOAD,35630222,2806.6061446375497
7349,LOAD,30389052,3290.6587543435053
7350,LOAD,35966933,2780.3315895742344
7351,LOAD,32334652,3092.657375746614
7352,LOAD,35313958,2831.741488733718
7353,LOAD,36637655,2729.4323285701557
7354,LOAD,35685688,2802.243857537509
7355,LOAD,33436280,2990.763326542307
7356,LOAD,34121681,2930.6879693295296
7357,LOAD,34923793,2863.3774114970847
7358,LOAD,33172153,3014.5767143905314
7359,LOAD,36322827,2753.0896755365434
7360,LOAD,35493060,2817.4522005146923
7361,LOAD,35618692,2807.5146611223117
7362,LOAD,35529289,2814.579261633972
7363,LOAD,34534903,2895.6212791447538
7364,LOAD,36853381,2713.455245802278
7365,LOAD,36336643,2752.042889597699
7366,LOAD,37459329,2669.5619667933724
7367,LOAD,37519094,2665.309562112561
7368,LOAD,39328248,2542.701622508076
7369,LOAD,38497526,2597.569516545037
7370,LOAD,38570910,2592.6274490282963
7371,LOAD,38501539,2597.2987729139863
7372,LOAD,28275498,3536.6309021330057
7373,LOAD,35749209,2797.2646891292056
7374,LOAD,38984271,2565.1371036282812
7375,LOAD,32579482,3069.4165119015706
7376,LOAD,36863183,2712.733732190191
7377,LOAD,35087211,2850.041287123106
7378,LOAD,35757908,2796.5841849584713
7379,LOAD,37525419,2664.860317748884
7380,LOAD,37642847,2656.5472053694557
7381,LOAD,37054392,2698.7354157639397
7382,LOAD,37690256,2653.2056455121983
7383,LOAD,38174830,2619.5270548683516
7384,LOAD,36362034,2750.121184089977
7385,LOAD,31582581,3166.302336088365
7386,LOAD,34155621,2927.775782498582
7387,LOAD,31315018,3193.355980188164
7388,LOAD,33311427,3001.972866548167
7389,LOAD,33065399,3024.3094904132263
7390,LOAD,35470780,2819.221906030823
7391,LOAD,36816609,2716.1654132785557
7392,LOAD,36038168,2774.83583516232
7393,LOAD,36121742,2768.4157646660565
7394,LOAD,29516709,3387.9115723910822
7395,LOAD,35965936,2780.408662240849
7396,LOAD,34624391,2888.1374404534654
7397,LOAD,40542858,2466.525670193256
7398,LOAD,33910707,2948.9211180409775
7399,LOAD,33727050,2964.979148784136
7400,LOAD,35228928,2838.576297297494
7401,LOAD,35874281,2787.512312790325
7402,LOAD,30958710,3230.1087480712213
7403,LOAD,35609851,2808.211694005684
7404,LOAD,34300196,2915.435235413815
7405,LOAD,37623705,2657.8987901377604
7406,LOAD,40850909,2447.9259445609887
7407,LOAD,34651009,2885.9188487123133
7408,LOAD,39300050,2544.52602477605
7409,LOAD,35415622,2823.6126983736162
7410,LOAD,36390942,2747.93656069689
7411,LOAD,36454135,2743.173030988117
7412,LOAD,36412461,2746.3125878802866
7413,LOAD,36488254,2740.6079775699873
7414,LOAD,35764452,2796.0724800145126
7415,LOAD,37497761,2666.825893951375
7416,LOAD,37322670,2679.3367141203994
7417,LOAD,35332652,2830.2432548793677
7418,LOAD,39922321,2504.864384012142
7419,LOAD,36657829,2727.930232856943
7420,LOAD,32056168,3119.524454700886
7421,LOAD,37986129,2632.5398937069895
7422,LOAD,37369150,2676.0041371023963
7423,LOAD,38348669,2607.6524324742536
7424,LOAD,37861553,2641.2017489087148
7425,LOAD,39711066,2518.1897660465725
7426,LOAD,40243256,2484.8883996861487
7427,LOAD,35384068,2826.130675534537
7428,LOAD,37618935,2658.2358059844064
7429,LOAD,39163840,2553.37576703408
7430,LOAD,34855213,2869.0113011215853
7431,LOAD,38171800,2619.7349876086532
7432,LOAD,32932118,3036.5493042384946
7433,LOAD,35289574,2833.698134185468
7434,LOAD,36918802,2708.6469382186347
7435,LOAD,34385983,2908.161735553699
7436,LOAD,38122257,2623.139548112275
7437,LOAD,35953301,2781.3857759542025
7438,LOAD,32992787,3030.9655258890375
7439,LOAD,35444210,2821.335275916715
7440,LOAD,35089066,2849.890618348177
7441,LOAD,39930360,2504.3600909182887
7442,LOAD,35614683,2807.8306916279444
7443,LOAD,39274103,2546.2071024257384
7444,LOAD,35081578,2850.4989142734685
7445,LOAD,38684879,2584.9893442861744
7446,LOAD,35218428,2839.4225886516
7447,LOAD,33228435,3009.470653673578
7448,LOAD,36277972,2756.493665081389
7449,LOAD,37448315,2670.347117086577
7450,LOAD,35731930,2798.6173710739945
7451,LOAD,36450758,2743.4271737229715
7452,LOAD,35075035,2851.030654709254
7453,LOAD,36004347,2777.4424016077837
7454,LOAD,36531707,2737.3481343206877
7455,LOAD,36770404,2719.578495792431
7456,LOAD,36064790,2772.787530441741
7457,LOAD,36792856,2717.9189351324076
7458,LOAD,35160752,2844.0802403771113
7459,LOAD,35494039,2817.3744892769178
7460,LOAD,35114349,2847.83864282946
7461,LOAD,36703774,2724.515468082383
7462,LOAD,37454381,2669.9146356203296
7463,LOAD,37977980,2633.104762285935
7464,LOAD,37882341,2639.752384890892
7465,LOAD,37946986,2635.255406055174
7466,LOAD,38071979,2626.6036761577325
7467,LOAD,38021365,2630.10020813298
7468,LOAD,36792277,2717.9617070180248
7469,LOAD,36497236,2739.9335116774323
7470,LOAD,35859464,2788.664102731708
7471,LOAD,36499225,2739.7842008974167
7472,LOAD,35259654,2836.102702539282
7473,LOAD,33913934,2948.640520442129
7474,LOAD,35451286,2820.772143498546
7475,LOAD,36231885,2759.9999282400017
7476,LOAD,36110553,2769.27356941889
7477,LOAD,31397569,3184.9599566132015
7478,LOAD,35176016,2842.846102867363
7479,LOAD,36595175,2732.600677548338
7480,LOAD,37795632,2645.8083833602786
7481,LOAD,38778191,2578.769081827463
7482,LOAD,38062916,2627.2290856538684
7483,LOAD,37854583,2641.6880619184208
7484,LOAD,37434014,2671.3672757615577
7485,LOAD,38124810,2622.9638914921807
7486,LOAD,38557754,2593.5120598570134
7487,LOAD,37516760,2665.4753768715636
7488,LOAD,38241724,2614.9448701632805
7489,LOAD,36234535,2759.7980766139267
7490,LOAD,37481923,2667.952762188856
7491,LOAD,37222803,2686.5252463657826
7492,LOAD,37871533,2640.5057328944145
7493,LOAD,36400877,2747.1865581700135
7494,LOAD,38254316,2614.0841205996207
7495,LOAD,30005043,3332.7730941762024
7496,LOAD,35677273,2802.9048072143855
7497,LOAD,38404848,2603.8379321277353
7498,LOAD,37219952,2686.7310307117
7499,LOAD,38253117,2614.1660560628297
7500,LOAD,37466281,2669.0666201964377
7501,LOAD,37917694,2637.291181262236
7502,LOAD,36568466,2734.5965236824536
7503,LOAD,38840872,2574.607490789599
7504,LOAD,36075584,2771.9578981729023
7505,LOAD,38292226,2611.4961297888503
7506,LOAD,38325414,2609.2346973733934
7507,LOAD,36358860,2750.3612599514945
7508,LOAD,37007596,2702.1479590298163
7509,LOAD,39603908,2525.0033405794193
7510,LOAD,36995131,2703.0584105784083
7511,LOAD,36978543,2704.2709605946347
7512,LOAD,36152748,2766.0414638466764
7513,LOAD,37716791,2651.339028285837
7514,LOAD,38119003,2623.3634704454366
7515,LOAD,35470033,2819.2812789319933
7516,LOAD,34686317,2882.9812055283933
7517,LOAD,31801813,3144.4748134328065
7518,LOAD,35880165,2787.055187733947
7519,LOAD,32921535,3037.5254373770845
7520,LOAD,32148112,3110.60257597709
7521,LOAD,35913187,2784.4925041044116
7522,LOAD,29397021,3401.7052272065253
7523,LOAD,35402303,2824.674993601405
7524,LOAD,38060409,2627.4021385319325
7525,LOAD,34406692,2906.4113457928474
7526,LOAD,35528273,2814.6597499968548
7527,LOAD,35094995,2849.409153641424
7528,LOAD,38494168,2597.796112907285
7529,LOAD,37074696,2697.2574502026932
7530,LOAD,37533963,2664.253705370786
7531,LOAD,37214480,2687.1260864050764
7532,LOAD,38564067,2593.0874977475796
7533,LOAD,37711752,2651.6932970921107
7534,LOAD,36769381,2719.6541600741116
7535,LOAD,36462003,2742.581091883515
7536,LOAD,38857998,2573.47277644103
7537,LOAD,37985966,2632.551190089519
7538,LOAD,38542064,2594.5678467037988
7539,LOAD,36503674,2739.450281086775
7540,LOAD,38156281,2620.8004915363736
7541,LOAD,36128697,2767.882827326986
7542,LOAD,37683214,2653.7014597534067
7543,LOAD,36901507,2709.9164269903663
7544,LOAD,39431474,2536.0451907022293
7545,LOAD,37943251,2635.5148113165105
7546,LOAD,36605909,2731.799393371163
7547,LOAD,36274676,2756.7441263982623
7548,LOAD,38551368,2593.9416728350598
7549,LOAD,39352249,2541.1508246961944
7550,LOAD,40675767,2458.4662410914093
7551,LOAD,36727549,2722.7517959338916
7552,LOAD,35853255,2789.1470383930273
7553,LOAD,39114457,2556.599469091441
7554,LOAD,35681730,2802.5546967593777
7555,LOAD,32967400,3033.299562598203
7556,LOAD,35413807,2823.7574119043456
7557,LOAD,35681263,2802.5913768803534
7558,LOAD,38255138,2614.027950964391
7559,LOAD,35561074,2812.0635501616175
7560,LOAD,35108369,2848.3237144966774
7561,LOAD,39102259,2557.3970035848824
7562,LOAD,35198295,2841.0467041088214
7563,LOAD,35214604,2839.730925271799
7564,LOAD,37570765,2661.643967057897
7565,LOAD,37055173,2698.6785353829005
7566,LOAD,35649268,2805.106685500527
7567,LOAD,36107729,2769.490155417972
7568,LOAD,33019156,3028.5450058142005
7569,LOAD,34312852,2914.359902231385
7570,LOAD,35934875,2782.8119619172185
7571,LOAD,35146967,2845.1957177414483
7572,LOAD,35010198,2856.3106098400244
7573,LOAD,35589462,2809.820502484696
7574,LOAD,37440500,2670.9045018095376
7575,LOAD,37063574,2698.066840504912
7576,LOAD,36771157,2719.5228042457297
7577,LOAD,37411448,2672.978602699366
7578,LOAD,37593384,2660.0425223757456
7579,LOAD,36372924,2749.2978018484296
7580,LOAD,28328348,3530.0328843743378
7581,LOAD,28514128,3507.0334256758615
7582,LOAD,36190588,2763.1493580596148
7583,LOAD,38470508,2599.393800570557
7584,LOAD,35503358,2816.6349785842795
7585,LOAD,35760812,2796.3570849565717
7586,LOAD,39975885,2501.5080966937944
7587,LOAD,36667040,2727.244958960418
7588,LOAD,33861405,2953.214729276591
7589,LOAD,35498855,2816.992266370282
7590,LOAD,37835251,2643.0378379147
7591,LOAD,38373600,2605.9582629724605
7592,LOAD,37459608,2669.5420838360083
7593,LOAD,37467227,2668.999229646752
7594,LOAD,36050845,2773.860085665121
7595,LOAD,38328044,2609.055656479626
7596,LOAD,38312876,2610.088577009985
7597,LOAD,35767186,2795.8587516501857
7598,LOAD,35349955,2828.8579150949413
7599,LOAD,36219102,2760.974029670863
7600,LOAD,33576847,2978.242715880976
7601,LOAD,34952832,2860.998502210064
7602,LOAD,36721054,2723.233379956904
7603,LOAD,36684939,2725.9143050503644
7604,LOAD,35668014,2803.6324085776123
7605,LOAD,39096713,2557.7597789358915
7606,LOAD,35903668,2785.2307457834117
7607,LOAD,36143798,2766.7263966006008
7608,LOAD,40748603,2454.071861064783
7609,LOAD,38187110,2618.6846818206454
7610,LOAD,37263756,2683.572745592259
7611,LOAD,36989998,2703.4335065387136
7612,LOAD,38312545,2610.1111267862784
7613,LOAD,37087301,2696.340723203341
7614,LOAD,34731297,2879.247498301028
7615,LOAD,33904903,2949.4259281614814
7616,LOAD,37045369,2699.392736511816
7617,LOAD,36743182,2721.593355741482
7618,LOAD,36081402,2771.510929647357
7619,LOAD,36286837,2755.820244128746
7620,LOAD,35562644,2811.9394047304245
7621,LOAD,30496106,3279.107175191482
7622,LOAD,35706480,2800.6121017809655
7623,LOAD,35543365,2813.464622722131
7624,LOAD,33773631,2960.889813712952
7625,LOAD,38027360,2629.6855737553174
7626,LOAD,36479175,2741.2900648109503
7627,LOAD,36843059,2714.215451002589
7628,LOAD,37153478,2691.5380573522616
7629,LOAD,37790006,2646.2022789834964
7630,LOAD,37612706,2658.6760335722724
7631,LOAD,38051981,2627.9840726294906
7632,LOAD,32138688,3111.514695310524
7633,LOAD,37664196,2655.041408556816
7634,LOAD,36900458,2709.9934640377637
7635,LOAD,39140541,2554.895702642434
7636,LOAD,38401618,2604.0569436423225
7637,LOAD,38471963,2599.295492148399
7638,LOAD,35087169,2850.0446986760317
7639,LOAD,37666624,2654.870263923839
7640,LOAD,35958718,2780.966774176988
7641,LOAD,35693737,2801.611946656076
7642,LOAD,37446107,2670.5045734126647
7643,LOAD,38584033,2591.745658106813
7644,LOAD,36246391,2758.8953614719876
7645,LOAD,34106053,2932.0308626741416
7646,LOAD,35968465,2780.213167284175
7647,LOAD,36262018,2757.7064243914942
7648,LOAD,36217752,2761.076943704292
7649,LOAD,36892134,2710.604921905575
7650,LOAD,35371218,2827.1573797656615
7651,LOAD,34260040,2918.8524006393454
7652,LOAD,34948729,2861.334385007249
7653,LOAD,36702841,2724.584726288627
7654,LOAD,37302792,2680.764485403666
7655,LOAD,38523739,2595.802032611632
7656,LOAD,37364741,2676.319902766086
7657,LOAD,37716332,2651.3712945362768
7658,LOAD,37815221,2644.437804554944
7659,LOAD,38468385,2599.537256372993
7660,LOAD,38192632,2618.306064897544
7661,LOAD,38106143,2624.2487989403703
7662,LOAD,37157236,2691.265841194431
7663,LOAD,37261306,2683.749195479085
7664,LOAD,45395300,2202.8712223512125
7665,LOAD,39893592,2506.668238848986
7666,LOAD,37869097,2640.675588329978
7667,LOAD,38711261,2583.2276556426305
7668,LOAD,37086841,2696.3741667833074
7669,LOAD,36127317,2767.9885555852375
7670,LOAD,38633218,2588.4460362582277
7671,LOAD,37366800,2676.1724311420835
7672,LOAD,37119334,2694.0138527269914
7673,LOAD,37797621,2645.6691546803963
7674,LOAD,36290334,2755.5546884743467
7675,LOAD,37955075,2634.69377942212
7676,LOAD,38203794,2617.541074585419
7677,LOAD,36937983,2707.240403462203
7678,LOAD,38079053,2626.115728245658
7679,LOAD,37754411,2648.697128396467
7680,LOAD,37552928,2662.9082025241814
7681,LOAD,37471378,2668.70356355723
7682,LOAD,38325066,2609.2583897963805
7683,LOAD,37105540,2695.0153535024688
7684,LOAD,37349400,2677.419182101988
7685,LOAD,36623923,2730.4557187934233
7686,LOAD,38052449,2627.9517515416683
7687,LOAD,38157857,2620.692246946677
7688,LOAD,36351726,2750.9010163643948
7689,LOAD,38431796,2602.0121464008607
7690,LOAD,37950665,2634.9999400537513
7691,LOAD,36476853,2741.464566584184
7692,LOAD,37992901,2632.0706597266685
7693,LOAD,37818760,2644.1903436284006
7694,LOAD,38047985,2628.2600773733484
7695,LOAD,37931874,2636.3052877376954
7696,LOAD,36643680,2728.983551870336
7697,LOAD,37821183,2644.0209445590317
7698,LOAD,38607194,2590.190833345723
7699,LOAD,37203666,2687.907154096051
7700,LOAD,37131676,2693.1184038124215
7701,LOAD,38126196,2622.8685389961274
7702,LOAD,37006770,2702.208271621652
7703,LOAD,38671248,2585.9005119255526
7704,LOAD,36977382,2704.355868135824
7705,LOAD,38977373,2565.591067412368
7706,LOAD,37204326,2687.8594709658228
7707,LOAD,37246970,2684.78214469526
7708,LOAD,36630536,2729.9627829633723
7709,LOAD,38071108,2626.6637682307537
7710,LOAD,38549592,2594.061177093651
7711,LOAD,36924907,2708.1991025732304
7712,LOAD,38083247,2625.826521567344
7713,LOAD,38324317,2609.3093844307778
7714,LOAD,37475682,2668.397068797841
7715,LOAD,36861168,2712.8820226206612
7716,LOAD,36175516,2764.3005838534546
7717,LOAD,39487441,2532.4507607368123
7718,LOAD,37398608,2673.8963118627303
7719,LOAD,38942268,2567.903851927679
7720,LOAD,36978925,2704.2430249121626
7721,LOAD,36057089,2773.3797367835214
7722,LOAD,37990100,2632.2647215985216
7723,LOAD,37662691,2655.147503931676
7724,LOAD,38521031,2595.984515575401
7725,LOAD,35791481,2793.960942828826
7726,LOAD,37687101,2653.427760336355
7727,LOAD,36663617,2727.499580851502
7728,LOAD,37506502,2666.204382376154
7729,LOAD,38420823,2602.7552819469797
7730,LOAD,38399962,2604.1692437091474
7731,LOAD,36289192,2755.641404195497
7732,LOAD,39272535,2546.308762599613
7733,LOAD,36194602,2762.8429233729385
7734,LOAD,37886311,2639.4757726610014
7735,LOAD,37731956,2650.2734181074525
7736,LOAD,38646497,2587.5566419383363
7737,LOAD,37703245,2652.2915998344442
7738,LOAD,37526822,2664.7606877022517
7739,LOAD,36766816,2719.843894015734
7740,LOAD,37519197,2665.302245141334
7741,LOAD,38315532,2609.9076478958978
7742,LOAD,36285183,2755.9458636325467
7743,LOAD,38179833,2619.183797896654
7744,LOAD,38046159,2628.386218961026
7745,LOAD,37927066,2636.639491174983
7746,LOAD,35941710,2782.2827572756
7747,LOAD,38453566,2600.539050136468
7748,LOAD,38874152,2572.403380014566
7749,LOAD,36671189,2726.9363968536713
7750,LOAD,36720176,2723.298493994146
7751,LOAD,38615546,2589.630611464098
7752,LOAD,38169431,2619.897582439728
7753,LOAD,36721321,2723.213579380764
7754,LOAD,37424271,2672.0627370403554
7755,LOAD,37542967,2663.614732421122
7756,LOAD,36268547,2757.2099869344092
7757,LOAD,38932695,2568.5352632279887
7758,LOAD,37751746,2648.884107241027
7759,LOAD,37737168,2649.907380437239
7760,LOAD,37432986,2671.4406379442985
7761,LOAD,35998898,2777.862811244944
7762,LOAD,35366363,2827.545484391482
7763,LOAD,37092804,2695.9407005197017
7764,LOAD,36925158,2708.180693498996
7765,LOAD,36761990,2720.2009466843338
7766,LOAD,39009384,2563.4857499928735
7767,LOAD,34305553,2914.9799742333257
7768,LOAD,35543971,2813.4166551058684
7769,LOAD,35124668,2847.0019987092833
7770,LOAD,34985340,2858.340093307654
7771,LOAD,31472299,3177.397367761408
7772,LOAD,37491634,2667.2617149735324
7773,LOAD,36458289,2742.8604781754843
7774,LOAD,36219975,2760.907482680482
7775,LOAD,35953561,2781.3656622218864
7776,LOAD,34977525,2858.9787299129944
7777,LOAD,30104411,3321.7723475805587
7778,LOAD,30340919,3295.8790734057857
7779,LOAD,34936305,2862.351928745756
7780,LOAD,36495977,2740.0280310347634
7781,LOAD,34998241,2857.2864561964698
7782,LOAD,36980423,2704.133481653252
7783,LOAD,33516399,2983.614080975704
7784,LOAD,35359624,2828.0843710329045
7785,LOAD,34807200,2872.968811050587
7786,LOAD,30296789,3300.679817917338
7787,LOAD,33875743,2951.964773141655
7788,LOAD,32221851,3103.48403013843
7789,LOAD,30354625,3294.3908877148046
7790,LOAD,35747139,2797.426669586061
7791,LOAD,36895222,2710.378053830385
7792,LOAD,38026904,2629.7171076562004
7793,LOAD,37304270,2680.658273168192
7794,LOAD,36016342,2776.517393132262
7795,LOAD,34288758,2916.407762567545
7796,LOAD,36921676,2708.436095912872
7797,LOAD,37384248,2674.9234062431856
7798,LOAD,37851103,2641.9309365964846
7799,LOAD,36277475,2756.5314289376533
7800,LOAD,37658123,2655.4695782368126
7801,LOAD,36915623,2708.8801941660313
7802,LOAD,38343089,2608.0319193896976
7803,LOAD,37707436,2651.996810390396
7804,LOAD,36388496,2748.1212743719884
7805,LOAD,37021548,2701.129623212946
7806,LOAD,36942914,2706.8790512843684
7807,LOAD,38168986,2619.928126987707
7808,LOAD,40474807,2470.672682886419
7809,LOAD,37217537,2686.9053693692845
7810,LOAD,37365003,2676.301136654532
7811,LOAD,36629747,2730.0215860076783
7812,LOAD,35955555,2781.211415037259
7813,LOAD,38078102,2626.1813154447664
7814,LOAD,37585606,2660.5929940307465
7815,LOAD,28118372,3556.39366318932
7816,LOAD,37249672,2684.587397172249
7817,LOAD,37156869,2691.292422943386
7818,LOAD,34487635,2899.5899544865865
7819,LOAD,35351392,2828.7429247481964
7820,LOAD,39126178,2555.8335904927894
7821,LOAD,32379705,3088.3542638822682
7822,LOAD,35626079,2806.9325282751433
7823,LOAD,34637776,2887.0213838209474
7824,LOAD,34630831,2887.600358189499
7825,LOAD,32415284,3084.964487739796
7826,LOAD,34970293,2859.569978438556
7827,LOAD,36898303,2710.151737872606
7828,LOAD,37821489,2643.9995527410356
7829,LOAD,36338174,2751.9269405226582
7830,LOAD,33498759,2985.1852123835392
7831,LOAD,44829412,2230.6783769548438
7832,LOAD,37075406,2697.20579728783
7833,LOAD,33340002,2999.399940047994
7834,LOAD,39317050,2543.4258165350657
7835,LOAD,38244486,2614.7560199920063
7836,LOAD,35051047,2852.9818239095684
7837,LOAD,34940611,2861.9991791213956
7838,LOAD,34341232,2911.951440763686
7839,LOAD,34815494,2872.2843915413064
7840,LOAD,38285085,2611.9832305452633
7841,LOAD,35156335,2844.437567226504
7842,LOAD,35525777,2814.8575047352238
7843,LOAD,35419587,2823.2966126905994
7844,LOAD,36517454,2738.4165391157885
7845,LOAD,36592940,2732.767577570974
7846,LOAD,36140330,2766.991889670072
7847,LOAD,34021565,2939.312168620109
7848,LOAD,34721201,2880.084706747327
7849,LOAD,35803702,2793.0072705889465
7850,LOAD,37432982,2671.4409234081327
7851,LOAD,36052395,2773.7408291460247
7852,LOAD,34989613,2857.9910272228503
7853,LOAD,33688390,2968.3816887657736
7854,LOAD,34686881,2882.9343289758453
7855,LOAD,31423456,3182.3361504221557
7856,LOAD,35510126,2816.0981462020154
7857,LOAD,36930541,2707.78594876257
7858,LOAD,35176175,2842.8332529048425
7859,LOAD,35488386,2817.823273225218
7860,LOAD,34639985,2886.8372777875047
7861,LOAD,35346608,2829.125782026949
7862,LOAD,35352687,2828.6393054083837
7863,LOAD,37472599,2668.6166070306463
7864,LOAD,34158883,2927.4961947672587
7865,LOAD,34386714,2908.0999132397474
7866,LOAD,36406046,2746.796507371331
7867,LOAD,37553933,2662.836939076394
7868,LOAD,35282902,2834.2339867622004
7869,LOAD,39247610,2547.925848223624
7870,LOAD,35770214,2795.62207819053
7871,LOAD,34021810,2939.2910018602774
7872,LOAD,34338317,2912.198638040414
7873,LOAD,34450282,2902.733858608182
7874,LOAD,39875107,2507.8302611200515
7875,LOAD,35910422,2784.706902079847
7876,LOAD,36173162,2764.480473119823
7877,LOAD,39884339,2507.249775406833
7878,LOAD,36634508,2729.6667939419303
7879,LOAD,35077153,2850.858506105099
7880,LOAD,34363756,2910.042778792865
7881,LOAD,35849352,2789.4506991367653
7882,LOAD,35938437,2782.5361464662474
7883,LOAD,38015103,2630.533448771663
7884,LOAD,36995738,2703.014060700722
7885,LOAD,38957563,2566.8956756869006
7886,LOAD,36663753,2727.4894635036408
7887,LOAD,36655383,2728.112266621249
7888,LOAD,36237841,2759.5462985777767
7889,LOAD,40199767,2487.5766070982454
7890,LOAD,37021029,2701.1674905092455
7891,LOAD,38505266,2597.047375286279
7892,LOAD,38073380,2626.5070240677346
7893,LOAD,37150836,2691.7294674068708
7894,LOAD,37019308,2701.293065769895
7895,LOAD,37351259,2677.285924953694
7896,LOAD,36596074,2732.5335499102994
7897,LOAD,36003497,2777.5079737393285
7898,LOAD,30723973,3254.787393544448
7899,LOAD,33175046,3014.313830943897
7900,LOAD,34633624,2887.3674900437795
7901,LOAD,34952410,2861.0330446455623
7902,LOAD,35923516,2783.6918858387917
7903,LOAD,35562271,2811.9688981617624
7904,LOAD,35094347,2849.4617665916394
7905,LOAD,34414670,2905.7375822577987
7906,LOAD,35753324,2796.9427402050783
7907,LOAD,36383430,2748.5039206034176
7908,LOAD,35647726,2805.2280249236655
7909,LOAD,31891238,3135.6575119473255
7910,LOAD,34924825,2863.2928010376572
7911,LOAD,30323351,3297.7885590547035
7912,LOAD,36793761,2717.852083672555
7913,LOAD,37083359,2696.6273470534315
7914,LOAD,37743223,2649.4822659951433
7915,LOAD,37898466,2638.629225784495
7916,LOAD,34941932,2861.8909795829263
7917,LOAD,39725333,2517.285380590768
7918,LOAD,37328626,2678.9092103202515
7919,LOAD,38677874,2585.457515064039
7920,LOAD,36651205,2728.4232537511384
7921,LOAD,36252032,2758.466063364393
7922,LOAD,35931029,2783.1098296683904
7923,LOAD,32732121,3055.1029675101104
7924,LOAD,36083978,2771.313074184892
7925,LOAD,38381675,2605.410003601979
7926,LOAD,37495881,2666.959605509736
7927,LOAD,36685842,2725.847208304501
7928,LOAD,38166530,2620.0967182502573
7929,LOAD,37146331,2692.0559126014355
7930,LOAD,37494738,2667.0409058465752
7931,LOAD,36777787,2719.032550816611
7932,LOAD,37253378,2684.320331970969
7933,LOAD,38414265,2603.19961868332
7934,LOAD,37242188,2685.1268781522717
7935,LOAD,37734733,2650.0783773930502
7936,LOAD,38185481,2618.796395415315
7937,LOAD,37391842,2674.380149552408
7938,LOAD,36799016,2717.4639669712906
7939,LOAD,36565038,2734.8528941772192
7940,LOAD,38063660,2627.177733302578
7941,LOAD,37727787,2650.566278907374
7942,LOAD,37771057,2647.5298268724646
7943,LOAD,36928913,2707.905320690051
7944,LOAD,37761447,2648.2036030028194
7945,LOAD,36807182,2716.8610734720196
7946,LOAD,37702836,2652.3203718680475
7947,LOAD,36976633,2704.4106476649727
7948,LOAD,39113078,2556.6896064789375
7949,LOAD,36935723,2707.406052400815
7950,LOAD,38411527,2603.3851765382824
7951,LOAD,36699103,2724.862239820957
7952,LOAD,37168826,2690.4266494723292
7953,LOAD,36594886,2732.6222576564387
7954,LOAD,36877747,2711.662401718847
7955,LOAD,32609878,3066.5554774537945
7956,LOAD,36322190,2753.13795781587
7957,LOAD,37456364,2669.773286056276
7958,LOAD,37609465,2658.90514528723
7959,LOAD,37252082,2684.4137194801624
7960,LOAD,37546886,2663.3367145280704
7961,LOAD,37366479,2676.195421034987
7962,LOAD,38302172,2610.8179974754435
7963,LOAD,37261403,2683.74220906282
7964,LOAD,37820692,2644.055270062219
7965,LOAD,37812945,2644.596975982696
7966,LOAD,38063440,2627.192917928595
7967,LOAD,37351950,2677.236395957909
7968,LOAD,36866203,2712.5115108816603
7969,LOAD,38263744,2613.440023014998
7970,LOAD,38613569,2589.763199563345
7971,LOAD,37016916,2701.4676209114773
7972,LOAD,37326505,2679.0614336916888
7973,LOAD,38127042,2622.8103402304328
7974,LOAD,37406688,2673.3187391516726
7975,LOAD,37576182,2661.2602632167363
7976,LOAD,38050191,2628.1077012202118
7977,LOAD,37821880,2643.9722192550976
7978,LOAD,36835935,2714.7403751255397
7979,LOAD,36075709,2771.948293517946
7980,LOAD,39060344,2560.141303415044
7981,LOAD,36377516,2748.9507529870925
7982,LOAD,37069605,2697.6278813869203
7983,LOAD,35747233,2797.419313545191
7984,LOAD,37650378,2656.015830704276
7985,LOAD,34629104,2887.744366703799
7986,LOAD,35759832,2796.433719263558
7987,LOAD,34723985,2879.853795582506
7988,LOAD,36257948,2758.0159803858733
7989,LOAD,37457898,2669.663951778608
7990,LOAD,37705187,2652.1549939534843
7991,LOAD,38021365,2630.10020813298
7992,LOAD,37208775,2687.5380874538328
7993,LOAD,36039586,2774.7266575148783
7994,LOAD,35971267,2779.9966011761553
7995,LOAD,33687224,2968.484431961506
7996,LOAD,35035660,2854.2347996298627
7997,LOAD,36822352,2715.7417864019117
7998,LOAD,38454921,2600.44741737995
7999,LOAD,38571156,2592.6109137097164
8000,LOAD,37568957,2661.7720582447896
8001,LOAD,37470102,2668.7944431002616
8002,LOAD,38330554,2608.8848076654463
8003,LOAD,37992146,2632.1229656255796
8004,LOAD,36277532,2756.527097819113
8005,LOAD,36059007,2773.2322190680406
8006,LOAD,39003682,2563.860509374474
8007,LOAD,37409160,2673.1420860559288
8008,LOAD,38076019,2626.324984237454
8009,LOAD,37679684,2653.950070281906
8010,LOAD,36673821,2726.74069058689
8011,LOAD,37517257,2665.440066687178
8012,LOAD,37145976,2692.0816402831897
8013,LOAD,38541650,2594.5957165819314
8014,LOAD,37474252,2668.4988935869887
8015,LOAD,37547809,2663.2712444020367
8016,LOAD,37225774,2686.3108339936734
8017,LOAD,38404595,2603.8550855698386
8018,LOAD,36898204,2710.159009365334
8019,LOAD,38798046,2577.449390105883
8020,LOAD,37005480,2702.3024697963656
8021,LOAD,37935180,2636.0755372717354
8022,LOAD,36939162,2707.153995534604
8023,LOAD,38042473,2628.6408877782474
8024,LOAD,36204147,2762.1145168811736
8025,LOAD,37975823,2633.2543207819353
8026,LOAD,38428399,2602.2421595029236
8027,LOAD,38020758,2630.1421975858557
8028,LOAD,37009507,2702.008432590037
8029,LOAD,36938537,2707.1998005768337
8030,LOAD,37660380,2655.3104349982664
8031,LOAD,37289427,2681.7253051381026
8032,LOAD,37439457,2670.978908695177
8033,LOAD,36072900,2772.1641453833768
8034,LOAD,37340613,2678.04923288217
8035,LOAD,37075612,2697.190811037725
8036,LOAD,35018147,2855.662237068112
8037,LOAD,32737816,3054.571508374291
8038,LOAD,35692631,2801.6987596123136
8039,LOAD,36755354,2720.692065705584
8040,LOAD,34431156,2904.346284510459
8041,LOAD,35795211,2793.6698012479937
8042,LOAD,34353614,2910.901892301637
8043,LOAD,34846728,2869.709890696194
8044,LOAD,37971512,2633.553280680527
8045,LOAD,35153043,2844.703942130984
8046,LOAD,36304609,2754.471202265255
8047,LOAD,35300880,2832.790570659995
8048,LOAD,37954906,2634.705510797471
8049,LOAD,36882768,2711.2932521767348
8050,LOAD,37156603,2691.311689607363
8051,LOAD,35454820,2820.4909797877976
8052,LOAD,36770320,2719.5847085366677
8053,LOAD,37280171,2682.391129590044
8054,LOAD,32716655,3056.5471928594166
8055,LOAD,37930983,2636.367214632956
8056,LOAD,38201524,2617.696613360242
8057,LOAD,37443617,2670.6821619289612
8058,LOAD,35840631,2790.1294483347683
8059,LOAD,36019922,2776.241436613883
8060,LOAD,39115323,2556.542866845303
8061,LOAD,38829944,2575.3320684675723
8062,LOAD,37702023,2652.3775660526226
8063,LOAD,40977856,2440.3424132292325
8064,LOAD,35649155,2805.1155770732853
8065,LOAD,40392219,2475.724346810459
8066,LOAD,36708535,2724.1621056247545
8067,LOAD,33586467,2977.389673048969
8068,LOAD,33362338,2997.3918494561144
8069,LOAD,33688492,2968.3727012773384
8070,LOAD,35901789,2785.376517030948
8071,LOAD,39355523,2540.9394254524327
8072,LOAD,38025652,2629.803691465961
8073,LOAD,38773328,2579.09251431809
8074,LOAD,35498834,2816.9939328148075
8075,LOAD,40080402,2494.984955490217
8076,LOAD,34386157,2908.147019744021
8077,LOAD,33286679,3004.2047751294144
8078,LOAD,37164812,2690.717230050834
8079,LOAD,37727898,2650.558480623543
8080,LOAD,37493370,2667.13821670338
8081,LOAD,36227808,2760.310532726683
8082,LOAD,36708892,2724.135612701141
8083,LOAD,34191383,2924.7135162681193
8084,LOAD,41421348,2414.214042478772
8085,LOAD,36178209,2764.0948174079044
8086,LOAD,31995259,3125.4630568860216
8087,LOAD,34442022,2903.4300018738736
8088,LOAD,34112119,2931.5094732168354
8089,LOAD,36845273,2714.0523561869118
8090,LOAD,39407429,2537.592594533381
8091,LOAD,38680160,2585.3047143548524
8092,LOAD,36161291,2765.3879945823837
8093,LOAD,36244397,2759.0471432039553
8094,LOAD,34817250,2872.1395285382964
8095,LOAD,35724522,2799.1977051505405
8096,LOAD,36384179,2748.4473402574235
8097,LOAD,38348162,2607.686908175677
8098,LOAD,36990009,2703.432702598153
8099,LOAD,37510464,2665.922767577602
8100,LOAD,36301348,2754.7186402003585
8101,LOAD,34003838,2940.8445011413123
8102,LOAD,39986522,2500.842658933928
8103,LOAD,39239714,2548.438553858981
8104,LOAD,36290275,2755.5591683997986
8105,LOAD,39546831,2528.647617807859
8106,LOAD,38042028,2628.6716365384095
8107,LOAD,37548824,2663.1992522588725
8108,LOAD,36021950,2776.085136978981
8109,LOAD,33357283,2997.8460775717253
8110,LOAD,34113969,2931.3504975044093
8111,LOAD,35652892,2804.8215555697416
8112,LOAD,33928675,2947.35942385018
8113,LOAD,34183465,2925.3909748470496
8114,LOAD,36095162,2770.4543894275917
8115,LOAD,36253148,2758.3811480316135
8116,LOAD,35313311,2831.793371060561
8117,LOAD,32345659,3091.604966218187
8118,LOAD,35172808,2843.1053898227287
8119,LOAD,35890403,2786.2601598538754
8120,LOAD,38568613,2592.7818560651895
8121,LOAD,35066769,2851.7027046318412
8122,LOAD,40249226,2484.5198265427516
8123,LOAD,36890121,2710.7528327163795
8124,LOAD,35895771,2785.843491145517
8125,LOAD,38466971,2599.632812263799
8126,LOAD,36265548,2757.437995973479
8127,LOAD,35302257,2832.6800748178794
8128,LOAD,36500181,2739.712441425975
8129,LOAD,36526181,2737.7622642783267
8130,LOAD,37915252,2637.4610407442365
8131,LOAD,38086924,2625.5730181833533
8132,LOAD,37980061,2632.9604894526105
8133,LOAD,37134694,2692.8995294804367
8134,LOAD,35889041,2786.3658992727055
8135,LOAD,36141556,2766.898027301315
8136,LOAD,37595589,2659.886509558342
8137,LOAD,37722983,2650.903826985262
8138,LOAD,36215944,2761.2147842950058
8139,LOAD,38383338,2605.2971213707365
8140,LOAD,39448595,2534.9445271751756
8141,LOAD,36445269,2743.840359636253
8142,LOAD,37852183,2641.8555569172854
8143,LOAD,37307927,2680.3955095119595
8144,LOAD,38048724,2628.209030084688
8145,LOAD,38047154,2628.3174820382096
8146,LOAD,36891633,2710.641732774475
8147,LOAD,37899239,2638.5754078070013
8148,LOAD,38014486,2630.576144052033
8149,LOAD,37593962,2660.0016247289923
8150,LOAD,38328772,2609.0061012129477
8151,LOAD,37569666,2661.72182632659
8152,LOAD,37028355,2700.6330689008464
8153,LOAD,36497754,2739.89462474869
8154,LOAD,36335534,2752.1268849385838
8155,LOAD,36970155,2704.884521041364
8156,LOAD,36986677,2703.676245368028
8157,LOAD,30866978,3239.708143764511
8158,LOAD,35712609,2800.131460571811
8159,LOAD,36740199,2721.814326590882
8160,LOAD,36766780,2719.846557136633
8161,LOAD,33218305,3010.3883988060197
8162,LOAD,35707195,2800.556022392686
8163,LOAD,35241407,2837.571155998397
8164,LOAD,36629631,2730.030231535775
8165,LOAD,31791134,3145.531077941416
8166,LOAD,34747955,2877.867201105792
8167,LOAD,36744325,2721.508695560471
8168,LOAD,36615246,2731.1027761495857
8169,LOAD,33127717,3018.6203293151775
8170,LOAD,37638122,2656.8807019648852
8171,LOAD,36301710,2754.6911701955637
8172,LOAD,37251240,2684.474396020106
8173,LOAD,37194210,2688.5905091141876
8174,LOAD,37438449,2671.0508226449233
8175,LOAD,37040142,2699.773667174386
8176,LOAD,37866958,2640.8247528095603
8177,LOAD,37329240,2678.865147000046
8178,LOAD,37386979,2674.7280115892754
8179,LOAD,38289294,2611.6961049216525
8180,LOAD,37185297,2689.234941433976
8181,LOAD,37541788,2663.698383252284
8182,LOAD,37914065,2637.543613432113
8183,LOAD,38458574,2600.200413047036
8184,LOAD,37543952,2663.5448500466864
8185,LOAD,37391559,2674.400390740595
8186,LOAD,37420626,2672.3230124477336
8187,LOAD,37782313,2646.7410822624865
8188,LOAD,37153461,2691.539288896935
8189,LOAD,37779017,2646.9719950627623
8190,LOAD,37949302,2635.0945796051797
8191,LOAD,37186104,2689.1765805850487
8192,LOAD,37711635,2651.7015239461243
8193,LOAD,38075744,2626.34395272749
8194,LOAD,38728462,2582.0803315143266
8195,LOAD,35172268,2843.149040033472
8196,LOAD,36839632,2714.4679403963646
8197,LOAD,36803533,2717.1304450580874
8198,LOAD,37412332,2672.915444030594
8199,LOAD,36839424,2714.4832666221923
8200,LOAD,37552989,2662.9038769723497
8201,LOAD,36621296,2730.6515858969055
8202,LOAD,32604856,3067.027807146273
8203,LOAD,34856175,2868.9321189143675
8204,LOAD,37294264,2681.3774901148336
8205,LOAD,37384306,2674.9192562247913
8206,LOAD,36308788,2754.1541733643103
8207,LOAD,36421683,2745.6172192811628
8208,LOAD,30220024,3309.0642151707093
8209,LOAD,36364442,2749.9390750997914
8210,LOAD,39611886,2524.494794315019
8211,LOAD,37436255,2671.2073630228238
8212,LOAD,38540881,2594.647486132971
8213,LOAD,38326032,2609.192623958567
8214,LOAD,35938866,2782.5029315059633
8215,LOAD,37690711,2653.173616172961
8216,LOAD,38964430,2566.443291997342
8217,LOAD,38713078,2583.1064117402393
8218,LOAD,37525020,2664.888652957414
8219,LOAD,36859780,2712.9841795040556
8220,LOAD,37259981,2683.8446321268925
8221,LOAD,38412585,2603.313471353204
8222,LOAD,37921403,2637.033234239778
8223,LOAD,35474575,2818.920311236992
8224,LOAD,37949041,2635.1127028480114
8225,LOAD,38520279,2596.0351948645025
8226,LOAD,37209431,2687.4907063212013
8227,LOAD,37609604,2658.895318334115
8228,LOAD,37187911,2689.0459106455323
8229,LOAD,37889075,2639.2832234621724
8230,LOAD,37450443,2670.195383269565
8231,LOAD,37565993,2661.98207511778
8232,LOAD,38589294,2591.3923172577347
8233,LOAD,37271945,2682.983139194909
8234,LOAD,37901403,2638.4247569938243
8235,LOAD,37525385,2664.8627322544457
8236,LOAD,37963848,2634.0849325916593
8237,LOAD,35559316,2812.2025744252223
8238,LOAD,37690707,2653.1738977462005
8239,LOAD,37564360,2662.0977969543474
8240,LOAD,36880560,2711.4555744272866
8241,LOAD,38204801,2617.47208158472
8242,LOAD,37938430,2635.8497175555235
8243,LOAD,37128145,2693.3745275989418
8244,LOAD,36496171,2740.0134660701806
8245,LOAD,38548125,2594.1598975306842
8246,LOAD,38805377,2576.962465794367
8247,LOAD,37768507,2647.708579002077
8248,LOAD,36722213,2723.147431229158
8249,LOAD,37965436,2633.974755353791
8250,LOAD,38644159,2587.713191015491
8251,LOAD,36359467,2750.315344281587
8252,LOAD,38746192,2580.8987887119333
8253,LOAD,36134110,2767.468190028757
8254,LOAD,38393414,2604.6133849935827
8255,LOAD,37975816,2633.2548061640073
8256,LOAD,37274778,2682.7792240640574
8257,LOAD,37848526,2642.1108182654193
8258,LOAD,37644049,2656.4623800165596
8259,LOAD,38372380,2606.041116031896
8260,LOAD,35346891,2829.1031310221883
8261,LOAD,37718187,2651.2408987208214
8262,LOAD,37845972,2642.289118641212
8263,LOAD,37421253,2672.278237182491
8264,LOAD,36120511,2768.5101132705463
8265,LOAD,37153823,2691.513064483297
8266,LOAD,36849686,2713.7273299967874
8267,LOAD,34292747,2916.0685202617337
8268,LOAD,37084780,2696.5240187483923
8269,LOAD,35056756,2852.517215226646
8270,LOAD,37370791,2675.886630282993
8271,LOAD,37566251,2661.963792980034
8272,LOAD,31922156,3132.6204909217286
8273,LOAD,34360030,2910.3583436917834
8274,LOAD,39909649,2505.659721537516
8275,LOAD,38180505,2619.137698676327
8276,LOAD,35021590,2855.3814946722864
8277,LOAD,37323980,2679.2426745486414
8278,LOAD,38648394,2587.4296354979197
8279,LOAD,37936240,2636.0018810509423
8280,LOAD,36508639,2739.0777289725866
8281,LOAD,33753090,2962.691712077324
8282,LOAD,35899534,2785.551478189104
8283,LOAD,34215117,2922.684730261188
8284,LOAD,34417956,2905.460161550558
8285,LOAD,34151243,2928.151107120757
8286,LOAD,35866706,2788.1010316364154
8287,LOAD,30294727,3300.904477534985
8288,LOAD,35010817,2856.2601095541413
8289,LOAD,31586291,3165.9304348205997
8290,LOAD,35722254,2799.37542575001
8291,LOAD,37049217,2699.112372604258
8292,LOAD,35568312,2811.4913072062573
8293,LOAD,36409264,2746.5537342364296
8294,LOAD,37385595,2674.8270289666384
8295,LOAD,37453901,2669.9488525908155
8296,LOAD,38697882,2584.1207536887937
8297,LOAD,33254033,3007.1540495554327
8298,LOAD,36537843,2736.8884364629844
8299,LOAD,36610605,2731.4489886195543
8300,LOAD,37013977,2701.6821240257427
8301,LOAD,35399472,2824.900891177134
8302,LOAD,35976805,2779.568669313465
8303,LOAD,34717135,2880.4220163904656
8304,LOAD,39491939,2532.162323050281
8305,LOAD,37610390,2658.8397514622957
8306,LOAD,40433666,2473.1865767501763
8307,LOAD,32480425,3078.7774482630693
8308,LOAD,37104991,2695.055228554024
8309,LOAD,37806532,2645.045570432115
8310,LOAD,38130453,2622.575713957555
8311,LOAD,37009043,2702.0423089567594
8312,LOAD,35823702,2791.447963697331
8313,LOAD,37501306,2666.573798789834
8314,LOAD,36366000,2749.821261617995
8315,LOAD,36365643,2749.8482564985857
8316,LOAD,33830955,2955.872809384187
8317,LOAD,34986243,2858.2663191357815
8318,LOAD,38349239,2607.6136738984574
8319,LOAD,37655443,2655.6585723875296
8320,LOAD,37032505,2700.330425932569
8321,LOAD,38229412,2615.7870280610123
8322,LOAD,36674040,2726.724407782726
8323,LOAD,35363443,2827.7789580612953
8324,LOAD,37985057,2632.6141882582933
8325,LOAD,36155339,2765.843241021748
8326,LOAD,33055532,3025.2122398151087
8327,LOAD,34283788,2916.830543929393
8328,LOAD,36014889,2776.6294101309045
8329,LOAD,34161563,2927.2665305155974
8330,LOAD,35267983,2835.4329194272323
8331,LOAD,36311201,2753.9711506650524
8332,LOAD,37165693,2690.6534475221542
8333,LOAD,35502887,2816.672345547561
8334,LOAD,33375937,2996.170564439884
8335,LOAD,36275360,2756.6921458532734
8336,LOAD,36311829,2753.923521726212
8337,LOAD,35124016,2847.0548470311596
8338,LOAD,37439327,2670.98818309421
8339,LOAD,36637672,2729.4310621046006
8340,LOAD,35046956,2853.3148499401777
8341,LOAD,38929408,2568.752137201778
8342,LOAD,38582071,2591.877455204517
8343,LOAD,35260315,2836.049536142828
8344,LOAD,36046147,2774.221610981057
8345,LOAD,35688901,2801.991577157279
8346,LOAD,34016661,2939.7359135277857
8347,LOAD,33144184,3017.1205904480857
8348,LOAD,35388876,2825.746712045898
8349,LOAD,35661275,2804.162217980148
8350,LOAD,37365321,2676.278359819256
8351,LOAD,36780314,2718.845739054865
8352,LOAD,36633900,2729.7120972651014
8353,LOAD,33166347,3015.104437036735
8354,LOAD,37019704,2701.2641700214567
8355,LOAD,37410074,2673.0767760577
8356,LOAD,36809693,2716.6757408164203
8357,LOAD,37993556,2632.0252834454345
8358,LOAD,37163732,2690.795423882618
8359,LOAD,37827613,2643.5715095213645
8360,LOAD,37389224,2674.5674101179525
8361,LOAD,37213532,2687.1945398786656
8362,LOAD,37891992,2639.0800462535726
8363,LOAD,37124284,2693.6546439521903
8364,LOAD,37696072,2652.7962913483398
8365,LOAD,36410822,2746.436210640891
8366,LOAD,36174013,2764.41543823186
8367,LOAD,36196683,2762.684083511188
8368,LOAD,39085782,2558.475099717846
8369,LOAD,36478891,2741.311406643365
8370,LOAD,35153324,2844.681202835897
8371,LOAD,33331783,3000.139536489842
8372,LOAD,37503307,2666.431522958762
8373,LOAD,34941565,2861.921038739965
8374,LOAD,35870709,2787.7898928621676
8375,LOAD,29102301,3436.154412669981
8376,LOAD,34735454,2878.9029214934117
8377,LOAD,35314514,2831.696905130848
8378,LOAD,36673944,2726.7315454263658
8379,LOAD,35758656,2796.5256859765645
8380,LOAD,36322279,2753.131211838332
8381,LOAD,38728493,2582.078264702941
8382,LOAD,37169906,2690.3484770717473
8383,LOAD,38283098,2612.1187997899233
8384,LOAD,38374974,2605.8649577195806
8385,LOAD,38069062,2626.804936775169
8386,LOAD,36310122,2754.0529883099816
8387,LOAD,38203277,2617.5764974297886
8388,LOAD,37590909,2660.217660605121
8389,LOAD,37387745,2674.6732117703273
8390,LOAD,36092483,2770.6600291257323
8391,LOAD,37936257,2636.0006998054655
8392,LOAD,37704253,2652.220692450796
8393,LOAD,38772000,2579.180852161354
8394,LOAD,37640648,2656.702403210487
8395,LOAD,37440587,2670.898295478113
8396,LOAD,37244802,2684.9384244276557
8397,LOAD,39235529,2548.710379309528
8398,LOAD,36230168,2760.130728623726
8399,LOAD,37875464,2640.231681386134
8400,LOAD,36868352,2712.3534027232895
8401,LOAD,38770121,2579.305852566207
8402,LOAD,37751480,2648.902771493992
8403,LOAD,38443329,2601.23154266895
8404,LOAD,37555213,2662.746181202594
8405,LOAD,38251446,2614.280254921605
8406,LOAD,36992310,2703.2645433604985
8407,LOAD,38144328,2621.621751994163
8408,LOAD,36720479,2723.2760226248683
8409,LOAD,36651335,2728.4135762039773
8410,LOAD,37379132,2675.2895171562573
8411,LOAD,37520580,2665.2040027099792
8412,LOAD,37391068,2674.43550957143
8413,LOAD,38824158,2575.7158725760387
8414,LOAD,36783790,2718.588813170149
8415,LOAD,37699951,2652.5233414759614
8416,LOAD,37172918,2690.130486931373
8417,LOAD,38362412,2606.718263700416
8418,LOAD,38004946,2631.236471168779
8419,LOAD,37209170,2687.5095574558636
8420,LOAD,37131339,2693.1428462625604
8421,LOAD,38037072,2629.0141365244936
8422,LOAD,38337998,2608.3782465636314
8423,LOAD,37414240,2672.7791343616764
8424,LOAD,36045254,2774.2903406922865
8425,LOAD,37796799,2645.7266923582606
8426,LOAD,37738629,2649.8047928556175
8427,LOAD,38368935,2606.275102501542
8428,LOAD,38131325,2622.5157400116573
8429,LOAD,37496677,2666.9029898302724
8430,LOAD,37181890,2689.481357725495
8431,LOAD,35885145,2786.668411121092
8432,LOAD,37624644,2657.8324568333455
8433,LOAD,38887400,2571.527024177497
8434,LOAD,36947996,2706.506734492447
8435,LOAD,37199779,2688.1880131599705
8436,LOAD,37508709,2666.0475037943856
8437,LOAD,38081071,2625.9765645771886
8438,LOAD,36539790,2736.742603063674
8439,LOAD,39140061,2554.927034988525
8440,LOAD,37499889,2666.6745600233644
8441,LOAD,38037545,2628.9814445175157
8442,LOAD,36683702,2726.006224780694
8443,LOAD,38477624,2598.913072179301
8444,LOAD,37855404,2641.630769546139
8445,LOAD,37714448,2651.503742014201
8446,LOAD,36712160,2723.8931187922476
8447,LOAD,38733173,2581.766280805345
8448,LOAD,35936672,2782.67280843368
8449,LOAD,38000090,2631.572714696202
8450,LOAD,36446962,2743.7129053444837
8451,LOAD,37097589,2695.5929669715197
8452,LOAD,37115115,2694.3200903459415
8453,LOAD,38161632,2620.4330045423635
8454,LOAD,37157709,2691.2315826575855
8455,LOAD,38047825,2628.2711298214813
8456,LOAD,37292077,2681.534739939532
8457,LOAD,37888538,2639.3206304239025
8458,LOAD,36656379,2728.038140373876
8459,LOAD,38223131,2616.216866169336
8460,LOAD,37765988,2647.8851817672557
8461,LOAD,38309567,2610.314024170516
8462,LOAD,37069011,2697.6711086249375
8463,LOAD,37154637,2691.4540976406256
8464,LOAD,37792962,2645.995304628412
8465,LOAD,37537577,2663.997199393024
8466,LOAD,38125122,2622.942426256367
8467,LOAD,37286336,2681.94761748647
8468,LOAD,37809287,2644.852837346549
8469,LOAD,38030729,2629.452619748625
8470,LOAD,34897642,2865.5231204446422
8471,LOAD,37440784,2670.8842421675786
8472,LOAD,37516695,2665.479994972905
8473,LOAD,37014089,2701.673949073824
8474,LOAD,37955285,2634.6792021190195
8475,LOAD,38312142,2610.1385821758545
8476,LOAD,37769963,2647.6065120847484
8477,LOAD,38062092,2627.2859621063394
8478,LOAD,38747212,2580.830847907199
8479,LOAD,38548520,2594.13331562405
8480,LOAD,38212072,2616.974028521667
8481,LOAD,36767920,2719.7622275070225
8482,LOAD,38064547,2627.1165134317766
8483,LOAD,38047692,2628.280317239742
8484,LOAD,37134801,2692.891770175367
8485,LOAD,36145543,2766.5928272263054
8486,LOAD,38571529,2592.585842267233
8487,LOAD,38653048,2587.118097387818
8488,LOAD,37042572,2699.5965614914644
8489,LOAD,37977651,2633.127572845409
8490,LOAD,35050466,2853.0291152191817
8491,LOAD,38771445,2579.2177722548126
8492,LOAD,38492507,2597.9082110707936
8493,LOAD,36571100,2734.3995668711086
8494,LOAD,37891564,2639.1098556924176
8495,LOAD,37103314,2695.1770399808493
8496,LOAD,37951583,2634.936202792911
8497,LOAD,36438125,2744.378312550385
8498,LOAD,37747821,2649.1595369173756
8499,LOAD,38098224,2624.7942686252254
8500,LOAD,37133970,2692.952032869095
8501,LOAD,37751154,2648.9256460875345
8502,LOAD,37635339,2657.0771688810883
8503,LOAD,37540331,2663.801765626414
8504,LOAD,38268156,2613.1387151238746
8505,LOAD,36833077,2714.951020790362
8506,LOAD,39216076,2549.974658351845
8507,LOAD,36297900,2754.9803156656444
8508,LOAD,38105940,2624.2627789788153
8509,LOAD,37831503,2643.2996859786404
8510,LOAD,36273224,2756.854477561741
8511,LOAD,36986699,2703.674637198632
8512,LOAD,38211229,2617.0317630977006
8513,LOAD,38301146,2610.8879353113875
8514,LOAD,38198862,2617.8790352445576
8515,LOAD,38525800,2595.6631659822765
8516,LOAD,37380813,2675.169210471693
8517,LOAD,37232492,2685.826132722999
8518,LOAD,36588671,2733.086424483688
8519,LOAD,37471349,2668.7056289326547
8520,LOAD,37087570,2696.321166363825
8521,LOAD,37188349,2689.014239379113
8522,LOAD,39929872,2504.3906977713327
8523,LOAD,36833821,2714.8961819627675
8524,LOAD,33635340,2973.0634505255484
8525,LOAD,33757287,2962.323364433878
8526,LOAD,34487495,2899.6017252050347
8527,LOAD,40217838,2486.4588693206233
8528,LOAD,40878832,2446.2538460002966
8529,LOAD,35887234,2786.506198833825
8530,LOAD,33838481,2955.2153951591386
8531,LOAD,35257305,2836.29165643829
8532,LOAD,37651618,2655.928358775976
8533,LOAD,37564193,2662.1096319039784
8534,LOAD,37736844,2649.930131942141
8535,LOAD,37489866,2667.3875014650625
8536,LOAD,35734117,2798.446090048902
8537,LOAD,38339612,2608.268440483957
8538,LOAD,34854283,2869.08785356451
8539,LOAD,31243145,3200.702106013975
8540,LOAD,33166325,3015.1064370261097
8541,LOAD,35880525,2787.0272243786844
8542,LOAD,37122606,2693.7764013657875
8543,LOAD,33824241,2956.4595403633743
8544,LOAD,34803204,2873.2986767540137
8545,LOAD,34105096,2932.11313640636
8546,LOAD,35212944,2839.8647951730477
8547,LOAD,36482215,2741.061637841891
8548,LOAD,36992962,2703.2168983927268
8549,LOAD,36040148,2774.6833892025084
8550,LOAD,30432415,3285.9699107021247
8551,LOAD,36743096,2721.5997258369302
8552,LOAD,37321394,2679.4283193173333
8553,LOAD,36354912,2750.659938332405
8554,LOAD,39496720,2531.85580979889
8555,LOAD,37215268,2687.0691889146146
8556,LOAD,37452078,2670.0788137843783
8557,LOAD,37029136,2700.576108500074
8558,LOAD,36510442,2738.942464733788
8559,LOAD,36645901,2728.8181562243485
8560,LOAD,33788630,2959.575454820157
8561,LOAD,37817988,2644.2443209829144
8562,LOAD,38783711,2578.4020513147907
8563,LOAD,40495322,2469.421035842115
8564,LOAD,36377307,2748.9665466440383
8565,LOAD,34570584,2892.632649769527
8566,LOAD,35205061,2840.500688239114
8567,LOAD,36989418,2703.4758968091905
8568,LOAD,36639202,2729.317085017299
8569,LOAD,38021839,2630.067419937263
8570,LOAD,36333317,2752.294815251798
8571,LOAD,37099603,2695.4466332159946
8572,LOAD,36953348,2706.114747708381
8573,LOAD,37279670,2682.4271781375746
8574,LOAD,35839015,2790.255256736269
8575,LOAD,34230202,2921.3967244481937
8576,LOAD,37275386,2682.735465167282
8577,LOAD,37574730,2661.3631022764503
8578,LOAD,37244557,2684.9560863349775
8579,LOAD,35069027,2851.5190911912096
8580,LOAD,36962492,2705.445293028403
8581,LOAD,36925893,2708.1267878883796
8582,LOAD,35583987,2810.2528252384986
8583,LOAD,37764379,2647.997998325353
8584,LOAD,35643025,2805.5980097087718
8585,LOAD,38601637,2590.5637110674866
8586,LOAD,35129078,2846.6445945435858
8587,LOAD,35310588,2832.0117467316036
8588,LOAD,36404151,2746.9394904993114
8589,LOAD,35204841,2840.5184389271917
8590,LOAD,35766279,2795.9296520613734
8591,LOAD,34782242,2875.030310007043
8592,LOAD,38822883,2575.800462835282
8593,LOAD,39418912,2536.8533763691903
8594,LOAD,31136600,3211.6544516742356
8595,LOAD,34499770,2898.570048438004
8596,LOAD,34048189,2937.013771863167
8597,LOAD,34439915,2903.6076308550705
8598,LOAD,36758723,2720.442709612083
8599,LOAD,36952419,2706.182780618503
8600,LOAD,37047124,2699.264860613742
8601,LOAD,37222787,2686.526401153143
8602,LOAD,37375118,2675.5768369748025
8603,LOAD,37265189,2683.469551167445
8604,LOAD,37866768,2640.8380033912586
8605,LOAD,36672163,2726.86397036357
8606,LOAD,36031439,2775.3540456710593
8607,LOAD,33355192,2998.034009218115
8608,LOAD,36168760,2764.8169304117696
8609,LOAD,35739771,2798.0033783652393
8610,LOAD,36776267,2719.144931159
8611,LOAD,35799215,2793.357340377436
8612,LOAD,38037892,2628.957461680579
8613,LOAD,35899850,2785.5269590262915
8614,LOAD,40449911,2472.1933257158466
8615,LOAD,38042209,2628.6591296525394
8616,LOAD,37664469,2655.0221642577785
8617,LOAD,37868121,2640.7436481994973
8618,LOAD,37255112,2684.19539310471
8619,LOAD,37752585,2648.8252393842704
8620,LOAD,36833895,2714.890727684379
8621,LOAD,35300111,2832.8522819659124
8622,LOAD,39415657,2537.0628732637897
8623,LOAD,35254749,2836.4972900530365
8624,LOAD,37893926,2638.945354989082
8625,LOAD,40033231,2497.924786535466
8626,LOAD,35804791,2792.922321484854
8627,LOAD,33294397,3003.508368089682
8628,LOAD,35549252,2812.998709508712
8629,LOAD,37402160,2673.6423778733633
8630,LOAD,36564575,2734.8875243319526
8631,LOAD,34983364,2858.5015437623438
8632,LOAD,38724885,2582.3188370991934
8633,LOAD,38251744,2614.2598883857427
8634,LOAD,37556992,2662.620052212914
8635,LOAD,36052027,2773.769142023554
8636,LOAD,35761666,2796.290307056724
8637,LOAD,35027172,2854.9264553815533
8638,LOAD,36907658,2709.4647945420975
8639,LOAD,36890821,2710.7013964259563
8640,LOAD,35461693,2819.94432696713
8641,LOAD,36867026,2712.450958208563
8642,LOAD,37133640,2692.97596465092
8643,LOAD,37339398,2678.136374882102
8644,LOAD,37116255,2694.237336175215
8645,LOAD,37150435,2691.758521804657
8646,LOAD,37266214,2683.3957428570557
8647,LOAD,36683202,2726.04338083682
8648,LOAD,36207471,2761.8609430081433
8649,LOAD,35548307,2813.0734889850028
8650,LOAD,34657289,2885.3959119537594
8651,LOAD,35993990,2778.241589776516
8652,LOAD,36322522,2753.1127932140835
8653,LOAD,36344432,2751.4530974098043
8654,LOAD,35973034,2779.860047389942
8655,LOAD,33998970,2941.265573633554
8656,LOAD,35611251,2808.101293605215
8657,LOAD,37382355,2675.05886132642
8658,LOAD,36530137,2737.4657806511923
8659,LOAD,37283249,2682.1696789354382
8660,LOAD,36706066,2724.345343900379
8661,LOAD,38288132,2611.775366842133
8662,LOAD,36189992,2763.194863375488
8663,LOAD,35666062,2803.7858510984474
8664,LOAD,40021149,2498.6788860059964
8665,LOAD,38049554,2628.151699228853
8666,LOAD,38107878,2624.1293204517974
8667,LOAD,36646763,2728.753969347852
8668,LOAD,36121429,2768.439753587822
8669,LOAD,34216914,2922.5312370367474
8670,LOAD,32414007,3085.086024692967
8671,LOAD,35159255,2844.2013347552443
8672,LOAD,35122529,2847.175384209947
8673,LOAD,31489747,3175.6368191843526
8674,LOAD,34513101,2897.4504493235772
8675,LOAD,34553352,2894.0752260446397
8676,LOAD,36057941,2773.31420560037
8677,LOAD,36394419,2747.674032109154
8678,LOAD,36383787,2748.476952110565
8679,LOAD,35493002,2817.456804583619
8680,LOAD,35760496,2796.3817951518345
8681,LOAD,36502833,2739.5133961246243
8682,LOAD,37686807,2653.448460093741
8683,LOAD,37216485,2686.9813202402106
8684,LOAD,36375772,2749.0825486810286
8685,LOAD,37714642,2651.490102968497
8686,LOAD,35808178,2792.658146415604
8687,LOAD,37615326,2658.490850245456
8688,LOAD,37163070,2690.843356052124
8689,LOAD,37119106,2694.0304004088894
8690,LOAD,35961593,2780.7444458870327
8691,LOAD,37084150,2696.5698283498473
8692,LOAD,40307944,2480.9005391096107
8693,LOAD,36622269,2730.579036487335
8694,LOAD,36754616,2720.7466947825
8695,LOAD,37194369,2688.5790158182276
8696,LOAD,39451913,2534.7313322930627
8697,LOAD,37771679,2647.4862290341925
8698,LOAD,38002782,2631.386302192297
8699,LOAD,36836461,2714.7016104505806
8700,LOAD,37634966,2657.103503162458
8701,LOAD,37830822,2643.3472685314637
8702,LOAD,38500018,2597.4013830331196
8703,LOAD,37254244,2684.257933136423
8704,LOAD,38583879,2591.7560025522575
8705,LOAD,37367892,2676.0942254917672
8706,LOAD,38815004,2576.3233207447306
8707,LOAD,36974448,2704.5704644461493
8708,LOAD,36174520,2764.376693871819
8709,LOAD,37423086,2672.1473477628224
8710,LOAD,37929131,2636.4959429204955
8711,LOAD,37320302,2679.5067199616983
8712,LOAD,38233210,2615.5271817354596
8713,LOAD,37511913,2665.8197890360857
8714,LOAD,36463638,2742.4581167682722
8715,LOAD,36190532,2763.1536336630807
8716,LOAD,37034053,2700.217553828094
8717,LOAD,35125499,2846.934644259431
8718,LOAD,32700138,3058.0910698297357
8719,LOAD,36059299,2773.2097620644263
8720,LOAD,37987598,2632.4380920320364
8721,LOAD,46044689,2171.803136730927
8722,LOAD,38039208,2628.866510575089
8723,LOAD,36201963,2762.2811503343064
8724,LOAD,37651985,2655.9024710118206
8725,LOAD,31081321,3217.366469076395
8726,LOAD,35734433,2798.4213433580994
8727,LOAD,36009831,2777.019420057817
8728,LOAD,38984302,2565.135063852111
8729,LOAD,37567524,2661.873590604481
8730,LOAD,38267488,2613.184330259671
8731,LOAD,38533625,2595.136066227872
8732,LOAD,37672935,2654.425517948097
8733,LOAD,37619787,2658.175603173936
8734,LOAD,38915981,2569.6384218092817
8735,LOAD,37113206,2694.458678670875
8736,LOAD,36489644,2740.5035795909653
8737,LOAD,38347860,2607.7074444310583
8738,LOAD,36644365,2728.9325384680565
8739,LOAD,38039090,2628.8746655085597
8740,LOAD,37926595,2636.6722348789813
8741,LOAD,37727994,2650.5517361988555
8742,LOAD,37704142,2652.2285005185904
8743,LOAD,36625523,2730.336437789571
8744,LOAD,38243332,2614.8349207647493
8745,LOAD,39047545,2560.980466249543
8746,LOAD,37973091,2633.4437720648025
8747,LOAD,38535856,2594.9858230734512
8748,LOAD,35615384,2807.7754264842406
8749,LOAD,36804195,2717.0815718153867
8750,LOAD,36166079,2765.0218869454993
8751,LOAD,38790960,2577.920216462805
8752,LOAD,36054569,2773.573579537173
8753,LOAD,38197266,2617.9884183333957
8754,LOAD,37229810,2686.0196170756717
8755,LOAD,38062945,2627.2270839789194
8756,LOAD,37586048,2660.561706301232
8757,LOAD,37859562,2641.3406473112395
8758,LOAD,37252829,2684.359891164239
8759,LOAD,39335265,2542.2480311242343
8760,LOAD,37438917,2671.0174335438173
8761,LOAD,37659272,2655.3885587591813
8762,LOAD,36591142,2732.9018591439426
8763,LOAD,38166036,2620.13063132886
8764,LOAD,36806635,2716.90144996955
8765,LOAD,37722678,2650.925260396412
8766,LOAD,36955296,2705.9721020770608
8767,LOAD,38176606,2619.4051928031527
8768,LOAD,38174540,2619.546954593297
8769,LOAD,35358384,2828.1835504699534
8770,LOAD,38732134,2581.8355373860886
8771,LOAD,38396108,2604.4306365634766
8772,LOAD,37450518,2670.190035822736
8773,LOAD,37198559,2688.2761775798895
8774,LOAD,38319872,2609.6120571592724
8775,LOAD,38983819,2565.1668452493072
8776,LOAD,37694064,2652.93760842556
8777,LOAD,35792473,2793.8835072949555
8778,LOAD,37013913,2701.6867954490517
8779,LOAD,39295903,2544.794555300078
8780,LOAD,37326444,2679.0658118946453
8781,LOAD,38026479,2629.746498485963
8782,LOAD,36192234,2763.0236917676866
8783,LOAD,37608513,2658.9724512638936
8784,LOAD,37055103,2698.683633398617
8785,LOAD,39408524,2537.5220853234696
8786,LOAD,37754095,2648.7192978668936
8787,LOAD,38009374,2630.9299384935935
8788,LOAD,32704063,3057.7240509841236
8789,LOAD,35854670,2789.036965059224
8790,LOAD,35071165,2851.3452575641554
8791,LOAD,39517716,2530.5106195914764
8792,LOAD,31594657,3165.0921230130775
8793,LOAD,36425652,2745.3180522341786
8794,LOAD,34679081,2883.5827569940507
8795,LOAD,34334265,2912.5423247009944
8796,LOAD,30739331,3253.1612350314326
8797,LOAD,29052167,3442.084027673392
8798,LOAD,35508818,2816.2018797696956
8799,LOAD,34280461,2917.1136292478677
8800,LOAD,34352982,2910.955444857742
8801,LOAD,34973446,2859.3121764438083
8802,LOAD,32621233,3065.4880519077865
8803,LOAD,35752595,2796.999770226469
8804,LOAD,37757276,2648.496146808896
8805,LOAD,36294690,2755.2239735344206
8806,LOAD,35706540,2800.6073957319863
8807,LOAD,35969777,2780.111758824638
8808,LOAD,31823854,3142.2969700652848
8809,LOAD,37676069,2654.204715465406
8810,LOAD,35645609,2805.3946279891024
8811,LOAD,35045979,2853.3943936906426
8812,LOAD,32332014,3092.909708625018
8813,LOAD,34376823,2908.9366402474134
8814,LOAD,31487956,3175.817445883118
8815,LOAD,36058783,2773.249446605006
8816,LOAD,37194269,2688.5862442947864
8817,LOAD,37093122,2695.917588171737
8818,LOAD,37754261,2648.707651832994
8819,LOAD,36767739,2719.7756163358317
8820,LOAD,35955394,2781.2238686634887
8821,LOAD,38363565,2606.6399199344482
8822,LOAD,37525689,2664.841143889457
8823,LOAD,34365824,2909.8676638744355
8824,LOAD,34935263,2862.437302962339
8825,LOAD,39238615,2548.5099308423605
8826,LOAD,37989012,2632.340109292655
8827,LOAD,37018765,2701.3326889754426
8828,LOAD,37678271,2654.04959797651
8829,LOAD,36840037,2714.438098962821
8830,LOAD,38297748,2611.119588546042
8831,LOAD,33010377,3029.3504372882503
8832,LOAD,36585682,2733.309713892992
8833,LOAD,33662252,2970.686572009502
8834,LOAD,37235333,2685.6212082217717
8835,LOAD,36380379,2748.7344208261275
8836,LOAD,35981651,2779.1943176815316
8837,LOAD,37591959,2660.1433567215795
8838,LOAD,37496021,2666.949647803963
8839,LOAD,37639707,2656.7688212875833
8840,LOAD,34528912,2896.123689040651
8841,LOAD,36605627,2731.8204384260375
8842,LOAD,32376856,3088.626023478005
8843,LOAD,37463916,2669.235111460318
8844,LOAD,34977846,2858.9524923861804
8845,LOAD,36381142,2748.6767732579697
8846,LOAD,33978349,2943.050587890542
8847,LOAD,36512255,2738.806463747583
8848,LOAD,33896010,2950.1997432736184
8849,LOAD,36355882,2750.586548828605
8850,LOAD,36317058,2753.527006510274
8851,LOAD,31158678,3209.3787804476174
8852,LOAD,33985017,2942.4731492704564
8853,LOAD,29785360,3357.354082676859
8854,LOAD,33592500,2976.8549527424275
8855,LOAD,32799571,3048.820364144397
8856,LOAD,34927325,2863.087854566589
8857,LOAD,35549369,2812.9894513739473
8858,LOAD,34080060,2934.2671345062186
8859,LOAD,36865623,2712.5541863214953
8860,LOAD,36292105,2755.4202215605847
8861,LOAD,36495344,2740.0755559394097
8862,LOAD,37348995,2677.44821513939
8863,LOAD,36241799,2759.244926003811
8864,LOAD,38168604,2619.95434781948
8865,LOAD,32973932,3032.698678459093
8866,LOAD,36715254,2723.663575907714
8867,LOAD,38678151,2585.4389988807893
8868,LOAD,34479572,2900.268019568224
8869,LOAD,38752464,2580.48107599042
8870,LOAD,40665646,2459.0781122719654
8871,LOAD,40092719,2494.218463956012
8872,LOAD,38413174,2603.273554015609
8873,LOAD,35670656,2803.4247533883313
8874,LOAD,28774797,3475.263439738602
8875,LOAD,30648447,3262.808063325362
8876,LOAD,34913149,2864.2503716866104
8877,LOAD,35270503,2835.2303339705704
8878,LOAD,35671764,2803.3376762640614
8879,LOAD,37817237,2644.296832156194
8880,LOAD,32985363,3031.6477038618614
8881,LOAD,35958938,2780.949759973445
8882,LOAD,37912440,2637.6566636175353
8883,LOAD,35936459,2782.6893016921895
8884,LOAD,29029370,3444.7871242124784
8885,LOAD,26331212,3797.7742915897684
8886,LOAD,28606724,3495.681644637114
8887,LOAD,29762366,3359.9479288709776
8888,LOAD,31392678,3185.456175481429
8889,LOAD,40486109,2469.9829761363335
8890,LOAD,35206576,2840.378456570159
8891,LOAD,40907413,2444.5447088037563
8892,LOAD,35324074,2830.930543288976
8893,LOAD,35444864,2821.2832189171327
8894,LOAD,37643584,2656.495194506453
8895,LOAD,37954278,2634.7491052260298
8896,LOAD,36975932,2704.4619186339914
8897,LOAD,36390437,2747.9746945605516
8898,LOAD,36640501,2729.2203237068184
8899,LOAD,31667477,3157.813930045643
8900,LOAD,34739087,2878.6018469627597
8901,LOAD,37156394,2691.3268278940095
8902,LOAD,36335075,2752.161650966731
8903,LOAD,34385724,2908.183640396811
8904,LOAD,34135337,2929.515534005128
8905,LOAD,38622710,2589.1502693622483
8906,LOAD,37286739,2681.918630642385
8907,LOAD,38750864,2580.587622510817
8908,LOAD,37262970,2683.629351068903
8909,LOAD,36449242,2743.5412785813214
8910,LOAD,36665293,2727.3749046543826
8911,LOAD,37948409,2635.156588514686
8912,LOAD,37082751,2696.671560316547
8913,LOAD,37828886,2643.4825492878645
8914,LOAD,37367611,2676.1143494027488
8915,LOAD,38733688,2581.7319538485467
8916,LOAD,37754322,2648.7033722920514
8917,LOAD,37601962,2659.435696467115
8918,LOAD,36906824,2709.5260215292433
8919,LOAD,36303760,2754.535618349174
8920,LOAD,36875921,2711.7966762104734
8921,LOAD,32146180,3110.7895246029234
8922,LOAD,33115702,3019.715541588096
8923,LOAD,34401486,2906.8511749754066
8924,LOAD,35502125,2816.732801205562
8925,LOAD,34884348,2866.6151363929753
8926,LOAD,32395740,3086.8256134911567
8927,LOAD,33153032,3016.315370491604
8928,LOAD,35614049,2807.8806765274007
8929,LOAD,36477403,2741.4232312536064
8930,LOAD,35607484,2808.3983692866364
8931,LOAD,33400079,2994.004894419561
8932,LOAD,31353297,3189.4572363474244
8933,LOAD,36382199,2748.5969168603583
8934,LOAD,34794846,2873.9888660521733
8935,LOAD,33182908,3013.599651965403
8936,LOAD,33562033,2979.557287247766
8937,LOAD,34623898,2888.1785638347246
8938,LOAD,35832462,2790.765535452183
8939,LOAD,34003490,2940.8745984603347
8940,LOAD,36741473,2721.7199484626
8941,LOAD,35252520,2836.6766404217346
8942,LOAD,32275848,3098.2919488281145
8943,LOAD,38589092,2591.4058822633087
8944,LOAD,38501702,2597.287777044246
8945,LOAD,38936925,2568.2562246505086
8946,LOAD,37812311,2644.6413180088357
8947,LOAD,38944046,2567.786613645639
8948,LOAD,37145404,2692.123095497898
8949,LOAD,38195400,2618.116317671762
8950,LOAD,37767660,2647.7679580890103
8951,LOAD,36944424,2706.7684151741005
8952,LOAD,31487625,3175.850830286501
8953,LOAD,37559276,2662.4581368394856
8954,LOAD,39200697,2550.9750502650504
8955,LOAD,38118686,2623.3852866806583
8956,LOAD,38160707,2620.4965227714465
8957,LOAD,39333846,2542.3397447582424
8958,LOAD,35846731,2789.654654980952
8959,LOAD,39954046,2502.8754284359584
8960,LOAD,33837840,2955.2713766599763
8961,LOAD,37723787,2650.847328768981
8962,LOAD,38953249,2567.1799546168795
8963,LOAD,37996555,2631.817542406147
8964,LOAD,35908035,2784.8920165082827
8965,LOAD,36567685,2734.6549282515425
8966,LOAD,34345136,2911.6204402276935
8967,LOAD,36837187,2714.6481081739494
8968,LOAD,37275948,2682.695018246082
8969,LOAD,34209984,2923.123261326284
8970,LOAD,38394705,2604.525806357934
8971,LOAD,36524280,2737.9047581499212
8972,LOAD,37397382,2673.9839703217726
8973,LOAD,37629771,2657.4703311375456
8974,LOAD,36208211,2761.804497880329
8975,LOAD,34050159,2936.843848511838
8976,LOAD,38300716,2610.9172476044573
8977,LOAD,37321262,2679.437796074527
8978,LOAD,35814817,2792.140470800116
8979,LOAD,35965957,2780.407038800608
8980,LOAD,38246689,2614.6054106801244
8981,LOAD,35436912,2821.9163114438416
8982,LOAD,37411318,2672.9878909906356
8983,LOAD,33246473,3007.8378539582227
8984,LOAD,36687859,2725.69734854247
8985,LOAD,39774114,2514.1980535380376
8986,LOAD,38934259,2568.4320844529234
8987,LOAD,40134246,2491.6376901661492
8988,LOAD,39476688,2533.140571468407
8989,LOAD,38454595,2600.4694627521103
8990,LOAD,40665170,2459.106896639065
8991,LOAD,37378283,2675.3502829437084
8992,LOAD,39459239,2534.260734222472
8993,LOAD,40664099,2459.1716639289116
8994,LOAD,38852815,2573.8160799931743
8995,LOAD,38731808,2581.8572683206526
8996,LOAD,36831351,2715.078249505428
8997,LOAD,39986466,2500.8461612986757
8998,LOAD,39772607,2514.2933175087064
8999,LOAD,39537828,2529.223405999945
9000,LOAD,39039386,2561.515695969194
9001,LOAD,39265763,2546.747913697742
9002,LOAD,36004124,2777.459604349768
9003,LOAD,39245886,2548.037773946548
9004,LOAD,39415089,2537.0994341786213
9005,LOAD,38073667,2626.487225409625
9006,LOAD,37832494,2643.2304462930724
9007,LOAD,35078591,2850.741638967198
9008,LOAD,33273711,3005.3756252195617
9009,LOAD,39104162,2557.2725481241614
9010,LOAD,33640982,2972.5648317876094
9011,LOAD,34690647,2882.621359007804
9012,LOAD,39157284,2553.8032719531825
9013,LOAD,35083918,2850.308793903805
9014,LOAD,34353170,2910.939514461111
9015,LOAD,37904361,2638.218858246944
9016,LOAD,32985255,3031.657630053186
9017,LOAD,38071682,2626.6241664867866
9018,LOAD,35477784,2818.6653371586003
9019,LOAD,37904388,2638.216978994622
9020,LOAD,37357145,2676.8640911932644
9021,LOAD,34022908,2939.1961439627676
9022,LOAD,33927543,2947.4577631513134
9023,LOAD,32529016,3074.1784504025577
9024,LOAD,36039173,2774.7584551954064
9025,LOAD,34588013,2891.175043793351
9026,LOAD,32745381,3053.8658261450673
9027,LOAD,36635904,2729.5627808174186
9028,LOAD,34002733,2940.940070905477
9029,LOAD,36519103,2738.292887423878
9030,LOAD,39629779,2523.3549750555007
9031,LOAD,40699511,2457.03197760779
9032,LOAD,39768582,2514.5477905146327
9033,LOAD,36520147,2738.2146079532486
9034,LOAD,39778400,2513.9271564467144
9035,LOAD,40085279,2494.6814016187836
9036,LOAD,40250483,2484.4422363826047
9037,LOAD,38175634,2619.4718861774504
9038,LOAD,35082985,2850.3845952674783
9039,LOAD,37184158,2689.3173162614034
9040,LOAD,34023295,2939.1627119007726
9041,LOAD,39240240,2548.404393041429
9042,LOAD,38351357,2607.4696652845946
9043,LOAD,38199534,2617.832981941612
9044,LOAD,36255993,2758.164698454129
9045,LOAD,39873766,2507.914602297661
9046,LOAD,39300126,2544.521104079921
9047,LOAD,38523883,2595.792329656904
9048,LOAD,35037694,2854.0691062602464
9049,LOAD,31984825,3126.482636687867
9050,LOAD,36738825,2721.916120071886
9051,LOAD,38274290,2612.719922433571
9052,LOAD,36570112,2734.4734410438773
9053,LOAD,32046829,3120.4335380576968
9054,LOAD,34493547,2899.0929810726625
9055,LOAD,33010566,3029.333092925459
9056,LOAD,35440097,2821.662705945754
9057,LOAD,31946426,3130.2406097007533
9058,LOAD,31484308,3176.1854190983013
9059,LOAD,37422179,2672.2121125015196
9060,LOAD,40717704,2455.9341558158585
9061,LOAD,40028995,2498.1891251579013
9062,LOAD,39054041,2560.5544890988363
9063,LOAD,39113078,2556.6896064789375
9064,LOAD,35514191,2815.7758119845666
9065,LOAD,36992811,2703.2279325839827
9066,LOAD,34121785,2930.679036867503
9067,LOAD,38910515,2569.999394765143
9068,LOAD,35181663,2842.389798344666
9069,LOAD,38920225,2569.3582192805925
9070,LOAD,40021812,2498.637492975081
9071,LOAD,40052697,2496.710770812762
9072,LOAD,41050147,2436.044869705339
9073,LOAD,37328775,2678.898517296643
9074,LOAD,39071263,2559.4258368356304
9075,LOAD,37539578,2663.8551983722355
9076,LOAD,37178949,2689.694106199721
9077,LOAD,40405510,2474.909981336704
9078,LOAD,36206590,2761.928146229733
9079,LOAD,39590755,2525.8422073537117
9080,LOAD,39130334,2555.5621375478163
9081,LOAD,36397071,2747.4738283198667
9082,LOAD,39524303,2530.0888923961543
9083,LOAD,41148992,2430.193186749265
9084,LOAD,37533654,2664.2756391370795
9085,LOAD,38841440,2574.5698408709873
9086,LOAD,38137053,2622.1218508939323
9087,LOAD,38746584,2580.872677704956
9088,LOAD,37967412,2633.8376711059473
9089,LOAD,34990596,2857.9107369305743
9090,LOAD,39828433,2510.7691281753414
9091,LOAD,37405350,2673.414364522722
9092,LOAD,38907962,2570.1680288471543
9093,LOAD,38923990,2569.1096930196522
9094,LOAD,37697710,2652.681024921673
9095,LOAD,39427558,2536.297074244365
9096,LOAD,35081568,2850.499726808106
9097,LOAD,33608575,2975.431121373042
9098,LOAD,37443165,2670.7144014134487
9099,LOAD,38894843,2571.034931288963
9100,LOAD,33123433,3019.0107408250833
9101,LOAD,38033225,2629.280057107963
9102,LOAD,38334434,2608.620750732879
9103,LOAD,39694282,2519.254536459433
9104,LOAD,39079571,2558.8817236504465
9105,LOAD,35060239,2852.233836740246
9106,LOAD,35643827,2805.5348826600466
9107,LOAD,34289997,2916.3023840451197
9108,LOAD,37845580,2642.3164871564923
9109,LOAD,38521954,2595.922314844154
9110,LOAD,35510251,2816.0882332259494
9111,LOAD,37525506,2664.854139475161
9112,LOAD,32783582,3050.3073154117205
9113,LOAD,39034089,2561.863298513256
9114,LOAD,36461215,2742.640364562728
9115,LOAD,35451959,2820.718595550672
9116,LOAD,36517668,2738.400491510027
9117,LOAD,39311485,2543.7858681756743
9118,LOAD,39033986,2561.8700585689608
9119,LOAD,38760889,2579.920187073109
9120,LOAD,37666719,2654.8635680214143
9121,LOAD,38898519,2570.791962542327
9122,LOAD,40587769,2463.796421035115
9123,LOAD,38383019,2605.3187739088476
9124,LOAD,34131496,2929.845208074091
9125,LOAD,35161267,2844.0385837063263
9126,LOAD,33584377,2977.5749599285405
9127,LOAD,36608762,2731.586498336109
9128,LOAD,37118661,2694.0626980051893
9129,LOAD,36795064,2717.755838120026
9130,LOAD,32473487,3079.4352328100767
9131,LOAD,34483013,2899.9786068578173
9132,LOAD,34286548,2916.5957447801393
9133,LOAD,36313406,2753.80392574577
9134,LOAD,31993351,3125.6494513500634
9135,LOAD,36782270,2718.7011568345292
9136,LOAD,31311702,3193.694165842534
9137,LOAD,36429500,2745.028067911994
9138,LOAD,34280460,2917.11371434339
9139,LOAD,39015883,2563.058742000021
9140,LOAD,37257274,2684.039632099761
9141,LOAD,34079139,2934.3464340457663
9142,LOAD,32794265,3049.31365285973
9143,LOAD,36524698,2737.873424716612
9144,LOAD,31989407,3126.034815212423
9145,LOAD,36581690,2733.6079880399184
9146,LOAD,32711057,3057.070274433504
9147,LOAD,37266088,2683.4048156597496
9148,LOAD,35503249,2816.6436260523647
9149,LOAD,39327676,2542.73860474237
9150,LOAD,36691115,2725.455467897337
9151,LOAD,33532727,2982.1612778465646
9152,LOAD,33885748,2951.093185252986
9153,LOAD,32571532,3070.165689473863
9154,LOAD,33830935,2955.874556822033
9155,LOAD,32696182,3058.461076586863
9156,LOAD,32690971,3058.9486008231447
9157,LOAD,37444947,2670.587302473682
9158,LOAD,37241058,2685.2083525661383
9159,LOAD,38047994,2628.2594556759027
9160,LOAD,35208872,2840.1932331146536
9161,LOAD,36443826,2743.949002500451
9162,LOAD,40553997,2465.8481875411685
9163,LOAD,34182229,2925.496754468528
9164,LOAD,37306251,2680.5159274782127
9165,LOAD,36027060,2775.6913830881563
9166,LOAD,31042740,3221.3651243414724
9167,LOAD,38670949,2585.9205058557004
9168,LOAD,31352525,3189.535771042364
9169,LOAD,34976478,2859.064311735447
9170,LOAD,31577542,3166.8076001608993
9171,LOAD,32934653,3036.3155792168204
9172,LOAD,38419284,2602.8595431398458
9173,LOAD,40892185,2445.4550423265473
9174,LOAD,34127862,2930.1571835938626
9175,LOAD,36609257,2731.54956408976
9176,LOAD,32475481,3079.246154968421
9177,LOAD,36649104,2728.5796673228356
9178,LOAD,32981486,3032.0040764688406
9179,LOAD,36817963,2716.065524863502
9180,LOAD,36950134,2706.350131233624
9181,LOAD,36707674,2724.226002442977
9182,LOAD,31517172,3172.8735052751563
9183,LOAD,31374166,3187.335720732784
9184,LOAD,36586847,2733.222679724219
9185,LOAD,33694847,2967.8128528080274
9186,LOAD,37435443,2671.2653033116235
9187,LOAD,39046832,2561.027230070803
9188,LOAD,36697335,2724.993517921669
9189,LOAD,37102215,2695.256873477769
9190,LOAD,36621475,2730.638238902174
9191,LOAD,32241754,3101.568233539652
9192,LOAD,35789922,2794.082647064724
9193,LOAD,30529562,3275.513746315784
9194,LOAD,38054582,2627.804452036814
9195,LOAD,34427598,2904.646440916383
9196,LOAD,36618755,2730.8410676441617
9197,LOAD,36201351,2762.3278479303162
9198,LOAD,36734998,2722.1996854334934
9199,LOAD,34065371,2935.53239153039
9200,LOAD,36992578,2703.244959029349
9201,LOAD,38258348,2613.8086255057324
9202,LOAD,37065375,2697.9357419154667
9203,LOAD,32199949,3105.5949809113054
9204,LOAD,38729771,2581.993061616605
9205,LOAD,38809511,2576.687967029525
9206,LOAD,38316986,2609.8086107294557
9207,LOAD,37269927,2683.128410742527
9208,LOAD,36539355,2736.7751839078715
9209,LOAD,36414620,2746.149760727971
9210,LOAD,37119182,2694.0248844923362
9211,LOAD,36981793,2704.0333063353632
9212,LOAD,38599543,2590.704247457023
9213,LOAD,37468073,2668.9389657162246
9214,LOAD,37078677,2696.9678556761883
9215,LOAD,36413805,2746.2112240124316
9216,LOAD,37318002,2679.671864533369
9217,LOAD,37208024,2687.592332234574
9218,LOAD,38750842,2580.5890875867935
9219,LOAD,35750105,2797.1945816662637
9220,LOAD,39821012,2511.2370323486507
9221,LOAD,40007620,2499.523840708345
9222,LOAD,37191521,2688.78489804168
9223,LOAD,34777364,2875.433572251192
9224,LOAD,36806979,2716.876057662869
9225,LOAD,37310291,2680.2256782183767
9226,LOAD,38114290,2623.6878609046635
9227,LOAD,34311004,2914.5168704477433
9228,LOAD,32228299,3102.863107978488
9229,LOAD,36007928,2777.1661840692414
9230,LOAD,36217754,2761.0767912333827
9231,LOAD,32966704,3033.3636022575993
9232,LOAD,36086507,2771.118856141992
9233,LOAD,32782408,3050.4165526827683
9234,LOAD,38907343,2570.208919174974
9235,LOAD,37756396,2648.5578761277957
9236,LOAD,39751830,2515.60745756862
9237,LOAD,39925830,2504.64423657567
9238,LOAD,37495796,2666.9656512959477
9239,LOAD,34744021,2878.19305658375
9240,LOAD,36721820,2723.1765745815433
9241,LOAD,38882273,2571.8661046384814
9242,LOAD,37884756,2639.58411135075
9243,LOAD,38846102,2574.2608614887536
9244,LOAD,38522246,2595.9026376603274
9245,LOAD,39261124,2547.0488313070205
9246,LOAD,37941575,2635.631230385138
9247,LOAD,36739719,2721.849886766962
9248,LOAD,38304451,2610.662661631673
9249,LOAD,38086622,2625.5938371221264
9250,LOAD,31843228,3140.3851393457976
9251,LOAD,39270224,2546.458609454329
9252,LOAD,38049057,2628.1860283685874
9253,LOAD,39268483,2546.571508759327
9254,LOAD,38988078,2564.886630215524
9255,LOAD,37884345,2639.6127476930114
9256,LOAD,37590577,2660.241155649194
9257,LOAD,33047463,3025.9508876672317
9258,LOAD,35031584,2854.5668959759287
9259,LOAD,31908521,3133.959107662809
9260,LOAD,36711811,2723.9190134205037
9261,LOAD,35982944,2779.0944509709934
9262,LOAD,31808587,3143.805161794832
9263,LOAD,31159773,3209.265998182978
9264,LOAD,31753982,3149.211333558103
9265,LOAD,36167760,2764.8933746518996
9266,LOAD,38204119,2617.5188073306967
9267,LOAD,36151507,2766.136415834615
9268,LOAD,30678181,3259.645674559388
9269,LOAD,31240978,3200.924119597024
9270,LOAD,35919326,2784.016604320471
9271,LOAD,31839739,3140.729262887488
9272,LOAD,38364014,2606.6094126646913
9273,LOAD,38156542,2620.782564625484
9274,LOAD,34557460,2893.7311943644004
9275,LOAD,35432698,2822.251921092771
9276,LOAD,38299461,2611.002802363198
9277,LOAD,39631008,2523.276723115395
9278,LOAD,37270525,2683.085360348425
9279,LOAD,31766825,3147.9381398676137
9280,LOAD,36317782,2753.472114569111
9281,LOAD,32417843,3084.720966783632
9282,LOAD,32535351,3073.5798731662676
9283,LOAD,37340153,2678.082224247983
9284,LOAD,37970067,2633.653503956156
9285,LOAD,37798651,2645.597061122631
9286,LOAD,38851390,2573.910482996876
9287,LOAD,37935385,2636.0612921155275
9288,LOAD,38337616,2608.404236716232
9289,LOAD,39834983,2510.3562865835793
9290,LOAD,36225009,2760.5238138105087
9291,LOAD,39284808,2545.513268131538
9292,LOAD,39180803,2552.2703044141285
9293,LOAD,38781320,2578.561018552231
9294,LOAD,38935219,2568.3687563180265
9295,LOAD,38854875,2573.6796219264634
9296,LOAD,40475436,2470.6342879172444
9297,LOAD,38900267,2570.6764429149034
9298,LOAD,38282172,2612.1819838226525
9299,LOAD,38568026,2592.821317844994
9300,LOAD,36728428,2722.686633906575
9301,LOAD,39647118,2522.25142821226
9302,LOAD,36215235,2761.2688416905203
9303,LOAD,39534826,2529.41545765245
9304,LOAD,38481911,2598.6235454886846
9305,LOAD,38497950,2597.540908022375
9306,LOAD,37190549,2688.8551712425647
9307,LOAD,38931703,2568.600710839698
9308,LOAD,38422262,2602.6578029164443
9309,LOAD,38063296,2627.2028570515804
9310,LOAD,33039977,3026.63648948666
9311,LOAD,37752355,2648.8413769154267
9312,LOAD,39017793,2562.933275082986
9313,LOAD,40552815,2465.9200600500853
9314,LOAD,38286672,2611.874962650188
9315,LOAD,38685791,2584.92840433326
9316,LOAD,37968899,2633.734520455808
9317,LOAD,39303111,2544.3278523168306
9318,LOAD,39061561,2560.061539783318
9319,LOAD,39234933,2548.7490956082424
9320,LOAD,34909520,2864.548123262651
9321,LOAD,37622779,2657.9642083324043
9322,LOAD,37431901,2671.5180722453824
9323,LOAD,34825549,2871.4550917775914
9324,LOAD,39433429,2535.919460618046
9325,LOAD,34492444,2899.1856883206074
9326,LOAD,38802227,2577.171665945875
9327,LOAD,38849287,2574.049814607923
9328,LOAD,39550867,2528.389579930068
9329,LOAD,38451399,2600.6856083441853
9330,LOAD,39414633,2537.1287866615426
9331,LOAD,38605905,2590.277316384631
9332,LOAD,39567858,2527.3038535469873
9333,LOAD,38633042,2588.4578284050217
9334,LOAD,40438140,2472.912948023821
9335,LOAD,40759022,2453.4445404504554
9336,LOAD,35572844,2811.1331216587573
9337,LOAD,37410030,2673.0799200107563
9338,LOAD,38615477,2589.6352387411916
9339,LOAD,35474237,2818.947170026518
9340,LOAD,32566174,3070.6708132186486
9341,LOAD,39212900,2550.181190373576
9342,LOAD,37699421,2652.560632164616
9343,LOAD,37927815,2636.587422713383
9344,LOAD,34618011,2888.6697158886454
9345,LOAD,37216201,2687.0018248235497
9346,LOAD,40761634,2453.287324055753
9347,LOAD,35191484,2841.5965635322455
9348,LOAD,35898729,2785.6139419309243
9349,LOAD,33044446,3026.22716083665
9350,LOAD,36539493,2736.764847831906
9351,LOAD,34069585,2935.1693012990913
9352,LOAD,34024576,2939.052054608998
9353,LOAD,29760899,3360.1135503332744
9354,LOAD,30890619,3237.2287521982
9355,LOAD,37093190,2695.91264596008
9356,LOAD,39199435,2551.057177227172
9357,LOAD,38324128,2609.3222525506644
9358,LOAD,36512675,2738.7749596544213
9359,LOAD,32062396,3118.9184987921676
9360,LOAD,33987003,2942.301208494318
9361,LOAD,35611744,2808.0624189593186
9362,LOAD,37517356,2665.4330331806964
9363,LOAD,40382572,2476.3157730518005
9364,LOAD,38717193,2582.83187006868
9365,LOAD,34847714,2869.6286935780063
9366,LOAD,38529044,2595.444620946214
9367,LOAD,36656646,2728.0182698657154
9368,LOAD,33078930,3023.0723907937772
9369,LOAD,34771050,2875.9557160338845
9370,LOAD,31389711,3185.7572693166876
9371,LOAD,35589744,2809.7982385037667
9372,LOAD,32156970,3109.7457254212695
9373,LOAD,34559841,2893.5318307743373
9374,LOAD,35107311,2848.409552073071
9375,LOAD,39474920,2533.254025593972
9376,LOAD,38464384,2599.807655830391
9377,LOAD,39013066,2563.2438117014435
9378,LOAD,35995595,2778.117711347736
9379,LOAD,39119513,2556.269041488323
9380,LOAD,40800076,2450.9758266136564
9381,LOAD,39804918,2512.252380472182
9382,LOAD,39709529,2518.2872352880336
9383,LOAD,34456855,2902.1801322262286
9384,LOAD,37604835,2659.2325162442544
9385,LOAD,33386776,2995.1978591763395
9386,LOAD,36632926,2729.7846751307825
9387,LOAD,39970596,2501.8391019238243
9388,LOAD,38418381,2602.9207217243224
9389,LOAD,34218388,2922.405345336548
9390,LOAD,33840045,2955.078812690704
9391,LOAD,36942609,2706.9013994111788
9392,LOAD,38051930,2627.9875948473573
9393,LOAD,36261811,2757.7221667169356
9394,LOAD,38217666,2616.5909765394886
9395,LOAD,38995567,2564.394050226273
9396,LOAD,36295268,2755.1800967553127
9397,LOAD,32626966,3064.9494041217317
9398,LOAD,34702990,2881.596081490384
9399,LOAD,33463986,2988.2871693766547
9400,LOAD,38327078,2609.121415412884
9401,LOAD,37534270,2664.231913928258
9402,LOAD,33675913,2969.4814807248135
9403,LOAD,39100006,2557.544364571197
9404,LOAD,34475570,2900.6046890595285
9405,LOAD,37738262,2649.8305618843815
9406,LOAD,35086375,2850.109194808526
9407,LOAD,37914635,2637.503961201262
9408,LOAD,36653917,2728.2213794503873
9409,LOAD,37912923,2637.623060611813
9410,LOAD,39208427,2550.4721217201595
9411,LOAD,40791420,2451.495927329816
9412,LOAD,38044163,2628.5241181413294
9413,LOAD,39032876,2561.9429119186607
9414,LOAD,34033840,2938.252045611074
9415,LOAD,33157393,3015.9186519881105
9416,LOAD,35796441,2793.573808077736
9417,LOAD,33206885,3011.4236851785404
9418,LOAD,37817757,2644.2604726663194
9419,LOAD,38446433,2601.0215303978916
9420,LOAD,37422055,2672.2209670206516
9421,LOAD,39606585,2524.8326761825083
9422,LOAD,38445897,2601.0577929811343
9423,LOAD,39509671,2531.0258847764135
9424,LOAD,38014619,2630.5669405762033
9425,LOAD,36094242,2770.525005068676
9426,LOAD,36398464,2747.3686801728777
9427,LOAD,39681282,2520.0798704033805
9428,LOAD,37118339,2694.086068883632
9429,LOAD,38907969,2570.167566443779
9430,LOAD,36496240,2740.008285785056
9431,LOAD,35754817,2796.825949353901
9432,LOAD,37465023,2669.1562420767764
9433,LOAD,37750964,2648.938978088083
9434,LOAD,37713225,2651.589727476237
9435,LOAD,33663113,2970.610590886232
9436,LOAD,36259264,2757.9158804767794
9437,LOAD,36889749,2710.780168225054
9438,LOAD,38949654,2567.4169018292177
9439,LOAD,37745656,2649.311486333686
9440,LOAD,39182820,2552.1389221092304
9441,LOAD,35721533,2799.431928075427
9442,LOAD,35385934,2825.981645701368
9443,LOAD,36279724,2756.3605500416706
9444,LOAD,48064867,2080.5217249430857
9445,LOAD,37139595,2692.5441701774075
9446,LOAD,33022326,3028.2542786356116
9447,LOAD,35343236,2829.395701061442
9448,LOAD,34674285,2883.9816019277687
9449,LOAD,38877722,2572.167165555636
9450,LOAD,37518473,2665.353677906881
9451,LOAD,35177733,2842.7073455813656
9452,LOAD,36855759,2713.28016877905
9453,LOAD,31793108,3145.3357752881534
9454,LOAD,36846973,2713.927138601046
9455,LOAD,35340587,2829.6077821231434
9456,LOAD,36531833,2737.3386930789925
9457,LOAD,37822162,2643.9525059408293
9458,LOAD,38024223,2629.9025229259782
9459,LOAD,38530958,2595.31569394148
9460,LOAD,38156942,2620.7550909084907
9461,LOAD,35890096,2786.283993221974
9462,LOAD,35446180,2821.178473956855
9463,LOAD,36269392,2757.145749782627
9464,LOAD,37871477,2640.509637371682
9465,LOAD,35426028,2822.7832936845193
9466,LOAD,38985833,2565.0343292651974
9467,LOAD,35208066,2840.258252185735
9468,LOAD,37363896,2676.3804288503534
9469,LOAD,38350751,2607.5108672578535
9470,LOAD,37635465,2657.0682732364276
9471,LOAD,35943364,2782.154725417465
9472,LOAD,35092005,2849.6519363883594
9473,LOAD,36597529,2732.424913168318
9474,LOAD,38520357,2596.029938144135
9475,LOAD,39202600,2550.8512190517977
9476,LOAD,33105270,3020.6671022468627
9477,LOAD,36763633,2720.0793784444536
9478,LOAD,36667950,2727.177276068065
9479,LOAD,36941634,2706.972842619793
9480,LOAD,35313391,2831.786955832137
9481,LOAD,36368253,2749.650911194442
9482,LOAD,37831532,2643.2976597405573
9483,LOAD,35814823,2792.14000303729
9484,LOAD,41566979,2405.7557803274567
9485,LOAD,38451215,2600.6980533645037
9486,LOAD,33696070,2967.7051359401853
9487,LOAD,37315668,2679.8394711840615
9488,LOAD,37401850,2673.664537984084
9489,LOAD,38415697,2603.102580697677
9490,LOAD,36169353,2764.771600973896
9491,LOAD,38975464,2565.7167288630612
9492,LOAD,38165270,2620.183218931767
9493,LOAD,34829829,2871.102238256754
9494,LOAD,36430843,2744.926874187347
9495,LOAD,39133023,2555.386533772257
9496,LOAD,36502453,2739.5419151693723
9497,LOAD,35886122,2786.5925440480864
9498,LOAD,41797327,2392.4974915261923
9499,LOAD,38102908,2624.471602010009
9500,LOAD,33121759,3019.163324025152
9501,LOAD,36673887,2726.7357834199574
9502,LOAD,38250134,2614.369926128886
9503,LOAD,35880484,2787.030409065831
9504,LOAD,35453988,2820.5571683501444
9505,LOAD,39237505,2548.5820263036603
9506,LOAD,34933336,2862.5952013286105
9507,LOAD,36923282,2708.3182908821595
9508,LOAD,34480775,2900.166832097016
9509,LOAD,34324155,2913.400198781296
9510,LOAD,33662560,2970.6593913237734
9511,LOAD,37176488,2689.8721579079765
9512,LOAD,37372061,2675.7956966836805
9513,LOAD,38291244,2611.5631030425648
9514,LOAD,37990589,2632.2308401167456
9515,LOAD,39177495,2552.4858084979655
9516,LOAD,38257134,2613.891568563395
9517,LOAD,37393028,2674.2953258559323
9518,LOAD,34145428,2928.6497741366725
9519,LOAD,36294676,2755.2250363111107
9520,LOAD,37897615,2638.6884768342284
9521,LOAD,37594810,2659.9416249210994
9522,LOAD,34658872,2885.2641251567566
9523,LOAD,33614360,2974.9190524525825
9524,LOAD,36441310,2744.138451663785
9525,LOAD,33334922,2999.857026814102
9526,LOAD,37457878,2669.6653772004915
9527,LOAD,37931821,2636.3089712987944
9528,LOAD,36588812,2733.0758921606966
9529,LOAD,36984192,2703.8579077244676
9530,LOAD,33644739,2972.232895015176
9531,LOAD,33909515,2949.0247796230647
9532,LOAD,31362113,3188.560668727901
9533,LOAD,30902491,3235.9850861213745
9534,LOAD,36429858,2745.0010922359347
9535,LOAD,39893921,2506.6475666806477
9536,LOAD,35610269,2808.1787306914193
9537,LOAD,34666791,2884.6050388684666
9538,LOAD,35735982,2798.3000439165207
9539,LOAD,35275838,2834.801543197925
9540,LOAD,38483721,2598.5013247549527
9541,LOAD,36105391,2769.669493400584
9542,LOAD,37282421,2682.2292468614096
9543,LOAD,37685579,2653.5349237967125
9544,LOAD,36540160,2736.7148912320035
9545,LOAD,35099728,2849.0249269168125
9546,LOAD,36031498,2775.3495011503546
9547,LOAD,37395269,2674.1350623791473
9548,LOAD,39689396,2519.5646716316874
9549,LOAD,38379284,2605.5723186498217
9550,LOAD,39724112,2517.362754389576
9551,LOAD,38121005,2623.22569932246
9552,LOAD,38521577,2595.947720416534
9553,LOAD,40190101,2488.174886646839
9554,LOAD,29044651,3442.9747494641956
9555,LOAD,36642491,2729.072103749715
9556,LOAD,33237675,3008.634027500419
9557,LOAD,36800294,2717.3695949276926
9558,LOAD,35382876,2826.2258839558435
9559,LOAD,32348637,3091.3203545484776
9560,LOAD,34275287,2917.553979927287
9561,LOAD,36138868,2767.103828487378
9562,LOAD,36723580,2723.046064681058
9563,LOAD,38539706,2594.726591842709
9564,LOAD,37405890,2673.375770500314
9565,LOAD,34731202,2879.2553738854185
9566,LOAD,38761018,2579.911600876943
9567,LOAD,37435617,2671.2528873238552
9568,LOAD,36165027,2765.102318325381
9569,LOAD,37327013,2679.024973147463
9570,LOAD,34834205,2870.741559912161
9571,LOAD,35721525,2799.4325550210974
9572,LOAD,36957163,2705.8354019219496
9573,LOAD,36485637,2740.804552761406
9574,LOAD,32789179,3049.7866384516674
9575,LOAD,36125625,2768.1181986470824
9576,LOAD,34071476,2935.0063965529407
9577,LOAD,33654120,2971.4043926865415
9578,LOAD,34087085,2933.662412024965
9579,LOAD,35356694,2828.3187336463075
9580,LOAD,30019727,3331.1428848103783
9581,LOAD,37636924,2656.965271657163
9582,LOAD,32656761,3062.153040835862
9583,LOAD,34501658,2898.411432865052
9584,LOAD,35963748,2780.5778196421575
9585,LOAD,38473203,2599.211716269113
9586,LOAD,32330170,3093.0861173943717
9587,LOAD,37812472,2644.630057511183
9588,LOAD,33279381,3004.8635820479954
9589,LOAD,36411680,2746.3714939821507
9590,LOAD,37978833,2633.045623071146
9591,LOAD,37452388,2670.056713072608
9592,LOAD,36189720,2763.215631400298
9593,LOAD,36386539,2748.269078298433
9594,LOAD,36686295,2725.813549719316
9595,LOAD,38222289,2616.274498892518
9596,LOAD,36414860,2746.131661634838
9597,LOAD,39284675,2545.5218860789864
9598,LOAD,36858750,2713.0599925390848
9599,LOAD,33974709,2943.365901971375
9600,LOAD,36414244,2746.1781164535505
9601,LOAD,40710380,2456.375990595028
9602,LOAD,37998223,2631.7020140652367
9603,LOAD,36705141,2724.413999662881
9604,LOAD,35847512,2789.593877533258
9605,LOAD,35571950,2811.20377151098
9606,LOAD,33970866,2943.698874205915
9607,LOAD,35441874,2821.5212322012094
9608,LOAD,37486470,2667.629147262999
9609,LOAD,39150168,2554.267455506193
9610,LOAD,35657506,2804.4586180536576
9611,LOAD,43245831,2312.361623944745
9612,LOAD,34137953,2929.291044486469
9613,LOAD,31758084,3148.80456894062
9614,LOAD,36939019,2707.164475591515
9615,LOAD,37652108,2655.8937948441026
9616,LOAD,35072436,2851.241926851046
9617,LOAD,33190034,3012.9526230675147
9618,LOAD,36486056,2740.773077802654
9619,LOAD,32762218,3052.296398247518
9620,LOAD,37021893,2701.104451898232
9621,LOAD,36026325,2775.748012043971
9622,LOAD,31580529,3166.5080721098752
9623,LOAD,38178210,2619.2951424385797
9624,LOAD,37161432,2690.9619629297385
9625,LOAD,37049252,2699.1098227840066
9626,LOAD,34965363,2859.97316830373
9627,LOAD,38325986,2609.195755589954
9628,LOAD,37629095,2657.5180721194597
9629,LOAD,38652049,2587.1849639847037
9630,LOAD,37919862,2637.1403988759243
9631,LOAD,41778190,2393.5934036395547
9632,LOAD,38284702,2612.0093608146667
9633,LOAD,37997083,2631.7809711866566
9634,LOAD,37475847,2668.385320283755
9635,LOAD,32479143,3078.898972180393
9636,LOAD,37831539,2643.2971706490716
9637,LOAD,39845535,2509.6914873899923
9638,LOAD,38819297,2576.038406877899
9639,LOAD,38070086,2626.7342816089254
9640,LOAD,41459617,2411.985619645256
9641,LOAD,38663569,2586.4140995364396
9642,LOAD,40050785,2496.8299622591667
9643,LOAD,38453914,2600.515515793789
9644,LOAD,37482126,2667.938312784072
9645,LOAD,37510412,2665.9264632977106
9646,LOAD,40639133,2460.682416625374
9647,LOAD,39117426,2556.4054240174187
9648,LOAD,40757213,2453.553436050694
9649,LOAD,35529687,2814.5477329986047
9650,LOAD,36044584,2774.3419094530263
9651,LOAD,35836719,2790.434023829023
9652,LOAD,38508344,2596.8397913968984
9653,LOAD,39225680,2549.350323563543
9654,LOAD,35403792,2824.5561944325063
9655,LOAD,37526866,2664.7575632881253
9656,LOAD,39436864,2535.698578872803
9657,LOAD,38947598,2567.552432886875
9658,LOAD,38075280,2626.3759583645874
9659,LOAD,36285581,2755.915634918454
9660,LOAD,33520292,2983.267568194215
9661,LOAD,37043037,2699.562673546448
9662,LOAD,37962413,2634.184502444563
9663,LOAD,35452795,2820.6520811687765
9664,LOAD,38781866,2578.524715649319
9665,LOAD,36770532,2719.569028808177
9666,LOAD,38073319,2626.5112321833567
9667,LOAD,38805688,2576.941813272322
9668,LOAD,37029827,2700.525714041278
9669,LOAD,39236080,2548.6745872676374
9670,LOAD,39813176,2511.731292173224
9671,LOAD,39148461,2554.378829860004
9672,LOAD,40163766,2489.8063592940957
9673,LOAD,37561111,2662.328065855134
9674,LOAD,40039699,2497.521272575001
9675,LOAD,37783067,2646.6882638193456
9676,LOAD,37412971,2672.86979160249
9677,LOAD,40408543,2474.7242185891237
9678,LOAD,38978686,2565.504645282296
9679,LOAD,34837710,2870.452736416946
9680,LOAD,37390854,2674.450816234366
9681,LOAD,36594007,2732.687896135561
9682,LOAD,32663782,3061.4948385340067
9683,LOAD,37824130,2643.814940356857
9684,LOAD,36441573,2744.118647128652
9685,LOAD,36466158,2742.2685987374925
9686,LOAD,37076256,2697.143961893024
9687,LOAD,38168071,2619.990934307369
9688,LOAD,38003907,2631.308407317174
9689,LOAD,38918817,2569.4511731947046
9690,LOAD,38615268,2589.6492547973507
9691,LOAD,39046087,2561.076094513645
9692,LOAD,38138831,2621.9996097940184
9693,LOAD,38403229,2603.947704501619
9694,LOAD,39358784,2540.72890056766
9695,LOAD,39044661,2561.169630849145
9696,LOAD,39311158,2543.8070280198817
9697,LOAD,36724329,2722.990527614541
9698,LOAD,36295178,2755.1869286878828
9699,LOAD,36150273,2766.2308386993373
9700,LOAD,38086084,2625.6309259833592
9701,LOAD,33383636,2995.4795816728893
9702,LOAD,33301242,3002.891003284502
9703,LOAD,32844866,3044.6158617301103
9704,LOAD,31638036,3160.752456315556
9705,LOAD,35018837,2855.6059700097976
9706,LOAD,29531461,3386.2191917968435
9707,LOAD,31153101,3209.9533205378175
9708,LOAD,39109146,2556.9466538594324
9709,LOAD,34343176,2911.7866093689177
9710,LOAD,34524691,2896.477770068963
9711,LOAD,36839111,2714.5063299708836
9712,LOAD,36509114,2739.042092338916
9713,LOAD,32283757,3097.5329172499964
9714,LOAD,38018468,2630.3006212664855
9715,LOAD,39452873,2534.669655109781
9716,LOAD,34240470,2920.520658740958
9717,LOAD,37932476,2636.2634487661708
9718,LOAD,35468272,2819.4212562709567
9719,LOAD,38099656,2624.6956140496386
9720,LOAD,38281546,2612.2246995980777
9721,LOAD,40260411,2483.8295863397916
9722,LOAD,39014987,2563.117604012017
9723,LOAD,37548711,2663.2072669551826
9724,LOAD,34710656,2880.9596684084563
9725,LOAD,39220523,2549.6855307105416
9726,LOAD,39420359,2536.7602562929474
9727,LOAD,35087476,2850.01976203703
9728,LOAD,36332812,2752.333070173594
9729,LOAD,38537260,2594.891281839965
9730,LOAD,35988725,2778.6480349053763
9731,LOAD,35907010,2784.9715139188697
9732,LOAD,35948512,2781.756307465522
9733,LOAD,32262040,3099.6180030773007
9734,LOAD,38408944,2603.560254090818
9735,LOAD,38723604,2582.4042617520827
9736,LOAD,35633736,2806.3293728168164
9737,LOAD,36438886,2744.3209981776063
9738,LOAD,34230341,2921.384861459604
9739,LOAD,35644307,2805.4971022441255
9740,LOAD,36515597,2738.5558012374822
9741,LOAD,33874374,2952.0840739374257
9742,LOAD,40065779,2495.895562145441
9743,LOAD,35590339,2809.751264240557
9744,LOAD,37935840,2636.0296753676735
9745,LOAD,38193044,2618.2778204324327
9746,LOAD,36444333,2743.9108297029334
9747,LOAD,31119316,3213.438238809619
9748,LOAD,29997836,3333.5737951230885
9749,LOAD,29339021,3408.4300222560255
9750,LOAD,36452015,2743.3325702296565
9751,LOAD,30824322,3244.191388864936
9752,LOAD,35807619,2792.701743168123
9753,LOAD,32960627,3033.9228680328197
9754,LOAD,35180864,2842.454352457063
9755,LOAD,31718514,3152.7328171805275
9756,LOAD,40400721,2475.2033509500984
9757,LOAD,39519955,2530.3672537076523
9758,LOAD,41252839,2424.075589076427
9759,LOAD,38053706,2627.8649443499667
9760,LOAD,37351508,2677.2680771014657
9761,LOAD,38022576,2630.0164407587745
9762,LOAD,38873443,2572.450297237628
9763,LOAD,41255260,2423.93333601582
9764,LOAD,39258901,2547.1930556588936
9765,LOAD,37077981,2697.0184811303507
9766,LOAD,36030169,2775.4518720131455
9767,LOAD,40782412,2452.037412598352
9768,LOAD,38229467,2615.7832647784494
9769,LOAD,38068189,2626.8651760660327
9770,LOAD,41355520,2418.056888173574
9771,LOAD,34533595,2895.7309541621717
9772,LOAD,37024489,2700.9150619202333
9773,LOAD,35297863,2833.0326966252883
9774,LOAD,33778990,2960.4200717665035
9775,LOAD,34165073,2926.9657933995923
9776,LOAD,32371630,3089.124644016999
9777,LOAD,35114143,2847.85534990844
9778,LOAD,32254274,3100.3643114087763
9779,LOAD,34423613,2904.982693129858
9780,LOAD,36579694,2733.7571495267293
9781,LOAD,37112612,2694.501804400078
9782,LOAD,33433314,2991.028648850066
9783,LOAD,27942446,3578.784763509966
9784,LOAD,38137327,2622.1030120962596
9785,LOAD,39045228,2561.132438514637
9786,LOAD,34848875,2869.533091096915
9787,LOAD,37198581,2688.2745876784925
9788,LOAD,37625633,2657.7625949841163
9789,LOAD,32578944,3069.4671994279497
9790,LOAD,38771874,2579.1892339276665
9791,LOAD,37703268,2652.289981865763
9792,LOAD,37889989,2639.2195574403568
9793,LOAD,37476693,2668.3250840729197
9794,LOAD,35535538,2814.0843118795615
9795,LOAD,34172748,2926.3084139443513
9796,LOAD,37089522,2696.1792605469545
9797,LOAD,35713406,2800.068971298901
9798,LOAD,34802171,2873.3839621671877
9799,LOAD,37065131,2697.9535024441166
9800,LOAD,38344114,2607.962202490844
9801,LOAD,39153257,2554.0659363281065
9802,LOAD,40609750,2462.4628322016265
9803,LOAD,30513951,3277.1895058755254
9804,LOAD,34368648,2909.6285661280594
9805,LOAD,33447400,2989.7690104462527
9806,LOAD,35246185,2837.1864926658022
9807,LOAD,33575152,2978.393068778959
9808,LOAD,34253706,2919.39213818207
9809,LOAD,38771645,2579.204467594811
9810,LOAD,37988853,2632.3511267897456
9811,LOAD,33621880,2974.2536705264547
9812,LOAD,36849773,2713.720923056975
9813,LOAD,38676979,2585.517343533992
9814,LOAD,38784839,2578.3270622832806
9815,LOAD,37225229,2686.3501632186067
9816,LOAD,31559374,3168.6306578831377
9817,LOAD,33668245,2970.1577851771012
9818,LOAD,33222050,3010.0490487492493
9819,LOAD,31279096,3197.0233410837704
9820,LOAD,33557411,2979.9676739066667
9821,LOAD,30760150,3250.9594394045544
9822,LOAD,34697387,2882.0614071025
9823,LOAD,36066016,2772.6932744664673
9824,LOAD,36560267,2735.2097838891605
9825,LOAD,36035258,2775.0599149310933
9826,LOAD,34131787,2929.8202288675952
9827,LOAD,36494509,2740.1382492911466
9828,LOAD,37880238,2639.898936221045
9829,LOAD,35603437,2808.717596562377
9830,LOAD,33261440,3006.4843855226954
9831,LOAD,36648191,2728.6476432083646
9832,LOAD,36853855,2713.420346392528
9833,LOAD,35379956,2826.4591397456797
9834,LOAD,36847793,2713.8667436608757
9835,LOAD,37101494,2695.3092508889267
9836,LOAD,39317206,2543.415724911887
9837,LOAD,34971665,2859.457792472849
9838,LOAD,36538835,2736.8141321418707
9839,LOAD,30744628,3252.600747031319
9840,LOAD,32984703,3031.7083649351034
9841,LOAD,35792401,2793.889127471499
9842,LOAD,34872945,2867.552482303975
9843,LOAD,38135404,2622.23523317073
9844,LOAD,36599010,2732.3143440218737
9845,LOAD,36587314,2733.1877929054863
9846,LOAD,36055048,2773.5367319438874
9847,LOAD,37243365,2685.042020236356
9848,LOAD,38362594,2606.7058968952933
9849,LOAD,40245159,2484.770901265417
9850,LOAD,40571074,2464.8102734475306
9851,LOAD,36820330,2715.890922216069
9852,LOAD,38842591,2574.493550134181
9853,LOAD,37423206,2672.1387793445597
9854,LOAD,39370500,2539.9728222908016
9855,LOAD,43067043,2321.961133946438
9856,LOAD,39709591,2518.283303396401
9857,LOAD,36693870,2725.250838900339
9858,LOAD,39467648,2533.7207831589053
9859,LOAD,37812240,2644.646283848828
9860,LOAD,36607202,2731.7029037073085
9861,LOAD,38536493,2594.942928511943
9862,LOAD,33416403,2992.542315221659
9863,LOAD,35198699,2841.0140954357435
9864,LOAD,31475266,3177.097852008622
9865,LOAD,35917894,2784.127599463376
9866,LOAD,31867202,3138.022597653851
9867,LOAD,36306694,2754.3130200728274
9868,LOAD,33230748,3009.261181842792
9869,LOAD,37426154,2671.928299124724
9870,LOAD,38050689,2628.073305058944
9871,LOAD,37883435,2639.6761539707263
9872,LOAD,40686192,2457.8363096747908
9873,LOAD,38221215,2616.3480151010376
9874,LOAD,39732008,2516.8624752114215
9875,LOAD,38318291,2609.719728888744
9876,LOAD,40812174,2450.249281011102
9877,LOAD,37900004,2638.5221489686387
9878,LOAD,38487893,2598.2196531257246
9879,LOAD,41558652,2406.237815413262
9880,LOAD,38180589,2619.1319363878856
9881,LOAD,37580655,2660.9435093667207
9882,LOAD,37776740,2647.131541790001
9883,LOAD,37166021,2690.6297017913216
9884,LOAD,39010355,2563.42194271239
9885,LOAD,33257785,3006.8147953930184
9886,LOAD,38262811,2613.503749110331
9887,LOAD,40484842,2470.0602758928885
9888,LOAD,36442872,2744.0208334842546
9889,LOAD,38784894,2578.323406014723
9890,LOAD,39897605,2506.416111944564
9891,LOAD,38885225,2571.6708595616974
9892,LOAD,39585394,2526.1842789792618
9893,LOAD,40268458,2483.3332331722263
9894,LOAD,39671192,2520.720829361517
9895,LOAD,40144375,2491.0090143388707
9896,LOAD,39661381,2521.344377796628
9897,LOAD,36460787,2742.672559426652
9898,LOAD,36227269,2760.351601441445
9899,LOAD,38885743,2571.6366021346175
9900,LOAD,39867503,2508.3085840615604
9901,LOAD,37583615,2660.7339395106087
9902,LOAD,36761996,2720.200502714815
9903,LOAD,39905860,2505.8976300723753
9904,LOAD,37886152,2639.4868499709337
9905,LOAD,35275417,2834.8353755818107
9906,LOAD,38314021,2610.010575501851
9907,LOAD,38380114,2605.515971109414
9908,LOAD,29583822,3380.225854522786
9909,LOAD,34682218,2883.321937483929
9910,LOAD,34742000,2878.3604858672497
9911,LOAD,36878088,2711.6373278354345
9912,LOAD,36929302,2707.8767965882485
9913,LOAD,33703623,2967.040071626721
9914,LOAD,37536844,2664.049220547151
9915,LOAD,38249672,2614.401503887406
9916,LOAD,38407213,2603.6775956641272
9917,LOAD,39671986,2520.670379345264
9918,LOAD,39512480,2530.8459504440116
9919,LOAD,40984363,2439.954965263215
9920,LOAD,38253425,2614.145007930663
9921,LOAD,39921867,2504.8928698650293
9922,LOAD,37814517,2644.4870365526554
9923,LOAD,39303247,2544.3190482455557
9924,LOAD,38930910,2568.653031742643
9925,LOAD,38760420,2579.951404035354
9926,LOAD,40705067,2456.696607329009
9927,LOAD,40113340,2492.9362650928592
9928,LOAD,38390893,2604.7844211386277
9929,LOAD,39564884,2527.493825079836
9930,LOAD,38647858,2587.465520081346
9931,LOAD,33609371,2975.360651646828
9932,LOAD,29118931,3434.19200382047
9933,LOAD,34800299,2873.5385290798795
9934,LOAD,38715160,2582.9674990365534
9935,LOAD,38823513,2575.7586646010113
9936,LOAD,38057517,2627.6017954613276
9937,LOAD,35596592,2809.2576952310487
9938,LOAD,37884484,2639.6030628264593
9939,LOAD,39342523,2541.7790313041187
9940,LOAD,38503980,2597.1341144473895
9941,LOAD,40403463,2475.0353701117156
9942,LOAD,36452086,2743.3272268698147
9943,LOAD,38922581,2569.2026949600286
9944,LOAD,38230101,2615.73988517582
9945,LOAD,37673694,2654.3720400765583
9946,LOAD,36517440,2738.4175889657104
9947,LOAD,35826810,2791.2058036984035
9948,LOAD,38726623,2582.2029460198482
9949,LOAD,34944714,2861.663140239179
9950,LOAD,39793405,2512.979223567322
9951,LOAD,38577694,2592.171527930104
9952,LOAD,38981682,2565.307469287754
9953,LOAD,39206032,2550.627923784789
9954,LOAD,38671498,2585.8837948299806
9955,LOAD,39952619,2502.964824408633
9956,LOAD,39665935,2521.0549051724106
9957,LOAD,39354538,2541.0030223198146
9958,LOAD,40090163,2494.377486068091
9959,LOAD,37967930,2633.801737413654
9960,LOAD,37615854,2658.4535339806457
9961,LOAD,38985145,2565.0795963436844
9962,LOAD,38677905,2585.4554428426254
9963,LOAD,37813170,2644.5812398167095
9964,LOAD,39243716,2548.1786689109667
9965,LOAD,38500937,2597.3393842336877
9966,LOAD,40659968,2459.421512579646
9967,LOAD,37894075,2638.9349786213284
9968,LOAD,41176290,2428.582079638549
9969,LOAD,37672013,2654.490483425985
9970,LOAD,40920533,2443.7609353719804
9971,LOAD,39123641,2555.999325318418
9972,LOAD,37092919,2695.9323422349153
9973,LOAD,40055332,2496.5465271889398
9974,LOAD,40059016,2496.316933995583
9975,LOAD,39449822,2534.865683297633
9976,LOAD,34935534,2862.4150986213635
9977,LOAD,38706726,2583.53031460217
9978,LOAD,38635114,2588.3190094896577
9979,LOAD,40146745,2490.8619615363586
9980,LOAD,40373824,2476.8523288752635
9981,LOAD,35488965,2817.7773006341545
9982,LOAD,40281558,2482.525626243156
9983,LOAD,40283575,2482.401326098788
9984,LOAD,38863101,2573.1348612659604
9985,LOAD,40266201,2483.4724288988673
9986,LOAD,35259240,2836.13600293143
9987,LOAD,35940571,2782.370931168567
9988,LOAD,38923904,2569.115369311362
9989,LOAD,36874100,2711.9305962721805
9990,LOAD,33907589,2949.1922884873943
9991,LOAD,36265909,2757.410547740579
9992,LOAD,38802434,2577.157917464662
9993,LOAD,36840933,2714.372081727681
9994,LOAD,31168427,3208.374936598501
9995,LOAD,37986950,2632.48299745044
9996,LOAD,41481408,2410.7185561300134
9997,LOAD,39181000,2552.2574717337484
9998,LOAD,38989535,2564.7907829626593
9999,LOAD,38115722,2623.5892894800736
10000,LOAD,39928076,2504.503347469084
10001,PUT,0.033219731,30102.591739830765
10002,PUT,0.028129606,35549.733615181096
10003,PUT,0.030241907000000002,33066.69781108711
10004,PUT,0.031889782000000005,31358.00677470921
10005,PUT,0.026582637000000003,37618.54025242115
10006,PUT,0.025500897,39214.30685359813
10007,PUT,0.032013479000000004,31236.84245626662
10008,PUT,0.026989404,37051.57772287228
10009,PUT,0.029268209000000003,34166.76435514042
10010,PUT,0.027044581,36975.984209184084
10011,PUT,0.033041062,30265.371010169103
10012,PUT,0.027008740000000003,37025.05189061022
10013,PUT,0.026393085,37888.712138046765
10014,PUT,0.028372683000000003,35245.1687420608
10015,PUT,0.028562722000000002,35010.668801103755
10016,PUT,0.032741747,30542.047741068916
10017,PUT,0.027421248000000002,36468.0703081056
10018,PUT,0.030285735,33018.84534088408
10019,PUT,0.02592765,38568.86374198973
10020,PUT,0.027091015000000003,36912.60737185373
10020,GET,0.008181877,122221.34358656332
10020,GET,0.006715549,148908.1533021351
10020,GET,0.006318504,158265.31090270734
10020,GET,0.0058778500000000004,170130.23469465875
10020,GET,0.005760038,173609.96576758695
10020,GET,0.005747168,173998.74164110044
10020,GET,0.005820588000000001,171803.9483296189
10020,GET,0.005490444000000001,182134.63246323974
10020,GET,0.005528927,180866.92047118724
10020,GET,0.00534509,187087.58879644683
10020,GET,0.005309633,188336.93402161694
10020,GET,0.005276913,189504.73506006258
10020,GET,0.005317603000000001,188054.65545284218
10020,GET,0.005516592000000001,181271.33563620437
10020,GET,0.005481006,182448.25858610627
10020,GET,0.0050978970000000005,196159.31824436624
10020,GET,0.005071089,197196.30241157275
10020,GET,0.005015641,199376.31102385517
10020,GET,0.005000513000000001,199979.48210513598
10020,GET,0.005011238,199551.48807540172
