height,operation,latency,throughput
1,LOAD,18843,5307010.560951017
2,LOAD,17282,5786367.318597385
3,LOAD,17606368,5679.76314024562
4,LOAD,18576087,5383.265054691013
5,LOAD,12067645,8286.620960427656
6,LOAD,17532072,5703.832382162245
7,LOAD,11194103,8933.274957359245
8,LOAD,16888759,5921.098169498422
9,LOAD,11419165,8757.207729286685
10,LOAD,15766570,6342.533601157385
11,LOAD,10584503,9447.774732550031
12,LOAD,17597596,5682.5943725495235
13,LOAD,11638657,8592.05662646472
14,LOAD,12536021,7977.012801749454
15,LOAD,10462127,9558.285805553689
16,LOAD,10426462,9590.981101739018
17,LOAD,13160995,7598.20970982817
18,LOAD,18511318,5402.10048792852
19,LOAD,11614051,8610.26010648653
20,LOAD,13342714,7494.727084759517
21,LOAD,9453434,10578.16662177998
22,LOAD,20517158,4873.969386988198
23,LOAD,13476887,7420.111187398099
24,LOAD,12429613,8045.302778131548
25,LOAD,13184054,7584.920389434084
26,LOAD,14014416,7135.509606679293
27,LOAD,11859592,8431.993275991283
28,LOAD,13943232,7171.938328215438
29,LOAD,11378633,8788.40191084465
30,LOAD,18698228,5348.100365446394
31,LOAD,12740383,7849.05759897485
32,LOAD,21351702,4683.467388220386
33,LOAD,15929595,6277.623505180139
34,LOAD,20008407,4997.899133099402
35,LOAD,13589266,7358.749177475811
36,LOAD,19592794,5103.917287141385
37,LOAD,16312746,6130.175753364884
38,LOAD,21974984,4550.629024348778
39,LOAD,17300998,5780.013384198993
40,LOAD,21280893,4699.050927985024
41,LOAD,15869663,6301.331036456161
42,LOAD,20979573,4766.541244666895
43,LOAD,16301213,6134.512812022026
44,LOAD,22928790,4361.329141223763
45,LOAD,14151717,7066.280367251549
46,LOAD,14277115,7004.2161879343275
47,LOAD,11644773,8587.543956417185
48,LOAD,18385628,5439.030964838405
49,LOAD,12092331,8269.704162084217
50,LOAD,11670975,8568.264433776954
51,LOAD,10934924,9145.010975842173
52,LOAD,11569019,8643.775241444413
53,LOAD,12861930,7774.882929700287
54,LOAD,21216650,4713.279429127595
55,LOAD,17081446,5854.305308812849
56,LOAD,15856921,6306.394539015488
57,LOAD,14158242,7063.023785015117
58,LOAD,14817765,6748.656089497978
59,LOAD,15844063,6311.512394264022
60,LOAD,16676009,5996.638644174394
61,LOAD,17312030,5776.330101091553
62,LOAD,17131768,5837.10916468166
63,LOAD,16497609,6061.484424803619
64,LOAD,21750320,4597.63350608175
65,LOAD,16064735,6224.814788416989
66,LOAD,15414352,6487.460517315292
67,LOAD,11350810,8809.943959946471
68,LOAD,15130295,6609.256461952658
69,LOAD,14638204,6831.439157426689
70,LOAD,22349971,4474.278736200597
71,LOAD,18217926,5489.099033556289
72,LOAD,19890734,5027.466558046575
73,LOAD,14818301,6748.411980563764
74,LOAD,15283223,6543.122481429474
75,LOAD,16927806,5907.44010180646
76,LOAD,17428622,5737.68826933076
77,LOAD,19660423,5086.3605528731505
78,LOAD,17616318,5676.5551121409135
79,LOAD,15676032,6379.165339800276
80,LOAD,22287054,4486.909754873839
81,LOAD,14669640,6816.799866936067
82,LOAD,21922235,4561.578689399142
83,LOAD,16658022,6003.113695011329
84,LOAD,22520096,4440.478406486367
85,LOAD,18243433,5481.424466546401
86,LOAD,16156540,6189.44402700083
87,LOAD,17145248,5832.519891225837
88,LOAD,20945851,4774.21518944253
89,LOAD,15007648,6663.269287765811
90,LOAD,22141910,4516.322214298586
91,LOAD,14495442,6898.720301181571
92,LOAD,19613953,5098.411319737535
93,LOAD,12376368,8079.914882944658
94,LOAD,22477093,4448.973895334241
95,LOAD,14884800,6718.262925937869
96,LOAD,15321484,6526.782914762043
97,LOAD,16189388,6176.885747626779
98,LOAD,15644412,6392.058710803576
99,LOAD,16281142,6142.075291770074
100,LOAD,15516077,6444.928057523819
101,LOAD,22610286,4422.7658155230765
102,LOAD,24130165,4144.190476940377
103,LOAD,19589975,5104.65174151575
104,LOAD,23936799,4177.6680332236565
105,LOAD,16140285,6195.677461705292
106,LOAD,23056693,4337.135425275428
107,LOAD,18561949,5387.365303072431
108,LOAD,23961117,4173.428141935119
109,LOAD,17324493,5772.174689325685
110,LOAD,16000107,6249.958203404514
111,LOAD,13324992,7504.6949371526825
112,LOAD,23072955,4334.078578144846
113,LOAD,16688890,5992.010253527946
114,LOAD,22564345,4431.770565465118
115,LOAD,17198495,5814.4622538193025
116,LOAD,23341501,4284.214626985642
117,LOAD,16775985,5960.901848684295
118,LOAD,16091959,6214.283792296513
119,LOAD,17442977,5732.966339404105
120,LOAD,15643771,6392.320623972315
121,LOAD,16748404,5970.718165145766
122,LOAD,18490728,5408.115894625674
123,LOAD,17473773,5722.862486539112
124,LOAD,17265502,5791.896464985495
125,LOAD,14887134,6717.209638873405
126,LOAD,24356906,4105.611771872832
127,LOAD,21027465,4755.6850053013995
128,LOAD,20523168,4872.542094865666
129,LOAD,16583606,6030.051606387658
130,LOAD,22415337,4461.231165072379
131,LOAD,14495356,6898.761230838346
132,LOAD,21187722,4719.714559215002
133,LOAD,24152590,4140.342712727704
134,LOAD,18050467,5540.022870322414
135,LOAD,15976071,6259.361265983357
136,LOAD,15278787,6545.022193188504
137,LOAD,16281012,6142.124334777224
138,LOAD,16523931,6051.82870831402
139,LOAD,22959011,4355.588313451307
140,LOAD,16697450,5988.938430718463
141,LOAD,23188578,4312.467974534704
142,LOAD,19346747,5168.827607039055
143,LOAD,17221169,5806.806727232048
144,LOAD,16711040,5984.068017310712
145,LOAD,17118165,5841.747640591149
146,LOAD,16887466,5921.551522294701
147,LOAD,18174467,5502.224631952068
148,LOAD,17663888,5661.26777977759
149,LOAD,17759337,5630.840836006434
150,LOAD,17204729,5812.355428556881
151,LOAD,17489366,5717.760152083272
152,LOAD,17473792,5722.85626382642
153,LOAD,17704308,5648.342764936082
154,LOAD,17248861,5797.484251278968
155,LOAD,21719667,4604.122153438172
156,LOAD,14126287,7079.001014208475
157,LOAD,24125077,4145.064490364113
158,LOAD,20817300,4803.696925153598
159,LOAD,20938300,4775.9369194251685
160,LOAD,15714277,6363.6398925639405
161,LOAD,23738162,4212.626065994495
162,LOAD,20504602,4876.953963797981
163,LOAD,25525504,3917.6503625550354
164,LOAD,17881513,5592.367938887498
165,LOAD,20273640,4932.513352313645
166,LOAD,14272926,7006.2718744565755
167,LOAD,24657029,4055.6386578447873
168,LOAD,20382094,4906.267236330084
169,LOAD,19780863,5055.391162660598
170,LOAD,19392649,5156.593098756132
171,LOAD,22302062,4483.8903236839715
172,LOAD,18168229,5504.113802176315
173,LOAD,24090807,4150.960986902597
174,LOAD,18538968,5394.043508786465
175,LOAD,19864967,5033.98772321142
176,LOAD,18726943,5339.8998437705495
177,LOAD,15942715,6272.457357482712
178,LOAD,16836823,5939.362788336019
179,LOAD,17376027,5755.055514128748
180,LOAD,17773269,5626.426967374432
181,LOAD,17080962,5854.471194303927
182,LOAD,17375710,5755.160508549004
183,LOAD,17533866,5703.248787232661
184,LOAD,17276682,5788.148441928838
185,LOAD,19433780,5145.679327439128
186,LOAD,13827744,7231.8376735930315
187,LOAD,24315095,4112.671572946764
188,LOAD,19531346,5119.9748342996945
189,LOAD,24299159,4115.368766466362
190,LOAD,19614166,5098.355953549083
191,LOAD,26496266,3774.1167000663413
192,LOAD,20956075,4771.885956697521
193,LOAD,24252723,4123.248346175396
194,LOAD,20986134,4765.051057045572
195,LOAD,19801001,5050.249732324139
196,LOAD,16671120,5998.397228260609
197,LOAD,24287092,4117.413480378796
198,LOAD,17606297,5679.78604473161
199,LOAD,18449356,5420.243394945601
200,LOAD,15206140,6576.290893020845
201,LOAD,25344918,3945.5641560963036
202,LOAD,21448048,4662.4289539076
203,LOAD,22385411,4467.19517457151
204,LOAD,17477789,5721.547502375729
205,LOAD,19376510,5160.88810626888
206,LOAD,17697358,5650.560948137004
207,LOAD,25558909,3912.530069260781
208,LOAD,20707108,4829.259595304183
209,LOAD,19969828,5007.554396562655
210,LOAD,17919527,5580.504440770117
211,LOAD,17706134,5647.760262065112
212,LOAD,19041566,5251.668901601895
213,LOAD,25811324,3874.268518732321
214,LOAD,21699043,4608.498172016158
215,LOAD,21134062,4731.69805217757
216,LOAD,13609402,7347.8614269752625
217,LOAD,24126934,4144.745453359304
218,LOAD,19284808,5185.428861931112
219,LOAD,20184372,4954.328031607821
220,LOAD,20031756,4992.073585560846
221,LOAD,23405955,4272.416998152821
222,LOAD,16844231,5936.7506893012805
223,LOAD,24173322,4136.791790553239
224,LOAD,19213735,5204.610139569428
225,LOAD,22753796,4394.871079972765
226,LOAD,18214593,5490.103457156578
227,LOAD,23935636,4177.871020431628
228,LOAD,19636025,5092.680417752575
229,LOAD,25097598,3984.445045298757
230,LOAD,16650301,6005.897430923321
231,LOAD,17976929,5562.685373013377
232,LOAD,14592011,6853.065009339699
233,LOAD,23423426,4269.230299615436
234,LOAD,20260786,4935.642674474721
235,LOAD,25765128,3881.2149506883875
236,LOAD,20518246,4873.7109400091995
237,LOAD,23949554,4175.443100109505
238,LOAD,21627500,4623.742919893654
239,LOAD,22730618,4399.352450514104
240,LOAD,19323450,5175.059319117446
241,LOAD,18967685,5272.12466887762
242,LOAD,15303970,6534.252223442675
243,LOAD,19070076,5243.8175914978
244,LOAD,15134826,6607.277810792143
245,LOAD,26424330,3784.3911274193138
246,LOAD,21646265,4619.73462858373
247,LOAD,20620987,4849.428400299171
248,LOAD,18554012,5389.669899965571
249,LOAD,23184535,4313.219997726933
250,LOAD,21217541,4713.081501763093
251,LOAD,24492860,4082.8225041910173
252,LOAD,23561559,4244.201328103968
253,LOAD,25098279,3984.336934018464
254,LOAD,16669592,5998.947064811185
255,LOAD,25800197,3875.9393968968534
256,LOAD,20726279,4824.792718461428
257,LOAD,19116745,5231.016054249821
258,LOAD,21472331,4657.156225842457
259,LOAD,19003940,5262.066708272075
260,LOAD,17225819,5805.239216782667
261,LOAD,24222397,4128.410578028261
262,LOAD,16251291,6153.357293275962
263,LOAD,24826121,4028.0154922309453
264,LOAD,20591255,4856.4305575352255
265,LOAD,20362791,4910.918154588926
266,LOAD,18098069,5525.451361689471
267,LOAD,17325036,5771.993778252467
268,LOAD,16980561,5889.086938882644
269,LOAD,17132020,5837.023304899248
270,LOAD,22540292,4436.499757855843
271,LOAD,24654402,4056.0707982290546
272,LOAD,20647732,4843.146937397289
273,LOAD,25640744,3900.042838070533
274,LOAD,21114130,4736.16483369194
275,LOAD,20642604,4844.3500635869395
276,LOAD,17172026,5823.424679184623
277,LOAD,25455122,3928.482448443971
278,LOAD,18864033,5301.093355805728
279,LOAD,24273060,4119.793713689169
280,LOAD,20697489,4831.503956832638
281,LOAD,23946133,4176.039613577692
282,LOAD,16936511,5904.403805482723
283,LOAD,18569236,5385.251175654184
284,LOAD,14985039,6673.322638666473
285,LOAD,24693396,4049.6657486884346
286,LOAD,22273592,4489.621611098919
287,LOAD,25256570,3959.365820457806
288,LOAD,18472055,5413.582841757455
289,LOAD,24991874,4001.3005827414145
290,LOAD,21497942,4651.608046947005
291,LOAD,19369572,5162.7366882448405
292,LOAD,21374677,4678.433269424376
293,LOAD,25465955,3926.811305525357
294,LOAD,19305116,5179.974054545955
295,LOAD,20955547,4772.006190055549
296,LOAD,16289662,6138.86279531153
297,LOAD,24504822,4080.8294791939315
298,LOAD,21192635,4718.620407514214
299,LOAD,19424253,5148.2031252373
300,LOAD,20489923,4880.447818178721
301,LOAD,25107923,3982.8065427793454
302,LOAD,19661993,5085.954409606391
303,LOAD,21867568,4572.982235610289
304,LOAD,21457847,4660.299796153827
305,LOAD,22183788,4507.796414210233
306,LOAD,19857572,5035.862390427188
307,LOAD,20753454,4818.475035529025
308,LOAD,14956263,6686.162178346289
309,LOAD,24970182,4004.7765771190616
310,LOAD,20549707,4866.24943119627
311,LOAD,25270931,3957.115786513762
312,LOAD,17166303,5825.366125717343
313,LOAD,24689392,4050.3225028789693
314,LOAD,22682102,4408.762468310918
315,LOAD,20316101,4922.204314696014
316,LOAD,21095355,4740.380050489788
317,LOAD,20847634,4796.707386555232
318,LOAD,20891833,4786.559417739937
319,LOAD,20888671,4787.2839779993665
320,LOAD,20287341,4929.1821929744265
321,LOAD,24044928,4158.8812409835455
322,LOAD,17576447,5689.431999538929
323,LOAD,15101659,6621.78903655552
324,LOAD,15239978,6561.689262281087
325,LOAD,19261553,5191.689372087495
326,LOAD,15774222,6339.4568683007
327,LOAD,25190077,3969.8171625279274
328,LOAD,22281456,4488.037047489177
329,LOAD,23653932,4227.626933230382
330,LOAD,21326590,4688.982157953991
331,LOAD,19133586,5226.411818464139
332,LOAD,20464521,4886.505772600297
333,LOAD,23073459,4333.983907657712
334,LOAD,20410459,4899.448856098728
335,LOAD,24012550,4164.488985967754
336,LOAD,19598945,5102.315456265631
337,LOAD,28062019,3563.5354676368797
338,LOAD,25125807,3979.9716681736827
339,LOAD,26502286,3773.259408641202
340,LOAD,20821136,4802.811911895681
341,LOAD,28074095,3562.0026219901297
342,LOAD,22691876,4406.863495993015
343,LOAD,25790484,3877.3991213193203
344,LOAD,18375850,5441.925135435912
345,LOAD,24230066,4127.103904710784
346,LOAD,19212201,5205.025702156666
347,LOAD,24056903,4156.811040889179
348,LOAD,17761263,5630.230237568128
349,LOAD,25590583,3907.687448933852
350,LOAD,21871368,4572.1877113493765
351,LOAD,22763864,4392.927316733222
352,LOAD,19181013,5213.4889851750795
353,LOAD,20071585,4982.167576701093
354,LOAD,14823779,6745.918162973152
355,LOAD,19352936,5167.174634381057
356,LOAD,14476092,6907.9417290246565
357,LOAD,20399889,4901.987456892535
358,LOAD,17064168,5860.232974733957
359,LOAD,20879184,4789.459204919119
360,LOAD,16187775,6177.501231639308
361,LOAD,25820425,3872.9029440839954
362,LOAD,21010820,4759.452510658794
363,LOAD,20639737,4845.022976794714
364,LOAD,20342371,4915.847813413687
365,LOAD,26039789,3840.276893180663
366,LOAD,21463704,4659.028096921203
367,LOAD,26883605,3719.739223961965
368,LOAD,20159774,4960.37306767427
369,LOAD,24493372,4082.7371584443335
370,LOAD,17599790,5681.88597704859
371,LOAD,25424423,3933.225937910174
372,LOAD,22134623,4517.809045132596
373,LOAD,25283272,3955.184281528119
374,LOAD,24169408,4137.461703654471
375,LOAD,22241779,4496.043234671111
376,LOAD,20255430,4936.947771535831
377,LOAD,22478620,4448.671671125719
378,LOAD,18848628,5305.425943999743
379,LOAD,21658032,4617.224685973315
380,LOAD,19610683,5099.261458665157
381,LOAD,25713996,3888.9327041973565
382,LOAD,24106903,4148.189421096522
383,LOAD,24353631,4106.163881681545
384,LOAD,19538190,5118.181366851279
385,LOAD,17621613,5674.849402265275
386,LOAD,18543175,5392.819730170265
387,LOAD,27186039,3678.358586920294
388,LOAD,22350716,4474.129598353807
389,LOAD,21422092,4668.078169022895
390,LOAD,20725347,4825.00968500069
391,LOAD,20687638,4833.804613170436
392,LOAD,18264465,5475.112465653935
393,LOAD,24266297,4120.941897315442
394,LOAD,24548399,4073.585409785787
395,LOAD,21558138,4638.619531983699
396,LOAD,18410500,5431.683006979712
397,LOAD,17916253,5581.524217145181
398,LOAD,15659573,6385.870163892719
399,LOAD,17735854,5638.2963008152865
400,LOAD,15282014,6543.640124920707
401,LOAD,25654683,3897.923821549461
402,LOAD,21991214,4547.270559960901
403,LOAD,23639077,4230.283610481069
404,LOAD,17593045,5684.064356113453
405,LOAD,26115940,3829.079098818576
406,LOAD,20769875,4814.665471024741
407,LOAD,24611653,4063.115955681644
408,LOAD,18044542,5541.841959746055
409,LOAD,18841886,5307.32433048369
410,LOAD,15380965,6501.542653533117
411,LOAD,26128133,3827.292214105003
412,LOAD,21651611,4618.593969751258
413,LOAD,25323814,3948.8522542457467
414,LOAD,18627419,5368.430269378705
415,LOAD,18678726,5353.6841859557235
416,LOAD,17689188,5653.170739097804
417,LOAD,26433832,3783.030776619901
418,LOAD,22736109,4398.289962455757
419,LOAD,20932417,4777.279183765544
420,LOAD,19419218,5149.537947408593
421,LOAD,26873776,3721.0997070154935
422,LOAD,18086662,5528.9361851291305
423,LOAD,28524295,3505.783403235733
424,LOAD,26539751,3767.932864177965
425,LOAD,25436816,3931.309641898577
426,LOAD,23075153,4333.665739941139
427,LOAD,21302984,4694.178055055573
428,LOAD,20622774,4849.008188714089
429,LOAD,21736394,4600.579102495106
430,LOAD,20060006,4985.043374363896
431,LOAD,20068779,4982.864179230834
432,LOAD,22635917,4417.757849173948
433,LOAD,22545021,4435.569166247395
434,LOAD,18558093,5388.484689671509
435,LOAD,19853625,5036.863545070484
436,LOAD,15927972,6278.2631712310895
437,LOAD,17871885,5595.38067752786
438,LOAD,15839506,6313.328206069053
439,LOAD,22511501,4442.173802626488
440,LOAD,19551119,5114.796754088603
441,LOAD,18757183,5331.290951311826
442,LOAD,22058557,4533.3881087507225
443,LOAD,21330445,4688.13472949111
444,LOAD,21637236,4621.662397174944
445,LOAD,22561820,4432.26654587263
446,LOAD,21329395,4688.365516227722
447,LOAD,24276979,4119.128660942533
448,LOAD,20226445,4944.022540787569
449,LOAD,28126972,3555.3062732810345
450,LOAD,22794189,4387.083041208441
451,LOAD,24367617,4103.807114171238
452,LOAD,18114004,5520.590588364671
453,LOAD,19024947,5256.2564300441945
454,LOAD,16036908,6235.615992808589
455,LOAD,26164021,3822.04249109875
456,LOAD,20826621,4801.54702003748
457,LOAD,21153571,4727.334216998161
458,LOAD,22050626,4535.018643008139
459,LOAD,25468350,3926.442034917849
460,LOAD,18799425,5319.311627882235
461,LOAD,26372779,3791.788495251107
462,LOAD,22585919,4427.537351922674
463,LOAD,28876538,3463.01900871912
464,LOAD,24925129,4012.0153440329236
465,LOAD,22007986,4543.805144187206
466,LOAD,18854623,5303.739035248809
467,LOAD,28195106,3546.7148093005926
468,LOAD,23397411,4273.977150719796
469,LOAD,23760171,4208.723918695703
470,LOAD,22684337,4408.32808999443
471,LOAD,21135108,4731.463875178684
472,LOAD,16855695,5932.7129495402
473,LOAD,17014919,5877.195183826617
474,LOAD,14902034,6710.493346076112
475,LOAD,25753447,3882.975354716594
476,LOAD,21540214,4642.479410835937
477,LOAD,19106051,5233.94394791472
478,LOAD,20602454,4853.790718328992
479,LOAD,26080511,3834.280701018473
480,LOAD,19804374,5049.3895944400965
481,LOAD,20283273,4930.170786539234
482,LOAD,15447748,6473.43548069272
483,LOAD,25595272,3906.9715688116144
484,LOAD,21236325,4708.912676746094
485,LOAD,19621438,5096.466426161019
486,LOAD,24783829,4034.889039946168
487,LOAD,25250086,3960.382550776262
488,LOAD,25973551,3850.0704043124488
489,LOAD,20886606,4787.75728330395
490,LOAD,17197272,5814.875754712724
491,LOAD,27822480,3594.215900236068
492,LOAD,23786103,4204.13549878263
493,LOAD,22402030,4463.881175054225
494,LOAD,19686427,5079.641927913074
495,LOAD,20325090,4920.027414392753
496,LOAD,16238131,6158.34420845601
497,LOAD,26598592,3759.5975004992742
498,LOAD,21912119,4563.6845984635265
499,LOAD,25055314,3991.169298457006
500,LOAD,19486450,5131.771051166324
501,LOAD,27563406,3627.998658801456
502,LOAD,23659428,4226.644870704397
503,LOAD,23947172,4175.858427040988
504,LOAD,22698283,4405.619579243064
505,LOAD,25084738,3986.4877201428217
506,LOAD,20332506,4918.23290252564
507,LOAD,26491989,3774.7260124560676
508,LOAD,22848164,4376.719284753033
509,LOAD,23576923,4241.435576644162
510,LOAD,22828991,4380.395086230486
511,LOAD,22893481,4368.055692360633
512,LOAD,25637941,3900.46923034888
513,LOAD,26248291,3809.7718438126126
514,LOAD,21290608,4696.9067299534145
515,LOAD,28173086,3549.4869110185514
516,LOAD,26551467,3766.270240359977
517,LOAD,24622996,4061.244212523935
518,LOAD,22901534,4366.519727455812
519,LOAD,23839310,4194.752281001422
520,LOAD,21067554,4746.635513548464
521,LOAD,27340924,3657.520865059279
522,LOAD,21508229,4649.383266283802
523,LOAD,25882659,3863.590676676612
524,LOAD,19377029,5160.749875535615
525,LOAD,20351077,4913.744859792924
526,LOAD,19795541,5051.642690644322
527,LOAD,27253646,3669.233833887767
528,LOAD,23384082,4276.4133310856505
529,LOAD,23090089,4330.862475237753
530,LOAD,21553268,4639.667636480927
531,LOAD,25317065,3949.9049356629607
532,LOAD,19231637,5199.765365787634
533,LOAD,27396929,3650.0441345086524
534,LOAD,23805414,4200.725095560195
535,LOAD,23306895,4290.575814581908
536,LOAD,22521401,4440.22110347398
537,LOAD,21659593,4616.891924054159
538,LOAD,19776917,5056.3998423010025
539,LOAD,28101847,3558.4849636395784
540,LOAD,23835221,4195.4719026939165
541,LOAD,27590131,3624.4844216216297
542,LOAD,25035777,3994.2838602532693
543,LOAD,23651604,4228.04305365505
544,LOAD,25716431,3888.5644745960276
545,LOAD,27108883,3688.8277543563854
546,LOAD,26622459,3756.227026211215
547,LOAD,24796293,4032.8608796484214
548,LOAD,27122475,3686.9791565850833
549,LOAD,28191093,3547.2196838909367
550,LOAD,27567525,3627.4565816118784
551,LOAD,27760218,3602.2771867281444
552,LOAD,24776617,4036.063519083336
553,LOAD,23368110,4279.336240714375
554,LOAD,22742493,4397.0553272238
555,LOAD,24983358,4002.6644937001665
556,LOAD,22472522,4449.878834249223
557,LOAD,27766293,3601.489042847744
558,LOAD,23664902,4225.66719270589
559,LOAD,22803788,4385.236347575236
560,LOAD,18918555,5285.815962159901
561,LOAD,19554237,5113.981179628742
562,LOAD,15150477,6600.45224978725
563,LOAD,26950446,3710.513733242114
564,LOAD,21708686,4606.451076771758
565,LOAD,26734185,3740.5292138136997
566,LOAD,20557450,4864.416549717985
567,LOAD,21558059,4638.636530311008
568,LOAD,10732840,9317.19843023841
569,LOAD,22361151,4472.041711985219
570,LOAD,18340300,5452.473514609903
571,LOAD,28456228,3514.1692004997994
572,LOAD,24562980,4071.16726064997
573,LOAD,28518163,3506.5372198061987
574,LOAD,24084239,4152.092993264185
575,LOAD,29417573,3399.3286937708967
576,LOAD,27082786,3692.3823125139343
577,LOAD,23797929,4202.046320921455
578,LOAD,24562301,4071.279803956478
579,LOAD,29979742,3335.5857431995246
580,LOAD,26179222,3819.8232170535853
581,LOAD,28945615,3454.7547184608097
582,LOAD,28079583,3561.306448176242
583,LOAD,28015398,3569.465620299237
584,LOAD,26480930,3776.3024183818316
585,LOAD,24183610,4135.031949324357
586,LOAD,26245833,3810.1286402302417
587,LOAD,25626770,3902.1694891708944
588,LOAD,24616190,4062.3670844269564
589,LOAD,24617177,4062.204208061712
590,LOAD,30462996,3282.671211984534
591,LOAD,25778632,3879.181796768735
592,LOAD,26657771,3751.251370566579
593,LOAD,28785578,3473.961856871521
594,LOAD,26782974,3733.715307344136
595,LOAD,28146496,3552.840111962782
596,LOAD,26699865,3745.337289158578
597,LOAD,28668423,3488.158382482357
598,LOAD,27964468,3575.9664728826597
599,LOAD,24555583,4072.3936385464763
600,LOAD,25669661,3895.6494205357835
601,LOAD,25957674,3852.425298198906
602,LOAD,23880217,4187.566637271345
603,LOAD,23608847,4235.7002864222895
604,LOAD,24179170,4135.791261652074
605,LOAD,24630493,4060.0080558679847
606,LOAD,21448713,4662.284399068606
607,LOAD,26291008,3803.5818177834794
608,LOAD,23712430,4217.1974782845955
609,LOAD,25483825,3924.057711116757
610,LOAD,25576502,3909.838804383805
611,LOAD,26997613,3704.0311674961786
612,LOAD,24289526,4117.00088342605
613,LOAD,25393185,3938.0644846245164
614,LOAD,21717013,4604.684815540701
615,LOAD,25700030,3891.0460415804964
616,LOAD,22991795,4349.377680168077
617,LOAD,28733210,3480.293360887976
618,LOAD,25339750,3946.368847364319
619,LOAD,29721767,3364.5375121876164
620,LOAD,25722388,3887.66392918107
621,LOAD,29242554,3419.6739450322975
622,LOAD,25962466,3851.7142400879793
623,LOAD,29082151,3438.5352032592086
624,LOAD,26609594,3758.043057703173
625,LOAD,28756075,3477.5260531905
626,LOAD,26723838,3741.977480929199
627,LOAD,28883995,3462.1249588223513
628,LOAD,22600871,4424.608237443592
629,LOAD,27018642,3701.1482664450714
630,LOAD,24183376,4135.071960176279
631,LOAD,24837285,4026.2049575869505
632,LOAD,25970307,3850.551323863827
633,LOAD,29129269,3432.9732064337077
634,LOAD,27490264,3637.651497271907
635,LOAD,28973583,3451.4198675393377
636,LOAD,27751470,3603.41272011897
637,LOAD,28038882,3566.4760099921245
638,LOAD,22700188,4405.249859604687
639,LOAD,28127398,3555.2524268330826
640,LOAD,28127647,3555.2209539603505
641,LOAD,30082606,3324.1800926422397
642,LOAD,22994815,4348.806459195258
643,LOAD,25818727,3873.1576502590538
644,LOAD,23942701,4176.638216381685
645,LOAD,24293963,4116.248962756715
646,LOAD,25252801,3959.9567588561763
647,LOAD,25229342,3963.6388455949423
648,LOAD,23022345,4343.606179127279
649,LOAD,28763666,3476.608301598273
650,LOAD,26134952,3826.293616303561
651,LOAD,25684989,3893.3246185155076
652,LOAD,25277395,3956.103862759592
653,LOAD,25248649,3960.6079517363482
654,LOAD,21831900,4580.453373274887
655,LOAD,28483594,3510.7929146862575
656,LOAD,25866746,3865.9675244810464
657,LOAD,26465613,3778.4879571842903
658,LOAD,24771703,4036.864159076992
659,LOAD,23807963,4200.275344849957
660,LOAD,26880037,3720.2329743816945
661,LOAD,28092972,3559.6091435252915
662,LOAD,26947329,3710.9429287036205
663,LOAD,29003727,3447.8327561144124
664,LOAD,27109296,3688.771556443222
665,LOAD,29234333,3420.6355930884415
666,LOAD,22515873,4441.3112474031095
667,LOAD,27156962,3682.2970109837765
668,LOAD,24425279,4094.1190477291993
669,LOAD,26534732,3768.6455623520146
670,LOAD,24009492,4165.019401493376
671,LOAD,30747217,3252.3268691277003
672,LOAD,25999860,3846.174556324534
673,LOAD,30831048,3243.483646744671
674,LOAD,29051911,3442.1143586733415
675,LOAD,28951712,3454.0271746278772
676,LOAD,27705921,3609.336791222353
677,LOAD,27375543,3652.895579094084
678,LOAD,25552773,3913.4695870385576
679,LOAD,26304515,3801.628731797564
680,LOAD,25899033,3861.1480204685636
681,LOAD,28902995,3459.8490571651832
682,LOAD,28475592,3511.7794917134647
683,LOAD,26698332,3745.5523438692726
684,LOAD,27889163,3585.6221285665692
685,LOAD,26729486,3741.1867927426665
686,LOAD,26901208,3717.305185700211
687,LOAD,26698669,3745.5050661888804
688,LOAD,26099601,3831.476197662945
689,LOAD,28123438,3555.7530341774004
690,LOAD,24519381,4078.4063839131995
691,LOAD,27279689,3665.7309399678275
692,LOAD,22655700,4413.900254682045
693,LOAD,24001831,4166.348808972115
694,LOAD,27381419,3652.1116747090427
695,LOAD,28774763,3475.2675460784853
696,LOAD,26504008,3773.014255051538
697,LOAD,28222901,3543.2218679433413
698,LOAD,28108892,3557.593091894195
699,LOAD,30700259,3257.3015100621787
700,LOAD,27253810,3669.2117542464707
701,LOAD,25852280,3868.1307799544184
702,LOAD,25482756,3924.2223250891698
703,LOAD,28144089,3553.143965683167
704,LOAD,26666870,3749.9714064680256
705,LOAD,28759129,3477.1567664653544
706,LOAD,26556359,3765.5764481870424
707,LOAD,29362352,3405.7217214751736
708,LOAD,26957348,3709.5637152437994
709,LOAD,29478726,3392.2768575548344
710,LOAD,25853870,3867.892891857196
711,LOAD,29278279,3415.5013004691978
712,LOAD,26124878,3827.769071304371
713,LOAD,29572101,3381.565618215628
714,LOAD,26703414,3744.8395175238643
715,LOAD,26981743,3706.20978785544
716,LOAD,29848928,3350.2040676301676
717,LOAD,28030593,3567.5306619449684
718,LOAD,27279736,3665.724624314546
719,LOAD,27652046,3616.3689298072195
720,LOAD,30758663,3251.1166041254783
721,LOAD,25884737,3863.2805116003306
722,LOAD,24278796,4118.820389610753
723,LOAD,24343661,4107.845570146577
724,LOAD,25144685,3976.9836050839376
725,LOAD,27091276,3691.2251752187676
726,LOAD,28380058,3523.600973613232
727,LOAD,28073099,3562.1289975859095
728,LOAD,25084116,3986.5865713585445
729,LOAD,26584492,3761.591532386626
730,LOAD,24133385,4143.637537792564
731,LOAD,25418168,3934.1938411926462
732,LOAD,27093083,3690.9789853004177
733,LOAD,29416564,3399.445292115014
734,LOAD,26023763,3842.6418193248996
735,LOAD,29594488,3379.0076043890335
736,LOAD,25665786,3896.2375825934178
737,LOAD,29007652,3447.366232882275
738,LOAD,26355690,3794.247086682231
739,LOAD,27326931,3659.393731407307
740,LOAD,23369335,4279.11192167
741,LOAD,24056448,4156.889662181216
742,LOAD,18452508,5419.317525834429
743,LOAD,29419631,3399.090899542554
744,LOAD,26807846,3730.251210783589
745,LOAD,26991042,3704.932918114091
746,LOAD,26325573,3798.5877838252563
747,LOAD,26797324,3731.7158981993875
748,LOAD,24754656,4039.64409765985
749,LOAD,27754871,3602.971168556323
750,LOAD,27425954,3646.181277777976
751,LOAD,26923363,3714.2462477662984
752,LOAD,29409495,3400.262398249273
753,LOAD,27825076,3593.880570173465
754,LOAD,25858361,3867.2211282068492
755,LOAD,27834354,3592.682625219181
756,LOAD,26986126,3705.6078371530616
757,LOAD,27380275,3652.2642668855588
758,LOAD,27510109,3635.0274002912893
759,LOAD,28628926,3492.970710811855
760,LOAD,27320323,3660.2788334530305
761,LOAD,28697350,3484.6423101784662
762,LOAD,26933089,3712.904969793847
763,LOAD,28533107,3504.7006973338025
764,LOAD,27193005,3677.4163061419654
765,LOAD,27054781,3696.204378812011
766,LOAD,27840563,3591.881385444684
767,LOAD,26905521,3716.7092954639306
768,LOAD,29829471,3352.3893199446948
769,LOAD,26793565,3732.239438835407
770,LOAD,27060581,3695.4121568934534
771,LOAD,26615026,3757.276059020194
772,LOAD,26174187,3820.5580177141696
773,LOAD,30049483,3327.8442760562634
774,LOAD,24744157,4041.358127496523
775,LOAD,28445059,3515.549044914971
776,LOAD,25849093,3868.6076915735493
777,LOAD,29856702,3349.3317513769607
778,LOAD,26723984,3741.957037543504
779,LOAD,28684129,3486.248440731807
780,LOAD,26538040,3768.1757959517736
781,LOAD,29219425,3422.380830560492
782,LOAD,26579063,3762.359869495776
783,LOAD,28928373,3456.813834639093
784,LOAD,25117498,3981.2882636638406
785,LOAD,29932596,3340.8395315929165
786,LOAD,27506597,3635.491514999111
787,LOAD,28398359,3521.3302289755547
788,LOAD,26777699,3734.450820438306
789,LOAD,27856441,3589.8340351518705
790,LOAD,35454140,2820.5450759770224
791,LOAD,30341204,3295.8481146628196
792,LOAD,28665862,3488.4700135652647
793,LOAD,28528469,3505.2704721027967
794,LOAD,25070742,3988.7132179813425
795,LOAD,26206618,3815.8300319407867
796,LOAD,23773907,4206.2922177663095
797,LOAD,29844674,3350.6815990015502
798,LOAD,23254580,4300.228170106706
799,LOAD,29009836,3447.106698569409
800,LOAD,27877366,3587.1394736504158
801,LOAD,29419992,3399.049190767965
802,LOAD,27171508,3680.325729436879
803,LOAD,28142477,3553.347489632842
804,LOAD,27714979,3608.157162955094
805,LOAD,28860874,3464.8985335648536
806,LOAD,27377268,3652.665415701815
807,LOAD,29455682,3394.9307301728745
808,LOAD,25937268,3855.4561721766536
809,LOAD,29145606,3431.048920375854
810,LOAD,25998275,3846.4090405998095
811,LOAD,29223665,3421.884284534469
812,LOAD,25586209,3908.3554738413964
813,LOAD,27052742,3696.482966495596
814,LOAD,24711824,4046.64584856221
815,LOAD,26274450,3805.9788121159527
816,LOAD,24570901,4069.8548254294783
817,LOAD,29121686,3433.867118819975
818,LOAD,25955795,3852.704184171589
819,LOAD,28894363,3460.882664206856
820,LOAD,26691902,3746.4546363162876
821,LOAD,29519685,3387.5700231896108
822,LOAD,26052217,3838.444920061889
823,LOAD,28353128,3526.9477145519886
824,LOAD,24683751,4051.2481267535068
825,LOAD,28813899,3470.5473216241926
826,LOAD,26514571,3771.5111438159797
827,LOAD,29449454,3395.6486935207695
828,LOAD,25675716,3894.7307253281665
829,LOAD,29071583,3439.785167529405
830,LOAD,25407707,3935.8136489845388
831,LOAD,29978840,3335.6861039319733
832,LOAD,25363739,3942.6363754965305
833,LOAD,29538451,3385.417874485023
834,LOAD,25026813,3995.714516267013
835,LOAD,29500309,3389.795001808286
836,LOAD,27495697,3636.9327171447953
837,LOAD,28030393,3567.5561166766374
838,LOAD,27404139,3649.083811755589
839,LOAD,27758611,3602.485729563342
840,LOAD,22931250,4360.861270100845
841,LOAD,30458150,3283.193496650322
842,LOAD,27221675,3673.5432334711218
843,LOAD,27218704,3673.944211304109
844,LOAD,27638109,3618.1925471095
845,LOAD,28125624,3555.4766713798062
846,LOAD,27903681,3583.7565660243895
847,LOAD,28997611,3448.5599520594988
848,LOAD,28603097,3496.1249126274683
849,LOAD,29220491,3422.2559778341847
850,LOAD,33979568,2942.9450074232846
851,LOAD,30323489,3297.773551058059
852,LOAD,31508624,3173.7342766856464
853,LOAD,27403795,3649.1296187261655
854,LOAD,27940331,3579.055666878105
855,LOAD,29077033,3439.1404377468634
856,LOAD,27267786,3667.33111371785
857,LOAD,27140815,3684.4877355377866
858,LOAD,26949367,3710.662294962253
859,LOAD,26964488,3708.581449794263
860,LOAD,25959110,3852.2121906336542
861,LOAD,28335782,3529.1067668434207
862,LOAD,25981398,3848.9075915006574
863,LOAD,29345529,3407.674129847855
864,LOAD,26700809,3745.204873754949
865,LOAD,29855987,3349.411962163569
866,LOAD,27211599,3674.9034850910452
867,LOAD,27596221,3623.6845617376375
868,LOAD,26095075,3832.140739200788
869,LOAD,28391559,3522.173615052277
870,LOAD,26214291,3814.713127278552
871,LOAD,28425007,3518.0290368969827
872,LOAD,26296397,3802.802338282313
873,LOAD,29288034,3414.3636954259205
874,LOAD,27460620,3641.578376598926
875,LOAD,26905214,3716.751704706753
876,LOAD,25858540,3867.1943582274944
877,LOAD,28652293,3490.122064576123
878,LOAD,26784136,3733.55332425134
879,LOAD,28799192,3472.3196400787915
880,LOAD,28244177,3540.5528013792014
881,LOAD,28590923,3497.6135607794126
882,LOAD,27708502,3609.000587617476
883,LOAD,28561728,3501.1887235954355
884,LOAD,25073063,3988.343984937142
885,LOAD,28656320,3489.631606570558
886,LOAD,26814858,3729.2757619674885
887,LOAD,28445062,3515.5486741424575
888,LOAD,27216192,3674.2833089948804
889,LOAD,28343476,3528.1487704613223
890,LOAD,25724883,3887.286873180337
891,LOAD,28893089,3461.03526694567
892,LOAD,26773188,3735.080036042028
893,LOAD,31565037,3168.0621822176226
894,LOAD,31055079,3220.085191217836
895,LOAD,30036927,3329.2353775071597
896,LOAD,28597437,3496.816865091791
897,LOAD,28847063,3466.5574100212557
898,LOAD,26728627,3741.3070263579198
899,LOAD,27682485,3612.3924568188154
900,LOAD,25041958,3993.297968154088
901,LOAD,26770405,3735.468327804529
902,LOAD,24734891,4042.8720708734877
903,LOAD,20895912,4785.625054316844
904,LOAD,27988194,3572.935073981551
905,LOAD,24898794,4016.2587794412852
906,LOAD,26202918,3816.3688486908213
907,LOAD,25258601,3959.0474547660024
908,LOAD,29812005,3354.3533888445277
909,LOAD,26927895,3713.6211352576947
910,LOAD,27195169,3677.123683254184
911,LOAD,24258845,4122.207796785049
912,LOAD,26446538,3781.213253696949
913,LOAD,22982314,4351.171949003917
914,LOAD,26997981,3703.980679147822
915,LOAD,23977737,4170.53535952955
916,LOAD,31335011,3191.3184903621063
917,LOAD,28085176,3560.5972346407943
918,LOAD,28238101,3541.314623104436
919,LOAD,27300507,3662.9356370561177
920,LOAD,28625005,3493.449171449927
921,LOAD,26944970,3711.2678173328827
922,LOAD,29633263,3374.586187150568
923,LOAD,26307857,3801.145794581444
924,LOAD,27782278,3599.4168656724264
925,LOAD,25436382,3931.376718591504
926,LOAD,28506614,3507.957837433797
927,LOAD,23345107,4283.552866131648
928,LOAD,29851543,3349.9105892114185
929,LOAD,27672962,3613.635576849345
930,LOAD,26172460,3820.8101187278535
931,LOAD,27649522,3616.699051795543
932,LOAD,29058480,3441.3362295619045
933,LOAD,25834310,3870.8213999135255
934,LOAD,27237565,3671.4001416793317
935,LOAD,25782308,3878.628709268387
936,LOAD,27924732,3581.0549587369364
937,LOAD,28930210,3456.594335125808
938,LOAD,29311006,3411.687746234298
939,LOAD,26705334,3744.5702794804965
940,LOAD,28373570,3524.4066925663565
941,LOAD,24961850,4006.1133289399622
942,LOAD,26302716,3801.888747914854
943,LOAD,23777649,4205.63025385731
944,LOAD,28804539,3471.675071765599
945,LOAD,26343750,3795.9667852906286
946,LOAD,29227105,3421.4815322968184
947,LOAD,25459242,3927.8467127968697
948,LOAD,28903222,3459.8218842176143
949,LOAD,25980682,3849.0136633056823
950,LOAD,29918246,3342.441933260392
951,LOAD,25845673,3869.119600793526
952,LOAD,29202609,3424.3515707791726
953,LOAD,27933973,3579.870289127866
954,LOAD,27184653,3678.546126742909
955,LOAD,27022966,3700.55603814918
956,LOAD,26715231,3743.1830553888904
957,LOAD,27267749,3667.3360899720765
958,LOAD,28678909,3486.8829912602323
959,LOAD,27081972,3692.4932940629283
960,LOAD,27872563,3587.7576095172876
961,LOAD,28501458,3508.5924376219627
962,LOAD,27334272,3658.410950180052
963,LOAD,27821704,3594.3161497225333
964,LOAD,27315765,3660.889599833649
965,LOAD,27665551,3614.603591303857
966,LOAD,27813027,3595.437490496809
967,LOAD,26902282,3717.1567824618
968,LOAD,27490642,3637.601479077862
969,LOAD,24671961,4053.18409833738
970,LOAD,30004661,3332.8155248946155
971,LOAD,27792315,3598.1169614693845
972,LOAD,27461529,3641.4578372529804
973,LOAD,27789408,3598.493354014594
974,LOAD,27798049,3597.3747654017016
975,LOAD,28041666,3566.121927277787
976,LOAD,29174103,3427.6975028161105
977,LOAD,28265684,3537.858839715324
978,LOAD,29514689,3388.14344274473
979,LOAD,28253889,3539.3357707323053
980,LOAD,31679509,3156.614580106024
981,LOAD,28833311,3468.210778845343
982,LOAD,29915545,3342.74371401223
983,LOAD,27759712,3602.342848513702
984,LOAD,29170582,3428.111238918716
985,LOAD,27244190,3670.5073632212957
986,LOAD,30434815,3285.710788779232
987,LOAD,25302590,3952.1645807800705
988,LOAD,30077629,3324.7301507708603
989,LOAD,25855176,3867.6975163503043
990,LOAD,28978229,3450.8665108554424
991,LOAD,24404973,4097.525533013292
992,LOAD,30565953,3271.61400791266
993,LOAD,27090451,3691.3375860741485
994,LOAD,28674329,3487.439932770528
995,LOAD,27335100,3658.300134259615
996,LOAD,27854751,3590.051837117481
997,LOAD,27318640,3660.504329644521
998,LOAD,28176773,3549.022451932306
999,LOAD,27152362,3682.920844971056
1000,LOAD,27298245,3663.2391569494666
1001,LOAD,27232726,3672.052515051192
1002,LOAD,28096694,3559.13759818148
1003,LOAD,28082501,3560.9363995037334
1004,LOAD,28313182,3531.9237519823805
1005,LOAD,28306911,3532.70620026325
1006,LOAD,29333923,3409.022379993293
1007,LOAD,26144904,3824.8371460839944
1008,LOAD,29770520,3359.027655546494
1009,LOAD,26363230,3793.1619152888325
1010,LOAD,28787938,3473.677065721067
1011,LOAD,26587198,3761.2086839688786
1012,LOAD,29104453,3435.900341435725
1013,LOAD,27998983,3571.558295528091
1014,LOAD,31348332,3189.9623877914782
1015,LOAD,28341291,3528.4207765976503
1016,LOAD,29328564,3409.645286417705
1017,LOAD,29032845,3444.3748106670223
1018,LOAD,29787960,3357.061040769492
1019,LOAD,28493568,3509.5639830013565
1020,LOAD,30826435,3243.969015554345
1021,LOAD,28750492,3478.201346954341
1022,LOAD,29597266,3378.6904506652745
1023,LOAD,26754564,3737.680045916652
1024,LOAD,28236572,3541.5063839902377
1025,LOAD,27215720,3674.347031788981
1026,LOAD,28727770,3480.952402501134
1027,LOAD,26329379,3798.038685226871
1028,LOAD,28014846,3569.5359524731994
1029,LOAD,25576270,3909.8742701730944
1030,LOAD,27237920,3671.352291217538
1031,LOAD,25333362,3947.3639542986834
1032,LOAD,28226405,3542.7820156339426
1033,LOAD,27819041,3594.660218517238
1034,LOAD,28573194,3499.783748362189
1035,LOAD,27719469,3607.57271360429
1036,LOAD,30084069,3324.018436468817
1037,LOAD,27754140,3603.066065098756
1038,LOAD,30736955,3253.4127079276395
1039,LOAD,26603759,3758.867308939312
1040,LOAD,29790186,3356.810192457341
1041,LOAD,28102492,3558.4032903558873
1042,LOAD,28123900,3555.694622723022
1043,LOAD,27050250,3696.8235044038406
1044,LOAD,27815496,3595.1183469818407
1045,LOAD,28052904,3564.693337987397
1046,LOAD,29382317,3403.407566530577
1047,LOAD,26332216,3797.629489291748
1048,LOAD,29187737,3426.0963773930125
1049,LOAD,27095803,3690.608468034699
1050,LOAD,27123668,3686.816989501567
1051,LOAD,26037884,3840.5578579273183
1052,LOAD,27083559,3692.2769271202505
1053,LOAD,28743029,3479.104446507708
1054,LOAD,25778045,3879.270130841963
1055,LOAD,26536720,3768.3632340394743
1056,LOAD,23968486,4172.14504078397
1057,LOAD,29122959,3433.7170203068995
1058,LOAD,30804068,3246.3244789616747
1059,LOAD,31656044,3158.9544164141294
1060,LOAD,33094855,3021.61771066832
1061,LOAD,31403388,3184.369788380795
1062,LOAD,30627957,3264.9908709222755
1063,LOAD,29667490,3370.6929706557585
1064,LOAD,31642887,3160.267898437965
1065,LOAD,32363447,3089.9057198697037
1066,LOAD,31930704,3131.7818736473837
1067,LOAD,30049585,3327.8329800561305
1068,LOAD,31318733,3192.977187167821
1069,LOAD,27320475,3660.258469151799
1070,LOAD,26937940,3712.236347693996
1071,LOAD,26537784,3768.212146123429
1072,LOAD,28675966,3487.2408483117883
1073,LOAD,26555944,3765.635294305486
1074,LOAD,27766072,3601.5177083744506
1075,LOAD,27295507,3663.606614817596
1076,LOAD,28216469,3544.0295523865866
1077,LOAD,26762613,3736.5559185121424
1078,LOAD,27836509,3592.4044929628208
1079,LOAD,27050681,3696.7646027100022
1080,LOAD,28418598,3518.822427482172
1081,LOAD,27116923,3687.734039735998
1082,LOAD,28694352,3485.006387319707
1083,LOAD,27725465,3606.792528096463
1084,LOAD,29483657,3391.709515546189
1085,LOAD,28615315,3494.632157640061
1086,LOAD,26846900,3724.8248401118935
1087,LOAD,27678585,3612.901454319287
1088,LOAD,27032350,3699.2714284921585
1089,LOAD,28501597,3508.575326498371
1090,LOAD,27581516,3625.616517960797
1091,LOAD,28665358,3488.5313485357483
1092,LOAD,29441733,3396.5391914939246
1093,LOAD,30466443,3282.2998076933363
1094,LOAD,29407724,3400.467169781653
1095,LOAD,28260447,3538.51444741833
1096,LOAD,27966553,3575.699872629995
1097,LOAD,28684113,3486.250385361402
1098,LOAD,29151042,3430.4091085320383
1099,LOAD,31939823,3130.8877322206827
1100,LOAD,31258751,3199.1041484670964
1101,LOAD,31628787,3161.6767345519766
1102,LOAD,25567276,3911.2496771263386
1103,LOAD,30879237,3238.421985620953
1104,LOAD,29724456,3364.2331418950107
1105,LOAD,29816569,3353.8399404706824
1106,LOAD,30496325,3279.0836272895176
1107,LOAD,30954550,3230.5428442668363
1108,LOAD,30650591,3262.5798308424132
1109,LOAD,30028877,3330.127863256425
1110,LOAD,31114928,3213.8914157217396
1111,LOAD,31199251,3205.205150598006
1112,LOAD,29736269,3362.896670056354
1113,LOAD,31507821,3173.8151616387563
1114,LOAD,27946225,3578.300825961288
1115,LOAD,26884504,3719.614838347027
1116,LOAD,27143568,3684.1140413080548
1117,LOAD,28990829,3449.3666945501973
1118,LOAD,30548958,3273.434072612231
1119,LOAD,29969709,3336.7024017483786
1120,LOAD,28771379,3475.6762962248004
1121,LOAD,30047301,3328.085940231371
1122,LOAD,24798507,4032.5008275699824
1123,LOAD,29881777,3346.521192498023
1124,LOAD,28844804,3466.8288957692344
1125,LOAD,26273149,3806.1672774740478
1126,LOAD,30947594,3231.2689639136406
1127,LOAD,30221823,3308.867238088186
1128,LOAD,28266570,3537.7479474870847
1129,LOAD,29936116,3340.4467032396587
1130,LOAD,27860522,3589.3081974558836
1131,LOAD,27191831,3677.57507760327
1132,LOAD,27729817,3606.226467343798
1133,LOAD,27640370,3617.8965766377223
1134,LOAD,28005741,3570.6964511312162
1135,LOAD,28767871,3476.1001257270655
1136,LOAD,28029898,3567.6191186996116
1137,LOAD,28274463,3536.7603621685053
1138,LOAD,26422923,3784.592643289314
1139,LOAD,28679390,3486.8245105631604
1140,LOAD,27210121,3675.1030985860007
1141,LOAD,29070754,3439.8832586179224
1142,LOAD,28589666,3497.767340129122
1143,LOAD,30768859,3250.039268599463
1144,LOAD,28309190,3532.4218036616376
1145,LOAD,29368194,3405.044246166448
1146,LOAD,29950484,3338.84420699178
1147,LOAD,31068778,3218.665375252287
1148,LOAD,28984281,3450.1459601499173
1149,LOAD,28575972,3499.4435184916897
1150,LOAD,29341020,3408.197806347564
1151,LOAD,29954255,3338.423873336192
1152,LOAD,28542380,3503.562071558153
1153,LOAD,33773733,2960.8808715341
1154,LOAD,31555453,3169.02438383629
1155,LOAD,32115287,3113.7819194952235
1156,LOAD,29997461,3333.615468322469
1157,LOAD,26929980,3713.3336155466877
1158,LOAD,26053622,3838.2379233106244
1159,LOAD,26519761,3770.7730473136617
1160,LOAD,27210759,3675.0169298842416
1161,LOAD,25748968,3883.65079330558
1162,LOAD,28346219,3527.8073594224334
1163,LOAD,28465358,3513.0420632686228
1164,LOAD,27578293,3626.040233889748
1165,LOAD,26922290,3714.3942807242624
1166,LOAD,27266008,3667.570258176408
1167,LOAD,26685462,3747.3587678564454
1168,LOAD,27661642,3615.1143883649424
1169,LOAD,29857610,3349.2298948241337
1170,LOAD,29035843,3444.0191731302584
1171,LOAD,28892646,3461.088333688787
1172,LOAD,25801185,3875.790976267175
1173,LOAD,28544548,3503.2959709153565
1174,LOAD,26618823,3756.740108306066
1175,LOAD,21054579,4749.560653765625
1176,LOAD,30228227,3308.166238132326
1177,LOAD,28730960,3480.5659121727917
1178,LOAD,27598667,3623.3634037469997
1179,LOAD,27182370,3678.8550814369755
1180,LOAD,28056047,3564.2940005054884
1181,LOAD,27451959,3642.7272822314794
1182,LOAD,26621096,3756.419345018702
1183,LOAD,28450659,3514.8570723792373
1184,LOAD,28275936,3536.5761190009766
1185,LOAD,27333376,3658.530874488391
1186,LOAD,26591251,3760.63540598372
1187,LOAD,29116127,3434.522730306816
1188,LOAD,30559610,3272.2930691851107
1189,LOAD,29397562,3401.6426260109597
1190,LOAD,31524382,3172.1478314785045
1191,LOAD,22924597,4362.126845675848
1192,LOAD,28453981,3514.4467130978965
1193,LOAD,29415995,3399.511048325919
1194,LOAD,29776429,3358.361071436739
1195,LOAD,29347819,3407.408230233395
1196,LOAD,31911336,3133.6826512058287
1197,LOAD,27507543,3635.3664883846586
1198,LOAD,26287645,3804.0684131271555
1199,LOAD,27040795,3698.1161241746036
1200,LOAD,29755698,3360.700864755382
1201,LOAD,28017757,3569.1650834147786
1202,LOAD,27028758,3699.763044976022
1203,LOAD,25668646,3895.803463883525
1204,LOAD,27318101,3660.5765532530977
1205,LOAD,26527094,3769.730676115522
1206,LOAD,27896198,3584.7178887961722
1207,LOAD,26674602,3748.884425717017
1208,LOAD,29884472,3346.21940116593
1209,LOAD,28304716,3532.9801577941994
1210,LOAD,29393687,3402.0910680582538
1211,LOAD,28614273,3494.7594160438744
1212,LOAD,30449514,3284.1246661605173
1213,LOAD,28847208,3466.539985429439
1214,LOAD,29402790,3401.0377926720557
1215,LOAD,29654072,3372.2181560765075
1216,LOAD,26828756,3727.3438992102356
1217,LOAD,25879387,3864.079160762193
1218,LOAD,26857650,3723.333947683435
1219,LOAD,28188128,3547.5928021896307
1220,LOAD,32687344,3059.2880229118646
1221,LOAD,31985185,3126.4474474666945
1222,LOAD,29037888,3443.776627280882
1223,LOAD,28703162,3483.9367174947483
1224,LOAD,28413774,3519.419841940039
1225,LOAD,27452960,3642.5944597595308
1226,LOAD,28594855,3497.1326135418417
1227,LOAD,27547150,3630.1395970182034
1228,LOAD,29928980,3341.2431696636504
1229,LOAD,29183870,3426.550351272809
1230,LOAD,28771334,3475.681732379875
1231,LOAD,27503953,3635.8410007463294
1232,LOAD,28655977,3489.6733759941253
1233,LOAD,28814637,3470.4584340243464
1234,LOAD,31122912,3213.06695208983
1235,LOAD,32518370,3075.184887803417
1236,LOAD,31782574,3146.3782637617705
1237,LOAD,33259534,3006.656677751408
1238,LOAD,30672329,3260.2675851579447
1239,LOAD,30650528,3262.5865368453033
1240,LOAD,27700646,3610.024112795059
1241,LOAD,29175093,3427.581190572383
1242,LOAD,27213032,3674.7099698409206
1243,LOAD,29529604,3386.4321377286333
1244,LOAD,31104131,3215.0070355606463
1245,LOAD,32070151,3118.1643017521183
1246,LOAD,27534855,3631.7605449529333
1247,LOAD,27636439,3618.411185319498
1248,LOAD,26345299,3795.743597368168
1249,LOAD,27958563,3576.721736378225
1250,LOAD,28092199,3559.707091637789
1251,LOAD,28101863,3558.4829375902946
1252,LOAD,28391304,3522.2052498891912
1253,LOAD,29916153,3342.675777864888
1254,LOAD,30213074,3309.8254086955867
1255,LOAD,28561327,3501.2378801587192
1256,LOAD,26502199,3773.2717952951753
1257,LOAD,27641711,3617.7210593077975
1258,LOAD,28273595,3536.8689407908687
1259,LOAD,27774422,3600.4349613468103
1260,LOAD,26742330,3739.3899484450308
1261,LOAD,28081767,3561.029475103899
1262,LOAD,26980055,3706.441665889858
1263,LOAD,27645444,3617.232553761842
1264,LOAD,28590276,3497.6927120255855
1265,LOAD,27464941,3641.0054549179627
1266,LOAD,27921270,3581.4989790937157
1267,LOAD,30023156,3330.762428839926
1268,LOAD,29143369,3431.3122823926087
1269,LOAD,32911991,3038.4062756944727
1270,LOAD,28864083,3464.5133192001977
1271,LOAD,30476684,3281.1968651182656
1272,LOAD,28400425,3521.0740684338352
1273,LOAD,32806667,3048.160911926835
1274,LOAD,30044395,3328.407844458176
1275,LOAD,40487997,2469.8677981032256
1276,LOAD,32720453,3056.192406627133
1277,LOAD,30817663,3244.8923852532234
1278,LOAD,31616432,3162.9122476565353
1279,LOAD,28204858,3545.4885112344828
1280,LOAD,30262488,3304.4209716002197
1281,LOAD,31458152,3178.8262705323564
1282,LOAD,29089948,3437.6135701583244
1283,LOAD,29057836,3441.412498852289
1284,LOAD,28199327,3546.183921339683
1285,LOAD,29632769,3374.6424439781513
1286,LOAD,25235759,3962.630963467356
1287,LOAD,28960468,3452.9828730668305
1288,LOAD,27124730,3686.6726415341277
1289,LOAD,30405956,3288.8293333056195
1290,LOAD,28599818,3496.5257471218874
1291,LOAD,30751279,3251.8972625496326
1292,LOAD,28347180,3527.6877629450264
1293,LOAD,28374024,3524.350300119574
1294,LOAD,28696579,3484.735933157747
1295,LOAD,31345780,3190.2220968819406
1296,LOAD,29531509,3386.21368789519
1297,LOAD,27626472,3619.716625416376
1298,LOAD,28887524,3461.702013644368
1299,LOAD,28301660,3533.3616473380007
1300,LOAD,28099591,3558.770659686826
1301,LOAD,30613742,3266.5069170570523
1302,LOAD,30079583,3324.5141729524644
1303,LOAD,31621849,3162.370423057804
1304,LOAD,28809926,3471.0259234959503
1305,LOAD,30502639,3278.404861953092
1306,LOAD,27720644,3607.419798760808
1307,LOAD,28045746,3565.6031399556996
1308,LOAD,27967596,3575.566523486681
1309,LOAD,28537465,3504.165489121055
1310,LOAD,29683720,3368.849995890003
1311,LOAD,29006093,3447.5515196065876
1312,LOAD,28957137,3453.3800769047025
1313,LOAD,30687323,3258.6745999317045
1314,LOAD,29935893,3340.4715870677383
1315,LOAD,29490511,3390.921235647629
1316,LOAD,29617004,3376.438751198467
1317,LOAD,33998443,2941.3111653377773
1318,LOAD,31349188,3189.875284808015
1319,LOAD,32876124,3041.7210982657202
1320,LOAD,30298279,3300.51749804007
1321,LOAD,33324056,3000.835192450763
1322,LOAD,30077957,3324.6938946019504
1323,LOAD,30202610,3310.9721312164743
1324,LOAD,29880003,3346.7198781740417
1325,LOAD,27810150,3595.8094436743418
1326,LOAD,25155125,3975.333058372797
1327,LOAD,29932323,3340.8700019707794
1328,LOAD,25978389,3849.353399088758
1329,LOAD,30142882,3317.532809238347
1330,LOAD,27539315,3631.1723802861475
1331,LOAD,28909224,3459.103571925694
1332,LOAD,26729966,3741.119610851731
1333,LOAD,27893243,3585.097652503153
1334,LOAD,27175086,3679.8411603922796
1335,LOAD,30077341,3324.761986107748
1336,LOAD,27002806,3703.3188328649994
1337,LOAD,29988593,3334.6012598857174
1338,LOAD,28914360,3458.4891382690125
1339,LOAD,28517768,3506.585788901852
1340,LOAD,29390127,3402.5031603299976
1341,LOAD,28699176,3484.4205979990506
1342,LOAD,29633801,3374.5249217270507
1343,LOAD,31526406,3171.944179111314
1344,LOAD,28546953,3503.0008281444257
1345,LOAD,27247445,3670.068881687806
1346,LOAD,28568058,3500.41294371497
1347,LOAD,28819531,3469.8690967594166
1348,LOAD,29897136,3344.8019903980103
1349,LOAD,30273334,3303.2370996864765
1350,LOAD,28765219,3476.420603646369
1351,LOAD,29667066,3370.741144405719
1352,LOAD,29590908,3379.416407228869
1353,LOAD,29679977,3369.274848157733
1354,LOAD,29784578,3357.4422306738743
1355,LOAD,29783736,3357.537147119488
1356,LOAD,29424240,3398.5584674404504
1357,LOAD,30907224,3235.4895412153483
1358,LOAD,29226278,3421.5783480879777
1359,LOAD,29863280,3348.59399235449
1360,LOAD,30821060,3244.5347434513933
1361,LOAD,25746542,3884.016735140587
1362,LOAD,25912581,3859.1292777820936
1363,LOAD,27921799,3581.4311248354734
1364,LOAD,28976646,3451.055032387116
1365,LOAD,28110495,3557.3902202718236
1366,LOAD,26365081,3792.8956106753476
1367,LOAD,25679231,3894.1976105125577
1368,LOAD,26946172,3711.1022671420637
1369,LOAD,28955002,3453.634712233831
1370,LOAD,25935203,3855.7631494151015
1371,LOAD,27594388,3623.925270602124
1372,LOAD,26157481,3822.9980937384607
1373,LOAD,29002403,3447.9901544709933
1374,LOAD,25986185,3848.1985716641366
1375,LOAD,27060915,3695.3665461792402
1376,LOAD,23101640,4328.697010255549
1377,LOAD,25227720,3963.893685200248
1378,LOAD,20935874,4776.490343799356
1379,LOAD,24734040,4043.0111700312605
1380,LOAD,20342523,4915.811082037366
1381,LOAD,26925356,3713.9713213076925
1382,LOAD,21938166,4558.266174118657
1383,LOAD,25421512,3933.676328929609
1384,LOAD,23547784,4246.684104117822
1385,LOAD,23407510,4272.133174353017
1386,LOAD,25020212,3996.7686924475297
1387,LOAD,29592147,3379.2749137127494
1388,LOAD,24830582,4027.2918290839903
1389,LOAD,24936330,4010.213211005789
1390,LOAD,22204166,4503.659358338431
1391,LOAD,26515420,3771.390383407089
1392,LOAD,23823241,4197.581680846867
1393,LOAD,29215229,3422.8723656419056
1394,LOAD,24553260,4072.7789303742147
1395,LOAD,23850389,4192.803731628864
1396,LOAD,28625878,3493.342632145641
1397,LOAD,32700548,3058.052727434415
1398,LOAD,25689518,3892.638234785098
1399,LOAD,25873425,3864.969558533515
1400,LOAD,23189284,4312.336681029048
1401,LOAD,25528446,3917.1988768920755
1402,LOAD,21869569,4572.563821445224
1403,LOAD,30434987,3285.692219944106
1404,LOAD,26045436,3839.444269621749
1405,LOAD,30183768,3313.038981746746
1406,LOAD,27147939,3683.5208742733657
1407,LOAD,27512660,3634.690357093789
1408,LOAD,26820011,3728.5592463030684
1409,LOAD,29558338,3383.140148136881
1410,LOAD,28807331,3471.3385978034553
1411,LOAD,23691854,4220.860047508312
1412,LOAD,26821200,3728.3939570190746
1413,LOAD,27518093,3633.9727465853102
1414,LOAD,26019175,3843.319398097749
1415,LOAD,29972302,3336.4137329191467
1416,LOAD,27928482,3580.5741250097303
1417,LOAD,26450648,3780.6257147272913
1418,LOAD,25032743,3994.7679724910686
1419,LOAD,29405423,3400.7332593039046
1420,LOAD,25852344,3868.1212040192563
1421,LOAD,29999666,3333.370444857619
1422,LOAD,28139560,3553.7158363528074
1423,LOAD,29146758,3430.9133111819847
1424,LOAD,27936653,3579.526867445431
1425,LOAD,29873812,3347.4134469347264
1426,LOAD,25939785,3855.0820679508333
1427,LOAD,30286433,3301.8084368007285
1428,LOAD,24159237,4139.203568390839
1429,LOAD,27402533,3649.297676240368
1430,LOAD,22635653,4417.809373557723
1431,LOAD,30615667,3266.3015311735658
1432,LOAD,27689153,3611.522533751755
1433,LOAD,28589498,3497.787894002196
1434,LOAD,27883471,3586.3540805231887
1435,LOAD,27417762,3647.2706999207303
1436,LOAD,27773886,3600.504445074773
1437,LOAD,30943634,3231.6824843520317
1438,LOAD,28136782,3554.066701728719
1439,LOAD,33670386,2969.96892165121
1440,LOAD,26976542,3706.9243344828997
1441,LOAD,28539890,3503.8677444096666
1442,LOAD,23352769,4282.147440417023
1443,LOAD,27876393,3587.2646794726993
1444,LOAD,26766452,3736.0199999611455
1445,LOAD,30143225,3317.4950590057965
1446,LOAD,26841664,3725.551441222124
1447,LOAD,26788135,3732.9959700442005
1448,LOAD,26312648,3800.453682958857
1449,LOAD,31424483,3182.232146826409
1450,LOAD,30818682,3244.7850949628537
1451,LOAD,27935009,3579.737525769188
1452,LOAD,23862528,4190.670829176188
1453,LOAD,30882090,3238.122808398007
1454,LOAD,24198549,4132.479182946052
1455,LOAD,27947524,3578.1345066561175
1456,LOAD,21240602,4707.964491778529
1457,LOAD,27829727,3593.2799484522434
1458,LOAD,25201064,3968.086426827058
1459,LOAD,25349559,3944.841801784402
1460,LOAD,21898507,4566.521361479118
1461,LOAD,26140225,3825.521777260907
1462,LOAD,22665168,4412.056420671579
1463,LOAD,23655482,4227.349922525357
1464,LOAD,24059408,4156.3782450507515
1465,LOAD,29358131,3406.2113831428846
1466,LOAD,33336455,2999.7190763085036
1467,LOAD,26338579,3796.7120397801264
1468,LOAD,27996930,3571.820196000061
1469,LOAD,25643251,3899.6615522735397
1470,LOAD,25273822,3956.663143390026
1471,LOAD,25922791,3857.6093137502057
1472,LOAD,23781360,4204.973979621014
1473,LOAD,26158784,3822.807665677426
1474,LOAD,21697993,4608.721184489275
1475,LOAD,26672087,3749.2379205271786
1476,LOAD,22713554,4402.657549760817
1477,LOAD,29589689,3379.5556283136334
1478,LOAD,27650674,3616.548370574981
1479,LOAD,27248117,3669.978369514488
1480,LOAD,29897873,3344.719539078917
1481,LOAD,30417294,3287.6034271819185
1482,LOAD,32497449,3077.164610674518
1483,LOAD,28926536,3457.0333620313195
1484,LOAD,30811543,3245.536908034758
1485,LOAD,30398526,3289.6331881355036
1486,LOAD,33249495,3007.5644757912864
1487,LOAD,31133074,3212.0181900444522
1488,LOAD,33379142,2995.882877996085
1489,LOAD,30826174,3243.996481691176
1490,LOAD,33664722,2970.468611028483
1491,LOAD,30976966,3228.205112146877
1492,LOAD,33837024,2955.3426447905113
1493,LOAD,30880432,3238.296666316067
1494,LOAD,33588799,2977.1829591168175
1495,LOAD,30332957,3296.744198068128
1496,LOAD,31538101,3170.767954608301
1497,LOAD,24447646,4090.3733635541025
1498,LOAD,31048591,3220.758069182592
1499,LOAD,28252239,3539.542476615747
1500,LOAD,28974226,3451.3432731559424
1501,LOAD,29178671,3427.160887485246
1502,LOAD,30595633,3268.4403032288956
1503,LOAD,29045146,3442.916072792335
1504,LOAD,27437508,3644.6458621533707
1505,LOAD,26186453,3818.7684296151137
1506,LOAD,28623910,3493.582812411023
1507,LOAD,30862908,3240.1353754480947
1508,LOAD,31457424,3178.899836172218
1509,LOAD,28228166,3542.561000952028
1510,LOAD,27812522,3595.502773894435
1511,LOAD,28335332,3529.1628134090683
1512,LOAD,28831609,3468.4155157625783
1513,LOAD,29275110,3415.87102490819
1514,LOAD,30535701,3274.8552260188817
1515,LOAD,30056133,3327.107981588982
1516,LOAD,29193742,3425.3916472920805
1517,LOAD,27980681,3573.894430946838
1518,LOAD,28534566,3504.5214985922685
1519,LOAD,28933905,3456.1529112644835
1520,LOAD,30944225,3231.620762840239
1521,LOAD,30141583,3317.675783650779
1522,LOAD,30756906,3251.3023254029517
1523,LOAD,30032496,3329.7265735089086
1524,LOAD,31366412,3188.1236527786477
1525,LOAD,28925628,3457.141881241092
1526,LOAD,29796307,3356.1206091748218
1527,LOAD,26919564,3714.7704175297936
1528,LOAD,30688063,3258.5960215214627
1529,LOAD,32793265,3049.406638832699
1530,LOAD,33349284,2998.565126615612
1531,LOAD,32881247,3041.247188709114
1532,LOAD,30045684,3328.265051313194
1533,LOAD,30723820,3254.803601895858
1534,LOAD,33656292,2971.2126338813555
1535,LOAD,31468621,3177.7687366726364
1536,LOAD,34165938,2926.891689612034
1537,LOAD,32944556,3035.4028750607536
1538,LOAD,31948560,3130.031525677527
1539,LOAD,26107442,3830.3254681174817
1540,LOAD,27797235,3597.480109082792
1541,LOAD,25318005,3949.7582846673745
1542,LOAD,26972518,3707.4773664068
1543,LOAD,28602463,3496.2024074640003
1544,LOAD,28918159,3458.0347939853295
1545,LOAD,29866591,3348.2227683768797
1546,LOAD,30833655,3243.209408680223
1547,LOAD,28652308,3490.1202374342756
1548,LOAD,28077147,3561.615430513649
1549,LOAD,25950134,3853.544648362895
1550,LOAD,38371033,2606.132600078815
1551,LOAD,30975640,3228.3433046096866
1552,LOAD,31207757,3204.3315384697466
1553,LOAD,32752207,3053.22935947492
1554,LOAD,31713615,3153.2198394916504
1555,LOAD,33227340,3009.569830145898
1556,LOAD,30982504,3227.6280832562793
1557,LOAD,30267230,3303.9032643555424
1558,LOAD,33594393,2976.68721086879
1559,LOAD,30338842,3296.104709599661
1560,LOAD,31717362,3152.847326962438
1561,LOAD,27172889,3680.1386852903274
1562,LOAD,29508392,3388.866462123724
1563,LOAD,28352347,3527.044868631158
1564,LOAD,28834376,3468.0826802008824
1565,LOAD,30505919,3278.05236747662
1566,LOAD,32339037,3092.238027990753
1567,LOAD,31773277,3147.298907821186
1568,LOAD,33602318,2975.985168642235
1569,LOAD,33638656,2972.7703746546827
1570,LOAD,31315763,3193.2800104535213
1571,LOAD,29721254,3364.5955853679657
1572,LOAD,33715242,2966.017565586508
1573,LOAD,30300013,3300.3286170207257
1574,LOAD,32676579,3060.2958773621926
1575,LOAD,26642120,3753.4550553784757
1576,LOAD,30671514,3260.354216619369
1577,LOAD,30743782,3252.69025131651
1578,LOAD,33268832,3005.8163749181213
1579,LOAD,30121322,3319.907406454471
1580,LOAD,31784813,3146.156625178194
1581,LOAD,30507630,3277.868520104643
1582,LOAD,29933348,3340.7556014115094
1583,LOAD,29091786,3437.3963839827506
1584,LOAD,30887889,3237.514871929254
1585,LOAD,29513635,3388.264441164228
1586,LOAD,30832835,3243.2956619136708
1587,LOAD,29541479,3385.0708693359597
1588,LOAD,31001204,3225.6811703184176
1589,LOAD,28387305,3522.701432911648
1590,LOAD,27573569,3626.66145974792
1591,LOAD,25095250,3984.817844014306
1592,LOAD,31091706,3216.2918303678803
1593,LOAD,28082127,3560.983824337807
1594,LOAD,28351600,3527.137798219501
1595,LOAD,29327071,3409.8188666710016
1596,LOAD,30974539,3228.458057115878
1597,LOAD,30522220,3276.3016582673213
1598,LOAD,30999717,3225.835900372897
1599,LOAD,30339775,3296.003348739402
1600,LOAD,33309008,3002.1908788157243
1601,LOAD,29508112,3388.8986187933674
1602,LOAD,31875221,3137.2331504776075
1603,LOAD,30424265,3286.8501506938624
1604,LOAD,28945281,3454.7945829235514
1605,LOAD,29985318,3334.9654654321157
1606,LOAD,32083258,3116.8904355037757
1607,LOAD,28637526,3491.921753296706
1608,LOAD,29460557,3394.368952358912
1609,LOAD,30371478,3292.5628446531314
1610,LOAD,33827181,2956.202587499088
1611,LOAD,31019133,3223.8167327242836
1612,LOAD,32918591,3037.7970916191402
1613,LOAD,30723820,3254.803601895858
1614,LOAD,31647036,3159.853579968753
1615,LOAD,29565516,3382.318779756795
1616,LOAD,30384623,3291.138415638726
1617,LOAD,30326623,3297.4327540524378
1618,LOAD,33125300,3018.8405840852765
1619,LOAD,31134889,3211.8309463059272
1620,LOAD,31336984,3191.1175625580304
1621,LOAD,28490218,3509.976652337304
1622,LOAD,27613757,3621.383356129338
1623,LOAD,29225221,3421.7020976505187
1624,LOAD,29395511,3401.8799673188196
1625,LOAD,30698100,3257.5305963561264
1626,LOAD,31764334,3148.185005232598
1627,LOAD,28490618,3509.9273732847773
1628,LOAD,27523987,3633.194565889019
1629,LOAD,28326591,3530.2518400466897
1630,LOAD,30744189,3252.647191311503
1631,LOAD,30974614,3228.4502399287367
1632,LOAD,27749601,3603.6554183247536
1633,LOAD,29026092,3445.1761539238555
1634,LOAD,29164771,3428.794280606558
1635,LOAD,30109554,3321.204957071101
1636,LOAD,32634886,3064.205586622855
1637,LOAD,28608795,3495.428591102841
1638,LOAD,31039407,3221.7110333325636
1639,LOAD,30614839,3266.389870611438
1640,LOAD,32308817,3095.1303478552
1641,LOAD,30860089,3240.4313545563655
1642,LOAD,31824974,3142.1863848184134
1643,LOAD,30446921,3284.404357340435
1644,LOAD,31036698,3221.992236416387
1645,LOAD,30278290,3302.6964204385386
1646,LOAD,30085435,3323.867512635267
1647,LOAD,30922223,3233.9201486257957
1648,LOAD,32391872,3087.1942195869383
1649,LOAD,30424901,3286.781442608474
1650,LOAD,31907999,3134.0103777739246
1651,LOAD,30352940,3294.5737711075103
1652,LOAD,31623998,3162.1555250541064
1653,LOAD,33646707,2972.059048750298
1654,LOAD,32362716,3089.9755137980387
1655,LOAD,31761959,3148.420410718369
1656,LOAD,32084965,3116.724609174422
1657,LOAD,33361333,2997.482144973044
1658,LOAD,32045726,3120.5409420276515
1659,LOAD,33049339,3025.7791237519154
1660,LOAD,31731391,3151.453398308319
1661,LOAD,34017729,2939.6436193609516
1662,LOAD,31957717,3129.1346625292413
1663,LOAD,32602439,3067.2551829634585
1664,LOAD,28259414,3538.6437949491806
1665,LOAD,33542669,2981.27736943056
1666,LOAD,34352340,2911.0098467819075
1667,LOAD,31872496,3137.501374225602
1668,LOAD,29673909,3369.9638291672327
1669,LOAD,32201749,3105.421385652065
1670,LOAD,32774033,3051.196049018441
1671,LOAD,32856745,3043.515113867792
1672,LOAD,32590528,3068.376185866028
1673,LOAD,32522834,3074.76279588673
1674,LOAD,31677625,3156.802317092901
1675,LOAD,32935699,3036.2191493187984
1676,LOAD,31994598,3125.5276281327237
1677,LOAD,32585451,3068.8542564594245
1678,LOAD,32923136,3037.377727322209
1679,LOAD,32778225,3050.8058322255097
1680,LOAD,33563903,2979.3912823547366
1681,LOAD,31638007,3160.755353521478
1682,LOAD,33937723,2946.573640193834
1683,LOAD,33909909,2948.9905148374182
1684,LOAD,31430906,3181.5818481338083
1685,LOAD,30650113,3262.630711997701
1686,LOAD,30216311,3309.470835139339
1687,LOAD,31898821,3134.912102237258
1688,LOAD,33052835,3025.4590869436765
1689,LOAD,31449156,3179.7355706461562
1690,LOAD,31138833,3211.4241403972974
1691,LOAD,31977600,3127.1890323226257
1692,LOAD,32633245,3064.3596737008534
1693,LOAD,31859428,3138.7883046738943
1694,LOAD,28838692,3467.5636467839804
1695,LOAD,33952512,2945.2901747004757
1696,LOAD,32950387,3034.865721000485
1697,LOAD,31905296,3134.27588949496
1698,LOAD,32041759,3120.927287418896
1699,LOAD,33248726,3007.6340368650513
1700,LOAD,31478421,3176.779419780935
1701,LOAD,32936474,3036.1477066427933
1702,LOAD,31292987,3195.604178022379
1703,LOAD,33162940,3015.4141942783117
1704,LOAD,31770786,3147.545672933619
1705,LOAD,32726213,3055.65449934583
1706,LOAD,31337191,3191.096483408484
1707,LOAD,35829054,2791.03098842632
1708,LOAD,31933545,3131.5032515181138
1709,LOAD,31712987,3153.2822814829774
1710,LOAD,28975377,3451.2061741250163
1711,LOAD,30514788,3277.0996147834944
1712,LOAD,29141874,3431.4883112870502
1713,LOAD,30334065,3296.6237792396105
1714,LOAD,29704148,3366.5331858702025
1715,LOAD,30860403,3240.3983836504017
1716,LOAD,29136810,3432.0847065962266
1717,LOAD,29747029,3361.6802538498887
1718,LOAD,29730711,3363.525345895697
1719,LOAD,31111381,3214.257830599034
1720,LOAD,32661644,3061.6952410601257
1721,LOAD,31537149,3170.863669382416
1722,LOAD,33944927,2945.9483003159794
1723,LOAD,33052532,3025.486822008069
1724,LOAD,31662319,3158.328358702974
1725,LOAD,28380830,3523.505126523784
1726,LOAD,31033015,3222.374622639792
1727,LOAD,31861959,3138.5389705636117
1728,LOAD,30733668,3253.7606640378885
1729,LOAD,31044775,3221.1539623012245
1730,LOAD,33856573,2953.636211201884
1731,LOAD,31024909,3223.2165451315263
1732,LOAD,33269110,3005.7912580168213
1733,LOAD,31456134,3179.0302012319758
1734,LOAD,33801681,2958.432747767781
1735,LOAD,32508307,3076.136816352817
1736,LOAD,32213934,3104.246752352569
1737,LOAD,31449832,3179.667223659573
1738,LOAD,33883042,2951.328868287564
1739,LOAD,31867980,3137.945988418469
1740,LOAD,32436602,3082.9369858162086
1741,LOAD,32479974,3078.8201985629667
1742,LOAD,33746781,2963.245590742418
1743,LOAD,30560063,3272.2445631083942
1744,LOAD,34552422,2894.153121885349
1745,LOAD,31369857,3187.7735368701233
1746,LOAD,33497184,2985.325572442149
1747,LOAD,32120311,3113.2948868396697
1748,LOAD,32439626,3082.6495965150766
1749,LOAD,29237909,3420.217225520471
1750,LOAD,32268369,3099.0100553269367
1751,LOAD,32021828,3122.869812429197
1752,LOAD,31146173,3210.667326608633
1753,LOAD,32419496,3084.5636835316623
1754,LOAD,31916478,3133.1777898551336
1755,LOAD,31316577,3193.1970087279974
1756,LOAD,32983402,3031.8279478872437
1757,LOAD,33197413,3012.2829149367753
1758,LOAD,31796928,3144.9579028514954
1759,LOAD,32370766,3089.207095068433
1760,LOAD,31954740,3129.4261821563878
1761,LOAD,33524384,2982.903429336688
1762,LOAD,31148266,3210.451586614806
1763,LOAD,32445181,3082.1218103236965
1764,LOAD,33507255,2984.4282976925447
1765,LOAD,33181394,3013.737156431704
1766,LOAD,31290952,3195.812003418752
1767,LOAD,29012445,3446.7967108597704
1768,LOAD,31431204,3181.551683479895
1769,LOAD,32935752,3036.2142634544975
1770,LOAD,30409866,3288.4064665066267
1771,LOAD,31353878,3189.3981344189706
1772,LOAD,29059561,3441.208213709767
1773,LOAD,33111321,3020.115083901364
1774,LOAD,32719449,3056.286186237427
1775,LOAD,34316099,2914.0841445876467
1776,LOAD,34934041,2862.5374316129073
1777,LOAD,32154896,3109.9463049110777
1778,LOAD,31994731,3125.5146355192046
1779,LOAD,32979043,3032.2286792858117
1780,LOAD,30087178,3323.6749554910066
1781,LOAD,31277349,3197.2019111977806
1782,LOAD,31681677,3156.398570694348
1783,LOAD,32004241,3124.5858947256397
1784,LOAD,33137813,3017.7006551397944
1785,LOAD,31846890,3140.0240337439545
1786,LOAD,33770505,2961.1638913898387
1787,LOAD,32529067,3074.17363061781
1788,LOAD,31892226,3135.560371358211
1789,LOAD,30852939,3241.1823068136227
1790,LOAD,35289131,2833.733706845884
1791,LOAD,32300779,3095.9005663609537
1792,LOAD,33249751,3007.5413196327395
1793,LOAD,32611238,3066.4275916173438
1794,LOAD,30686403,3258.7722972940164
1795,LOAD,29409724,3400.2359219692103
1796,LOAD,31347720,3190.0246652707115
1797,LOAD,31838799,3140.8219889198713
1798,LOAD,30110092,3321.145614566704
1799,LOAD,32204860,3105.121400931412
1800,LOAD,29744957,3361.9144246871833
1801,LOAD,30402299,3289.224936574698
1802,LOAD,31929732,3131.87721087042
1803,LOAD,31233099,3201.7315989040985
1804,LOAD,31235531,3201.4823119222783
1805,LOAD,33613390,2975.004901320575
1806,LOAD,31792475,3145.3984000931036
1807,LOAD,31826355,3142.0500399747316
1808,LOAD,30697313,3257.6141110461363
1809,LOAD,30541187,3274.2669759364626
1810,LOAD,29942270,3339.760145105899
1811,LOAD,31084773,3217.0091768082075
1812,LOAD,31210737,3204.025589014447
1813,LOAD,32705559,3057.58418622351
1814,LOAD,31818908,3142.7854155145737
1815,LOAD,33022084,3028.2764709822677
1816,LOAD,30614931,3266.3800548823706
1817,LOAD,32403195,3086.1154278150657
1818,LOAD,29978243,3335.7525322614806
1819,LOAD,31268978,3198.0578322706933
1820,LOAD,31850232,3139.6945554431127
1821,LOAD,32082121,3117.0008990365695
1822,LOAD,32591832,3068.253420059357
1823,LOAD,30474665,3281.4142501648503
1824,LOAD,31502398,3174.3615200341255
1825,LOAD,33725482,2965.1169996621547
1826,LOAD,31839352,3140.76743772926
1827,LOAD,32567416,3070.5537092657273
1828,LOAD,31416253,3183.065784452398
1829,LOAD,33242949,3008.1567071561553
1830,LOAD,31661316,3158.428411503805
1831,LOAD,32431610,3083.4115235105505
1832,LOAD,30767074,3250.2278247193735
1833,LOAD,34181073,2925.5956944359236
1834,LOAD,31410037,3183.695708476879
1835,LOAD,34117985,2931.005450644286
1836,LOAD,31918509,3132.978423271588
1837,LOAD,30879638,3238.3799317854696
1838,LOAD,29147974,3430.7701797730433
1839,LOAD,30329796,3297.087787863789
1840,LOAD,30625823,3265.2183747029426
1841,LOAD,31845875,3140.124113405582
1842,LOAD,29825909,3352.7896836270775
1843,LOAD,29444878,3396.1764079987015
1844,LOAD,29799297,3355.783862954888
1845,LOAD,29796864,3356.0578723989206
1846,LOAD,28008401,3570.357336714795
1847,LOAD,29102571,3436.1225336414436
1848,LOAD,28910627,3458.9357055452306
1849,LOAD,33850638,2954.1540694151763
1850,LOAD,31908614,3133.949973508721
1851,LOAD,31287882,3196.1255798650736
1852,LOAD,30673977,3260.0924229681727
1853,LOAD,28796517,3472.6421948876664
1854,LOAD,30917030,3234.4633362260215
1855,LOAD,32459887,3080.7254504613647
1856,LOAD,30268709,3303.7418279055114
1857,LOAD,30605280,3267.4100678052937
1858,LOAD,29991945,3334.228573705373
1859,LOAD,30446474,3284.4525773329287
1860,LOAD,31422058,3182.4777358631313
1861,LOAD,32595524,3067.905887937252
1862,LOAD,31189767,3206.179770435605
1863,LOAD,32182421,3107.286428202527
1864,LOAD,28633625,3492.397487220008
1865,LOAD,30204530,3310.761663896111
1866,LOAD,31580004,3166.5607135451914
1867,LOAD,33847278,2954.4473266062932
1868,LOAD,31416802,3183.010161250658
1869,LOAD,33332811,3000.047010736658
1870,LOAD,31874519,3137.3022444668104
1871,LOAD,34241724,2920.4137034689024
1872,LOAD,33090544,3022.0113637297713
1873,LOAD,33703427,2967.057326247565
1874,LOAD,32946842,3035.1922651645946
1875,LOAD,31595235,3165.0342211412576
1876,LOAD,33706930,2966.7489741723734
1877,LOAD,32245677,3101.190897620168
1878,LOAD,33203586,3011.722890413102
1879,LOAD,31310658,3193.8006540775987
1880,LOAD,31865971,3138.1438211940886
1881,LOAD,31362336,3188.5379966594323
1882,LOAD,31134201,3211.901920977513
1883,LOAD,32736165,3054.725561164541
1884,LOAD,31449147,3179.736480611064
1885,LOAD,31346915,3190.1065862462065
1886,LOAD,29270173,3416.447179864636
1887,LOAD,29369456,3404.8979320556705
1888,LOAD,28639694,3491.6574178481096
1889,LOAD,31422715,3182.411195213399
1890,LOAD,29678908,3369.3962055477245
1891,LOAD,30377096,3291.9539115918124
1892,LOAD,32838532,3045.2031168750177
1893,LOAD,31080355,3217.466467162296
1894,LOAD,30653713,3262.247545672526
1895,LOAD,32080318,3117.176082855538
1896,LOAD,29016856,3446.272745744749
1897,LOAD,31829185,3141.7706736757477
1898,LOAD,30139497,3317.9054049906676
1899,LOAD,28851310,3466.0471222970464
1900,LOAD,28959209,3453.132991305115
1901,LOAD,31116376,3213.741857342256
1902,LOAD,30944757,3231.5652050523454
1903,LOAD,32428919,3083.6673895913705
1904,LOAD,32353948,3090.812904811493
1905,LOAD,32204492,3105.1568830832666
1906,LOAD,31774629,3147.1649912891194
1907,LOAD,31402925,3184.416738249701
1908,LOAD,30987200,3227.138947694532
1909,LOAD,33704350,2966.9760728214605
1910,LOAD,30952343,3230.7731921942063
1911,LOAD,33047781,3025.9217706629074
1912,LOAD,30898245,3236.429771334909
1913,LOAD,31720731,3152.5124688961296
1914,LOAD,29827996,3352.5550962257066
1915,LOAD,31807018,3143.9602417303
1916,LOAD,34492981,2899.1405526822978
1917,LOAD,31764101,3148.2080981923586
1918,LOAD,32693915,3058.673150645923
1919,LOAD,31749380,3149.6678045366557
1920,LOAD,32498893,3077.027885226737
1921,LOAD,32316052,3094.43740219257
1922,LOAD,33513035,2983.913572733714
1923,LOAD,31283872,3196.53526264268
1924,LOAD,31398253,3184.8905733704355
1925,LOAD,31596909,3164.8665380528205
1926,LOAD,31146766,3210.6061990512917
1927,LOAD,33441697,2990.2788725105665
1928,LOAD,31335067,3191.3127870446233
1929,LOAD,32877484,3041.5952753562287
1930,LOAD,30768478,3250.0795131952905
1931,LOAD,29884400,3346.227463158036
1932,LOAD,30480981,3280.734304450372
1933,LOAD,33206053,3011.4991384251543
1934,LOAD,33684105,2968.759300566246
1935,LOAD,32281218,3097.776546101823
1936,LOAD,31448699,3179.781777300231
1937,LOAD,31542024,3170.373594288052
1938,LOAD,30635432,3264.194217989157
1939,LOAD,31512054,3173.3888244796735
1940,LOAD,33468760,2987.8609186596696
1941,LOAD,32075971,3117.5985288177244
1942,LOAD,30680072,3259.4447627111176
1943,LOAD,31082732,3217.220416789618
1944,LOAD,33181299,3013.745784937473
1945,LOAD,30539003,3274.5011354823864
1946,LOAD,33303412,3002.695339444499
1947,LOAD,29584560,3380.1415332862816
1948,LOAD,31174810,3207.7180261884514
1949,LOAD,32014962,3123.539550039135
1950,LOAD,31216117,3203.473385238786
1951,LOAD,33842936,2954.8263779478234
1952,LOAD,32171419,3108.349059766372
1953,LOAD,32415686,3084.926229850573
1954,LOAD,31423710,3182.3104273811077
1955,LOAD,33722935,2965.3409467473693
1956,LOAD,31694200,3155.15141571644
1957,LOAD,32833009,3045.7153652898523
1958,LOAD,32681719,3059.8145709532596
1959,LOAD,32502650,3076.6722098044315
1960,LOAD,32062479,3118.910424861409
1961,LOAD,30350138,3294.877934327679
1962,LOAD,32397351,3086.6721171122913
1963,LOAD,33928346,2947.3880041190337
1964,LOAD,32586608,3068.745295613462
1965,LOAD,31065878,3218.9658376949783
1966,LOAD,31422889,3182.3935730416133
1967,LOAD,30947431,3231.2859829948407
1968,LOAD,27888548,3585.7011989293956
1969,LOAD,25026578,3995.7520360953863
1970,LOAD,26333789,3797.402644944106
1971,LOAD,30540750,3274.313826608711
1972,LOAD,28190224,3547.3290315110658
1973,LOAD,29842011,3350.9806024801746
1974,LOAD,31321953,3192.6489385894934
1975,LOAD,30245478,3306.2793717460836
1976,LOAD,29991878,3334.2360221657345
1977,LOAD,31012934,3224.4611232203956
1978,LOAD,31634567,3161.0990597721793
1979,LOAD,26730279,3741.0758039599964
1980,LOAD,32248859,3100.884902625547
1981,LOAD,32386707,3087.6865622676614
1982,LOAD,32881527,3041.221291213148
1983,LOAD,33317276,3001.4458564979923
1984,LOAD,26457198,3779.6897464349777
1985,LOAD,28109835,3557.4737453990747
1986,LOAD,24951198,4007.823592278014
1987,LOAD,21922834,4561.454052883856
1988,LOAD,24074488,4153.774734482411
1989,LOAD,23946034,4176.056878562856
1990,LOAD,31555278,3169.0419586859607
1991,LOAD,31027031,3222.996102978722
1992,LOAD,27576487,3626.277705350939
1993,LOAD,25288636,3954.3453431019375
1994,LOAD,26094496,3832.225768989752
1995,LOAD,22285327,4487.2574676602235
1996,LOAD,26778338,3734.361706839312
1997,LOAD,26047868,3839.085793892997
1998,LOAD,27052917,3696.459054674215
1999,LOAD,23060408,4336.436718725879
2000,LOAD,24942962,4009.1469489469614
2001,LOAD,25140502,3977.645315117415
2002,LOAD,25639863,3900.1768457187154
2003,LOAD,22769940,4391.7550946554975
2004,LOAD,27239259,3671.1718185872824
2005,LOAD,27856522,3589.823596786419
2006,LOAD,29363447,3405.5947178136134
2007,LOAD,26374799,3791.498088762686
2008,LOAD,25426893,3932.843859452274
2009,LOAD,30764805,3250.4675391246587
2010,LOAD,30948276,3231.1977571868624
2011,LOAD,27274806,3666.3872146331673
2012,LOAD,30199264,3311.338978327419
2013,LOAD,25593442,3907.250927796269
2014,LOAD,26777484,3734.480804843353
2015,LOAD,22809579,4384.123003760832
2016,LOAD,23424121,4269.103630398768
2017,LOAD,21295287,4695.874725708088
2018,LOAD,28680953,3486.6344922360145
2019,LOAD,23394883,4274.438987363176
2020,LOAD,29747997,3361.5708647543565
2021,LOAD,25482712,3924.2291008900465
2022,LOAD,24909788,4014.486193138215
2023,LOAD,22894138,4367.930340945792
2024,LOAD,23892187,4185.468663877443
2025,LOAD,21294922,4695.955214111608
2026,LOAD,23699242,4219.544236900067
2027,LOAD,22620291,4420.80961734754
2028,LOAD,24403639,4097.749520061332
2029,LOAD,22027486,4539.782706024646
2030,LOAD,27603383,3622.7443570956502
2031,LOAD,24088781,4151.310105729302
2032,LOAD,24355105,4105.915371746499
2033,LOAD,26008933,3844.8328503133907
2034,LOAD,29826568,3352.7156057646325
2035,LOAD,31121792,3213.18258280243
2036,LOAD,27451148,3642.8349007480488
2037,LOAD,28560632,3501.323079965457
2038,LOAD,26866128,3722.158995148091
2039,LOAD,27595450,3623.785805268622
2040,LOAD,28211156,3544.6969985916207
2041,LOAD,26075758,3834.9796005930107
2042,LOAD,30697906,3257.551182807062
2043,LOAD,27339369,3657.728896376504
2044,LOAD,27734261,3605.6486235562575
2045,LOAD,23774619,4206.166248132094
2046,LOAD,24340446,4108.388153610661
2047,LOAD,23448852,4264.60109859536
2048,LOAD,26074898,3835.1060855540068
2049,LOAD,23597049,4237.818042417083
2050,LOAD,26037859,3840.5615454020235
2051,LOAD,26235103,3811.6869600245136
2052,LOAD,26705642,3744.52709281432
2053,LOAD,22943829,4358.4704192138115
2054,LOAD,23581580,4240.597958236895
2055,LOAD,22285702,4487.1819608823635
2056,LOAD,23381273,4276.927094602591
2057,LOAD,22208587,4502.762827729653
2058,LOAD,24566335,4070.611265375971
2059,LOAD,21008240,4760.037014047821
2060,LOAD,24166200,4138.010940900927
2061,LOAD,25712759,3889.119794573581
2062,LOAD,26574265,3763.0391658997905
2063,LOAD,28057166,3564.151846269862
2064,LOAD,27530769,3632.2995554537542
2065,LOAD,28946845,3454.6079201377556
2066,LOAD,29518910,3387.6589616622023
2067,LOAD,27893583,3585.0539530902142
2068,LOAD,28366681,3525.2626135570813
2069,LOAD,25051740,3991.7386975914646
2070,LOAD,23851883,4192.541108808893
2071,LOAD,26560299,3765.0178561619355
2072,LOAD,23035177,4341.186525286956
2073,LOAD,29247050,3419.1482559779533
2074,LOAD,24643634,4057.8430924594973
2075,LOAD,20136953,4965.994607029177
2076,LOAD,27154627,3682.613648127076
2077,LOAD,27940437,3579.0420887117834
2078,LOAD,24991921,4001.29305786458
2079,LOAD,26460982,3779.149239434878
2080,LOAD,24414257,4095.9673685748453
2081,LOAD,23818866,4198.352683960688
2082,LOAD,28606354,3495.7268584455046
2083,LOAD,27044917,3697.5524827826243
2084,LOAD,29572793,3381.486489963934
2085,LOAD,27149724,3683.278695577163
2086,LOAD,27649047,3616.761185295102
2087,LOAD,25658046,3897.412920687725
2088,LOAD,24579945,4068.3573539322397
2089,LOAD,25760223,3881.953972215225
2090,LOAD,29832302,3352.071187801733
2091,LOAD,26766899,3735.9576094339504
2092,LOAD,28784599,3474.080010633464
2093,LOAD,25093646,3985.0725558175163
2094,LOAD,28227027,3542.7039482408118
2095,LOAD,25871875,3865.2011112453197
2096,LOAD,26389107,3789.4423634721707
2097,LOAD,22758153,4394.02969124955
2098,LOAD,22883574,4369.946757442697
2099,LOAD,22282596,4487.807435004432
2100,LOAD,23999604,4166.735417801061
2101,LOAD,23286716,4294.29379393814
2102,LOAD,25269162,3957.3928094647536
2103,LOAD,21333233,4687.522046002123
2104,LOAD,26123511,3827.9693721108165
2105,LOAD,22459406,4452.477505415772
2106,LOAD,25392130,3938.2281045347513
2107,LOAD,23042382,4339.82910273773
2108,LOAD,26966146,3708.353429518627
2109,LOAD,21863952,4573.738544614441
2110,LOAD,27967823,3575.537502507793
2111,LOAD,24805308,4031.395215894921
2112,LOAD,25824495,3872.2925656435877
2113,LOAD,23177958,4314.443921246211
2114,LOAD,27939109,3579.2122075188586
2115,LOAD,26999955,3703.709876553498
2116,LOAD,25819509,3873.0403432536223
2117,LOAD,24618295,4062.019729636029
2118,LOAD,24769192,4037.273399955881
2119,LOAD,21301484,4694.508607944874
2120,LOAD,26119612,3828.5407914941466
2121,LOAD,22552214,4434.154447097743
2122,LOAD,25251742,3960.122830337804
2123,LOAD,25473456,3925.6550033886256
2124,LOAD,27864606,3588.7821274056414
2125,LOAD,25440360,3930.7619860725245
2126,LOAD,27620238,3620.5336101738153
2127,LOAD,24199900,4132.248480365622
2128,LOAD,28079472,3561.3205262549095
2129,LOAD,27770059,3601.000631651521
2130,LOAD,20383185,4906.004630777771
2131,LOAD,27133437,3685.489604579029
2132,LOAD,27235527,3671.6748679032353
2133,LOAD,26377047,3791.1749560138405
2134,LOAD,30865292,3239.885111082053
2135,LOAD,31341157,3190.692672896537
2136,LOAD,25928635,3856.7398553761122
2137,LOAD,23514506,4252.694060423808
2138,LOAD,21827856,4581.301984033613
2139,LOAD,23162776,4317.271815778903
2140,LOAD,21791673,4588.908800164173
2141,LOAD,22552235,4434.1503181392
2142,LOAD,21375383,4678.278747098941
2143,LOAD,23274310,4296.5827988026285
2144,LOAD,21084705,4742.774442421652
2145,LOAD,23804047,4200.966331481365
2146,LOAD,21482959,4654.852248240105
2147,LOAD,29762011,3359.988006186813
2148,LOAD,25666892,3896.0696916479014
2149,LOAD,28530827,3504.9807704487503
2150,LOAD,27676527,3613.1701062058833
2151,LOAD,27550137,3629.7460154190885
2152,LOAD,25883933,3863.4005118155733
2153,LOAD,24820876,4028.8666685253174
2154,LOAD,23654659,4227.497001753439
2155,LOAD,24543774,4074.353031444961
2156,LOAD,22614190,4422.002291481587
2157,LOAD,25755104,3882.7255366547924
2158,LOAD,22576625,4429.3600128451435
2159,LOAD,28340753,3528.487757541234
2160,LOAD,27168104,3680.786852111579
2161,LOAD,31003601,3225.4317812953404
2162,LOAD,29703319,3366.62714358621
2163,LOAD,29185890,3426.31319449227
2164,LOAD,29031635,3444.5183676358565
2165,LOAD,24178060,4135.981133308463
2166,LOAD,28160116,3551.121735436033
2167,LOAD,25886224,3863.0585905460757
2168,LOAD,28753636,3477.8210310515165
2169,LOAD,32555435,3071.683729613811
2170,LOAD,25809774,3874.5011870309286
2171,LOAD,29305417,3412.3384082881335
2172,LOAD,27581395,3625.632423595688
2173,LOAD,24879434,4019.3840422575527
2174,LOAD,24386759,4100.5858958133795
2175,LOAD,24417007,4095.506054448033
2176,LOAD,26755212,3737.589520875409
2177,LOAD,23213591,4307.821224213006
2178,LOAD,24474626,4085.864274289626
2179,LOAD,23567204,4243.184723991866
2180,LOAD,26590714,3760.7113520908088
2181,LOAD,21214823,4713.685332184954
2182,LOAD,25863305,3866.4818746096066
2183,LOAD,24619082,4061.8898787533994
2184,LOAD,23708937,4217.818791285329
2185,LOAD,24925237,4011.997960139757
2186,LOAD,25437626,3931.184458801305
2187,LOAD,20424021,4896.195514095878
2188,LOAD,23831053,4196.20568172124
2189,LOAD,21632492,4622.67592656454
2190,LOAD,25362335,3942.854630695478
2191,LOAD,25129409,3979.4011868723214
2192,LOAD,23744972,4211.417895123228
2193,LOAD,24312288,4113.146405636524
2194,LOAD,25969882,3850.6143385634177
2195,LOAD,22208027,4502.876369881935
2196,LOAD,30065648,3326.055037962262
2197,LOAD,27975072,3574.6109965329133
2198,LOAD,27061386,3695.3022287919766
2199,LOAD,26615816,3757.1645370557117
2200,LOAD,24411045,4096.506315071722
2201,LOAD,24564115,4070.979149869637
2202,LOAD,27850980,3590.537927211179
2203,LOAD,23661502,4226.274392893571
2204,LOAD,25237867,3962.2999835921155
2205,LOAD,27181204,3679.012894351553
2206,LOAD,29476601,3392.5214104570605
2207,LOAD,24631973,4059.7641122779733
2208,LOAD,31521161,3172.4719784274444
2209,LOAD,28899565,3460.259695950441
2210,LOAD,27571863,3626.8858582388866
2211,LOAD,27033995,3699.046330370336
2212,LOAD,29053581,3441.916505920561
2213,LOAD,27801009,3596.9917494721144
2214,LOAD,26014390,3844.0263254298875
2215,LOAD,27862198,3589.092289129522
2216,LOAD,29059677,3441.194477144395
2217,LOAD,26424772,3784.327826934514
2218,LOAD,24679953,4051.8715736614245
2219,LOAD,25115771,3981.5620233199297
2220,LOAD,25770194,3880.4519671058742
2221,LOAD,21955533,4554.660549575362
2222,LOAD,27523015,3633.3228754189904
2223,LOAD,24543539,4074.39204264715
2224,LOAD,26917461,3715.0606440926954
2225,LOAD,22499219,4444.598721404507
2226,LOAD,28994758,3448.8992803457786
2227,LOAD,27658391,3615.53931318709
2228,LOAD,29275474,3415.8285532797863
2229,LOAD,26281775,3804.918046821419
2230,LOAD,26172550,3820.7969800420665
2231,LOAD,26599137,3759.520468652799
2232,LOAD,28067052,3562.896452395499
2233,LOAD,24420160,4094.9772646862266
2234,LOAD,25218048,3965.413976529825
2235,LOAD,21113346,4736.340701279655
2236,LOAD,25331997,3947.5766557212214
2237,LOAD,25248863,3960.5743830920233
2238,LOAD,24849219,4024.271346314747
2239,LOAD,21950356,4555.734768037475
2240,LOAD,26451308,3780.5313824178374
2241,LOAD,23057759,4336.93491201812
2242,LOAD,23868569,4189.610194058974
2243,LOAD,22127507,4519.261930410868
2244,LOAD,24576477,4068.931442045172
2245,LOAD,23103596,4328.330533480589
2246,LOAD,29703341,3366.6246500688258
2247,LOAD,25847865,3868.7914843256876
2248,LOAD,27242467,3670.7395112197437
2249,LOAD,23365541,4279.8067461823375
2250,LOAD,29439625,3396.782397873614
2251,LOAD,32296238,3096.335864257627
2252,LOAD,30378307,3291.822681231051
2253,LOAD,25996868,3846.6172155815075
2254,LOAD,28573523,3499.7434513063017
2255,LOAD,25437149,3931.2581767713036
2256,LOAD,30187416,3312.6386173629435
2257,LOAD,31638063,3160.749758921714
2258,LOAD,33665643,2970.3873471241886
2259,LOAD,30582440,3269.8502800953747
2260,LOAD,30316053,3298.5824374960685
2261,LOAD,26757038,3737.3344538360334
2262,LOAD,26730714,3741.0149238811955
2263,LOAD,27861522,3589.1793707465085
2264,LOAD,24067622,4154.9597214049645
2265,LOAD,27081402,3692.571012387025
2266,LOAD,28072182,3562.2453573434373
2267,LOAD,25885654,3863.1436547826834
2268,LOAD,22731028,4399.2730993072555
2269,LOAD,26384259,3790.1386580536523
2270,LOAD,22664524,4412.181786831261
2271,LOAD,27633286,3618.8240515442135
2272,LOAD,30204986,3310.711681839548
2273,LOAD,30680618,3259.3867568117435
2274,LOAD,23750701,4210.402042449189
2275,LOAD,26439687,3782.193034282138
2276,LOAD,27198700,3676.6463103015953
2277,LOAD,26566651,3764.1176526164327
2278,LOAD,21752430,4597.1875326112995
2279,LOAD,25628445,3901.914454817684
2280,LOAD,26362436,3793.2761600635085
2281,LOAD,30326542,3297.4415612568027
2282,LOAD,25550803,3913.7713206117237
2283,LOAD,29002355,3447.9958610257686
2284,LOAD,26136835,3826.0179551196616
2285,LOAD,28717600,3482.185140819567
2286,LOAD,26723265,3742.0577163755997
2287,LOAD,28849053,3466.318287813468
2288,LOAD,26713032,3743.491191864705
2289,LOAD,29949881,3338.9114300654483
2290,LOAD,25489038,3923.2551656127625
2291,LOAD,26779388,3734.2152852783643
2292,LOAD,27633708,3618.768787742854
2293,LOAD,28607008,3495.6469407775885
2294,LOAD,30348520,3295.0535973418146
2295,LOAD,27891810,3585.2818443837095
2296,LOAD,26693390,3746.2457934342547
2297,LOAD,28050132,3565.045611906568
2298,LOAD,31557756,3168.7931169757444
2299,LOAD,29609924,3377.2460881696284
2300,LOAD,25047783,3992.36930470054
2301,LOAD,27497584,3636.6831355074687
2302,LOAD,30035394,3329.4053009592612
2303,LOAD,27837812,3592.236343862082
2304,LOAD,25658354,3897.366136580702
2305,LOAD,28043134,3565.935248178752
2306,LOAD,28511603,3507.344010085999
2307,LOAD,26107338,3830.340726427183
2308,LOAD,27964051,3576.0197977038447
2309,LOAD,25521357,3918.2869468892272
2310,LOAD,26089975,3832.8898360385556
2311,LOAD,28232690,3541.993341760916
2312,LOAD,27391155,3650.8135564199465
2313,LOAD,24199024,4132.398066963362
2314,LOAD,27758153,3602.5451693417785
2315,LOAD,23880663,4187.4884294460335
2316,LOAD,25653095,3898.1651141899256
2317,LOAD,23321009,4287.979135036567
2318,LOAD,27491155,3637.533599443166
2319,LOAD,25894117,3861.8810597017077
2320,LOAD,24609101,4063.537306787436
2321,LOAD,24144132,4141.7931280362445
2322,LOAD,24794408,4033.167478731495
2323,LOAD,23269685,4297.436772349948
2324,LOAD,29429115,3397.99548848139
2325,LOAD,31288580,3196.0542792290353
2326,LOAD,29108044,3435.4764614207675
2327,LOAD,29060208,3441.1315982321944
2328,LOAD,28630849,3492.7361043327774
2329,LOAD,31871823,3137.567625171613
2330,LOAD,34094997,2932.9816336396802
2331,LOAD,28799558,3472.275512006122
2332,LOAD,30295289,3300.8432433174676
2333,LOAD,29130223,3432.8607783057478
2334,LOAD,26920021,3714.707354797383
2335,LOAD,26489486,3775.082687523646
2336,LOAD,25302010,3952.2551765650237
2337,LOAD,26122312,3828.145073835731
2338,LOAD,27478058,3639.2673747176746
2339,LOAD,27534186,3631.8487860872297
2340,LOAD,30166330,3314.9541226924193
2341,LOAD,26757299,3737.2979985760144
2342,LOAD,29093712,3437.1688287833467
2343,LOAD,28002503,3571.1093397615205
2344,LOAD,26034411,3841.070189757702
2345,LOAD,31854053,3139.3179385995245
2346,LOAD,28793598,3472.9942399001334
2347,LOAD,32614867,3066.0863955079135
2348,LOAD,32656913,3062.138788194708
2349,LOAD,29992696,3334.145086523732
2350,LOAD,27198181,3676.716468649135
2351,LOAD,26147063,3824.5213238672354
2352,LOAD,25600840,3906.121830377441
2353,LOAD,26209643,3815.3896258716686
2354,LOAD,27540144,3631.063076503885
2355,LOAD,22430620,4458.19152569122
2356,LOAD,31662723,3158.2880600635644
2357,LOAD,28239472,3541.14269558581
2358,LOAD,27291450,3664.151226849435
2359,LOAD,30135599,3318.33457168049
2360,LOAD,29858875,3349.088001473599
2361,LOAD,29943871,3339.5815791485343
2362,LOAD,36430624,2744.9433751121037
2363,LOAD,32393932,3086.997898248351
2364,LOAD,31843940,3140.3149233417726
2365,LOAD,32353929,3090.8147199061978
2366,LOAD,31460687,3178.570131033693
2367,LOAD,35079143,2850.696780135136
2368,LOAD,29976868,3335.9055388975257
2369,LOAD,35295298,2833.2385803910765
2370,LOAD,30166840,3314.8980801436282
2371,LOAD,32619480,3065.6527939746434
2372,LOAD,31457607,3178.8813433901696
2373,LOAD,34682075,2883.333825902862
2374,LOAD,31960882,3128.8247927575967
2375,LOAD,35598188,2809.131745694472
2376,LOAD,33519332,2983.3530095408823
2377,LOAD,32578278,3069.5299487591087
2378,LOAD,34832513,2870.8810070637164
2379,LOAD,33426041,2991.6794513594955
2380,LOAD,32772323,3051.355254859413
2381,LOAD,30785871,3248.2433256476647
2382,LOAD,34126303,2930.2910426599683
2383,LOAD,33908175,2949.1413206402294
2384,LOAD,34176939,2925.9495708495133
2385,LOAD,32697746,3058.3147841444484
2386,LOAD,31822500,3142.4306701233404
2387,LOAD,35096865,2849.2573339527617
2388,LOAD,32916708,3037.9708687758207
2389,LOAD,30447810,3284.308460936928
2390,LOAD,31844101,3140.299046281759
2391,LOAD,33127311,3018.6573247674705
2392,LOAD,30109390,3321.223047029515
2393,LOAD,31325874,3192.2493208010733
2394,LOAD,31875581,3137.1977188431483
2395,LOAD,31810904,3143.5761775270516
2396,LOAD,31159597,3209.2841252086796
2397,LOAD,30098799,3322.3917007452687
2398,LOAD,31604696,3164.086754702529
2399,LOAD,29988020,3334.664976213835
2400,LOAD,32856540,3043.534103103979
2401,LOAD,28465816,3512.985540270477
2402,LOAD,29787753,3357.0843695393874
2403,LOAD,31437387,3180.925946548929
2404,LOAD,33933967,2946.8997833350872
2405,LOAD,32331851,3092.925301431087
2406,LOAD,32252830,3100.503118641062
2407,LOAD,31668225,3157.7393428270766
2408,LOAD,33167903,3014.9629899725646
2409,LOAD,31996371,3125.3544347263633
2410,LOAD,35661161,2804.171182200153
2411,LOAD,34179076,2925.76662985272
2412,LOAD,33338997,2999.4903565935115
2413,LOAD,31762057,3148.410696448281
2414,LOAD,30917427,3234.421803599633
2415,LOAD,32857807,3043.416744154593
2416,LOAD,33202199,3011.848703153668
2417,LOAD,33381316,2995.6877673726226
2418,LOAD,32866089,3042.64982669523
2419,LOAD,32240035,3101.7336054380835
2420,LOAD,32631031,3064.5675890534994
2421,LOAD,32941414,3035.6923962037577
2422,LOAD,31513090,3173.284498600423
2423,LOAD,33094728,3021.629306033275
2424,LOAD,31869039,3137.841715277326
2425,LOAD,31013054,3224.4486466892295
2426,LOAD,30289348,3301.4906758640036
2427,LOAD,31282959,3196.628554223403
2428,LOAD,32993208,3030.9268501565534
2429,LOAD,31261815,3198.7906012494796
2430,LOAD,33710270,2966.4550298766517
2431,LOAD,33200733,3011.9816932957474
2432,LOAD,32959471,3034.029277957768
2433,LOAD,31275142,3197.4275288662157
2434,LOAD,32207546,3104.862444347669
2435,LOAD,31090607,3216.4055208056893
2436,LOAD,29233450,3420.738913812773
2437,LOAD,29955202,3338.3183328224595
2438,LOAD,32708884,3057.273369522482
2439,LOAD,29193969,3425.3650128901622
2440,LOAD,31635456,3161.010228523338
2441,LOAD,31856710,3139.0561046636644
2442,LOAD,30521699,3276.3575841567667
2443,LOAD,31780473,3146.58627012883
2444,LOAD,33097725,3021.3556974082057
2445,LOAD,31781140,3146.520231810439
2446,LOAD,32838274,3045.227042079008
2447,LOAD,31129436,3212.3935685824827
2448,LOAD,35389958,2825.6603186700586
2449,LOAD,33551038,2980.5337170194257
2450,LOAD,34577349,2892.066711071459
2451,LOAD,32162495,3109.211521058923
2452,LOAD,28583318,3498.544150822518
2453,LOAD,32553975,3071.821490309555
2454,LOAD,43774416,2284.4393857818686
2455,LOAD,36177029,2764.184974946395
2456,LOAD,31262242,3198.7469100904536
2457,LOAD,32105024,3114.7773008984514
2458,LOAD,31291052,3195.80179023703
2459,LOAD,33557675,2979.944230343729
2460,LOAD,32379615,3088.3628480449815
2461,LOAD,32375309,3088.7736083074915
2462,LOAD,32144573,3110.9450419515606
2463,LOAD,33879907,2951.601962779886
2464,LOAD,32876788,3041.659665780003
2465,LOAD,30846828,3241.8244106006623
2466,LOAD,32143556,3111.043470112641
2467,LOAD,31619532,3162.6021536308635
2468,LOAD,29873564,3347.441236003846
2469,LOAD,34196573,2924.269633685223
2470,LOAD,34452819,2902.5201101831462
2471,LOAD,31984447,3126.519586222641
2472,LOAD,32725620,3055.7098689039353
2473,LOAD,30371338,3292.5780220812135
2474,LOAD,29014829,3446.513505214868
2475,LOAD,30907967,3235.411762928309
2476,LOAD,34349365,2911.2619694716336
2477,LOAD,30935329,3232.5500724430635
2478,LOAD,33339806,2999.4175730956563
2479,LOAD,29778342,3358.1453258881907
2480,LOAD,32160746,3109.3806095169557
2481,LOAD,27791547,3598.216392919761
2482,LOAD,27676654,3613.1535264342288
2483,LOAD,28066354,3562.985060332382
2484,LOAD,27636508,3618.402151241394
2485,LOAD,34364579,2909.973085949925
2486,LOAD,32202603,3105.339031133601
2487,LOAD,32865995,3042.658528975009
2488,LOAD,33151690,3016.437472720094
2489,LOAD,34433557,2904.1437688241153
2490,LOAD,34018104,2939.6112140758933
2491,LOAD,33382809,2995.553789377041
2492,LOAD,28510966,3507.422372149719
2493,LOAD,32459311,3080.7801188386284
2494,LOAD,27556816,3628.8662666978653
2495,LOAD,27186709,3678.2679359976964
2496,LOAD,26446084,3781.2781657957376
2497,LOAD,29039808,3443.5489380646045
2498,LOAD,28333008,3529.4522911227778
2499,LOAD,30233040,3307.6395890059352
2500,LOAD,31911751,3133.641898872926
2501,LOAD,33460980,2988.5556250892832
2502,LOAD,32544459,3072.719690931104
2503,LOAD,33793762,2959.1260067464523
2504,LOAD,32998362,3030.453450992507
2505,LOAD,32779362,3050.7000105737266
2506,LOAD,33270657,3005.651496452264
2507,LOAD,33285024,3004.354150383067
2508,LOAD,32889718,3040.463892089315
2509,LOAD,31919955,3132.836496793307
2510,LOAD,33841527,2954.9494028446175
2511,LOAD,32067342,3118.4374433029093
2512,LOAD,33374935,2996.260517061681
2513,LOAD,32102373,3115.0345178532443
2514,LOAD,32664668,3061.411798215736
2515,LOAD,31426680,3182.0096809462534
2516,LOAD,33765092,2961.6386059306456
2517,LOAD,32626472,3064.995810763726
2518,LOAD,32074845,3117.707973335491
2519,LOAD,32225084,3103.1726713264734
2520,LOAD,31678165,3156.74850484553
2521,LOAD,30085273,3323.885410645933
2522,LOAD,31917003,3133.126252486801
2523,LOAD,29957828,3338.0257073376615
2524,LOAD,28954615,3453.680872634639
2525,LOAD,31827599,3141.927231143009
2526,LOAD,30825655,3244.0510996441117
2527,LOAD,30278370,3302.687694218678
2528,LOAD,31079178,3217.588315881456
2529,LOAD,31608187,3163.737293758734
2530,LOAD,28712216,3482.838106261112
2531,LOAD,31874299,3137.323898480089
2532,LOAD,31074322,3218.0911300333437
2533,LOAD,26744589,3739.0740983157375
2534,LOAD,32744431,3053.9544266321195
2535,LOAD,30560050,3272.245955094969
2536,LOAD,31435467,3181.1202295801745
2537,LOAD,31156633,3209.5894315666264
2538,LOAD,31618965,3162.658866284839
2539,LOAD,33205930,3011.5102934927586
2540,LOAD,30692002,3258.17781453292
2541,LOAD,32746115,3053.7973741312517
2542,LOAD,28460658,3513.6222078913283
2543,LOAD,30067482,3325.8521614812976
2544,LOAD,32258930,3099.9168292314716
2545,LOAD,30059223,3326.7659646425323
2546,LOAD,29478009,3392.3593686398563
2547,LOAD,32202507,3105.348288566477
2548,LOAD,30544885,3273.870567854487
2549,LOAD,32347300,3091.4481270461524
2550,LOAD,33278668,3004.927961660004
2551,LOAD,30655746,3262.031202894231
2552,LOAD,32869873,3042.2995549754633
2553,LOAD,33076862,3023.261396440811
2554,LOAD,33787402,2959.683020316271
2555,LOAD,31198175,3205.315695549499
2556,LOAD,34638024,2887.0007134356165
2557,LOAD,32742638,3054.1216624024
2558,LOAD,32237499,3101.9776068856954
2559,LOAD,33146796,3016.882838389569
2560,LOAD,32242132,3101.531871403541
2561,LOAD,33198285,3012.2037930573824
2562,LOAD,29538039,3385.4650946868883
2563,LOAD,28544676,3503.2802614399966
2564,LOAD,31440355,3180.6256640550023
2565,LOAD,33415195,2992.6504992713644
2566,LOAD,30813223,3245.3599547181416
2567,LOAD,33524462,2982.896489136798
2568,LOAD,31002731,3225.522293503756
2569,LOAD,33431073,2991.2291478050975
2570,LOAD,32126432,3112.701715521973
2571,LOAD,34014768,2939.8995165864426
2572,LOAD,29956933,3338.1254349368805
2573,LOAD,33490231,2985.9453641869477
2574,LOAD,32520157,3075.0159047510133
2575,LOAD,29401152,3401.22727163888
2576,LOAD,32054203,3119.7156890782776
2577,LOAD,32758230,3052.6679860297704
2578,LOAD,31655546,3159.004112581094
2579,LOAD,33804818,2958.1582128322657
2580,LOAD,32402232,3086.207147705133
2581,LOAD,33422255,2992.0183422692453
2582,LOAD,30518438,3276.7076742263152
2583,LOAD,33859257,2953.4020784921536
2584,LOAD,29230691,3421.0617874206255
2585,LOAD,33244341,3008.0307502561113
2586,LOAD,32092027,3116.0387594089957
2587,LOAD,33534483,2982.0051199238706
2588,LOAD,31235743,3201.4605831530885
2589,LOAD,33153169,3016.302906066084
2590,LOAD,30164164,3315.192159809236
2591,LOAD,33330110,3000.290128055383
2592,LOAD,29241096,3419.8444545307057
2593,LOAD,29087189,3437.939637274678
2594,LOAD,34524364,2896.5052042667608
2595,LOAD,34509252,2897.773617347603
2596,LOAD,30943668,3231.678933473562
2597,LOAD,32443443,3082.286920041131
2598,LOAD,34436865,2903.8647972165877
2599,LOAD,33209164,3011.2170243129276
2600,LOAD,33528593,2982.5289716153616
2601,LOAD,34410217,2906.113611547408
2602,LOAD,32192217,3106.340889787118
2603,LOAD,31721637,3152.4224301539043
2604,LOAD,32071063,3118.075630982359
2605,LOAD,33252593,3007.2842740414258
2606,LOAD,33731182,2964.6159449734073
2607,LOAD,28710295,3483.071142250541
2608,LOAD,27254296,3669.146324674833
2609,LOAD,25847107,3868.9049416632974
2610,LOAD,29207019,3423.8345241601
2611,LOAD,26264193,3807.465167500102
2612,LOAD,33299341,3003.0624329772772
2613,LOAD,32521209,3074.9164337648085
2614,LOAD,29762385,3359.945783914831
2615,LOAD,30915710,3234.6014372628024
2616,LOAD,31403296,3184.3791174021985
2617,LOAD,29120156,3434.047537382698
2618,LOAD,28134196,3554.393379501586
2619,LOAD,29590070,3379.5121133542434
2620,LOAD,30467427,3282.193799955605
2621,LOAD,33288649,3004.026988298624
2622,LOAD,33374551,2996.2949913543407
2623,LOAD,31726994,3151.890153854475
2624,LOAD,31047908,3220.8289202609076
2625,LOAD,33214232,3010.757557182114
2626,LOAD,33540835,2981.440384534255
2627,LOAD,31241522,3200.868382788777
2628,LOAD,28761823,3476.8310756936376
2629,LOAD,29911217,3343.227391917888
2630,LOAD,32391400,3087.239205468118
2631,LOAD,26819341,3728.652393062156
2632,LOAD,30813610,3245.3191949920833
2633,LOAD,32470200,3079.74696798911
2634,LOAD,33406783,2993.404064078843
2635,LOAD,31758975,3148.71622903447
2636,LOAD,31796884,3144.9622547920108
2637,LOAD,28721646,3481.694607614062
2638,LOAD,27953700,3577.343965199598
2639,LOAD,33000382,3030.2679526558204
2640,LOAD,35095984,2849.3288576835457
2641,LOAD,30486363,3280.1551303446727
2642,LOAD,34052687,2936.6258233895023
2643,LOAD,33133783,3018.0676924213576
2644,LOAD,34333237,2912.6295315527636
2645,LOAD,34395399,2907.3656043356264
2646,LOAD,32059885,3119.1627792800878
2647,LOAD,33050062,3025.712932096769
2648,LOAD,32289788,3096.9543683594334
2649,LOAD,31288316,3196.081246430776
2650,LOAD,31069477,3218.5929618319615
2651,LOAD,33238293,3008.5780879300873
2652,LOAD,28725503,3481.2271172414285
2653,LOAD,30764041,3250.5482618489555
2654,LOAD,31676492,3156.915229123225
2655,LOAD,29641759,3373.618954259766
2656,LOAD,30032452,3329.73145183084
2657,LOAD,33158401,3015.8269694609216
2658,LOAD,26651863,3752.082921933075
2659,LOAD,29589763,3379.547176501549
2660,LOAD,30207771,3310.406451373059
2661,LOAD,32572130,3070.1093235229014
2662,LOAD,29142748,3431.385399894341
2663,LOAD,29729861,3363.62151171847
2664,LOAD,30776851,3249.1953124119163
2665,LOAD,33228996,3009.4198452460014
2666,LOAD,31543614,3170.2137871709942
2667,LOAD,33560593,2979.6851325004895
2668,LOAD,32040513,3121.0486548701642
2669,LOAD,33141429,3017.3713994046548
2670,LOAD,32677958,3060.166733796524
2671,LOAD,33185487,3013.365450987656
2672,LOAD,32400719,3086.351262760558
2673,LOAD,30743791,3252.6892991173404
2674,LOAD,28395214,3521.720244827174
2675,LOAD,32842361,3044.848085069158
2676,LOAD,28934939,3456.029404451138
2677,LOAD,28980876,3450.5513221891565
2678,LOAD,32175721,3107.933463247024
2679,LOAD,34468529,2901.197205137475
2680,LOAD,30968627,3229.0743790481893
2681,LOAD,32255489,3100.2475268627923
2682,LOAD,32624154,3065.213583775996
2683,LOAD,32922261,3037.4584540229484
2684,LOAD,34879291,2867.0307547249167
2685,LOAD,31204389,3204.677393298744
2686,LOAD,32446290,3082.016464748358
2687,LOAD,35137875,2845.9319181936867
2688,LOAD,34313931,2914.268260316779
2689,LOAD,33643866,2972.3100193063424
2690,LOAD,30139564,3317.898029314558
2691,LOAD,30230753,3307.889816704202
2692,LOAD,31936891,3131.1751666748023
2693,LOAD,29604822,3377.828111920416
2694,LOAD,28983246,3450.2691658484355
2695,LOAD,31537973,3170.78082348539
2696,LOAD,30617083,3266.1504690045094
2697,LOAD,31979538,3126.9995207560532
2698,LOAD,31607137,3163.8423942035624
2699,LOAD,28265720,3537.8543338008017
2700,LOAD,25480770,3924.5281834104703
2701,LOAD,29907927,3343.5951612427034
2702,LOAD,29639938,3373.826220554173
2703,LOAD,31878262,3136.933876759028
2704,LOAD,31699662,3154.607768373051
2705,LOAD,32579691,3069.396821473844
2706,LOAD,32644273,3063.3244612309177
2707,LOAD,32214899,3104.1537643808847
2708,LOAD,32289334,3096.997912685347
2709,LOAD,32197112,3105.8686257326435
2710,LOAD,32627528,3064.8966112296343
2711,LOAD,32655209,3062.2985753972666
2712,LOAD,32664437,3061.43344824832
2713,LOAD,32276852,3098.1955737195185
2714,LOAD,33210408,3011.1042297342447
2715,LOAD,35192620,2841.504838230288
2716,LOAD,32894716,3040.0019261452208
2717,LOAD,36060363,2773.127935511908
2718,LOAD,34068446,2935.267431922196
2719,LOAD,33425400,2991.7368228951636
2720,LOAD,32222149,3103.455328196763
2721,LOAD,32487369,3078.1193761797085
2722,LOAD,29453597,3395.1710549988175
2723,LOAD,34758195,2877.0193619087527
2724,LOAD,31434553,3181.2127247363755
2725,LOAD,32522859,3074.760432346984
2726,LOAD,33006189,3029.734817309566
2727,LOAD,31454576,3179.187664141459
2728,LOAD,32626285,3065.013378017142
2729,LOAD,32305730,3095.426105523695
2730,LOAD,32587831,3068.630127608063
2731,LOAD,31864092,3138.3288750233337
2732,LOAD,33469857,2987.7629892473096
2733,LOAD,30999993,3225.8071800209764
2734,LOAD,32101841,3115.086141009794
2735,LOAD,27375929,3652.8440733463326
2736,LOAD,29141468,3431.536118907942
2737,LOAD,32162434,3109.2174180598395
2738,LOAD,30545668,3273.78664627665
2739,LOAD,31700413,3154.5330340017968
2740,LOAD,33097902,3021.3395398898697
2741,LOAD,31556694,3168.899758637581
2742,LOAD,33180905,3013.781571057209
2743,LOAD,32250667,3100.711064363413
2744,LOAD,32718777,3056.348958275549
2745,LOAD,30676263,3259.849480362064
2746,LOAD,31962362,3128.679914206591
2747,LOAD,29449273,3395.66956372743
2748,LOAD,28302756,3533.224820932633
2749,LOAD,30652456,3262.381324354564
2750,LOAD,29181009,3426.8863012927345
2751,LOAD,34921304,2863.581497414873
2752,LOAD,34001369,2941.0580497508795
2753,LOAD,32577250,3069.6268101205596
2754,LOAD,28433960,3516.9213152160305
2755,LOAD,27513904,3634.52602000792
2756,LOAD,24182705,4135.186696442767
2757,LOAD,24839983,4025.7676504851065
2758,LOAD,21379828,4677.306103678664
2759,LOAD,27599713,3623.2260820973033
2760,LOAD,25010669,3998.29368818563
2761,LOAD,26440655,3782.0545671050886
2762,LOAD,22398646,4464.555580725728
2763,LOAD,26934825,3712.66566610327
2764,LOAD,23634624,4231.08063830421
2765,LOAD,25760410,3881.925792330169
2766,LOAD,23855833,4191.846916433394
2767,LOAD,28069126,3562.63319349523
2768,LOAD,25882555,3863.6062011652252
2769,LOAD,28106702,3557.8702901535726
2770,LOAD,25598669,3906.4531050422975
2771,LOAD,27607556,3622.196763813501
2772,LOAD,25259977,3958.8317914937134
2773,LOAD,29297341,3413.279041261799
2774,LOAD,26619637,3756.625231215587
2775,LOAD,30384077,3291.1975571941844
2776,LOAD,27066216,3694.6427975007664
2777,LOAD,27832978,3592.8602393894034
2778,LOAD,24571093,4069.8230233388476
2779,LOAD,28965532,3452.379193311554
2780,LOAD,26748177,3738.572538980881
2781,LOAD,28623464,3493.6372480982736
2782,LOAD,24607423,4063.814402670284
2783,LOAD,27044377,3697.626312486326
2784,LOAD,23936084,4177.7928252591355
2785,LOAD,27631278,3619.087036075566
2786,LOAD,25572259,3910.487532603201
2787,LOAD,17932772,5576.382725436983
2788,LOAD,31141423,3211.157049567067
2789,LOAD,25183370,3970.8744302291557
2790,LOAD,26578171,3762.4861394713726
2791,LOAD,26274598,3805.957373734129
2792,LOAD,27010458,3702.2696912432953
2793,LOAD,24654138,4056.114231209382
2794,LOAD,27047364,3697.217961794724
2795,LOAD,25038436,3993.8596803730074
2796,LOAD,24316977,4112.353274833463
2797,LOAD,26629020,3755.3015469589195
2798,LOAD,27915588,3582.227965250096
2799,LOAD,27646797,3617.0555308812086
2800,LOAD,28419575,3518.701458413787
2801,LOAD,26049589,3838.832159693575
2802,LOAD,28875007,3463.202623639191
2803,LOAD,27625795,3619.8053304891314
2804,LOAD,28398540,3521.307785541088
2805,LOAD,26741590,3739.4934257835826
2806,LOAD,25349008,3944.9275490386053
2807,LOAD,27652655,3616.2892857846746
2808,LOAD,24901714,4015.7878289020587
2809,LOAD,25645639,3899.2984343263975
2810,LOAD,27753155,3603.1939431751093
2811,LOAD,24255971,4122.696221891097
2812,LOAD,27103738,3689.527990567205
2813,LOAD,23740743,4212.168085893521
2814,LOAD,30171856,3314.346986144969
2815,LOAD,26519506,3770.809305422205
2816,LOAD,26514331,3771.5452824361287
2817,LOAD,26369786,3792.2188674568692
2818,LOAD,25527534,3917.3388232486536
2819,LOAD,23717397,4216.314294523973
2820,LOAD,24648335,4057.069169175119
2821,LOAD,21219188,4712.715679789444
2822,LOAD,25851843,3868.1961669038456
2823,LOAD,20515465,4874.371602106021
2824,LOAD,27054239,3696.278427938779
2825,LOAD,26023989,3842.6084486893997
2826,LOAD,27308946,3661.8037180929646
2827,LOAD,26979324,3706.5420912695963
2828,LOAD,26049384,3838.8623700276366
2829,LOAD,22595606,4425.639214987197
2830,LOAD,27007600,3702.6614730668402
2831,LOAD,25148773,3976.337135811755
2832,LOAD,25412914,3935.0072171967367
2833,LOAD,21581212,4633.660055792974
2834,LOAD,27182830,3678.792826206837
2835,LOAD,29409801,3400.2270195571878
2836,LOAD,28393237,3521.9654595916627
2837,LOAD,28722651,3481.572783793529
2838,LOAD,30335878,3296.4267591002313
2839,LOAD,28648216,3490.6187526650874
2840,LOAD,29992978,3334.113738222327
2841,LOAD,32562241,3071.041701337448
2842,LOAD,31734951,3151.0998709277983
2843,LOAD,31625394,3162.015941999015
2844,LOAD,34151062,2928.1666262677277
2845,LOAD,29255068,3418.2111625924094
2846,LOAD,33677734,2969.3209169001693
2847,LOAD,28553525,3502.1945626678316
2848,LOAD,32698273,3058.265493104177
2849,LOAD,32228114,3102.880919435745
2850,LOAD,33039339,3026.6949347866794
2851,LOAD,32572000,3070.121576814442
2852,LOAD,32854652,3043.7090004788365
2853,LOAD,30478088,3281.045713891239
2854,LOAD,30398785,3289.6051602062385
2855,LOAD,32938187,3035.9898072107003
2856,LOAD,33803500,2958.273551555312
2857,LOAD,33821701,2956.6815696230065
2858,LOAD,33109947,3020.2404129490146
2859,LOAD,31946642,3130.2194452862996
2860,LOAD,33102152,3020.9516287641964
2861,LOAD,29806225,3355.0038624481967
2862,LOAD,30096415,3322.654874343007
2863,LOAD,31339583,3190.8529223250994
2864,LOAD,31574724,3167.09023331447
2865,LOAD,26155874,3823.2329762714107
2866,LOAD,23934056,4178.1468214163115
2867,LOAD,34709776,2881.032709632007
2868,LOAD,32196918,3105.887339900049
2869,LOAD,31008545,3224.9175187033125
2870,LOAD,30439123,3285.2457674289763
2871,LOAD,33366259,2997.039614180301
2872,LOAD,34159368,2927.4546297226575
2873,LOAD,31581263,3166.434477303837
2874,LOAD,32715586,3056.647067241895
2875,LOAD,30124475,3319.559925940618
2876,LOAD,32351963,3091.002545966067
2877,LOAD,31388103,3185.920474391205
2878,LOAD,30054291,3327.311896993345
2879,LOAD,32772215,3051.3653105229537
2880,LOAD,33028948,3027.6471415317255
2881,LOAD,33480712,2986.7943071222617
2882,LOAD,30577615,3270.3662466807828
2883,LOAD,33410990,2993.027144661083
2884,LOAD,33664315,2970.504523855602
2885,LOAD,34210596,2923.070969006211
2886,LOAD,33078947,3023.07083717024
2887,LOAD,29367708,3405.1005955248534
2888,LOAD,31128813,3212.4578601824614
2889,LOAD,33505522,2984.5826607327595
2890,LOAD,33152367,3016.375874458677
2891,LOAD,33862388,2953.1289996440887
2892,LOAD,31704297,3154.146581455504
2893,LOAD,34303891,2915.1212030145502
2894,LOAD,34711303,2880.9059688712923
2895,LOAD,34358591,2910.4802347686496
2896,LOAD,34006729,2940.5944923429715
2897,LOAD,34992358,2857.766830117593
2898,LOAD,37102015,2695.2714023753156
2899,LOAD,34469674,2901.1008343159847
2900,LOAD,33053977,3025.3545586965224
2901,LOAD,30680476,3259.4018423964476
2902,LOAD,34771703,2875.9017066262186
2903,LOAD,30177017,3313.7801526240983
2904,LOAD,32495624,3077.337428571921
2905,LOAD,31513183,3173.2751337749664
2906,LOAD,36582209,2733.569205730578
2907,LOAD,34939657,2862.07732376995
2908,LOAD,32101261,3115.142423844347
2909,LOAD,33387410,2995.14098278363
2910,LOAD,32167252,3108.75172053864
2911,LOAD,33216453,3010.5562445213523
2912,LOAD,32740327,3054.337239820482
2913,LOAD,33380118,2995.7952814906166
2914,LOAD,31660773,3158.4825803210806
2915,LOAD,29835452,3351.7172791617168
2916,LOAD,32779595,3050.6783259524714
2917,LOAD,32222469,3103.424507910924
2918,LOAD,34613979,2889.0062018007234
2919,LOAD,32973868,3032.704564717734
2920,LOAD,31931094,3131.743622689533
2921,LOAD,32392102,3087.1722989758428
2922,LOAD,29876095,3347.157652296928
2923,LOAD,29462559,3394.1383027862585
2924,LOAD,32724344,3055.829018299037
2925,LOAD,34157384,2927.6246682122965
2926,LOAD,34496954,2898.806659857563
2927,LOAD,34985000,2858.3678719451195
2928,LOAD,30403945,3289.0468654643337
2929,LOAD,33862562,2953.113825232716
2930,LOAD,32376167,3088.691752794579
2931,LOAD,33286792,3004.194576635682
2932,LOAD,30535805,3274.844072393048
2933,LOAD,30841646,3242.3691005337396
2934,LOAD,34667697,2884.529653065792
2935,LOAD,34995521,2857.50853659244
2936,LOAD,28991445,3449.2934036230345
2937,LOAD,28087719,3560.2748660366474
2938,LOAD,32911943,3038.4107070190294
2939,LOAD,33598338,2976.3376986087824
2940,LOAD,32915134,3038.116144385133
2941,LOAD,29404782,3400.8073924846644
2942,LOAD,30546934,3273.650966083863
2943,LOAD,33446311,2989.866356262728
2944,LOAD,32943079,3035.538967077121
2945,LOAD,33428360,2991.4719118736307
2946,LOAD,33471936,2987.5774141059546
2947,LOAD,33368583,2996.830881311322
2948,LOAD,30370860,3292.629843211552
2949,LOAD,33324453,3000.799442979604
2950,LOAD,32410077,3085.4601178516177
2951,LOAD,33055844,3025.183686128238
2952,LOAD,30283840,3302.0911482823844
2953,LOAD,31740923,3150.5069969137317
2954,LOAD,29759980,3360.217311974
2955,LOAD,30339374,3296.0469125038635
2956,LOAD,31500650,3174.5376682703372
2957,LOAD,33632461,2973.3179501791437
2958,LOAD,31738350,3150.7624057331273
2959,LOAD,33963213,2944.3621838722975
2960,LOAD,33211969,3010.9627044394747
2961,LOAD,33456754,2988.9331164643168
2962,LOAD,33098096,3021.321830717997
2963,LOAD,33323575,3000.878507182978
2964,LOAD,32249829,3100.79163520526
2965,LOAD,32021131,3122.9377875503524
2966,LOAD,32669526,3060.956562393957
2967,LOAD,33439512,2990.474262901923
2968,LOAD,31788599,3145.7819201154475
2969,LOAD,33791203,2959.3501006756105
2970,LOAD,29115168,3434.635857158715
2971,LOAD,30662524,3261.310125676542
2972,LOAD,33104681,3020.720846094243
2973,LOAD,31857974,3138.9315591757345
2974,LOAD,32719195,3056.309912270152
2975,LOAD,30222592,3308.783045478032
2976,LOAD,34473665,2900.764975235444
2977,LOAD,29309483,3411.865026756016
2978,LOAD,28032926,3567.233759330011
2979,LOAD,32048589,3120.262174412733
2980,LOAD,34712562,2880.801480455404
2981,LOAD,33366829,2996.988416250163
2982,LOAD,31597570,3164.8003311647067
2983,LOAD,30982712,3227.6064148290184
2984,LOAD,35047290,2853.2876579045055
2985,LOAD,35722745,2799.3369490502478
2986,LOAD,31549699,3169.6023470778596
2987,LOAD,33208108,3011.3127793971275
2988,LOAD,29314211,3411.3147374152422
2989,LOAD,31081652,3217.3322061517197
2990,LOAD,32979041,3032.2288631740385
2991,LOAD,31949368,3129.9523671328957
2992,LOAD,32783506,3050.3143867528993
2993,LOAD,31725938,3151.9950647322075
2994,LOAD,31906581,3134.149660222134
2995,LOAD,29175186,3427.57026467629
2996,LOAD,28802582,3471.9109557608413
2997,LOAD,30896685,3236.5931814367787
2998,LOAD,31918469,3132.9823494980287
2999,LOAD,33500181,2985.058498639157
3000,LOAD,32760408,3052.4650364549793
3001,PUT,0.026601684,37591.60510289499
3002,PUT,0.027580201000000002,36257.893842035446
3003,PUT,0.027908364,35831.55214687611
3004,PUT,0.027241042,36709.31530445862
3005,PUT,0.028514695000000003,35069.63690125389
3006,PUT,0.027095598000000002,36906.363904572245
3007,PUT,0.026451067,37805.65827457924
3008,PUT,0.026110004000000003,38299.496239066066
3009,PUT,0.025890034000000003,38624.90099472252
3010,PUT,0.025036546000000003,39941.61175427313
3011,PUT,0.029016168000000002,34463.5446003759
3012,PUT,0.029709807,33658.91942684111
3013,PUT,0.027742142,36046.24329296563
3014,PUT,0.025929891,38565.53041430062
3015,PUT,0.028926306000000002,34570.60849733111
3016,PUT,0.028612215000000003,34950.10784729529
3017,PUT,0.028839499,34674.66615838229
3018,PUT,0.025431767,39320.90129639832
3019,PUT,0.029004419000000004,34477.50496226109
3020,PUT,0.027232709,36720.54807327468
3020,GET,0.011560953,86498.05945928505
3020,GET,0.006026261000000001,165940.3733094202
3020,GET,0.006030456,165824.93927490723
3020,GET,0.0057468960000000005,174006.97698374913
3020,GET,0.005469388,182835.8127088442
3020,GET,0.005496321,181939.88305995957
3020,GET,0.005377969000000001,185943.8014611092
3020,GET,0.00513596,194705.56624272774
3020,GET,0.0051286280000000005,194983.92162582272
3020,GET,0.005019457000000001,199224.7368589869
3020,GET,0.00495971,201624.69176625245
3020,GET,0.004965083,201406.50216723466
3020,GET,0.00498965,200414.8587576283
3020,GET,0.005122382,195221.6761655027
3020,GET,0.004717717000000001,211966.93231069177
3020,GET,0.0046534160000000005,214895.895832223
3020,GET,0.0046169670000000005,216592.4079595977
3020,GET,0.004564811,219067.12019402336
3020,GET,0.004534323000000001,220540.08944664945
3020,GET,0.004545829,219981.87789289915
