height,operation,latency,throughput
1,LOAD,21537,23215861.07628732
2,LOAD,17904,27926720.285969615
3,LOAD,47554237,10514.310218035882
4,LOAD,55900193,8944.512946493764
5,LOAD,50662091,9869.31234243766
6,LOAD,49302874,10141.39662527584
7,LOAD,56232255,8891.69392193146
8,LOAD,59645843,8382.813870197124
9,LOAD,55590644,8994.319259909995
10,LOAD,65858535,7592.030402741269
11,LOAD,58842920,8497.198983327136
12,LOAD,55039495,9084.385676140379
13,LOAD,63178967,7914.02619799086
14,LOAD,56200423,8896.730190091273
15,LOAD,60035614,8328.389878714324
16,LOAD,63728770,7845.750043504685
17,LOAD,51862849,9640.812443604864
18,LOAD,66483060,7520.71279510901
19,LOAD,58301211,8576.151188351816
20,LOAD,65975491,7578.571866937678
21,LOAD,55801440,8960.342242064004
22,LOAD,56812834,8800.828348045443
23,LOAD,61798641,8090.792805621729
24,LOAD,57936024,8630.209073373762
25,LOAD,61610293,8115.5270597398385
26,LOAD,60785138,8225.69490588308
27,LOAD,56855636,8794.202917719538
28,LOAD,66350480,7535.74051009126
29,LOAD,55254960,9048.961396406767
30,LOAD,60961100,8201.951736435203
31,LOAD,64839112,7711.394937055892
32,LOAD,64521047,7749.409274155145
33,LOAD,62445759,8006.948878626008
34,LOAD,66389052,7531.362249305805
35,LOAD,70247349,7117.706320846357
36,LOAD,64143683,7794.999859923853
37,LOAD,68803399,7267.082836997632
38,LOAD,63661123,7854.087022624468
39,LOAD,69366116,7208.130263484841
40,LOAD,119111126,4197.760669309767
41,LOAD,66152327,7558.313103634284
42,LOAD,73652764,6788.61149053415
43,LOAD,67255860,7434.29643156745
44,LOAD,64008449,7811.4687640689435
45,LOAD,70567110,7085.453832529063
46,LOAD,71468893,6996.050715379068
47,LOAD,63208429,7910.337401361455
48,LOAD,67540426,7402.973739016689
49,LOAD,67715170,7383.869818240138
50,LOAD,68391141,7310.888408777973
51,LOAD,73604237,6793.087196868843
52,LOAD,75328063,6637.63251153823
53,LOAD,66803211,7484.670160540636
54,LOAD,67472726,7410.401648808438
55,LOAD,70769087,7065.231744476228
56,LOAD,68904431,7256.427384183755
57,LOAD,68809860,7266.400483884141
58,LOAD,72838223,6864.52770820617
59,LOAD,65943370,7582.263387509616
60,LOAD,71696439,6973.847055360727
61,LOAD,69785553,7164.806732992429
62,LOAD,71497228,6993.278117020145
63,LOAD,65886468,7588.811711685622
64,LOAD,74554176,6706.532441589858
65,LOAD,61664439,8108.401018616256
66,LOAD,77691102,6435.743439448188
67,LOAD,72677537,6879.704797921262
68,LOAD,69986834,7144.200864979834
69,LOAD,73549122,6798.177685928053
70,LOAD,72201213,6925.091410860368
71,LOAD,72809944,6867.193854729513
72,LOAD,67285624,7431.00784797656
73,LOAD,72087912,6935.975618214605
74,LOAD,70654983,7076.641714003385
75,LOAD,71888738,6955.1923418102015
76,LOAD,67725875,7382.702696716728
77,LOAD,74531724,6708.552723133038
78,LOAD,70532851,7088.895357427136
79,LOAD,68886229,7258.344770186215
80,LOAD,66563564,7511.617016180203
81,LOAD,71939745,6950.260944072014
82,LOAD,68015060,7351.313076839158
83,LOAD,72754262,6872.449616766094
84,LOAD,72531750,6893.532832173497
85,LOAD,80425046,6216.968778606604
86,LOAD,71935129,6950.706934855153
87,LOAD,79371537,6299.487434645495
88,LOAD,72132007,6931.735588613249
89,LOAD,74483203,6712.922912297421
90,LOAD,72423667,6903.820542530662
91,LOAD,71847984,6959.137503426679
92,LOAD,66415600,7528.3517727762755
93,LOAD,73121242,6837.958250216811
94,LOAD,72521816,6894.477104654964
95,LOAD,79312276,6304.194321696177
96,LOAD,80543367,6207.835835817492
97,LOAD,73470929,6805.412791227943
98,LOAD,67801911,7374.423414112915
99,LOAD,80179341,6236.020323489563
100,LOAD,70807739,7061.375028512068
101,LOAD,75548743,6618.243800561976
102,LOAD,73184947,6832.006040805085
103,LOAD,75221127,6647.068715149668
104,LOAD,74649842,6697.937820149707
105,LOAD,72287616,6916.8140778082925
106,LOAD,74212102,6737.445598832385
107,LOAD,80376138,6220.75173604385
108,LOAD,77596885,6443.5576247680565
109,LOAD,76678335,6520.746701137942
110,LOAD,75169326,6651.64937091494
111,LOAD,75928832,6585.113807624487
112,LOAD,74638656,6698.941631532057
113,LOAD,74764745,6687.644022593804
114,LOAD,75773993,6598.5700397232595
115,LOAD,76062342,6573.555150326557
116,LOAD,71774027,6966.308299797641
117,LOAD,69944292,7148.546160135555
118,LOAD,79135045,6318.313207504968
119,LOAD,76572862,6529.728508776386
120,LOAD,77311925,6467.307598407361
121,LOAD,78829322,6342.817460741321
122,LOAD,75696227,6605.349035428147
123,LOAD,73576713,6795.628394000151
124,LOAD,76911024,6501.01863160735
125,LOAD,75117408,6656.246711814125
126,LOAD,76868773,6504.591923172756
127,LOAD,72370491,6908.893294644084
128,LOAD,79193115,6313.680172828156
129,LOAD,81386441,6143.529485458149
130,LOAD,72302305,6915.408851764822
131,LOAD,78337661,6382.626103682111
132,LOAD,72047215,6939.893512885959
133,LOAD,82379031,6069.505721668418
134,LOAD,78924941,6335.1330221456865
135,LOAD,80718528,6194.364694063796
136,LOAD,73082659,6841.568257662874
137,LOAD,78474568,6371.490952329932
138,LOAD,70962575,7045.96753993214
139,LOAD,78778109,6346.940874145634
140,LOAD,83272411,6004.3896171086
141,LOAD,80649828,6199.641244120198
142,LOAD,72256792,6919.76471914225
143,LOAD,78246302,6390.078345172146
144,LOAD,72555183,6891.306441884379
145,LOAD,83838846,5963.82254593533
146,LOAD,72608335,6886.261749425875
147,LOAD,78472329,6371.67274594335
148,LOAD,72640742,6883.189601780225
149,LOAD,81385061,6143.633657779036
150,LOAD,74261258,6732.985859194575
151,LOAD,79105698,6320.657204743961
152,LOAD,74548328,6707.058540602011
153,LOAD,78772993,6347.353083308641
154,LOAD,71290807,7013.527003558817
155,LOAD,80624626,6201.579155232299
156,LOAD,76401004,6544.416615258093
157,LOAD,78539960,6366.186079035437
158,LOAD,76248732,6557.486096949127
159,LOAD,78014958,6409.027356010369
160,LOAD,69336824,7211.1754065920295
161,LOAD,86571835,5775.550443166649
162,LOAD,80435437,6216.165643508594
163,LOAD,83239358,6006.773862912302
164,LOAD,79458761,6292.57231936954
165,LOAD,83280266,6003.823282697008
166,LOAD,71146141,7027.788056698676
167,LOAD,80502916,6210.955141053524
168,LOAD,76944188,6498.216603442485
169,LOAD,81835850,6109.791735529111
170,LOAD,75464673,6625.616730625733
171,LOAD,78163233,6396.869484659111
172,LOAD,75288799,6641.094115473937
173,LOAD,78751709,6349.068564340616
174,LOAD,79917819,6256.426992833725
175,LOAD,80609292,6202.758858122708
176,LOAD,72064523,6938.2267332845595
177,LOAD,84836051,5893.720819230494
178,LOAD,77416750,6458.550636651628
179,LOAD,83735170,5971.206602912493
180,LOAD,74080227,6749.439361194182
181,LOAD,81842296,6109.310520809436
182,LOAD,70619513,7080.196092544564
183,LOAD,80095578,6242.541879153428
184,LOAD,74740428,6689.819865628813
185,LOAD,76010158,6578.068157679662
186,LOAD,81838429,6109.599195751913
187,LOAD,82424060,6066.1898964938155
188,LOAD,73975425,6759.001384581434
189,LOAD,84716294,5902.052325376745
190,LOAD,70798169,7062.329535669206
191,LOAD,80350918,6222.704263316569
192,LOAD,80544726,6207.731093405172
193,LOAD,80570562,6205.74050358492
194,LOAD,76810206,6509.551608284972
195,LOAD,85047507,5879.067095993772
196,LOAD,77279144,6470.050962262211
197,LOAD,78266257,6388.449111601185
198,LOAD,79804567,6265.305593350316
199,LOAD,82776642,6040.351334860866
200,LOAD,77583427,6444.675355730291
201,LOAD,79813474,6264.6063996663015
202,LOAD,74013400,6755.533457455002
203,LOAD,88614640,5642.408523016062
204,LOAD,79379367,6298.866051678139
205,LOAD,80251172,6230.438603438714
206,LOAD,80155142,6237.902990677753
207,LOAD,80855343,6183.883234531576
208,LOAD,78443991,6373.974521515613
209,LOAD,79763555,6268.527023400599
210,LOAD,82055133,6093.464012787597
211,LOAD,81395733,6142.828150463367
212,LOAD,83761032,5969.3629371710695
213,LOAD,81448337,6138.860760287837
214,LOAD,84273858,5933.037977209968
215,LOAD,78621965,6359.545961487988
216,LOAD,82914154,6030.333494085944
217,LOAD,78138044,6398.931613901162
218,LOAD,80182237,6235.795092621325
219,LOAD,78807205,6344.597552977548
220,LOAD,81926350,6103.042549802352
221,LOAD,83964075,5954.927747372909
222,LOAD,79868420,6260.296622870466
223,LOAD,80389309,6219.732526871204
224,LOAD,84448230,5920.787208920779
225,LOAD,79658077,6276.827395670121
226,LOAD,81049312,6169.083828867048
227,LOAD,81280754,6151.517738135155
228,LOAD,82690191,6046.666405692545
229,LOAD,77948120,6414.522890353224
230,LOAD,82924720,6029.565128468326
231,LOAD,78190276,6394.657054286392
232,LOAD,81717141,6118.667318525007
233,LOAD,78075444,6404.0622042443965
234,LOAD,80563550,6206.280631873844
235,LOAD,82723018,6044.266905252417
236,LOAD,79685314,6274.681931980591
237,LOAD,83754550,5969.824922944485
238,LOAD,79626162,6279.343213854763
239,LOAD,81494581,6135.377271281388
240,LOAD,84077280,5946.909795369213
241,LOAD,82261988,6078.141461886382
242,LOAD,78600098,6361.315223805446
243,LOAD,85747734,5831.05787961697
244,LOAD,79775096,6267.620160557375
245,LOAD,80661525,6198.742213217516
246,LOAD,83566494,5983.25927135342
247,LOAD,78190345,6394.651411245211
248,LOAD,80642497,6200.204837407255
249,LOAD,83470567,5990.135421028109
250,LOAD,84590091,5910.857809574883
251,LOAD,83030535,6021.880986314252
252,LOAD,80044415,6246.5320035133
253,LOAD,81526518,6132.973813502007
254,LOAD,83881614,5960.781822819957
255,LOAD,82236460,6080.028250243262
256,LOAD,84213989,5937.255863749668
257,LOAD,81379947,6144.019730069374
258,LOAD,84879265,5890.720189436136
259,LOAD,84230874,5936.065675870822
260,LOAD,81146618,6161.686245506868
261,LOAD,81769269,6114.766661299124
262,LOAD,83935843,5956.930700034787
263,LOAD,80943553,6177.144213078958
264,LOAD,80698354,6195.913240064352
265,LOAD,83818333,5965.282082143056
266,LOAD,87278116,5728.812936337901
267,LOAD,79342409,6301.800087768951
268,LOAD,84792590,5896.741684621262
269,LOAD,82970242,6026.256980183329
270,LOAD,81169670,6159.936340753879
271,LOAD,80254754,6230.160521082651
272,LOAD,89121587,5610.31302101925
273,LOAD,84171858,5940.227670868332
274,LOAD,88215302,5667.950895866116
275,LOAD,80648325,6199.756783541382
276,LOAD,80331015,6224.246015066535
277,LOAD,87334147,5725.137499768562
278,LOAD,81426335,6140.519526023123
279,LOAD,83658009,5976.714076472941
280,LOAD,80780485,6189.613741487192
281,LOAD,88756172,5633.411048867677
282,LOAD,85584152,5842.203121905093
283,LOAD,83883983,5960.613482075595
284,LOAD,81259414,6153.133223431811
285,LOAD,76796286,6510.731521573843
286,LOAD,79348047,6301.352319358282
287,LOAD,79651245,6277.36578379911
288,LOAD,80250507,6230.49023229224
289,LOAD,78387839,6378.540426404662
290,LOAD,82707696,6045.386634878573
291,LOAD,79822000,6263.9372604044
292,LOAD,85835184,5825.117122134905
293,LOAD,77838605,6423.547801248494
294,LOAD,81899035,6105.078039075796
295,LOAD,71047150,7037.579973299421
296,LOAD,85740752,5831.5327115395485
297,LOAD,80251458,6230.416399412955
298,LOAD,79934145,6255.149160599641
299,LOAD,77882716,6419.909649786739
300,LOAD,86461099,5782.94754268622
301,LOAD,81870514,6107.204847889437
302,LOAD,81497965,6135.122515022308
303,LOAD,75586655,6614.924287891825
304,LOAD,78233785,6391.100724578263
305,LOAD,80059277,6245.372413243252
306,LOAD,82371683,6070.047154432914
307,LOAD,82338307,6072.507660377326
308,LOAD,81530758,6132.654868730646
309,LOAD,85020457,5880.937572471529
310,LOAD,80278733,6228.299592122362
311,LOAD,81603507,6127.187646481909
312,LOAD,82679492,6047.44886434474
313,LOAD,82338013,6072.529343160127
314,LOAD,80139565,6239.115473112438
315,LOAD,81419324,6141.048284802757
316,LOAD,83907959,5958.910286448511
317,LOAD,81800719,6112.415711162636
318,LOAD,82542563,6057.480914422296
319,LOAD,87236064,5731.574501114585
320,LOAD,83585635,5981.88911288405
321,LOAD,78015255,6409.002957178054
322,LOAD,82426459,6066.013341662536
323,LOAD,76721227,6517.101192868045
324,LOAD,82308597,6074.699584540361
325,LOAD,78591665,6361.99780218424
326,LOAD,85654991,5837.371461518221
327,LOAD,74633036,6699.446073719954
328,LOAD,81958737,6100.630857696111
329,LOAD,82510640,6059.824526873141
330,LOAD,83414553,5994.1578779424735
331,LOAD,82609285,6052.588398507504
332,LOAD,81750655,6116.158946983361
333,LOAD,85272773,5863.536301323284
334,LOAD,85996616,5814.182269683728
335,LOAD,78588450,6362.258067184172
336,LOAD,79431103,6294.763400175873
337,LOAD,81877376,6106.693013708695
338,LOAD,83870708,5961.556924021674
339,LOAD,80075812,6244.082794939376
340,LOAD,88036310,5679.474753087675
341,LOAD,86693847,5767.421994781244
342,LOAD,84655303,5906.304534755489
343,LOAD,81344193,6146.720270493064
344,LOAD,80876809,6182.241932913055
345,LOAD,82154923,6086.062547949804
346,LOAD,82910278,6030.615408140351
347,LOAD,85646253,5837.9670153229
348,LOAD,79763212,6268.5539794962115
349,LOAD,85564505,5843.544586625027
350,LOAD,86314059,5792.799061853875
351,LOAD,85601957,5840.987957786993
352,LOAD,79915164,6256.634848425012
353,LOAD,83979106,5953.861904650426
354,LOAD,81208779,6156.969802488965
355,LOAD,85194689,5868.910443466729
356,LOAD,89584710,5581.3095783867575
357,LOAD,82049425,6093.88792182273
358,LOAD,88643507,5640.571057280033
359,LOAD,89885123,5562.655791214748
360,LOAD,88662690,5639.350667118266
361,LOAD,88605374,5642.998583810503
362,LOAD,88102525,5675.206244088918
363,LOAD,85759719,5830.242983888508
364,LOAD,78860438,6340.314772281635
365,LOAD,83118686,6015.494518284372
366,LOAD,80552030,6207.168211651526
367,LOAD,83877138,5961.099912588815
368,LOAD,82623162,6051.571834057864
369,LOAD,87163313,5736.358369030787
370,LOAD,81680891,6121.382784622171
371,LOAD,81571697,6129.577027188732
372,LOAD,85345817,5858.51794001808
373,LOAD,89599437,5580.392207151926
374,LOAD,78406554,6377.0179212314315
375,LOAD,82613462,6052.282374995978
376,LOAD,81034370,6170.221351754817
377,LOAD,84566503,5912.506515729993
378,LOAD,78863316,6340.083391877663
379,LOAD,84751043,5899.632409243624
380,LOAD,77485685,6452.804798718628
381,LOAD,86968707,5749.1943625193835
382,LOAD,79348110,6301.3473162750815
383,LOAD,88268441,5664.538699624251
384,LOAD,77791242,6427.458762003054
385,LOAD,81401623,6142.3836721289945
386,LOAD,81886142,6106.039285621736
387,LOAD,87253815,5730.408464088361
388,LOAD,77092387,6485.724718836375
389,LOAD,83530656,5985.826329437661
390,LOAD,88190450,5669.548120006191
391,LOAD,88529848,5647.812701542197
392,LOAD,88198384,5669.038108453326
393,LOAD,80225476,6232.434195840733
394,LOAD,89757565,5570.5610997802805
395,LOAD,80484131,6212.40477827859
396,LOAD,81732460,6117.520505316981
397,LOAD,80275362,6228.5611368529235
398,LOAD,86253141,5796.890341651442
399,LOAD,81619770,6125.9667847630535
400,LOAD,85113712,5874.494112065046
401,LOAD,85077976,5876.9616240047835
402,LOAD,88968588,5619.9610586154295
403,LOAD,79902442,6257.631024593717
404,LOAD,89512954,5585.783706791756
405,LOAD,79836918,6262.766806704638
406,LOAD,88412020,5655.33962463475
407,LOAD,89333092,5597.030045708034
408,LOAD,86139757,5804.520669822647
409,LOAD,80893184,6180.990477516622
410,LOAD,90282504,5538.171604101721
411,LOAD,86924356,5752.1277465662215
412,LOAD,83911857,5958.633474170403
413,LOAD,83150938,6013.161270652172
414,LOAD,89147679,5608.670978411003
415,LOAD,83594737,5981.237790125471
416,LOAD,81413785,6141.4660920137785
417,LOAD,83493264,5988.507048903969
418,LOAD,86928311,5751.866040512395
419,LOAD,90909299,5499.987410528817
420,LOAD,91769253,5448.4479676433675
421,LOAD,80697481,6195.9802685786435
422,LOAD,92540874,5403.017914008463
423,LOAD,83304057,6002.108636797845
424,LOAD,82184167,6083.896914109989
425,LOAD,82071208,6092.270507337969
426,LOAD,91675828,5454.000371831929
427,LOAD,81654441,6123.365659927792
428,LOAD,91244735,5479.7682299148555
429,LOAD,81191321,6158.293692499473
430,LOAD,88633118,5641.232208484417
431,LOAD,86158356,5803.267648235999
432,LOAD,88171134,5670.790170397491
433,LOAD,82875410,6033.152656499678
434,LOAD,94392068,5297.055256803994
435,LOAD,86914625,5752.771757342334
436,LOAD,85753586,5830.6599563078325
437,LOAD,87390373,5721.4540095852435
438,LOAD,89596979,5580.545299412383
439,LOAD,80649193,6199.69005765501
440,LOAD,89617158,5579.288733972126
441,LOAD,78931101,6334.638610957675
442,LOAD,88785696,5631.537764821937
443,LOAD,82727518,6043.9381246757575
444,LOAD,92552285,5402.351762573987
445,LOAD,84500879,5917.098211487244
446,LOAD,93237608,5362.64293695737
447,LOAD,83524184,5986.290150407216
448,LOAD,84287722,5932.062086100749
449,LOAD,88785367,5631.558632854443
450,LOAD,90570992,5520.531341867162
451,LOAD,89316771,5598.052800184638
452,LOAD,89456899,5589.283840478307
453,LOAD,86459584,5783.048875183114
454,LOAD,86797164,5760.5568771809185
455,LOAD,82841871,6035.595212474136
456,LOAD,86935829,5751.36863306382
457,LOAD,81600070,6127.445724004893
458,LOAD,82947502,6027.909074344397
459,LOAD,75086697,6658.9691646710735
460,LOAD,96930625,5158.32844366783
461,LOAD,94946667,5266.1142912999785
462,LOAD,87801950,5694.634344681411
463,LOAD,89672555,5575.842017660811
464,LOAD,87101021,5740.4608379963765
465,LOAD,82017142,6096.286554340068
466,LOAD,91354434,5473.1880884949705
467,LOAD,82307923,6074.749328810059
468,LOAD,85968363,5816.093066701758
469,LOAD,82849767,6035.019989857063
470,LOAD,94111746,5312.83310799483
471,LOAD,84417425,5922.94778003475
472,LOAD,90300605,5537.061462655759
473,LOAD,87371530,5722.687928207278
474,LOAD,92111602,5428.197850689862
475,LOAD,84135559,5942.790491235697
476,LOAD,85348890,5858.307003172508
477,LOAD,77620615,6441.587714810041
478,LOAD,90052951,5552.28889722892
479,LOAD,85050322,5878.872510323947
480,LOAD,85812208,5826.676782399073
481,LOAD,84700555,5903.149040758942
482,LOAD,81013093,6171.841877460474
483,LOAD,81957461,6100.725838737245
484,LOAD,81808269,6111.851602678454
485,LOAD,87555281,5710.677805945252
486,LOAD,87018653,5745.8945037910435
487,LOAD,81130521,6162.908777573362
488,LOAD,86712285,5766.195643443141
489,LOAD,84152224,5941.613616771436
490,LOAD,84463671,5919.704816050442
491,LOAD,79060273,6324.288811904305
492,LOAD,86168907,5802.557063883844
493,LOAD,81688793,6120.790645052131
494,LOAD,86456852,5783.231617084555
495,LOAD,83897978,5959.61919368307
496,LOAD,87010566,5746.428542942705
497,LOAD,80550249,6207.305454760295
498,LOAD,86276468,5795.323007427703
499,LOAD,87958418,5684.504239264513
500,LOAD,85220569,5867.128157757314
501,LOAD,84608980,5909.538207410135
502,LOAD,88143947,5672.539261260901
503,LOAD,82866514,6033.80033580271
504,LOAD,91822585,5445.283423462757
505,LOAD,85877978,5822.214398201131
506,LOAD,80115896,6240.958723097848
507,LOAD,82702505,6045.76608652906
508,LOAD,80769393,6190.463756487559
509,LOAD,84831049,5894.068338115211
510,LOAD,94010133,5318.575605036108
511,LOAD,90418459,5529.844298717809
512,LOAD,83766689,5968.959809310357
513,LOAD,88992828,5618.430285191072
514,LOAD,81634521,6124.85984942571
515,LOAD,90921373,5499.257033876952
516,LOAD,75702155,6604.831791116118
517,LOAD,96561658,5178.038678664776
518,LOAD,84296905,5931.415868708346
519,LOAD,85695037,5834.643609524319
520,LOAD,85278259,5863.1590966227395
521,LOAD,95633528,5228.291901978143
522,LOAD,86162728,5802.9731834860195
523,LOAD,86476908,5781.8903515838
524,LOAD,90676616,5514.100790880859
525,LOAD,83617953,5979.577136981576
526,LOAD,82515489,6059.468422952689
527,LOAD,90995192,5494.795812948007
528,LOAD,85036156,5879.851859719529
529,LOAD,82806544,6038.170123366095
530,LOAD,85427981,5852.8832608135735
531,LOAD,84460936,5919.89650694849
532,LOAD,85154680,5871.667887190698
533,LOAD,88057972,5678.077619139355
534,LOAD,81937933,6102.179804804205
535,LOAD,90500403,5524.83727613898
536,LOAD,85227454,5866.654188684317
537,LOAD,88915967,5623.2869851148325
538,LOAD,85100119,5875.432442109746
539,LOAD,90997172,5494.6762521367145
540,LOAD,81318705,6148.646858062975
541,LOAD,83904540,5959.153104230117
542,LOAD,83675786,5975.44431790578
543,LOAD,94054946,5316.041540229048
544,LOAD,91364601,5472.57903528742
545,LOAD,91137308,5486.2274404681775
546,LOAD,85860879,5823.373879039836
547,LOAD,91720936,5451.3181156371975
548,LOAD,87630021,5705.807145704096
549,LOAD,87659395,5703.895172901889
550,LOAD,86953635,5750.1908919621355
551,LOAD,86585593,5774.632738266284
552,LOAD,90701286,5512.601001048651
553,LOAD,84774561,5897.995744265782
554,LOAD,83279739,6003.861275309712
555,LOAD,83513940,5987.024441668062
556,LOAD,91563105,5460.714771522875
557,LOAD,88688088,5637.735701326654
558,LOAD,92049488,5431.860739953274
559,LOAD,86827035,5758.575079754825
560,LOAD,86737096,5764.54623290593
561,LOAD,90038326,5553.190760121418
562,LOAD,84558704,5913.051836745275
563,LOAD,82099592,6090.164248319285
564,LOAD,86848256,5757.167996557122
565,LOAD,87840603,5692.1285023510145
566,LOAD,82284393,6076.486460804298
567,LOAD,82371296,6070.075672962581
568,LOAD,86500732,5780.2979054558755
569,LOAD,86793460,5760.802714858931
570,LOAD,81003001,6172.610814752406
571,LOAD,88078858,5676.731185592801
572,LOAD,84119775,5943.905579871082
573,LOAD,83522736,5986.393932306049
574,LOAD,82636651,6050.584019916297
575,LOAD,86048739,5810.660397940288
576,LOAD,87754658,5697.703248983091
577,LOAD,86181748,5801.692488298102
578,LOAD,83805424,5966.2009466117615
579,LOAD,89436459,5590.561227384908
580,LOAD,86897821,5753.884208442925
581,LOAD,86745982,5763.9557299610715
582,LOAD,83921691,5957.935237506117
583,LOAD,91073985,5490.041969723846
584,LOAD,90103272,5549.188047244278
585,LOAD,81774753,6114.356591208536
586,LOAD,81843428,6109.226021177901
587,LOAD,89025023,5616.398436650783
588,LOAD,84188346,5939.064297569167
589,LOAD,91491618,5464.98150245851
590,LOAD,88380105,5657.3818281840695
591,LOAD,83642826,5977.798980632242
592,LOAD,77039980,6490.1366796824195
593,LOAD,85662012,5836.893020911066
594,LOAD,82585720,6054.315443396267
595,LOAD,84725668,5901.399325644738
596,LOAD,92246145,5420.2807065812885
597,LOAD,84642622,5907.18940630171
598,LOAD,89686138,5574.997554248573
599,LOAD,86797440,5760.538559662589
600,LOAD,85039834,5879.5975542473425
601,LOAD,83549018,5984.510793412318
602,LOAD,89095180,5611.975866707941
603,LOAD,84902106,5889.13542380209
604,LOAD,87390989,5721.413680305185
605,LOAD,86705496,5766.6471338794945
606,LOAD,85275087,5863.377190104772
607,LOAD,84134409,5942.87172089127
608,LOAD,83268204,6004.692979807754
609,LOAD,89091273,5612.221973750447
610,LOAD,85996237,5814.207893770979
611,LOAD,91910755,5440.059762320525
612,LOAD,88222245,5667.504833956561
613,LOAD,88339308,5659.994529275688
614,LOAD,86021599,5812.493673827198
615,LOAD,84089213,5946.06587648763
616,LOAD,85043263,5879.360485027485
617,LOAD,88331748,5660.478948067461
618,LOAD,77437858,6456.7901658643505
619,LOAD,80511416,6210.299418904768
620,LOAD,89007034,5617.533553584091
621,LOAD,89173458,5607.049577465079
622,LOAD,86627867,5771.814744093837
623,LOAD,87728546,5699.399144264856
624,LOAD,82784774,6039.757987380626
625,LOAD,82913722,6030.364913542297
626,LOAD,83153943,6012.943968273398
627,LOAD,86856788,5756.602466119286
628,LOAD,82798820,6038.733402239307
629,LOAD,85926447,5818.930229944222
630,LOAD,87781228,5695.978643634377
631,LOAD,86607434,5773.176468892959
632,LOAD,86915289,5752.72780833761
633,LOAD,85790839,5828.1281058458935
634,LOAD,96799308,5165.326181877251
635,LOAD,89038629,5615.540194357664
636,LOAD,83976519,5954.045320692561
637,LOAD,87437337,5718.3809246157625
638,LOAD,85554473,5844.229792637493
639,LOAD,88904627,5624.004248957706
640,LOAD,91802108,5446.498025949469
641,LOAD,88984367,5618.964508676001
642,LOAD,83421466,5993.661151915024
643,LOAD,87114629,5739.564132219401
644,LOAD,98507270,5075.767504266436
645,LOAD,84771698,5898.194937654782
646,LOAD,90192074,5543.724385360071
647,LOAD,89968562,5557.496850955559
648,LOAD,83396200,5995.477012142041
649,LOAD,86829007,5758.444295003857
650,LOAD,87832958,5692.623946468932
651,LOAD,81752400,6116.028397943058
652,LOAD,84744344,5900.098772373529
653,LOAD,85475124,5849.655158148703
654,LOAD,84631024,5907.998939017919
655,LOAD,78331468,6383.130723402247
656,LOAD,88762099,5633.034883503599
657,LOAD,96753603,5167.766207114788
658,LOAD,86983601,5748.209941319859
659,LOAD,85073671,5877.2590170700405
660,LOAD,86685193,5767.997770968797
661,LOAD,88001916,5681.694475833912
662,LOAD,89713062,5573.324428498495
663,LOAD,80858029,6183.677813863111
664,LOAD,85313958,5860.705700701402
665,LOAD,80211072,6233.553392728625
666,LOAD,88244281,5666.089567889391
667,LOAD,81225886,6155.6730818547185
668,LOAD,85451960,5851.240860946899
669,LOAD,85259961,5864.4174139371235
670,LOAD,84230732,5936.075683160393
671,LOAD,77768270,6429.357371586123
672,LOAD,87424835,5719.19866934836
673,LOAD,81179768,6159.1701025802395
674,LOAD,87025318,5745.454443498845
675,LOAD,80788149,6189.026561309134
676,LOAD,85702994,5834.1018984704315
677,LOAD,77534685,6448.726785953925
678,LOAD,83448149,5991.744646127501
679,LOAD,77725890,6432.862975258308
680,LOAD,89689971,5574.759300568845
681,LOAD,82797697,6038.8153066624545
682,LOAD,87441781,5718.090302849619
683,LOAD,83972740,5954.313268806043
684,LOAD,87823338,5693.247505577618
685,LOAD,81567128,6129.920376747848
686,LOAD,87335317,5725.06080214949
687,LOAD,78651366,6357.16867269667
688,LOAD,86628172,5771.794422719667
689,LOAD,82740500,6042.989829648116
690,LOAD,86672972,5768.81106603798
691,LOAD,81769838,6114.724111352648
692,LOAD,93653162,5338.848035905077
693,LOAD,85438870,5852.137323445406
694,LOAD,92132999,5426.937204117278
695,LOAD,85039365,5879.629980774198
696,LOAD,91348365,5473.5517160049885
697,LOAD,84136137,5942.749665342967
698,LOAD,91440803,5468.018473109865
699,LOAD,86456769,5783.2371690873615
700,LOAD,90422265,5529.6115398126785
701,LOAD,82119905,6088.657798617765
702,LOAD,89292788,5599.556371786712
703,LOAD,87355774,5723.72010578259
704,LOAD,84554383,5913.354012647695
705,LOAD,78455673,6373.025440747924
706,LOAD,85537830,5845.36689789769
707,LOAD,85461636,5850.578381158067
708,LOAD,84680659,5904.536005087065
709,LOAD,73176621,6832.783383097178
710,LOAD,87947614,5685.202557058569
711,LOAD,83159587,6012.535872743091
712,LOAD,89618776,5579.188004085216
713,LOAD,87143390,5737.669833592657
714,LOAD,89501267,5586.513093719668
715,LOAD,80914934,6179.329022254409
716,LOAD,90242096,5540.651449407824
717,LOAD,84239304,5935.471641598559
718,LOAD,92204518,5422.72776698426
719,LOAD,84080504,5946.681765846694
720,LOAD,91276293,5477.873646774853
721,LOAD,83107734,6016.28724469855
722,LOAD,90978050,5495.831137290808
723,LOAD,88577871,5644.7507075441
724,LOAD,89440768,5590.291890159083
725,LOAD,81146486,6161.696268646802
726,LOAD,95899728,5213.779125630054
727,LOAD,84380648,5925.529275385513
728,LOAD,86323885,5792.139684167366
729,LOAD,82778677,6040.202841125379
730,LOAD,83451286,5991.519411696064
731,LOAD,84218246,5936.955751845033
732,LOAD,91658211,5455.0486480692925
733,LOAD,85396281,5855.055912797889
734,LOAD,89814818,5567.010111850363
735,LOAD,84610894,5909.4045265613195
736,LOAD,89611747,5579.625626537556
737,LOAD,78885742,6338.2810039360475
738,LOAD,90996771,5494.700465800045
739,LOAD,85861101,5823.358822291366
740,LOAD,86125843,5805.458415077574
741,LOAD,84717837,5901.94482892664
742,LOAD,89655140,5576.925093195995
743,LOAD,83489712,5988.7618249299985
744,LOAD,90729424,5510.891373012574
745,LOAD,83847160,5963.231193519256
746,LOAD,87057135,5743.354637158689
747,LOAD,82342054,6072.231329084892
748,LOAD,91228529,5480.741665800618
749,LOAD,81924697,6103.16569129331
750,LOAD,87775176,5696.371374977362
751,LOAD,84262957,5933.805527380198
752,LOAD,91034636,5492.414996858998
753,LOAD,79558632,6284.673170348128
754,LOAD,89799441,5567.963390774336
755,LOAD,87156437,5736.810925393841
756,LOAD,88930661,5622.357850235702
757,LOAD,84984255,5883.442762426993
758,LOAD,89738538,5571.742209573327
759,LOAD,85478759,5849.406400483657
760,LOAD,92794891,5388.227677319002
761,LOAD,89391770,5593.356077410705
762,LOAD,83275325,6004.179509356463
763,LOAD,95793988,5219.534236323891
764,LOAD,86763556,5762.788237955577
765,LOAD,90256397,5539.773540926966
766,LOAD,88973538,5619.648394784525
767,LOAD,88315355,5661.529640004278
768,LOAD,80110737,6241.360630598118
769,LOAD,84743978,5900.124254256745
770,LOAD,89878031,5563.094723336785
771,LOAD,92346115,5414.412939840512
772,LOAD,84686767,5904.110142733398
773,LOAD,93521118,5346.386042989777
774,LOAD,82948614,6027.828264858048
775,LOAD,90116178,5548.393319565773
776,LOAD,85562874,5843.6559763057985
777,LOAD,85460596,5850.649578900667
778,LOAD,82670829,6048.082570939261
779,LOAD,94023227,5317.834921790123
780,LOAD,84375456,5925.8938997615605
781,LOAD,91177202,5483.826976835723
782,LOAD,90209833,5542.633029816162
783,LOAD,88945584,5621.41454937212
784,LOAD,84854490,5892.440105408682
785,LOAD,91430605,5468.628365742522
786,LOAD,85821278,5826.060991541049
787,LOAD,84032531,5950.076643532253
788,LOAD,84396273,5924.43223174085
789,LOAD,91051780,5491.380838463564
790,LOAD,84501740,5917.0379213493125
791,LOAD,73992294,6757.460445813452
792,LOAD,94832337,5272.46312615917
793,LOAD,91586072,5459.345390421374
794,LOAD,93785037,5331.340861975669
795,LOAD,92493467,5405.787200084089
796,LOAD,88542986,5646.974679620586
797,LOAD,85810712,5826.778363055652
798,LOAD,89462557,5588.930349933995
799,LOAD,83870154,5961.596302780128
800,LOAD,91614882,5457.628597938925
801,LOAD,82546071,6057.2234867483885
802,LOAD,87284261,5728.409615566316
803,LOAD,89588140,5581.095890594447
804,LOAD,88897749,5624.439376974551
805,LOAD,86250446,5797.0714725347625
806,LOAD,84174327,5940.053432206235
807,LOAD,82548981,6057.0099587298355
808,LOAD,83083350,6018.052955255174
809,LOAD,85443280,5851.835275986596
810,LOAD,85600058,5841.117537560547
811,LOAD,87485076,5715.2605091181495
812,LOAD,88601224,5643.262896684136
813,LOAD,84530089,5915.0535142581
814,LOAD,92289242,5417.7495574186205
815,LOAD,92841342,5385.531803277898
816,LOAD,92049569,5431.855960129482
817,LOAD,88016857,5680.729999254575
818,LOAD,97310622,5138.185222986243
819,LOAD,85811188,5826.746041553462
820,LOAD,94137721,5311.367161735305
821,LOAD,91022113,5493.170654036564
822,LOAD,85224811,5866.836125925817
823,LOAD,90984711,5495.4287869310265
824,LOAD,91833082,5444.660999181101
825,LOAD,94447028,5293.972828875039
826,LOAD,91488589,5465.162436814934
827,LOAD,94887907,5269.375369402973
828,LOAD,92304029,5416.881640128623
829,LOAD,87251719,5730.546122535419
830,LOAD,86029833,5811.937354336141
831,LOAD,85997987,5814.089578631649
832,LOAD,89190420,5605.983243491846
833,LOAD,89707346,5573.679551282233
834,LOAD,86874989,5755.396412194078
835,LOAD,89662893,5576.442865835257
836,LOAD,88139186,5672.845673886754
837,LOAD,88777475,5632.059258274692
838,LOAD,93734560,5334.211842462374
839,LOAD,92444458,5408.653053058087
840,LOAD,89117139,5610.593042040993
841,LOAD,88166297,5671.101282613696
842,LOAD,85150294,5871.9703304841205
843,LOAD,85481603,5849.211788880469
844,LOAD,86138795,5804.585494840043
845,LOAD,91081545,5489.586282270464
846,LOAD,87848359,5691.625952853598
847,LOAD,79783034,6266.996564708232
848,LOAD,83289500,6003.157660929649
849,LOAD,87853696,5691.280193834987
850,LOAD,84233726,5935.8646915369745
851,LOAD,87804215,5694.48744573367
852,LOAD,87490752,5714.889729145316
853,LOAD,87132298,5738.400242812372
854,LOAD,87528169,5712.446698159537
855,LOAD,85417876,5853.575661375611
856,LOAD,86604598,5773.365520384957
857,LOAD,84993360,5882.812492646484
858,LOAD,87612620,5706.940392833818
859,LOAD,90397908,5531.101449825587
860,LOAD,89911615,5561.01678298182
861,LOAD,90290006,5537.711449482017
862,LOAD,95094712,5257.915918605443
863,LOAD,84224948,5936.483332705649
864,LOAD,83837656,5963.907197023734
865,LOAD,88896870,5624.494990656026
866,LOAD,88116880,5674.28170402765
867,LOAD,90025387,5553.988898709205
868,LOAD,93691790,5336.646892966822
869,LOAD,85903153,5820.508125004445
870,LOAD,91910580,5440.070120327823
871,LOAD,86006504,5813.513824489366
872,LOAD,90700403,5512.654668138574
873,LOAD,82085660,6091.197902288902
874,LOAD,87143911,5737.63553026671
875,LOAD,83931083,5957.2685366159285
876,LOAD,81623092,6125.717462406349
877,LOAD,87997878,5681.955194419575
878,LOAD,86763853,5762.768511444507
879,LOAD,85025837,5880.565456826965
880,LOAD,87581710,5708.954529433144
881,LOAD,83908025,5958.905599315442
882,LOAD,88290649,5663.113881969539
883,LOAD,84557669,5913.124213487957
884,LOAD,95679596,5225.77457371371
885,LOAD,87411614,5720.063697714128
886,LOAD,88061149,5677.872769977144
887,LOAD,87949063,5685.108890813311
888,LOAD,93498780,5347.6633598855515
889,LOAD,88939535,5621.796875821309
890,LOAD,90670924,5514.446946630874
891,LOAD,88171924,5670.7393614321045
892,LOAD,91374541,5471.983711524198
893,LOAD,83154502,6012.903546701536
894,LOAD,86828603,5758.471088150525
895,LOAD,85595029,5841.4607231455
896,LOAD,84099129,5945.364784931364
897,LOAD,82049885,6093.853757381867
898,LOAD,88733201,5634.86941038
899,LOAD,83230960,6007.379946116204
900,LOAD,88652790,5639.980422499958
901,LOAD,84770512,5898.277457614035
902,LOAD,89714647,5573.225963871874
903,LOAD,85195800,5868.833909652823
904,LOAD,91033587,5492.478287162297
905,LOAD,92782786,5388.930657891648
906,LOAD,92057736,5431.374067248406
907,LOAD,90742912,5510.072235724593
908,LOAD,89751023,5570.967140953925
909,LOAD,89651734,5577.136968706037
910,LOAD,90412876,5530.185766903378
911,LOAD,87301552,5727.27504317449
912,LOAD,82688712,6046.774558539502
913,LOAD,91375773,5471.909933938397
914,LOAD,85025149,5880.613040736924
915,LOAD,90780238,5507.806666027908
916,LOAD,84451662,5920.546596229214
917,LOAD,85201369,5868.450306238624
918,LOAD,88536105,5647.413560829224
919,LOAD,90106462,5548.991591746217
920,LOAD,96282436,5193.055148708535
921,LOAD,84792087,5896.77666502064
922,LOAD,91549260,5461.540595740479
923,LOAD,84823548,5894.589554306311
924,LOAD,84435159,5921.703777451286
925,LOAD,92294715,5417.4282893662985
926,LOAD,92265127,5419.165574876411
927,LOAD,89751546,5570.934677827166
928,LOAD,92104413,5428.621536299243
929,LOAD,88134400,5673.153728850483
930,LOAD,91414082,5469.6168146172495
931,LOAD,92379046,5412.482826462616
932,LOAD,88751117,5633.731911227664
933,LOAD,87429156,5718.916010123671
934,LOAD,86191031,5801.067630807202
935,LOAD,92088044,5429.586494420491
936,LOAD,85474005,5849.731740076997
937,LOAD,90604839,5518.469052188261
938,LOAD,88287786,5663.29752566227
939,LOAD,86771303,5762.27373236518
940,LOAD,85157766,5871.455106043998
941,LOAD,95110163,5257.061750593362
942,LOAD,83249453,6006.0454691516115
943,LOAD,87890365,5688.9057179362035
944,LOAD,90060849,5551.801982235366
945,LOAD,90223807,5541.77457841033
946,LOAD,85286095,5862.62039550527
947,LOAD,94083379,5314.434975810127
948,LOAD,88751913,5633.68138329593
949,LOAD,85113987,5874.47513180178
950,LOAD,83308149,6001.813820158218
951,LOAD,85332422,5859.4375769622475
952,LOAD,81483399,6136.219231600782
953,LOAD,87145962,5737.500493711917
954,LOAD,85783579,5828.621349547563
955,LOAD,86397530,5787.202481367234
956,LOAD,86154723,5803.51236228802
957,LOAD,90731682,5510.754225850238
958,LOAD,87268368,5729.452852836665
959,LOAD,90530367,5523.008649683261
960,LOAD,87556267,5710.6134961190155
961,LOAD,93851856,5327.545147322393
962,LOAD,83503289,5987.788097783789
963,LOAD,91688764,5453.230888792437
964,LOAD,86849249,5757.102171372835
965,LOAD,81655228,6123.306642411188
966,LOAD,87166061,5736.17752441515
967,LOAD,93584670,5342.755389317503
968,LOAD,86694739,5767.3626539206725
969,LOAD,82158758,6085.778463204129
970,LOAD,84432700,5921.8762398928375
971,LOAD,82371756,6070.041774998702
972,LOAD,83780766,5967.956893590588
973,LOAD,88513444,5648.859398127137
974,LOAD,91117664,5487.410212799135
975,LOAD,82103810,6089.8513723053775
976,LOAD,83540672,5985.108666590568
977,LOAD,90754918,5509.343306331894
978,LOAD,93091072,5371.084350602387
979,LOAD,87204289,5733.662939445559
980,LOAD,91542658,5461.934478677689
981,LOAD,92008026,5434.308524345474
982,LOAD,93801745,5330.391241655473
983,LOAD,92358171,5413.706167914477
984,LOAD,88496448,5649.944277989553
985,LOAD,90589238,5519.419425958744
986,LOAD,88843911,5627.847697969983
987,LOAD,91617532,5457.470738242545
988,LOAD,92139804,5426.536396799802
989,LOAD,92560646,5401.863768323311
990,LOAD,94914481,5267.900058369386
991,LOAD,90889192,5501.204147573454
992,LOAD,85151457,5871.890131016784
993,LOAD,89436471,5590.5604772800125
994,LOAD,92344833,5414.488106768247
995,LOAD,89666323,5576.229550530359
996,LOAD,86250564,5797.063541520726
997,LOAD,90885267,5501.441724322602
998,LOAD,93555775,5344.405516388486
999,LOAD,88370842,5657.974832920569
1000,LOAD,95497459,5235.741403339328
1001,LOAD,92268119,5418.989846319508
1002,LOAD,84908718,5888.676825859036
1003,LOAD,91789901,5447.222347478074
1004,LOAD,86954113,5750.159282287199
1005,LOAD,90666394,5514.722467069772
1006,LOAD,85578109,5842.615662376928
1007,LOAD,85476563,5849.556679063008
1008,LOAD,93982185,5320.157219158078
1009,LOAD,88332029,5660.460941070424
1010,LOAD,97327892,5137.2734960703765
1011,LOAD,86866588,5755.953025345027
1012,LOAD,85677898,5835.810771174615
1013,LOAD,87777491,5696.221141704768
1014,LOAD,88896415,5624.523778602321
1015,LOAD,90527082,5523.2090657688495
1016,LOAD,85704396,5834.006460998803
1017,LOAD,86075556,5808.850075856611
1018,LOAD,88783134,5631.700273162242
1019,LOAD,90655942,5515.358276239631
1020,LOAD,91300075,5476.446760859726
1021,LOAD,95400566,5241.059051997658
1022,LOAD,91310680,5475.8107156797
1023,LOAD,92043380,5432.221198308885
1024,LOAD,94049406,5316.354682771734
1025,LOAD,89324197,5597.5874040043145
1026,LOAD,91421068,5469.198850313146
1027,LOAD,90557508,5521.35334819505
1028,LOAD,90565235,5520.882267903351
1029,LOAD,88697232,5637.1544942913215
1030,LOAD,90235787,5541.038834182274
1031,LOAD,91344181,5473.802430830268
1032,LOAD,86648622,5770.432217606415
1033,LOAD,87762369,5697.202635904234
1034,LOAD,88873098,5625.999444736359
1035,LOAD,82730653,6043.709095345833
1036,LOAD,86094435,5807.576296888411
1037,LOAD,87920178,5686.976657394847
1038,LOAD,95766250,5221.046036573427
1039,LOAD,88171257,5670.782259574682
1040,LOAD,90018124,5554.437015372593
1041,LOAD,87013632,5746.226062601318
1042,LOAD,89841490,5565.357386659549
1043,LOAD,93119127,5369.46614630526
1044,LOAD,88771179,5632.458705995106
1045,LOAD,89611968,5579.61186612931
1046,LOAD,88215907,5667.9120240752045
1047,LOAD,89771303,5569.708618354352
1048,LOAD,89986308,5556.400869341144
1049,LOAD,90263546,5539.33478305849
1050,LOAD,86533234,5778.12681772647
1051,LOAD,85543346,5844.989977361885
1052,LOAD,91346474,5473.665026194662
1053,LOAD,91544954,5461.797490225403
1054,LOAD,103195272,4845.183217308638
1055,LOAD,91349562,5473.4799932593
1056,LOAD,92209002,5422.464067011592
1057,LOAD,90518396,5523.739064046164
1058,LOAD,89519739,5585.360341589021
1059,LOAD,94182805,5308.8246840811335
1060,LOAD,89353389,5595.758656675014
1061,LOAD,84357292,5927.16987643463
1062,LOAD,93984152,5320.045873265952
1063,LOAD,87335747,5725.03261465205
1064,LOAD,92160489,5425.318435539117
1065,LOAD,93314652,5358.215342216568
1066,LOAD,86164525,5802.852159865096
1067,LOAD,91360452,5472.827564382015
1068,LOAD,90160668,5545.655451443638
1069,LOAD,89334162,5596.963007275985
1070,LOAD,89220717,5604.079599584477
1071,LOAD,97303302,5138.571761932601
1072,LOAD,78494182,6369.898854414459
1073,LOAD,93598042,5341.992089962736
1074,LOAD,90363089,5533.23271186535
1075,LOAD,84953681,5885.560156010191
1076,LOAD,86164750,5802.8370070127285
1077,LOAD,95828563,5217.651025404607
1078,LOAD,84884859,5890.331984883193
1079,LOAD,86354337,5790.09714358643
1080,LOAD,89297218,5599.278579988909
1081,LOAD,89918298,5560.603471386881
1082,LOAD,84329470,5929.125369814372
1083,LOAD,97323795,5137.489757771982
1084,LOAD,92725921,5392.235467793304
1085,LOAD,93134497,5368.580022502296
1086,LOAD,85632883,5838.878506519511
1087,LOAD,98646410,5068.608173373973
1088,LOAD,87168689,5736.0045876105805
1089,LOAD,87693389,5701.684080199021
1090,LOAD,81413285,6141.503809851181
1091,LOAD,91639576,5456.157937701501
1092,LOAD,86395148,5787.362040284947
1093,LOAD,96685272,5171.418455543053
1094,LOAD,92479795,5406.586379219375
1095,LOAD,92620297,5398.3847622514095
1096,LOAD,81175534,6159.491356102443
1097,LOAD,97029217,5153.087033568456
1098,LOAD,94564813,5287.378932373081
1099,LOAD,92019695,5433.619400716336
1100,LOAD,88141659,5672.686510245967
1101,LOAD,89795000,5568.23876607829
1102,LOAD,96106583,5202.557248341666
1103,LOAD,84740639,5900.3567343880895
1104,LOAD,97897182,5107.399312066001
1105,LOAD,85269922,5863.732348670379
1106,LOAD,92880150,5383.281573081008
1107,LOAD,86326022,5791.996299794748
1108,LOAD,91104233,5488.219191747106
1109,LOAD,87017137,5745.994607935676
1110,LOAD,95790531,5219.722604940983
1111,LOAD,85943908,5817.7480130412505
1112,LOAD,94559437,5287.679536416867
1113,LOAD,92940922,5379.761565094007
1114,LOAD,97354683,5135.859771635228
1115,LOAD,89767927,5569.9180844401135
1116,LOAD,89316366,5598.078184237814
1117,LOAD,85139013,5872.74837212407
1118,LOAD,100238505,4988.103124642572
1119,LOAD,85345322,5858.551919225286
1120,LOAD,87735682,5698.9355824463755
1121,LOAD,89244698,5602.573723763399
1122,LOAD,93825027,5329.068543726611
1123,LOAD,95186853,5252.826249019914
1124,LOAD,91460842,5466.82043447621
1125,LOAD,90144619,5546.642778533458
1126,LOAD,91434450,5468.398399071685
1127,LOAD,87847762,5691.664632276004
1128,LOAD,87205053,5733.612707052653
1129,LOAD,84923323,5887.664099060278
1130,LOAD,90665335,5514.786880785253
1131,LOAD,88189154,5669.63143789768
1132,LOAD,89719370,5572.932578550206
1133,LOAD,89561925,5582.729491354725
1134,LOAD,95513689,5234.851728949554
1135,LOAD,89719104,5572.949101230436
1136,LOAD,90381167,5532.1259571698165
1137,LOAD,87186177,5734.854046874884
1138,LOAD,97755492,5114.802143290322
1139,LOAD,89698200,5574.247866735342
1140,LOAD,84599160,5910.224167710412
1141,LOAD,86470345,5782.32919042939
1142,LOAD,88893774,5624.690881050905
1143,LOAD,91609591,5457.943808525463
1144,LOAD,100198957,4990.071902644655
1145,LOAD,89298540,5599.195686737991
1146,LOAD,86947202,5750.616333806808
1147,LOAD,86474248,5782.068206016663
1148,LOAD,94137947,5311.354410565167
1149,LOAD,93954210,5321.741303556275
1150,LOAD,91587535,5459.258183987592
1151,LOAD,94547411,5288.352105167639
1152,LOAD,90800988,5506.548012451142
1153,LOAD,91935531,5438.593703233193
1154,LOAD,93351702,5356.088740620927
1155,LOAD,87507747,5713.779832544426
1156,LOAD,83277259,6004.04007053114
1157,LOAD,87708475,5700.7033812867
1158,LOAD,89636342,5578.094652724672
1159,LOAD,84061937,5947.995226424536
1160,LOAD,91454824,5467.1801675546385
1161,LOAD,87435363,5718.510026658207
1162,LOAD,89789587,5568.574449507157
1163,LOAD,82529393,6058.447564251443
1164,LOAD,93861627,5326.9905496098
1165,LOAD,92721197,5392.510193758608
1166,LOAD,93760257,5332.749887833605
1167,LOAD,93440943,5350.973395035194
1168,LOAD,91844655,5443.9749378992165
1169,LOAD,90400284,5530.956075314984
1170,LOAD,90827079,5504.966200663571
1171,LOAD,89601228,5580.280663117697
1172,LOAD,85781027,5828.794752014335
1173,LOAD,87941059,5685.626323876768
1174,LOAD,94839085,5272.087979338899
1175,LOAD,86525513,5778.642421917799
1176,LOAD,93172101,5366.413278584327
1177,LOAD,89314186,5598.214823342845
1178,LOAD,88042360,5679.084477063086
1179,LOAD,90400149,5530.964335025598
1180,LOAD,91787485,5447.365727473631
1181,LOAD,90782483,5507.670461051391
1182,LOAD,86529479,5778.377563096155
1183,LOAD,82967590,6026.44960520126
1184,LOAD,102661549,4870.372645555933
1185,LOAD,89796470,5568.147612038647
1186,LOAD,92018140,5433.711222591545
1187,LOAD,94662725,5281.910065445507
1188,LOAD,95625901,5228.708903877413
1189,LOAD,82704299,6045.634943354033
1190,LOAD,94548695,5288.280287739562
1191,LOAD,84608554,5909.5679616507805
1192,LOAD,92452594,5408.177081543001
1193,LOAD,91458972,5466.932210871559
1194,LOAD,90726691,5511.0573800162065
1195,LOAD,90791526,5507.121887124135
1196,LOAD,95452534,5238.205619559561
1197,LOAD,84886605,5890.210828905219
1198,LOAD,90707561,5512.2196483708785
1199,LOAD,85267544,5863.895880477102
1200,LOAD,94563085,5287.475551373985
1201,LOAD,88993537,5618.385523883605
1202,LOAD,86907752,5753.226708706031
1203,LOAD,89785887,5568.803925721644
1204,LOAD,94450966,5293.752104134118
1205,LOAD,85867863,5822.900239173298
1206,LOAD,91130649,5486.628324132751
1207,LOAD,90094582,5549.723289686832
1208,LOAD,87991123,5682.391393049956
1209,LOAD,83214524,6008.566485340948
1210,LOAD,94795440,5274.515314238744
1211,LOAD,90615215,5517.837153506726
1212,LOAD,91094614,5488.798712073141
1213,LOAD,81634345,6124.873054349857
1214,LOAD,93794403,5330.808491845723
1215,LOAD,81785326,6113.566142659871
1216,LOAD,89672997,5575.814534223719
1217,LOAD,100067158,4996.644353585019
1218,LOAD,89660892,5576.567317666213
1219,LOAD,95606376,5229.776725351456
1220,LOAD,95727928,5223.136136405251
1221,LOAD,91708978,5452.028916950749
1222,LOAD,86032705,5811.743336443972
1223,LOAD,92242893,5420.471797214773
1224,LOAD,91515156,5463.575891188996
1225,LOAD,95795839,5219.433382696299
1226,LOAD,85789313,5828.231775209576
1227,LOAD,90771699,5508.324791849494
1228,LOAD,91506773,5464.076413228997
1229,LOAD,92778527,5389.17803685329
1230,LOAD,90144170,5546.670405862076
1231,LOAD,91057693,5491.0242454747895
1232,LOAD,86636378,5771.2477315245105
1233,LOAD,91576146,5459.9371325366765
1234,LOAD,85172664,5870.428098855755
1235,LOAD,90125625,5547.811735008772
1236,LOAD,88650944,5640.097865173326
1237,LOAD,88481615,5650.891430948678
1238,LOAD,91707228,5452.132955103604
1239,LOAD,85301007,5861.5955143413485
1240,LOAD,90638464,5516.421814032506
1241,LOAD,94615515,5284.5455631668865
1242,LOAD,91854208,5443.40875488252
1243,LOAD,89964231,5557.764396385493
1244,LOAD,88696400,5637.20737256529
1245,LOAD,88551658,5646.4216627090145
1246,LOAD,84507497,5916.63482826855
1247,LOAD,97572912,5124.37304320691
1248,LOAD,89756445,5570.630610425803
1249,LOAD,86630820,5771.617999229374
1250,LOAD,89357345,5595.51092302485
1251,LOAD,91819601,5445.460387047424
1252,LOAD,92522851,5404.070395539367
1253,LOAD,90394512,5531.309245853333
1254,LOAD,91445228,5467.7538777638565
1255,LOAD,88620392,5642.042296540508
1256,LOAD,82996549,6024.34686772338
1257,LOAD,88488956,5650.422635791973
1258,LOAD,93565424,5343.854370819716
1259,LOAD,85433711,5852.490710604857
1260,LOAD,97813384,5111.7748875757125
1261,LOAD,88516138,5648.687474367668
1262,LOAD,94802065,5274.146718217583
1263,LOAD,92962852,5378.492475682652
1264,LOAD,95648506,5227.473181860258
1265,LOAD,90618125,5517.65996041079
1266,LOAD,88079748,5676.673825179428
1267,LOAD,84762353,5898.845210207885
1268,LOAD,92997963,5376.461847879399
1269,LOAD,87494893,5714.619252120235
1270,LOAD,95569253,5231.808184165675
1271,LOAD,89950431,5558.617056543065
1272,LOAD,94985389,5263.967492937256
1273,LOAD,91115716,5487.527530376867
1274,LOAD,96736010,5168.706048554204
1275,LOAD,89010850,5617.292723302833
1276,LOAD,92998782,5376.4144997081785
1277,LOAD,87243054,5731.1152816819085
1278,LOAD,92158936,5425.409859332577
1279,LOAD,91076692,5489.8787935776145
1280,LOAD,93442076,5350.9085136336225
1281,LOAD,91034861,5492.401421912426
1282,LOAD,87532301,5712.177039650768
1283,LOAD,85984505,5815.001202832998
1284,LOAD,100057589,4997.122207292043
1285,LOAD,90584226,5519.724813898614
1286,LOAD,95449702,5238.361037523197
1287,LOAD,87141335,5737.805141498004
1288,LOAD,96614703,5175.19574634515
1289,LOAD,90166382,5545.304013640029
1290,LOAD,93757107,5332.929054647559
1291,LOAD,84711951,5902.354910938127
1292,LOAD,84835504,5893.758820599451
1293,LOAD,96934938,5158.098930232977
1294,LOAD,88897512,5624.454371681403
1295,LOAD,88686394,5637.843387791819
1296,LOAD,86701979,5766.881053545502
1297,LOAD,94743703,5277.395585857564
1298,LOAD,88664328,5639.246484786982
1299,LOAD,90661036,5515.048383078261
1300,LOAD,86520907,5778.950051922133
1301,LOAD,92978034,5377.6142438116085
1302,LOAD,89594805,5580.6807102264465
1303,LOAD,91139171,5486.115295035984
1304,LOAD,86240327,5797.75167132657
1305,LOAD,94466734,5292.868492733114
1306,LOAD,87253032,5730.459888201936
1307,LOAD,89168422,5607.366249006852
1308,LOAD,91871321,5442.39480348824
1309,LOAD,97913364,5106.555219571457
1310,LOAD,87236655,5731.535671559162
1311,LOAD,89262537,5601.45405681221
1312,LOAD,93540115,5345.300248989431
1313,LOAD,94075762,5314.865267846568
1314,LOAD,89643383,5577.656523739181
1315,LOAD,90535536,5522.693321216985
1316,LOAD,88288249,5663.267826276632
1317,LOAD,90374792,5532.516191019284
1318,LOAD,89920693,5560.455367042156
1319,LOAD,89949207,5558.692696423661
1320,LOAD,86599890,5773.679389200148
1321,LOAD,89164963,5607.583777049288
1322,LOAD,85497642,5848.114501216302
1323,LOAD,89020476,5616.685311815228
1324,LOAD,98520435,5075.089244175587
1325,LOAD,84961662,5885.007287169123
1326,LOAD,93114994,5369.704475307167
1327,LOAD,83281278,6003.750326694074
1328,LOAD,96101801,5202.816126203504
1329,LOAD,83961169,5955.133854794232
1330,LOAD,93577935,5343.139918614362
1331,LOAD,86000037,5813.950987021087
1332,LOAD,88394092,5656.486634876005
1333,LOAD,92976353,5377.711470356338
1334,LOAD,95099496,5257.651418047473
1335,LOAD,77234905,6473.756910816424
1336,LOAD,92474540,5406.893616340239
1337,LOAD,85869545,5822.78618106105
1338,LOAD,85996129,5814.2151956630505
1339,LOAD,85688582,5835.083138614664
1340,LOAD,89055676,5614.465270018274
1341,LOAD,91299243,5476.496667119135
1342,LOAD,85925098,5819.021585520914
1343,LOAD,88529912,5647.8086186282435
1344,LOAD,86190386,5801.111042709566
1345,LOAD,90630925,5516.880689455614
1346,LOAD,85174078,5870.330642146781
1347,LOAD,93249389,5361.965427998675
1348,LOAD,89217060,5604.309310349388
1349,LOAD,92170818,5424.710454452081
1350,LOAD,87795033,5695.083000880016
1351,LOAD,90439973,5528.528850843421
1352,LOAD,86357245,5789.902167444086
1353,LOAD,85747586,5831.067944000196
1354,LOAD,89924826,5560.199805112773
1355,LOAD,91048402,5491.584574982437
1356,LOAD,85338879,5858.994234034877
1357,LOAD,90194909,5543.55013540731
1358,LOAD,87076321,5742.089172554729
1359,LOAD,84927579,5887.369048869273
1360,LOAD,91378711,5471.734001588182
1361,LOAD,93157736,5367.240783953788
1362,LOAD,84716001,5902.072738301234
1363,LOAD,87055763,5743.445152505297
1364,LOAD,88610580,5642.667049465199
1365,LOAD,90125047,5547.84731485355
1366,LOAD,82088060,6091.019814574738
1367,LOAD,90486147,5525.70770860649
1368,LOAD,92709631,5393.1829369485895
1369,LOAD,86082326,5808.393235099154
1370,LOAD,95863523,5215.748225735455
1371,LOAD,86517503,5779.177422630886
1372,LOAD,90537211,5522.591147633209
1373,LOAD,85679328,5835.71337067443
1374,LOAD,99444304,5027.940061805853
1375,LOAD,89862567,5564.05204850202
1376,LOAD,100238512,4988.102776306177
1377,LOAD,94620867,5284.246655655776
1378,LOAD,88118435,5674.181571654104
1379,LOAD,86859602,5756.415968841304
1380,LOAD,97804512,5112.238584657525
1381,LOAD,95069975,5259.284016851798
1382,LOAD,91456326,5467.090379292079
1383,LOAD,83984686,5953.46632599186
1384,LOAD,93732326,5334.338977142209
1385,LOAD,84103624,5945.04702912683
1386,LOAD,90128751,5547.619316282326
1387,LOAD,89731125,5572.202510555841
1388,LOAD,85542967,5845.015873718759
1389,LOAD,86074266,5808.937133428474
1390,LOAD,86017430,5812.775387499953
1391,LOAD,86649827,5770.3519708123595
1392,LOAD,89211096,5604.683973392727
1393,LOAD,85608765,5840.5234557466165
1394,LOAD,86150699,5803.783437671237
1395,LOAD,91380165,5471.646937822886
1396,LOAD,83319021,6001.030665014655
1397,LOAD,88239245,5666.412943583096
1398,LOAD,88361280,5658.587109648027
1399,LOAD,92287304,5417.863328199511
1400,LOAD,87054835,5743.506377331024
1401,LOAD,85363471,5857.306341256905
1402,LOAD,84890796,5889.9200332625
1403,LOAD,86563798,5776.086673091678
1404,LOAD,87877848,5689.716024907665
1405,LOAD,86447762,5783.839725081604
1406,LOAD,83577192,5982.493405617169
1407,LOAD,90014569,5554.656380124422
1408,LOAD,91355819,5473.105112220602
1409,LOAD,86131762,5805.059462268982
1410,LOAD,87852485,5691.358645119713
1411,LOAD,88137848,5672.931792026508
1412,LOAD,85654282,5837.419780134284
1413,LOAD,85515714,5846.878621629704
1414,LOAD,95388040,5241.747288234457
1415,LOAD,85694942,5834.650077714038
1416,LOAD,79677320,6275.311468809443
1417,LOAD,94158402,5310.200570311293
1418,LOAD,95027270,5261.647524968359
1419,LOAD,89274656,5600.69366159193
1420,LOAD,94632124,5283.618066101951
1421,LOAD,86942570,5750.922706793692
1422,LOAD,86739454,5764.389524517875
1423,LOAD,97251314,5141.318707529237
1424,LOAD,86337494,5791.226694627018
1425,LOAD,89635187,5578.166529624131
1426,LOAD,92244221,5420.393761035718
1427,LOAD,88862551,5626.667188521293
1428,LOAD,92746468,5391.040875001299
1429,LOAD,86632985,5771.473763717134
1430,LOAD,92148112,5426.047144622996
1431,LOAD,88279905,5663.803104455085
1432,LOAD,88133381,5673.219321972908
1433,LOAD,87269969,5729.347743895727
1434,LOAD,91924832,5439.226693392271
1435,LOAD,92770989,5389.615928315694
1436,LOAD,87576163,5709.316129778374
1437,LOAD,89298219,5599.215814147424
1438,LOAD,93315667,5358.157060593051
1439,LOAD,89006735,5617.552424544053
1440,LOAD,92706615,5393.358391955095
1441,LOAD,85852692,5823.929201893867
1442,LOAD,90033380,5553.495825659328
1443,LOAD,91696587,5452.7656520084
1444,LOAD,94860775,5270.882511765269
1445,LOAD,87314826,5726.404356575136
1446,LOAD,87015778,5746.084348059268
1447,LOAD,89538789,5584.172017336531
1448,LOAD,90207226,5542.79321259696
1449,LOAD,83672925,5975.648634250566
1450,LOAD,91720331,5451.354073286107
1451,LOAD,86805868,5759.979267761023
1452,LOAD,91700601,5452.526968716377
1453,LOAD,97104410,5149.096730004333
1454,LOAD,94343008,5299.809817384665
1455,LOAD,91767744,5448.537560212878
1456,LOAD,95517079,5234.665938643287
1457,LOAD,98916561,5054.765298603536
1458,LOAD,99029477,5049.001722992034
1459,LOAD,89656853,5576.818539459555
1460,LOAD,100862817,4957.228192426947
1461,LOAD,92754932,5390.54893598542
1462,LOAD,91180850,5483.60757768764
1463,LOAD,94652093,5282.503367358184
1464,LOAD,101432864,4929.368848344852
1465,LOAD,89279213,5600.407790333009
1466,LOAD,101703657,4916.244063868814
1467,LOAD,91367998,5472.375568522361
1468,LOAD,101500530,4926.082651982211
1469,LOAD,90620590,5517.509872756291
1470,LOAD,98014564,5101.282703252141
1471,LOAD,93813622,5329.716403018742
1472,LOAD,99440398,5028.137558339217
1473,LOAD,94615642,5284.538469865269
1474,LOAD,101924534,4905.590247780775
1475,LOAD,92383899,5412.19850441688
1476,LOAD,99137652,5043.492456327289
1477,LOAD,98076959,5098.037348405144
1478,LOAD,104813588,4770.373856488913
1479,LOAD,94538987,5288.823329575131
1480,LOAD,96724806,5169.304759318928
1481,LOAD,88422363,5654.678104451925
1482,LOAD,86734576,5764.713716937983
1483,LOAD,92628814,5397.888393561857
1484,LOAD,88321968,5661.105739853985
1485,LOAD,94462539,5293.10354446433
1486,LOAD,91456680,5467.069217907319
1487,LOAD,94474916,5292.410103862913
1488,LOAD,91295092,5476.745672155082
1489,LOAD,89290869,5599.676714984149
1490,LOAD,87497092,5714.475630801536
1491,LOAD,91514101,5463.638876810908
1492,LOAD,85762908,5830.026192675276
1493,LOAD,90237861,5540.911480603469
1494,LOAD,87809951,5694.115465341735
1495,LOAD,90371221,5532.734807245771
1496,LOAD,85041067,5879.512306683546
1497,LOAD,95625258,5228.744062578111
1498,LOAD,88808992,5630.060523601033
1499,LOAD,87916731,5687.19962984065
1500,LOAD,83509420,5987.348493140055
1501,LOAD,89646637,5577.454065566341
1502,LOAD,90984783,5495.42443817226
1503,LOAD,95800417,5219.183962424715
1504,LOAD,89934642,5559.592931942732
1505,LOAD,87178989,5735.326891666523
1506,LOAD,86372872,5788.854630189905
1507,LOAD,91711631,5451.8712026831145
1508,LOAD,85585860,5842.0865315836045
1509,LOAD,89662102,5576.492061272443
1510,LOAD,86239938,5797.7778230777485
1511,LOAD,90825468,5505.063843987019
1512,LOAD,91349721,5473.470466319213
1513,LOAD,90398251,5531.080463050109
1514,LOAD,90518041,5523.76072743333
1515,LOAD,95497849,5235.720021295977
1516,LOAD,93225012,5363.36750484945
1517,LOAD,86731468,5764.920293981419
1518,LOAD,88077642,5676.809558548354
1519,LOAD,88722422,5635.553997838337
1520,LOAD,85300757,5861.612693542685
1521,LOAD,87331395,5725.3179111589825
1522,LOAD,88352392,5659.156347459161
1523,LOAD,92891580,5382.61917818601
1524,LOAD,93742569,5333.756108177492
1525,LOAD,95313167,5245.864928609496
1526,LOAD,100860050,4957.364189290011
1527,LOAD,92381234,5412.354634708604
1528,LOAD,90840926,5504.127071536017
1529,LOAD,88039599,5679.262578195068
1530,LOAD,87311291,5726.636203329074
1531,LOAD,88777919,5632.031090974322
1532,LOAD,86561662,5776.229204101927
1533,LOAD,91561531,5460.808644626093
1534,LOAD,86808154,5759.827584860289
1535,LOAD,92584569,5400.467976472407
1536,LOAD,84034368,5949.946574239721
1537,LOAD,101452949,4928.392963717594
1538,LOAD,90451450,5527.827359318176
1539,LOAD,95220428,5250.97408719902
1540,LOAD,87196232,5734.192734383293
1541,LOAD,95872202,5215.276060937872
1542,LOAD,84545052,5914.0066529263
1543,LOAD,94043112,5316.710489121202
1544,LOAD,94952288,5265.802547064479
1545,LOAD,93622871,5340.575381415081
1546,LOAD,87204094,5733.675760681604
1547,LOAD,91790843,5447.166445567996
1548,LOAD,85861173,5823.353939038312
1549,LOAD,101240999,4938.710650217903
1550,LOAD,85253448,5864.865430428104
1551,LOAD,93125326,5369.10872129457
1552,LOAD,86349584,5790.415851916554
1553,LOAD,91391061,5470.994586658754
1554,LOAD,86922073,5752.2788256557105
1555,LOAD,96320653,5190.994708061209
1556,LOAD,86762709,5762.844495784474
1557,LOAD,90749560,5509.668586822901
1558,LOAD,86807764,5759.853461955316
1559,LOAD,101548315,4923.764613918016
1560,LOAD,87382627,5721.961185717157
1561,LOAD,97338070,5136.736325263076
1562,LOAD,85807821,5826.974676352637
1563,LOAD,89371874,5594.601272431638
1564,LOAD,96267214,5193.876286894519
1565,LOAD,92766941,5389.851110860711
1566,LOAD,92961547,5378.5679792957835
1567,LOAD,87736211,5698.901221070511
1568,LOAD,91346436,5473.66730323228
1569,LOAD,86041434,5811.153728562916
1570,LOAD,87990641,5682.42252036782
1571,LOAD,96396886,5186.889543299148
1572,LOAD,93200931,5364.753276981751
1573,LOAD,91963256,5436.954080877693
1574,LOAD,90519874,5523.648872953579
1575,LOAD,90009840,5554.9482145507645
1576,LOAD,94970157,5264.811766079317
1577,LOAD,87366628,5723.009018958589
1578,LOAD,87311226,5726.640466599336
1579,LOAD,93749999,5333.333390222223
1580,LOAD,88497674,5649.866006647813
1581,LOAD,90284951,5538.021502609001
1582,LOAD,86047784,5810.724887464854
1583,LOAD,91233264,5480.4572156927325
1584,LOAD,89686696,5574.96286851731
1585,LOAD,92727115,5392.166034713795
1586,LOAD,89918587,5560.585599504583
1587,LOAD,95773745,5220.637451318208
1588,LOAD,96322548,5190.8925831156375
1589,LOAD,91177963,5483.781207088384
1590,LOAD,86141647,5804.393315117367
1591,LOAD,91308234,5475.957403797778
1592,LOAD,87601799,5707.645341849658
1593,LOAD,91767058,5448.578290479793
1594,LOAD,89643689,5577.637484329766
1595,LOAD,95024053,5261.825655868414
1596,LOAD,83499217,5988.080103793069
1597,LOAD,94067364,5315.339760131898
1598,LOAD,84575429,5911.882516138346
1599,LOAD,93801271,5330.418177382692
1600,LOAD,83497388,5988.211271950208
1601,LOAD,96847226,5162.770485548032
1602,LOAD,85009115,5881.7222129650445
1603,LOAD,87887606,5689.084306153475
1604,LOAD,88945889,5621.395273254281
1605,LOAD,98198320,5091.736803643891
1606,LOAD,85795901,5827.784243445383
1607,LOAD,92417504,5410.230512176568
1608,LOAD,89724993,5572.583326922077
1609,LOAD,93099885,5370.575914245222
1610,LOAD,87409435,5720.206291231604
1611,LOAD,92199308,5423.034194573348
1612,LOAD,87490879,5714.881433526345
1613,LOAD,87113974,5739.607287345197
1614,LOAD,90107228,5548.944419863854
1615,LOAD,94474189,5292.450830141553
1616,LOAD,88375380,5657.6843007634025
1617,LOAD,90157620,5545.842935960377
1618,LOAD,87558305,5710.480576342815
1619,LOAD,87779602,5696.084154038429
1620,LOAD,93720917,5334.988346304806
1621,LOAD,90522455,5523.4913812269015
1622,LOAD,95222121,5250.880727598999
1623,LOAD,87824378,5693.1800871962905
1624,LOAD,91016889,5493.485939735866
1625,LOAD,94639233,5283.221177415924
1626,LOAD,94850525,5271.452108462236
1627,LOAD,101986301,4902.619225301642
1628,LOAD,93633799,5339.952082901175
1629,LOAD,100542051,4973.0435676113275
1630,LOAD,89548042,5583.595004790836
1631,LOAD,93146955,5367.861998280029
1632,LOAD,94304343,5301.982751738167
1633,LOAD,96122132,5201.715667313746
1634,LOAD,90435006,5528.832496566651
1635,LOAD,88583348,5644.401699515805
1636,LOAD,88273261,5664.2293978467615
1637,LOAD,87160402,5736.549953039455
1638,LOAD,92520281,5404.2205081499915
1639,LOAD,86205332,5800.105264950432
1640,LOAD,91679852,5453.760985565291
1641,LOAD,86789852,5761.04220110895
1642,LOAD,86566967,5775.875225015103
1643,LOAD,87341459,5724.658206133241
1644,LOAD,87658198,5703.973061367289
1645,LOAD,90489616,5525.49587568147
1646,LOAD,87241278,5731.23195192074
1647,LOAD,93560744,5344.121675646358
1648,LOAD,89428757,5591.042711238847
1649,LOAD,88598000,5643.468249847627
1650,LOAD,84987949,5883.187038670623
1651,LOAD,88987754,5618.750642925543
1652,LOAD,86623408,5772.111852260534
1653,LOAD,87254157,5730.386003270882
1654,LOAD,86811973,5759.574200669302
1655,LOAD,87671557,5703.1039154466025
1656,LOAD,88118756,5674.160901681363
1657,LOAD,94874922,5270.096559341571
1658,LOAD,80718764,6194.346583404077
1659,LOAD,94694347,5280.14623724054
1660,LOAD,85358815,5857.625835129037
1661,LOAD,93333061,5357.158488566019
1662,LOAD,92193757,5423.360716279303
1663,LOAD,94211428,5307.211774775349
1664,LOAD,86511985,5779.546036309304
1665,LOAD,93185432,5365.645565714607
1666,LOAD,88571221,5645.174520062222
1667,LOAD,93975862,5320.51517654608
1668,LOAD,84690409,5903.85624421769
1669,LOAD,93107830,5370.117636722926
1670,LOAD,83542642,5984.967533107224
1671,LOAD,91815824,5445.684395317304
1672,LOAD,85450295,5851.354872443682
1673,LOAD,95229125,5250.494530953634
1674,LOAD,85642577,5838.21759590443
1675,LOAD,91767129,5448.5740749282895
1676,LOAD,83875822,5961.193441418673
1677,LOAD,89502502,5586.436008235836
1678,LOAD,85898285,5820.837982970207
1679,LOAD,87260462,5729.971954537669
1680,LOAD,85086588,5876.366790028059
1681,LOAD,93987569,5319.852458360743
1682,LOAD,92840295,5385.592538239996
1683,LOAD,85086757,5876.355118341154
1684,LOAD,89292160,5599.595753983328
1685,LOAD,91220733,5481.210066575544
1686,LOAD,86164375,5802.862261810637
1687,LOAD,92677820,5395.0341084846405
1688,LOAD,90731855,5510.7437183996735
1689,LOAD,94041371,5316.8089180664965
1690,LOAD,83744668,5970.529371493836
1691,LOAD,93556743,5344.350219630882
1692,LOAD,85034480,5879.967749552888
1693,LOAD,91941085,5438.265167307956
1694,LOAD,94633347,5283.549782932226
1695,LOAD,99644449,5017.840983796298
1696,LOAD,93938891,5322.609141723847
1697,LOAD,93730758,5334.428214055411
1698,LOAD,96234396,5195.647510480556
1699,LOAD,94725144,5278.429558259631
1700,LOAD,87934159,5686.072462465923
1701,LOAD,94639564,5283.202699454532
1702,LOAD,86241002,5797.7062928837495
1703,LOAD,91631178,5456.657994727515
1704,LOAD,92948488,5379.323652903316
1705,LOAD,95557891,5232.430255288911
1706,LOAD,86326481,5791.965503609489
1707,LOAD,95385283,5241.8987948067415
1708,LOAD,84283466,5932.361633063359
1709,LOAD,91359780,5472.867819953157
1710,LOAD,85956041,5816.926817278613
1711,LOAD,92877494,5383.435517758479
1712,LOAD,87333878,5725.155133956149
1713,LOAD,96982488,5155.569941657921
1714,LOAD,89889210,5562.402873492825
1715,LOAD,91505845,5464.131826770192
1716,LOAD,93041625,5373.938815019622
1717,LOAD,91299422,5476.485929998549
1718,LOAD,98682387,5066.760292290052
1719,LOAD,84356978,5927.191938999996
1720,LOAD,94869652,5270.389312696119
1721,LOAD,89753402,5570.819477126895
1722,LOAD,90844181,5503.929855452162
1723,LOAD,88958755,5620.582257474264
1724,LOAD,93018266,5375.288333153835
1725,LOAD,93980963,5320.226395211549
1726,LOAD,98292171,5086.875128640713
1727,LOAD,93494048,5347.934020356033
1728,LOAD,92896298,5382.345806718799
1729,LOAD,92124681,5427.427205962319
1730,LOAD,94801329,5274.187664605419
1731,LOAD,89553408,5583.260438285051
1732,LOAD,100457763,4977.2161460533425
1733,LOAD,91830303,5444.825767372236
1734,LOAD,93611674,5341.2141737792235
1735,LOAD,89987209,5556.345235687885
1736,LOAD,88187951,5669.708779150566
1737,LOAD,91561712,5460.7978496513915
1738,LOAD,94723878,5278.500105327192
1739,LOAD,94718588,5278.794907711251
1740,LOAD,89060885,5614.136890734917
1741,LOAD,89965835,5557.665307057951
1742,LOAD,102859074,4861.019845463512
1743,LOAD,89648691,5577.32627685551
1744,LOAD,95347701,5243.964927901094
1745,LOAD,94010194,5318.572153994279
1746,LOAD,95183203,5253.027679684198
1747,LOAD,87511904,5713.508415952188
1748,LOAD,93335486,5357.019301319115
1749,LOAD,94564739,5287.3830699199625
1750,LOAD,91267959,5478.373850783712
1751,LOAD,89679966,5575.381239551317
1752,LOAD,93088026,5371.260101702017
1753,LOAD,94651976,5282.509897099243
1754,LOAD,94403628,5296.406616915188
1755,LOAD,91435037,5468.36329272771
1756,LOAD,87634430,5705.52007926565
1757,LOAD,86717321,5765.8607788402505
1758,LOAD,95589512,5230.699367939026
1759,LOAD,88048759,5678.671745958395
1760,LOAD,88961318,5620.420326956038
1761,LOAD,94202357,5307.722820565945
1762,LOAD,97086880,5150.02645053585
1763,LOAD,86162007,5803.021742518138
1764,LOAD,92490070,5405.985745280547
1765,LOAD,92958556,5378.741038103045
1766,LOAD,90742670,5510.086930437467
1767,LOAD,89719005,5572.955250674035
1768,LOAD,95671661,5226.20799904373
1769,LOAD,95311096,5245.978915193673
1770,LOAD,92634575,5397.552695632274
1771,LOAD,93125336,5369.108144748063
1772,LOAD,96759060,5167.474756369068
1773,LOAD,95702928,5224.500550286194
1774,LOAD,93311447,5358.39938266095
1775,LOAD,88184542,5669.927956307807
1776,LOAD,92036751,5432.612457169419
1777,LOAD,86727186,5765.204926630503
1778,LOAD,92032358,5432.871773208288
1779,LOAD,91149529,5485.491866886115
1780,LOAD,97007396,5154.246177270855
1781,LOAD,93684370,5337.069566673715
1782,LOAD,91846550,5443.862616505465
1783,LOAD,90737887,5510.377379627542
1784,LOAD,95358352,5243.379206050037
1785,LOAD,93551699,5344.63836942181
1786,LOAD,97525180,5126.881078302034
1787,LOAD,86655069,5770.002906581264
1788,LOAD,91571526,5460.212599274582
1789,LOAD,95038581,5261.021310913722
1790,LOAD,92907988,5381.66858160786
1791,LOAD,92632982,5397.645516798757
1792,LOAD,91829862,5444.851915382384
1793,LOAD,90211386,5542.537612713322
1794,LOAD,87866193,5690.470736566452
1795,LOAD,90883731,5501.5347026191075
1796,LOAD,86721999,5765.5497539903345
1797,LOAD,82462081,6063.392942994004
1798,LOAD,89563399,5582.637612938294
1799,LOAD,95177181,5253.3600464590345
1800,LOAD,89618048,5579.233325858649
1801,LOAD,92262597,5419.3141777702185
1802,LOAD,90535908,5522.670629204933
1803,LOAD,91555980,5461.139731124062
1804,LOAD,87937376,5685.864449719309
1805,LOAD,90481528,5525.989790977005
1806,LOAD,88319692,5661.2516266474295
1807,LOAD,91273577,5478.036650190667
1808,LOAD,90070282,5551.22054575115
1809,LOAD,89681264,5575.300544381265
1810,LOAD,89228651,5603.581298119143
1811,LOAD,99114387,5044.676309202216
1812,LOAD,89533982,5584.471826574183
1813,LOAD,87604768,5707.451904900884
1814,LOAD,90284420,5538.054074003023
1815,LOAD,93908764,5324.316695298003
1816,LOAD,101177169,4941.826352148675
1817,LOAD,94291366,5302.7124455912535
1818,LOAD,99296155,5035.441704666208
1819,LOAD,94055722,5315.997680608948
1820,LOAD,101098541,4945.669789636232
1821,LOAD,94616324,5284.5003786027455
1822,LOAD,92807934,5387.470428982935
1823,LOAD,90507454,5524.406862665698
1824,LOAD,89191652,5605.905808314886
1825,LOAD,90337592,5534.7944186955965
1826,LOAD,90277836,5538.457966582185
1827,LOAD,87966287,5683.995733501858
1828,LOAD,89289177,5599.78282698249
1829,LOAD,91010810,5493.85287308178
1830,LOAD,87175780,5735.538012966445
1831,LOAD,91019608,5493.3218345655805
1832,LOAD,90343716,5534.419239518552
1833,LOAD,88031660,5679.774753764726
1834,LOAD,89247442,5602.401467147932
1835,LOAD,92141788,5426.419552440202
1836,LOAD,85505118,5847.603180899651
1837,LOAD,88331640,5660.485868936657
1838,LOAD,97004172,5154.417482167674
1839,LOAD,92274755,5418.600136082723
1840,LOAD,96766203,5167.093308394047
1841,LOAD,95605106,5229.846196708364
1842,LOAD,93616532,5340.937004588036
1843,LOAD,85388565,5855.584995485051
1844,LOAD,92026652,5433.208631777672
1845,LOAD,97590898,5123.4286213863925
1846,LOAD,86075739,5808.837726040319
1847,LOAD,100543629,4972.965517288022
1848,LOAD,89753013,5570.843621706605
1849,LOAD,92777036,5389.264645186552
1850,LOAD,91253142,5479.263387993808
1851,LOAD,91945491,5438.004567293028
1852,LOAD,97674376,5119.049851928412
1853,LOAD,89995541,5555.830816106767
1854,LOAD,85952031,5817.198199772615
1855,LOAD,86052404,5810.412920015576
1856,LOAD,89189818,5606.021081913184
1857,LOAD,85831354,5825.37705277258
1858,LOAD,89810427,5567.282293402302
1859,LOAD,93298038,5359.169503650227
1860,LOAD,86232889,5798.251755197486
1861,LOAD,91581197,5459.635999297978
1862,LOAD,96976112,5155.908910846003
1863,LOAD,84184230,5939.354674860126
1864,LOAD,88066369,5677.536222709489
1865,LOAD,92097212,5429.045995442294
1866,LOAD,85494248,5848.346663041004
1867,LOAD,88368263,5658.139959138951
1868,LOAD,84379569,5925.605047828581
1869,LOAD,89948693,5558.724460843472
1870,LOAD,92139771,5426.538340322118
1871,LOAD,95802673,5219.061058974837
1872,LOAD,85148261,5872.110529656032
1873,LOAD,85353141,5858.0152310973535
1874,LOAD,86362676,5789.538063873797
1875,LOAD,87499999,5714.285779591838
1876,LOAD,85412607,5853.936761349528
1877,LOAD,88777914,5632.031408172083
1878,LOAD,91151143,5485.394736081367
1879,LOAD,98996195,5050.699170811565
1880,LOAD,86545703,5777.294338922869
1881,LOAD,86542881,5777.482725586638
1882,LOAD,86343329,5790.835329038564
1883,LOAD,87829461,5692.850602829044
1884,LOAD,90353433,5533.824044073676
1885,LOAD,98165350,5093.446923991001
1886,LOAD,99335955,5033.424201740448
1887,LOAD,91064542,5490.611263382843
1888,LOAD,93162856,5366.945813683514
1889,LOAD,97530872,5126.581868354463
1890,LOAD,92510322,5404.80228790037
1891,LOAD,91977860,5436.090815768055
1892,LOAD,94304367,5301.9814024094985
1893,LOAD,96006681,5207.97089110913
1894,LOAD,89479289,5587.885259124041
1895,LOAD,89362525,5595.18657289507
1896,LOAD,98152465,5094.115568060364
1897,LOAD,87056772,5743.378585183471
1898,LOAD,95379531,5242.214915063904
1899,LOAD,89774942,5569.482851907607
1900,LOAD,90483988,5525.8395551708
1901,LOAD,97141657,5147.1224131991075
1902,LOAD,95152650,5254.714398390376
1903,LOAD,89162557,5607.73509445226
1904,LOAD,88601290,5643.258692960339
1905,LOAD,93772374,5332.060805029848
1906,LOAD,94690320,5280.370791861301
1907,LOAD,92164520,5425.081148363817
1908,LOAD,96176004,5198.801979753703
1909,LOAD,97071948,5150.818648452383
1910,LOAD,93306984,5358.655682194165
1911,LOAD,97415175,5132.670551585007
1912,LOAD,93559589,5344.187649221076
1913,LOAD,92668674,5395.566575172965
1914,LOAD,104937020,4764.7627119580875
1915,LOAD,88442980,5653.359938798987
1916,LOAD,89586446,5581.201424152935
1917,LOAD,90712320,5511.930463249094
1918,LOAD,98414025,5080.576675936179
1919,LOAD,96675178,5171.958411082522
1920,LOAD,94203637,5307.65070142674
1921,LOAD,87959051,5684.463330555943
1922,LOAD,90548667,5521.892442657383
1923,LOAD,87099622,5740.553041665324
1924,LOAD,101671656,4917.791444254631
1925,LOAD,88366749,5658.2369008505675
1926,LOAD,88600769,5643.291877071631
1927,LOAD,92556967,5402.078484270125
1928,LOAD,93634145,5339.932350533025
1929,LOAD,89327368,5597.388697269128
1930,LOAD,91656379,5455.157681932864
1931,LOAD,88956591,5620.7189864099
1932,LOAD,93528375,5345.971209272053
1933,LOAD,89773983,5569.54234725221
1934,LOAD,89822898,5566.509332620286
1935,LOAD,87754768,5697.696106951134
1936,LOAD,96412742,5186.036509572562
1937,LOAD,93616729,5340.9257655221
1938,LOAD,92188430,5423.6740987996
1939,LOAD,89002176,5617.840175053697
1940,LOAD,90271468,5538.8486647852005
1941,LOAD,86332791,5791.5421731239985
1942,LOAD,97989323,5102.596739034517
1943,LOAD,86822493,5758.8763317358325
1944,LOAD,88898604,5624.3852828105155
1945,LOAD,91277930,5477.775405292386
1946,LOAD,95435415,5239.145237645794
1947,LOAD,91697569,5452.707257702765
1948,LOAD,90097596,5549.5376369420555
1949,LOAD,91249235,5479.497992503718
1950,LOAD,95200257,5252.086661908906
1951,LOAD,87153998,5736.971469742558
1952,LOAD,89521861,5585.227947841701
1953,LOAD,85404945,5854.461940113655
1954,LOAD,92376288,5412.644422343535
1955,LOAD,87544113,5711.406316950176
1956,LOAD,92101186,5428.811741903085
1957,LOAD,88200672,5668.891048811964
1958,LOAD,88351952,5659.184530524011
1959,LOAD,91685602,5453.418956664537
1960,LOAD,93696069,5336.4031739688035
1961,LOAD,99344204,5033.006253691458
1962,LOAD,92822300,5386.636616416529
1963,LOAD,89498444,5586.6893060174325
1964,LOAD,100848938,4957.9104144854755
1965,LOAD,92917844,5381.097736189402
1966,LOAD,93011950,5375.653343468232
1967,LOAD,87785757,5695.6847794796595
1968,LOAD,91311698,5475.7496679122105
1969,LOAD,89337100,5596.778941783425
1970,LOAD,91718994,5451.433538400999
1971,LOAD,89943573,5559.040888891527
1972,LOAD,96851068,5162.565682806926
1973,LOAD,93445106,5350.735007994961
1974,LOAD,94994100,5263.484784844532
1975,LOAD,94889962,5269.261252312442
1976,LOAD,97968824,5103.6644065463115
1977,LOAD,91170298,5484.242247403864
1978,LOAD,103379958,4836.527405050793
1979,LOAD,93393343,5353.700637956605
1980,LOAD,96108914,5202.4310669039505
1981,LOAD,90278216,5538.434654047661
1982,LOAD,95473739,5237.042198588242
1983,LOAD,97726797,5116.303975459259
1984,LOAD,94528082,5289.433461688136
1985,LOAD,90997450,5494.659465732282
1986,LOAD,88116686,5674.294196674623
1987,LOAD,88548492,5646.6235472423405
1988,LOAD,96025491,5206.950725198582
1989,LOAD,94363520,5298.657786398811
1990,LOAD,93627076,5340.335524309229
1991,LOAD,94287069,5302.954109221489
1992,LOAD,97895280,5107.498543341416
1993,LOAD,109284461,4575.215867148761
1994,LOAD,94948725,5266.000149027805
1995,LOAD,97677697,5118.875806418737
1996,LOAD,97528504,5126.7063421786925
1997,LOAD,94139508,5311.266338889301
1998,LOAD,91357229,5473.020640763963
1999,LOAD,93774484,5331.940829447805
2000,LOAD,96693530,5170.97679648266
2001,LOAD,89162145,5607.761006646935
2002,LOAD,94061797,5315.654345833942
2003,LOAD,100195866,4990.225844247906
2004,LOAD,94963736,5265.167747823232
2005,LOAD,96724247,5169.334634365259
2006,LOAD,91543170,5461.90393013482
2007,LOAD,95814093,5218.439003539907
2008,LOAD,97085146,5150.118433153512
2009,LOAD,98037030,5100.113701934872
2010,LOAD,87365341,5723.093325990681
2011,LOAD,89562498,5582.693774351849
2012,LOAD,89774256,5569.525410491845
2013,LOAD,95250588,5249.311426822898
2014,LOAD,95534146,5233.730775172262
2015,LOAD,91532224,5462.557099016844
2016,LOAD,90192363,5543.706621812315
2017,LOAD,89407117,5592.395961050842
2018,LOAD,92946521,5379.437493954184
2019,LOAD,87715446,5700.250329913389
2020,LOAD,88714726,5636.042881990076
2021,LOAD,88401816,5655.992406309843
2022,LOAD,92768970,5389.73322653038
2023,LOAD,91713348,5451.769136156713
2024,LOAD,94767352,5276.078622519704
2025,LOAD,90969339,5496.357404553637
2026,LOAD,91050184,5491.477095751943
2027,LOAD,97373629,5134.860486713502
2028,LOAD,89690264,5574.741088954761
2029,LOAD,89210408,5604.7271973019115
2030,LOAD,90547118,5521.986906308824
2031,LOAD,94124856,5312.093120227456
2032,LOAD,97047018,5152.141820576084
2033,LOAD,86517527,5779.175819484531
2034,LOAD,89020446,5616.687204645099
2035,LOAD,87301595,5727.27222223145
2036,LOAD,87637088,5705.3470329822
2037,LOAD,89239000,5602.931453736595
2038,LOAD,90383399,5531.989342423381
2039,LOAD,86874063,5755.4577595846995
2040,LOAD,89312340,5598.330533048401
2041,LOAD,92204906,5422.704948042569
2042,LOAD,92576573,5400.934424306244
2043,LOAD,91750581,5449.556771744039
2044,LOAD,88941113,5621.697133473021
2045,LOAD,94215293,5306.994056686742
2046,LOAD,89228261,5603.605790322418
2047,LOAD,98929451,5054.106688613889
2048,LOAD,83129524,6014.710249032582
2049,LOAD,87206723,5733.502908944302
2050,LOAD,97539650,5126.120505866076
2051,LOAD,86483584,5781.444025261488
2052,LOAD,94047507,5316.462030195016
2053,LOAD,84385874,5925.162308563635
2054,LOAD,91485800,5465.32904560052
2055,LOAD,92811846,5387.243348225182
2056,LOAD,85575342,5842.804577982288
2057,LOAD,90084624,5550.336758912375
2058,LOAD,93383124,5354.286498275641
2059,LOAD,89879870,5562.980898837526
2060,LOAD,86632022,5771.537919315793
2061,LOAD,88621783,5641.9537395224825
2062,LOAD,95127947,5256.078952276769
2063,LOAD,95617539,5229.166167934944
2064,LOAD,93056308,5373.090881705731
2065,LOAD,92074155,5430.405524764252
2066,LOAD,94766777,5276.110635270417
2067,LOAD,89743172,5571.454505753373
2068,LOAD,92523289,5404.044812976764
2069,LOAD,92253916,5419.824129742092
2070,LOAD,93709641,5335.630300835322
2071,LOAD,88159480,5671.539804908106
2072,LOAD,90215466,5542.286951108804
2073,LOAD,88849410,5627.499383507443
2074,LOAD,90428318,5529.241404224726
2075,LOAD,91463351,5466.670470011535
2076,LOAD,91307103,5476.025233217617
2077,LOAD,91665546,5454.612139658231
2078,LOAD,89988213,5556.2832434510065
2079,LOAD,90588989,5519.434597067861
2080,LOAD,88907397,5623.8290274092715
2081,LOAD,89180047,5606.635304868139
2082,LOAD,98382888,5082.184617308652
2083,LOAD,88674574,5638.594891924713
2084,LOAD,89041344,5615.368968374961
2085,LOAD,93043873,5373.808977190793
2086,LOAD,93730128,5334.464069013114
2087,LOAD,97412135,5132.830729970142
2088,LOAD,87637972,5705.289483421638
2089,LOAD,89592897,5580.799558250695
2090,LOAD,88595132,5643.650940099056
2091,LOAD,91652050,5455.415345319608
2092,LOAD,90284819,5538.029599416929
2093,LOAD,92903562,5381.924968603465
2094,LOAD,92095561,5429.14332211951
2095,LOAD,90475404,5526.363828118413
2096,LOAD,89959758,5558.040740838809
2097,LOAD,105986646,4717.575457572268
2098,LOAD,90958407,5497.017994169577
2099,LOAD,96077499,5204.132135038194
2100,LOAD,89912919,5560.936131992334
2101,LOAD,90080487,5550.591661432736
2102,LOAD,91475036,5465.972158786579
2103,LOAD,93422446,5352.032850863272
2104,LOAD,89079231,5612.9806508994225
2105,LOAD,88866750,5626.401325580152
2106,LOAD,89003416,5617.76190702613
2107,LOAD,113712825,4397.041406719075
2108,LOAD,93516364,5346.657831991843
2109,LOAD,96571661,5177.502331662287
2110,LOAD,97432499,5131.757936332928
2111,LOAD,92907907,5381.673273513738
2112,LOAD,87465481,5716.540906006107
2113,LOAD,95961299,5210.433843751948
2114,LOAD,91497371,5464.63788560657
2115,LOAD,95844851,5216.764330928951
2116,LOAD,94377652,5297.864371535753
2117,LOAD,92958661,5378.734962630324
2118,LOAD,92185815,5423.8279501027355
2119,LOAD,88945932,5621.392555648301
2120,LOAD,91563136,5460.7129227203395
2121,LOAD,90297715,5537.238677634312
2122,LOAD,88322967,5661.041708438079
2123,LOAD,89834961,5565.761864136613
2124,LOAD,90165129,5545.381075204806
2125,LOAD,90933222,5498.540456424165
2126,LOAD,96739718,5168.507933835408
2127,LOAD,96267563,5193.857457469864
2128,LOAD,88417160,5655.010859882856
2129,LOAD,92589644,5400.171967396267
2130,LOAD,93736779,5334.085567416393
2131,LOAD,95649809,5227.401970034252
2132,LOAD,88649377,5640.19756168168
2133,LOAD,92533940,5403.422787357807
2134,LOAD,94044696,5316.6209394732905
2135,LOAD,94432199,5294.804158907705
2136,LOAD,95115911,5256.744058310076
2137,LOAD,93905487,5324.5024968562275
2138,LOAD,92248932,5420.116950513855
2139,LOAD,89057150,5614.372344050983
2140,LOAD,89405136,5592.519874920832
2141,LOAD,95435777,5239.125364903772
2142,LOAD,89061497,5614.09831231559
2143,LOAD,88257647,5665.231478468942
2144,LOAD,95754669,5221.677493344998
2145,LOAD,89260238,5601.59832869816
2146,LOAD,87649273,5704.553875763465
2147,LOAD,88117066,5674.26972659303
2148,LOAD,86639422,5771.044963804122
2149,LOAD,87774685,5696.403239726807
2150,LOAD,91149372,5485.501315357389
2151,LOAD,89773844,5569.550970770507
2152,LOAD,93442951,5350.858407714457
2153,LOAD,94410945,5295.996136888578
2154,LOAD,92845004,5385.319386706042
2155,LOAD,84527253,5915.251972047406
2156,LOAD,90110811,5548.7237818778485
2157,LOAD,92309588,5416.555428673347
2158,LOAD,90196414,5543.457636796958
2159,LOAD,95488812,5236.215526484924
2160,LOAD,93694277,5336.505238201476
2161,LOAD,91112823,5487.701769486387
2162,LOAD,87150919,5737.1741541818965
2163,LOAD,89285827,5599.992930568924
2164,LOAD,90391751,5531.478198713066
2165,LOAD,93328902,5357.397218709377
2166,LOAD,90006913,5555.128859935458
2167,LOAD,93608949,5341.369659005572
2168,LOAD,94115055,5312.64631359988
2169,LOAD,93452759,5350.296827512605
2170,LOAD,89282170,5600.2223064246755
2171,LOAD,92071698,5430.55043907195
2172,LOAD,92090497,5429.441867383993
2173,LOAD,94810986,5273.650460717707
2174,LOAD,95227850,5250.564829511534
2175,LOAD,91148218,5485.570765629231
2176,LOAD,89709305,5573.557837729319
2177,LOAD,95698259,5224.755447222921
2178,LOAD,89098740,5611.751636442895
2179,LOAD,89271478,5600.893042232369
2180,LOAD,87000885,5747.067975228068
2181,LOAD,89855229,5564.506435123548
2182,LOAD,88060246,5677.930992834155
2183,LOAD,91250593,5479.416446093671
2184,LOAD,91291136,5476.983000846873
2185,LOAD,87660272,5703.83810809987
2186,LOAD,92074335,5430.394908635506
2187,LOAD,93714274,5335.366520579351
2188,LOAD,88550144,5646.518203290556
2189,LOAD,89475716,5588.108398037296
2190,LOAD,90758039,5509.1538502721505
2191,LOAD,89654123,5576.988355571779
2192,LOAD,89251007,5602.177687474159
2193,LOAD,88473296,5651.422775071022
2194,LOAD,88788885,5631.335498807087
2195,LOAD,88666517,5639.107263004365
2196,LOAD,87079720,5741.865040447994
2197,LOAD,87075759,5742.126232858906
2198,LOAD,86965819,5749.385284349476
2199,LOAD,88955153,5620.809847856706
2200,LOAD,86807769,5759.853130196216
2201,LOAD,86563471,5776.1084926920275
2202,LOAD,87611834,5706.991592026256
2203,LOAD,92770971,5389.616974042451
2204,LOAD,88139747,5672.809566834813
2205,LOAD,88209271,5668.33842215973
2206,LOAD,87264502,5729.706679584328
2207,LOAD,89225089,5603.805001528213
2208,LOAD,87435927,5718.473139765533
2209,LOAD,97642084,5120.742814133299
2210,LOAD,86988979,5747.854564427063
2211,LOAD,91511322,5463.8047956514065
2212,LOAD,98626220,5069.645779793649
2213,LOAD,88692245,5637.4714610054125
2214,LOAD,89967606,5557.555905177693
2215,LOAD,87260904,5729.942930685201
2216,LOAD,90496240,5525.09142921297
2217,LOAD,87171925,5735.791655398226
2218,LOAD,89319168,5597.902568908837
2219,LOAD,89384220,5593.828530360281
2220,LOAD,89215391,5604.414153158842
2221,LOAD,85953233,5817.116850043325
2222,LOAD,85375154,5856.504809350036
2223,LOAD,86546819,5777.219842129611
2224,LOAD,89558308,5582.954961587707
2225,LOAD,86964872,5749.447892017825
2226,LOAD,91529081,5462.744676743777
2227,LOAD,87172722,5735.739214384059
2228,LOAD,80901352,6180.36642947574
2229,LOAD,88531551,5647.704059765089
2230,LOAD,90601698,5518.660367711872
2231,LOAD,89741596,5571.552349035557
2232,LOAD,90265993,5539.184618508545
2233,LOAD,94232675,5306.015137530586
2234,LOAD,90328075,5535.377566719982
2235,LOAD,87754358,5697.722727343068
2236,LOAD,90384714,5531.908857951356
2237,LOAD,94033992,5317.226136693208
2238,LOAD,92972927,5377.909635995433
2239,LOAD,90133192,5547.345976607597
2240,LOAD,88790281,5631.246960464063
2241,LOAD,89945358,5558.930567600832
2242,LOAD,89346086,5596.216044651357
2243,LOAD,93699593,5336.2024742199255
2244,LOAD,95747475,5222.069824817835
2245,LOAD,91843769,5444.027454927291
2246,LOAD,92811695,5387.252113001492
2247,LOAD,97733629,5115.946323859518
2248,LOAD,90627243,5517.104829063375
2249,LOAD,93411372,5352.667339047327
2250,LOAD,90541731,5522.315450319808
2251,LOAD,91636177,5456.3603193529125
2252,LOAD,91441900,5467.952874994941
2253,LOAD,95980770,5209.3768366309205
2254,LOAD,88336837,5660.152853333429
2255,LOAD,88727718,5635.217621623042
2256,LOAD,88619461,5642.101569541254
2257,LOAD,90052674,5552.3059759447015
2258,LOAD,89048003,5614.949051692939
2259,LOAD,91439661,5468.08676379498
2260,LOAD,92094909,5429.181758570389
2261,LOAD,99537703,5023.222205559636
2262,LOAD,91639454,5456.165201508075
2263,LOAD,94078420,5314.715106822585
2264,LOAD,94139193,5311.284110965345
2265,LOAD,90105162,5549.071650301234
2266,LOAD,94428600,5295.005962176713
2267,LOAD,92444439,5408.654164692373
2268,LOAD,90386654,5531.790124679247
2269,LOAD,88535413,5647.457701473647
2270,LOAD,87748861,5698.079659404354
2271,LOAD,89976053,5557.034158855579
2272,LOAD,85297129,5861.862009447
2273,LOAD,89598115,5580.474544581658
2274,LOAD,88656180,5639.764763155823
2275,LOAD,90420770,5529.702965369572
2276,LOAD,95350340,5243.819791308557
2277,LOAD,90345499,5534.31001582049
2278,LOAD,87201292,5733.859998312869
2279,LOAD,96648525,5173.384694696582
2280,LOAD,88220918,5667.590083340551
2281,LOAD,87222594,5732.4596422803015
2282,LOAD,95276226,5247.898882980525
2283,LOAD,89204298,5605.111090050841
2284,LOAD,89048025,5614.947664476556
2285,LOAD,96483638,5182.225819470033
2286,LOAD,88920244,5623.016509041518
2287,LOAD,88451038,5652.844910649889
2288,LOAD,94806102,5273.922136362067
2289,LOAD,102588986,4873.817546066787
2290,LOAD,88759234,5633.21670847227
2291,LOAD,94609466,5284.883438619134
2292,LOAD,86223982,5798.850718817417
2293,LOAD,88547455,5646.689676174205
2294,LOAD,88468911,5651.702890295553
2295,LOAD,89793550,5568.328682850829
2296,LOAD,85687444,5835.160633336198
2297,LOAD,96092136,5203.339428317006
2298,LOAD,87607196,5707.29372504971
2299,LOAD,96214236,5196.736166984686
2300,LOAD,86832261,5758.228499888999
2301,LOAD,87834136,5692.547599033705
2302,LOAD,85648219,5837.833008529927
2303,LOAD,85487816,5848.786685578679
2304,LOAD,90100520,5549.3575397789045
2305,LOAD,89214109,5604.49468816642
2306,LOAD,95002812,5263.00210987439
2307,LOAD,90507159,5524.424868976386
2308,LOAD,95641077,5227.879230176381
2309,LOAD,88568721,5645.333864536669
2310,LOAD,90461056,5527.240362969011
2311,LOAD,90060592,5551.817825048274
2312,LOAD,94315514,5301.354769693563
2313,LOAD,87670820,5703.151858280782
2314,LOAD,91837940,5444.372990073602
2315,LOAD,85460366,5850.665324789271
2316,LOAD,96301147,5192.0461549642805
2317,LOAD,91557099,5461.072985722276
2318,LOAD,93187767,5365.511119072098
2319,LOAD,91453507,5467.258899103782
2320,LOAD,87634012,5705.547293669494
2321,LOAD,86057330,5810.080326684549
2322,LOAD,91753440,5449.386965763899
2323,LOAD,87149177,5737.288832916919
2324,LOAD,93980113,5320.274513821876
2325,LOAD,86147002,5804.032507132401
2326,LOAD,86132558,5805.005814409924
2327,LOAD,88835959,5628.351465198907
2328,LOAD,92851785,5384.926094851058
2329,LOAD,89254759,5601.9421888753295
2330,LOAD,89015850,5616.977201251238
2331,LOAD,88524803,5648.1345685683145
2332,LOAD,93862796,5326.924205411482
2333,LOAD,86520970,5778.945843995971
2334,LOAD,98688875,5066.427193541319
2335,LOAD,93983844,5320.063307902154
2336,LOAD,84641562,5907.26338438792
2337,LOAD,84405727,5923.768656124483
2338,LOAD,89673535,5575.781081898913
2339,LOAD,88591806,5643.862819547893
2340,LOAD,93674873,5337.610652538595
2341,LOAD,86964565,5749.468188566228
2342,LOAD,90483358,5525.878029416193
2343,LOAD,89804336,5567.659895620185
2344,LOAD,93251454,5361.846690347584
2345,LOAD,87294668,5727.726692310692
2346,LOAD,85435501,5852.368092275833
2347,LOAD,88418416,5654.9305294046435
2348,LOAD,90688342,5513.387817807938
2349,LOAD,84989775,5883.060638765075
2350,LOAD,85956480,5816.897108862531
2351,LOAD,88670318,5638.86553333439
2352,LOAD,92774669,5389.402143811475
2353,LOAD,86868125,5755.851182467677
2354,LOAD,89349751,5595.986495810156
2355,LOAD,87397371,5720.995886706935
2356,LOAD,91030316,5492.675648846479
2357,LOAD,88870217,5626.181828722214
2358,LOAD,95797330,5219.3521468709
2359,LOAD,99103148,5045.248411281547
2360,LOAD,92625787,5398.064795929885
2361,LOAD,92753999,5390.603158792107
2362,LOAD,91805535,5446.294714147682
2363,LOAD,87376551,5722.359080069434
2364,LOAD,99192740,5040.691486090615
2365,LOAD,92901901,5382.0211924404
2366,LOAD,89268210,5601.098084077187
2367,LOAD,90477628,5526.227986436603
2368,LOAD,95687515,5225.342094002545
2369,LOAD,98030185,5100.469819576491
2370,LOAD,96298332,5192.197929243468
2371,LOAD,89703206,5573.936788836733
2372,LOAD,90416692,5529.9523676446815
2373,LOAD,90633850,5516.702644762415
2374,LOAD,94694237,5280.152370835408
2375,LOAD,90439530,5528.55593123936
2376,LOAD,87088834,5741.264144149639
2377,LOAD,92171366,5424.678202121904
2378,LOAD,91206800,5482.047391203288
2379,LOAD,86372645,5788.869844150309
2380,LOAD,88424346,5654.55129292107
2381,LOAD,89336700,5596.804001043244
2382,LOAD,90498407,5524.959129943581
2383,LOAD,88374929,5657.713173382012
2384,LOAD,89004887,5617.669061250535
2385,LOAD,89685262,5575.052007987667
2386,LOAD,86994552,5747.486348340526
2387,LOAD,90819413,5505.430870820537
2388,LOAD,93158289,5367.20892329828
2389,LOAD,91067116,5490.4560719810215
2390,LOAD,95417771,5240.114024461964
2391,LOAD,96719004,5169.6148566625025
2392,LOAD,89546018,5583.721210249684
2393,LOAD,87690102,5701.89780369967
2394,LOAD,88434317,5653.91374029609
2395,LOAD,91033851,5492.462358864726
2396,LOAD,90225873,5541.647682367119
2397,LOAD,88799252,5630.678060216093
2398,LOAD,93650536,5338.997739425646
2399,LOAD,89326820,5597.423035992998
2400,LOAD,98529786,5074.607591251644
2401,LOAD,88950739,5621.088769144459
2402,LOAD,89532755,5584.548358865982
2403,LOAD,92013805,5433.967218288604
2404,LOAD,95573054,5231.600111889278
2405,LOAD,89624861,5578.809210091829
2406,LOAD,95114829,5256.803857577244
2407,LOAD,92801902,5387.820607383672
2408,LOAD,91800677,5446.582926616108
2409,LOAD,90912881,5499.7707090593685
2410,LOAD,87972668,5683.583451169175
2411,LOAD,91419564,5469.288827498674
2412,LOAD,92127662,5427.251589213237
2413,LOAD,88410859,5655.413889825457
2414,LOAD,95705252,5224.373684319853
2415,LOAD,95484480,5236.45308640734
2416,LOAD,92578116,5400.844406900655
2417,LOAD,96911308,5159.356635657007
2418,LOAD,89805437,5567.591637018591
2419,LOAD,109624689,4561.016360101145
2420,LOAD,89964785,5557.730171866692
2421,LOAD,89085376,5612.593474376759
2422,LOAD,91318244,5475.357147691101
2423,LOAD,96627389,5174.51630613759
2424,LOAD,97239765,5141.929333128273
2425,LOAD,93338668,5356.836675663723
2426,LOAD,93531018,5345.820142789422
2427,LOAD,92845537,5385.288471108741
2428,LOAD,91762741,5448.834620142831
2429,LOAD,94017870,5318.137924205261
2430,LOAD,91456126,5467.10233494911
2431,LOAD,89082822,5612.754387147726
2432,LOAD,89472797,5588.290706950852
2433,LOAD,89703377,5573.926163337195
2434,LOAD,91607986,5458.039433374292
2435,LOAD,94281720,5303.25496819532
2436,LOAD,94015128,5318.293030457822
2437,LOAD,101439932,4929.025386176324
2438,LOAD,93358223,5355.71462194605
2439,LOAD,88120002,5674.080670129808
2440,LOAD,90131887,5547.426295424171
2441,LOAD,92564279,5401.65175380451
2442,LOAD,95813063,5218.4951022805735
2443,LOAD,89297466,5599.26302947947
2444,LOAD,88924986,5622.716656935993
2445,LOAD,89122102,5610.280601326032
2446,LOAD,87176499,5735.490708338723
2447,LOAD,90011823,5554.825836601487
2448,LOAD,88245407,5666.017269318051
2449,LOAD,87626751,5706.020071427731
2450,LOAD,89817271,5566.858071205481
2451,LOAD,95084336,5258.489684357684
2452,LOAD,89656225,5576.857602469879
2453,LOAD,91448178,5467.577495092357
2454,LOAD,94294571,5302.5322104705265
2455,LOAD,98490271,5076.643560052748
2456,LOAD,91677388,5453.907565516592
2457,LOAD,95497951,5235.714429098066
2458,LOAD,98190833,5092.125045929695
2459,LOAD,92894419,5382.454676852008
2460,LOAD,94307797,5301.788567916606
2461,LOAD,91026037,5492.933851442966
2462,LOAD,103062253,4851.4367330976165
2463,LOAD,95776576,5220.483137755938
2464,LOAD,94278958,5303.410332557982
2465,LOAD,89749186,5571.081168357337
2466,LOAD,96791317,5165.752626343538
2467,LOAD,87868300,5690.33428437787
2468,LOAD,93567894,5343.713304052777
2469,LOAD,91065493,5490.553924745128
2470,LOAD,89674601,5575.714800225317
2471,LOAD,99830899,5008.469371792395
2472,LOAD,90721877,5511.349814775107
2473,LOAD,91823053,5445.255670163788
2474,LOAD,98948367,5053.140492960334
2475,LOAD,92474799,5406.878472912388
2476,LOAD,93680747,5337.275971977465
2477,LOAD,87535215,5711.986884364195
2478,LOAD,91104549,5488.200155625599
2479,LOAD,87249330,5730.703032332741
2480,LOAD,87537158,5711.8600994562785
2481,LOAD,91362327,5472.7152472812995
2482,LOAD,94216719,5306.913733644238
2483,LOAD,87992141,5682.325652242057
2484,LOAD,92049335,5431.869768532277
2485,LOAD,90665858,5514.755069102198
2486,LOAD,91133345,5486.4660130712855
2487,LOAD,88976980,5619.4310033898655
2488,LOAD,91499436,5464.514557226342
2489,LOAD,91482844,5465.505641691681
2490,LOAD,89386252,5593.70136696189
2491,LOAD,89916105,5560.739091178382
2492,LOAD,93173871,5366.311334215146
2493,LOAD,93772612,5332.0472719689205
2494,LOAD,94541509,5288.682244325083
2495,LOAD,89340056,5596.593760809821
2496,LOAD,95605967,5229.799098209007
2497,LOAD,89578259,5581.711517746734
2498,LOAD,88515881,5648.7038749577605
2499,LOAD,95292984,5246.975999828067
2500,LOAD,90720709,5511.420771634402
2501,LOAD,93644466,5339.343811304344
2502,LOAD,96983605,5155.510562842039
2503,LOAD,86002695,5813.771301003997
2504,LOAD,88636653,5641.007225306668
2505,LOAD,94385553,5297.420888131047
2506,LOAD,98108326,5096.407413984415
2507,LOAD,93672261,5337.759488905686
2508,LOAD,98636503,5069.117261791002
2509,LOAD,98121920,5095.701347874155
2510,LOAD,93281596,5360.114121546549
2511,LOAD,90279144,5538.37772320925
2512,LOAD,94660865,5282.0138501797965
2513,LOAD,94780007,5275.374161979118
2514,LOAD,95546899,5233.032209658631
2515,LOAD,97195322,5144.280503541107
2516,LOAD,91136663,5486.266268055041
2517,LOAD,91343975,5473.814775413485
2518,LOAD,93540603,5345.272362633797
2519,LOAD,90510374,5524.2286370399925
2520,LOAD,89518918,5585.411566301549
2521,LOAD,95342723,5244.238723913937
2522,LOAD,91064029,5490.642194186246
2523,LOAD,91503441,5464.275381731273
2524,LOAD,90542032,5522.297091808145
2525,LOAD,91480174,5465.665161502644
2526,LOAD,93453955,5350.228355771567
2527,LOAD,96429608,5185.129446964049
2528,LOAD,95209670,5251.567409066747
2529,LOAD,93396208,5353.536409101321
2530,LOAD,92541373,5402.988779948187
2531,LOAD,91593066,5458.928517580141
2532,LOAD,88956531,5620.722777510287
2533,LOAD,89320427,5597.823664680868
2534,LOAD,91060743,5490.8403284168235
2535,LOAD,89040351,5615.431592357492
2536,LOAD,91233017,5480.472053226081
2537,LOAD,88622453,5641.911085444678
2538,LOAD,90056258,5552.0850089063215
2539,LOAD,87316163,5726.316672893655
2540,LOAD,89984173,5556.532702700952
2541,LOAD,89851429,5564.74176943808
2542,LOAD,91751834,5449.482350401846
2543,LOAD,91178537,5483.7466848146505
2544,LOAD,97973673,5103.411811456737
2545,LOAD,92185108,5423.869547345977
2546,LOAD,95797928,5219.319566076628
2547,LOAD,90947729,5497.663388604239
2548,LOAD,91051996,5491.3678114206305
2549,LOAD,93012423,5375.62600643142
2550,LOAD,94828436,5272.680021844924
2551,LOAD,92374699,5412.737528920122
2552,LOAD,95086089,5258.392739236546
2553,LOAD,89809753,5567.324074479973
2554,LOAD,89474306,5588.1964594394285
2555,LOAD,89785830,5568.807461043685
2556,LOAD,92174496,5424.493994521001
2557,LOAD,90464449,5527.033055825056
2558,LOAD,95797363,5219.350348923487
2559,LOAD,89996342,5555.7813672026805
2560,LOAD,92110475,5428.264266360586
2561,LOAD,94431865,5294.822886321264
2562,LOAD,92877330,5383.445023667239
2563,LOAD,87520974,5712.916311923128
2564,LOAD,91733139,5450.592942208159
2565,LOAD,93617811,5340.86403707944
2566,LOAD,93549628,5344.756688930928
2567,LOAD,90165913,5545.332857662075
2568,LOAD,96171145,5199.064646677546
2569,LOAD,90793750,5506.986989743236
2570,LOAD,91981248,5435.890585002718
2571,LOAD,97513085,5127.5169891302285
2572,LOAD,93476073,5348.962402389326
2573,LOAD,90557191,5521.372675970039
2574,LOAD,90695177,5512.972316047192
2575,LOAD,102842703,4861.793646166612
2576,LOAD,100433093,4978.438730349567
2577,LOAD,88392149,5656.610973447427
2578,LOAD,90043958,5552.843423431032
2579,LOAD,88143879,5672.543637431704
2580,LOAD,99464826,5026.902676127941
2581,LOAD,91368840,5472.325138416993
2582,LOAD,93526218,5346.09450368238
2583,LOAD,93956553,5321.608594985386
2584,LOAD,90530081,5523.026097811621
2585,LOAD,91435110,5468.358926893619
2586,LOAD,94151327,5310.599605250386
2587,LOAD,90821094,5505.328971262998
2588,LOAD,93990460,5319.68882799382
2589,LOAD,94284694,5303.087688867082
2590,LOAD,99489727,5025.644506995179
2591,LOAD,92513582,5404.611833103598
2592,LOAD,94131816,5311.700350070799
2593,LOAD,91168442,5484.3538951778955
2594,LOAD,90103294,5549.186692331137
2595,LOAD,95883784,5214.646096987578
2596,LOAD,89969405,5557.444778033155
2597,LOAD,91225828,5480.903938739805
2598,LOAD,89974376,5557.137734414518
2599,LOAD,96205610,5197.202117423298
2600,LOAD,94921786,5267.494650806508
2601,LOAD,89458351,5589.193120718265
2602,LOAD,90557637,5521.345482987813
2603,LOAD,100367727,4981.6810138581695
2604,LOAD,88150427,5672.122268902906
2605,LOAD,88592011,5643.8497597712285
2606,LOAD,89668095,5576.119354381288
2607,LOAD,91305600,5476.115375179616
2608,LOAD,88578151,5644.732864202595
2609,LOAD,89356704,5595.55106240266
2610,LOAD,87891661,5688.821832596837
2611,LOAD,89428140,5591.081286047099
2612,LOAD,93090396,5371.1233541213
2613,LOAD,92075293,5430.338407937513
2614,LOAD,88187730,5669.722987540331
2615,LOAD,91722988,5451.196160334419
2616,LOAD,94524226,5289.64923764623
2617,LOAD,88949038,5621.196262965767
2618,LOAD,92630280,5397.802964646118
2619,LOAD,97517843,5127.266812084841
2620,LOAD,88329673,5660.611921432111
2621,LOAD,93156748,5367.297707730201
2622,LOAD,90343351,5534.441599360201
2623,LOAD,90916683,5499.540716856113
2624,LOAD,90816235,5505.623526454274
2625,LOAD,87290399,5728.006810920866
2626,LOAD,92344640,5414.499423030942
2627,LOAD,93034497,5374.350548700231
2628,LOAD,89974828,5557.109817425825
2629,LOAD,94613883,5284.636716579955
2630,LOAD,92307079,5416.702656141898
2631,LOAD,92119630,5427.724796549878
2632,LOAD,91853050,5443.4773804462675
2633,LOAD,92439424,5408.947593615469
2634,LOAD,92697256,5393.902922002352
2635,LOAD,93582796,5342.862378251661
2636,LOAD,91354231,5473.200250571865
2637,LOAD,88669307,5638.929827206161
2638,LOAD,92533003,5403.477503048291
2639,LOAD,87809741,5694.129083013694
2640,LOAD,99456671,5027.314859553262
2641,LOAD,93285680,5359.879458454931
2642,LOAD,99553076,5022.44651888004
2643,LOAD,87746808,5698.212976590556
2644,LOAD,102578052,4874.33705604002
2645,LOAD,93429615,5351.6221810397055
2646,LOAD,99599724,5020.09423238964
2647,LOAD,93187868,5365.505303759069
2648,LOAD,91425104,5468.957410209782
2649,LOAD,90120753,5548.111654149183
2650,LOAD,90802168,5506.476453293494
2651,LOAD,87864209,5690.59922908997
2652,LOAD,95672139,5226.181887707141
2653,LOAD,89275923,5600.614176792101
2654,LOAD,106751902,4683.757297364125
2655,LOAD,92940284,5379.798495128334
2656,LOAD,93917253,5323.835440544667
2657,LOAD,91995077,5435.073444201802
2658,LOAD,87757989,5697.486983207877
2659,LOAD,90546532,5522.022643561876
2660,LOAD,94020370,5317.996515010524
2661,LOAD,89787420,5568.708845849452
2662,LOAD,94269654,5303.933755819237
2663,LOAD,91260172,5478.841306588815
2664,LOAD,92101607,5428.786926595103
2665,LOAD,91012254,5493.765707637567
2666,LOAD,91419880,5469.269922472005
2667,LOAD,100317497,4984.175392653587
2668,LOAD,94457112,5293.407657858522
2669,LOAD,90840968,5504.1245267223485
2670,LOAD,92820441,5386.7444995224705
2671,LOAD,88261598,5664.977876335301
2672,LOAD,90276340,5538.549746256882
2673,LOAD,88244420,5666.080642832713
2674,LOAD,90448315,5528.018957567092
2675,LOAD,92780639,5389.055361000478
2676,LOAD,93592962,5342.282040395303
2677,LOAD,95265127,5248.51029695263
2678,LOAD,88190077,5669.572099364422
2679,LOAD,92334722,5415.081013619124
2680,LOAD,95529559,5233.98208087614
2681,LOAD,89711090,5573.446939503244
2682,LOAD,90371248,5532.733154243925
2683,LOAD,91244024,5479.810929864294
2684,LOAD,90765433,5508.7050595572
2685,LOAD,91880296,5441.863182504332
2686,LOAD,93257633,5361.491428803473
2687,LOAD,93192894,5365.215935884554
2688,LOAD,90334741,5534.969098987066
2689,LOAD,89977662,5556.9347867696315
2690,LOAD,96513443,5180.625459605663
2691,LOAD,89780074,5569.1644896617045
2692,LOAD,91592003,5458.991872904014
2693,LOAD,90235378,5541.063949441204
2694,LOAD,93599266,5341.922232595285
2695,LOAD,90028429,5553.801233163804
2696,LOAD,90667942,5514.628312617927
2697,LOAD,95501910,5235.497384293152
2698,LOAD,91350078,5473.449075763241
2699,LOAD,88388430,5656.848978989671
2700,LOAD,88639345,5640.835906447639
2701,LOAD,90196189,5543.47146529661
2702,LOAD,92931288,5380.319274171687
2703,LOAD,94783392,5275.1857625015155
2704,LOAD,89825855,5566.326087294131
2705,LOAD,92381466,5412.341042520369
2706,LOAD,91974307,5436.30081387838
2707,LOAD,95968131,5210.062911405454
2708,LOAD,93585498,5342.708119157522
2709,LOAD,92550884,5402.4335413154995
2710,LOAD,94504888,5290.731628611633
2711,LOAD,90141109,5546.858758970893
2712,LOAD,89069364,5613.602450332979
2713,LOAD,89203489,5605.161923655251
2714,LOAD,92344692,5414.496374085043
2715,LOAD,92910866,5381.5018794464795
2716,LOAD,94242907,5305.439060787885
2717,LOAD,94067630,5315.324729665242
2718,LOAD,93624174,5340.501054781002
2719,LOAD,92416023,5410.317213065964
2720,LOAD,90232961,5541.212373602591
2721,LOAD,89234438,5603.217896660031
2722,LOAD,89245240,5602.539698475795
2723,LOAD,89208228,5604.8641611847725
2724,LOAD,91268763,5478.3255909801255
2725,LOAD,92059158,5431.290171044146
2726,LOAD,93234960,5362.795243329326
2727,LOAD,89570034,5582.224072841147
2728,LOAD,90696873,5512.869225381122
2729,LOAD,92372737,5412.8524956449
2730,LOAD,94505409,5290.702461273936
2731,LOAD,95543420,5233.2227588252545
2732,LOAD,91040803,5492.042946941055
2733,LOAD,88099341,5675.411351828387
2734,LOAD,93412440,5352.606141109257
2735,LOAD,91148926,5485.52815641514
2736,LOAD,91539096,5462.147015303713
2737,LOAD,89470931,5588.40725598351
2738,LOAD,93306009,5358.711677401185
2739,LOAD,90793336,5507.0121005356605
2740,LOAD,103446445,4833.418876791754
2741,LOAD,91984391,5435.7048469234305
2742,LOAD,87911266,5687.553174356515
2743,LOAD,91800910,5446.569102637436
2744,LOAD,97051292,5151.914927624044
2745,LOAD,89948186,5558.755793029555
2746,LOAD,94936449,5266.681082626126
2747,LOAD,90814732,5505.714645504872
2748,LOAD,97042845,5152.363371045027
2749,LOAD,92785760,5388.75793009617
2750,LOAD,98744819,5063.556802914389
2751,LOAD,88958867,5620.575181111513
2752,LOAD,89800327,5567.9084553890325
2753,LOAD,90956618,5497.126113462134
2754,LOAD,97905819,5106.948750410842
2755,LOAD,90479885,5526.090135945686
2756,LOAD,99095031,5045.661673994532
2757,LOAD,94013470,5318.386822654243
2758,LOAD,95552275,5232.737786724597
2759,LOAD,95344057,5244.165349498396
2760,LOAD,93519756,5346.463906514042
2761,LOAD,89122319,5610.266941101477
2762,LOAD,94066593,5315.383326363271
2763,LOAD,98212223,5091.016013353043
2764,LOAD,95317537,5245.624422712475
2765,LOAD,95721382,5223.493325660509
2766,LOAD,92315037,5416.2357103317845
2767,LOAD,93209556,5364.256857955637
2768,LOAD,94299273,5302.267812817602
2769,LOAD,93079346,5371.7609919605575
2770,LOAD,91567851,5460.431740393253
2771,LOAD,97866470,5109.002092340716
2772,LOAD,88188975,5669.642945731029
2773,LOAD,96119167,5201.87612528935
2774,LOAD,91222741,5481.08941387762
2775,LOAD,92837976,5385.727064967466
2776,LOAD,90609720,5518.171781129001
2777,LOAD,108756057,4597.445087587167
2778,LOAD,91018609,5493.382128043729
2779,LOAD,92387901,5411.964062263954
2780,LOAD,94305764,5301.902861420008
2781,LOAD,97030625,5153.012257727908
2782,LOAD,88346171,5659.5548436388935
2783,LOAD,93706467,5335.811027855741
2784,LOAD,93336525,5356.9596682542015
2785,LOAD,89342309,5596.452628060016
2786,LOAD,91789890,5447.223000267241
2787,LOAD,93056832,5373.060626005407
2788,LOAD,94068221,5315.291335210857
2789,LOAD,87941203,5685.617013904165
2790,LOAD,94337204,5300.135882763708
2791,LOAD,97599553,5122.974282474429
2792,LOAD,90843999,5503.940882215015
2793,LOAD,94039623,5316.907746429396
2794,LOAD,97576869,5124.165236332803
2795,LOAD,90113298,5548.5706449230165
2796,LOAD,94156629,5310.300563118079
2797,LOAD,98237995,5089.680423546918
2798,LOAD,96085648,5203.690773881235
2799,LOAD,95301877,5246.486383473853
2800,LOAD,94895187,5268.971122845251
2801,LOAD,99413187,5029.513841056117
2802,LOAD,95961414,5210.427599576638
2803,LOAD,91829180,5444.892353389196
2804,LOAD,92825044,5386.477382116835
2805,LOAD,94339552,5300.003968642972
2806,LOAD,99188264,5040.9189538794635
2807,LOAD,93728872,5334.53555271635
2808,LOAD,101596524,4921.428217366964
2809,LOAD,95211431,5251.470277765283
2810,LOAD,90788614,5507.2985253415145
2811,LOAD,95922275,5212.553601340252
2812,LOAD,98330391,5084.897913199593
2813,LOAD,90023137,5554.127712745669
2814,LOAD,93071993,5372.185379118292
2815,LOAD,98300317,5086.453586919765
2816,LOAD,95998740,5208.401693605561
2817,LOAD,91151044,5485.40069381981
2818,LOAD,97275670,5140.0314179280385
2819,LOAD,91603989,5458.277586579773
2820,LOAD,93232714,5362.924434442614
2821,LOAD,93192294,5365.250478757396
2822,LOAD,94082911,5314.461411594716
2823,LOAD,96765809,5167.114347176078
2824,LOAD,96695524,5170.870163545523
2825,LOAD,91643977,5455.895917742635
2826,LOAD,99964982,5001.751513344943
2827,LOAD,106024518,4715.890337742446
2828,LOAD,96473691,5182.760137165272
2829,LOAD,94538579,5288.84615454184
2830,LOAD,97067299,5151.065344879948
2831,LOAD,87944984,5685.37257338065
2832,LOAD,91656787,5455.133398904764
2833,LOAD,92996086,5376.57036447749
2834,LOAD,97883228,5108.127410755191
2835,LOAD,95710040,5224.1123292812335
2836,LOAD,102168181,4893.891572758842
2837,LOAD,94519644,5289.9056623615725
2838,LOAD,91440388,5468.043289580092
2839,LOAD,98001695,5101.952573371307
2840,LOAD,93833812,5328.569620511634
2841,LOAD,90272879,5538.762090439145
2842,LOAD,93414454,5352.490739816346
2843,LOAD,91682223,5453.619945493686
2844,LOAD,95376692,5242.370955788653
2845,LOAD,94713866,5279.058084272476
2846,LOAD,92010723,5434.14923497558
2847,LOAD,95261574,5248.706052243058
2848,LOAD,95040847,5260.895875643869
2849,LOAD,93891701,5325.284286840219
2850,LOAD,93296005,5359.286284552056
2851,LOAD,91371358,5472.174332792558
2852,LOAD,96633684,5174.179223054354
2853,LOAD,90823328,5505.193555558765
2854,LOAD,93118810,5369.48442532717
2855,LOAD,99192247,5040.7165390658
2856,LOAD,101230771,4939.209640120196
2857,LOAD,80398764,6219.001078175779
2858,LOAD,96542090,5179.088209090978
2859,LOAD,91044999,5491.7898346069505
2860,LOAD,92739703,5391.434130428474
2861,LOAD,98113145,5096.157094953995
2862,LOAD,90291185,5537.6391394132215
2863,LOAD,93275304,5360.475694616873
2864,LOAD,99819697,5009.031433946348
2865,LOAD,99449714,5027.6665451245035
2866,LOAD,94328070,5300.6491068883315
2867,LOAD,94307457,5301.8076820796905
2868,LOAD,92979462,5377.531653173041
2869,LOAD,96645902,5173.525101974836
2870,LOAD,88723884,5635.4611346816155
2871,LOAD,93782534,5331.483152289316
2872,LOAD,97752993,5114.93290031539
2873,LOAD,91065930,5490.527577108145
2874,LOAD,91989888,5435.380027856975
2875,LOAD,93610674,5341.271231526439
2876,LOAD,94486302,5291.7723460063025
2877,LOAD,93918362,5323.772576016605
2878,LOAD,95405371,5240.795091085595
2879,LOAD,88253174,5665.518613528846
2880,LOAD,93524723,5346.179961420468
2881,LOAD,91945804,5437.986055350607
2882,LOAD,95421474,5239.910672518012
2883,LOAD,89323392,5597.637850564385
2884,LOAD,92323751,5415.724497588925
2885,LOAD,96561230,5178.061629910887
2886,LOAD,94390960,5297.117435822244
2887,LOAD,95052799,5260.234367217319
2888,LOAD,93786372,5331.26497312424
2889,LOAD,96933874,5158.155548389616
2890,LOAD,97577689,5124.122175100908
2891,LOAD,91873946,5442.239304709956
2892,LOAD,98503988,5075.936620961986
2893,LOAD,90060299,5551.835887198198
2894,LOAD,98995152,5050.752384318779
2895,LOAD,91077210,5489.847569990341
2896,LOAD,93867013,5326.6848919545355
2897,LOAD,104846385,4768.881635737846
2898,LOAD,98421557,5080.187869817992
2899,LOAD,95702547,5224.5213494683685
2900,LOAD,97111228,5148.735221430831
2901,LOAD,101283927,4936.6174358543585
2902,LOAD,92741258,5391.343731826454
2903,LOAD,97766563,5114.222947573599
2904,LOAD,92802169,5387.805106150051
2905,LOAD,95216144,5251.21034096907
2906,LOAD,103101051,4849.611086893769
2907,LOAD,98233093,5089.934407338676
2908,LOAD,94338104,5300.085318653426
2909,LOAD,97663821,5119.603092326277
2910,LOAD,94623502,5284.099504159125
2911,LOAD,96941366,5157.756906375756
2912,LOAD,92546277,5402.702477161777
2913,LOAD,94301579,5302.138154017549
2914,LOAD,91063572,5490.669748821187
2915,LOAD,99847675,5007.627869151685
2916,LOAD,89183393,5606.424954027035
2917,LOAD,95318666,5245.562291020733
2918,LOAD,102564634,4874.974740318383
2919,LOAD,97750467,5115.065076875797
2920,LOAD,90481416,5525.996631175622
2921,LOAD,95374032,5242.517166517611
2922,LOAD,91859119,5443.117737717472
2923,LOAD,97259109,5140.906647623103
2924,LOAD,96875179,5161.280785865697
2925,LOAD,92084498,5429.795577535754
2926,LOAD,89791461,5568.458230120568
2927,LOAD,97470109,5129.777786541718
2928,LOAD,93842091,5328.099519862574
2929,LOAD,95813217,5218.486714625185
2930,LOAD,96513619,5180.616012337077
2931,LOAD,92972421,5377.938905129727
2932,LOAD,97876782,5108.463823422392
2933,LOAD,96553760,5178.46223699626
2934,LOAD,92508787,5404.891969883899
2935,LOAD,97702801,5117.560549773798
2936,LOAD,92827409,5386.3401487377505
2937,LOAD,103093133,4849.98355807074
2938,LOAD,101226267,4939.429407191317
2939,LOAD,94563127,5287.473202953621
2940,LOAD,91433037,5468.4829073325
2941,LOAD,96050303,5205.605650197689
2942,LOAD,95281879,5247.58752920899
2943,LOAD,92856248,5384.66727623972
2944,LOAD,98001487,5101.963401841035
2945,LOAD,98101553,5096.759273525467
2946,LOAD,93311227,5358.412016166071
2947,LOAD,97229026,5142.497262083033
2948,LOAD,91287187,5477.2199301091405
2949,LOAD,96313706,5191.36912870947
2950,LOAD,94326522,5300.736096259332
2951,LOAD,103403468,4835.4277634092505
2952,LOAD,98484147,5076.95923893213
2953,LOAD,99329074,5033.772891107391
2954,LOAD,95454719,5238.085714756543
2955,LOAD,94764069,5276.261406630819
2956,LOAD,91080515,5489.648362221053
2957,LOAD,95953511,5210.856744991854
2958,LOAD,93304505,5358.798055892371
2959,LOAD,98263228,5088.373445252582
2960,LOAD,96343017,5189.789728092073
2961,LOAD,97383549,5134.3374228433595
2962,LOAD,94000667,5319.111193115257
2963,LOAD,97240994,5141.864345812837
2964,LOAD,92394115,5411.600078641372
2965,LOAD,99195718,5040.540157187027
2966,LOAD,91665990,5454.585719305492
2967,LOAD,94943682,5266.279856304709
2968,LOAD,96445274,5184.287205197841
2969,LOAD,95130569,5255.934083606711
2970,LOAD,92199804,5423.005020704816
2971,LOAD,95130189,5255.9550785713245
2972,LOAD,93283994,5359.97633205971
2973,LOAD,93457752,5350.010986782562
2974,LOAD,96488015,5181.990737398837
2975,LOAD,103065419,4851.287704947865
2976,LOAD,97891786,5107.680842598989
2977,LOAD,90020132,5554.313117425778
2978,LOAD,95517390,5234.648894824283
2979,LOAD,101684833,4917.154163984318
2980,LOAD,90289706,5537.729849292011
2981,LOAD,91455967,5467.11183973376
2982,LOAD,93557729,5344.293895804161
2983,LOAD,92984949,5377.2143274499185
2984,LOAD,94436932,5294.538793361055
2985,LOAD,97703542,5117.521737338858
2986,LOAD,91921337,5439.433501712449
2987,LOAD,92337410,5414.923377209736
2988,LOAD,101949168,4904.404908924809
2989,LOAD,89767808,5569.92546815892
2990,LOAD,91567337,5460.462391736914
2991,LOAD,98090200,5097.349174535275
2992,LOAD,98090468,5097.335247702152
2993,LOAD,91981984,5435.847089360455
2994,LOAD,98358192,5083.460663856042
2995,LOAD,93066230,5372.51804440773
2996,LOAD,94511732,5290.348504035456
2997,LOAD,94825129,5272.8639050941865
2998,LOAD,97435183,5131.616574271739
2999,LOAD,93238752,5362.577139599638
3000,LOAD,100415758,4979.298169516383
3001,LOAD,92897682,5382.265619932261
3002,LOAD,94584995,5286.250741991369
3003,LOAD,97283854,5139.599013007853
3004,LOAD,96295547,5192.3480947670405
3005,LOAD,91114919,5487.575530852418
3006,LOAD,96400053,5186.719140081801
3007,LOAD,88744934,5634.1244222458945
3008,LOAD,94937026,5266.649073249882
3009,LOAD,113942642,4388.172779072474
3010,LOAD,99871207,5006.4479545140575
3011,LOAD,95872314,5215.269968345606
3012,LOAD,95907708,5213.345313183795
3013,LOAD,94565422,5287.344881726431
3014,LOAD,91719796,5451.3858709411
3015,LOAD,98479390,5077.204479028556
3016,LOAD,92857306,5384.605924276976
3017,LOAD,93040297,5374.015519318473
3018,LOAD,95298261,5246.68545630649
3019,LOAD,96940321,5157.812506108784
3020,LOAD,90071624,5551.137836706486
3021,LOAD,100474505,4976.386795834425
3022,LOAD,102348565,4885.266344476838
3023,LOAD,92891762,5382.608632184198
3024,LOAD,90403610,5530.75258830925
3025,LOAD,99479903,5026.140807555874
3026,LOAD,95395947,5241.312820134801
3027,LOAD,92648972,5396.713953825629
3028,LOAD,104589201,4780.608277139434
3029,LOAD,93415572,5352.426681067692
3030,LOAD,92310702,5416.490062008194
3031,LOAD,101805911,4911.306181425948
3032,LOAD,97773192,5113.876204430351
3033,LOAD,99064294,5047.227207817177
3034,LOAD,92849355,5385.0670260444995
3035,LOAD,98202841,5091.502393500001
3036,LOAD,92883920,5383.063074857306
3037,LOAD,103842880,4814.966611095532
3038,LOAD,96815666,5164.45344702788
3039,LOAD,94786319,5275.022864850359
3040,LOAD,95206354,5251.750319101601
3041,LOAD,96828068,5163.791969906908
3042,LOAD,96226486,5196.074602578754
3043,LOAD,94814691,5273.444386376791
3044,LOAD,98019654,5101.017802001219
3045,LOAD,94470446,5292.660521577298
3046,LOAD,98529432,5074.6258234798315
3047,LOAD,90499023,5524.921523185946
3048,LOAD,98557111,5073.200654187195
3049,LOAD,93993180,5319.534885403387
3050,LOAD,94709667,5279.2921339275745
3051,LOAD,88647040,5640.346254088123
3052,LOAD,96914899,5159.165465363586
3053,LOAD,94550143,5288.19929970915
3054,LOAD,98572673,5072.399730907165
3055,LOAD,93065444,5372.56341892056
3056,LOAD,97133109,5147.575375148344
3057,LOAD,93622847,5340.576750459212
3058,LOAD,92921523,5380.884684810859
3059,LOAD,98902782,5055.469521575237
3060,LOAD,92633351,5397.624015566488
3061,LOAD,100885687,4956.104427380269
3062,LOAD,92174010,5424.522595903119
3063,LOAD,100052077,4997.3975053011645
3064,LOAD,89382212,5593.95419750856
3065,LOAD,89714465,5573.237270043353
3066,LOAD,90869625,5502.3887245050255
3067,LOAD,92371518,5412.923927481629
3068,LOAD,99116683,5044.559451207623
3069,LOAD,89493001,5587.029090688332
3070,LOAD,100958590,4952.525584994799
3071,LOAD,90522949,5523.461238541842
3072,LOAD,97668628,5119.35111855979
3073,LOAD,97303515,5138.56051346141
3074,LOAD,98133026,5095.124652530331
3075,LOAD,91060542,5490.852448473237
3076,LOAD,94599105,5285.4622673227195
3077,LOAD,97509708,5127.694567601412
3078,LOAD,90749445,5509.675568814773
3079,LOAD,96524544,5180.0296513185285
3080,LOAD,97140239,5147.197548072741
3081,LOAD,97904343,5107.025742463744
3082,LOAD,93406974,5352.919365528317
3083,LOAD,99004254,5050.288041158312
3084,LOAD,95261437,5248.713600656685
3085,LOAD,86688179,5767.799090577275
3086,LOAD,91914995,5439.808814655324
3087,LOAD,94920340,5267.574894906613
3088,LOAD,100217020,4989.172497845177
3089,LOAD,100664611,4966.988845762291
3090,LOAD,99276540,5036.436604257159
3091,LOAD,98415873,5080.481275616993
3092,LOAD,96697885,5170.743910272701
3093,LOAD,102353834,4885.0148593359
3094,LOAD,95563139,5232.14290815625
3095,LOAD,99689987,5015.5488534670985
3096,LOAD,97190841,5144.5176814551905
3097,LOAD,95557333,5232.460809679566
3098,LOAD,95098681,5257.696476358069
3099,LOAD,101766226,4913.221406088106
3100,LOAD,94201772,5307.755781918837
3101,LOAD,97194951,5144.300139623508
3102,LOAD,91995522,5435.047153708199
3103,LOAD,101634019,4919.61259546373
3104,LOAD,94694308,5280.1484118770895
3105,LOAD,94765429,5276.185685815869
3106,LOAD,95816221,5218.323106272372
3107,LOAD,101741761,4914.402847813888
3108,LOAD,91381225,5471.5834680482785
3109,LOAD,97456975,5130.4691121389715
3110,LOAD,93432021,5351.4843695824575
3111,LOAD,97550711,5125.539269519009
3112,LOAD,97998800,5102.103291060707
3113,LOAD,101580376,4922.210565552544
3114,LOAD,92502322,5405.269718526633
3115,LOAD,98715492,5065.061115230019
3116,LOAD,94303640,5302.022276128472
3117,LOAD,98452908,5078.570152544403
3118,LOAD,91727221,5450.944600185805
3119,LOAD,105799942,4725.900511363229
3120,LOAD,90871807,5502.256601984375
3121,LOAD,94242264,5305.475258956003
3122,LOAD,98826066,5059.393945722782
3123,LOAD,96153106,5200.040027828119
3124,LOAD,92654735,5396.378285470246
3125,LOAD,97456175,5130.511227225981
3126,LOAD,89933375,5559.671256638595
3127,LOAD,94748011,5277.155633377887
3128,LOAD,91846050,5443.892252306986
3129,LOAD,93464549,5349.621919215594
3130,LOAD,94799382,5274.2959864443
3131,LOAD,97949076,5104.6933816915225
3132,LOAD,91301268,5476.375202149438
3133,LOAD,108118293,4624.5643186394
3134,LOAD,92068271,5430.7525770740285
3135,LOAD,100811782,4959.737741765144
3136,LOAD,88763489,5632.946672477014
3137,LOAD,94541343,5288.691530434468
3138,LOAD,101465288,4927.793631256435
3139,LOAD,92627432,5397.968929981779
3140,LOAD,100523588,4973.956958241482
3141,LOAD,96808509,5164.835252240069
3142,LOAD,91285169,5477.341012536221
3143,LOAD,96644453,5173.602669156811
3144,LOAD,94554104,5287.977769849102
3145,LOAD,96703614,5170.437580543784
3146,LOAD,96232283,5195.761592811843
3147,LOAD,97297676,5138.868887269208
3148,LOAD,89925534,5560.156028653663
3149,LOAD,97011904,5154.006667058096
3150,LOAD,91672609,5454.191884077391
3151,LOAD,93083241,5371.536214558751
3152,LOAD,95893847,5214.098877480637
3153,LOAD,98913010,5054.946765850114
3154,LOAD,95930378,5212.113309925663
3155,LOAD,95216883,5251.169585124941
3156,LOAD,96108523,5202.452232046059
3157,LOAD,94829308,5272.6315370771235
3158,LOAD,94420580,5295.455715268853
3159,LOAD,99052988,5047.803303015958
3160,LOAD,87809504,5694.144451607425
3161,LOAD,99533677,5023.425387971953
3162,LOAD,90294801,5537.41737578003
3163,LOAD,97322337,5137.566723248744
3164,LOAD,93991038,5319.656114447847
3165,LOAD,99888989,5005.556718568851
3166,LOAD,95710208,5224.103159403854
3167,LOAD,102167453,4893.926444461721
3168,LOAD,96916149,5159.098923751087
3169,LOAD,96267731,5193.848393497506
3170,LOAD,89345024,5596.282564096687
3171,LOAD,96201983,5197.398061950552
3172,LOAD,94262252,5304.350250405645
3173,LOAD,96653924,5173.095714148139
3174,LOAD,96053722,5205.420358411515
3175,LOAD,98349027,5083.934384017851
3176,LOAD,96098986,5202.968530802187
3177,LOAD,91732082,5450.655747680511
3178,LOAD,93847871,5327.77136734407
3179,LOAD,92589580,5400.175700116579
3180,LOAD,95383521,5241.99562731596
3181,LOAD,91821155,5445.368226962512
3182,LOAD,95667345,5226.4437776547475
3183,LOAD,97975144,5103.335188769919
3184,LOAD,94807159,5273.86333768318
3185,LOAD,91612449,5457.773539052537
3186,LOAD,95002683,5263.009256275425
3187,LOAD,93204089,5364.571505011974
3188,LOAD,93416200,5352.390698829538
3189,LOAD,98040306,5099.943282510766
3190,LOAD,94120517,5312.338010213012
3191,LOAD,104954096,4763.987486491237
3192,LOAD,94703446,5279.638926760912
3193,LOAD,94331236,5300.471203409229
3194,LOAD,97963490,5103.942295236726
3195,LOAD,95866340,5215.59496273666
3196,LOAD,92871515,5383.782099387525
3197,LOAD,99873540,5006.3310061904285
3198,LOAD,97648415,5120.41081260766
3199,LOAD,95589779,5230.684757624557
3200,LOAD,95514899,5234.785412901919
3201,LOAD,114460491,4368.31954530057
3202,LOAD,94421660,5295.395145562999
3203,LOAD,96416067,5185.857664158817
3204,LOAD,93826009,5329.0127687302565
3205,LOAD,96053812,5205.415481063886
3206,LOAD,93010497,5375.7373213477185
3207,LOAD,97408644,5133.014683994574
3208,LOAD,107859007,4635.681468864255
3209,LOAD,97588705,5123.5437543719845
3210,LOAD,99100233,5045.396815565509
3211,LOAD,96300855,5192.06189810049
3212,LOAD,96397406,5186.861563474022
3213,LOAD,93083795,5371.504245180377
3214,LOAD,99200049,5040.320090970923
3215,LOAD,92186222,5423.804004030017
3216,LOAD,105156290,4754.827314657069
3217,LOAD,99848018,5007.610666843682
3218,LOAD,96684699,5171.449103854582
3219,LOAD,97964116,5103.9096805609925
3220,LOAD,97445380,5131.079585302044
3221,LOAD,94054541,5316.06443116872
3222,LOAD,99097372,5045.542479168873
3223,LOAD,96413654,5185.9874536027855
3224,LOAD,99739627,5013.052635538731
3225,LOAD,95690118,5225.199952204051
3226,LOAD,97345519,5136.343255820538
3227,LOAD,96965756,5156.459564962294
3228,LOAD,94309695,5301.681868444172
3229,LOAD,96314643,5191.318624313439
3230,LOAD,102526808,4876.773302061642
3231,LOAD,98890958,5056.07398403401
3232,LOAD,94464224,5293.009129043393
3233,LOAD,96295064,5192.374138720132
3234,LOAD,88867544,5626.351055679001
3235,LOAD,104183896,4799.206203615192
3236,LOAD,99096913,5045.565849261117
3237,LOAD,95889534,5214.333401599387
3238,LOAD,96146906,5200.3753506119065
3239,LOAD,96362422,5188.744633255483
3240,LOAD,98932833,5053.93391494207
3241,LOAD,96099969,5202.915309993493
3242,LOAD,96332609,5190.350445091754
3243,LOAD,95481182,5236.633957882927
3244,LOAD,96442539,5184.434225648082
3245,LOAD,98675496,5067.114129327508
3246,LOAD,97457249,5130.454687880631
3247,LOAD,95413279,5240.360725890157
3248,LOAD,99439429,5028.186555656911
3249,LOAD,90758172,5509.145776977526
3250,LOAD,102447939,4880.527660004951
3251,LOAD,95871577,5215.310060040006
3252,LOAD,101026654,4949.188953639898
3253,LOAD,96082579,5203.856986395005
3254,LOAD,97520243,5127.140628638507
3255,LOAD,93535917,5345.540152239058
3256,LOAD,95050700,5260.350528717831
3257,LOAD,98036528,5100.139817273007
3258,LOAD,91803669,5446.405415452405
3259,LOAD,95697906,5224.774719731067
3260,LOAD,93876981,5326.119296486537
3261,LOAD,99536197,5023.298207786661
3262,LOAD,97739285,5115.6502730708535
3263,LOAD,93679011,5337.374878989703
3264,LOAD,95550032,5232.860623217792
3265,LOAD,94330270,5300.525483495383
3266,LOAD,92845743,5385.2765225865005
3267,LOAD,99343623,5033.03568866217
3268,LOAD,99026149,5049.171406231298
3269,LOAD,93447619,5350.591115649507
3270,LOAD,96829916,5163.693418881
3271,LOAD,91547988,5461.616480309758
3272,LOAD,92211899,5422.293710706468
3273,LOAD,97556808,5125.21893910264
3274,LOAD,96545605,5178.899650584819
3275,LOAD,93909062,5324.299799736047
3276,LOAD,96183899,5198.375249894996
3277,LOAD,93604561,5341.620052039985
3278,LOAD,100021155,4998.942473719685
3279,LOAD,96128557,5201.367997233122
3280,LOAD,96718805,5169.625493201658
3281,LOAD,96939160,5157.874279083912
3282,LOAD,94135876,5311.471260967497
3283,LOAD,98822447,5059.579226974616
3284,LOAD,97545647,5125.805357567621
3285,LOAD,97218809,5143.037701685895
3286,LOAD,103386977,4836.199050485827
3287,LOAD,95042095,5260.82679469555
3288,LOAD,96202811,5197.353328895972
3289,LOAD,93849478,5327.68013904137
3290,LOAD,98424371,5080.04262480885
3291,LOAD,95134322,5255.726739714401
3292,LOAD,95508287,5235.147814974422
3293,LOAD,96055857,5205.304659350445
3294,LOAD,109426910,4569.2599745346
3295,LOAD,93792071,5330.941034450556
3296,LOAD,98844073,5058.472246484623
3297,LOAD,92587277,5400.310023157934
3298,LOAD,97519048,5127.203456703146
3299,LOAD,97876970,5108.454011193849
3300,LOAD,101420549,4929.9673974354055
3301,LOAD,96126115,5201.500133444486
3302,LOAD,96158121,5199.768826597599
3303,LOAD,100463349,4976.9394010546075
3304,LOAD,96652536,5173.1700035268605
3305,LOAD,94403687,5296.403306790337
3306,LOAD,90296177,5537.332992514179
3307,LOAD,98475132,5077.424014014015
3308,LOAD,94060539,5315.725439336468
3309,LOAD,95300241,5246.576448846546
3310,LOAD,99979588,5001.020808367404
3311,LOAD,99187560,5040.954732629778
3312,LOAD,93634539,5339.909880904096
3313,LOAD,97052602,5151.845387926848
3314,LOAD,91876551,5442.084999468471
3315,LOAD,96217922,5196.53708588718
3316,LOAD,89766097,5570.0316345490655
3317,LOAD,100309892,4984.553268186152
3318,LOAD,99497971,5025.228102390148
3319,LOAD,96844559,5162.912662961272
3320,LOAD,95173994,5253.535960674299
3321,LOAD,103564541,4827.9072660593365
3322,LOAD,99481255,5026.072499789031
3323,LOAD,92161262,5425.2729308329135
3324,LOAD,99420381,5029.149908407613
3325,LOAD,101369150,4932.4671263397195
3326,LOAD,95776605,5220.481557056653
3327,LOAD,100173766,4991.326771122891
3328,LOAD,98772071,5062.15972731806
3329,LOAD,93759848,5332.773150400159
3330,LOAD,104934135,4764.893711660176
3331,LOAD,103240905,4843.0416219230165
3332,LOAD,106485226,4695.487052823648
3333,LOAD,94312224,5301.539702849123
3334,LOAD,103307636,4839.913285790413
3335,LOAD,101000208,4950.484854447032
3336,LOAD,109703674,4557.732496725679
3337,LOAD,99807589,5009.639096682317
3338,LOAD,95156694,5254.4910818360295
3339,LOAD,100626334,4968.878226250397
3340,LOAD,98353772,5083.689113621386
3341,LOAD,99668597,5016.625246565876
3342,LOAD,104627417,4778.862121770626
3343,LOAD,93482006,5348.622921078523
3344,LOAD,100601123,4970.123444844647
3345,LOAD,99709239,5014.580444245493
3346,LOAD,91352313,5473.315163897383
3347,LOAD,104681218,4776.406021565396
3348,LOAD,102787047,4864.426156731597
3349,LOAD,103893170,4812.6359028221
3350,LOAD,99639743,5018.077977178244
3351,LOAD,98109877,5096.326845868944
3352,LOAD,89718449,5572.9897871952735
3353,LOAD,97536107,5126.306712241447
3354,LOAD,104328950,4792.533616028916
3355,LOAD,103437770,4833.824240410442
3356,LOAD,100060520,4996.975830227547
3357,LOAD,95540018,5233.409104025917
3358,LOAD,105615008,4734.1756580655665
3359,LOAD,94335353,5300.239879316506
3360,LOAD,103071357,4851.008219480413
3361,LOAD,99719512,5014.063847404307
3362,LOAD,94338713,5300.051104152756
3363,LOAD,95695827,5224.888228407284
3364,LOAD,105560416,4736.624001178624
3365,LOAD,96537495,5179.334723777533
3366,LOAD,97650399,5120.306779289248
3367,LOAD,98088738,5097.425149867868
3368,LOAD,93781218,5331.5579671827245
3369,LOAD,98322189,5085.322093469665
3370,LOAD,110943352,4506.804517678536
3371,LOAD,86742533,5764.1849126079815
3372,LOAD,99905135,5004.747753956791
3373,LOAD,108741656,4598.0539417203645
3374,LOAD,99767640,5011.645058457832
3375,LOAD,96571140,5177.530264217653
3376,LOAD,104067939,4804.553686798775
3377,LOAD,99813421,5009.346388398009
3378,LOAD,97271111,5140.272326076341
3379,LOAD,94866909,5270.541701743439
3380,LOAD,93348419,5356.277110595735
3381,LOAD,96098498,5202.994952116734
3382,LOAD,94808806,5273.771721162694
3383,LOAD,100891776,4955.805317571176
3384,LOAD,97936509,5105.348404852781
3385,LOAD,99230975,5038.749241353317
3386,LOAD,94130486,5311.7754007984195
3387,LOAD,93212255,5364.101533644905
3388,LOAD,96959061,5156.815617263455
3389,LOAD,91906671,5440.301498897724
3390,LOAD,95916901,5212.845648547382
3391,LOAD,93604125,5341.644932848846
3392,LOAD,95795562,5219.448475076539
3393,LOAD,93129971,5368.840928770395
3394,LOAD,96020822,5207.203912501395
3395,LOAD,94837427,5272.1801488773
3396,LOAD,100121118,4993.951425911964
3397,LOAD,95592271,5230.54839862524
3398,LOAD,95188752,5252.721455997238
3399,LOAD,90831700,5504.686139310395
3400,LOAD,92601772,5399.464710027363
3401,LOAD,100193169,4990.36017116097
3402,LOAD,92110796,5428.2453492205195
3403,LOAD,93662512,5338.315077434609
3404,LOAD,92984629,5377.232832751314
3405,LOAD,102129275,4895.755893694535
3406,LOAD,98408560,5080.85881959862
3407,LOAD,89390906,5593.41013950569
3408,LOAD,97346103,5136.312441803654
3409,LOAD,97034557,5152.803449187695
3410,LOAD,91431367,5468.582789536549
3411,LOAD,88019468,5680.561486692921
3412,LOAD,97420422,5132.394109317243
3413,LOAD,89375071,5594.401150182023
3414,LOAD,97702009,5117.602034160834
3415,LOAD,96909484,5159.453743454046
3416,LOAD,97762494,5114.435808071754
3417,LOAD,87558178,5710.488859190286
3418,LOAD,98001544,5101.960434419278
3419,LOAD,90509572,5524.277586905394
3420,LOAD,96682595,5171.561644575221
3421,LOAD,93669668,5337.907250829586
3422,LOAD,91436560,5468.272209715676
3423,LOAD,85696013,5834.577158216217
3424,LOAD,96482530,5182.285331862669
3425,LOAD,92721445,5392.495770530754
3426,LOAD,96690074,5171.161623063811
3427,LOAD,93490858,5348.116497123174
3428,LOAD,99598649,5020.148415868573
3429,LOAD,97584470,5123.766107455418
3430,LOAD,90975341,5495.99478830203
3431,LOAD,89629619,5578.513058278202
3432,LOAD,92807306,5387.506884425673
3433,LOAD,88849606,5627.486969385098
3434,LOAD,94622220,5284.1710963872965
3435,LOAD,90386468,5531.8015081638105
3436,LOAD,94391193,5297.104360149363
3437,LOAD,88814548,5629.708322109571
3438,LOAD,94071330,5315.115668078681
3439,LOAD,91808444,5446.122145366063
3440,LOAD,93142390,5368.125082467822
3441,LOAD,88840711,5628.050410357477
3442,LOAD,87969470,5683.790069441136
3443,LOAD,93634541,5339.90976684555
3444,LOAD,97083005,5150.232010226713
3445,LOAD,98337157,5084.5480513535695
3446,LOAD,93904692,5324.5475742575245
3447,LOAD,94263955,5304.254420472809
3448,LOAD,92461067,5407.681483926635
3449,LOAD,95379427,5242.2206310801175
3450,LOAD,90657838,5515.2429291331655
3451,LOAD,97415999,5132.627136534318
3452,LOAD,91466332,5466.492304512659
3453,LOAD,96385590,5187.497425704402
3454,LOAD,91830981,5444.7855675199635
3455,LOAD,102631391,4871.803793441716
3456,LOAD,103125782,4848.448082556116
3457,LOAD,95091486,5258.094294582798
3458,LOAD,93746714,5333.520276774714
3459,LOAD,94089441,5314.092577083118
3460,LOAD,96243394,5195.161758322862
3461,LOAD,97479330,5129.2925382232315
3462,LOAD,97187439,5144.69776284567
3463,LOAD,93727570,5334.609656475677
3464,LOAD,99196330,5040.509059155717
3465,LOAD,97537165,5126.251106437223
3466,LOAD,95790677,5219.714649265919
3467,LOAD,92680045,5394.904588145161
3468,LOAD,94004582,5318.889668590836
3469,LOAD,95117764,5256.641651080024
3470,LOAD,97704262,5117.4840254153905
3471,LOAD,96019166,5207.293718839424
3472,LOAD,98351913,5083.785203039212
3473,LOAD,93865178,5326.789024999239
3474,LOAD,98215767,5090.832310050585
3475,LOAD,99904652,5004.771949958847
3476,LOAD,98467293,5077.828228709404
3477,LOAD,93540434,5345.282019965825
3478,LOAD,96673851,5172.0294043112035
3479,LOAD,98314595,5085.71489309395
3480,LOAD,90915368,5499.6202622201345
3481,LOAD,97896339,5107.443292644478
3482,LOAD,96393070,5187.094881405893
3483,LOAD,93425328,5351.867750466982
3484,LOAD,94391575,5297.0829229197625
3485,LOAD,92851382,5384.94946688031
3486,LOAD,97080461,5150.366972402408
3487,LOAD,92815699,5387.01971096506
3488,LOAD,96438914,5184.629101070134
3489,LOAD,95406166,5240.751420615728
3490,LOAD,93419844,5352.181919721467
3491,LOAD,94930767,5266.996315325251
3492,LOAD,95197695,5252.228008251671
3493,LOAD,90107853,5548.905931650596
3494,LOAD,104798970,4771.03925735148
3495,LOAD,92277725,5418.425736005087
3496,LOAD,98864343,5057.43511591434
3497,LOAD,95577212,5231.372515867067
3498,LOAD,96781901,5166.255207159033
3499,LOAD,96938679,5157.899871938631
3500,LOAD,96090987,5203.401646816262
3501,LOAD,92289330,5417.74439146974
3502,LOAD,93634543,5339.909652787006
3503,LOAD,94656300,5282.268586454362
3504,LOAD,90374987,5532.5042536382325
3505,LOAD,99474579,5026.409812701997
3506,LOAD,99832041,5008.412078843505
3507,LOAD,97983620,5102.893728564019
3508,LOAD,93078059,5371.835267858347
3509,LOAD,93161142,5367.044555980217
3510,LOAD,95356843,5243.462181314036
3511,LOAD,99286459,5035.933449897735
3512,LOAD,92619903,5398.407726684835
3513,LOAD,98150720,5094.206135217347
3514,LOAD,94183748,5308.771530306906
3515,LOAD,93076920,5371.901004029785
3516,LOAD,94079905,5314.631216942662
3517,LOAD,91617252,5457.4874173261605
3518,LOAD,97319366,5137.723564701398
3519,LOAD,93149304,5367.726633792132
3520,LOAD,91840153,5444.24180129578
3521,LOAD,91602030,5458.394317243843
3522,LOAD,92497444,5405.554774032458
3523,LOAD,93698786,5336.248433357503
3524,LOAD,92116697,5427.897615564743
3525,LOAD,94360791,5298.811028406915
3526,LOAD,94962926,5265.212657832384
3527,LOAD,92748879,5390.900735307
3528,LOAD,97861031,5109.286044615655
3529,LOAD,95119202,5256.562181840003
3530,LOAD,95574158,5231.539680422819
3531,LOAD,98573517,5072.356300323544
3532,LOAD,95721777,5223.471770692264
3533,LOAD,94841051,5271.978692011753
3534,LOAD,94223299,5306.543130059583
3535,LOAD,92689164,5394.373823460097
3536,LOAD,93306613,5358.676988950398
3537,LOAD,93420255,5352.158372935291
3538,LOAD,91519071,5463.342170507828
3539,LOAD,94515832,5290.1190141351135
3540,LOAD,95344901,5244.118927765208
3541,LOAD,94297913,5302.344284120053
3542,LOAD,93628767,5340.2390741725785
3543,LOAD,96556513,5178.314589715973
3544,LOAD,90616747,5517.7438669256135
3545,LOAD,93618633,5340.8171426728695
3546,LOAD,94964924,5265.10188119563
3547,LOAD,95515454,5234.754995772726
3548,LOAD,94755313,5276.748967100136
3549,LOAD,94716372,5278.918411275297
3550,LOAD,94990474,5263.685703894897
3551,LOAD,95943689,5211.390193679127
3552,LOAD,92627812,5397.946785140514
3553,LOAD,97052171,5151.868266810848
3554,LOAD,91009598,5493.926036240705
3555,LOAD,92980026,5377.499034039848
3556,LOAD,107026693,4671.731752003213
3557,LOAD,100363156,4981.90790253746
3558,LOAD,101173179,4942.021244583014
3559,LOAD,96318013,5191.136989090504
3560,LOAD,95331008,5244.883175891731
3561,LOAD,90603933,5518.524234483287
3562,LOAD,96179693,5198.602578197042
3563,LOAD,94019332,5318.05522719519
3564,LOAD,93074681,5372.030230219108
3565,LOAD,98445489,5078.952881223435
3566,LOAD,94451476,5293.7235200008945
3567,LOAD,96323801,5190.8250589072995
3568,LOAD,97466718,5129.95625850457
3569,LOAD,93332496,5357.190918798529
3570,LOAD,95687825,5225.32516545339
3571,LOAD,93610746,5341.267123327913
3572,LOAD,98589564,5071.530694668657
3573,LOAD,91671796,5454.24025509438
3574,LOAD,94874354,5270.128110701023
3575,LOAD,93250064,5361.926614870742
3576,LOAD,96137665,5200.87522408621
3577,LOAD,96540621,5179.16701613096
3578,LOAD,90410348,5530.340398645518
3579,LOAD,94608820,5284.919524416434
3580,LOAD,93769971,5332.197447304318
3581,LOAD,93115991,5369.646981472817
3582,LOAD,93286443,5359.835619415782
3583,LOAD,85534720,5845.579432539207
3584,LOAD,91030083,5492.689707862839
3585,LOAD,94081745,5314.5272762532195
3586,LOAD,96660827,5172.726279281678
3587,LOAD,93619102,5340.790386987476
3588,LOAD,95044068,5260.717586288499
3589,LOAD,95408437,5240.626675395594
3590,LOAD,98515500,5075.343473869594
3591,LOAD,92859298,5384.490414734774
3592,LOAD,98516768,5075.278149603933
3593,LOAD,97496779,5128.374548660731
3594,LOAD,92432243,5409.367811186839
3595,LOAD,95435327,5239.150068611385
3596,LOAD,94890200,5269.248036151257
3597,LOAD,96810541,5164.726845189307
3598,LOAD,96999510,5154.665214288196
3599,LOAD,93702144,5336.057198435075
3600,LOAD,94934374,5266.796197550109
3601,LOAD,93715489,5335.297348765901
3602,LOAD,93998670,5319.224197533859
3603,LOAD,99166413,5042.029704149932
3604,LOAD,99726736,5013.7006389139215
3605,LOAD,93371846,5354.933220448485
3606,LOAD,104753213,4773.1232835789015
3607,LOAD,94366569,5298.4865858586
3608,LOAD,93338082,5356.870307234297
3609,LOAD,97022513,5153.443098304411
3610,LOAD,103191196,4845.374599592779
3611,LOAD,95330829,5244.893024060454
3612,LOAD,94529584,5289.349416792102
3613,LOAD,95935113,5211.856059417994
3614,LOAD,91072501,5490.131428366066
3615,LOAD,93757836,5332.887589257073
3616,LOAD,94796428,5274.460341480377
3617,LOAD,91774621,5448.129281841436
3618,LOAD,97257402,5140.996877543573
3619,LOAD,97329334,5137.197383884287
3620,LOAD,95620597,5228.998936285662
3621,LOAD,92888519,5382.796554222164
3622,LOAD,96405118,5186.446636577946
3623,LOAD,97789892,5113.002885819732
3624,LOAD,93501930,5347.483201683644
3625,LOAD,96172417,5198.995882572027
3626,LOAD,95217269,5251.148297479525
3627,LOAD,95410710,5240.501826262482
3628,LOAD,99425490,5028.891484467414
3629,LOAD,96886089,5160.699592280993
3630,LOAD,96628307,5174.467146568138
3631,LOAD,93746601,5333.526705677575
3632,LOAD,97255959,5141.073155219208
3633,LOAD,95385508,5241.88642995957
3634,LOAD,95145775,5255.094091145928
3635,LOAD,101844221,4909.458731094815
3636,LOAD,101555739,4923.404673368583
3637,LOAD,96898218,5160.053614195464
3638,LOAD,92995881,5376.582216582259
3639,LOAD,96999317,5154.6754705499625
3640,LOAD,95382153,5242.070809619909
3641,LOAD,92617019,5398.575827624079
3642,LOAD,96639576,5173.863759501593
3643,LOAD,94211248,5307.221914733578
3644,LOAD,98849452,5058.196984238213
3645,LOAD,95609948,5229.581340217861
3646,LOAD,93491282,5348.092242440317
3647,LOAD,96282117,5193.072354235834
3648,LOAD,96498944,5181.403850388248
3649,LOAD,94490360,5291.545084599106
3650,LOAD,86030278,5811.907291523573
3651,LOAD,96246132,5195.0139668989505
3652,LOAD,93710589,5335.576324250827
3653,LOAD,98162611,5093.589044814629
3654,LOAD,97504455,5127.970819384612
3655,LOAD,87909008,5687.699262855975
3656,LOAD,93588584,5342.531948127348
3657,LOAD,97721942,5116.558162546545
3658,LOAD,94567799,5287.211982167418
3659,LOAD,94604357,5285.168842699285
3660,LOAD,98150562,5094.214335726371
3661,LOAD,100745056,4963.022701580512
3662,LOAD,94037566,5317.024049729233
3663,LOAD,95849365,5216.518648819426
3664,LOAD,95364741,5243.0279237061
3665,LOAD,96311267,5191.500595667587
3666,LOAD,98446950,5078.877507124395
3667,LOAD,99752619,5012.399724562621
3668,LOAD,99229792,5038.8093124290735
3669,LOAD,98795338,5060.9675529426295
3670,LOAD,96298959,5192.164122978733
3671,LOAD,96731735,5168.9344763639365
3672,LOAD,92852814,5384.866418803419
3673,LOAD,99800178,5010.011104389013
3674,LOAD,98344689,5084.158637178668
3675,LOAD,98192853,5092.02029194528
3676,LOAD,96730486,5169.0012184989955
3677,LOAD,97648543,5120.404100653094
3678,LOAD,95466868,5237.419122202689
3679,LOAD,94678908,5281.007254540789
3680,LOAD,97782236,5113.40321569247
3681,LOAD,97238657,5141.987923588867
3682,LOAD,95444123,5238.667235697687
3683,LOAD,95314809,5245.774557445738
3684,LOAD,93691159,5336.68283471656
3685,LOAD,96313159,5191.398612519812
3686,LOAD,95794464,5219.508300604929
3687,LOAD,96702189,5170.513771927128
3688,LOAD,94057049,5315.922680074728
3689,LOAD,96283645,5192.989941334273
3690,LOAD,93641192,5339.530492093693
3691,LOAD,97843626,5110.194914485282
3692,LOAD,99151465,5042.789836741192
3693,LOAD,96086890,5203.623512010848
3694,LOAD,99143549,5043.192472361465
3695,LOAD,99636409,5018.24589041542
3696,LOAD,98650597,5068.393047839336
3697,LOAD,97348216,5136.200955136147
3698,LOAD,96496036,5181.559996930859
3699,LOAD,94147350,5310.823937158082
3700,LOAD,97629585,5121.398395783409
3701,LOAD,101747115,4914.1442487091645
3702,LOAD,96549315,5178.700646400236
3703,LOAD,97858569,5109.414587903896
3704,LOAD,96657688,5172.894265792908
3705,LOAD,94583782,5286.318536088988
3706,LOAD,96739715,5168.508094116259
3707,LOAD,97045098,5152.243753723656
3708,LOAD,92821083,5386.707241931233
3709,LOAD,97258518,5140.93788679774
3710,LOAD,97685437,5118.470217827863
3711,LOAD,95372966,5242.575763031214
3712,LOAD,101926769,4905.4826804134245
3713,LOAD,97410362,5132.92415441388
3714,LOAD,97842738,5110.2412935337115
3715,LOAD,92862333,5384.314434572735
3716,LOAD,92512812,5404.656816614763
3717,LOAD,94686563,5280.580307894374
3718,LOAD,92178700,5424.246599268595
3719,LOAD,93378776,5354.535810150264
3720,LOAD,100051694,4997.416635444473
3721,LOAD,97077881,5150.50385164464
3722,LOAD,93188687,5365.458148369447
3723,LOAD,94762783,5276.3330093418635
3724,LOAD,95183433,5253.01498633696
3725,LOAD,95053968,5260.169675399558
3726,LOAD,96646192,5173.509578111469
3727,LOAD,100890408,4955.872514659669
3728,LOAD,95396989,5241.25557044573
3729,LOAD,99711349,5014.474330299152
3730,LOAD,97001949,5154.535606289725
3731,LOAD,98649071,5068.471450684011
3732,LOAD,89739614,5571.675403016554
3733,LOAD,96320355,5191.010768180827
3734,LOAD,91717408,5451.527805931891
3735,LOAD,98818391,5059.786897360027
3736,LOAD,94266871,5304.090341558064
3737,LOAD,96987307,5155.313777296652
3738,LOAD,100353201,4982.4021059378065
3739,LOAD,97942779,5105.021575914238
3740,LOAD,97513455,5127.497533545499
3741,LOAD,98996404,5050.688507837113
3742,LOAD,92718087,5392.691072239228
3743,LOAD,96771037,5166.835196774837
3744,LOAD,92772204,5389.54534269769
3745,LOAD,96130897,5201.241386523211
3746,LOAD,87559007,5710.434792847754
3747,LOAD,97085182,5150.11652344639
3748,LOAD,108152530,4623.100356505761
3749,LOAD,92211877,5422.295004362615
3750,LOAD,97745334,5115.3336894833255
3751,LOAD,98357986,5083.471310606136
3752,LOAD,94823436,5272.958048050485
3753,LOAD,92249648,5420.074882020146
3754,LOAD,97449535,5130.860809135724
3755,LOAD,93663617,5338.252098464231
3756,LOAD,95301282,5246.51913916541
3757,LOAD,95621825,5228.931784140284
3758,LOAD,96909679,5159.443361689394
3759,LOAD,96635637,5174.074653225497
3760,LOAD,94298002,5302.339279680603
3761,LOAD,99225200,5039.042501300073
3762,LOAD,97690588,5118.200332666644
3763,LOAD,95338895,5244.44928798472
3764,LOAD,94010559,5318.551504411329
3765,LOAD,99007484,5050.123281589501
3766,LOAD,95500416,5235.579287947814
3767,LOAD,93084443,5371.466851877709
3768,LOAD,97844498,5110.1493719146065
3769,LOAD,97206566,5143.68545844938
3770,LOAD,95031868,5261.392946627125
3771,LOAD,94701614,5279.741061224152
3772,LOAD,99603731,5019.892276926855
3773,LOAD,96664702,5172.518920091431
3774,LOAD,97750507,5115.062983765394
3775,LOAD,96391098,5187.20100065672
3776,LOAD,93611948,5341.198540169253
3777,LOAD,99576215,5021.279429028307
3778,LOAD,95205117,5251.818555088798
3779,LOAD,99514167,5024.410243015952
3780,LOAD,97173417,5145.4401361639875
3781,LOAD,102705758,4868.276226538341
3782,LOAD,94606591,5285.044040959048
3783,LOAD,97977591,5103.207732470173
3784,LOAD,100179485,4991.041828573984
3785,LOAD,102531960,4876.5282551898945
3786,LOAD,91603342,5458.316138727777
3787,LOAD,98527992,5074.699989826241
3788,LOAD,94692711,5280.237461994302
3789,LOAD,92549662,5402.504873545621
3790,LOAD,95299085,5246.640091035501
3791,LOAD,92592178,5400.024179148264
3792,LOAD,96737787,5168.611103332351
3793,LOAD,94742005,5277.49016922325
3794,LOAD,94328052,5300.650118376239
3795,LOAD,93697016,5336.349238699341
3796,LOAD,95037677,5261.07135383791
3797,LOAD,95204260,5251.865830373557
3798,LOAD,92592158,5400.025345558962
3799,LOAD,97425700,5132.116063831207
3800,LOAD,96178036,5198.692142143555
3801,LOAD,93605042,5341.592603526635
3802,LOAD,93009976,5375.767433807316
3803,LOAD,94125213,5312.072972413885
3804,LOAD,94412712,5295.897018613341
3805,LOAD,92604790,5399.288740895584
3806,LOAD,92591447,5400.066811786622
3807,LOAD,92478469,5406.663901410392
3808,LOAD,90226956,5541.581165610862
3809,LOAD,91658483,5455.032460007003
3810,LOAD,96836163,5163.36030373281
3811,LOAD,97274644,5140.0856321818055
3812,LOAD,95713965,5223.8981009719955
3813,LOAD,95109634,5257.0909903827405
3814,LOAD,94854614,5271.224866299071
3815,LOAD,96797836,5165.404730742121
3816,LOAD,94093783,5313.847355887477
3817,LOAD,95847171,5216.638058101892
3818,LOAD,96663927,5172.560390599484
3819,LOAD,96046855,5205.792526991123
3820,LOAD,94877157,5269.972412853813
3821,LOAD,97405348,5133.1883748313285
3822,LOAD,95746595,5222.1178204822845
3823,LOAD,95363024,5243.122323805504
3824,LOAD,99046902,5048.1134685060615
3825,LOAD,97448043,5130.939366324678
3826,LOAD,94857789,5271.048432301115
3827,LOAD,96090121,5203.4485418121185
3828,LOAD,98671699,5067.309117683279
3829,LOAD,96338505,5190.032791146178
3830,LOAD,95232177,5250.326263149482
3831,LOAD,95955847,5210.72988913328
3832,LOAD,96772103,5166.7782811333545
3833,LOAD,101946721,4904.522628049998
3834,LOAD,95272069,5248.127864211703
3835,LOAD,94844455,5271.789478889409
3836,LOAD,95463349,5237.612185593866
3837,LOAD,98450065,5078.716809379455
3838,LOAD,95447133,5238.502030228608
3839,LOAD,94953284,5265.7473121203475
3840,LOAD,95798789,5219.272656985257
3841,LOAD,95691204,5225.1406513810825
3842,LOAD,97849619,5109.881930148343
3843,LOAD,95238823,5249.959882431559
3844,LOAD,87771223,5696.627925533178
3845,LOAD,96123194,5201.658197084046
3846,LOAD,93042423,5373.892724182387
3847,LOAD,97298183,5138.842109723672
3848,LOAD,98995548,5050.732180400678
3849,LOAD,96254852,5194.543335851787
3850,LOAD,94774874,5275.659875844309
3851,LOAD,97484147,5129.039083657366
3852,LOAD,97902894,5107.101328383612
3853,LOAD,97529956,5126.630017140579
3854,LOAD,94671115,5281.441968862414
3855,LOAD,95406313,5240.743345778386
3856,LOAD,97962549,5103.991322234786
3857,LOAD,97066787,5151.092515300831
3858,LOAD,97238287,5142.007489292772
3859,LOAD,95539694,5233.426851880015
3860,LOAD,96025712,5206.938741573715
3861,LOAD,99116984,5044.5441318109515
3862,LOAD,97250015,5141.387381791149
3863,LOAD,94651778,5282.520947467041
3864,LOAD,99049448,5047.983710116184
3865,LOAD,100503100,4974.970921294966
3866,LOAD,99549956,5022.603927620018
3867,LOAD,100718856,4964.313732872422
3868,LOAD,96143198,5200.575915937392
3869,LOAD,94694634,5280.130234201021
3870,LOAD,93700175,5336.169329459631
3871,LOAD,97384888,5134.266827929197
3872,LOAD,95039094,5260.992913084799
3873,LOAD,96277811,5193.304613043187
3874,LOAD,97216690,5143.149802775635
3875,LOAD,97877512,5108.425722958712
3876,LOAD,94622711,5284.143676669759
3877,LOAD,96894505,5160.251347586739
3878,LOAD,98671466,5067.3210834832435
3879,LOAD,98254706,5088.814779009161
3880,LOAD,94414677,5295.786798063187
3881,LOAD,107573860,4647.969311503743
3882,LOAD,98594839,5071.259358717549
3883,LOAD,102627657,4871.98104892914
3884,LOAD,102802196,4863.709331656689
3885,LOAD,95255826,5249.022773683156
3886,LOAD,97657552,5119.931738612493
3887,LOAD,97269414,5140.362005265088
3888,LOAD,96803217,5165.117601411945
3889,LOAD,96872164,5161.441422945812
3890,LOAD,93284120,5359.969092274227
3891,LOAD,98624427,5069.737946360895
3892,LOAD,97714612,5116.941977930589
3893,LOAD,99319405,5034.262941869215
3894,LOAD,94099677,5313.514519290008
3895,LOAD,92686977,5394.501106665719
3896,LOAD,99065023,5047.190066265871
3897,LOAD,96125326,5201.542827537459
3898,LOAD,94615174,5284.564609055203
3899,LOAD,93855117,5327.360041541476
3900,LOAD,94891952,5269.150749475572
3901,LOAD,99975743,5001.213144272407
3902,LOAD,95166742,5253.936296358658
3903,LOAD,92473484,5406.955360306312
3904,LOAD,92393441,5411.639555669325
3905,LOAD,96479621,5182.441585254569
3906,LOAD,94386059,5297.392488863212
3907,LOAD,91276698,5477.8493411319505
3908,LOAD,95522086,5234.391552127536
3909,LOAD,98533545,5074.413997791311
3910,LOAD,92041099,5432.355821826943
3911,LOAD,98852130,5058.059952779975
3912,LOAD,93996302,5319.358201985436
3913,LOAD,93528949,5345.938400312827
3914,LOAD,92452366,5408.190418836874
3915,LOAD,95566810,5231.941926281729
3916,LOAD,92137550,5426.6691484633575
3917,LOAD,92903230,5381.944201509463
3918,LOAD,98256349,5088.729686058252
3919,LOAD,92966188,5378.299473782877
3920,LOAD,105077707,4758.383241080813
3921,LOAD,93017749,5375.3182094311915
3922,LOAD,91989686,5435.391963399027
3923,LOAD,96029107,5206.754656168989
3924,LOAD,96086144,5203.663912249408
3925,LOAD,92890062,5382.70714040432
3926,LOAD,92131590,5427.020200128968
3927,LOAD,94625040,5284.013618382618
3928,LOAD,96490651,5181.849172102695
3929,LOAD,92398345,5411.352335369211
3930,LOAD,105956021,4718.9390020601095
3931,LOAD,95076214,5258.938897167277
3932,LOAD,93996921,5319.323172298377
3933,LOAD,98269436,5088.051996146594
3934,LOAD,97500643,5128.171308572806
3935,LOAD,95677297,5225.900142224963
3936,LOAD,98634182,5069.236545196877
3937,LOAD,92228973,5421.289902035448
3938,LOAD,95713462,5223.925553962305
3939,LOAD,98089576,5097.38160148638
3940,LOAD,99394489,5030.45998858146
3941,LOAD,92476122,5406.801119969109
3942,LOAD,100149315,4992.5453808645625
3943,LOAD,99572677,5021.457844304015
3944,LOAD,95619101,5229.080746115779
3945,LOAD,94975422,5264.51990916134
3946,LOAD,99552970,5022.451866579169
3947,LOAD,95529193,5234.002133777054
3948,LOAD,95357303,5243.436887052059
3949,LOAD,99342231,5033.1062124022565
3950,LOAD,95689081,5225.2565786476725
3951,LOAD,94987374,5263.857489101657
3952,LOAD,99528949,5023.66401960097
3953,LOAD,96801997,5165.182697625546
3954,LOAD,92909248,5381.595597458716
3955,LOAD,98346547,5084.062585339168
3956,LOAD,98677868,5066.992326992715
3957,LOAD,93992321,5319.583500869183
3958,LOAD,96700934,5170.580875671791
3959,LOAD,94796553,5274.453386506575
3960,LOAD,95189418,5252.684704932222
3961,LOAD,96556004,5178.3418874708195
3962,LOAD,97582297,5123.880205443412
3963,LOAD,94175962,5309.210433125175
3964,LOAD,97479699,5129.273121780978
3965,LOAD,101256857,4937.937190762301
3966,LOAD,99267544,5036.893025176487
3967,LOAD,96475152,5182.681650504163
3968,LOAD,93886134,5325.600050801964
3969,LOAD,98956532,5052.723553408278
3970,LOAD,100064638,4996.770187686084
3971,LOAD,95810652,5218.62642162168
3972,LOAD,94968100,5264.925801400681
3973,LOAD,98269692,5088.0387413852895
3974,LOAD,96149299,5200.245921709737
3975,LOAD,97320817,5137.646964061142
3976,LOAD,95991905,5208.77255222719
3977,LOAD,98775310,5061.993731024484
3978,LOAD,96969678,5156.251008691604
3979,LOAD,96067456,5204.676180870241
3980,LOAD,93749104,5333.384306264943
3981,LOAD,94267680,5304.044822149012
3982,LOAD,93618874,5340.803393982286
3983,LOAD,101259785,4937.794406733137
3984,LOAD,96501365,5181.273860737618
3985,LOAD,99829024,5008.563441429619
3986,LOAD,101360517,4932.887230636364
3987,LOAD,99308388,5034.8214291828
3988,LOAD,100223530,4988.848427110879
3989,LOAD,117773734,4245.428781259496
3990,LOAD,703881282,710.3470610545373
3991,LOAD,398070772,1256.0580559278037
3992,LOAD,315527260,1584.649136179232
3993,LOAD,265366630,1884.1856641884474
3994,LOAD,234834152,2129.162201245754
3995,LOAD,212776003,2349.8890521033054
3996,LOAD,229758195,2176.200940297255
3997,LOAD,239546786,2087.274925909463
3998,LOAD,182318693,2742.450550586165
3999,LOAD,171744911,2911.2944138414673
4000,LOAD,177555773,2816.0165763802
4001,PUT,0.107238234,46625.1616937295
4002,PUT,0.106310995,47031.82394257527
4003,PUT,0.113495278,44054.69626674688
4004,PUT,0.106476343,46958.7878313965
4005,PUT,0.11032203500000001,45321.861584587336
4006,PUT,0.11017444000000001,45382.57693889798
4007,PUT,0.112431766,44471.41744620466
4008,PUT,0.106383718,46999.67338986968
4009,PUT,0.11209248200000001,44606.02451465032
4010,PUT,0.516643851,9677.846722306194
4011,PUT,0.10849309600000001,46085.88181500507
4012,PUT,0.10491093600000001,47659.47374637854
4013,PUT,0.11013835200000001,45397.44702190568
4014,PUT,0.108559607,46057.64646881966
4015,PUT,0.10873557800000001,45983.10959454319
4016,PUT,0.10761538500000001,46461.758232802866
4017,PUT,0.110923301,45076.19188145149
4018,PUT,0.10985618600000001,45514.05052420079
4019,PUT,0.109003555,45870.06359563227
4020,PUT,0.107280049,46606.988406576886
4020,GET,0.026573045,188160.5965744611
4020,GET,0.020571959,243049.28859716275
4020,GET,0.019628119000000003,254736.5847944981
4020,GET,0.019761962,253011.3153744552
4020,GET,0.019634770000000003,254650.29638747993
4020,GET,0.019621160000000002,254826.93174103872
4020,GET,0.019510805000000003,256268.25751167105
4020,GET,0.019653151,254412.12963763418
4020,GET,0.020226069000000003,247205.72247627552
4020,GET,0.020571473,243055.0306242047
4020,GET,0.019982502000000003,250218.91653007214
4020,GET,0.019861610000000002,251741.9282726828
4020,GET,0.019719102000000002,253561.242291865
4020,GET,0.019537972,255911.9237144981
4020,GET,0.019502134,256382.19899422288
4020,GET,0.019822438,252239.40667641384
4020,GET,0.019773051,252869.4231355596
4020,GET,0.019548884000000002,255769.0761273124
4020,GET,0.019552348,255723.76269080315
4020,GET,0.019634452,254654.42070906793
