height,operation,latency,throughput
1,LOAD,19571,25548004.700832866
2,LOAD,16613,30096912.05682297
3,LOAD,51522039,9704.584867070187
4,LOAD,50632373,9875.105004460289
5,LOAD,51823263,9648.176727119635
6,LOAD,52754949,9477.783781006025
7,LOAD,57069152,8761.300676064015
8,LOAD,60692651,8238.229699342017
9,LOAD,57116040,8754.10830302661
10,LOAD,60752051,8230.17481335733
11,LOAD,56642608,8827.277162096772
12,LOAD,64398655,7764.137310010589
13,LOAD,63112038,7922.418857714593
14,LOAD,57465085,8700.935533289474
15,LOAD,59866273,8351.948015871974
16,LOAD,61954464,8070.443479262447
17,LOAD,63424086,7883.440369956613
18,LOAD,64392536,7764.875109127555
19,LOAD,64140319,7795.408688254263
20,LOAD,62069326,8055.508770950726
21,LOAD,52715429,9484.889139382703
22,LOAD,60652982,8243.617766394404
23,LOAD,53749278,9302.450537103028
24,LOAD,59525925,8399.701474609592
25,LOAD,55448871,9017.316150584924
26,LOAD,62679336,7977.110670093888
27,LOAD,63379068,7889.039958744738
28,LOAD,59109692,8458.849692534348
29,LOAD,61885760,8079.403080773347
30,LOAD,62811554,7960.318892922153
31,LOAD,64488458,7753.325409021254
32,LOAD,63150014,7917.6546184138615
33,LOAD,65054625,7685.848623368439
34,LOAD,64611156,7738.601674299094
35,LOAD,63428099,7882.941596594279
36,LOAD,66983005,7464.580008018452
37,LOAD,62140429,8046.2914087702875
38,LOAD,67257597,7434.104432841988
39,LOAD,67186352,7441.987622724329
40,LOAD,71619134,6981.374558368718
41,LOAD,66576404,7510.168317291514
42,LOAD,65319532,7654.678236212714
43,LOAD,62945929,7943.325453183795
44,LOAD,69754692,7167.976600054373
45,LOAD,60957994,8202.369651468518
46,LOAD,67285154,7431.059755024117
47,LOAD,59877213,8350.422054546862
48,LOAD,67763835,7378.567048337804
49,LOAD,66702272,7495.996538168894
50,LOAD,67521124,7405.089998205599
51,LOAD,74103855,6747.287303744184
52,LOAD,68168013,7334.818458035443
53,LOAD,64501694,7751.734396309033
54,LOAD,70527270,7089.456319520095
55,LOAD,69435284,7200.949880179074
56,LOAD,68495556,7299.743650522379
57,LOAD,69911191,7151.9307974598805
58,LOAD,69004247,7245.9308193016
59,LOAD,69587718,7185.175981773105
60,LOAD,70559006,7086.267626842702
61,LOAD,71861862,6957.793551188529
62,LOAD,72274446,6918.0744740679165
63,LOAD,63309096,7897.75927301189
64,LOAD,72538920,6892.85145133123
65,LOAD,64765789,7720.125203755335
66,LOAD,69317049,7213.232634874575
67,LOAD,75108733,6657.01550311067
68,LOAD,71868190,6957.180916898004
69,LOAD,73036989,6845.846287557117
70,LOAD,73381578,6813.699209357422
71,LOAD,65443576,7640.16929637219
72,LOAD,70290858,7113.300566056542
73,LOAD,66405235,7529.526851309238
74,LOAD,71955910,6948.699557826452
75,LOAD,67590591,7397.479332589354
76,LOAD,75094216,6658.302418391318
77,LOAD,64895116,7704.740060869913
78,LOAD,73946963,6761.602907207967
79,LOAD,66882465,7475.801018996534
80,LOAD,71038830,7038.404207952186
81,LOAD,71675663,6975.868503650953
82,LOAD,74906225,6675.012657492752
83,LOAD,86319958,5792.403189074767
84,LOAD,71905525,6953.568588783685
85,LOAD,75519283,6620.825571132607
86,LOAD,76179873,6563.4134097335655
87,LOAD,73260532,6824.957263482607
88,LOAD,74769779,6687.193765812789
89,LOAD,69512358,7192.965601886214
90,LOAD,73531170,6799.837402288036
91,LOAD,69206498,7224.75510897835
92,LOAD,73765072,6778.275767154406
93,LOAD,67382927,7420.277246193238
94,LOAD,83170795,6011.725630373017
95,LOAD,74903308,6675.272606117743
96,LOAD,76781319,6512.000659952195
97,LOAD,71934828,6950.736018997641
98,LOAD,74639077,6698.903846305602
99,LOAD,72123174,6932.584525467501
100,LOAD,74069784,6750.390955642587
101,LOAD,73401808,6811.8213109955
102,LOAD,75433046,6628.394669360164
103,LOAD,76159048,6565.208115521612
104,LOAD,74036922,6753.387181601094
105,LOAD,71401165,7002.686860921667
106,LOAD,75691331,6605.776294249602
107,LOAD,74741841,6689.69339409234
108,LOAD,76136576,6567.1458616683785
109,LOAD,68928710,7253.871427450187
110,LOAD,79445854,6293.594628613345
111,LOAD,72241686,6921.211667180635
112,LOAD,75227726,6646.485632172372
113,LOAD,73107781,6839.217292069089
114,LOAD,75799142,6596.380734758185
115,LOAD,72733423,6874.418656193316
116,LOAD,74528838,6708.812500202942
117,LOAD,74180066,6740.355286284054
118,LOAD,77719504,6433.391546091185
119,LOAD,69943301,7148.647445164191
120,LOAD,78958843,6332.412950883791
121,LOAD,70811526,7060.997386216475
122,LOAD,75988527,6579.940679729191
123,LOAD,69382147,7206.464798502127
124,LOAD,78374016,6379.665423805768
125,LOAD,70937937,7048.414729060982
126,LOAD,76018766,6577.323288831076
127,LOAD,69249352,7220.284169590497
128,LOAD,76839048,6507.108208836737
129,LOAD,71206084,7021.8718951037945
130,LOAD,80284006,6227.890521556685
131,LOAD,71965038,6947.818189160132
132,LOAD,79915501,6256.608464483004
133,LOAD,74748674,6689.081869198108
134,LOAD,78952199,6332.945837265407
135,LOAD,73432589,6808.965975583402
136,LOAD,79226815,6310.994579297426
137,LOAD,77585989,6444.462543359472
138,LOAD,77064816,6488.045076238162
139,LOAD,70141695,7128.427677717226
140,LOAD,80130085,6239.853608042472
141,LOAD,76969614,6496.069994582537
142,LOAD,75135193,6654.6711339385265
143,LOAD,73726492,6781.82274018951
144,LOAD,79176779,6314.982831014128
145,LOAD,75293684,6640.663246069882
146,LOAD,78723856,6351.314905103226
147,LOAD,74493173,6712.024469678584
148,LOAD,80683718,6197.037176695303
149,LOAD,72353207,6910.54371646581
150,LOAD,78747350,6349.420012228982
151,LOAD,73438441,6808.423397767934
152,LOAD,78447812,6373.664060891844
153,LOAD,77323197,6466.364808997744
154,LOAD,79379875,6298.825741411158
155,LOAD,72284002,6917.15989936473
156,LOAD,76824102,6508.374155808551
157,LOAD,76894393,6502.424695647185
158,LOAD,76006300,6578.402053513984
159,LOAD,73856282,6769.904826782372
160,LOAD,78828307,6342.8991313995875
161,LOAD,75551032,6618.043284967967
162,LOAD,79600651,6281.355663787222
163,LOAD,75043223,6662.826835142729
164,LOAD,83298991,6002.473667418133
165,LOAD,76222116,6559.775905460299
166,LOAD,81203070,6157.402669628131
167,LOAD,74058855,6751.387123119849
168,LOAD,75683935,6606.421825186547
169,LOAD,75435758,6628.156371146956
170,LOAD,80668514,6198.20516341729
171,LOAD,76857102,6505.579666534915
172,LOAD,78597417,6361.532211675608
173,LOAD,78619068,6359.780301643871
174,LOAD,73225548,6828.217932899594
175,LOAD,74110314,6746.699251604844
176,LOAD,77951086,6414.278820951898
177,LOAD,73297898,6821.478018373733
178,LOAD,76932327,6499.218462480668
179,LOAD,79503161,6289.058116821292
180,LOAD,79014761,6327.931562053323
181,LOAD,79567495,6283.973122441519
182,LOAD,76539700,6532.557613891876
183,LOAD,76644488,6523.626330441401
184,LOAD,72211465,6924.108242368438
185,LOAD,80780314,6189.626843985776
186,LOAD,75472006,6624.972973422755
187,LOAD,81597058,6127.671906994489
188,LOAD,76355041,6548.356119669951
189,LOAD,78460367,6372.644165684313
190,LOAD,72212947,6923.966141417826
191,LOAD,80395032,6219.289769049411
192,LOAD,75268652,6642.871723011593
193,LOAD,77656215,6438.634692664328
194,LOAD,76248257,6557.5269477963275
195,LOAD,80063432,6245.048301201977
196,LOAD,74069146,6750.449100628216
197,LOAD,84152980,5941.560239459137
198,LOAD,77912017,6417.495262637085
199,LOAD,75687687,6606.094330772719
200,LOAD,74406856,6719.810873342101
201,LOAD,82596505,6053.524903989582
202,LOAD,79280021,6306.75917706934
203,LOAD,79936566,6254.959713931169
204,LOAD,77756644,6430.318674761735
205,LOAD,79272903,6307.325467820952
206,LOAD,77490590,6452.396349027669
207,LOAD,79753609,6269.308765701124
208,LOAD,73122144,6837.873900415174
209,LOAD,82882741,6032.619022577934
210,LOAD,77892532,6419.100614164141
211,LOAD,79600464,6281.370420152325
212,LOAD,77881872,6419.979221865648
213,LOAD,80383624,6220.172407255488
214,LOAD,80171311,6236.644926512428
215,LOAD,79756627,6269.071534331561
216,LOAD,79508775,6288.614055492617
217,LOAD,78981339,6330.60931013084
218,LOAD,75390048,6632.175111494822
219,LOAD,82217319,6081.4437405822
220,LOAD,79119743,6319.535188581186
221,LOAD,79641187,6278.158561348414
222,LOAD,77585434,6444.508643207435
223,LOAD,81783114,6113.731497189016
224,LOAD,75335150,6637.008089849161
225,LOAD,81007386,6172.276685980214
226,LOAD,76327634,6550.707441029811
227,LOAD,78958416,6332.447196002513
228,LOAD,75863790,6590.759570540834
229,LOAD,80301159,6226.560191989259
230,LOAD,76733803,6516.033096912974
231,LOAD,81912898,6104.044811111432
232,LOAD,78482720,6370.829145574975
233,LOAD,78830383,6342.732091001004
234,LOAD,79585625,6282.541602205172
235,LOAD,80531212,6208.772817178015
236,LOAD,72412310,6904.903323758073
237,LOAD,80627375,6201.367711648804
238,LOAD,77050184,6489.277170317983
239,LOAD,80436786,6216.061392607108
240,LOAD,73630812,6790.635420399818
241,LOAD,81575941,6129.258135067053
242,LOAD,77700491,6434.965771323118
243,LOAD,80064486,6244.966088959842
244,LOAD,79293723,6305.669365530989
245,LOAD,83092879,6017.362811559339
246,LOAD,74159270,6742.245440118276
247,LOAD,82290491,6076.036172879319
248,LOAD,79763164,6268.557751796305
249,LOAD,79394024,6297.703212523905
250,LOAD,79775909,6267.556286948733
251,LOAD,80076905,6243.997567088788
252,LOAD,78637266,6358.308540380842
253,LOAD,79449046,6293.341772788562
254,LOAD,81721051,6118.37456667071
255,LOAD,86752477,5763.524193090187
256,LOAD,80203853,6234.114463303902
257,LOAD,81458098,6138.125149939052
258,LOAD,78642833,6357.858445918397
259,LOAD,81383223,6143.772408718686
260,LOAD,75917819,6586.069075561826
261,LOAD,80388988,6219.757362787052
262,LOAD,78507147,6368.8469025628965
263,LOAD,81946807,6101.519001222342
264,LOAD,78205768,6393.390318729432
265,LOAD,81266982,6152.560211968988
266,LOAD,76764760,6513.405369859816
267,LOAD,80538755,6208.191323543554
268,LOAD,78467556,6372.060320064003
269,LOAD,81333995,6147.4909722558195
270,LOAD,81598923,6127.531854801564
271,LOAD,80606865,6202.945617597211
272,LOAD,82562786,6055.997189823512
273,LOAD,86173332,5802.259102618894
274,LOAD,79744249,6270.044627293436
275,LOAD,85049182,5878.9513107839175
276,LOAD,79598449,6281.529430303346
277,LOAD,80188373,6235.31793069302
278,LOAD,76117777,6568.7677662998485
279,LOAD,77978993,6411.983288883969
280,LOAD,76872375,6504.287138260005
281,LOAD,78973359,6331.248997525862
282,LOAD,83264978,6004.925624312301
283,LOAD,83974187,5954.210667142273
284,LOAD,76617917,6525.888716081905
285,LOAD,82069147,6092.423502342482
286,LOAD,84637714,5907.531954372019
287,LOAD,81744739,6116.601583375292
288,LOAD,79782360,6267.049508187023
289,LOAD,83702574,5973.531948969693
290,LOAD,75075308,6659.979337014509
291,LOAD,81243952,6154.3042613190455
292,LOAD,76729338,6516.412275054426
293,LOAD,80512373,6210.2256009768835
294,LOAD,77582647,6444.7401491727915
295,LOAD,80206449,6233.91268699603
296,LOAD,81533747,6132.430047646406
297,LOAD,81177819,6159.317978227526
298,LOAD,82589346,6054.049634925066
299,LOAD,83661018,5976.4991145577505
300,LOAD,78217079,6392.465768249925
301,LOAD,77267342,6471.039213436383
302,LOAD,81452863,6138.519649088332
303,LOAD,78711917,6352.278270646108
304,LOAD,79847926,6261.903408737254
305,LOAD,79132022,6318.554579585999
306,LOAD,83762460,5969.261170218735
307,LOAD,80409075,6218.203604506083
308,LOAD,78183113,6395.24292157566
309,LOAD,80999011,6172.914876701396
310,LOAD,75290554,6640.939313582418
311,LOAD,79476269,6291.186114939543
312,LOAD,78129266,6399.650548361737
313,LOAD,85818771,5826.231186647966
314,LOAD,78729822,6350.833614230704
315,LOAD,81829220,6110.286765534365
316,LOAD,77738777,6431.796579459952
317,LOAD,78956231,6332.622437360264
318,LOAD,76937870,6498.750225344164
319,LOAD,79427509,6295.048230708078
320,LOAD,74322560,6727.432424286784
321,LOAD,79209722,6312.356455436115
322,LOAD,77762737,6429.814835349739
323,LOAD,80968723,6175.223981240262
324,LOAD,77499433,6451.660104403602
325,LOAD,80500673,6211.128197648733
326,LOAD,75210759,6647.985030971433
327,LOAD,76214997,6560.388633223984
328,LOAD,78094662,6402.486254438236
329,LOAD,77312420,6467.266190865582
330,LOAD,75091437,6658.548830274749
331,LOAD,83349492,5998.836801548832
332,LOAD,79593226,6281.94163156548
333,LOAD,77179747,6478.383506491671
334,LOAD,78516008,6368.128140187667
335,LOAD,81140120,6162.179696061578
336,LOAD,77224595,6474.621200668
337,LOAD,78102927,6401.808731188781
338,LOAD,82623587,6051.540705924569
339,LOAD,79814628,6264.515822838891
340,LOAD,72948359,6854.163779064585
341,LOAD,81553737,6130.92690038226
342,LOAD,72254633,6919.971484735103
343,LOAD,78646816,6357.536457674269
344,LOAD,71961677,6948.142689893121
345,LOAD,76096502,6570.604257210141
346,LOAD,77881781,6419.986723210657
347,LOAD,81303258,6149.815054151951
348,LOAD,76883324,6503.360858851524
349,LOAD,80597398,6203.674217869911
350,LOAD,77616334,6441.943006481084
351,LOAD,84816191,5895.100854033872
352,LOAD,75470197,6625.131772214666
353,LOAD,82061513,6092.990266947674
354,LOAD,80870919,6182.6921986629095
355,LOAD,80789912,6188.891504176908
356,LOAD,77961033,6413.460427082848
357,LOAD,84641459,5907.27057292337
358,LOAD,81374517,6144.429711330882
359,LOAD,82198748,6082.81770909698
360,LOAD,79316286,6303.875600024943
361,LOAD,84635216,5907.706314591316
362,LOAD,74818768,6682.8151995232
363,LOAD,87303233,5727.164766051676
364,LOAD,82689710,6046.701578709128
365,LOAD,78066151,6404.824544250939
366,LOAD,79109803,6320.329226455032
367,LOAD,83396540,5995.452569135363
368,LOAD,84963412,5884.886073078139
369,LOAD,85019667,5880.992217953523
370,LOAD,82290316,6076.049094282248
371,LOAD,79033381,6326.4407225600025
372,LOAD,80281015,6228.1225517639505
373,LOAD,82243134,6079.534858192539
374,LOAD,80897854,6180.633666747205
375,LOAD,80221631,6232.732914642435
376,LOAD,79079346,6322.763468478862
377,LOAD,84051203,5948.7548322181665
378,LOAD,77645484,6439.524544659932
379,LOAD,82052380,6093.668459098932
380,LOAD,79770334,6267.994314778724
381,LOAD,85369610,5856.885137462851
382,LOAD,79673865,6275.583593189561
383,LOAD,85315132,5860.625053009353
384,LOAD,82746656,6042.540256853401
385,LOAD,82131278,6087.81468127161
386,LOAD,85380386,5856.1459302842695
387,LOAD,80846845,6184.533236887599
388,LOAD,76934254,6499.055674212425
389,LOAD,81541026,6131.882618204976
390,LOAD,83531626,5985.756819818161
391,LOAD,81054441,6168.69345875817
392,LOAD,77713905,6433.855048205338
393,LOAD,88394833,5656.439217437065
394,LOAD,79942121,6254.525070707094
395,LOAD,81638838,6124.535971469854
396,LOAD,81383994,6143.71420503152
397,LOAD,78719070,6351.701055411351
398,LOAD,76939531,6498.6099278406045
399,LOAD,85772350,5829.384411176795
400,LOAD,75640140,6610.246887433048
401,LOAD,81034241,6170.2311742513875
402,LOAD,74126007,6745.270927651613
403,LOAD,82824027,6036.895549645274
404,LOAD,81436918,6139.721544963182
405,LOAD,79615745,6280.164809109052
406,LOAD,79413434,6296.163946266321
407,LOAD,84870848,5891.3043970056715
408,LOAD,80953757,6176.365600919547
409,LOAD,88192755,5669.399941072257
410,LOAD,78205727,6393.39367051725
411,LOAD,90023057,5554.132648483599
412,LOAD,78850233,6341.135352130158
413,LOAD,81275795,6151.893069763267
414,LOAD,81446925,6138.967186299544
415,LOAD,85045729,5879.1900061201195
416,LOAD,82329152,6073.182923103593
417,LOAD,80709537,6195.054743034891
418,LOAD,80669282,6198.146154319311
419,LOAD,89595239,5580.6536773678345
420,LOAD,77792700,6427.338297809435
421,LOAD,79322400,6303.389710850907
422,LOAD,82085248,6091.228475060464
423,LOAD,87628871,5705.8820260277
424,LOAD,83198611,6009.7157150856765
425,LOAD,92676733,5395.097386525267
426,LOAD,79037761,6326.0901330441275
427,LOAD,85625744,5839.365319850535
428,LOAD,84579174,5911.620749571283
429,LOAD,83298892,6002.480801305256
430,LOAD,84157478,5941.242678398704
431,LOAD,89473300,5588.259290760484
432,LOAD,83837709,5963.903426798077
433,LOAD,81922829,6103.304855353566
434,LOAD,83220726,6008.118698700129
435,LOAD,86452252,5783.5393345219045
436,LOAD,85878267,5822.194805118738
437,LOAD,81508891,6134.300121933938
438,LOAD,83188798,6010.424624719304
439,LOAD,90465358,5526.97751994747
440,LOAD,82397648,6068.134371990813
441,LOAD,85209206,5867.910563560467
442,LOAD,87063542,5742.9319840904245
443,LOAD,90609206,5518.203084132533
444,LOAD,78680350,6354.826840500837
445,LOAD,90697534,5512.829047810716
446,LOAD,78257251,6389.184307023512
447,LOAD,86242471,5797.607538401816
448,LOAD,82634977,6050.706591229522
449,LOAD,85727718,5832.419334899361
450,LOAD,78551117,6365.281858436208
451,LOAD,87868260,5690.33687477139
452,LOAD,83299608,6002.429207109834
453,LOAD,85354213,5857.941657783195
454,LOAD,84259547,5934.045669626019
455,LOAD,88306390,5662.10440716691
456,LOAD,79774960,6267.630845568584
457,LOAD,89135614,5609.430143152433
458,LOAD,89297622,5599.253247751659
459,LOAD,86240271,5797.755436088553
460,LOAD,85649524,5837.744060317253
461,LOAD,90643196,5516.133830938618
462,LOAD,82636546,6050.591707935131
463,LOAD,81846395,6109.004556645409
464,LOAD,82149432,6086.46935014718
465,LOAD,89200283,5605.363382087027
466,LOAD,77012677,6492.437602188533
467,LOAD,88977074,5619.425066731234
468,LOAD,81661122,6122.864684616995
469,LOAD,86298662,5793.832585724214
470,LOAD,87685527,5702.195300713651
471,LOAD,85585806,5842.090217623236
472,LOAD,81749013,6116.281795353297
473,LOAD,86497345,5780.524246148827
474,LOAD,83309848,6001.691420682942
475,LOAD,88199744,5668.950694460065
476,LOAD,88482923,5650.807896570053
477,LOAD,87117900,5739.348629845302
478,LOAD,83160421,6012.475574167668
479,LOAD,91565672,5460.561682985301
480,LOAD,79312024,6304.2143521643075
481,LOAD,89416213,5591.827066082523
482,LOAD,82150972,6086.355253349893
483,LOAD,84567344,5912.4477174073245
484,LOAD,77936896,6415.446671111973
485,LOAD,82694922,6046.3204741882455
486,LOAD,78230223,6391.391725931806
487,LOAD,90825349,5505.071056759716
488,LOAD,80172606,6236.544188173202
489,LOAD,83909521,5958.799359610216
490,LOAD,86686726,5767.895767571151
491,LOAD,92290599,5417.669897234062
492,LOAD,80039155,6246.942512074247
493,LOAD,79344210,6301.657045926855
494,LOAD,74284882,6730.844642117087
495,LOAD,88924148,5622.7696440791315
496,LOAD,88967642,5620.020816107501
497,LOAD,87175393,5735.563474890214
498,LOAD,83363993,5997.793315874397
499,LOAD,89252769,5602.0670910501385
500,LOAD,85571119,5843.092924845356
501,LOAD,87446907,5717.755117399407
502,LOAD,85666298,5836.600993310111
503,LOAD,84560240,5912.944428729152
504,LOAD,80122382,6240.453510231386
505,LOAD,91514994,5463.585562820449
506,LOAD,83882928,5960.68844902505
507,LOAD,79405434,6296.798277054942
508,LOAD,82725531,6044.083295155881
509,LOAD,83165184,6012.131230299448
510,LOAD,85219303,5867.215318576356
511,LOAD,86441128,5784.283610921875
512,LOAD,83893966,5959.904196208819
513,LOAD,80556397,6206.831718156412
514,LOAD,92293811,5417.481352026952
515,LOAD,85137186,5872.874398268225
516,LOAD,81939658,6102.05134124431
517,LOAD,80696669,6196.042614844486
518,LOAD,89645290,5577.5378717610265
519,LOAD,79322782,6303.359355197602
520,LOAD,86573165,5775.461714955206
521,LOAD,83849850,5963.039886177495
522,LOAD,82668620,6048.244182617298
523,LOAD,83870299,5961.585996015109
524,LOAD,87520261,5712.962853252917
525,LOAD,80083690,6243.468551461602
526,LOAD,78752136,6349.034139213697
527,LOAD,79633661,6278.751896135982
528,LOAD,86792229,5760.884422037369
529,LOAD,81718442,6118.569906166346
530,LOAD,87494274,5714.659681615279
531,LOAD,82849305,6035.053643479568
532,LOAD,86128264,5805.2952280566105
533,LOAD,82512639,6059.677717979665
534,LOAD,86410758,5786.316560259777
535,LOAD,79542482,6285.94918624742
536,LOAD,85428966,5852.815776794021
537,LOAD,83675096,5975.493592502123
538,LOAD,88675572,5638.531432309227
539,LOAD,84395709,5924.471823561551
540,LOAD,92712131,5393.037508759237
541,LOAD,79298941,6305.254442174707
542,LOAD,83615691,5979.738898528029
543,LOAD,79382036,6298.654269840094
544,LOAD,82624413,6051.48020839797
545,LOAD,83512393,5987.135346486838
546,LOAD,89748030,5571.152926699338
547,LOAD,84603254,5909.938168572097
548,LOAD,87434304,5718.579288971066
549,LOAD,82997117,6024.3056394356445
550,LOAD,90165518,5545.357150834535
551,LOAD,83852153,5962.876111243083
552,LOAD,90399316,5531.015301044977
553,LOAD,83961952,5955.07831928443
554,LOAD,82095676,6090.4547518434465
555,LOAD,81530428,6132.679691071903
556,LOAD,89247727,5602.38357667081
557,LOAD,85148991,5872.060186831809
558,LOAD,82513109,6059.643201663871
559,LOAD,84704857,5902.849230947878
560,LOAD,88129366,5673.477782649657
561,LOAD,89160045,5607.893087088505
562,LOAD,87019851,5745.815400212533
563,LOAD,82441535,6064.904055947041
564,LOAD,93564890,5343.884869634325
565,LOAD,84213759,5937.272079257263
566,LOAD,85719699,5832.964952431762
567,LOAD,82544052,6057.371644416003
568,LOAD,85251012,5865.033015678453
569,LOAD,83276435,6004.0994790423
570,LOAD,88080810,5676.605380899654
571,LOAD,84279770,5932.621790496106
572,LOAD,84445796,5920.957865090169
573,LOAD,83189834,6010.349774228423
574,LOAD,88386421,5656.977557672574
575,LOAD,80272529,6228.780956932353
576,LOAD,90016587,5554.531855334618
577,LOAD,85326340,5859.855233448428
578,LOAD,80863574,6183.253784948956
579,LOAD,84803194,5896.004341534589
580,LOAD,82527744,6058.568619057369
581,LOAD,80588676,6204.345632877751
582,LOAD,86084265,5808.2624042849175
583,LOAD,80279339,6228.2525769177055
584,LOAD,83979290,5953.848859641466
585,LOAD,80256356,6230.036160625085
586,LOAD,91056601,5491.09009680693
587,LOAD,84392181,5924.719495044215
588,LOAD,85342118,5858.771866899296
589,LOAD,85750365,5830.878970602633
590,LOAD,92713276,5392.970905267117
591,LOAD,83790545,5967.260387195238
592,LOAD,88446040,5653.164347437149
593,LOAD,85628455,5839.180445332104
594,LOAD,89694146,5574.499811838333
595,LOAD,85587644,5841.964758370963
596,LOAD,85738454,5831.689010860868
597,LOAD,84849983,5892.753095778464
598,LOAD,83726570,5971.819937207508
599,LOAD,89805085,5567.6134597500795
600,LOAD,89073439,5613.34563494287
601,LOAD,87633155,5705.603090519793
602,LOAD,89609643,5579.756634004222
603,LOAD,85086673,5876.3609196471925
604,LOAD,83357852,5998.235175253796
605,LOAD,87876322,5689.814828617885
606,LOAD,86080411,5808.5224523381985
607,LOAD,84828740,5894.22877199402
608,LOAD,88759464,5633.202111270072
609,LOAD,81885554,6106.083131586311
610,LOAD,85183684,5869.668656265207
611,LOAD,79548606,6285.465266355516
612,LOAD,89125957,5610.037937657152
613,LOAD,81637593,6124.629372646987
614,LOAD,88639286,5640.839661095645
615,LOAD,82235483,6080.100484118273
616,LOAD,86760194,5763.0115488215715
617,LOAD,83062374,6019.572712910903
618,LOAD,80178968,6236.04933403483
619,LOAD,91630600,5456.692414979276
620,LOAD,85711084,5833.551235917165
621,LOAD,80728895,6193.569229456194
622,LOAD,94643221,5282.9985572870555
623,LOAD,84144127,5942.1853648799515
624,LOAD,78992265,6329.7336770885095
625,LOAD,89524262,5585.078154567753
626,LOAD,81500138,6134.958937124745
627,LOAD,85694912,5834.652120303244
628,LOAD,84747774,5899.859977443184
629,LOAD,87532584,5712.15857171542
630,LOAD,83715841,5972.585284068281
631,LOAD,89365698,5594.987911357219
632,LOAD,87096046,5740.788737987026
633,LOAD,81758654,6115.560561943694
634,LOAD,81857659,6108.1639288023125
635,LOAD,84142333,5942.312058307202
636,LOAD,81844818,6109.122265993676
637,LOAD,81441962,6139.341289444868
638,LOAD,88950706,5621.090854523403
639,LOAD,88619479,5642.100423542323
640,LOAD,80984939,6173.987486735034
641,LOAD,83582013,5982.1483361497885
642,LOAD,94224015,5306.502806105216
643,LOAD,87619677,5706.48074861084
644,LOAD,88482648,5650.825459021073
645,LOAD,92233475,5421.025283932975
646,LOAD,87550497,5710.989853090155
647,LOAD,80755929,6191.495859084229
648,LOAD,88157637,5671.658372603612
649,LOAD,85399838,5854.812043086077
650,LOAD,86338256,5791.175582698821
651,LOAD,89533529,5584.500081528116
652,LOAD,81587356,6128.400582070584
653,LOAD,78921885,6335.378330104508
654,LOAD,92095423,5429.1514573965305
655,LOAD,88548045,5646.652052001826
656,LOAD,82977807,6025.7075726284265
657,LOAD,83345979,5999.08965014377
658,LOAD,87784160,5695.78839736007
659,LOAD,83043563,6020.936264500116
660,LOAD,82211205,6081.896014053072
661,LOAD,80357990,6222.15662686436
662,LOAD,90838730,5504.26013221453
663,LOAD,87676388,5702.789672403019
664,LOAD,84539053,5914.426318449534
665,LOAD,83378998,5996.71394467945
666,LOAD,84860957,5891.991060152668
667,LOAD,85357975,5857.683479487418
668,LOAD,85869628,5822.780552863231
669,LOAD,87068957,5742.574819174645
670,LOAD,83200190,6009.601660765438
671,LOAD,86159771,5803.172341300675
672,LOAD,87340725,5724.706315410136
673,LOAD,82477024,6062.294391223427
674,LOAD,87014488,5746.169534434312
675,LOAD,88933753,5622.162375178296
676,LOAD,85365765,5857.148940210399
677,LOAD,82559912,6056.208005648068
678,LOAD,85234745,5866.1523537144385
679,LOAD,86902354,5753.584074373865
680,LOAD,83874606,5961.279865803483
681,LOAD,82336848,6072.615264553241
682,LOAD,84371432,5926.176528567158
683,LOAD,89761476,5570.318384693228
684,LOAD,81468808,6137.318223681387
685,LOAD,89165787,5607.531956175075
686,LOAD,81743829,6116.66967545648
687,LOAD,85548537,5844.635309192956
688,LOAD,83153707,6012.96103371555
689,LOAD,84275478,5932.923928357903
690,LOAD,79335327,6302.362628441678
691,LOAD,94485917,5291.793908292174
692,LOAD,86015924,5812.877159815199
693,LOAD,88295237,5662.8196150603235
694,LOAD,88551902,5646.406104298019
695,LOAD,86001830,5813.829775482684
696,LOAD,86176293,5802.059738169522
697,LOAD,88525152,5648.112301462075
698,LOAD,90442823,5528.354637935174
699,LOAD,83658407,5976.6856426037375
700,LOAD,80407112,6218.355411148208
701,LOAD,91023323,5493.097631691605
702,LOAD,85923000,5819.163669797377
703,LOAD,90185897,5544.104085364922
704,LOAD,84044962,5949.196574090901
705,LOAD,88670988,5638.822925938301
706,LOAD,90048255,5552.578448077645
707,LOAD,87940440,5685.666344175672
708,LOAD,86551171,5776.929349690717
709,LOAD,84453078,5920.447328160141
710,LOAD,85587250,5841.991651793929
711,LOAD,85722228,5832.792866746301
712,LOAD,87233988,5731.710901489451
713,LOAD,84766119,5898.583135556791
714,LOAD,82758811,6041.652773382643
715,LOAD,91324289,5474.994719093844
716,LOAD,83576237,5982.561765732526
717,LOAD,88360216,5658.655248194505
718,LOAD,90440784,5528.479275456081
719,LOAD,87833588,5692.583115242885
720,LOAD,84282251,5932.447153078529
721,LOAD,89002744,5617.804322976829
722,LOAD,89967731,5557.548183581511
723,LOAD,86085286,5808.193516369336
724,LOAD,86736084,5764.613491197043
725,LOAD,88776917,5632.094658119295
726,LOAD,86109231,5806.578391113492
727,LOAD,89640841,5577.814692747026
728,LOAD,87204001,5733.6818754451415
729,LOAD,82177671,6084.377835434153
730,LOAD,89584887,5581.298550948666
731,LOAD,79998844,6250.090313805034
732,LOAD,90939144,5498.182388873157
733,LOAD,86017378,5812.778901491278
734,LOAD,79333263,6302.526595937445
735,LOAD,85760346,5830.20035856665
736,LOAD,82132122,6087.752122123425
737,LOAD,77685176,6436.23437243677
738,LOAD,87834773,5692.5063152380435
739,LOAD,81555641,6130.783767612102
740,LOAD,87901561,5688.1811234273755
741,LOAD,83636773,5978.231608720724
742,LOAD,84751968,5899.568019470651
743,LOAD,82933869,6028.899966068146
744,LOAD,87615930,5706.724793082719
745,LOAD,83845499,5963.349326598915
746,LOAD,84645142,5907.013541308726
747,LOAD,82818556,6037.294347416539
748,LOAD,83767537,5968.89938401794
749,LOAD,80857798,6183.695479810122
750,LOAD,84291456,5931.799303597271
751,LOAD,87877471,5689.740434155189
752,LOAD,84725328,5901.423007769294
753,LOAD,85257287,5864.601344868035
754,LOAD,88820353,5629.3403832790445
755,LOAD,81795129,6112.833442685811
756,LOAD,85305166,5861.309735919159
757,LOAD,83234614,6007.116222104424
758,LOAD,83816268,5965.429050121869
759,LOAD,80798979,6188.197006796337
760,LOAD,86723354,5765.459670759506
761,LOAD,85217564,5867.335048441422
762,LOAD,83020362,6022.618884750225
763,LOAD,79687913,6274.477284905178
764,LOAD,84970529,5884.393164128706
765,LOAD,82200915,6082.657352415116
766,LOAD,82834226,6036.152254262628
767,LOAD,86218580,5799.214044119029
768,LOAD,84720786,5901.739391322455
769,LOAD,81504076,6134.662516755604
770,LOAD,83663351,5976.332456489819
771,LOAD,77940318,6415.16499842867
772,LOAD,83519081,5986.6559115994105
773,LOAD,82564474,6055.873377210639
774,LOAD,86605825,5773.283725430708
775,LOAD,84692494,5903.71090028356
776,LOAD,84547975,5913.802193370096
777,LOAD,91518041,5463.403658301646
778,LOAD,82271984,6077.402971101316
779,LOAD,79948576,6254.020084110066
780,LOAD,80782709,6189.443337434995
781,LOAD,82607638,6052.709072737318
782,LOAD,79132437,6318.521442730243
783,LOAD,83311399,6001.579687792783
784,LOAD,81809539,6111.7567231371395
785,LOAD,82613906,6052.2498476225055
786,LOAD,86903085,5753.535677128149
787,LOAD,92064093,5430.999032380626
788,LOAD,84334782,5928.751911637122
789,LOAD,86841778,5757.59745499453
790,LOAD,88971310,5619.789120785116
791,LOAD,88754381,5633.524727077979
792,LOAD,84092833,5945.809912243057
793,LOAD,89313812,5598.238265767897
794,LOAD,86375570,5788.673811356613
795,LOAD,88496277,5649.955195290306
796,LOAD,85877888,5822.220499880015
797,LOAD,89578851,5581.674629874411
798,LOAD,86737787,5764.500309421082
799,LOAD,86023382,5812.3731987193905
800,LOAD,89202943,5605.1962321467345
801,LOAD,84919835,5887.905929162486
802,LOAD,86175748,5802.096432049537
803,LOAD,88720102,5635.701365627375
804,LOAD,84830068,5894.136498865001
805,LOAD,83798055,5966.725600015418
806,LOAD,86515242,5779.3284563661055
807,LOAD,88718735,5635.788201894447
808,LOAD,87153081,5737.031832529248
809,LOAD,83253130,6005.78020309867
810,LOAD,83663216,5976.342099973781
811,LOAD,84193239,5938.719141093978
812,LOAD,83550792,5984.383726727569
813,LOAD,86733400,5764.791879483567
814,LOAD,83461924,5990.755736711749
815,LOAD,84958777,5885.207128158165
816,LOAD,85274437,5863.421883395138
817,LOAD,85266711,5863.953166904726
818,LOAD,81620172,6125.936612826546
819,LOAD,85537315,5845.402091473177
820,LOAD,84622141,5908.619116597393
821,LOAD,85104009,5875.163883290152
822,LOAD,79592502,6281.998774206143
823,LOAD,91441329,5467.987019305024
824,LOAD,85823561,5825.906011986615
825,LOAD,99902762,5004.866632215834
826,LOAD,91761175,5448.927610179359
827,LOAD,87488769,5715.019261500867
828,LOAD,91920375,5439.490428536655
829,LOAD,89869759,5563.60677455472
830,LOAD,89085619,5612.578164832643
831,LOAD,89803638,5567.703170332587
832,LOAD,84073667,5947.165359160556
833,LOAD,89481518,5587.746063941383
834,LOAD,90578893,5520.049797914841
835,LOAD,92985449,5377.185413171474
836,LOAD,88683921,5638.000602161016
837,LOAD,84378035,5925.71277584267
838,LOAD,88059846,5677.956784071596
839,LOAD,86375660,5788.66777978889
840,LOAD,88381236,5657.309431608312
841,LOAD,90488273,5525.577883445736
842,LOAD,94646093,5282.838246688112
843,LOAD,87739930,5698.659663849743
844,LOAD,86891127,5754.32748156207
845,LOAD,85419812,5853.442992827004
846,LOAD,85664287,5836.738009621208
847,LOAD,84264566,5933.6922236091505
848,LOAD,85997474,5814.124261370747
849,LOAD,86132071,5805.0386365376025
850,LOAD,86418679,5785.786195597829
851,LOAD,86518585,5779.1051483331585
852,LOAD,86872825,5755.539778981517
853,LOAD,90108602,5548.859808079144
854,LOAD,86020747,5812.551244178338
855,LOAD,84053247,5948.610170883702
856,LOAD,84302218,5931.042051586353
857,LOAD,86849622,5757.077445886868
858,LOAD,85032290,5880.119187663886
859,LOAD,88078329,5676.765280140589
860,LOAD,91140464,5486.037464105953
861,LOAD,88249295,5665.767641543199
862,LOAD,87927276,5686.517571634995
863,LOAD,86507535,5779.843339658216
864,LOAD,86890192,5754.3894022008835
865,LOAD,89538296,5584.202763921261
866,LOAD,82048496,6093.956920307229
867,LOAD,85976803,5815.522124031525
868,LOAD,80212366,6233.45283194863
869,LOAD,76556806,6531.097966652371
870,LOAD,86560214,5776.325830248063
871,LOAD,87966001,5684.014213627831
872,LOAD,89030802,5616.033875556911
873,LOAD,89017440,5616.8768726667495
874,LOAD,90510867,5524.198547341282
875,LOAD,87505490,5713.927206167293
876,LOAD,90069116,5551.292409709006
877,LOAD,89224034,5603.871261862023
878,LOAD,90955519,5497.192534298001
879,LOAD,84022998,5950.751721570326
880,LOAD,86875377,5755.370707628699
881,LOAD,83777460,5968.192399244379
882,LOAD,89030820,5616.032740123027
883,LOAD,84195215,5938.579763707475
884,LOAD,89320571,5597.814640034041
885,LOAD,84239578,5935.452335718016
886,LOAD,87853249,5691.309151241521
887,LOAD,89510444,5585.940340101542
888,LOAD,79093078,6321.665721493352
889,LOAD,84465103,5919.6044548717355
890,LOAD,87104271,5740.246652199179
891,LOAD,85194551,5868.919950056431
892,LOAD,85055227,5878.533485073175
893,LOAD,85005385,5881.980300424496
894,LOAD,85690786,5834.9330580303
895,LOAD,88124755,5673.774639146514
896,LOAD,82784848,6039.752588541323
897,LOAD,86012630,5813.099773835541
898,LOAD,86131252,5805.093835162177
899,LOAD,84835512,5893.758264817215
900,LOAD,91881633,5441.78399615514
901,LOAD,85661241,5836.945556275562
902,LOAD,86723369,5765.458673543921
903,LOAD,85269538,5863.7587552075165
904,LOAD,83393844,5995.646393275744
905,LOAD,80077942,6243.916708049265
906,LOAD,85164816,5870.969063092909
907,LOAD,85527545,5846.069824639536
908,LOAD,88935651,5622.042391076668
909,LOAD,88738027,5634.562959124615
910,LOAD,88378573,5657.479896173476
911,LOAD,90115091,5548.46024624222
912,LOAD,92294722,5417.427878486919
913,LOAD,91924424,5439.2508350120315
914,LOAD,86785022,5761.362830558481
915,LOAD,83683047,5974.925841311682
916,LOAD,92846193,5385.250421630104
917,LOAD,90766238,5508.656203201899
918,LOAD,86414871,5786.041154884094
919,LOAD,91135656,5486.326888347629
920,LOAD,91039281,5492.134763234784
921,LOAD,84317066,5929.997611634161
922,LOAD,91331719,5474.549318402734
923,LOAD,89954645,5558.356658513854
924,LOAD,87450119,5717.5451070569725
925,LOAD,83336027,5999.806062268843
926,LOAD,87991787,5682.348512821997
927,LOAD,86509870,5779.687335098296
928,LOAD,87855202,5691.18263480858
929,LOAD,85340923,5858.85390529465
930,LOAD,94077282,5314.779395943859
931,LOAD,83921754,5957.930764888446
932,LOAD,99355402,5032.43900115265
933,LOAD,88544031,5646.908033812014
934,LOAD,85964673,5816.342720224155
935,LOAD,84639772,5907.388313853208
936,LOAD,93141441,5368.179777248669
937,LOAD,91940066,5438.325441271708
938,LOAD,87000221,5747.111837796366
939,LOAD,84392430,5924.702014149847
940,LOAD,98877444,5056.765019128124
941,LOAD,85605272,5840.761769905947
942,LOAD,100229190,4988.566703971168
943,LOAD,85674405,5836.048700892641
944,LOAD,101284555,4936.586827083359
945,LOAD,88837594,5628.247878932876
946,LOAD,92740097,5391.411225286944
947,LOAD,85535209,5845.546013688936
948,LOAD,89993447,5555.960091183084
949,LOAD,84766237,5898.574924353431
950,LOAD,93066098,5372.525664501374
951,LOAD,83714394,5972.688519969457
952,LOAD,88510364,5649.055968180179
953,LOAD,85421046,5853.358433470833
954,LOAD,95820422,5218.094322314715
955,LOAD,82964541,6026.6710810827
956,LOAD,103512472,4830.335807263882
957,LOAD,88108388,5674.828598611973
958,LOAD,89428791,5591.04058557607
959,LOAD,84909153,5888.646657445753
960,LOAD,86587065,5774.534568182904
961,LOAD,85797401,5827.682356019152
962,LOAD,86888229,5754.519406765674
963,LOAD,84146311,5942.03113669475
964,LOAD,96548527,5178.74291339525
965,LOAD,85681672,5835.553722621099
966,LOAD,88437419,5653.715425593775
967,LOAD,84491658,5917.743974203938
968,LOAD,83971015,5954.435587089188
969,LOAD,90216580,5542.218514601196
970,LOAD,98256307,5088.731861253446
971,LOAD,89068446,5613.660307938909
972,LOAD,88505197,5649.38576431845
973,LOAD,83853502,5962.780182991046
974,LOAD,85193972,5868.959836735867
975,LOAD,88963836,5620.261248626914
976,LOAD,85564954,5843.513922767959
977,LOAD,90611821,5518.043832272171
978,LOAD,85937128,5818.207003613154
979,LOAD,89868665,5563.674502119287
980,LOAD,91397548,5470.606279284429
981,LOAD,86675327,5768.654325353742
982,LOAD,88705240,5636.645591624576
983,LOAD,88476978,5651.187589160199
984,LOAD,89509786,5585.9814031954
985,LOAD,81981142,6098.963588479896
986,LOAD,92487846,5406.115739791367
987,LOAD,84372457,5926.104534326883
988,LOAD,89557933,5582.978338725169
989,LOAD,81677204,6121.659110662015
990,LOAD,90588390,5519.471093370795
991,LOAD,86687099,5767.870949286237
992,LOAD,86131485,5805.078131417333
993,LOAD,80335464,6223.901314617415
994,LOAD,84343097,5928.167423114663
995,LOAD,90023258,5554.120247458718
996,LOAD,91889754,5441.303064104405
997,LOAD,91411003,5469.801047911048
998,LOAD,85113266,5874.5248948618655
999,LOAD,82286193,6076.353538436271
1000,LOAD,91171996,5484.140108109512
1001,LOAD,84205497,5937.854627234135
1002,LOAD,89526389,5584.945462281517
1003,LOAD,91950435,5437.7121761305425
1004,LOAD,84328849,5929.169032059242
1005,LOAD,79778475,6267.354696865288
1006,LOAD,88396964,5656.302856736121
1007,LOAD,81364712,6145.170156811961
1008,LOAD,93032975,5374.438471950402
1009,LOAD,94822888,5272.988521505484
1010,LOAD,85294682,5862.030179091353
1011,LOAD,84997249,5882.54332796112
1012,LOAD,94849818,5271.491401280285
1013,LOAD,85333824,5859.341308787474
1014,LOAD,83868050,5961.745861505066
1015,LOAD,89029893,5616.091215565091
1016,LOAD,90711773,5511.963700676427
1017,LOAD,87789335,5695.45264239671
1018,LOAD,92236342,5420.856781158993
1019,LOAD,84592078,5910.718968270291
1020,LOAD,83886369,5960.443942924744
1021,LOAD,91921045,5439.45078083044
1022,LOAD,94124249,5312.127377505026
1023,LOAD,87052641,5743.65113173304
1024,LOAD,85844933,5824.455591339329
1025,LOAD,91391430,5470.972497092998
1026,LOAD,91766681,5448.600674573814
1027,LOAD,90792301,5507.07487851861
1028,LOAD,96069047,5204.589986200238
1029,LOAD,88451300,5652.828166459962
1030,LOAD,87960182,5684.3902392107375
1031,LOAD,85630592,5839.034722544018
1032,LOAD,90664521,5514.836393389207
1033,LOAD,87924577,5686.692129323523
1034,LOAD,89435212,5590.639176882591
1035,LOAD,85466262,5850.2617091174525
1036,LOAD,93994770,5319.444901030132
1037,LOAD,94333682,5300.333766257529
1038,LOAD,88295870,5662.779017863462
1039,LOAD,86202709,5800.28175216628
1040,LOAD,98909004,5055.151500666208
1041,LOAD,84858290,5892.176238762295
1042,LOAD,92068117,5430.761660955876
1043,LOAD,92843102,5385.429711299393
1044,LOAD,84958074,5885.255826303219
1045,LOAD,85589619,5841.829953700343
1046,LOAD,91569884,5460.310509948883
1047,LOAD,86082701,5808.367932135401
1048,LOAD,84936857,5886.725947488262
1049,LOAD,90788097,5507.329887088613
1050,LOAD,93615678,5340.985726771108
1051,LOAD,85575629,5842.784982626304
1052,LOAD,94991152,5263.648134302024
1053,LOAD,86070772,5809.172944330045
1054,LOAD,84460456,5919.930150507357
1055,LOAD,83017185,6022.849365465717
1056,LOAD,94252756,5304.8846656537025
1057,LOAD,84994127,5882.759405246906
1058,LOAD,85453120,5851.161432139634
1059,LOAD,88903088,5624.101606009456
1060,LOAD,85931729,5818.572555429439
1061,LOAD,88150032,5672.147685663914
1062,LOAD,91466421,5466.4869854260505
1063,LOAD,85198400,5868.654810418975
1064,LOAD,88984792,5618.93767195635
1065,LOAD,89263882,5601.369655870445
1066,LOAD,87171931,5735.791260606583
1067,LOAD,87424930,5719.192454600764
1068,LOAD,89963076,5557.835750302714
1069,LOAD,85082767,5876.630693028589
1070,LOAD,90506455,5524.467840442982
1071,LOAD,89573363,5582.016609111796
1072,LOAD,91259762,5478.8659212150915
1073,LOAD,87521050,5712.911351040692
1074,LOAD,84777815,5897.769363364697
1075,LOAD,89134947,5609.472118719047
1076,LOAD,91725136,5451.068505365857
1077,LOAD,85055475,5878.516344773808
1078,LOAD,89039146,5615.507588089401
1079,LOAD,90875437,5502.036815514845
1080,LOAD,87498452,5714.386809951792
1081,LOAD,85501517,5847.849459793795
1082,LOAD,93498460,5347.681662350375
1083,LOAD,87357809,5723.586771733252
1084,LOAD,92394260,5411.591585884232
1085,LOAD,87737058,5698.846204758769
1086,LOAD,86853232,5756.838156581208
1087,LOAD,88053465,5678.368250471461
1088,LOAD,85897674,5820.879387257914
1089,LOAD,95223566,5250.801046455244
1090,LOAD,89834959,5565.761988047437
1091,LOAD,91708512,5452.056620436716
1092,LOAD,89314028,5598.224726803274
1093,LOAD,90018851,5554.392157260483
1094,LOAD,83028028,6022.062814740102
1095,LOAD,85612032,5840.300578311236
1096,LOAD,91650195,5455.525762929365
1097,LOAD,87886018,5689.187101411285
1098,LOAD,82811387,6037.816997317048
1099,LOAD,89204676,5605.087338695115
1100,LOAD,89939911,5559.267231207289
1101,LOAD,89747218,5571.203332453158
1102,LOAD,86317481,5792.569410129102
1103,LOAD,83024447,6022.322557595596
1104,LOAD,77938978,6415.275293961386
1105,LOAD,87208405,5733.392326118107
1106,LOAD,84169217,5940.414058978355
1107,LOAD,92741779,5391.313444612702
1108,LOAD,85967571,5816.146649066077
1109,LOAD,95581771,5231.1229931071275
1110,LOAD,83677224,5975.341629402046
1111,LOAD,80834623,6185.468323394049
1112,LOAD,90768569,5508.514737078206
1113,LOAD,86000822,5813.897918324548
1114,LOAD,86953988,5750.1675483820245
1115,LOAD,86922861,5752.226678318837
1116,LOAD,88477437,5651.1582721366585
1117,LOAD,87836946,5692.365488208117
1118,LOAD,88467516,5651.792009170914
1119,LOAD,89256732,5601.818359202307
1120,LOAD,80575752,6205.3407829194075
1121,LOAD,92810745,5387.307256288052
1122,LOAD,88940460,5621.738407919186
1123,LOAD,81079791,6166.764786061178
1124,LOAD,81027020,6170.781055504694
1125,LOAD,83762630,5969.2490553364905
1126,LOAD,86168116,5802.610329788341
1127,LOAD,87814026,5693.851230553989
1128,LOAD,82827555,6036.638410973256
1129,LOAD,86130867,5805.11978359628
1130,LOAD,90526626,5523.2368872335965
1131,LOAD,86475118,5782.01003437775
1132,LOAD,86978799,5748.527293415491
1133,LOAD,80581121,6204.927330311029
1134,LOAD,90183257,5544.266381951586
1135,LOAD,94233258,5305.982310406799
1136,LOAD,87251784,5730.541853447948
1137,LOAD,85264773,5864.08644986365
1138,LOAD,91304250,5476.196343543701
1139,LOAD,93132643,5368.686895313386
1140,LOAD,87349110,5724.15677732721
1141,LOAD,94050582,5316.288207551975
1142,LOAD,88013991,5680.914980892072
1143,LOAD,86256193,5796.685230473829
1144,LOAD,84666884,5905.496652032216
1145,LOAD,86563265,5776.122238457618
1146,LOAD,90486761,5525.670213789617
1147,LOAD,81188100,6158.538012344174
1148,LOAD,85710623,5833.582612040983
1149,LOAD,83528570,5985.975816418263
1150,LOAD,84311247,5930.406888656266
1151,LOAD,81562089,6130.2990903040745
1152,LOAD,89435982,5590.591044217528
1153,LOAD,84961470,5885.020586390513
1154,LOAD,84813905,5895.259745439147
1155,LOAD,85040265,5879.5677553450705
1156,LOAD,83905252,5959.102536275083
1157,LOAD,86588919,5774.410926645244
1158,LOAD,84416553,5923.008962472088
1159,LOAD,89584137,5581.345277680132
1160,LOAD,83853789,5962.759774635825
1161,LOAD,84815835,5895.125597714153
1162,LOAD,80719603,6194.282199331431
1163,LOAD,83555760,5984.027911421068
1164,LOAD,88007738,5681.318613142857
1165,LOAD,83569913,5983.014485129354
1166,LOAD,87002792,5746.942006182973
1167,LOAD,84362010,5926.838395623812
1168,LOAD,85083181,5876.602098363012
1169,LOAD,93476160,5348.957424010571
1170,LOAD,90412699,5530.196593290507
1171,LOAD,93966149,5321.065142299276
1172,LOAD,83895894,5959.76723247028
1173,LOAD,88563078,5645.693569954739
1174,LOAD,87096396,5740.765668420999
1175,LOAD,90086707,5550.208423091766
1176,LOAD,91411569,5469.767180125745
1177,LOAD,85856044,5823.701823484902
1178,LOAD,85814500,5826.52115901159
1179,LOAD,89481333,5587.757616440515
1180,LOAD,85203448,5868.307113580661
1181,LOAD,86810900,5759.645390152619
1182,LOAD,87783142,5695.85445004919
1183,LOAD,88763426,5632.9506704709665
1184,LOAD,82469030,6062.882029775298
1185,LOAD,87068981,5742.573236271135
1186,LOAD,92134350,5426.857626932843
1187,LOAD,93348652,5356.263741226815
1188,LOAD,90327181,5535.432352306002
1189,LOAD,86736290,5764.599800152854
1190,LOAD,88664747,5639.21983559035
1191,LOAD,97081736,5150.299331276894
1192,LOAD,87151234,5737.153417701464
1193,LOAD,89764062,5570.157910189047
1194,LOAD,88401279,5656.026764047158
1195,LOAD,90638680,5516.408667910874
1196,LOAD,86907364,5753.2523941239315
1197,LOAD,86055143,5810.227983701102
1198,LOAD,92442076,5408.79242045581
1199,LOAD,89633560,5578.267782736734
1200,LOAD,89234863,5603.191210143955
1201,LOAD,101521666,4925.057080919062
1202,LOAD,87223657,5732.389780446834
1203,LOAD,89080504,5612.900438910853
1204,LOAD,87289629,5728.057338862101
1205,LOAD,92860249,5384.435271113693
1206,LOAD,89073727,5613.327485443604
1207,LOAD,87659973,5703.8575633601895
1208,LOAD,90867323,5502.528120037166
1209,LOAD,88087552,5676.170907780477
1210,LOAD,92084439,5429.799056494225
1211,LOAD,88480964,5650.933007465877
1212,LOAD,91213927,5481.619051441563
1213,LOAD,95033622,5261.295839066304
1214,LOAD,87343228,5724.542262165992
1215,LOAD,90308198,5536.595913473991
1216,LOAD,93050069,5373.451147037838
1217,LOAD,87580104,5709.059217376585
1218,LOAD,90333390,5535.05187838074
1219,LOAD,87699937,5701.258371485489
1220,LOAD,86970274,5749.090775544757
1221,LOAD,91619847,5457.332841867767
1222,LOAD,86393368,5787.481279813052
1223,LOAD,88549362,5646.568069005399
1224,LOAD,89027499,5616.242235446825
1225,LOAD,85756989,5830.4285846603125
1226,LOAD,94048907,5316.382890021252
1227,LOAD,86232995,5798.244627824883
1228,LOAD,87313202,5726.510866020009
1229,LOAD,88496242,5649.957429830749
1230,LOAD,87455211,5717.212208201064
1231,LOAD,89474880,5588.160609994671
1232,LOAD,91965903,5436.797592255469
1233,LOAD,86460586,5782.981854876626
1234,LOAD,94658348,5282.1543008546905
1235,LOAD,86824529,5758.741288420926
1236,LOAD,80435851,6216.133649160994
1237,LOAD,89779978,5569.17044466195
1238,LOAD,91291328,5476.971481891467
1239,LOAD,86399022,5787.102543822776
1240,LOAD,86929801,5751.767451992671
1241,LOAD,88588789,5644.055028227104
1242,LOAD,83660978,5976.501972042449
1243,LOAD,88902382,5624.146268656783
1244,LOAD,87760720,5697.309684788365
1245,LOAD,86433230,5784.812160785846
1246,LOAD,90408885,5530.42989082323
1247,LOAD,87763996,5697.097019146667
1248,LOAD,87176278,5735.5052483429035
1249,LOAD,88965454,5620.159033864988
1250,LOAD,91844945,5443.9577485728805
1251,LOAD,84634618,5907.748056474952
1252,LOAD,84481300,5918.469531127006
1253,LOAD,91389373,5471.09563822043
1254,LOAD,89593676,5580.751034258266
1255,LOAD,87033412,5744.920123319996
1256,LOAD,91680870,5453.700428453612
1257,LOAD,92302113,5416.994083331549
1258,LOAD,83953924,5955.64776698228
1259,LOAD,84890695,5889.927040884752
1260,LOAD,92117452,5427.853128199855
1261,LOAD,89557428,5583.00982024629
1262,LOAD,84575777,5911.858190791437
1263,LOAD,89353223,5595.769052449289
1264,LOAD,89808849,5567.380114180062
1265,LOAD,85890391,5821.372963594961
1266,LOAD,89879338,5563.0138263813205
1267,LOAD,87695573,5701.542083543944
1268,LOAD,84926079,5887.473034048822
1269,LOAD,91635108,5456.423972349113
1270,LOAD,94308437,5301.752588689387
1271,LOAD,89654482,5576.966023851434
1272,LOAD,88693767,5637.374721044377
1273,LOAD,88834419,5628.449036178196
1274,LOAD,85033618,5880.027355768868
1275,LOAD,101889202,4907.291353601925
1276,LOAD,90227574,5541.543209396276
1277,LOAD,91153631,5485.245014540343
1278,LOAD,93447307,5350.608980096131
1279,LOAD,94797963,5274.374935672405
1280,LOAD,87407824,5720.311719463466
1281,LOAD,98305895,5086.164975152304
1282,LOAD,91521771,5463.180995481392
1283,LOAD,92075890,5430.303198806984
1284,LOAD,88233197,5666.80135142332
1285,LOAD,93858129,5327.189081299501
1286,LOAD,88861134,5626.756912645296
1287,LOAD,92848919,5385.092313244918
1288,LOAD,98739414,5063.833982243403
1289,LOAD,97514698,5127.432174378471
1290,LOAD,96102865,5202.758523380131
1291,LOAD,93592341,5342.317487282427
1292,LOAD,87944409,5685.409745604181
1293,LOAD,87217845,5732.771773941446
1294,LOAD,93958222,5321.514066113341
1295,LOAD,90249243,5540.212675246484
1296,LOAD,89335450,5596.8823126765465
1297,LOAD,90528452,5523.125481036614
1298,LOAD,86092128,5807.731921784997
1299,LOAD,95158092,5254.413886314576
1300,LOAD,86637852,5771.149543273534
1301,LOAD,86857746,5756.538973507326
1302,LOAD,84635983,5907.652776951855
1303,LOAD,95418502,5240.073880011237
1304,LOAD,86693059,5767.474417992333
1305,LOAD,93782980,5331.457797566253
1306,LOAD,91275736,5477.907074887898
1307,LOAD,87050256,5743.808496094486
1308,LOAD,85406383,5854.363367665388
1309,LOAD,94286335,5302.9953916439745
1310,LOAD,89356170,5595.584501887222
1311,LOAD,86268109,5795.884548715448
1312,LOAD,89478395,5587.94108901931
1313,LOAD,89168297,5607.374109656933
1314,LOAD,91856717,5443.26007209685
1315,LOAD,100080642,4995.971148946067
1316,LOAD,94204345,5307.610811369687
1317,LOAD,91795017,5446.918758128232
1318,LOAD,90611049,5518.090845631861
1319,LOAD,90173476,5544.867761335939
1320,LOAD,93465153,5349.587348345752
1321,LOAD,87982660,5682.937978915391
1322,LOAD,87122814,5739.024912579155
1323,LOAD,93215009,5363.943053419649
1324,LOAD,88280441,5663.768716334346
1325,LOAD,90812662,5505.840143745593
1326,LOAD,89113544,5610.819383414939
1327,LOAD,90856472,5503.185287669986
1328,LOAD,93302148,5358.933429914176
1329,LOAD,90444614,5528.245164493709
1330,LOAD,85165061,5870.952173685404
1331,LOAD,90523386,5523.434574133142
1332,LOAD,92815763,5387.015996410007
1333,LOAD,87072740,5742.325324780179
1334,LOAD,86641701,5770.89316378957
1335,LOAD,91399344,5470.498781698039
1336,LOAD,90012317,5554.795350951803
1337,LOAD,83450813,5991.553371684947
1338,LOAD,97315562,5137.924394867082
1339,LOAD,94083532,5314.426333399133
1340,LOAD,87287497,5728.197246851974
1341,LOAD,92020432,5433.5758823649085
1342,LOAD,86857472,5756.557133046654
1343,LOAD,89067353,5613.72919660024
1344,LOAD,85633170,5838.858937488826
1345,LOAD,95841498,5216.946838623077
1346,LOAD,91573688,5460.0836869210725
1347,LOAD,90075530,5550.8971193397365
1348,LOAD,82522777,6058.9332809292155
1349,LOAD,99975187,5001.240957918888
1350,LOAD,90108765,5548.849770607776
1351,LOAD,92326691,5415.552042258289
1352,LOAD,87992019,5682.333530726235
1353,LOAD,91376171,5471.886100370742
1354,LOAD,85991894,5814.50153894738
1355,LOAD,93797404,5330.637935352666
1356,LOAD,86715131,5766.006396277024
1357,LOAD,86767114,5762.551927219799
1358,LOAD,88052092,5678.456793508097
1359,LOAD,92363137,5413.415094379048
1360,LOAD,86082135,5808.406122826763
1361,LOAD,92784775,5388.815136966167
1362,LOAD,85681121,5835.591250025778
1363,LOAD,94602430,5285.276498711502
1364,LOAD,84803571,5895.978130449247
1365,LOAD,91268885,5478.318268049402
1366,LOAD,88681236,5638.171303791932
1367,LOAD,94582667,5286.380854538601
1368,LOAD,87725442,5699.600806799013
1369,LOAD,94790944,5274.7654881462095
1370,LOAD,88921010,5622.968070200732
1371,LOAD,89402126,5592.70816445685
1372,LOAD,86399857,5787.046615135023
1373,LOAD,90314568,5536.205410405108
1374,LOAD,93123764,5369.198779379235
1375,LOAD,91741653,5450.087104927137
1376,LOAD,86160754,5803.1061334491105
1377,LOAD,89452329,5589.5693895236645
1378,LOAD,88056122,5678.196911737721
1379,LOAD,86848537,5757.149369136753
1380,LOAD,80741922,6192.569951455949
1381,LOAD,89243545,5602.646107345915
1382,LOAD,88499708,5649.736155061664
1383,LOAD,87571629,5709.611728245914
1384,LOAD,95116190,5256.7286389414885
1385,LOAD,90088346,5550.107446750105
1386,LOAD,87101737,5740.413649844893
1387,LOAD,90049125,5552.524802434227
1388,LOAD,91390701,5471.016137626519
1389,LOAD,88010227,5681.157940883393
1390,LOAD,87757248,5697.535091346529
1391,LOAD,85717231,5833.132897165099
1392,LOAD,88751835,5633.6863344853655
1393,LOAD,85803178,5827.289986858063
1394,LOAD,85478594,5849.4176916386805
1395,LOAD,86518660,5779.100138629054
1396,LOAD,85494474,5848.331203254143
1397,LOAD,94066850,5315.368804206795
1398,LOAD,89039399,5615.491631968451
1399,LOAD,90167752,5545.219758833513
1400,LOAD,85132473,5873.199525168264
1401,LOAD,93460183,5349.8718272357755
1402,LOAD,81907992,6104.410421879223
1403,LOAD,89817344,5566.853546682476
1404,LOAD,89678658,5575.462558772902
1405,LOAD,87832532,5692.651556487066
1406,LOAD,91276040,5477.888830409382
1407,LOAD,93261625,5361.2619338339855
1408,LOAD,89060758,5614.144896453722
1409,LOAD,95076521,5258.921916168977
1410,LOAD,92601027,5399.508150163389
1411,LOAD,96023045,5207.0833621241645
1412,LOAD,86304277,5793.455636039915
1413,LOAD,91512215,5463.751478422853
1414,LOAD,91010292,5493.884142246242
1415,LOAD,93227665,5363.2148783303755
1416,LOAD,92554475,5402.223933526715
1417,LOAD,95575371,5231.4732840534825
1418,LOAD,93981663,5320.186768774244
1419,LOAD,91374767,5471.970177499878
1420,LOAD,93752335,5333.200501086187
1421,LOAD,87884493,5689.285822016404
1422,LOAD,91381895,5471.5433511200445
1423,LOAD,96319919,5191.034265716108
1424,LOAD,88697811,5637.117696174035
1425,LOAD,89256247,5601.848798325567
1426,LOAD,93237810,5362.631318775077
1427,LOAD,90561964,5521.08167618803
1428,LOAD,90193763,5543.620571635313
1429,LOAD,99927022,5003.651564838988
1430,LOAD,89609508,5579.7650401115925
1431,LOAD,89572879,5582.046771099096
1432,LOAD,96079967,5203.998456827113
1433,LOAD,92178798,5424.240832474296
1434,LOAD,91044414,5491.825121747722
1435,LOAD,90080367,5550.599055618856
1436,LOAD,89426120,5591.207580067211
1437,LOAD,88727285,5635.245122174087
1438,LOAD,84764458,5898.698721107849
1439,LOAD,98377893,5082.442658128488
1440,LOAD,86102097,5807.059495891256
1441,LOAD,111230973,4495.150824581926
1442,LOAD,98633221,5069.285935617981
1443,LOAD,93429183,5351.646925993135
1444,LOAD,91980705,5435.922675304565
1445,LOAD,88726468,5635.297011935604
1446,LOAD,87050021,5743.824002064284
1447,LOAD,94267962,5304.028955245686
1448,LOAD,91799200,5446.670559220559
1449,LOAD,94985005,5263.988773806982
1450,LOAD,94167404,5309.692937908748
1451,LOAD,95266411,5248.439557568721
1452,LOAD,90242754,5540.611050057271
1453,LOAD,92323251,5415.7538278196025
1454,LOAD,93423392,5351.978656480382
1455,LOAD,89554082,5583.218417670788
1456,LOAD,94083840,5314.408935689699
1457,LOAD,93075997,5371.954275171503
1458,LOAD,90646707,5515.920175677204
1459,LOAD,89468274,5588.573218703202
1460,LOAD,98590440,5071.485632886921
1461,LOAD,84340504,5928.349681192324
1462,LOAD,93069881,5372.307288111822
1463,LOAD,94224947,5306.4503183005245
1464,LOAD,91776658,5448.008359598363
1465,LOAD,87825524,5693.105799175192
1466,LOAD,91461094,5466.805371910377
1467,LOAD,84997209,5882.546096307704
1468,LOAD,86032880,5811.731514741806
1469,LOAD,99222672,5039.1708862668
1470,LOAD,93812752,5329.765829702981
1471,LOAD,87410457,5720.139410780108
1472,LOAD,88888984,5624.99398125644
1473,LOAD,87606464,5707.3414126153975
1474,LOAD,111176662,4497.346754303524
1475,LOAD,88310876,5661.81678460533
1476,LOAD,91632534,5456.577245806604
1477,LOAD,91162259,5484.7258666549715
1478,LOAD,95286123,5247.35380407911
1479,LOAD,92850400,5385.006418927651
1480,LOAD,92260073,5419.4624363672465
1481,LOAD,115248389,4338.45543819272
1482,LOAD,89365306,5595.01245371442
1483,LOAD,86502573,5780.174885664962
1484,LOAD,89557027,5583.034818697141
1485,LOAD,91719998,5451.3738650539435
1486,LOAD,92271567,5418.787349736891
1487,LOAD,84687898,5904.031293821934
1488,LOAD,91261755,5478.746272192552
1489,LOAD,83359557,5998.112489969207
1490,LOAD,87391894,5721.354431338907
1491,LOAD,89637516,5578.021595332918
1492,LOAD,92810386,5387.328094939719
1493,LOAD,89347200,5596.146269832742
1494,LOAD,88104978,5675.048236207494
1495,LOAD,93934658,5322.848995734887
1496,LOAD,88349805,5659.322055096783
1497,LOAD,111348512,4490.4057631232645
1498,LOAD,87865229,5690.5331687008975
1499,LOAD,87462919,5716.708357286818
1500,LOAD,89967899,5557.537805790041
1501,LOAD,88701492,5636.883762902206
1502,LOAD,94312127,5301.545155481437
1503,LOAD,93076025,5371.952659129996
1504,LOAD,96670397,5172.214199141025
1505,LOAD,89038649,5615.538932986281
1506,LOAD,88018679,5680.612407282322
1507,LOAD,87292770,5727.851229832665
1508,LOAD,89819301,5566.732255019442
1509,LOAD,89315233,5598.149198132865
1510,LOAD,89705312,5573.805930244131
1511,LOAD,85737926,5831.724924160167
1512,LOAD,91190667,5483.01724780673
1513,LOAD,92003390,5434.5823561501375
1514,LOAD,94044475,5316.633433277181
1515,LOAD,91385528,5471.325831810043
1516,LOAD,89886385,5562.5776918272995
1517,LOAD,91676542,5453.957894703315
1518,LOAD,94661017,5282.005368693641
1519,LOAD,91061998,5490.764654647704
1520,LOAD,92969108,5378.130550634089
1521,LOAD,82936766,6028.689375228351
1522,LOAD,87185253,5734.9148255611535
1523,LOAD,89225124,5603.802803344941
1524,LOAD,85002464,5882.182427088232
1525,LOAD,85799969,5827.507933015687
1526,LOAD,89068701,5613.644236262074
1527,LOAD,89871539,5563.496581492835
1528,LOAD,94965110,5265.091568893038
1529,LOAD,90285178,5538.007578608307
1530,LOAD,91051131,5491.4199802746
1531,LOAD,82826365,6036.725141807201
1532,LOAD,86156679,5803.380606162872
1533,LOAD,90893265,5500.957634209752
1534,LOAD,92431367,5409.419077400424
1535,LOAD,84456155,5920.231627878395
1536,LOAD,91416216,5469.489133087723
1537,LOAD,83963832,5954.944981548722
1538,LOAD,89803940,5567.684446807122
1539,LOAD,84359599,5927.007784852083
1540,LOAD,89637638,5578.014003447971
1541,LOAD,86733525,5764.783571289187
1542,LOAD,94706296,5279.480046395226
1543,LOAD,94304606,5301.967965382306
1544,LOAD,93539158,5345.354936806251
1545,LOAD,86032666,5811.745971001294
1546,LOAD,94259362,5304.512882232324
1547,LOAD,86045079,5810.907559280642
1548,LOAD,91795237,5446.905703832977
1549,LOAD,88102416,5675.213265434173
1550,LOAD,94343869,5299.7614503174555
1551,LOAD,88717436,5635.870721060965
1552,LOAD,93038619,5374.1124424901445
1553,LOAD,90197764,5543.374667247848
1554,LOAD,95402306,5240.963462665148
1555,LOAD,88350338,5659.287913533505
1556,LOAD,96396027,5186.9357644791735
1557,LOAD,104428340,4787.972307134251
1558,LOAD,98657550,5068.035847231155
1559,LOAD,92169615,5424.781257901533
1560,LOAD,93986212,5319.929267922831
1561,LOAD,94587870,5286.090066305542
1562,LOAD,87827379,5692.985555221909
1563,LOAD,91353716,5473.231105344417
1564,LOAD,87715318,5700.258648096105
1565,LOAD,87970703,5683.710405269809
1566,LOAD,88223289,5667.437766914358
1567,LOAD,98279769,5087.517045344297
1568,LOAD,92930789,5380.348164266635
1569,LOAD,94984828,5263.998583015805
1570,LOAD,90355798,5533.679200088521
1571,LOAD,90998684,5494.584954657146
1572,LOAD,85419816,5853.442718724657
1573,LOAD,91833734,5444.622343244803
1574,LOAD,86691718,5767.563632779777
1575,LOAD,89581972,5581.480166567443
1576,LOAD,92168072,5424.872075006625
1577,LOAD,93875674,5326.193450286173
1578,LOAD,90607055,5518.334085574242
1579,LOAD,99053425,5047.781033316112
1580,LOAD,94221950,5306.6191052085
1581,LOAD,95558335,5232.405943448051
1582,LOAD,88962754,5620.329604454467
1583,LOAD,89014569,5617.058034623523
1584,LOAD,85916945,5819.573775580591
1585,LOAD,97335546,5136.869525548252
1586,LOAD,86676913,5768.548771458901
1587,LOAD,98584103,5071.811628696363
1588,LOAD,92951346,5379.158253394201
1589,LOAD,94934001,5266.816891031486
1590,LOAD,92273506,5418.673481421633
1591,LOAD,92027533,5433.156618465476
1592,LOAD,89345263,5596.267593951791
1593,LOAD,90581412,5519.896289538962
1594,LOAD,93421464,5352.08910877269
1595,LOAD,88267712,5664.585482854705
1596,LOAD,93136341,5368.4737303562315
1597,LOAD,90606833,5518.347606300289
1598,LOAD,91110773,5487.825243234409
1599,LOAD,92433133,5409.315726645336
1600,LOAD,92509083,5404.874675927768
1601,LOAD,91641725,5456.029990705652
1602,LOAD,90325312,5535.546890776309
1603,LOAD,87988383,5682.568345414417
1604,LOAD,95562668,5232.168695834235
1605,LOAD,94635035,5283.455540540562
1606,LOAD,90510014,5524.250609440852
1607,LOAD,87519537,5713.010113387597
1608,LOAD,91563736,5460.677139692072
1609,LOAD,89975990,5557.038049817513
1610,LOAD,87140201,5737.879810490683
1611,LOAD,91713153,5451.780727678177
1612,LOAD,90347988,5534.157550913032
1613,LOAD,91604224,5458.263584002415
1614,LOAD,87403924,5720.566962188105
1615,LOAD,87303956,5727.11733704255
1616,LOAD,87502377,5714.130485849545
1617,LOAD,89718057,5573.0141369423545
1618,LOAD,87128106,5738.676334821281
1619,LOAD,91155883,5485.109501928691
1620,LOAD,91559235,5460.9455834793725
1621,LOAD,93533097,5345.701318967338
1622,LOAD,91359867,5472.862608261022
1623,LOAD,90288644,5537.794985601955
1624,LOAD,85855091,5823.766467151028
1625,LOAD,87609112,5707.168907270741
1626,LOAD,88178064,5670.344497470482
1627,LOAD,91067413,5490.438165845339
1628,LOAD,89463729,5588.857133375248
1629,LOAD,91249587,5479.47685505689
1630,LOAD,92968523,5378.164392264251
1631,LOAD,96987064,5155.326693877443
1632,LOAD,97078249,5150.484327338866
1633,LOAD,96759968,5167.426264547752
1634,LOAD,95137961,5255.525709658629
1635,LOAD,94162492,5309.969918808011
1636,LOAD,99761339,5011.961597668612
1637,LOAD,92110668,5428.25289248798
1638,LOAD,91885712,5441.542423918966
1639,LOAD,96747883,5168.071739616256
1640,LOAD,107504538,4650.966455016067
1641,LOAD,93656676,5338.647722240324
1642,LOAD,101070069,4947.063012294965
1643,LOAD,98182120,5092.5769376338585
1644,LOAD,99714651,5014.308278529702
1645,LOAD,96759271,5167.463487814
1646,LOAD,97549726,5125.591024212616
1647,LOAD,100802635,4960.187796678133
1648,LOAD,97095487,5149.569928002936
1649,LOAD,98060877,5098.87342737104
1650,LOAD,95731985,5222.914786526155
1651,LOAD,97234882,5142.187553639444
1652,LOAD,96115121,5202.095100103968
1653,LOAD,98754890,5063.040422605908
1654,LOAD,96266314,5193.924844780076
1655,LOAD,94084326,5314.381483691556
1656,LOAD,100774975,4961.549233825163
1657,LOAD,99191251,5040.767153949898
1658,LOAD,93411394,5352.666078401528
1659,LOAD,95715695,5223.803682353245
1660,LOAD,94834973,5272.316574603759
1661,LOAD,93702650,5336.028383402177
1662,LOAD,96191628,5197.957560298283
1663,LOAD,95691526,5225.123068891178
1664,LOAD,97849108,5109.908615620696
1665,LOAD,96935346,5158.077219840944
1666,LOAD,97725249,5116.385019392481
1667,LOAD,94489451,5291.595989905794
1668,LOAD,95348183,5243.93841883699
1669,LOAD,97117083,5148.424814200814
1670,LOAD,98346579,5084.060931087394
1671,LOAD,95212553,5251.408393597008
1672,LOAD,97200752,5143.9931246622455
1673,LOAD,98152459,5094.115879460544
1674,LOAD,94236256,5305.813507701325
1675,LOAD,95777983,5220.406447690593
1676,LOAD,96735236,5168.74740451349
1677,LOAD,94940190,5266.47355561433
1678,LOAD,101978404,4902.998874153786
1679,LOAD,92653264,5396.4639605141165
1680,LOAD,96015684,5207.482560869951
1681,LOAD,99686497,5015.724446611862
1682,LOAD,93708682,5335.684904841582
1683,LOAD,98302476,5086.341874033773
1684,LOAD,93458013,5349.996045817922
1685,LOAD,94972070,5264.705718217998
1686,LOAD,97955035,5104.382842597116
1687,LOAD,99224433,5039.081452851437
1688,LOAD,90901989,5500.429699068521
1689,LOAD,98335121,5084.653325438019
1690,LOAD,96920266,5158.879774432315
1691,LOAD,99898136,5005.098393427481
1692,LOAD,99718710,5014.104173630004
1693,LOAD,98528409,5074.678512265432
1694,LOAD,95041215,5260.875505432038
1695,LOAD,95729789,5223.0345979348185
1696,LOAD,100525560,4973.8593846182
1697,LOAD,98541780,5073.989936045401
1698,LOAD,99706262,5014.730168101177
1699,LOAD,103332883,4838.730764920205
1700,LOAD,105918011,4720.632452208718
1701,LOAD,100332180,4983.445989113363
1702,LOAD,98316139,5085.635024784689
1703,LOAD,100102797,4994.865428185788
1704,LOAD,94214159,5307.0579338292455
1705,LOAD,99654601,5017.32980698001
1706,LOAD,102061930,4898.986331142279
1707,LOAD,99485034,5025.881581344184
1708,LOAD,104328640,4792.547856465875
1709,LOAD,96835638,5163.388297188686
1710,LOAD,100714246,4964.540964740976
1711,LOAD,95877196,5215.00441043353
1712,LOAD,95761211,5221.320770473548
1713,LOAD,97427726,5132.0093419813575
1714,LOAD,94251166,5304.9741580915825
1715,LOAD,97921246,5106.144176310829
1716,LOAD,95849035,5216.536608845358
1717,LOAD,96763845,5167.219223254306
1718,LOAD,95693561,5225.011952476092
1719,LOAD,96539083,5179.249527364995
1720,LOAD,96581079,5176.99745309327
1721,LOAD,96420105,5185.640484419718
1722,LOAD,95784374,5220.058127644077
1723,LOAD,98225211,5090.342844873095
1724,LOAD,94439085,5294.418089713597
1725,LOAD,96332601,5190.350876127595
1726,LOAD,95604756,5229.865342682325
1727,LOAD,98777692,5061.871662277754
1728,LOAD,93739765,5333.9156546850745
1729,LOAD,94877265,5269.966413977047
1730,LOAD,96370644,5188.301948049657
1731,LOAD,96306679,5191.747916050557
1732,LOAD,94634123,5283.50645781332
1733,LOAD,96769435,5166.920732770631
1734,LOAD,96003301,5208.154248779425
1735,LOAD,96422285,5185.523242889338
1736,LOAD,94338670,5300.053519940445
1737,LOAD,102469735,4879.489539033159
1738,LOAD,93588464,5342.53879837156
1739,LOAD,100836432,4958.525307599142
1740,LOAD,112086637,4460.835059222983
1741,LOAD,98247048,5089.21143360969
1742,LOAD,104072988,4804.32059853994
1743,LOAD,102576526,4874.40957008039
1744,LOAD,94438103,5294.473142900805
1745,LOAD,96490131,5181.877097876465
1746,LOAD,96510601,5180.778016292738
1747,LOAD,97732949,5115.981919260413
1748,LOAD,94494369,5291.320586520875
1749,LOAD,106542670,4692.955414013934
1750,LOAD,100131864,4993.415482608014
1751,LOAD,99867226,5006.647526186419
1752,LOAD,103654495,4823.717485671992
1753,LOAD,101758230,4913.6074792181425
1754,LOAD,97978185,5103.176793895498
1755,LOAD,98026143,5100.680131829731
1756,LOAD,101363687,4932.732961854475
1757,LOAD,98286420,5087.172775241992
1758,LOAD,97528854,5126.687944062174
1759,LOAD,95468941,5237.305397574274
1760,LOAD,97590910,5123.42799139797
1761,LOAD,95499702,5235.618431563274
1762,LOAD,95147160,5255.0175959009175
1763,LOAD,96903911,5159.750466624613
1764,LOAD,99369821,5031.708772022444
1765,LOAD,94824435,5272.902496070765
1766,LOAD,99363344,5032.036763980085
1767,LOAD,96693184,5170.995299937585
1768,LOAD,100025120,4998.7443154279645
1769,LOAD,96548650,5178.736315836628
1770,LOAD,98674334,5067.173800230565
1771,LOAD,96071653,5204.4488086407755
1772,LOAD,95046953,5260.557905522757
1773,LOAD,97060030,5151.4511174167155
1774,LOAD,95909278,5213.259972617039
1775,LOAD,96041602,5206.077258061564
1776,LOAD,96813749,5164.555707888143
1777,LOAD,99697999,5015.1457904385825
1778,LOAD,94540538,5288.736562933458
1779,LOAD,95553565,5232.667143292874
1780,LOAD,99643543,5017.886608066516
1781,LOAD,99837669,5008.129747099764
1782,LOAD,95589882,5230.679121457646
1783,LOAD,97332396,5137.035771728048
1784,LOAD,99972282,5001.386284250269
1785,LOAD,98367322,5082.988840541984
1786,LOAD,97480885,5129.2107165420175
1787,LOAD,95876898,5215.020619461427
1788,LOAD,96646828,5173.475532999387
1789,LOAD,93216065,5363.8822878867495
1790,LOAD,98783156,5061.591674596832
1791,LOAD,96196152,5197.713106029439
1792,LOAD,96105511,5202.615279783487
1793,LOAD,97410119,5132.936959044266
1794,LOAD,98050523,5099.411861372733
1795,LOAD,92223647,5421.6029864878365
1796,LOAD,96622226,5174.792805953363
1797,LOAD,100475930,4976.316218222613
1798,LOAD,99821603,5008.935791183398
1799,LOAD,100432279,4978.479080415968
1800,LOAD,101333058,4934.223933121608
1801,LOAD,96940733,5157.7905853053535
1802,LOAD,101256721,4937.943823008055
1803,LOAD,93827314,5328.9386499969505
1804,LOAD,101156491,4942.8365402671
1805,LOAD,99432218,5028.551208623346
1806,LOAD,99099628,5045.427617548676
1807,LOAD,99463334,5026.978082194591
1808,LOAD,97522655,5127.0138205322655
1809,LOAD,98890582,5056.093208147971
1810,LOAD,101833045,4909.997535672237
1811,LOAD,96996449,5154.827884472348
1812,LOAD,97676096,5118.959709446209
1813,LOAD,95479701,5236.715184099707
1814,LOAD,104541507,4782.789289616802
1815,LOAD,94522146,5289.765638626105
1816,LOAD,98677167,5067.028322772988
1817,LOAD,98086422,5097.54550940802
1818,LOAD,98579115,5072.068257054245
1819,LOAD,103154478,4847.099318364056
1820,LOAD,100596548,4970.349479586516
1821,LOAD,110009297,4545.070404367732
1822,LOAD,95466141,5237.459006539292
1823,LOAD,94792106,5274.700827936031
1824,LOAD,95408112,5240.644527165573
1825,LOAD,95154038,5254.6377485314915
1826,LOAD,96645016,5173.572530631068
1827,LOAD,97816064,5111.634833313268
1828,LOAD,95903447,5213.576942651498
1829,LOAD,95817048,5218.27806675906
1830,LOAD,98674554,5067.162502705612
1831,LOAD,95925971,5212.3527631531615
1832,LOAD,95143427,5255.223779147665
1833,LOAD,99655860,5017.266420660059
1834,LOAD,98365674,5083.073999980928
1835,LOAD,101365532,4932.64317894568
1836,LOAD,100560421,4972.135110691313
1837,LOAD,100264405,4986.8146128229655
1838,LOAD,96584929,5176.791091289201
1839,LOAD,94476653,5292.312800285166
1840,LOAD,99979346,5001.032913337921
1841,LOAD,94079583,5314.649406981322
1842,LOAD,95563975,5232.097137022607
1843,LOAD,97087304,5150.003959323044
1844,LOAD,98253347,5088.885165408156
1845,LOAD,96682733,5171.554262952
1846,LOAD,96511869,5180.709949778301
1847,LOAD,99434656,5028.427915514688
1848,LOAD,96654746,5173.051719571018
1849,LOAD,97291544,5139.192775067892
1850,LOAD,96150307,5200.191404485063
1851,LOAD,99203371,5040.151306955083
1852,LOAD,94771606,5275.841795906677
1853,LOAD,99786822,5010.681670972546
1854,LOAD,100673359,4966.557239835416
1855,LOAD,96300307,5192.091443696021
1856,LOAD,97552259,5125.457935320596
1857,LOAD,99787938,5010.625632929703
1858,LOAD,98985222,5051.259065721952
1859,LOAD,94832116,5272.475413287203
1860,LOAD,101383542,4931.766933137925
1861,LOAD,97712115,5117.07273964953
1862,LOAD,97821293,5111.361592818039
1863,LOAD,90817125,5505.5695718180905
1864,LOAD,99693993,5015.347313854707
1865,LOAD,98053354,5099.264630968157
1866,LOAD,97812711,5111.810059124115
1867,LOAD,95159750,5254.3223369124025
1868,LOAD,96711642,5170.008384305997
1869,LOAD,94521923,5289.778118458296
1870,LOAD,97957191,5104.270497099084
1871,LOAD,95184601,5252.9505271551225
1872,LOAD,94729613,5278.180541073254
1873,LOAD,101969158,4903.44345100898
1874,LOAD,97161859,5146.052217876976
1875,LOAD,98437966,5079.3410339258735
1876,LOAD,97169867,5145.628119466295
1877,LOAD,99292039,5035.650441220167
1878,LOAD,100636975,4968.352834532238
1879,LOAD,98323549,5085.251753880446
1880,LOAD,98076798,5098.045717193989
1881,LOAD,99260638,5037.243464020451
1882,LOAD,100595723,4970.390242137829
1883,LOAD,99386681,5030.855190747339
1884,LOAD,100466113,4976.80247667191
1885,LOAD,96671455,5172.157592952335
1886,LOAD,99751796,5012.441079256358
1887,LOAD,95389912,5241.64442042886
1888,LOAD,93771809,5332.092932109265
1889,LOAD,89409051,5592.2749923830415
1890,LOAD,90662262,5514.9738046465245
1891,LOAD,92053009,5431.652972908251
1892,LOAD,94524594,5289.628644160058
1893,LOAD,101672883,4917.732095784085
1894,LOAD,91763940,5448.763424935764
1895,LOAD,91420193,5469.251197052275
1896,LOAD,96207294,5197.111146271301
1897,LOAD,94192281,5308.290601859403
1898,LOAD,101529913,4924.657031864097
1899,LOAD,91201193,5482.384424510763
1900,LOAD,96814961,5164.491054228695
1901,LOAD,87906649,5687.851893888027
1902,LOAD,91409484,5469.891942503472
1903,LOAD,88105881,5674.990072456117
1904,LOAD,93056681,5373.069344693263
1905,LOAD,92131098,5427.049181591215
1906,LOAD,95811524,5218.578925850297
1907,LOAD,94817585,5273.283431549116
1908,LOAD,90655043,5515.412970462106
1909,LOAD,88097918,5675.503023805852
1910,LOAD,92718829,5392.647916206966
1911,LOAD,93595275,5342.150017722583
1912,LOAD,90945199,5497.816327830566
1913,LOAD,94845625,5271.724446963158
1914,LOAD,96632407,5174.24759997958
1915,LOAD,89888130,5562.469705399367
1916,LOAD,91588390,5459.207220478491
1917,LOAD,93511995,5346.907634683657
1918,LOAD,93490307,5348.148017098713
1919,LOAD,91017543,5493.446466688295
1920,LOAD,92727839,5392.12393378433
1921,LOAD,94534820,5289.056455600169
1922,LOAD,100439176,4978.137216099822
1923,LOAD,87668329,5703.3139071237465
1924,LOAD,92853828,5384.807613962884
1925,LOAD,89037037,5615.640601337621
1926,LOAD,93648416,5339.118602924367
1927,LOAD,96517140,5180.427020527131
1928,LOAD,95008955,5262.661819614793
1929,LOAD,89907412,5561.2767499080055
1930,LOAD,88725739,5635.343313398607
1931,LOAD,89882153,5562.839599536518
1932,LOAD,100031371,4998.431941915502
1933,LOAD,96483473,5182.2346817884545
1934,LOAD,96813772,5164.554480947194
1935,LOAD,86688792,5767.758304902899
1936,LOAD,90451982,5527.794846994066
1937,LOAD,98635247,5069.181810838878
1938,LOAD,90955076,5497.219308573828
1939,LOAD,96183328,5198.406110464382
1940,LOAD,95466444,5237.442383420084
1941,LOAD,91261739,5478.747232725863
1942,LOAD,95755711,5221.620671794709
1943,LOAD,90902283,5500.411909346655
1944,LOAD,90324177,5535.6164496245565
1945,LOAD,96000743,5208.293023315455
1946,LOAD,83851099,5962.95106400454
1947,LOAD,91654146,5455.290587727478
1948,LOAD,92109175,5428.340879179517
1949,LOAD,92448012,5408.4451269757965
1950,LOAD,88602285,5643.195319398365
1951,LOAD,93093266,5370.957766161088
1952,LOAD,88627407,5641.595719933452
1953,LOAD,88558571,5645.980895513772
1954,LOAD,93034597,5374.344771977676
1955,LOAD,94922175,5267.473064118052
1956,LOAD,94335180,5300.249599354133
1957,LOAD,89893910,5562.112049637178
1958,LOAD,91193949,5482.819918238215
1959,LOAD,91148824,5485.534294989917
1960,LOAD,100302152,4984.937910404953
1961,LOAD,96074972,5204.2690160763195
1962,LOAD,92716765,5392.7679638089185
1963,LOAD,92951814,5379.131170049032
1964,LOAD,97835817,5110.602796928654
1965,LOAD,92806705,5387.5417729785795
1966,LOAD,99007762,5050.109101547008
1967,LOAD,93428464,5351.68811080957
1968,LOAD,85158603,5871.397397160214
1969,LOAD,92510895,5404.768811284335
1970,LOAD,89446751,5589.9179613578135
1971,LOAD,96415809,5185.871541045722
1972,LOAD,92348897,5414.249831267612
1973,LOAD,95136670,5255.59702688774
1974,LOAD,91803081,5446.44029975421
1975,LOAD,94235624,5305.849091634391
1976,LOAD,91207278,5482.018660835378
1977,LOAD,87958605,5684.492154008127
1978,LOAD,94707080,5279.43634203483
1979,LOAD,89500971,5586.53156958487
1980,LOAD,89009465,5617.380129180644
1981,LOAD,99107070,5045.048753837643
1982,LOAD,93093036,5370.971035900043
1983,LOAD,87815125,5693.779972413636
1984,LOAD,89810719,5567.264192595987
1985,LOAD,94264807,5304.206478670242
1986,LOAD,92691883,5394.215586277388
1987,LOAD,91911957,5439.988618673412
1988,LOAD,86562085,5776.200977598911
1989,LOAD,89253726,5602.007024334201
1990,LOAD,87101500,5740.429269300758
1991,LOAD,96996248,5154.8385665391925
1992,LOAD,95847511,5216.619553114948
1993,LOAD,94965538,5265.067839662004
1994,LOAD,91770831,5448.35428154726
1995,LOAD,102915454,4858.35684114069
1996,LOAD,94318937,5301.162374211236
1997,LOAD,99933882,5003.308087241122
1998,LOAD,91212464,5481.706973731134
1999,LOAD,87676702,5702.769248779453
2000,LOAD,91526699,5462.886845727933
2001,LOAD,93461948,5349.7707965599
2002,LOAD,102224132,4891.212967208174
2003,LOAD,98515673,5075.334561232708
2004,LOAD,91927298,5439.080783164105
2005,LOAD,92762425,5390.113507705301
2006,LOAD,86545631,5777.299145233571
2007,LOAD,101870547,4908.189999215377
2008,LOAD,99602596,5019.949480031625
2009,LOAD,99283286,5036.094393571945
2010,LOAD,94716510,5278.910720000135
2011,LOAD,94208230,5307.39193380451
2012,LOAD,90053940,5552.227920288662
2013,LOAD,95282600,5247.547820903292
2014,LOAD,95606697,5229.759166347939
2015,LOAD,93784875,5331.350071106881
2016,LOAD,94447627,5293.9392537623
2017,LOAD,92107607,5428.433288903054
2018,LOAD,89352598,5595.80819351218
2019,LOAD,93708019,5335.722655709967
2020,LOAD,94080947,5314.572354379044
2021,LOAD,89925653,5560.148670813655
2022,LOAD,89817003,5566.874681846154
2023,LOAD,91289184,5477.100112977239
2024,LOAD,92287393,5417.858103327288
2025,LOAD,97333087,5136.999302200289
2026,LOAD,87498783,5714.3651929421685
2027,LOAD,91420327,5469.243180458106
2028,LOAD,90048716,5552.550021923688
2029,LOAD,91332999,5474.472594510994
2030,LOAD,87107154,5740.056666298614
2031,LOAD,92360724,5413.556524307886
2032,LOAD,96386746,5187.435210231083
2033,LOAD,92692117,5394.2019686528465
2034,LOAD,89910356,5561.0946529896955
2035,LOAD,90383544,5531.9804675948535
2036,LOAD,95057953,5259.9491596458
2037,LOAD,85349293,5858.2793415758
2038,LOAD,90029020,5553.764774958119
2039,LOAD,89488563,5587.306167828397
2040,LOAD,91024224,5493.043258462714
2041,LOAD,87870105,5690.21739532461
2042,LOAD,89218637,5604.210250376275
2043,LOAD,88206045,5668.545732891663
2044,LOAD,91383751,5471.432224313051
2045,LOAD,88231847,5666.888056871347
2046,LOAD,90870600,5502.3296863892165
2047,LOAD,92054077,5431.589955543197
2048,LOAD,99149866,5042.871162327138
2049,LOAD,90440070,5528.522921311317
2050,LOAD,91294901,5476.757130170939
2051,LOAD,87999840,5681.828512415477
2052,LOAD,91434528,5468.393734148221
2053,LOAD,86938411,5751.197822099601
2054,LOAD,89944946,5558.956030725729
2055,LOAD,92623174,5398.217081181001
2056,LOAD,96211914,5196.861586185678
2057,LOAD,89227457,5603.656282617132
2058,LOAD,95736278,5222.680580918343
2059,LOAD,92892582,5382.561117743503
2060,LOAD,92954822,5378.957102408307
2061,LOAD,86923979,5752.152694252526
2062,LOAD,90300609,5537.061217383373
2063,LOAD,89195136,5605.686839246481
2064,LOAD,92398338,5411.352745327518
2065,LOAD,87277930,5728.8251451426495
2066,LOAD,86885724,5754.685315161786
2067,LOAD,85454285,5851.081663137196
2068,LOAD,93199914,5364.811817315625
2069,LOAD,88223674,5667.413034737138
2070,LOAD,89686146,5574.997056959053
2071,LOAD,89204412,5605.103926922358
2072,LOAD,87261960,5729.8735898208115
2073,LOAD,87941692,5685.5853990164305
2074,LOAD,90475269,5526.372074118951
2075,LOAD,95147880,5254.977830299529
2076,LOAD,91388057,5471.174422714776
2077,LOAD,85180037,5869.919967280596
2078,LOAD,90169785,5545.0947343392245
2079,LOAD,87859643,5690.894965280021
2080,LOAD,93323370,5357.714793197031
2081,LOAD,89416156,5591.830630697209
2082,LOAD,100459794,4977.115521459261
2083,LOAD,92961147,5378.591122590172
2084,LOAD,86261697,5796.315368105963
2085,LOAD,88791839,5631.148150901571
2086,LOAD,92522360,5404.099073996816
2087,LOAD,92365416,5413.281525197699
2088,LOAD,98105877,5096.534634719182
2089,LOAD,87339246,5724.803257403894
2090,LOAD,92556615,5402.0990287944305
2091,LOAD,90576679,5520.184726578461
2092,LOAD,89815125,5566.991083072033
2093,LOAD,91296503,5476.661028298094
2094,LOAD,94809461,5273.735286819107
2095,LOAD,95118265,5256.613963679846
2096,LOAD,87941581,5685.5925753711435
2097,LOAD,89103228,5611.468980674865
2098,LOAD,97194031,5144.348833520446
2099,LOAD,94375399,5297.990846110224
2100,LOAD,96526661,5179.916044127953
2101,LOAD,96512908,5180.654177366618
2102,LOAD,92736346,5391.629297104288
2103,LOAD,88838337,5628.200807045724
2104,LOAD,94536836,5288.9436663609085
2105,LOAD,106537987,4693.1616982776295
2106,LOAD,90161955,5545.576291019865
2107,LOAD,88750722,5633.756985098104
2108,LOAD,94208481,5307.377793300796
2109,LOAD,92390745,5411.797469540916
2110,LOAD,92675847,5395.148964756697
2111,LOAD,87862802,5690.690356084933
2112,LOAD,89586608,5581.19133163296
2113,LOAD,88858145,5626.946184843268
2114,LOAD,94886830,5269.435178728176
2115,LOAD,104103073,4802.932186257364
2116,LOAD,92810388,5387.327978846506
2117,LOAD,93013418,5375.568501310208
2118,LOAD,95621066,5228.973289212233
2119,LOAD,89254702,5601.945766397831
2120,LOAD,88812566,5629.8339584062915
2121,LOAD,90272482,5538.78644878735
2122,LOAD,90985234,5495.3971981871255
2123,LOAD,97559371,5125.084293542647
2124,LOAD,95615920,5229.254709885133
2125,LOAD,95799927,5219.210657644865
2126,LOAD,91904324,5440.440430202174
2127,LOAD,92597328,5399.723845163221
2128,LOAD,95457072,5237.956596866914
2129,LOAD,91289861,5477.059495139334
2130,LOAD,89785207,5568.84610178601
2131,LOAD,90280312,5538.306070541714
2132,LOAD,94426254,5295.137515462597
2133,LOAD,94339227,5300.022227233217
2134,LOAD,89298645,5599.189103037342
2135,LOAD,95400319,5241.0726215705845
2136,LOAD,94362888,5298.6932744152555
2137,LOAD,85728914,5832.337967094742
2138,LOAD,90309529,5536.514314009987
2139,LOAD,92354400,5413.927219493603
2140,LOAD,94001539,5319.06185067885
2141,LOAD,97006573,5154.289905695359
2142,LOAD,89414603,5591.927752561849
2143,LOAD,95249878,5249.350555598612
2144,LOAD,86765910,5762.6318907967425
2145,LOAD,88710262,5636.326493996828
2146,LOAD,90214585,5542.341074893821
2147,LOAD,89627351,5578.654221299032
2148,LOAD,90592114,5519.244202646601
2149,LOAD,96337301,5190.0976549052375
2150,LOAD,95830212,5217.561242586003
2151,LOAD,88865182,5626.5006017767455
2152,LOAD,92009066,5434.247099084779
2153,LOAD,99373734,5031.510640427378
2154,LOAD,90033905,5553.46344246648
2155,LOAD,93791024,5331.000544359127
2156,LOAD,95482550,5236.558931448731
2157,LOAD,86539594,5777.702169483254
2158,LOAD,90255771,5539.811963935248
2159,LOAD,90177244,5544.636072488532
2160,LOAD,94287103,5302.952196972262
2161,LOAD,93070580,5372.266939778392
2162,LOAD,97073587,5150.731681523213
2163,LOAD,88050627,5678.551272553686
2164,LOAD,88377645,5657.5393019354615
2165,LOAD,97009301,5154.144961832062
2166,LOAD,90620868,5517.492946547367
2167,LOAD,94009930,5318.587089682973
2168,LOAD,97774185,5113.824267622379
2169,LOAD,104331133,4792.43333818679
2170,LOAD,93127337,5368.992780283194
2171,LOAD,88960751,5620.456149251708
2172,LOAD,94069663,5315.209856763279
2173,LOAD,90058062,5551.973792196417
2174,LOAD,92035784,5432.669536448997
2175,LOAD,99498078,5025.222698271618
2176,LOAD,94380127,5297.725441712957
2177,LOAD,86586178,5774.593723261465
2178,LOAD,86788795,5761.112364793174
2179,LOAD,92673516,5395.2846679519525
2180,LOAD,87800545,5694.725471237109
2181,LOAD,93804111,5330.256794395717
2182,LOAD,93368589,5355.120017932369
2183,LOAD,91418704,5469.340278549563
2184,LOAD,96258445,5194.349441236039
2185,LOAD,95036008,5261.163747534514
2186,LOAD,89861321,5564.129198590348
2187,LOAD,87916101,5687.240383874621
2188,LOAD,90386869,5531.776966408694
2189,LOAD,92222576,5421.665948693518
2190,LOAD,92798553,5388.015048036364
2191,LOAD,89661349,5576.538894144901
2192,LOAD,93344360,5356.510023744338
2193,LOAD,93730229,5334.4583208049135
2194,LOAD,94420982,5295.433169716452
2195,LOAD,95165787,5253.9890202347615
2196,LOAD,91193254,5482.861703783484
2197,LOAD,95544507,5233.163220989774
2198,LOAD,89131653,5609.6794255571585
2199,LOAD,93967566,5320.984902386425
2200,LOAD,91802996,5446.445342589909
2201,LOAD,91246467,5479.664215382717
2202,LOAD,93439823,5351.037533536424
2203,LOAD,92031214,5432.93930687473
2204,LOAD,87056133,5743.420742109002
2205,LOAD,91937153,5438.497752916061
2206,LOAD,87172083,5735.7812592364
2207,LOAD,88168667,5670.948841724011
2208,LOAD,91881157,5441.812187889624
2209,LOAD,94788434,5274.905164062527
2210,LOAD,88735040,5634.752629851748
2211,LOAD,89044714,5615.156448253627
2212,LOAD,90591229,5519.298121013459
2213,LOAD,86975440,5748.7493021018345
2214,LOAD,87791752,5695.295840547755
2215,LOAD,92231582,5421.136547348824
2216,LOAD,93490865,5348.116096690303
2217,LOAD,87849771,5691.534471956677
2218,LOAD,91764351,5448.739020668277
2219,LOAD,92990387,5376.899872456709
2220,LOAD,91219760,5481.268532168907
2221,LOAD,90767727,5508.565836401302
2222,LOAD,93480551,5348.706170976678
2223,LOAD,89485801,5587.478621328985
2224,LOAD,88449055,5652.9716456552305
2225,LOAD,93903093,5324.638241681772
2226,LOAD,96821469,5164.143915230206
2227,LOAD,93400707,5353.278535675324
2228,LOAD,91838775,5444.323489724247
2229,LOAD,99657492,5017.18425745653
2230,LOAD,89277337,5600.525472662788
2231,LOAD,94136887,5311.414217468227
2232,LOAD,87860591,5690.833561545243
2233,LOAD,91867453,5442.623950834905
2234,LOAD,90505022,5524.555311416862
2235,LOAD,99879204,5006.047104660545
2236,LOAD,92200010,5422.992904230705
2237,LOAD,97258502,5140.938732533635
2238,LOAD,86830866,5758.32100995054
2239,LOAD,90935020,5498.431737299887
2240,LOAD,88430770,5654.140521449717
2241,LOAD,95382857,5242.032119042105
2242,LOAD,92427459,5409.647797414836
2243,LOAD,93287502,5359.774774545897
2244,LOAD,94698036,5279.94054702465
2245,LOAD,101765324,4913.2649545733275
2246,LOAD,96377850,5187.914027963894
2247,LOAD,95829822,5217.582476569768
2248,LOAD,89394314,5593.196900644039
2249,LOAD,91698255,5452.666465681381
2250,LOAD,92613354,5398.789466149774
2251,LOAD,94206948,5307.464158588387
2252,LOAD,89904943,5561.429475573997
2253,LOAD,105093922,4757.649067469382
2254,LOAD,97572800,5124.378925274256
2255,LOAD,92843489,5385.407263184605
2256,LOAD,96308612,5191.643713025373
2257,LOAD,88026143,5680.130731162445
2258,LOAD,93491655,5348.070905365832
2259,LOAD,92788033,5388.625923345094
2260,LOAD,98169769,5093.217648296596
2261,LOAD,92625030,5398.1089128932
2262,LOAD,88597176,5643.520737049225
2263,LOAD,97936722,5105.337301364855
2264,LOAD,95144502,5255.164402458063
2265,LOAD,88303869,5662.266055409192
2266,LOAD,90638269,5516.433682112795
2267,LOAD,88390416,5656.721878082348
2268,LOAD,89048469,5614.919668074248
2269,LOAD,91482771,5465.510002970942
2270,LOAD,94535379,5289.025180720965
2271,LOAD,101943264,4904.688945411833
2272,LOAD,90796138,5506.842152251013
2273,LOAD,96916934,5159.057136495879
2274,LOAD,88178899,5670.29080279172
2275,LOAD,88329443,5660.62666103306
2276,LOAD,92659345,5396.109804143338
2277,LOAD,86907860,5753.219559197522
2278,LOAD,90191564,5543.755733074991
2279,LOAD,92385671,5412.0946959404555
2280,LOAD,97477445,5129.391727491421
2281,LOAD,94544095,5288.537586615008
2282,LOAD,93458441,5349.971545106343
2283,LOAD,93587706,5342.582069486777
2284,LOAD,87531981,5712.197922265691
2285,LOAD,90481960,5525.963407512392
2286,LOAD,92454807,5408.047631314616
2287,LOAD,107265771,4661.319219902871
2288,LOAD,95821469,5218.0373064412115
2289,LOAD,88273804,5664.194555385877
2290,LOAD,91989538,5435.400708284892
2291,LOAD,92016668,5433.798146222813
2292,LOAD,98602618,5070.859274750696
2293,LOAD,95851454,5216.404959282099
2294,LOAD,92808635,5387.429736467948
2295,LOAD,92140276,5426.508598693584
2296,LOAD,103984729,4808.398356262485
2297,LOAD,105198425,4752.92286933003
2298,LOAD,100340838,4983.015987966933
2299,LOAD,96453290,5183.85635160812
2300,LOAD,99003877,5050.307272310154
2301,LOAD,90728866,5510.925266055899
2302,LOAD,97504876,5127.948678176875
2303,LOAD,97635977,5121.063109759223
2304,LOAD,88490669,5650.313255061955
2305,LOAD,92008777,5434.2641680804
2306,LOAD,86861028,5756.321465594443
2307,LOAD,90671541,5514.409422025815
2308,LOAD,86991445,5747.6916264582105
2309,LOAD,97134941,5147.478290021301
2310,LOAD,101214727,4939.992576376756
2311,LOAD,97404276,5133.244869044558
2312,LOAD,89512311,5585.823831539776
2313,LOAD,97121978,5148.1653308172945
2314,LOAD,87804568,5694.464552231496
2315,LOAD,89380618,5594.0539592151845
2316,LOAD,92178299,5424.2701961770845
2317,LOAD,97973781,5103.40618578352
2318,LOAD,89436895,5590.533973702911
2319,LOAD,95552401,5232.73088658442
2320,LOAD,93618149,5340.844754364883
2321,LOAD,91960869,5437.095206222986
2322,LOAD,93766475,5332.39625356504
2323,LOAD,97529566,5126.650517444115
2324,LOAD,92819177,5386.817855538624
2325,LOAD,93157764,5367.239170746949
2326,LOAD,91198686,5482.535132139952
2327,LOAD,95308838,5246.1031997893
2328,LOAD,91807795,5446.160644638072
2329,LOAD,102034104,4900.322347124252
2330,LOAD,96929840,5158.370219119313
2331,LOAD,89351165,5595.8979382081925
2332,LOAD,91756977,5449.176905642827
2333,LOAD,95257642,5248.922705854928
2334,LOAD,94600131,5285.404943043895
2335,LOAD,90990691,5495.067621807598
2336,LOAD,97960001,5104.124080194732
2337,LOAD,101058823,4947.613529993319
2338,LOAD,100825012,4959.086937673759
2339,LOAD,96568008,5177.698187581958
2340,LOAD,95685625,5225.445305917164
2341,LOAD,89858267,5564.318305849366
2342,LOAD,90400656,5530.9333153511625
2343,LOAD,91255785,5479.10469456813
2344,LOAD,95681511,5225.669983409856
2345,LOAD,100120226,4993.995918467064
2346,LOAD,92187111,5423.751699952935
2347,LOAD,100194519,4990.292932091425
2348,LOAD,93530509,5345.849235141017
2349,LOAD,93049833,5373.464775589656
2350,LOAD,95194095,5252.426634236084
2351,LOAD,92162538,5425.197817360455
2352,LOAD,90430101,5529.1323848018255
2353,LOAD,92980472,5377.473239757269
2354,LOAD,89863372,5564.00220548145
2355,LOAD,93363872,5355.390573347258
2356,LOAD,90404642,5530.689452871236
2357,LOAD,93999591,5319.172080227456
2358,LOAD,88045062,5678.910192601147
2359,LOAD,89851252,5564.752731547915
2360,LOAD,94172549,5309.40284944395
2361,LOAD,97925010,5105.947908506723
2362,LOAD,98930234,5054.06668703523
2363,LOAD,91523195,5463.095994408849
2364,LOAD,91503846,5464.251196610906
2365,LOAD,88372878,5657.844480294056
2366,LOAD,88911399,5623.575892670409
2367,LOAD,90705527,5512.343255554868
2368,LOAD,95408541,5240.620962854888
2369,LOAD,89914337,5560.848432881176
2370,LOAD,91924498,5439.246456369008
2371,LOAD,92820319,5386.751579683754
2372,LOAD,94298598,5302.305767048626
2373,LOAD,95415733,5240.225948900901
2374,LOAD,93793789,5330.843388787716
2375,LOAD,89486705,5587.4221762886455
2376,LOAD,91513309,5463.686161758176
2377,LOAD,96998928,5154.696142621287
2378,LOAD,88985077,5618.919675711468
2379,LOAD,91207004,5482.035129670524
2380,LOAD,96988632,5155.243348519443
2381,LOAD,89291080,5599.663482623348
2382,LOAD,90625438,5517.214714040885
2383,LOAD,97791450,5112.921426157399
2384,LOAD,93867988,5326.629564063949
2385,LOAD,97519252,5127.192731133746
2386,LOAD,95257854,5248.9110241765475
2387,LOAD,93436517,5351.226865616149
2388,LOAD,91806378,5446.244704262269
2389,LOAD,102573418,4874.557265899046
2390,LOAD,96308268,5191.662256868746
2391,LOAD,92410859,5410.619546345739
2392,LOAD,95053232,5260.210405049667
2393,LOAD,98915556,5054.816655936302
2394,LOAD,98845287,5058.410119240182
2395,LOAD,98700651,5065.822716812679
2396,LOAD,96806339,5164.95102660581
2397,LOAD,96673197,5172.064393401617
2398,LOAD,92820199,5386.758543794977
2399,LOAD,104984696,4762.59892203717
2400,LOAD,103533294,4829.364358869911
2401,LOAD,94577415,5286.674413759352
2402,LOAD,92803336,5387.7373546140625
2403,LOAD,96670007,5172.23506562899
2404,LOAD,94010132,5318.575661610601
2405,LOAD,100045443,4997.728882064123
2406,LOAD,91936362,5438.544544540495
2407,LOAD,98071372,5098.327777039767
2408,LOAD,97541800,5126.007516777422
2409,LOAD,95921263,5212.608595447706
2410,LOAD,96079393,5204.02954668958
2411,LOAD,92392103,5411.717925719258
2412,LOAD,94438177,5294.468994250069
2413,LOAD,99560640,5022.064944540332
2414,LOAD,93526715,5346.066094591261
2415,LOAD,93535516,5345.563069326522
2416,LOAD,95415725,5240.226388260426
2417,LOAD,93436941,5351.202582712976
2418,LOAD,94148606,5310.753087517834
2419,LOAD,93480766,5348.693869282159
2420,LOAD,100075161,4996.244772466567
2421,LOAD,106659018,4687.836147150726
2422,LOAD,92042599,5432.267291800397
2423,LOAD,92955762,5378.902708580884
2424,LOAD,91985502,5435.639194533069
2425,LOAD,94552070,5288.091524595919
2426,LOAD,93204712,5364.535647081877
2427,LOAD,98325357,5085.158246615875
2428,LOAD,94700027,5279.829540069719
2429,LOAD,96254257,5194.575446154034
2430,LOAD,91397879,5470.586467329291
2431,LOAD,95813994,5218.444395502394
2432,LOAD,102927206,4857.802124736583
2433,LOAD,96215700,5196.6570944242985
2434,LOAD,89039040,5615.514273289559
2435,LOAD,92107305,5428.451087565748
2436,LOAD,91960329,5437.127133375088
2437,LOAD,97694909,5117.973957066688
2438,LOAD,91515161,5463.575592682397
2439,LOAD,94360337,5298.836522807247
2440,LOAD,92253448,5419.851624407578
2441,LOAD,97973067,5103.443377964273
2442,LOAD,89828112,5566.186229094963
2443,LOAD,95025873,5261.724877813014
2444,LOAD,85631522,5838.971307785467
2445,LOAD,89638120,5577.98400948168
2446,LOAD,90348340,5534.135989659578
2447,LOAD,96889883,5160.497510354099
2448,LOAD,85292624,5862.17162224954
2449,LOAD,94438699,5294.439729628211
2450,LOAD,89421140,5591.518962965581
2451,LOAD,89164749,5607.597235539799
2452,LOAD,90763948,5508.795188151136
2453,LOAD,93334111,5357.09822103518
2454,LOAD,96354110,5189.19224099522
2455,LOAD,91383820,5471.428093069429
2456,LOAD,92370425,5412.987977483052
2457,LOAD,94235931,5305.831806341468
2458,LOAD,89413218,5592.0143708506275
2459,LOAD,88892381,5624.779023525088
2460,LOAD,94744067,5277.375310477225
2461,LOAD,91278637,5477.732977103941
2462,LOAD,92058875,5431.306867480186
2463,LOAD,93629476,5340.198635737319
2464,LOAD,96634904,5174.113899880317
2465,LOAD,89173463,5607.049263075048
2466,LOAD,90075480,5550.90020058733
2467,LOAD,95336352,5244.589178323081
2468,LOAD,95977997,5209.527346147888
2469,LOAD,102642466,4871.278131606854
2470,LOAD,98404510,5081.0679307279715
2471,LOAD,89708727,5573.593748576992
2472,LOAD,89770203,5569.776866829631
2473,LOAD,99229587,5038.819722186287
2474,LOAD,94694722,5280.12532736513
2475,LOAD,91413176,5469.671024229593
2476,LOAD,93818696,5329.4281557697195
2477,LOAD,86313391,5792.843893712854
2478,LOAD,89986500,5556.389013907642
2479,LOAD,103998742,4807.750462981562
2480,LOAD,97296833,5138.913411498193
2481,LOAD,90870781,5502.318726632271
2482,LOAD,99367835,5031.809337498396
2483,LOAD,95770871,5220.794118077928
2484,LOAD,100174556,4991.287408351478
2485,LOAD,92115345,5427.977282178122
2486,LOAD,97943838,5104.966378793529
2487,LOAD,93539084,5345.359165586869
2488,LOAD,95050271,5260.374270789823
2489,LOAD,97092334,5149.73715638559
2490,LOAD,99356615,5032.377562379716
2491,LOAD,90624737,5517.257390771793
2492,LOAD,88549421,5646.564306727652
2493,LOAD,88619410,5642.104816540756
2494,LOAD,92930499,5380.364954243923
2495,LOAD,91191201,5482.985140200094
2496,LOAD,92051337,5431.7516322440815
2497,LOAD,96156307,5199.866920845869
2498,LOAD,88953551,5620.911075264438
2499,LOAD,89699105,5574.191626549674
2500,LOAD,92468640,5407.238605434231
2501,LOAD,89596851,5580.553271900148
2502,LOAD,93494960,5347.881853738426
2503,LOAD,91885755,5441.539877427138
2504,LOAD,89747876,5571.162486341182
2505,LOAD,89468175,5588.579402675868
2506,LOAD,94148534,5310.757148911102
2507,LOAD,87028304,5745.257313069091
2508,LOAD,91817021,5445.613401027245
2509,LOAD,94194248,5308.179752122444
2510,LOAD,95119348,5256.554113470164
2511,LOAD,88639675,5640.814905966205
2512,LOAD,86554002,5776.740398439346
2513,LOAD,92940703,5379.7742416473875
2514,LOAD,94624868,5284.023223155249
2515,LOAD,101871101,4908.163307275927
2516,LOAD,91776985,5447.988948427538
2517,LOAD,96944317,5157.599903457982
2518,LOAD,96803677,5165.093057363926
2519,LOAD,88671608,5638.783498772234
2520,LOAD,88945845,5621.398054063121
2521,LOAD,94692142,5280.269190657868
2522,LOAD,94172197,5309.4226951081955
2523,LOAD,93847651,5327.783856838356
2524,LOAD,99932339,5003.385340555274
2525,LOAD,89795101,5568.232503018176
2526,LOAD,96030785,5206.663675611941
2527,LOAD,97022769,5153.429500656696
2528,LOAD,94466628,5292.874431804637
2529,LOAD,86240252,5797.756713419622
2530,LOAD,89560851,5582.796438591233
2531,LOAD,89139266,5609.200327047791
2532,LOAD,88186592,5669.796152231395
2533,LOAD,90983377,5495.509361012177
2534,LOAD,95387282,5241.788942052044
2535,LOAD,94341473,5299.896048898876
2536,LOAD,90658302,5515.2147014622005
2537,LOAD,87727718,5699.452936869963
2538,LOAD,88019343,5680.569553899079
2539,LOAD,91441439,5467.980441558886
2540,LOAD,99270450,5036.7455773596275
2541,LOAD,93605688,5341.555739646933
2542,LOAD,88323080,5661.034465736475
2543,LOAD,92636803,5397.422879543889
2544,LOAD,95912105,5213.106312284565
2545,LOAD,89876352,5563.198648739103
2546,LOAD,87539641,5711.698086584568
2547,LOAD,90620755,5517.499826612568
2548,LOAD,93516599,5346.644396253118
2549,LOAD,94129147,5311.850961530546
2550,LOAD,87908822,5687.711297052758
2551,LOAD,92538552,5403.153487856606
2552,LOAD,95475175,5236.963430546212
2553,LOAD,97833032,5110.748279783458
2554,LOAD,95473228,5237.070228734698
2555,LOAD,87715244,5700.263457056563
2556,LOAD,90866209,5502.595579837605
2557,LOAD,95114528,5256.820493289942
2558,LOAD,88224931,5667.332287287366
2559,LOAD,89577619,5581.751397076094
2560,LOAD,94282583,5303.206425729766
2561,LOAD,103511459,4830.383078650258
2562,LOAD,91064200,5490.631883879724
2563,LOAD,89858146,5564.325798575902
2564,LOAD,94423280,5295.304293602171
2565,LOAD,97790994,5112.945267741117
2566,LOAD,85834017,5825.196320475133
2567,LOAD,95175721,5253.440633247213
2568,LOAD,96537972,5179.309132369178
2569,LOAD,92655460,5396.336060497676
2570,LOAD,104565586,4781.687925509259
2571,LOAD,90602799,5518.593305268637
2572,LOAD,91975125,5436.252465000727
2573,LOAD,88281870,5663.677038105332
2574,LOAD,99056208,5047.639215100986
2575,LOAD,100743271,4963.110637930349
2576,LOAD,91779659,5447.83022129119
2577,LOAD,86037740,5811.403228397213
2578,LOAD,99416948,5029.3235716711
2579,LOAD,95534574,5233.7073277785275
2580,LOAD,86906392,5753.3167410746955
2581,LOAD,95743918,5222.26383089942
2582,LOAD,92847713,5385.162260270213
2583,LOAD,85887764,5821.5510186060965
2584,LOAD,96742242,5168.373087735552
2585,LOAD,98005878,5101.734816354587
2586,LOAD,94587265,5286.123877247111
2587,LOAD,88693319,5637.4031960626035
2588,LOAD,96538200,5179.29690008722
2589,LOAD,97231512,5142.365779522178
2590,LOAD,95933593,5211.9386375948625
2591,LOAD,102292649,4887.936766599914
2592,LOAD,89497853,5586.7261977781745
2593,LOAD,93771241,5332.125230165185
2594,LOAD,101891041,4907.202783412527
2595,LOAD,96395612,5186.958095146489
2596,LOAD,105558180,4736.7243353381045
2597,LOAD,96867666,5161.6810918103465
2598,LOAD,93489908,5348.170842140523
2599,LOAD,96153278,5200.030725941553
2600,LOAD,100033634,4998.3188654328005
2601,LOAD,100067120,4996.646251036304
2602,LOAD,93522161,5346.32641775675
2603,LOAD,95824141,5217.891804529717
2604,LOAD,99365858,5031.909451232234
2605,LOAD,95409856,5240.548733246175
2606,LOAD,92823777,5386.550904947555
2607,LOAD,100488909,4975.6734845235505
2608,LOAD,93027648,5374.746225982194
2609,LOAD,99227837,5038.908587718182
2610,LOAD,91676317,5453.971280281689
2611,LOAD,97501131,5128.145641715684
2612,LOAD,97477713,5129.377625016705
2613,LOAD,98448146,5078.815806241795
2614,LOAD,100956796,4952.613591263336
2615,LOAD,96591430,5176.442671984461
2616,LOAD,96363801,5188.670380488624
2617,LOAD,95908144,5213.32161323026
2618,LOAD,96211624,5196.877250507693
2619,LOAD,96034642,5206.45456251089
2620,LOAD,92668990,5395.548176364067
2621,LOAD,95464809,5237.532083681223
2622,LOAD,100296541,4985.216788283855
2623,LOAD,90197926,5543.364711068855
2624,LOAD,96598583,5176.059363106807
2625,LOAD,101448461,4928.610991940036
2626,LOAD,93271424,5360.698685162135
2627,LOAD,90807326,5506.163676705996
2628,LOAD,99803931,5009.822709287873
2629,LOAD,92453202,5408.14151574761
2630,LOAD,95797258,5219.356069669552
2631,LOAD,102444114,4880.7098863678975
2632,LOAD,95921284,5212.607454253844
2633,LOAD,88775481,5632.185760840879
2634,LOAD,92177883,5424.29467597992
2635,LOAD,97765079,5114.300577612175
2636,LOAD,92630063,5397.8156098198915
2637,LOAD,99897820,5005.114225715837
2638,LOAD,95008472,5262.688573709511
2639,LOAD,92034492,5432.745801432793
2640,LOAD,88998005,5618.1034619820975
2641,LOAD,94010702,5318.5434143444645
2642,LOAD,94766454,5276.12861825557
2643,LOAD,93885401,5325.641629841896
2644,LOAD,97477534,5129.387044198307
2645,LOAD,94858313,5271.01931488071
2646,LOAD,97657090,5119.955960186812
2647,LOAD,96746251,5168.158919150263
2648,LOAD,92416129,5410.311007508224
2649,LOAD,94736490,5277.797393591423
2650,LOAD,89366403,5594.943773220905
2651,LOAD,95778004,5220.405303079818
2652,LOAD,116823517,4279.960172745014
2653,LOAD,92198634,5423.073838599387
2654,LOAD,96378782,5187.863859910577
2655,LOAD,101936662,4905.006601059784
2656,LOAD,90110110,5548.766947460168
2657,LOAD,90568167,5520.703538142712
2658,LOAD,97127194,5147.888860044695
2659,LOAD,96668096,5172.337313853787
2660,LOAD,94496148,5291.220971250595
2661,LOAD,97714532,5116.946167229251
2662,LOAD,111306345,4492.106896511605
2663,LOAD,94704069,5279.6041952537435
2664,LOAD,103462557,4832.666178934665
2665,LOAD,96069318,5204.5753046774
2666,LOAD,98324739,5085.190208336073
2667,LOAD,94877138,5269.973468213175
2668,LOAD,94091076,5314.000235261418
2669,LOAD,95340783,5244.345433999635
2670,LOAD,94173564,5309.345624850727
2671,LOAD,93792205,5330.933418187578
2672,LOAD,109341615,4572.824354204024
2673,LOAD,87517234,5713.160450203442
2674,LOAD,97257147,5141.01035680185
2675,LOAD,93074921,5372.016378074605
2676,LOAD,97325636,5137.392577634941
2677,LOAD,97846255,5110.057610278493
2678,LOAD,96873944,5161.346584588318
2679,LOAD,94929721,5267.054350660106
2680,LOAD,89568381,5582.327093754212
2681,LOAD,96371455,5188.258286647223
2682,LOAD,102718764,4867.659817246244
2683,LOAD,91769912,5448.4088423229605
2684,LOAD,90154813,5546.015607619307
2685,LOAD,93885211,5325.652407598041
2686,LOAD,95535903,5233.634521672967
2687,LOAD,88960087,5620.498100457118
2688,LOAD,90244744,5540.488873235653
2689,LOAD,98680434,5066.860569340422
2690,LOAD,91486547,5465.284420451458
2691,LOAD,91941056,5438.2668826427225
2692,LOAD,94290241,5302.775713554492
2693,LOAD,91414331,5469.601916137197
2694,LOAD,89457232,5589.263034653251
2695,LOAD,98036043,5100.1650484812
2696,LOAD,90909190,5499.994005006535
2697,LOAD,90060068,5551.850127406077
2698,LOAD,91553390,5461.294224058771
2699,LOAD,96419632,5185.665923304913
2700,LOAD,91004185,5494.252819252213
2701,LOAD,89480187,5587.82918055368
2702,LOAD,94361891,5298.749258850694
2703,LOAD,91385123,5471.350079596654
2704,LOAD,90597083,5518.941487332434
2705,LOAD,89413586,5591.9913557655545
2706,LOAD,90437799,5528.661749054729
2707,LOAD,96410457,5186.159422519903
2708,LOAD,94667244,5281.6579301706515
2709,LOAD,94384261,5297.4934030579525
2710,LOAD,92214041,5422.167758595461
2711,LOAD,93447645,5350.589626951006
2712,LOAD,94517847,5290.00623554195
2713,LOAD,103048417,4852.088120868465
2714,LOAD,90678259,5514.000880850613
2715,LOAD,95088399,5258.264996132703
2716,LOAD,98688446,5066.449217368363
2717,LOAD,91278198,5477.75932211107
2718,LOAD,92490633,5405.952838489061
2719,LOAD,92340796,5414.724820002635
2720,LOAD,88775778,5632.166918323149
2721,LOAD,92765107,5389.957670183036
2722,LOAD,94305916,5301.8943159409
2723,LOAD,88486586,5650.573975133361
2724,LOAD,89897726,5561.8759477853755
2725,LOAD,95853601,5216.288118377524
2726,LOAD,96533016,5179.575037829544
2727,LOAD,96888422,5160.575326533856
2728,LOAD,92478617,5406.655248747935
2729,LOAD,91597210,5458.681547178129
2730,LOAD,95314518,5245.790573058345
2731,LOAD,105536898,4737.679517546555
2732,LOAD,93459874,5349.889515151711
2733,LOAD,90649029,5515.778883853241
2734,LOAD,93164400,5366.856868074072
2735,LOAD,97273576,5140.142066947349
2736,LOAD,90580677,5519.94107970732
2737,LOAD,91398883,5470.52637393829
2738,LOAD,95808104,5218.765210091205
2739,LOAD,102002543,4901.838574750043
2740,LOAD,95720540,5223.539273806855
2741,LOAD,90858769,5503.04616167538
2742,LOAD,94843012,5271.869687141526
2743,LOAD,97346854,5136.272816787689
2744,LOAD,90383495,5531.983466671652
2745,LOAD,94170068,5309.542730711419
2746,LOAD,98934605,5053.843394836417
2747,LOAD,89904964,5561.428176535392
2748,LOAD,97572534,5124.392895238326
2749,LOAD,102293377,4887.901980203469
2750,LOAD,93224144,5363.417442588693
2751,LOAD,90717780,5511.598718575345
2752,LOAD,93220277,5363.639929969313
2753,LOAD,93595629,5342.129812493701
2754,LOAD,93912049,5324.130453164747
2755,LOAD,96024616,5206.998172218673
2756,LOAD,94584453,5286.281033945399
2757,LOAD,91784125,5447.565142664922
2758,LOAD,88757253,5633.342437941382
2759,LOAD,97429209,5131.93122608642
2760,LOAD,89732504,5572.116877514083
2761,LOAD,91631038,5456.666331772864
2762,LOAD,97788535,5113.073838359476
2763,LOAD,90126906,5547.732882342593
2764,LOAD,103573588,4827.48555548737
2765,LOAD,96655714,5172.99991183139
2766,LOAD,93312787,5358.322434416196
2767,LOAD,95752156,5221.814535434586
2768,LOAD,90147228,5546.4822501253175
2769,LOAD,91956711,5437.341054966613
2770,LOAD,93795360,5330.754101268975
2771,LOAD,92341174,5414.702654744243
2772,LOAD,93621818,5340.635448886498
2773,LOAD,93708669,5335.6856450495525
2774,LOAD,93427397,5351.749230474655
2775,LOAD,89845615,5565.101869467976
2776,LOAD,96001445,5208.254938245981
2777,LOAD,93751609,5333.241800682055
2778,LOAD,88245211,5666.029854016668
2779,LOAD,91699967,5452.564666680851
2780,LOAD,102548618,4875.736111821614
2781,LOAD,94175180,5309.254519078169
2782,LOAD,90123630,5547.934542805256
2783,LOAD,95345121,5244.106827448465
2784,LOAD,91741291,5450.108610309397
2785,LOAD,89469778,5588.479273973386
2786,LOAD,97897378,5107.3890865596
2787,LOAD,91016910,5493.484672243872
2788,LOAD,92440859,5408.863628149539
2789,LOAD,95165668,5253.995590090325
2790,LOAD,90990935,5495.052886312246
2791,LOAD,92421213,5410.013391622549
2792,LOAD,94626421,5283.936502258708
2793,LOAD,96672485,5172.102486038298
2794,LOAD,95291985,5247.031006857502
2795,LOAD,87928611,5686.431234538664
2796,LOAD,91026926,5492.880205577853
2797,LOAD,87367721,5722.937422163043
2798,LOAD,89328135,5597.3406362956075
2799,LOAD,90025974,5553.95268481072
2800,LOAD,96497529,5181.479828359128
2801,LOAD,89354392,5595.69584447511
2802,LOAD,95808705,5218.732473213159
2803,LOAD,94183438,5308.789003858618
2804,LOAD,90899192,5500.598949218383
2805,LOAD,93576459,5343.224197017329
2806,LOAD,94269918,5303.918902316219
2807,LOAD,93945034,5322.261100038561
2808,LOAD,93084240,5371.478566081649
2809,LOAD,99433166,5028.503266203955
2810,LOAD,92866920,5384.048485725595
2811,LOAD,91708844,5452.036883160364
2812,LOAD,93074821,5372.0221497928
2813,LOAD,96061800,5204.982625767995
2814,LOAD,92254877,5419.767672553507
2815,LOAD,89675962,5575.630178352589
2816,LOAD,97248703,5141.456745186618
2817,LOAD,91058051,5491.002657195024
2818,LOAD,94134987,5311.521421891735
2819,LOAD,97543495,5125.918442844394
2820,LOAD,91463150,5466.682483601319
2821,LOAD,93906978,5324.41795752388
2822,LOAD,92247391,5420.207493998394
2823,LOAD,93370068,5355.035191791871
2824,LOAD,93809602,5329.944796056165
2825,LOAD,96904626,5159.71239597994
2826,LOAD,99229841,5038.806824249573
2827,LOAD,89853919,5564.587561283776
2828,LOAD,89208338,5604.857250002797
2829,LOAD,88403283,5655.89854847359
2830,LOAD,90892178,5501.0234213993635
2831,LOAD,92615671,5398.654402665829
2832,LOAD,93221661,5363.56029957458
2833,LOAD,95054943,5260.115720652213
2834,LOAD,110905327,4508.349720658594
2835,LOAD,96462895,5183.340184845168
2836,LOAD,98209238,5091.170751167014
2837,LOAD,93692455,5336.60901510159
2838,LOAD,95578817,5231.2846684428
2839,LOAD,94541268,5288.695725976512
2840,LOAD,97538597,5126.175846060201
2841,LOAD,96529685,5179.753772116836
2842,LOAD,96005852,5208.015861366451
2843,LOAD,98087735,5097.477273789634
2844,LOAD,100368037,4981.665627275345
2845,LOAD,94073814,5314.975323526269
2846,LOAD,96391823,5187.161985721548
2847,LOAD,99648631,5017.630397752278
2848,LOAD,90720299,5511.445679869286
2849,LOAD,99336060,5033.41888132064
2850,LOAD,95226020,5250.665731908149
2851,LOAD,90604553,5518.486471645636
2852,LOAD,95181847,5253.102516491406
2853,LOAD,92938682,5379.891227637594
2854,LOAD,92714004,5392.928559098796
2855,LOAD,99966230,5001.689070399074
2856,LOAD,93321361,5357.830132803142
2857,LOAD,97517917,5127.262921335779
2858,LOAD,90682071,5513.7690889304895
2859,LOAD,93281462,5360.121821418279
2860,LOAD,98210560,5091.1022195576525
2861,LOAD,93166167,5366.7550796631995
2862,LOAD,90233626,5541.171536207577
2863,LOAD,90578321,5520.084656901512
2864,LOAD,95688107,5225.3097660297535
2865,LOAD,88273759,5664.197442866345
2866,LOAD,95698824,5224.724600586524
2867,LOAD,94257546,5304.615080897608
2868,LOAD,91567594,5460.4470660220695
2869,LOAD,91816055,5445.6706945206915
2870,LOAD,93804230,5330.250032434572
2871,LOAD,94820199,5273.138057851998
2872,LOAD,92600928,5399.513922797836
2873,LOAD,93911400,5324.167247000896
2874,LOAD,94574921,5286.813826680331
2875,LOAD,91669125,5454.399177476604
2876,LOAD,98231569,5090.013374417343
2877,LOAD,92332909,5415.187341276121
2878,LOAD,93206786,5364.416277587342
2879,LOAD,96016024,5207.464120780506
2880,LOAD,95697555,5224.793883187507
2881,LOAD,89315718,5598.118799201726
2882,LOAD,91550138,5461.488217527318
2883,LOAD,96160429,5199.644024050683
2884,LOAD,97232958,5142.289304826044
2885,LOAD,91360229,5472.840922935953
2886,LOAD,98553461,5073.388543909178
2887,LOAD,89734718,5571.979398207948
2888,LOAD,93141372,5368.183754046483
2889,LOAD,96210205,5196.953899017261
2890,LOAD,101067191,4947.2038853835365
2891,LOAD,88273178,5664.234723711885
2892,LOAD,89360072,5595.340164900494
2893,LOAD,94146868,5310.851126773543
2894,LOAD,100227728,4988.639471105242
2895,LOAD,89278822,5600.432317532147
2896,LOAD,98015466,5101.2357580384305
2897,LOAD,97925079,5105.9443107521
2898,LOAD,91742908,5450.0125502889005
2899,LOAD,94644097,5282.949659290426
2900,LOAD,96896426,5160.149044093741
2901,LOAD,98618309,5070.052458514574
2902,LOAD,89170022,5607.265634632231
2903,LOAD,94198909,5307.9171012479555
2904,LOAD,97301952,5138.64305620508
2905,LOAD,98469638,5077.707303036901
2906,LOAD,96130172,5201.280613541397
2907,LOAD,95758480,5221.469680805293
2908,LOAD,91907256,5440.2668707680705
2909,LOAD,98456698,5078.374657659147
2910,LOAD,99340920,5033.172634197469
2911,LOAD,89423169,5591.392092132185
2912,LOAD,89566410,5582.449938542809
2913,LOAD,96004725,5208.0769982935735
2914,LOAD,99850629,5007.47972253635
2915,LOAD,98326670,5085.090342223529
2916,LOAD,105886333,4722.0447231844355
2917,LOAD,97743495,5115.429932191396
2918,LOAD,98937541,5053.693420579353
2919,LOAD,89403401,5592.628405713559
2920,LOAD,96392876,5187.105320936787
2921,LOAD,91661943,5454.82654671634
2922,LOAD,90313444,5536.274311496747
2923,LOAD,90292732,5537.544262145041
2924,LOAD,91527317,5462.849959864988
2925,LOAD,96150185,5200.198002739152
2926,LOAD,104829005,4769.672286787421
2927,LOAD,98777698,5061.871354807236
2928,LOAD,95395220,5241.352763796761
2929,LOAD,90380419,5532.171741757471
2930,LOAD,95346177,5244.048746705386
2931,LOAD,97449593,5130.857755352554
2932,LOAD,101136486,4943.814243259351
2933,LOAD,90757970,5509.158038682443
2934,LOAD,96671298,5172.165992847225
2935,LOAD,90835466,5504.457917351357
2936,LOAD,94259693,5304.494255036455
2937,LOAD,97274215,5140.108301053882
2938,LOAD,89621855,5578.996328518306
2939,LOAD,88343667,5659.715257235133
2940,LOAD,96095594,5203.1521861449755
2941,LOAD,88266596,5664.6571031242665
2942,LOAD,91470639,5466.234908449695
2943,LOAD,94680352,5280.92671222853
2944,LOAD,92655572,5396.329537526356
2945,LOAD,92232110,5421.10551303662
2946,LOAD,93626871,5340.347217200071
2947,LOAD,93397344,5353.471293573402
2948,LOAD,96535877,5179.42153257695
2949,LOAD,92073246,5430.459136848504
2950,LOAD,94751066,5276.985485313696
2951,LOAD,95064895,5259.565058163689
2952,LOAD,96896925,5160.122470346711
2953,LOAD,98046665,5099.612516142186
2954,LOAD,96781104,5166.297751676815
2955,LOAD,87003309,5746.90785611384
2956,LOAD,90132077,5547.414601352191
2957,LOAD,90189328,5543.893175476372
2958,LOAD,99079752,5046.439760971546
2959,LOAD,88244996,5666.043658724853
2960,LOAD,87856408,5691.104512262783
2961,LOAD,92880766,5383.245870302146
2962,LOAD,94453107,5293.632108893993
2963,LOAD,98729690,5064.332725039449
2964,LOAD,91203913,5482.220921815054
2965,LOAD,88424344,5654.551420816874
2966,LOAD,92102914,5428.709888592667
2967,LOAD,95233111,5250.274770504977
2968,LOAD,94820900,5273.099074149264
2969,LOAD,85232931,5866.277202176703
2970,LOAD,90007769,5555.076029048115
2971,LOAD,95753869,5221.721119174829
2972,LOAD,89015907,5616.973604504193
2973,LOAD,93514142,5346.78487452732
2974,LOAD,90106170,5549.009573928179
2975,LOAD,89292511,5599.573742528083
2976,LOAD,92205237,5422.685481519883
2977,LOAD,89226865,5603.693461604866
2978,LOAD,88552437,5646.371990869094
2979,LOAD,89324269,5597.582892058149
2980,LOAD,98694541,5066.1363327076015
2981,LOAD,95181761,5253.107262850494
2982,LOAD,89841213,5565.374545866828
2983,LOAD,92531112,5403.587930511415
2984,LOAD,89985106,5556.475090444412
2985,LOAD,93854340,5327.404145615429
2986,LOAD,96526904,5179.903004037092
2987,LOAD,97525739,5126.851691941551
2988,LOAD,93112055,5369.873965299123
2989,LOAD,99109735,5044.9130955702785
2990,LOAD,92969797,5378.090693260307
2991,LOAD,98503760,5075.9483698896365
2992,LOAD,90401033,5530.910249664957
2993,LOAD,91998160,5434.891306521782
2994,LOAD,94001560,5319.060662397518
2995,LOAD,98637375,5069.072448450702
2996,LOAD,97532390,5126.502077925088
2997,LOAD,94024166,5317.781813666925
2998,LOAD,90657231,5515.279856716559
2999,LOAD,90193256,5543.651733783731
3000,LOAD,97457332,5130.450318504512
3001,LOAD,95919264,5212.717228522521
3002,LOAD,93911582,5324.156928801391
3003,LOAD,94920077,5267.589490050667
3004,LOAD,97973739,5103.4083735438535
3005,LOAD,92314836,5416.247503272389
3006,LOAD,96191968,5197.93918760452
3007,LOAD,95334573,5244.687045485586
3008,LOAD,89963646,5557.800536452247
3009,LOAD,88598505,5643.43608280975
3010,LOAD,91735396,5450.458839246739
3011,LOAD,92940880,5379.763996209203
3012,LOAD,97743151,5115.44793557965
3013,LOAD,92929763,5380.407566518813
3014,LOAD,94820205,5273.1377241802
3015,LOAD,92175321,5424.445443482644
3016,LOAD,102438430,4880.980702261837
3017,LOAD,96802771,5165.14139868992
3018,LOAD,92109716,5428.308996197535
3019,LOAD,96760130,5167.417613018916
3020,LOAD,95557062,5232.4756489478505
3021,LOAD,105094299,4757.6320005712205
3022,LOAD,90999019,5494.56472712085
3023,LOAD,92123850,5427.476163881557
3024,LOAD,98469634,5077.707509301802
3025,LOAD,91803688,5446.4042882460235
3026,LOAD,98081474,5097.80266964585
3027,LOAD,94784481,5275.125154718102
3028,LOAD,92853183,5384.845019260137
3029,LOAD,96304976,5191.839723837323
3030,LOAD,92693377,5394.128644164081
3031,LOAD,96308629,5191.6427966179435
3032,LOAD,89194660,5605.716754792272
3033,LOAD,96815037,5164.487000092764
3034,LOAD,94914249,5267.912934758616
3035,LOAD,96194160,5197.820740884894
3036,LOAD,90699076,5512.735322683993
3037,LOAD,101580113,4922.223309596043
3038,LOAD,86741396,5764.260469130564
3039,LOAD,97903401,5107.074880881819
3040,LOAD,88425085,5654.504035817437
3041,LOAD,98558947,5073.106148343894
3042,LOAD,88085921,5676.276007831036
3043,LOAD,97457697,5130.431103866532
3044,LOAD,92113300,5428.097788267275
3045,LOAD,94732783,5278.003919720168
3046,LOAD,91671054,5454.284402577066
3047,LOAD,98187809,5092.281873811849
3048,LOAD,91006842,5494.092411205742
3049,LOAD,100746918,4962.930975218517
3050,LOAD,91426120,5468.89663479102
3051,LOAD,100457189,4977.244585253127
3052,LOAD,95433301,5239.261293078398
3053,LOAD,91879763,5441.894751078102
3054,LOAD,89036478,5615.6758581578215
3055,LOAD,94035794,5317.124243136608
3056,LOAD,87252628,5730.48642156658
3057,LOAD,92626156,5398.04329135714
3058,LOAD,90209566,5542.649434761719
3059,LOAD,89987029,5556.356349980174
3060,LOAD,90500405,5524.837154043676
3061,LOAD,96022231,5207.127503629862
3062,LOAD,93426677,5351.790474149048
3063,LOAD,88132703,5673.262965734751
3064,LOAD,89505250,5586.264492864944
3065,LOAD,94881832,5269.712751752095
3066,LOAD,87976439,5683.339831474652
3067,LOAD,94056638,5315.945909102131
3068,LOAD,92094823,5429.1868284496295
3069,LOAD,89028543,5616.176376153881
3070,LOAD,95991535,5208.792629475089
3071,LOAD,102244764,4890.225967952745
3072,LOAD,104564113,4781.75528539127
3073,LOAD,92161648,5425.250208199402
3074,LOAD,98169023,5093.256352362802
3075,LOAD,89536695,5584.302614698923
3076,LOAD,91448047,5467.585327437338
3077,LOAD,97400912,5133.422159332553
3078,LOAD,97715575,5116.8915497862035
3079,LOAD,95590092,5230.66763028118
3080,LOAD,89934831,5559.581248337477
3081,LOAD,96545759,5178.891389729507
3082,LOAD,95369373,5242.77327481224
3083,LOAD,104860211,4768.252850454402
3084,LOAD,88767457,5632.694873753115
3085,LOAD,96274960,5193.458402891053
3086,LOAD,95148068,5254.967447158255
3087,LOAD,89552068,5583.3439826314225
3088,LOAD,91109860,5487.8802360139725
3089,LOAD,96786564,5166.006306412531
3090,LOAD,97842955,5110.22995983717
3091,LOAD,94465211,5292.953826144527
3092,LOAD,97260654,5140.824983553987
3093,LOAD,95762701,5221.2395304096535
3094,LOAD,89902985,5561.550598125302
3095,LOAD,98956061,5052.747602797164
3096,LOAD,91580675,5459.66711863611
3097,LOAD,96894232,5160.26588662161
3098,LOAD,98374027,5082.6423929966795
3099,LOAD,95610210,5229.56700963213
3100,LOAD,89744710,5571.359024949771
3101,LOAD,95608468,5229.662293093118
3102,LOAD,104474755,4785.845154650039
3103,LOAD,91431266,5468.588830433563
3104,LOAD,93825727,5329.028785463074
3105,LOAD,95698022,5224.768386539901
3106,LOAD,90934879,5498.44026294905
3107,LOAD,97852043,5109.755347673222
3108,LOAD,96329945,5190.493983983901
3109,LOAD,94496183,5291.219011459966
3110,LOAD,91546793,5461.687773158805
3111,LOAD,97627960,5121.483640547237
3112,LOAD,97386621,5134.175463383209
3113,LOAD,92249957,5420.0567269641115
3114,LOAD,94607495,5284.993540945144
3115,LOAD,94353359,5299.2284037285835
3116,LOAD,90108156,5548.887272756974
3117,LOAD,95283158,5247.517090061184
3118,LOAD,91669174,5454.396261932065
3119,LOAD,92267926,5419.001181407286
3120,LOAD,96166240,5199.329827182595
3121,LOAD,92676391,5395.117295838591
3122,LOAD,95689571,5225.229821544503
3123,LOAD,87554381,5710.736507862468
3124,LOAD,100105259,4994.742583903609
3125,LOAD,95768252,5220.93689253094
3126,LOAD,90555569,5521.4715728858155
3127,LOAD,90320417,5535.846894949566
3128,LOAD,98326306,5085.109167021896
3129,LOAD,95466927,5237.41588539872
3130,LOAD,91325764,5474.906292598877
3131,LOAD,95788467,5219.835076805228
3132,LOAD,92827510,5386.334288186767
3133,LOAD,94136566,5311.432329069663
3134,LOAD,93942176,5322.423019028216
3135,LOAD,95103850,5257.410714708185
3136,LOAD,90075368,5550.907102594352
3137,LOAD,96191901,5197.942808095663
3138,LOAD,92625068,5398.106698286041
3139,LOAD,96161654,5199.577785964455
3140,LOAD,90321977,5535.751282326338
3141,LOAD,94605668,5285.095603362793
3142,LOAD,96374015,5188.120470025037
3143,LOAD,93952145,5321.858271570064
3144,LOAD,98233864,5089.89445839166
3145,LOAD,93284398,5359.953118848449
3146,LOAD,90057102,5552.03297570024
3147,LOAD,98310302,5085.936975353814
3148,LOAD,91646320,5455.7564340826775
3149,LOAD,95722614,5223.426096575256
3150,LOAD,91299469,5476.483110761575
3151,LOAD,94440439,5294.342183225133
3152,LOAD,90757413,5509.191849705985
3153,LOAD,88769223,5632.582815330038
3154,LOAD,98022647,5100.862048746755
3155,LOAD,96718474,5169.643185230569
3156,LOAD,97816746,5111.599193864004
3157,LOAD,94584687,5286.267955826718
3158,LOAD,95459395,5237.829131433317
3159,LOAD,93987272,5319.869269106991
3160,LOAD,94810169,5273.695904919228
3161,LOAD,93802360,5330.356293807533
3162,LOAD,95271150,5248.178488451121
3163,LOAD,93763838,5332.5462210708565
3164,LOAD,89773139,5569.594709170189
3165,LOAD,100366541,4981.739880823431
3166,LOAD,98776394,5061.938179277936
3167,LOAD,100147227,4992.649471961915
3168,LOAD,95428352,5239.5330058723
3169,LOAD,98086662,5097.533036652832
3170,LOAD,88861025,5626.763814619514
3171,LOAD,94253899,5304.820334276039
3172,LOAD,97372841,5134.902041114319
3173,LOAD,100595610,4970.395825424191
3174,LOAD,94402604,5296.464067876772
3175,LOAD,96085503,5203.69862662841
3176,LOAD,103198127,4845.049174196737
3177,LOAD,98180233,5092.674815713668
3178,LOAD,94280774,5303.3081803083205
3179,LOAD,94016597,5318.2099326568905
3180,LOAD,89835392,5565.735161482904
3181,LOAD,95873383,5215.2118174446805
3182,LOAD,94191303,5308.345718500146
3183,LOAD,90138767,5547.002878350888
3184,LOAD,95909502,5213.247796865841
3185,LOAD,92890386,5382.6883656183745
3186,LOAD,88175543,5670.506616556929
3187,LOAD,91065765,5490.537525270885
3188,LOAD,97932428,5105.561152838975
3189,LOAD,92822195,5386.64270975277
3190,LOAD,96240731,5195.305509472907
3191,LOAD,97918402,5106.292482183278
3192,LOAD,97592493,5123.344886783454
3193,LOAD,91540060,5462.089493933038
3194,LOAD,91006338,5494.12283790608
3195,LOAD,98312324,5085.832372348354
3196,LOAD,97130171,5147.7310793574115
3197,LOAD,89691827,5574.643941638072
3198,LOAD,94859769,5270.938410149407
3199,LOAD,101876111,4907.921936674634
3200,LOAD,97639845,5120.860238973136
3201,LOAD,95251493,5249.261552257244
3202,LOAD,102285301,4888.287907565526
3203,LOAD,99034542,5048.743498000929
3204,LOAD,90435596,5528.796426575217
3205,LOAD,97999916,5102.045189508121
3206,LOAD,90955662,5497.183891641622
3207,LOAD,93132574,5368.690872862593
3208,LOAD,92736758,5391.605343805527
3209,LOAD,109009079,4586.773914492021
3210,LOAD,91010723,5493.858124827774
3211,LOAD,100626004,4968.894521539383
3212,LOAD,99369908,5031.704366678089
3213,LOAD,95719367,5223.603286051819
3214,LOAD,92311508,5416.442768977407
3215,LOAD,102479189,4879.039392085743
3216,LOAD,95862880,5215.78321035212
3217,LOAD,92795586,5388.187321754722
3218,LOAD,95541075,5233.351205227699
3219,LOAD,94206738,5307.475989668595
3220,LOAD,95648787,5227.457824425939
3221,LOAD,90717733,5511.601574082545
3222,LOAD,95115210,5256.782800563654
3223,LOAD,106752824,4683.716844811524
3224,LOAD,95542862,5233.253322472169
3225,LOAD,88977449,5619.401383377489
3226,LOAD,97889268,5107.81222717898
3227,LOAD,91394113,5470.811889164021
3228,LOAD,90384978,5531.892700134308
3229,LOAD,97482892,5129.105115182672
3230,LOAD,90676827,5514.087959870938
3231,LOAD,97890986,5107.72258438586
3232,LOAD,98698320,5065.94235849202
3233,LOAD,89664579,5576.338009683846
3234,LOAD,99053197,5047.792652265429
3235,LOAD,94350004,5299.416839452386
3236,LOAD,94293973,5302.565838433809
3237,LOAD,90391737,5531.479055436229
3238,LOAD,99769144,5011.569508905479
3239,LOAD,89168510,5607.360715122413
3240,LOAD,94200779,5307.811732639706
3241,LOAD,92571362,5401.238452125183
3242,LOAD,95008625,5262.680098780505
3243,LOAD,96941743,5157.736848201708
3244,LOAD,101541958,4924.072864539406
3245,LOAD,97177731,5145.21171522311
3246,LOAD,91488969,5465.1397372288675
3247,LOAD,88313360,5661.65753403562
3248,LOAD,100941364,4953.370750963896
3249,LOAD,99161533,5042.277835700664
3250,LOAD,95257429,5248.93444268793
3251,LOAD,94219812,5306.739520983124
3252,LOAD,98726211,5064.511186396083
3253,LOAD,95985328,5209.129461952769
3254,LOAD,90216197,5542.242043299609
3255,LOAD,91091746,5488.971525477182
3256,LOAD,99008689,5050.061818311724
3257,LOAD,92330408,5415.334025167526
3258,LOAD,88995316,5618.273213390242
3259,LOAD,97323759,5137.491658126357
3260,LOAD,90394473,5531.311632294156
3261,LOAD,88794071,5631.006601780878
3262,LOAD,91273412,5478.046553140799
3263,LOAD,97633173,5121.210185394671
3264,LOAD,91630856,5456.677169969907
3265,LOAD,92084616,5429.788619632187
3266,LOAD,94828041,5272.701984848553
3267,LOAD,89515671,5585.614165814609
3268,LOAD,89435065,5590.648365940137
3269,LOAD,107688958,4643.0015601042405
3270,LOAD,94480004,5292.125093474805
3271,LOAD,92432736,5409.3389597382475
3272,LOAD,97332881,5137.010174393173
3273,LOAD,94741144,5277.5381306351965
3274,LOAD,87684302,5702.274963653129
3275,LOAD,94241671,5305.508642774384
3276,LOAD,95940781,5211.5481528131395
3277,LOAD,89092006,5612.17579947633
3278,LOAD,92171526,5424.668785455499
3279,LOAD,99480992,5026.08578732307
3280,LOAD,90913105,5499.757158222678
3281,LOAD,100041286,4997.936551915176
3282,LOAD,94743447,5277.409845559028
3283,LOAD,102410844,4882.295472538045
3284,LOAD,90308006,5536.607684594432
3285,LOAD,93473407,5349.114962718755
3286,LOAD,97224832,5142.719094644463
3287,LOAD,91616847,5457.511542609625
3288,LOAD,92186334,5423.797414484451
3289,LOAD,97584748,5123.751510840608
3290,LOAD,96868104,5161.657752690194
3291,LOAD,91559942,5460.903415600678
3292,LOAD,92605754,5399.232535809816
3293,LOAD,95067797,5259.404506869977
3294,LOAD,89889546,5562.382081671655
3295,LOAD,96859872,5162.096435560023
3296,LOAD,96673962,5172.02346584285
3297,LOAD,94706549,5279.465942740665
3298,LOAD,90615536,5517.817606905729
3299,LOAD,97089378,5149.893946174009
3300,LOAD,90355278,5533.711046741509
3301,LOAD,95196860,5252.274077107165
3302,LOAD,97006677,5154.284379826762
3303,LOAD,98347017,5084.038288624453
3304,LOAD,103753012,4819.137202493938
3305,LOAD,95348655,5243.912460013201
3306,LOAD,98330586,5084.887829306743
3307,LOAD,99209239,5039.853193511544
3308,LOAD,95452051,5238.232125572661
3309,LOAD,95229197,5250.49056120887
3310,LOAD,103854649,4814.420970215787
3311,LOAD,92705170,5393.442458495034
3312,LOAD,97240500,5141.890467449262
3313,LOAD,95987743,5208.998403056523
3314,LOAD,90179619,5544.490047135817
3315,LOAD,95476590,5236.885816722193
3316,LOAD,93085138,5371.426746985109
3317,LOAD,97225988,5142.6579486134915
3318,LOAD,93691652,5336.654753403217
3319,LOAD,92523864,5404.011228930084
3320,LOAD,97559517,5125.076623739333
3321,LOAD,98547456,5073.697691394489
3322,LOAD,93247826,5362.055304109717
3323,LOAD,95585442,5230.92208957929
3324,LOAD,93822982,5329.184698051912
3325,LOAD,95649288,5227.43044360142
3326,LOAD,103920347,4811.377313819016
3327,LOAD,89184997,5606.324121982087
3328,LOAD,98139098,5094.809410210801
3329,LOAD,95294349,5246.900841937648
3330,LOAD,101891690,4907.171526941991
3331,LOAD,93323072,5357.731901495913
3332,LOAD,96519457,5180.302661669553
3333,LOAD,93978430,5320.369791238266
3334,LOAD,96229002,5195.938746200444
3335,LOAD,89777601,5569.317897010859
3336,LOAD,98202393,5091.525620969338
3337,LOAD,91417109,5469.4357048635175
3338,LOAD,99991970,5000.401532243039
3339,LOAD,95453940,5238.128462795774
3340,LOAD,101987323,4902.5700968737065
3341,LOAD,92567476,5401.465197128201
3342,LOAD,99737243,5013.1724615648345
3343,LOAD,96104607,5202.664217751809
3344,LOAD,101253118,4938.119535242362
3345,LOAD,100282616,4985.909023354557
3346,LOAD,99351870,5032.61790643699
3347,LOAD,98679577,5066.904573374894
3348,LOAD,93539631,5345.32790705578
3349,LOAD,97159618,5146.170912281685
3350,LOAD,91749205,5449.6385009548585
3351,LOAD,98609307,5070.515301359942
3352,LOAD,96801341,5165.21770085809
3353,LOAD,96799115,5165.336480607287
3354,LOAD,94435111,5294.640888387371
3355,LOAD,98219755,5090.625607852515
3356,LOAD,96876464,5161.212325008064
3357,LOAD,96849308,5162.659499848983
3358,LOAD,93935634,5322.793690837281
3359,LOAD,102330610,4886.123516707269
3360,LOAD,94319834,5301.111959124101
3361,LOAD,95856500,5216.130361529996
3362,LOAD,97794558,5112.758932864137
3363,LOAD,98514895,5075.3746425857735
3364,LOAD,99682414,5015.929891103961
3365,LOAD,93733651,5334.26357200148
3366,LOAD,97064789,5151.198546364738
3367,LOAD,93644418,5339.34654813061
3368,LOAD,97328958,5137.21722984027
3369,LOAD,93142803,5368.101279923903
3370,LOAD,100497785,4975.234031277406
3371,LOAD,96507745,5180.931333542194
3372,LOAD,98490516,5076.630931652343
3373,LOAD,98306382,5086.139778798898
3374,LOAD,98864201,5057.4423799773585
3375,LOAD,96932757,5158.2149881489495
3376,LOAD,96803722,5165.090656328276
3377,LOAD,92901579,5382.039846707019
3378,LOAD,94420559,5295.456893026867
3379,LOAD,95478994,5236.753960771728
3380,LOAD,97052231,5151.86508180322
3381,LOAD,104692225,4775.903845772692
3382,LOAD,95632718,5228.336185111878
3383,LOAD,94071855,5315.086005266931
3384,LOAD,98633928,5069.249599387343
3385,LOAD,92032229,5432.8793883716535
3386,LOAD,94415099,5295.763127886991
3387,LOAD,94410904,5295.998436790734
3388,LOAD,94254492,5304.7869591191475
3389,LOAD,95448371,5238.434084956777
3390,LOAD,95500701,5235.563663558868
3391,LOAD,107794896,4638.438539798768
3392,LOAD,90747736,5509.779329370817
3393,LOAD,94113761,5312.719358861878
3394,LOAD,93945064,5322.259400451311
3395,LOAD,94355945,5299.083168527431
3396,LOAD,111970248,4465.471935009021
3397,LOAD,104199180,4798.502253088748
3398,LOAD,101440603,4928.992782111124
3399,LOAD,94882344,5269.684315556116
3400,LOAD,105093544,4757.666179760767
3401,LOAD,91159306,5484.90353798876
3402,LOAD,98187582,5092.293646665013
3403,LOAD,94816615,5273.337378686214
3404,LOAD,97135322,5147.458099742543
3405,LOAD,91381622,5471.559697200384
3406,LOAD,97861982,5109.236393761164
3407,LOAD,93287571,5359.770810197213
3408,LOAD,93784160,5331.390716726577
3409,LOAD,91301306,5476.3729228583
3410,LOAD,97120118,5148.263926120848
3411,LOAD,98417468,5080.398938936328
3412,LOAD,93201567,5364.716668336703
3413,LOAD,97854013,5109.6524779213705
3414,LOAD,97969983,5103.604029409702
3415,LOAD,95330120,5244.932031974784
3416,LOAD,95904371,5213.526711936831
3417,LOAD,97687965,5118.337760439579
3418,LOAD,90840101,5504.17705942445
3419,LOAD,97781837,5113.424080997783
3420,LOAD,99078202,5046.518708524808
3421,LOAD,101869895,4908.221413205541
3422,LOAD,96336401,5190.1461421628155
3423,LOAD,99546079,5022.799541908627
3424,LOAD,94539303,5288.805651550023
3425,LOAD,90463221,5527.108082963351
3426,LOAD,91356910,5473.03975145394
3427,LOAD,98534769,5074.350963364009
3428,LOAD,96550207,5178.652801852615
3429,LOAD,100313761,4984.361019023103
3430,LOAD,95512287,5234.9285699755055
3431,LOAD,108086435,4625.927388575634
3432,LOAD,86729643,5765.041601750857
3433,LOAD,95728601,5223.099416234027
3434,LOAD,100911665,4954.828562188523
3435,LOAD,95936661,5211.7719627536335
3436,LOAD,99993066,5000.346724041845
3437,LOAD,100105252,4994.742933167982
3438,LOAD,100980378,4951.4570048450405
3439,LOAD,96562322,5178.003072461327
3440,LOAD,105974041,4718.136585921075
3441,LOAD,94336747,5300.161558464592
3442,LOAD,96050810,5205.578172635921
3443,LOAD,95117810,5256.6391089113595
3444,LOAD,97647535,5120.456957771643
3445,LOAD,90275872,5538.578458704891
3446,LOAD,95779439,5220.327089199176
3447,LOAD,94490310,5291.547884645526
3448,LOAD,101792669,4911.945083196512
3449,LOAD,96112155,5202.255635616536
3450,LOAD,93206924,5364.40833515759
3451,LOAD,96034899,5206.440629463254
3452,LOAD,93709508,5335.637873586958
3453,LOAD,102960666,4856.223443620693
3454,LOAD,99450149,5027.644553855822
3455,LOAD,93240242,5362.4914444130245
3456,LOAD,92960459,5378.630929522411
3457,LOAD,101054557,4947.822392611151
3458,LOAD,98181979,5092.5842511282035
3459,LOAD,91431997,5468.545108995049
3460,LOAD,95408277,5240.635463944077
3461,LOAD,97886963,5107.932503739033
3462,LOAD,90669668,5514.523335411353
3463,LOAD,97402086,5133.360285528176
3464,LOAD,96729034,5169.0788104014355
3465,LOAD,103865001,4813.941127290799
3466,LOAD,99808751,5009.580773132809
3467,LOAD,101714897,4915.700794545365
3468,LOAD,96338015,5190.059188992009
3469,LOAD,96873518,5161.369281540906
3470,LOAD,101160995,4942.6164699151095
3471,LOAD,96995060,5154.901703241382
3472,LOAD,97373040,5134.891546982614
3473,LOAD,99341420,5033.147301498207
3474,LOAD,98985473,5051.24625711492
3475,LOAD,94337870,5300.098465229287
3476,LOAD,103064918,4851.311287124878
3477,LOAD,98517016,5075.265373445741
3478,LOAD,98853828,5057.973071108587
3479,LOAD,86750368,5763.66431091105
3480,LOAD,101915063,4906.046125880332
3481,LOAD,97070530,5150.893891276786
3482,LOAD,100994242,4950.777292828238
3483,LOAD,96185041,5198.313529855437
3484,LOAD,92018231,5433.705849007247
3485,LOAD,97940552,5105.13765534015
3486,LOAD,90181672,5544.363825944589
3487,LOAD,98579754,5072.035379597315
3488,LOAD,91539611,5462.116285375082
3489,LOAD,95039717,5260.958426465012
3490,LOAD,95712805,5223.961412477672
3491,LOAD,98703155,5065.694201973584
3492,LOAD,93731479,5334.387180639708
3493,LOAD,96038538,5206.243352017708
3494,LOAD,97823207,5111.261584380483
3495,LOAD,94776193,5275.58645450129
3496,LOAD,92968346,5378.174631610634
3497,LOAD,96335255,5190.207883915395
3498,LOAD,95717805,5223.688529004608
3499,LOAD,92119640,5427.724207346012
3500,LOAD,99646755,5017.724862189441
3501,LOAD,95807378,5218.804756351854
3502,LOAD,90211805,5542.511869704857
3503,LOAD,96867135,5161.7093867801495
3504,LOAD,97145678,5146.909366364193
3505,LOAD,97882802,5108.149642058674
3506,LOAD,96349338,5189.449251846442
3507,LOAD,96663698,5172.5726445930095
3508,LOAD,92042927,5432.24793361906
3509,LOAD,107412591,4654.947761198685
3510,LOAD,103451912,4833.163450860145
3511,LOAD,98165816,5093.422745041919
3512,LOAD,98979783,5051.536635516771
3513,LOAD,95644822,5227.6745310896185
3514,LOAD,97757327,5114.706133485012
3515,LOAD,94763315,5276.303388077971
3516,LOAD,99466902,5026.797758313614
3517,LOAD,96697677,5170.755032719142
3518,LOAD,92627985,5397.936703470339
3519,LOAD,90382600,5532.0382462996195
3520,LOAD,93178640,5366.036679651044
3521,LOAD,97426517,5132.073026894722
3522,LOAD,92495256,5405.6826438752705
3523,LOAD,97091517,5149.780490091632
3524,LOAD,98090738,5097.321217014393
3525,LOAD,94048011,5316.433539461031
3526,LOAD,100180269,4991.002769217959
3527,LOAD,88450505,5652.878974518008
3528,LOAD,96464557,5183.250880424403
3529,LOAD,93774610,5331.933665199994
3530,LOAD,99742322,5012.917184743304
3531,LOAD,101536172,4924.353460951827
3532,LOAD,99289317,5035.7884927338155
3533,LOAD,99659699,5017.073150100523
3534,LOAD,97175591,5145.3250230297035
3535,LOAD,94338071,5300.087172653763
3536,LOAD,91049780,5491.501462167179
3537,LOAD,101636555,4919.489842999893
3538,LOAD,95296874,5246.761819280662
3539,LOAD,101506580,4925.789047370132
3540,LOAD,98365138,5083.101698083319
3541,LOAD,97266103,5140.536986456628
3542,LOAD,94453160,5293.629138506324
3543,LOAD,100415636,4979.304219115836
3544,LOAD,96643132,5173.673386330236
3545,LOAD,96995260,5154.891074058671
3546,LOAD,94345353,5299.678088013513
3547,LOAD,100890802,4955.853160925413
3548,LOAD,96510075,5180.80625261145
3549,LOAD,95445251,5238.60532359017
3550,LOAD,94027929,5317.568995909715
3551,LOAD,100086918,4995.657874088999
3552,LOAD,98967888,5052.143782233688
3553,LOAD,95221900,5250.892914340083
3554,LOAD,92387217,5412.004130398257
3555,LOAD,99499225,5025.164768871316
3556,LOAD,93698611,5336.258399817688
3557,LOAD,95876469,5215.043954111409
3558,LOAD,97189861,5144.569555460112
3559,LOAD,104831785,4769.545801399833
3560,LOAD,99157738,5042.470815540387
3561,LOAD,102991157,4854.785736604552
3562,LOAD,93314196,5358.24152629467
3563,LOAD,100681897,4966.136067142239
3564,LOAD,98639312,5068.972906055955
3565,LOAD,90947791,5497.659640793255
3566,LOAD,102148128,4894.852307033958
3567,LOAD,99087065,5046.067314638899
3568,LOAD,99355218,5032.448320932675
3569,LOAD,94377101,5297.895301954655
3570,LOAD,93386457,5354.095401649085
3571,LOAD,95156028,5254.527858182563
3572,LOAD,94632357,5283.605056989123
3573,LOAD,103924816,4811.170413811462
3574,LOAD,98840984,5058.630334963076
3575,LOAD,100962111,4952.352868295316
3576,LOAD,101838589,4909.730239879895
3577,LOAD,100516617,4974.30191069801
3578,LOAD,100847181,4957.996793187506
3579,LOAD,92155445,5425.615382791543
3580,LOAD,97267050,5140.486937765667
3581,LOAD,97098887,5149.38961143808
3582,LOAD,98868919,5057.201040096332
3583,LOAD,99646830,5017.721085557865
3584,LOAD,96931194,5158.298163540624
3585,LOAD,96534909,5179.473469022486
3586,LOAD,97477106,5129.409566180597
3587,LOAD,97164835,5145.894602713009
3588,LOAD,92553461,5402.28311937465
3589,LOAD,100109364,4994.53777370916
3590,LOAD,94707308,5279.423632229099
3591,LOAD,92589237,5400.195705252437
3592,LOAD,98857941,5057.762633352843
3593,LOAD,96541419,5179.124205746344
3594,LOAD,100146881,4992.6667211932445
3595,LOAD,97102676,5149.188679413943
3596,LOAD,95048037,5260.497910125172
3597,LOAD,92460960,5407.687741939949
3598,LOAD,98956211,5052.739943731272
3599,LOAD,90201434,5543.149125544945
3600,LOAD,92071959,5430.535044877236
3601,LOAD,96107220,5202.522765719371
3602,LOAD,98711544,5065.263693980919
3603,LOAD,95046611,5260.57683424399
3604,LOAD,102667037,4870.112302939063
3605,LOAD,91395171,5470.748558476903
3606,LOAD,101600424,4921.239305064317
3607,LOAD,98677986,5066.986267838907
3608,LOAD,95144997,5255.137062014937
3609,LOAD,97519073,5127.202142292718
3610,LOAD,97784225,5113.299205470003
3611,LOAD,96529216,5179.7789386376035
3612,LOAD,100833659,4958.661670702637
3613,LOAD,99415551,5029.394244367262
3614,LOAD,98612176,5070.367780952323
3615,LOAD,101158072,4942.759288650736
3616,LOAD,97599741,5122.964414424009
3617,LOAD,95090690,5258.138309859777
3618,LOAD,99805386,5009.749674231008
3619,LOAD,101644030,4919.128058972081
3620,LOAD,97584742,5123.751825874582
3621,LOAD,97278269,5139.894090837492
3622,LOAD,98211850,5091.035348585736
3623,LOAD,96527245,5179.884705090258
3624,LOAD,97334171,5136.94209200179
3625,LOAD,97148130,5146.779459367875
3626,LOAD,94026712,5317.637821898951
3627,LOAD,101877947,4907.833488242554
3628,LOAD,101795787,4911.794630557746
3629,LOAD,100929460,4953.954970134587
3630,LOAD,91910921,5440.049937047198
3631,LOAD,99198132,5040.417494958474
3632,LOAD,101665864,4918.07161546377
3633,LOAD,91697658,5452.701965408975
3634,LOAD,100768999,4961.8434733086915
3635,LOAD,98059412,5098.949604144067
3636,LOAD,96013703,5207.590004105976
3637,LOAD,93848355,5327.743890662761
3638,LOAD,100268752,4986.598417022284
3639,LOAD,95797265,5219.35568828609
3640,LOAD,95927991,5212.24300423429
3641,LOAD,93914858,5323.971208048891
3642,LOAD,96488028,5181.990039220203
3643,LOAD,95347367,5243.983297409775
3644,LOAD,96987341,5155.3119700435955
3645,LOAD,98317293,5085.57533210358
3646,LOAD,100117971,4994.108400378989
3647,LOAD,93422675,5352.019731826347
3648,LOAD,96554726,5178.410428092355
3649,LOAD,92130753,5427.069504142661
3650,LOAD,100798413,4960.395557021319
3651,LOAD,95001051,5263.0996682341965
3652,LOAD,103284252,4841.0090630273435
3653,LOAD,99901372,5004.936268542939
3654,LOAD,95895722,5213.996928872385
3655,LOAD,91300397,5476.427446421728
3656,LOAD,99874854,5006.265140572821
3657,LOAD,94419585,5295.511519140864
3658,LOAD,96643022,5173.679275054126
3659,LOAD,95932891,5211.976776557271
3660,LOAD,89428674,5591.047900363591
3661,LOAD,92129358,5427.151679489615
3662,LOAD,105119522,4756.490426202661
3663,LOAD,93694457,5336.4949860374345
3664,LOAD,102038439,4900.114161879721
3665,LOAD,99829247,5008.552253228956
3666,LOAD,99843604,5007.832049011372
3667,LOAD,94640771,5283.1353201888005
3668,LOAD,98660472,5067.88574861065
3669,LOAD,97047566,5152.1127278967515
3670,LOAD,104604496,4779.909268909436
3671,LOAD,100844411,4958.132979724578
3672,LOAD,94949026,5265.983455164669
3673,LOAD,97432853,5131.739291263492
3674,LOAD,101678498,4917.460523462885
3675,LOAD,96722454,5169.430461307361
3676,LOAD,97410235,5132.930846537841
3677,LOAD,96112829,5202.2191543233
3678,LOAD,103386375,4836.22721079059
3679,LOAD,98040748,5099.9202902858315
3680,LOAD,94091562,5313.97278748545
3681,LOAD,104839730,4769.184354061194
3682,LOAD,104734291,4773.985628069035
3683,LOAD,98584097,5071.81193737566
3684,LOAD,96514982,5180.54285084983
3685,LOAD,95797325,5219.352419287282
3686,LOAD,104110751,4802.57797775371
3687,LOAD,100534385,4973.422774705391
3688,LOAD,99793242,5010.3593187202
3689,LOAD,94280372,5303.330792967172
3690,LOAD,97317355,5137.829732425424
3691,LOAD,97522959,5126.997838529489
3692,LOAD,98475907,5077.384054964836
3693,LOAD,92369232,5413.057889233073
3694,LOAD,103336815,4838.546649613692
3695,LOAD,106195976,4708.276328662397
3696,LOAD,98216267,5090.806393608912
3697,LOAD,98037296,5100.099864035418
3698,LOAD,103056504,4851.707370162682
3699,LOAD,91490141,5465.069728114202
3700,LOAD,95218799,5251.063920686503
3701,LOAD,94775296,5275.636385245371
3702,LOAD,108945097,4589.467665534319
3703,LOAD,98852110,5058.060976139002
3704,LOAD,90740034,5510.24699858499
3705,LOAD,103571016,4827.605437413107
3706,LOAD,102427998,4881.477816250982
3707,LOAD,104452383,4786.870204770724
3708,LOAD,103088355,4850.2083479749
3709,LOAD,96434100,5184.887918277871
3710,LOAD,105827759,4724.658300663817
3711,LOAD,98660901,5067.863712292674
3712,LOAD,100518443,4974.211548422014
3713,LOAD,94311317,5301.590688209772
3714,LOAD,99889285,5005.541885698752
3715,LOAD,95577196,5231.3733916194815
3716,LOAD,105043845,4759.9171564978415
3717,LOAD,99087056,5046.067772969257
3718,LOAD,93763583,5332.5607234953895
3719,LOAD,97975202,5103.332167664222
3720,LOAD,100458013,4977.203759743884
3721,LOAD,99855397,5007.240620153962
3722,LOAD,102488194,4878.610701248185
3723,LOAD,96450398,5184.01178603742
3724,LOAD,96083659,5203.798493977004
3725,LOAD,99128352,5043.965625495317
3726,LOAD,98649016,5068.4742765199
3727,LOAD,91770049,5448.400708601561
3728,LOAD,102846285,4861.624316328003
3729,LOAD,99996381,5000.180956548817
3730,LOAD,98672591,5067.263309220289
3731,LOAD,96992127,5155.057585240914
3732,LOAD,96511810,5180.713116871396
3733,LOAD,95804724,5218.949328636446
3734,LOAD,95315812,5245.719356616298
3735,LOAD,98437715,5079.353985410979
3736,LOAD,100196021,4990.218124530115
3737,LOAD,98067492,5098.52949028206
3738,LOAD,96970276,5156.219210926037
3739,LOAD,96193101,5197.877964241948
3740,LOAD,92970307,5378.061191085451
3741,LOAD,95785891,5219.97545546661
3742,LOAD,99016638,5049.656402189701
3743,LOAD,96394700,5187.0071694813105
3744,LOAD,94803751,5274.052922230893
3745,LOAD,102600628,4873.264518419907
3746,LOAD,92386910,5412.022114388283
3747,LOAD,98711685,5065.2564587465
3748,LOAD,98473049,5077.531416743275
3749,LOAD,94829266,5272.633872332197
3750,LOAD,100109170,4994.547452546056
3751,LOAD,97497767,5128.322579941753
3752,LOAD,98543168,5073.918467894192
3753,LOAD,95794085,5219.52895108294
3754,LOAD,99103305,5045.240418571308
3755,LOAD,96570787,5177.549189901497
3756,LOAD,97818122,5111.527289391223
3757,LOAD,94170123,5309.539629676389
3758,LOAD,101355547,4933.129116258433
3759,LOAD,100452023,4977.500552676774
3760,LOAD,102751484,4866.109768302714
3761,LOAD,91814483,5445.763932472397
3762,LOAD,101659989,4918.355834171888
3763,LOAD,102029856,4900.5263714181865
3764,LOAD,95166349,5253.95799307169
3765,LOAD,105996906,4717.118818543628
3766,LOAD,103232009,4843.45897017271
3767,LOAD,101382816,4931.802249406843
3768,LOAD,98306791,5086.118618193936
3769,LOAD,99819303,5009.051205256362
3770,LOAD,99617331,5019.206949039822
3771,LOAD,94259871,5304.48423804866
3772,LOAD,100898642,4955.468082513935
3773,LOAD,96263062,5194.100308174282
3774,LOAD,95713063,5223.947330992845
3775,LOAD,98501083,5076.0863207971015
3776,LOAD,97820743,5111.390331598687
3777,LOAD,99333549,5033.546118441816
3778,LOAD,100736390,4963.44965309954
3779,LOAD,97053000,5151.8242609708095
3780,LOAD,96910076,5159.422225610472
3781,LOAD,101424042,4929.797611497282
3782,LOAD,97233640,5142.253236637032
3783,LOAD,95328599,5245.015716637145
3784,LOAD,105857410,4723.33490872297
3785,LOAD,95269354,5248.277426128028
3786,LOAD,97929143,5105.73241716207
3787,LOAD,95376069,5242.405199149065
3788,LOAD,99675881,5016.258647365254
3789,LOAD,93085222,5371.421899815633
3790,LOAD,101384122,4931.738719402236
3791,LOAD,93923553,5323.4783398792415
3792,LOAD,99295846,5035.457374520985
3793,LOAD,94461842,5293.142600374022
3794,LOAD,100135458,4993.236262024187
3795,LOAD,94744208,5277.3674565942865
3796,LOAD,99738980,5013.085154871245
3797,LOAD,94388439,5297.2589153635645
3798,LOAD,101425238,4929.739479635236
3799,LOAD,105228039,4751.58526901751
3800,LOAD,97149196,5146.722984717238
3801,LOAD,96037367,5206.306832631094
3802,LOAD,100203469,4989.847207784792
3803,LOAD,95981511,5209.3366190078
3804,LOAD,95360276,5243.273415022414
3805,LOAD,100506197,4974.817622439738
3806,LOAD,97980244,5103.069553490804
3807,LOAD,95985619,5209.113669413332
3808,LOAD,99261286,5037.210579762184
3809,LOAD,88739504,5634.469176208152
3810,LOAD,96533587,5179.544400437539
3811,LOAD,93755522,5333.019211391091
3812,LOAD,92161297,5425.270870482649
3813,LOAD,94997631,5263.289144547194
3814,LOAD,101253180,4938.11651150117
3815,LOAD,90392367,5531.440503156644
3816,LOAD,96951663,5157.209113576525
3817,LOAD,92437844,5409.04004641216
3818,LOAD,92549842,5402.49436622485
3819,LOAD,83185449,6010.666601078273
3820,LOAD,102592436,4873.653648306002
3821,LOAD,89700065,5574.131969692553
3822,LOAD,95748393,5222.019757553529
3823,LOAD,94924303,5267.354978629656
3824,LOAD,96260099,5194.260188741338
3825,LOAD,87871619,5690.1193546917575
3826,LOAD,98612860,5070.3326117912
3827,LOAD,92340972,5414.714499648108
3828,LOAD,99536956,5023.25990358797
3829,LOAD,91978247,5436.067943325774
3830,LOAD,101987638,4902.554954748535
3831,LOAD,92512047,5404.701508766744
3832,LOAD,102259329,4889.529443323455
3833,LOAD,95557096,5232.473787190017
3834,LOAD,104416490,4788.515683681763
3835,LOAD,97359189,5135.6220726119645
3836,LOAD,100167672,4991.630433419677
3837,LOAD,91765240,5448.6862345698655
3838,LOAD,102536894,4876.293600233297
3839,LOAD,94671514,5281.419709840069
3840,LOAD,97366362,5135.24373027309
3841,LOAD,96601450,5175.905744686027
3842,LOAD,100333993,4983.355939995331
3843,LOAD,97873095,5108.656265544682
3844,LOAD,97046679,5152.159817854251
3845,LOAD,92606573,5399.184785727899
3846,LOAD,99346089,5032.910757060602
3847,LOAD,96679910,5171.705269481529
3848,LOAD,94435376,5294.626030821331
3849,LOAD,91819823,5445.447221130016
3850,LOAD,102397252,4882.943538367612
3851,LOAD,92051079,5431.766856312462
3852,LOAD,95174599,5253.502565322077
3853,LOAD,96681609,5171.61438635139
3854,LOAD,100755365,4962.514899330671
3855,LOAD,90273312,5538.735523517737
3856,LOAD,104048409,4805.455506772813
3857,LOAD,97830989,5110.855007302441
3858,LOAD,97101449,5149.253745945644
3859,LOAD,93649792,5339.040155049143
3860,LOAD,98597892,5071.102331477838
3861,LOAD,90902047,5500.426189522443
3862,LOAD,99458660,5027.214322010774
3863,LOAD,94120877,5312.317691217433
3864,LOAD,103176492,4846.065128866758
3865,LOAD,98357207,5083.511572263332
3866,LOAD,103116357,4848.891238467628
3867,LOAD,99478620,5026.205630918483
3868,LOAD,97238857,5141.977347594697
3869,LOAD,93505905,5347.255876513895
3870,LOAD,98998554,5050.578819565385
3871,LOAD,98382281,5082.2159734231
3872,LOAD,101726904,4915.120585995618
3873,LOAD,99339225,5033.258513945524
3874,LOAD,103416372,4834.824412521453
3875,LOAD,98651657,5068.338588575355
3876,LOAD,99613448,5019.4026011427695
3877,LOAD,97227226,5142.592466846683
3878,LOAD,96254026,5194.587912613651
3879,LOAD,100595988,4970.377148639367
3880,LOAD,95074095,5259.056107765212
3881,LOAD,99503071,5024.970535834014
3882,LOAD,95830587,5217.540825456908
3883,LOAD,100059799,4997.011836891657
3884,LOAD,96037065,5206.323204483602
3885,LOAD,99016337,5049.671752652292
3886,LOAD,101964987,4903.644032240205
3887,LOAD,102822028,4862.77123419507
3888,LOAD,100717852,4964.363219342684
3889,LOAD,96612939,5175.290237263147
3890,LOAD,98413788,5080.588910976579
3891,LOAD,97738195,5115.707324040514
3892,LOAD,93062187,5372.751448448123
3893,LOAD,100077990,4996.103538850051
3894,LOAD,100579370,4971.198368015231
3895,LOAD,96727441,5169.163939734537
3896,LOAD,96915611,5159.127563050703
3897,LOAD,99999853,5000.007350010805
3898,LOAD,100624420,4968.972740414305
3899,LOAD,95552293,5232.736800989172
3900,LOAD,92572022,5401.199943542337
3901,LOAD,99120841,5044.347838009163
3902,LOAD,94908499,5268.232089520244
3903,LOAD,93884465,5325.69472489405
3904,LOAD,102386207,4883.470290094837
3905,LOAD,100305393,4984.776840463604
3906,LOAD,92233175,5421.042916499405
3907,LOAD,100681750,4966.143317930012
3908,LOAD,100826933,4958.992454922734
3909,LOAD,99996579,5000.171055851821
3910,LOAD,97941573,5105.0844364119
3911,LOAD,97482405,5129.130739029264
3912,LOAD,106688216,4686.5531990899535
3913,LOAD,93329009,5357.3910765515575
3914,LOAD,99776678,5011.191092170858
3915,LOAD,95796528,5219.395842822195
3916,LOAD,94823060,5272.978956806499
3917,LOAD,95305140,5246.30675743197
3918,LOAD,96698136,5170.730488538063
3919,LOAD,90906974,5500.128075982378
3920,LOAD,96702912,5170.475114544637
3921,LOAD,97372891,5134.8994043937755
3922,LOAD,92165467,5425.025405665226
3923,LOAD,99041194,5048.40440433301
3924,LOAD,95098760,5257.692108708883
3925,LOAD,91982035,5435.844075421902
3926,LOAD,103134359,4848.0448693146
3927,LOAD,99477004,5026.28728143039
3928,LOAD,107791084,4638.602576814238
3929,LOAD,98406236,5080.97881113957
3930,LOAD,103728615,4820.270664946216
3931,LOAD,96308320,5191.659453721132
3932,LOAD,98284813,5087.255952758439
3933,LOAD,93358027,5355.725865971867
3934,LOAD,93584443,5342.768348794895
3935,LOAD,97165013,5145.885175767949
3936,LOAD,97287233,5139.420503407678
3937,LOAD,96052484,5205.487449965375
3938,LOAD,107785953,4638.82339102202
3939,LOAD,97856721,5109.5110779360775
3940,LOAD,97802243,5112.35718796347
3941,LOAD,95752854,5221.776470495595
3942,LOAD,98392412,5081.692681748669
3943,LOAD,91645034,5455.832991452652
3944,LOAD,97635770,5121.073967051215
3945,LOAD,92626750,5398.008674599941
3946,LOAD,96658471,5172.852361796618
3947,LOAD,91814006,5445.792224772329
3948,LOAD,100394446,4980.355188174453
3949,LOAD,96345597,5189.65075279984
3950,LOAD,103465598,4832.524140052812
3951,LOAD,96998305,5154.729250165764
3952,LOAD,95526923,5234.126509026152
3953,LOAD,101289046,4936.367946441119
3954,LOAD,96182401,5198.4562123792275
3955,LOAD,93068073,5372.411653994383
3956,LOAD,99562947,5021.948576913859
3957,LOAD,97379505,5134.550642868846
3958,LOAD,102555280,4875.419383575376
3959,LOAD,102954140,4856.5312672224745
3960,LOAD,98533468,5074.417963244732
3961,LOAD,103832108,4815.466136929436
3962,LOAD,97091557,5149.778368473379
3963,LOAD,102587057,4873.909191098054
3964,LOAD,100933553,4953.754080171932
3965,LOAD,105287952,4748.881429472576
3966,LOAD,100535761,4973.354705098418
3967,LOAD,105255958,4750.32491747403
3968,LOAD,104654296,4777.63473751713
3969,LOAD,104039022,4805.889082655929
3970,LOAD,98650857,5068.379689798336
3971,LOAD,106096207,4712.703819845322
3972,LOAD,99912343,5004.386695245451
3973,LOAD,102719040,4867.646738131509
3974,LOAD,100529376,4973.670581621834
3975,LOAD,102060362,4899.061596508936
3976,LOAD,105443427,4741.8792638444875
3977,LOAD,99267875,5036.876230099617
3978,LOAD,104842834,4769.043156540389
3979,LOAD,105165324,4754.418861487081
3980,LOAD,97691859,5118.133743365453
3981,LOAD,103918482,4811.463662450343
3982,LOAD,101978327,4903.002576223867
3983,LOAD,101664892,4918.118636274163
3984,LOAD,100017045,4999.147895241256
3985,LOAD,104433347,4787.742750407108
3986,LOAD,101012215,4949.896406093065
3987,LOAD,103099855,4849.667344343015
3988,LOAD,105016255,4761.167687802235
3989,LOAD,123769301,4039.773966243859
3990,LOAD,722880091,691.677646438322
3991,LOAD,417272762,1198.2569808858025
3992,LOAD,330158603,1514.4236601946125
3993,LOAD,273405187,1828.7875423519306
3994,LOAD,227761862,2195.2753442101734
3995,LOAD,208511211,2397.952597378565
3996,LOAD,202619705,2467.6770702040058
3997,LOAD,187512451,2666.4895975361123
3998,LOAD,167584693,2983.566046810731
3999,LOAD,183352139,2726.993002246895
4000,LOAD,168610808,2965.4089552788337
4001,LOAD,176988749,2825.038330543825
4002,LOAD,174257761,2869.312661488862
4003,LOAD,185685119,2692.730589789481
4004,LOAD,176127627,2838.8504887992385
4005,LOAD,175093401,2855.6187563002445
4006,LOAD,176368684,2834.970407785092
4007,LOAD,179594214,2784.054056440816
4008,LOAD,172811563,2893.3249102086993
4009,LOAD,165940950,3013.120028540273
4010,LOAD,176015094,2840.6654715646146
4011,LOAD,167354670,2987.666851483738
4012,LOAD,582950007,857.7064825389049
4013,LOAD,180295303,2773.2280967962874
4014,LOAD,170815348,2927.137437322084
4015,LOAD,180678390,2767.3481039984918
4016,LOAD,171873827,2909.110762978473
4017,LOAD,176659211,2830.3081235883024
4018,LOAD,169749487,2945.5170017686123
4019,LOAD,171586280,2913.985896774497
4020,LOAD,175426738,2850.1926542121532
4021,LOAD,174182080,2870.5593594932384
4022,LOAD,167789297,2979.927855589025
4023,LOAD,175546681,2848.245248225456
4024,LOAD,174242817,2869.558749156357
4025,LOAD,173589981,2880.350565854374
4026,LOAD,177403295,2818.4369405314596
4027,LOAD,175382579,2850.910294801857
4028,LOAD,176244416,2836.9693142505007
4029,LOAD,170367111,2934.8387553510843
4030,LOAD,175200880,2853.866944047313
4031,LOAD,178636411,2798.981446173367
4032,LOAD,179409068,2786.9271357008556
4033,LOAD,180591098,2768.685752162601
4034,LOAD,175106776,2855.4006385224066
4035,LOAD,179849685,2780.099392445419
4036,LOAD,179938007,2778.734789476689
4037,LOAD,173109258,2888.349275923764
4038,LOAD,183306453,2727.672658637937
4039,LOAD,173395790,2883.576354420139
4040,LOAD,175717632,2845.4742663502316
4041,LOAD,178435922,2802.126356597636
4042,LOAD,170157687,2938.450850004796
4043,LOAD,178833680,2795.893927810466
4044,LOAD,169817633,2944.3349972967767
4045,LOAD,181054464,2761.5999570162494
4046,LOAD,178639230,2798.9372771031312
4047,LOAD,175249623,2853.073184642457
4048,LOAD,172334223,2901.33898709138
4049,LOAD,177905408,2810.4822985482265
4050,LOAD,179034775,2792.7535307037415
4051,LOAD,177209514,2821.518939440238
4052,LOAD,178257895,2804.9248533984987
4053,LOAD,173802216,2876.833285025549
4054,LOAD,181599705,2753.3084373677807
4055,LOAD,175256921,2852.9543777617773
4056,LOAD,169458799,2950.5697134086263
4057,LOAD,175325884,2851.8321915319702
4058,LOAD,175426777,2850.1920205716374
4059,LOAD,173283110,2885.451444171333
4060,LOAD,174771501,2860.8783305008064
4061,LOAD,168336368,2970.243482976893
4062,LOAD,176038000,2840.2958452152375
4063,LOAD,172894303,2891.940285620631
4064,LOAD,171143025,2921.533027711763
4065,LOAD,176237239,2837.0848456154035
4066,LOAD,175570962,2847.85134343571
4067,LOAD,166722871,2998.9886630491146
4068,LOAD,173778176,2877.2312583140474
4069,LOAD,176501857,2832.831384884523
4070,LOAD,166200670,3008.411458269091
4071,LOAD,176530786,2832.3671543613927
4072,LOAD,172728997,2894.7079453023166
4073,LOAD,172736963,2894.5744519081304
4074,LOAD,174340182,2867.956166295616
4075,LOAD,173026624,2889.7286928513386
4076,LOAD,175597633,2847.41879180114
4077,LOAD,173358638,2884.1943255230235
4078,LOAD,175439281,2849.988880198386
4079,LOAD,174570895,2864.1658736984764
4080,LOAD,174222777,2869.888820564489
4081,LOAD,172619658,2896.541481967251
4082,LOAD,168004972,2976.1023977314194
4083,LOAD,167871487,2978.468880781404
4084,LOAD,159631032,3132.2230629944183
4085,LOAD,174180664,2870.582695677403
4086,LOAD,173567507,2880.723521597853
4087,LOAD,175237626,2853.268509811928
4088,LOAD,172908084,2891.7097942048795
4089,LOAD,175822148,2843.7827980579555
4090,LOAD,174465628,2865.8940201103683
4091,LOAD,173174622,2887.2590811833848
4092,LOAD,169404688,2951.512180111568
4093,LOAD,174013542,2873.3395933059046
4094,LOAD,173565282,2880.76045069889
4095,LOAD,180290545,2773.301284324145
4096,LOAD,175762774,2844.7434494860668
4097,LOAD,170417948,2933.9632701128407
4098,LOAD,174781470,2860.7151547586823
4099,LOAD,169537184,2949.2055264997207
4100,LOAD,177947615,2809.8156864872844
4101,LOAD,171152108,2921.3779826772566
4102,LOAD,168661676,2964.5145942934896
4103,LOAD,165756282,3016.4769260449507
4104,LOAD,174827383,2859.9638764826673
4105,LOAD,170114588,2939.1953146311002
4106,LOAD,174597198,2863.7343882231144
4107,LOAD,169938397,2942.2426527890575
4108,LOAD,171264664,2919.4580383493467
4109,LOAD,181427770,2755.9176855891465
4110,LOAD,173787534,2877.0763270051348
4111,LOAD,173631902,2879.6551454006417
4112,LOAD,170671489,2929.604721500965
4113,LOAD,172249700,2902.7626753486365
4114,LOAD,174221449,2869.910696242688
4115,LOAD,169625126,2947.676513442944
4116,LOAD,174289121,2868.7963834529864
4117,LOAD,171408979,2917.0000481713387
4118,LOAD,169681803,2946.6919325462377
4119,LOAD,167205046,2990.340375253986
4120,LOAD,172742007,2894.4899314502
4121,LOAD,167671307,2982.0248255117376
4122,LOAD,170917509,2925.387825538693
4123,LOAD,177720696,2813.403341611942
4124,LOAD,168447299,2968.2874285802586
4125,LOAD,175551964,2848.1595341194816
4126,LOAD,176478580,2833.2050269216807
4127,LOAD,169156845,2955.8366378847986
4128,LOAD,172036761,2906.3555782708554
4129,LOAD,173007670,2890.045279495412
4130,LOAD,176755804,2828.761424999657
4131,LOAD,174473229,2865.7691662254956
4132,LOAD,162238046,3081.8911613370888
4133,LOAD,171702852,2912.0075419597574
4134,LOAD,191625263,2609.259302099432
4135,LOAD,175355679,2851.3476315757075
4136,LOAD,170600377,2930.825879710688
4137,LOAD,174689702,2862.217945737866
4138,LOAD,173140865,2887.8220055097913
4139,LOAD,178989474,2793.4603573392255
4140,LOAD,166166160,3009.036256238936
4141,LOAD,168950706,2959.4430934192133
4142,LOAD,176770467,2828.526781003526
4143,LOAD,179180090,2790.4886084162586
4144,LOAD,167673774,2981.980950700138
4145,LOAD,168990806,2958.740844161664
4146,LOAD,170731999,2928.566425324874
4147,LOAD,182586575,2738.4269626614114
4148,LOAD,175061231,2856.1435170074865
4149,LOAD,170833869,2926.8200909270518
4150,LOAD,161357648,3098.7065453507357
4151,LOAD,172998336,2890.2012097966076
4152,LOAD,168818470,2961.7612338270806
4153,LOAD,167635064,2982.6695446007643
4154,LOAD,169307134,2953.212827995777
4155,LOAD,166698656,2999.424302497076
4156,LOAD,170235508,2937.1075745255216
4157,LOAD,168625020,2965.1590256297673
4158,LOAD,176171099,2838.1499737366116
4159,LOAD,173765788,2877.4363800542833
4160,LOAD,176420539,2834.13712957764
4161,LOAD,176861797,2827.066152675131
4162,LOAD,168604317,2965.5231188416133
4163,LOAD,171972545,2907.4408359776266
4164,LOAD,160496858,3115.325784134665
4165,LOAD,167186924,2990.664509145464
4166,LOAD,177891082,2810.708633499683
4167,LOAD,169117072,2956.5317923668877
4168,LOAD,167295788,2988.7184009677517
4169,LOAD,166895807,2995.8811367861385
4170,LOAD,173889607,2875.3874864988334
4171,LOAD,175577718,2847.741761856137
4172,LOAD,168530584,2966.820550506133
4173,LOAD,170210618,2937.5370695146644
4174,LOAD,168471295,2967.8646442410263
4175,LOAD,170125876,2939.000296462838
4176,LOAD,181647002,2752.591534651367
4177,LOAD,173820171,2876.5361184692424
4178,LOAD,176160506,2838.320639247029
4179,LOAD,183629444,2722.8748783882393
4180,LOAD,162009981,3086.2296070511857
4181,LOAD,169142760,2956.0827788313254
4182,LOAD,166986765,2994.24927478534
4183,LOAD,168548398,2966.506985133137
4184,LOAD,159725742,3130.3657991458886
4185,LOAD,176829234,2827.586755253376
4186,LOAD,179177260,2790.532682551346
4187,LOAD,169216469,2954.7951387639464
4188,LOAD,171980371,2907.3085323208193
4189,LOAD,170290822,2936.153540911324
4190,LOAD,170036084,2940.552312413876
4191,LOAD,169012441,2958.3621006929307
4192,LOAD,168901505,2960.3051790450295
4193,LOAD,167739864,2980.806041430915
4194,LOAD,165615942,3019.0330348753505
4195,LOAD,175480029,2849.327087813508
4196,LOAD,174336183,2868.0219527348495
4197,LOAD,170311041,2935.804966396747
4198,LOAD,172804320,2893.4461823639595
4199,LOAD,174556878,2864.3958675750378
4200,LOAD,173808432,2876.730399362903
4201,LOAD,170313147,2935.768663824878
4202,LOAD,166320719,3006.2400103020236
4203,LOAD,178971952,2793.7338471896423
4204,LOAD,164278714,3043.6079503276364
4205,LOAD,174936376,2858.1819941211083
4206,LOAD,162271157,3081.262309604411
4207,LOAD,172005607,2906.881983213489
4208,LOAD,169491056,2950.0081703426285
4209,LOAD,173839143,2876.2221866222617
4210,LOAD,163329049,3061.3047896948206
4211,LOAD,168900545,2960.32200488163
4212,LOAD,159538093,3134.047741187429
4213,LOAD,168138711,2973.7351798777618
4214,LOAD,166001185,3012.026691255246
4215,LOAD,180414510,2771.3957153446254
4216,LOAD,165728771,3016.9776616517597
4217,LOAD,172353679,2901.0114718816067
4218,LOAD,170900424,2925.68027800797
4219,LOAD,179729675,2781.9557343549413
4220,LOAD,173740622,2877.8531712635404
4221,LOAD,162649676,3074.09158318889
4222,LOAD,170034858,2940.5735146378047
4223,LOAD,171767700,2910.908162594015
4224,LOAD,177962346,2809.5831013601046
4225,LOAD,173625449,2879.7621712701807
4226,LOAD,171284142,2919.126044955172
4227,LOAD,168257600,2971.633970768631
4228,LOAD,164487810,3039.738932629719
4229,LOAD,164504262,3039.4349296555
4230,LOAD,168151841,2973.502978180298
4231,LOAD,170420141,2933.9255152945802
4232,LOAD,171131413,2921.7312662520935
4233,LOAD,176918112,2826.1662661197743
4234,LOAD,176816855,2827.784715433379
4235,LOAD,176994870,2824.9406324601387
4236,LOAD,175128606,2855.044709257835
4237,LOAD,174698140,2862.0796993030376
4238,LOAD,177218636,2821.373706995465
4239,LOAD,171033428,2923.405125224994
4240,LOAD,170138255,2938.786459282776
4241,LOAD,164818235,3033.6449119237323
4242,LOAD,174689535,2862.220681965866
4243,LOAD,174172110,2870.723676712649
4244,LOAD,174591670,2863.8250610696377
4245,LOAD,166812829,2997.3713832285644
4246,LOAD,166211826,3008.20953618547
4247,LOAD,170981809,2924.287694254071
4248,LOAD,170600269,2930.827735095775
4249,LOAD,164576739,3038.0964104532413
4250,LOAD,178229238,2805.3758497244994
4251,LOAD,166263326,3007.277744461818
4252,LOAD,176463009,2833.455027393305
4253,LOAD,171631796,2913.213120487302
4254,LOAD,175046114,2856.390173848704
4255,LOAD,171713882,2911.820489854163
4256,LOAD,170823183,2927.003180827043
4257,LOAD,125058013,3998.1444451704187
4258,LOAD,101956960,4904.030092697939
4259,LOAD,105291837,4748.706207870606
4260,LOAD,119738131,4175.779226084629
4261,LOAD,109816707,4553.041278136304
4262,LOAD,103286192,4840.918135504502
4263,LOAD,112021954,4463.410806063961
4264,LOAD,107301705,4659.758202351025
4265,LOAD,104744118,4773.537736982997
4266,LOAD,113938057,4388.3493642514895
4267,LOAD,107750660,4640.342806252881
4268,LOAD,111688186,4476.749223951046
4269,LOAD,104347937,4791.661573529719
4270,LOAD,108807070,4595.289625940667
4271,LOAD,108892189,4591.697573459562
4272,LOAD,108672956,4600.960702679331
4273,LOAD,103719530,4820.692882044491
4274,LOAD,110307470,4532.784588387351
4275,LOAD,109451892,4568.217057408199
4276,LOAD,108305244,4616.5816310796545
4277,LOAD,106494448,4695.080442127838
4278,LOAD,106928385,4676.026856666731
4279,LOAD,112539837,4442.8711941354595
4280,LOAD,107288813,4660.318126550622
4281,LOAD,105243436,4750.890117270592
4282,LOAD,110817894,4511.906714271254
4283,LOAD,113405706,4408.949228709886
4284,LOAD,109940458,4547.916291198278
4285,LOAD,102113549,4896.509864719323
4286,LOAD,105327003,4747.120735980687
4287,LOAD,107217379,4663.423081812138
4288,LOAD,114387526,4371.105989301665
4289,LOAD,108576565,4605.045296837306
4290,LOAD,109775725,4554.74104133678
4291,LOAD,105795230,4726.110997631935
4292,LOAD,112696515,4436.694426620025
4293,LOAD,108614204,4603.449471489014
4294,LOAD,109819630,4552.920092701095
4295,LOAD,110352312,4530.942677485543
4296,LOAD,107248138,4662.085601896417
4297,LOAD,100162201,4991.903083279889
4298,LOAD,110029661,4544.229214702388
4299,LOAD,100516729,4974.296368119977
4300,LOAD,114551381,4364.8535324074355
4301,LOAD,109438275,4568.785463769417
4302,LOAD,108564334,4605.564107269336
4303,LOAD,108990099,4587.572674835354
4304,LOAD,109576584,4563.0186828967035
4305,LOAD,109851793,4551.587064218424
4306,LOAD,107925936,4632.806705517013
4307,LOAD,110352024,4530.954502474735
4308,LOAD,105171985,4754.117743427587
4309,LOAD,109084310,4583.610603578095
4310,LOAD,107014029,4672.284602984157
4311,LOAD,110123983,4540.337049015018
4312,LOAD,107263542,4661.416084879987
4313,LOAD,112999898,4424.782755113638
4314,LOAD,104040240,4805.832820070388
4315,LOAD,109762261,4555.2997491551305
4316,LOAD,108681708,4600.590193153755
4317,LOAD,108340646,4615.07309085087
4318,LOAD,108688320,4600.310318532846
4319,LOAD,114429764,4369.492538672019
4320,LOAD,109566353,4563.444764835789
4321,LOAD,107925944,4632.80636211067
4322,LOAD,108299246,4616.837313899674
4323,LOAD,107036824,4671.289574137589
4324,LOAD,114845341,4353.681182417317
4325,LOAD,110569258,4522.052594401963
4326,LOAD,110533009,4523.535589264561
4327,LOAD,112210592,4455.90733537882
4328,LOAD,105801285,4725.840522636374
4329,LOAD,114599698,4363.013242844671
4330,LOAD,110965258,4505.91481524785
4331,LOAD,110232616,4535.862598053556
4332,LOAD,105895208,4721.6489720668005
4333,LOAD,109939555,4547.953645983013
4334,LOAD,108607530,4603.7323563108375
4335,LOAD,109812305,4553.223794000135
4336,LOAD,108678258,4600.736239257718
4337,LOAD,107978944,4630.532411948759
4338,LOAD,104959505,4763.74197839443
4339,LOAD,106128976,4711.24869799931
4340,LOAD,106620856,4689.51402903762
4341,LOAD,115157054,4341.896415655093
4342,LOAD,113550225,4403.337818132901
4343,LOAD,107574777,4647.929690804751
4344,LOAD,105187890,4753.398894112241
4345,LOAD,114920834,4350.821192265277
4346,LOAD,109287582,4575.085209589503
4347,LOAD,108594243,4604.295643922855
4348,LOAD,106412667,4698.688737873659
4349,LOAD,113380946,4409.912049948851
4350,LOAD,103007982,4853.992771162141
4351,LOAD,110220819,4536.348074132891
4352,LOAD,110296130,4533.250622664639
4353,LOAD,109372518,4571.532311252082
4354,LOAD,110756892,4514.3917545104105
4355,LOAD,109084441,4583.60509909933
4356,LOAD,109906299,4549.32978864114
4357,LOAD,110366545,4530.358361766241
4358,LOAD,109947843,4547.610815793812
4359,LOAD,106241171,4706.273427652638
4360,LOAD,110800921,4512.59786910977
4361,LOAD,105268457,4749.760889912161
4362,LOAD,110951118,4506.489064851064
4363,LOAD,112575265,4441.473000307838
4364,LOAD,110480780,4525.674058419935
4365,LOAD,104943528,4764.467228507889
4366,LOAD,107866387,4635.364304915487
4367,LOAD,108730584,4598.5221600575605
4368,LOAD,106704090,4685.855996710155
4369,LOAD,113790037,4394.057803144928
4370,LOAD,105284228,4749.049401777444
4371,LOAD,113972607,4387.019066783301
4372,LOAD,107234857,4662.662999587905
4373,LOAD,108023701,4628.6138631743415
4374,LOAD,117055171,4271.490065142018
4375,LOAD,110339963,4531.449770379205
4376,LOAD,115422401,4331.914738110499
4377,LOAD,109952312,4547.425978636993
4378,LOAD,108847547,4593.5807813840765
4379,LOAD,111256439,4494.121908755322
4380,LOAD,107324253,4658.779222996315
4381,LOAD,104678423,4776.533555535128
4382,LOAD,114221700,4377.4519202568345
4383,LOAD,114186413,4378.804683180651
4384,LOAD,112330531,4451.149616661209
4385,LOAD,107135344,4666.993928726266
4386,LOAD,108177055,4622.0522457373245
4387,LOAD,105438747,4742.089736707512
4388,LOAD,110535483,4523.434343703008
4389,LOAD,110212206,4536.702586281596
4390,LOAD,109653990,4559.797596056468
4391,LOAD,114534971,4365.478906874652
4392,LOAD,107998988,4629.673011380441
4393,LOAD,108367458,4613.931241240336
4394,LOAD,108700652,4599.788417092475
4395,LOAD,110588598,4521.261766968056
4396,LOAD,111241797,4494.713439409829
4397,LOAD,101056189,4947.742488092441
4398,LOAD,111963917,4465.724435132079
4399,LOAD,114097738,4382.207822559988
4400,LOAD,108054327,4627.301968203457
4401,LOAD,108102124,4625.256021796575
4402,LOAD,112312204,4451.8759510765185
4403,LOAD,109158390,4580.499950576405
4404,LOAD,110403693,4528.8340128260015
4405,LOAD,111802875,4472.1569100973475
4406,LOAD,108575321,4605.098059069979
4407,LOAD,109023963,4586.147726073763
4408,LOAD,109841071,4552.031361748102
4409,LOAD,109233651,4577.344027437113
4410,LOAD,110238955,4535.601775252677
4411,LOAD,110244696,4535.36558348349
4412,LOAD,107564196,4648.386903761173
4413,LOAD,109948686,4547.575948292824
4414,LOAD,107353085,4657.528006763849
4415,LOAD,108874757,4592.4327528005415
4416,LOAD,108330897,4615.488414168674
4417,LOAD,107530835,4649.829046710183
4418,LOAD,110463154,4526.396195422774
4419,LOAD,104174786,4799.6258902802065
4420,LOAD,112931674,4427.455843787457
4421,LOAD,107899972,4633.92149907138
4422,LOAD,109163306,4580.293674872763
4423,LOAD,101485312,4926.821331544016
4424,LOAD,111733433,4474.936342464301
4425,LOAD,112700466,4436.538887070795
4426,LOAD,110029461,4544.237474725065
4427,LOAD,108338436,4615.167233907641
4428,LOAD,108520812,4607.411157225768
4429,LOAD,105357247,4745.758020803259
4430,LOAD,110079879,4542.156155531385
4431,LOAD,107093730,4668.807408239492
4432,LOAD,109303954,4574.399934333574
4433,LOAD,101120704,4944.585828832837
4434,LOAD,100028304,4998.585200444866
4435,LOAD,110237172,4535.675135062427
4436,LOAD,107650769,4644.648660150306
4437,LOAD,108206712,4620.785446285439
4438,LOAD,108366198,4613.984888535077
4439,LOAD,107280811,4660.665736391572
4440,LOAD,111055134,4502.268215713468
4441,LOAD,109881308,4550.364471453143
4442,LOAD,108455637,4610.179920846345
4443,LOAD,108675513,4600.8524477818655
4444,LOAD,105240015,4751.044552777762
4445,LOAD,106475024,4695.936955130435
4446,LOAD,108757167,4597.398165033114
4447,LOAD,110174943,4538.236974626799
4448,LOAD,107578216,4647.781108398377
4449,LOAD,107487198,4651.7167560735925
4450,LOAD,104511970,4784.140993610588
4451,LOAD,109233840,4577.336107565201
4452,LOAD,111851697,4470.204864214085
4453,LOAD,104578292,4781.106962427728
4454,LOAD,108448576,4610.480085971807
4455,LOAD,114141422,4380.5306718537295
4456,LOAD,110072829,4542.447073836905
4457,LOAD,107560136,4648.56236329043
4458,LOAD,111550437,4482.277375569583
4459,LOAD,105911854,4720.906877902448
4460,LOAD,110102484,4541.22361126748
4461,LOAD,106065010,4714.089971801256
4462,LOAD,110730492,4515.468060956507
4463,LOAD,107126860,4667.3635351582225
4464,LOAD,111634698,4478.894187540151
4465,LOAD,107490109,4651.590780320075
4466,LOAD,109780713,4554.534091976611
4467,LOAD,108188298,4621.571918988873
4468,LOAD,113947251,4387.995283887981
4469,LOAD,104016257,4806.940899632641
4470,LOAD,120823691,4138.261262023521
4471,LOAD,114605300,4362.799975219296
4472,LOAD,119999092,4166.6981946830065
4473,LOAD,116320116,4298.48264594234
4474,LOAD,116938069,4275.767543245476
4475,LOAD,114702458,4359.104492773817
4476,LOAD,117298522,4262.628304898846
4477,LOAD,108639799,4602.364921533038
4478,LOAD,116942024,4275.622936028541
4479,LOAD,112546370,4442.613297967762
4480,LOAD,114619805,4362.247868071317
4481,LOAD,111250403,4494.365741758257
4482,LOAD,116527700,4290.825271587785
4483,LOAD,113878682,4390.6373977879375
4484,LOAD,117069508,4270.966954093631
4485,LOAD,111169743,4497.6266608802
4486,LOAD,117007264,4273.238967454191
4487,LOAD,113465459,4406.627394862078
4488,LOAD,116597329,4288.262898372226
4489,LOAD,113542723,4403.628755671114
4490,LOAD,115493829,4329.235633879625
4491,LOAD,111455585,4486.091926214374
4492,LOAD,115343381,4334.882467161249
4493,LOAD,117763373,4245.802300516647
4494,LOAD,114447651,4368.809631575576
4495,LOAD,115374221,4333.723735391462
4496,LOAD,116027695,4309.315978396365
4497,LOAD,116950759,4275.303591659461
4498,LOAD,117343342,4261.0001682072425
4499,LOAD,115361891,4334.186928333205
4500,LOAD,116996646,4273.626784138753
4501,LOAD,112866440,4430.014803337467
4502,LOAD,116120820,4305.860051625539
4503,LOAD,116853684,4278.855256287855
4504,LOAD,117023056,4272.662303401135
4505,LOAD,116493638,4292.079881649846
4506,LOAD,115858106,4315.623802792012
4507,LOAD,114566289,4364.285553492965
4508,LOAD,112927691,4427.61200173658
4509,LOAD,113323967,4412.129342418802
4510,LOAD,119070267,4199.201132218844
4511,LOAD,113113661,4420.332571500802
4512,LOAD,1816346079,275.27793617132585
4513,LOAD,118994433,4201.87724244209
4514,LOAD,111571375,4481.436210676798
4515,LOAD,121232174,4124.317691440558
4516,LOAD,114635069,4361.667021808134
4517,LOAD,110435580,4527.526364238772
4518,LOAD,107576578,4647.851877199514
4519,LOAD,115220407,4339.509059363069
4520,LOAD,109808464,4553.383061619003
4521,LOAD,107565558,4648.328045674249
4522,LOAD,114853841,4353.358979087169
4523,LOAD,109836684,4552.213174971669
4524,LOAD,113379259,4409.977666197307
4525,LOAD,111441658,4486.652558597073
4526,LOAD,119709898,4176.7640634026775
4527,LOAD,108645798,4602.110796774671
4528,LOAD,114522796,4365.943004046111
4529,LOAD,113221405,4416.126084992497
4530,LOAD,115513508,4328.498100845488
4531,LOAD,115839955,4316.300019280912
4532,LOAD,128440479,3892.853747454492
4533,LOAD,115400516,4332.7362591688925
4534,LOAD,116685985,4285.004750142015
4535,LOAD,116994784,4273.694799932277
4536,LOAD,116452638,4293.591013369744
4537,LOAD,116440320,4294.045224197254
4538,LOAD,118346991,4224.86449190753
4539,LOAD,114560694,4364.498699702361
4540,LOAD,124375794,4020.0748386780147
4541,LOAD,120349412,4154.56952959604
4542,LOAD,117993762,4237.512149159207
4543,LOAD,116242523,4301.351924372804
4544,LOAD,114350958,4372.503814091352
4545,LOAD,110024730,4544.432874318347
4546,LOAD,114581507,4363.705916348264
4547,LOAD,113435450,4407.793154609075
4548,LOAD,110471306,4526.062179440514
4549,LOAD,116315453,4298.654968914577
4550,LOAD,113845461,4391.918620277711
4551,LOAD,112305392,4452.145984228433
4552,LOAD,119661371,4178.457891812053
4553,LOAD,116879200,4277.92113566828
4554,LOAD,115086141,4344.571776022971
4555,LOAD,118662005,4213.648673810964
4556,LOAD,113479137,4406.096250097496
4557,LOAD,111750875,4474.237897466127
4558,LOAD,116464158,4293.166314738651
4559,LOAD,112935023,4427.32455103852
4560,LOAD,116945054,4275.512156332836
4561,LOAD,114626939,4361.97637625131
4562,LOAD,113423834,4408.244567010493
4563,LOAD,111106215,4500.198301238144
4564,LOAD,119101735,4198.091656683255
4565,LOAD,115236935,4338.886659906392
4566,LOAD,111469593,4485.528174486112
4567,LOAD,114220623,4377.493195777789
4568,LOAD,114691554,4359.518923250443
4569,LOAD,112730315,4435.364169788756
4570,LOAD,113039377,4423.237399831034
4571,LOAD,115190748,4340.6263843342695
4572,LOAD,114391710,4370.9461113921625
4573,LOAD,114847286,4353.607450506057
4574,LOAD,115714045,4320.996643060918
4575,LOAD,115117308,4343.395521375465
4576,LOAD,115318711,4335.809823611366
4577,LOAD,111142355,4498.734978217801
4578,LOAD,114768661,4356.589992803001
4579,LOAD,109167038,4580.137092297035
4580,LOAD,119370317,4188.64599312407
4581,LOAD,116972822,4274.497199016024
4582,LOAD,114685080,4359.765019128905
4583,LOAD,117974798,4238.193313117603
4584,LOAD,116732149,4283.310161624798
4585,LOAD,114479812,4367.5822947717625
4586,LOAD,117674207,4249.019498385062
4587,LOAD,112961771,4426.276213392583
4588,LOAD,117746773,4246.400875886425
4589,LOAD,116460630,4293.296369768908
4590,LOAD,114593704,4363.24145696521
4591,LOAD,114918803,4350.898085842401
4592,LOAD,114461119,4368.295578169212
4593,LOAD,108722850,4598.849275934176
4594,LOAD,117284573,4263.135271848583
4595,LOAD,119477501,4184.8883330762
4596,LOAD,115887975,4314.511492672125
4597,LOAD,117078046,4270.6554907826185
4598,LOAD,114379976,4371.394517515898
4599,LOAD,112991474,4425.112641684806
4600,LOAD,112728073,4435.452382832802
4601,LOAD,117499556,4255.3352286709915
4602,LOAD,113689001,4397.962824917426
4603,LOAD,114072424,4383.180285535092
4604,LOAD,118184480,4230.673942974577
4605,LOAD,112434019,4447.052630930146
4606,LOAD,119064867,4199.391580389536
4607,LOAD,113129976,4419.695094781952
4608,LOAD,115978747,4311.134694359131
4609,LOAD,110044649,4543.610294036196
4610,LOAD,118452765,4221.091841967555
4611,LOAD,118486495,4219.890207740553
4612,LOAD,118428497,4221.956815005428
4613,LOAD,112289846,4452.762362858703
4614,LOAD,116955550,4275.12845692231
4615,LOAD,113022889,4423.882670350074
4616,LOAD,117206962,4265.95819453114
4617,LOAD,111566149,4481.646130852827
4618,LOAD,119133766,4196.962933245978
4619,LOAD,111338470,4490.810768281619
4620,LOAD,116999607,4273.518628143768
4621,LOAD,119890984,4170.455386370004
4622,LOAD,120279325,4156.990405458295
4623,LOAD,113927617,4388.75149999846
4624,LOAD,118721956,4211.520908567241
4625,LOAD,117019879,4272.778302906979
4626,LOAD,118446397,4221.318779329354
4627,LOAD,114819997,4354.642162201067
4628,LOAD,115756132,4319.425600710293
4629,LOAD,113993366,4386.220159513493
4630,LOAD,113074149,4421.877187861923
4631,LOAD,117781498,4245.148928229797
4632,LOAD,120672362,4143.45084253841
4633,LOAD,118660303,4213.709112136685
4634,LOAD,119183152,4195.223834993054
4635,LOAD,109794255,4553.972336712882
4636,LOAD,116674585,4285.4234279042
4637,LOAD,115933120,4312.83139796462
4638,LOAD,118120387,4232.969538103528
4639,LOAD,113906469,4389.566320416797
4640,LOAD,117790741,4244.815812815033
4641,LOAD,115140500,4342.520659542038
4642,LOAD,118357189,4224.500465282257
4643,LOAD,116629330,4287.086275810724
4644,LOAD,115601956,4325.186331622278
4645,LOAD,116345895,4297.53022227385
4646,LOAD,110404465,4528.802345086316
4647,LOAD,115012695,4347.34617774151
4648,LOAD,115452028,4330.803093385246
4649,LOAD,116089716,4307.013723765161
4650,LOAD,123088736,4062.1101186708106
4651,LOAD,113943891,4388.124677961015
4652,LOAD,114605494,4362.792590030632
4653,LOAD,119383180,4188.194685381977
4654,LOAD,118576171,4216.698817167911
4655,LOAD,116208502,4302.611180720667
4656,LOAD,113386251,4409.705723491996
4657,LOAD,115253694,4338.255743889649
4658,LOAD,121492005,4115.497147322574
4659,LOAD,116525912,4290.891110983109
4660,LOAD,113586673,4401.924863139534
4661,LOAD,118570449,4216.902307589305
4662,LOAD,115942923,4312.466747107972
4663,LOAD,120605508,4145.747638656769
4664,LOAD,114183239,4378.926402674564
4665,LOAD,117583583,4252.294302003027
4666,LOAD,115042286,4346.227960038972
4667,LOAD,116205471,4302.723406198319
4668,LOAD,114424965,4369.675795837035
4669,LOAD,120120416,4162.489746955255
4670,LOAD,118137087,4232.371160463776
4671,LOAD,116841114,4279.315584067437
4672,LOAD,115508287,4328.693749912506
4673,LOAD,119718085,4176.4784326444915
4674,LOAD,116041615,4308.79904592848
4675,LOAD,115909814,4313.698579483529
4676,LOAD,119964039,4167.915686800109
4677,LOAD,113545389,4403.5253602416215
4678,LOAD,117641827,4250.189008030282
4679,LOAD,116920242,4276.419475765369
4680,LOAD,118785486,4209.268462310286
4681,LOAD,116894883,4277.347195770751
4682,LOAD,116948080,4275.401528609961
4683,LOAD,110580992,4521.572749139382
4684,LOAD,109077307,4583.904881333383
4685,LOAD,118151537,4231.853539069915
4686,LOAD,120548759,4147.699272457878
4687,LOAD,115415476,4332.174655676159
4688,LOAD,113566786,4402.695696609747
4689,LOAD,125351683,3988.7777174878456
4690,LOAD,115167400,4341.506363780028
4691,LOAD,117016738,4272.892994162938
4692,LOAD,120076468,4164.013218643307
4693,LOAD,118534305,4218.188143930148
4694,LOAD,117965318,4238.533905363609
4695,LOAD,117493159,4255.566913474511
4696,LOAD,118383957,4223.545256220824
4697,LOAD,118340836,4225.084230434201
4698,LOAD,128772568,3882.8145447872093
4699,LOAD,119661606,4178.449685858303
4700,LOAD,117953609,4238.954655469677
4701,LOAD,120687830,4142.919795641366
4702,LOAD,117537340,4253.9672924366
4703,LOAD,116414752,4294.988319006169
4704,LOAD,117230661,4265.095801174404
4705,LOAD,112541147,4442.819478283796
4706,LOAD,113841197,4392.083122597525
4707,LOAD,118349412,4224.778066493478
4708,LOAD,114391811,4370.942252151249
4709,LOAD,122124338,4094.18800698023
4710,LOAD,115426289,4331.768822611979
4711,LOAD,115444409,4331.088913972439
4712,LOAD,117193156,4266.460747929683
4713,LOAD,117217400,4265.578318577276
4714,LOAD,114951587,4349.657216998666
4715,LOAD,116525602,4290.902526296324
4716,LOAD,114806621,4355.149517030032
4717,LOAD,117862908,4242.216728608122
4718,LOAD,118272602,4227.521772117603
4719,LOAD,116919271,4276.454990897095
4720,LOAD,111533314,4482.965511093842
4721,LOAD,120146323,4161.592194544314
4722,LOAD,115405044,4332.56626114193
4723,LOAD,121956996,4099.805803678536
4724,LOAD,118384682,4223.519390794157
4725,LOAD,115918358,4313.380629494424
4726,LOAD,113863947,4391.205585030352
4727,LOAD,115665387,4322.814395632464
4728,LOAD,111942032,4466.597497533366
4729,LOAD,117640046,4250.25335335214
4730,LOAD,117113401,4269.366235893021
4731,LOAD,115721590,4320.714915859694
4732,LOAD,119487187,4184.549093117407
4733,LOAD,119672440,4178.071408922556
4734,LOAD,110865731,4509.959890130522
4735,LOAD,118744963,4210.704920595243
4736,LOAD,115708299,4321.211220985972
4737,LOAD,115216835,4339.64359461879
4738,LOAD,117379365,4259.692493650822
4739,LOAD,118525621,4218.497197327488
4740,LOAD,117064508,4271.1493734719315
4741,LOAD,117058594,4271.365159229574
4742,LOAD,114281277,4375.169871439221
4743,LOAD,117628756,4250.6612923799
4744,LOAD,113053664,4422.6784193389785
4745,LOAD,117106581,4269.614873309297
4746,LOAD,117500435,4255.303395259771
4747,LOAD,114044819,4384.241251678431
4748,LOAD,117180555,4266.919541386367
4749,LOAD,117766357,4245.694719078387
4750,LOAD,117028799,4272.452629373733
4751,LOAD,119197239,4194.728033927027
4752,LOAD,113640506,4399.839613526537
4753,LOAD,114589117,4363.4161174311175
4754,LOAD,118560985,4217.238917169927
4755,LOAD,115885496,4314.6037878631505
4756,LOAD,119617072,4180.005342381228
4757,LOAD,116764397,4282.127196700207
4758,LOAD,113932563,4388.560977075535
4759,LOAD,113356691,4410.855641507743
4760,LOAD,120500688,4149.353902444109
4761,LOAD,114100044,4382.119256676185
4762,LOAD,118545361,4217.794739348763
4763,LOAD,119555096,4182.172209539273
4764,LOAD,114100595,4382.09809510634
4765,LOAD,121166715,4126.545809218316
4766,LOAD,121232544,4124.3051040816235
4767,LOAD,117507446,4255.049505543674
4768,LOAD,116378226,4296.336326693964
4769,LOAD,115331467,4335.330270272206
4770,LOAD,114684892,4359.772165979805
4771,LOAD,116300317,4299.214420885886
4772,LOAD,113436664,4407.745982374799
4773,LOAD,119856439,4171.657394226438
4774,LOAD,109837958,4552.160374285181
4775,LOAD,120547783,4147.732853784628
4776,LOAD,119322631,4190.319940229947
4777,LOAD,118251685,4228.269559118756
4778,LOAD,110630224,4519.560585902818
4779,LOAD,116315270,4298.66173203226
4780,LOAD,116374382,4296.478240374243
4781,LOAD,118289991,4226.900313146528
4782,LOAD,117965506,4238.527150470579
4783,LOAD,117324400,4261.688105798964
4784,LOAD,115112374,4343.581690010146
4785,LOAD,118295636,4226.698607884403
4786,LOAD,113855833,4391.518526767091
4787,LOAD,117741832,4246.579074801554
4788,LOAD,113488467,4405.734020532676
4789,LOAD,119232534,4193.486318088316
4790,LOAD,114009859,4385.585636063281
4791,LOAD,111672876,4477.362972186729
4792,LOAD,117116413,4269.256436328869
4793,LOAD,116815731,4280.245440573411
4794,LOAD,115478017,4329.828420936601
4795,LOAD,115613534,4324.7531902277115
4796,LOAD,109268853,4575.869392534028
4797,LOAD,117215038,4265.664274237577
4798,LOAD,121408117,4118.3407860612815
4799,LOAD,109051598,4584.9855405145
4800,LOAD,110734294,4515.313024888207
4801,LOAD,108301729,4616.731465108927
4802,LOAD,108216272,4620.377238646698
4803,LOAD,110095807,4541.499023663999
4804,LOAD,109011291,4586.680842079009
4805,LOAD,108870471,4592.613547157337
4806,LOAD,108803177,4595.454046346459
4807,LOAD,107314832,4659.188209883235
4808,LOAD,110169832,4538.4475125640565
4809,LOAD,108936834,4589.815782602972
4810,LOAD,109740324,4556.210349807242
4811,LOAD,108440047,4610.842708321586
4812,LOAD,104587010,4780.708426409743
4813,LOAD,106608605,4690.052927716294
4814,LOAD,113045770,4422.987255516063
4815,LOAD,110333033,4531.734390008112
4816,LOAD,108142609,4623.524479606368
4817,LOAD,106594204,4690.686559280465
4818,LOAD,106395553,4699.444534115068
4819,LOAD,105359984,4745.634737378092
4820,LOAD,107019726,4672.035882431618
4821,LOAD,107885759,4634.531977478139
4822,LOAD,105784689,4726.581934744829
4823,LOAD,104400598,4789.244598005081
4824,LOAD,110742689,4514.970735449633
4825,LOAD,107473150,4652.324789959167
4826,LOAD,109573721,4563.137907856575
4827,LOAD,106790751,4682.053411161048
4828,LOAD,106108938,4712.138387437259
4829,LOAD,109198032,4578.837098456133
4830,LOAD,109216763,4578.051814262249
4831,LOAD,109143076,4581.1426461904
4832,LOAD,113086235,4421.404603310031
4833,LOAD,103322529,4839.215656442168
4834,LOAD,111505046,4484.102001984735
4835,LOAD,109131093,4581.645672695681
4836,LOAD,109846458,4551.808124755375
4837,LOAD,112275259,4453.340873611345
4838,LOAD,111944763,4466.488530597899
4839,LOAD,109371734,4571.565080974212
4840,LOAD,111947146,4466.3934532104995
4841,LOAD,109857105,4551.366978039336
4842,LOAD,107021011,4671.979785352617
4843,LOAD,113631161,4400.201455303269
4844,LOAD,112578008,4441.3647823649535
4845,LOAD,108627444,4602.888382423875
4846,LOAD,117959499,4238.742994322144
4847,LOAD,112477539,4445.331969789986
4848,LOAD,114153962,4380.049463372984
4849,LOAD,112783958,4433.254594594029
4850,LOAD,103697715,4821.707016398577
4851,LOAD,109970681,4546.666397382772
4852,LOAD,109598850,4562.091664282973
4853,LOAD,107180006,4665.049188371943
4854,LOAD,109733358,4556.499583289887
4855,LOAD,115765905,4319.060953222799
4856,LOAD,108985162,4587.780490705698
4857,LOAD,112137530,4458.810533815039
4858,LOAD,112586989,4441.010497225395
4859,LOAD,110720909,4515.858879012635
4860,LOAD,111132451,4499.1359004580945
4861,LOAD,106450679,4697.010903988691
4862,LOAD,111263941,4493.818891423233
4863,LOAD,108631796,4602.703981806579
4864,LOAD,109274102,4575.649589872631
4865,LOAD,108695723,4599.997002641953
4866,LOAD,109583739,4562.720751844396
4867,LOAD,109743362,4556.084221294404
4868,LOAD,109604081,4561.873932413155
4869,LOAD,110837769,4511.097656611981
4870,LOAD,110784512,4513.266258734795
4871,LOAD,108504080,4608.1216485131245
4872,LOAD,106945672,4675.271010499612
4873,LOAD,110766687,4513.992550846989
4874,LOAD,104525451,4783.523966808812
4875,LOAD,111473577,4485.367864350491
4876,LOAD,109777968,4554.647978180831
4877,LOAD,104374042,4790.46313066998
4878,LOAD,105029933,4760.547643118081
4879,LOAD,107336800,4658.234640868743
4880,LOAD,109307011,4574.2720016376625
4881,LOAD,108545886,4606.346849478939
4882,LOAD,104587503,4780.685891315332
4883,LOAD,113691636,4397.860894534053
4884,LOAD,114904287,4351.4477401526365
4885,LOAD,110513039,4524.353004173562
4886,LOAD,110187923,4537.702375967282
4887,LOAD,107181895,4664.966970401111
4888,LOAD,106938342,4675.591473075205
4889,LOAD,107111171,4668.047182492291
4890,LOAD,110047231,4543.503688884276
4891,LOAD,109138889,4581.318396964807
4892,LOAD,110187047,4537.738451235561
4893,LOAD,105027705,4760.648630758903
4894,LOAD,107434964,4653.978382679963
4895,LOAD,108269987,4618.084973077534
4896,LOAD,107864928,4635.427003668884
4897,LOAD,109471085,4567.416135502814
4898,LOAD,104525791,4783.508407030376
4899,LOAD,103518579,4830.050845269041
4900,LOAD,113482067,4405.982488845572
4901,LOAD,113745248,4395.788033272388
4902,LOAD,109831908,4552.4111262821725
4903,LOAD,112286070,4452.912102097794
4904,LOAD,109306312,4574.301253526878
4905,LOAD,109077156,4583.911227021725
4906,LOAD,111426887,4487.247319401465
4907,LOAD,105574866,4735.975700883201
4908,LOAD,108076772,4626.340986572027
4909,LOAD,103859535,4814.194479110657
4910,LOAD,109523872,4565.214787147043
4911,LOAD,112757353,4434.300617184584
4912,LOAD,107770292,4639.497497139564
4913,LOAD,106261076,4705.391840752676
4914,LOAD,105451015,4741.538049681171
4915,LOAD,107947354,4631.8875032360675
4916,LOAD,106702479,4685.9267440262565
4917,LOAD,113251287,4414.960864859752
4918,LOAD,110887397,4509.0787008013185
4919,LOAD,108420306,4611.682243361312
4920,LOAD,103198392,4845.03673274289
4921,LOAD,113866367,4391.112258811243
4922,LOAD,106757087,4683.529815683338
4923,LOAD,111848905,4470.316450572314
4924,LOAD,107283723,4660.539232032431
4925,LOAD,110631332,4519.515321391954
4926,LOAD,107362054,4657.138918001699
4927,LOAD,113728399,4396.439274591388
4928,LOAD,108033549,4628.191933229927
4929,LOAD,108678544,4600.7241318948845
4930,LOAD,105159785,4754.669287313586
4931,LOAD,108171782,4622.27755478781
4932,LOAD,106380616,4700.104387438403
4933,LOAD,110054350,4543.209786800794
4934,LOAD,111418180,4487.597984458192
4935,LOAD,109696268,4558.0402060715505
4936,LOAD,100635033,4968.448711096463
4937,LOAD,107052998,4670.583816811931
4938,LOAD,100430383,4978.573067873295
4939,LOAD,112304200,4452.19323943361
4940,LOAD,108170894,4622.315500138142
4941,LOAD,112295525,4452.53717812887
4942,LOAD,107918402,4633.130131041044
4943,LOAD,113622875,4400.522342001996
4944,LOAD,105425057,4742.705522084755
4945,LOAD,113558927,4403.000391153749
4946,LOAD,101790482,4912.050617856393
4947,LOAD,110282015,4533.8308336132595
4948,LOAD,107147151,4666.4796528280995
4949,LOAD,108164097,4622.60596508285
4950,LOAD,110750001,4514.67264546571
4951,LOAD,107890331,4634.335582861452
4952,LOAD,102576715,4874.400588866586
4953,LOAD,108487321,4608.8335059909905
4954,LOAD,106866682,4678.7267148427045
4955,LOAD,107024872,4671.811240288145
4956,LOAD,112550351,4442.456159021663
4957,LOAD,109038140,4585.5514409911975
4958,LOAD,105850717,4723.633567829304
4959,LOAD,112248370,4454.407667567912
4960,LOAD,105468931,4740.7326049412595
4961,LOAD,110414210,4528.4026394791035
4962,LOAD,104129086,4801.732342104683
4963,LOAD,109827224,4552.605281182378
4964,LOAD,108195225,4621.276031359055
4965,LOAD,109793466,4554.005062559916
4966,LOAD,105795899,4726.0811120854505
4967,LOAD,117048614,4271.729351703387
4968,LOAD,103421626,4834.578794961123
4969,LOAD,103578957,4827.235323483707
4970,LOAD,103969848,4809.086572868703
4971,LOAD,106354479,4701.25945518477
4972,LOAD,106228038,4706.855265462023
4973,LOAD,102982722,4855.183377265946
4974,LOAD,104069766,4804.469340307732
4975,LOAD,104649300,4777.86282373604
4976,LOAD,106963679,4674.483943283214
4977,LOAD,106482813,4695.593456945959
4978,LOAD,103918677,4811.45463389608
4979,LOAD,104893154,4766.755321324403
4980,LOAD,113048631,4422.875319914312
4981,LOAD,114545364,4365.082815573401
4982,LOAD,114536952,4365.40340273766
4983,LOAD,114872014,4352.6702683214035
4984,LOAD,110704820,4516.515179736528
4985,LOAD,114301456,4374.397470492415
4986,LOAD,113792585,4393.95941308478
4987,LOAD,112714036,4436.004758094192
4988,LOAD,111012843,4503.983381454342
4989,LOAD,111790103,4472.667853253521
4990,LOAD,105264221,4749.952027859495
4991,LOAD,113848424,4391.804316939863
4992,LOAD,114379163,4371.425589117137
4993,LOAD,117265139,4263.841788479012
4994,LOAD,110194485,4537.432159150251
4995,LOAD,109501754,4566.136904071875
4996,LOAD,108648280,4602.005664516732
4997,LOAD,111639581,4478.698285333049
4998,LOAD,111142644,4498.723280327936
4999,LOAD,115493888,4329.233422291576
5000,LOAD,107954087,4631.598616548904
5001,LOAD,115313682,4335.998914682128
5002,LOAD,108127583,4624.1669898419905
5003,LOAD,123711180,4041.671900631778
5004,LOAD,112999117,4424.8133372582015
5005,LOAD,116924026,4276.281078450035
5006,LOAD,112303615,4452.216431323249
5007,LOAD,114506491,4366.564686712825
5008,LOAD,114129200,4380.999779197611
5009,LOAD,118071586,4234.719096599583
5010,LOAD,117798717,4244.528401782169
5011,LOAD,112640984,4438.881677383074
5012,LOAD,376046677,1329.6221734728958
5013,LOAD,115997312,4310.444710994682
5014,LOAD,116403885,4295.389281895532
5015,LOAD,115865284,4315.356444472185
5016,LOAD,117269636,4263.678280710277
5017,LOAD,113828113,4392.587971655123
5018,LOAD,110505211,4524.673501596228
5019,LOAD,117128175,4268.827718010632
5020,LOAD,114066536,4383.406540898201
5021,LOAD,117490818,4255.651705480508
5022,LOAD,112952352,4426.645316779238
5023,LOAD,112590847,4440.858323057114
5024,LOAD,122655060,4076.4726705934518
5025,LOAD,117248650,4264.441424272262
5026,LOAD,119059521,4199.580141095982
5027,LOAD,118049247,4235.520451900891
5028,LOAD,114324300,4373.523389165733
5029,LOAD,116464790,4293.143017730938
5030,LOAD,115948439,4312.2615906885985
5031,LOAD,119538795,4182.742514679021
5032,LOAD,116202925,4302.81767864277
5033,LOAD,122096915,4095.107562709508
5034,LOAD,111404258,4488.158791919785
5035,LOAD,115838906,4316.339106310275
5036,LOAD,117848058,4242.751289121794
5037,LOAD,121501616,4115.171603972741
5038,LOAD,118034257,4236.058350416015
5039,LOAD,117591140,4252.021028114874
5040,LOAD,109585010,4562.6678320328665
5041,LOAD,120644106,4144.421278234678
5042,LOAD,114346330,4372.680784770268
5043,LOAD,120944382,4134.131670539274
5044,LOAD,111681388,4477.021721828887
5045,LOAD,115090378,4344.411832586039
5046,LOAD,116071856,4307.676444839479
5047,LOAD,120361039,4154.168193911985
5048,LOAD,117825093,4243.57823337343
5049,LOAD,118267288,4227.711723634012
5050,LOAD,118704428,4212.142785440153
5051,LOAD,117815047,4243.940080081622
5052,LOAD,121494078,4115.426926405417
5053,LOAD,122775566,4072.471553501126
5054,LOAD,120394523,4153.01284095789
5055,LOAD,117464716,4256.59735984038
5056,LOAD,119645068,4179.027254178167
5057,LOAD,117356967,4260.505471311302
5058,LOAD,120878477,4136.385669385957
5059,LOAD,117163207,4267.5513311956365
5060,LOAD,123086737,4062.176089695188
5061,LOAD,123106719,4061.516739797119
5062,LOAD,120254442,4157.850568214353
5063,LOAD,121710109,4108.122193859837
5064,LOAD,118992902,4201.9313051126355
5065,LOAD,122399997,4084.9674203831883
5066,LOAD,118634441,4214.627689778552
5067,LOAD,113175673,4417.910552208512
5068,LOAD,116815039,4280.270796297042
5069,LOAD,117773984,4245.419769445856
5070,LOAD,118219126,4229.434076513136
5071,LOAD,112697616,4436.651082308609
5072,LOAD,118166263,4231.326161173431
5073,LOAD,113371271,4410.288387787414
5074,LOAD,119735303,4175.877852833429
5075,LOAD,116739690,4283.033473876793
5076,LOAD,115135476,4342.7101478262
5077,LOAD,116531219,4290.695697605292
5078,LOAD,113910465,4389.412333625361
5079,LOAD,122349459,4086.65476812611
5080,LOAD,114334198,4373.144769861419
5081,LOAD,118132234,4232.545030850766
5082,LOAD,130925621,3818.9622182506205
5083,LOAD,119219463,4193.946084122187
5084,LOAD,120291600,4156.566210774485
5085,LOAD,119912738,4169.698802140603
5086,LOAD,120765245,4140.26403043359
5087,LOAD,122029261,4097.377923152382
5088,LOAD,121173807,4126.304292808099
5089,LOAD,115891046,4314.39716231399
5090,LOAD,115739222,4320.0566874382475
5091,LOAD,118819415,4208.0665015898285
5092,LOAD,112169929,4457.522657431655
5093,LOAD,116998681,4273.552451416098
5094,LOAD,110910100,4508.155704484983
5095,LOAD,118471767,4220.41480988462
5096,LOAD,117745550,4246.444982421841
5097,LOAD,122349033,4086.6689972122626
5098,LOAD,112383032,4449.070211951569
5099,LOAD,116668115,4285.661082293135
5100,LOAD,114357832,4372.24098477138
5101,LOAD,120014610,4166.159436755242
5102,LOAD,116218983,4302.223157468174
5103,LOAD,121348997,4120.347199903103
5104,LOAD,117428120,4257.92391124034
5105,LOAD,119621933,4179.835482177002
5106,LOAD,115510076,4328.626707855339
5107,LOAD,115809579,4317.432153000055
5108,LOAD,116712678,4284.024739797334
5109,LOAD,119193976,4194.842866891193
5110,LOAD,113726724,4396.50402661735
5111,LOAD,116984771,4274.0605954599
5112,LOAD,114002800,4385.857189472539
5113,LOAD,116709928,4284.125682949612
5114,LOAD,112212904,4455.815527240967
5115,LOAD,115422950,4331.894133705645
5116,LOAD,117288314,4262.999295905984
5117,LOAD,119239663,4193.23560147935
5118,LOAD,111374723,4489.34898810029
5119,LOAD,121093157,4129.052478167697
5120,LOAD,112039084,4462.728381463739
5121,LOAD,122638218,4077.0324956939603
5122,LOAD,113965805,4387.280904127339
5123,LOAD,120561557,4147.258980737948
5124,LOAD,111233750,4495.038601143987
5125,LOAD,118779968,4209.4640065907415
5126,LOAD,109905535,4549.361412962505
5127,LOAD,115029438,4346.713403920135
5128,LOAD,114517271,4366.153643322499
5129,LOAD,119939264,4168.776623475028
5130,LOAD,114023977,4385.042630112788
5131,LOAD,115052086,4345.857753504791
5132,LOAD,112034497,4462.911097820165
5133,LOAD,119043422,4200.148077060487
5134,LOAD,123380746,4052.4961650013047
5135,LOAD,122760274,4072.9788530775027
5136,LOAD,120615409,4145.407325195076
5137,LOAD,116570634,4289.244922524827
5138,LOAD,122885867,4068.816147913901
5139,LOAD,114886954,4352.104243272043
5140,LOAD,117024336,4272.615569465825
5141,LOAD,117150038,4268.031052623303
5142,LOAD,118024407,4236.411880468079
5143,LOAD,111777788,4473.160624720897
5144,LOAD,119471957,4185.082529450823
5145,LOAD,122282937,4088.8779110694736
5146,LOAD,117985743,4237.80015522723
5147,LOAD,112621392,4439.653880321423
5148,LOAD,115011194,4347.402914537171
5149,LOAD,113130558,4419.672357666617
5150,LOAD,120730583,4141.452708797075
5151,LOAD,117293218,4262.821060975581
5152,LOAD,116826461,4279.852318731114
5153,LOAD,117925764,4239.955570692762
5154,LOAD,110387341,4529.504882267252
5155,LOAD,112696950,4436.6773013821585
5156,LOAD,117166647,4267.426036353161
5157,LOAD,115462077,4330.426171010245
5158,LOAD,115229494,4339.166845599443
5159,LOAD,116189981,4303.297028682706
5160,LOAD,125529269,3983.1348018126355
5161,LOAD,120590742,4146.25527389159
5162,LOAD,123565547,4046.435370856247
5163,LOAD,125868556,3972.3979990681705
5164,LOAD,119370312,4188.6461685716295
5165,LOAD,112530463,4443.241293693069
5166,LOAD,122617683,4077.7152835288853
5167,LOAD,111419853,4487.530601929622
5168,LOAD,119015685,4201.126935495939
5169,LOAD,124718841,4009.0173705190223
5170,LOAD,118404477,4222.813297845149
5171,LOAD,118058576,4235.185760668501
5172,LOAD,119633291,4179.438648059928
5173,LOAD,119078190,4198.921733694475
5174,LOAD,124088632,4029.3779691277446
5175,LOAD,117316420,4261.977990804698
5176,LOAD,116567253,4289.369330853151
5177,LOAD,119483356,4184.683262495573
5178,LOAD,116302610,4299.129658397176
5179,LOAD,120847122,4137.458896207722
5180,LOAD,115746548,4319.7832560846655
5181,LOAD,115320473,4335.743576077771
5182,LOAD,113385707,4409.726880302471
5183,LOAD,117228280,4265.182428676766
5184,LOAD,119176205,4195.468382299973
5185,LOAD,116372477,4296.548573078839
5186,LOAD,117993993,4237.503853268192
5187,LOAD,114106130,4381.8855306020805
5188,LOAD,117457491,4256.859190019647
5189,LOAD,116827332,4279.8204105183195
5190,LOAD,119952231,4168.325973028381
5191,LOAD,114833404,4354.1337501412045
5192,LOAD,117461192,4256.725063712958
5193,LOAD,111539269,4482.726168843728
5194,LOAD,119559892,4182.004446775512
5195,LOAD,115323184,4335.64165207232
5196,LOAD,119275424,4191.978391122718
5197,LOAD,114255936,4376.140247102785
5198,LOAD,117500831,4255.289054083371
5199,LOAD,114498048,4366.886673910808
5200,LOAD,119113234,4197.686379667938
5201,LOAD,118038786,4235.895818176239
5202,LOAD,116795310,4280.993817303109
5203,LOAD,121514635,4114.730707128405
5204,LOAD,114055720,4383.822223032742
5205,LOAD,114139093,4380.620056267663
5206,LOAD,118090130,4234.054107654891
5207,LOAD,116535201,4290.549084821161
5208,LOAD,115695499,4321.689299252687
5209,LOAD,113068971,4422.079687980887
5210,LOAD,118477794,4220.200116150036
5211,LOAD,117540549,4253.8511539536885
5212,LOAD,120125752,4162.304848672248
5213,LOAD,115093876,4344.279794695593
5214,LOAD,116718657,4283.80528744432
5215,LOAD,112396961,4448.518852747273
5216,LOAD,118815634,4208.20041241374
5217,LOAD,115738387,4320.087854689041
5218,LOAD,118336906,4225.224546600873
5219,LOAD,114570140,4364.138858519332
5220,LOAD,118587227,4216.305690325316
5221,LOAD,114735842,4357.836150276388
5222,LOAD,118874034,4206.1330231293405
5223,LOAD,123111007,4061.375275729814
5224,LOAD,116078975,4307.412259627551
5225,LOAD,114266199,4375.747197121697
5226,LOAD,117565519,4252.94766912057
5227,LOAD,116128848,4305.562387047876
5228,LOAD,118947230,4203.544714744513
5229,LOAD,114792654,4355.679414816909
5230,LOAD,120505929,4149.173440254545
5231,LOAD,121954364,4099.894285045839
5232,LOAD,117542497,4253.780656029453
5233,LOAD,114770067,4356.536622044492
5234,LOAD,118601722,4215.79039130646
5235,LOAD,113114114,4420.3148689296195
5236,LOAD,118532199,4218.26308984616
5237,LOAD,113772152,4394.748549715399
5238,LOAD,118985697,4202.1857467456775
5239,LOAD,118032159,4236.13364557705
5240,LOAD,117790565,4244.822155322881
5241,LOAD,113197477,4417.0595781034945
5242,LOAD,116670922,4285.557973048331
5243,LOAD,115741965,4319.954305251341
5244,LOAD,115618402,4324.571100714573
5245,LOAD,114894166,4351.83105815834
5246,LOAD,117066498,4271.076768692611
5247,LOAD,115329217,4335.414849820753
5248,LOAD,113141724,4419.236178511828
5249,LOAD,117432097,4257.77971077192
5250,LOAD,116408840,4295.206446520728
5251,LOAD,117488050,4255.751967966104
5252,LOAD,114986366,4348.341611213281
5253,LOAD,113789010,4394.097461608991
5254,LOAD,117398772,4258.988330814908
5255,LOAD,117450274,4257.120762442835
5256,LOAD,116750089,4282.651981532965
5257,LOAD,118021260,4236.5248430664105
5258,LOAD,112104696,4460.116461133795
5259,LOAD,115210684,4339.875284483165
5260,LOAD,112627462,4439.414607424964
5261,LOAD,118718940,4211.6279003164955
5262,LOAD,113406978,4408.899776872637
5263,LOAD,114992656,4348.103760643637
5264,LOAD,107964422,4631.155252236705
5265,LOAD,116116118,4306.034412896925
5266,LOAD,115510972,4328.593131395345
5267,LOAD,114575178,4363.946962404021
5268,LOAD,113678439,4398.371444914017
5269,LOAD,115187137,4340.762458572089
5270,LOAD,114528170,4365.738141105371
5271,LOAD,115532971,4327.768910227367
5272,LOAD,116558811,4289.679996821519
5273,LOAD,119113366,4197.681727842365
5274,LOAD,112350840,4450.345008546442
5275,LOAD,114049336,4384.06761088026
5276,LOAD,116726562,4283.515177976372
5277,LOAD,115384532,4333.336464891152
5278,LOAD,115740028,4320.026603069424
5279,LOAD,118104925,4233.523707838603
5280,LOAD,113783141,4394.3241116889185
5281,LOAD,117993046,4237.537863036438
5282,LOAD,113336321,4411.648407045081
5283,LOAD,117618975,4251.01477036337
5284,LOAD,117295711,4262.73045908729
5285,LOAD,114347585,4372.632793250509
5286,LOAD,113805173,4393.473396855168
5287,LOAD,118549956,4217.631257492832
5288,LOAD,113423180,4408.269985024225
5289,LOAD,123361821,4053.117860508885
5290,LOAD,120043794,4165.146596416304
5291,LOAD,116047198,4308.591750746106
5292,LOAD,113801488,4393.615661686252
5293,LOAD,114408728,4370.29594455416
5294,LOAD,115204934,4340.091892244824
5295,LOAD,115267748,4337.726802817385
5296,LOAD,112404803,4448.208498706234
5297,LOAD,113293129,4413.330308848651
5298,LOAD,115814759,4317.2390489540285
5299,LOAD,121401242,4118.5740093169725
5300,LOAD,117924050,4240.017197509754
5301,LOAD,121410717,4118.25259214967
5302,LOAD,116497189,4291.949052950969
5303,LOAD,117006680,4273.260295907892
5304,LOAD,113497830,4405.370569639966
5305,LOAD,118125941,4232.770513972033
5306,LOAD,116990137,4273.864556633522
5307,LOAD,113972095,4387.038774710599
5308,LOAD,108950800,4589.22743109734
5309,LOAD,119719172,4176.440511967457
5310,LOAD,116031286,4309.182611317434
5311,LOAD,116054638,4308.315536687124
5312,LOAD,118316637,4225.948376135809
5313,LOAD,115603483,4325.129200475733
5314,LOAD,118878374,4205.97946603812
5315,LOAD,116224030,4302.036334482636
5316,LOAD,115713982,4320.998995609709
5317,LOAD,127088133,3934.2776402262516
5318,LOAD,117763579,4245.794873472722
5319,LOAD,118222155,4229.325713103436
5320,LOAD,117414630,4258.413112573791
5321,LOAD,117501647,4255.259502873181
5322,LOAD,117259465,4264.04810903751
5323,LOAD,123391251,4052.151152920882
5324,LOAD,115448396,4330.939340205298
5325,LOAD,124423542,4018.532119910233
5326,LOAD,118015676,4236.725297408795
5327,LOAD,118233097,4228.934305932966
5328,LOAD,121240467,4124.035582937832
5329,LOAD,116651891,4286.257134057089
5330,LOAD,114012319,4385.49100996709
5331,LOAD,114070138,4383.268125791169
5332,LOAD,113662488,4398.988697132866
5333,LOAD,118572950,4216.813362575528
5334,LOAD,117367146,4260.135966840328
5335,LOAD,120300986,4156.24191143371
5336,LOAD,112476788,4445.361650974599
5337,LOAD,114195306,4378.463682211246
5338,LOAD,114196821,4378.4055950208985
5339,LOAD,117834638,4243.23448933581
5340,LOAD,117492007,4255.608638977458
5341,LOAD,115186040,4340.803798793673
5342,LOAD,112061781,4461.824500183519
5343,LOAD,116767127,4282.027081132175
5344,LOAD,114265450,4375.77587976068
5345,LOAD,115528680,4327.929653485177
5346,LOAD,115568703,4326.430833095012
5347,LOAD,115185865,4340.8103937058595
5348,LOAD,114538585,4365.341164289745
5349,LOAD,118440635,4221.524141609001
5350,LOAD,118270902,4227.582537588155
5351,LOAD,117862949,4242.2152529036075
5352,LOAD,111357515,4490.042724103532
5353,LOAD,115736244,4320.167846469944
5354,LOAD,114491568,4367.1338312005655
5355,LOAD,116268160,4300.403481056206
5356,LOAD,117692129,4248.372463378583
5357,LOAD,115458982,4330.542252659044
5358,LOAD,112655673,4438.302898425719
5359,LOAD,114476110,4367.723536378027
5360,LOAD,115590150,4325.62809201303
5361,LOAD,115137096,4342.649045100113
5362,LOAD,114543397,4365.157775092003
5363,LOAD,109936933,4548.062114849065
5364,LOAD,113724655,4396.584012499313
5365,LOAD,114125281,4381.150220344254
5366,LOAD,119484495,4184.643371510253
5367,LOAD,112982024,4425.482765293707
5368,LOAD,118030488,4236.193618042145
5369,LOAD,114366028,4371.927649703809
5370,LOAD,110064947,4542.772368754241
5371,LOAD,122684390,4075.498113492678
5372,LOAD,118980375,4202.373710790541
5373,LOAD,115954147,4312.04931376883
5374,LOAD,112258536,4454.004281687764
5375,LOAD,115946160,4312.346351099511
5376,LOAD,115894698,4314.261209775101
5377,LOAD,116212054,4302.479672203367
5378,LOAD,117657626,4249.618295035121
5379,LOAD,119099011,4198.187674287236
5380,LOAD,115040650,4346.289768008091
5381,LOAD,118482321,4220.038869765221
5382,LOAD,113132663,4419.590123145957
5383,LOAD,122269477,4089.328034011301
5384,LOAD,115405561,4332.546851880041
5385,LOAD,111139049,4498.868799930077
5386,LOAD,114211254,4377.852291158628
5387,LOAD,113808206,4393.356310352525
5388,LOAD,118928774,4204.1970431814925
5389,LOAD,120557747,4147.390047028665
5390,LOAD,115459485,4330.523386623455
5391,LOAD,109547787,4564.218170833519
5392,LOAD,114193776,4378.522346086533
5393,LOAD,117189210,4266.604408375139
5394,LOAD,118773911,4209.678672616918
5395,LOAD,115302594,4336.415883236764
5396,LOAD,110068993,4542.605382062503
5397,LOAD,117441286,4257.4465678109145
5398,LOAD,117044434,4271.881907686444
5399,LOAD,117541721,4253.808739111451
5400,LOAD,110424598,4527.976637958872
5401,LOAD,120402537,4152.736416177011
5402,LOAD,110609960,4520.388579834944
5403,LOAD,116193351,4303.17221852049
5404,LOAD,115114149,4343.514714251156
5405,LOAD,117230307,4265.108680471169
5406,LOAD,111004341,4504.328348744487
5407,LOAD,112650692,4438.499143884531
5408,LOAD,111938722,4466.7295737037275
5409,LOAD,114813971,4354.870715167582
5410,LOAD,123504230,4048.444332635409
5411,LOAD,123775064,4039.5858732902775
5412,LOAD,110694716,4516.927438523805
5413,LOAD,97675087,5119.012589156946
5414,LOAD,103376532,4836.687692328468
5415,LOAD,109085160,4583.574887729917
5416,LOAD,105528731,4738.046172468425
5417,LOAD,106499063,4694.876986851988
5418,LOAD,104040458,4805.822750222803
5419,LOAD,105768291,4727.314729893858
5420,LOAD,106662233,4687.694846966124
5421,LOAD,109530727,4564.929072368888
5422,LOAD,107154812,4666.146024314801
5423,LOAD,105267035,4749.82505206877
5424,LOAD,114488467,4367.252118067054
5425,LOAD,116946135,4275.472635329077
5426,LOAD,114420903,4369.830921540622
5427,LOAD,118751522,4210.472350830165
5428,LOAD,115777475,4318.629336146777
5429,LOAD,119436044,4186.340934065097
5430,LOAD,116449075,4293.7223846561255
5431,LOAD,120770222,4140.09340812506
5432,LOAD,118981787,4202.323839698256
5433,LOAD,114622798,4362.133962215788
5434,LOAD,118060312,4235.123485020097
5435,LOAD,114038061,4384.501065832748
5436,LOAD,116877336,4277.989361427608
5437,LOAD,116110594,4306.239273911561
5438,LOAD,118474389,4220.321406342091
5439,LOAD,116318955,4298.525549855567
5440,LOAD,115679657,4322.281142310095
5441,LOAD,115467007,4330.241278359281
5442,LOAD,118125772,4232.77656970572
5443,LOAD,114697828,4359.28045647037
5444,LOAD,117977406,4238.099623922906
5445,LOAD,116016226,4309.741983849742
5446,LOAD,115087580,4344.517453577528
5447,LOAD,112025808,4463.2572522931505
5448,LOAD,119480680,4184.776986538744
5449,LOAD,117984590,4237.841568970998
5450,LOAD,118626967,4214.89322912555
5451,LOAD,113271979,4414.154360276516
5452,LOAD,110122983,4540.378278710449
5453,LOAD,114405404,4370.42292163052
5454,LOAD,118149934,4231.910954770403
5455,LOAD,119377475,4188.3948374682905
5456,LOAD,121249577,4123.725726482328
5457,LOAD,111260586,4493.95439998851
5458,LOAD,118759391,4210.193364834618
5459,LOAD,117655223,4249.705089590455
5460,LOAD,118503016,4219.301895236152
5461,LOAD,114594493,4363.211415403705
5462,LOAD,120236158,4158.482841742165
5463,LOAD,119956301,4168.184545803892
5464,LOAD,115795297,4317.964657925615
5465,LOAD,117712093,4247.651938361168
5466,LOAD,120135348,4161.972378021496
5467,LOAD,117700040,4248.086916538006
5468,LOAD,119948026,4168.472101408322
5469,LOAD,116034877,4309.049252493282
5470,LOAD,122131617,4093.943994862526
5471,LOAD,118506413,4219.18094846057
5472,LOAD,115708957,4321.18664763351
5473,LOAD,128900073,3878.9737535680065
5474,LOAD,118253378,4228.209024185338
5475,LOAD,119991667,4166.956027038112
5476,LOAD,123166947,4059.530679119618
5477,LOAD,116888743,4277.5718787565365
5478,LOAD,117487011,4255.789603839696
5479,LOAD,130438537,3833.2229991202676
5480,LOAD,114370631,4371.751695590453
5481,LOAD,123388670,4052.2359143671783
5482,LOAD,118178313,4230.894715851969
5483,LOAD,115511728,4328.564801662391
5484,LOAD,117080882,4270.552044525937
5485,LOAD,118345699,4224.910615467318
5486,LOAD,119960243,4168.04757556218
5487,LOAD,113556808,4403.082552302809
5488,LOAD,123366734,4052.956447724392
5489,LOAD,115750855,4319.6225202828955
5490,LOAD,118994180,4201.886176281899
5491,LOAD,114761095,4356.877215226989
5492,LOAD,122086360,4095.4616060303542
5493,LOAD,118220230,4229.394579929341
5494,LOAD,118882370,4205.838090206311
5495,LOAD,119014340,4201.174413100135
5496,LOAD,126835810,3942.104363113225
5497,LOAD,115052214,4345.852918571389
5498,LOAD,117218574,4265.535596773256
5499,LOAD,116372061,4296.563932128004
5500,LOAD,120904566,4135.493112807667
5501,LOAD,115989954,4310.718150642599
5502,LOAD,116277436,4300.06041756889
5503,LOAD,112314460,4451.786528644665
5504,LOAD,118414276,4222.463852247004
5505,LOAD,111139044,4498.869002328291
5506,LOAD,122325285,4087.4623754197673
5507,LOAD,116291366,4299.545333399902
5508,LOAD,117082571,4270.490438751981
5509,LOAD,113616281,4400.777737127305
5510,LOAD,117971307,4238.318729485636
5511,LOAD,116209960,4302.557199055916
5512,LOAD,368934726,1355.2532867291
5513,LOAD,120692350,4142.764640840948
5514,LOAD,111304214,4492.192901160059
5515,LOAD,109008884,4586.782119519727
5516,LOAD,116899750,4277.169112850968
5517,LOAD,113539881,4403.738982252413
5518,LOAD,114077139,4382.999121322634
5519,LOAD,107857996,4635.724921126849
5520,LOAD,112665813,4437.903448138256
5521,LOAD,113169163,4418.164690322928
5522,LOAD,115661318,4322.966473544768
5523,LOAD,116912817,4276.6910663011395
5524,LOAD,115149751,4342.171786372338
5525,LOAD,115300622,4336.490049463914
5526,LOAD,119570896,4181.619580738109
5527,LOAD,113201440,4416.904943965377
5528,LOAD,114344720,4372.7423531230825
5529,LOAD,114745912,4357.453710420637
5530,LOAD,115334046,4335.233327373255
5531,LOAD,112783788,4433.261276877844
5532,LOAD,118607654,4215.579544301585
5533,LOAD,119832655,4172.485371370601
5534,LOAD,117403086,4258.831833432385
5535,LOAD,111301051,4492.320562184089
5536,LOAD,114708144,4358.888415106778
5537,LOAD,114978005,4348.657815031666
5538,LOAD,113604969,4401.2159362501125
5539,LOAD,115056616,4345.68664873648
5540,LOAD,116747122,4282.7608204337575
5541,LOAD,112219690,4455.546081084345
5542,LOAD,113670566,4398.6760829536115
5543,LOAD,117653181,4249.7788478834245
5544,LOAD,116783197,4281.437851029203
5545,LOAD,119291638,4191.408621616882
5546,LOAD,117817917,4243.836699302704
5547,LOAD,114527896,4365.748585829256
5548,LOAD,114765770,4356.699737212585
5549,LOAD,118751698,4210.466110556163
5550,LOAD,131580905,3799.943464441136
5551,LOAD,116716532,4283.883280562174
5552,LOAD,114223038,4377.4006431171965
5553,LOAD,119164723,4195.872632540757
5554,LOAD,116801534,4280.765696108067
5555,LOAD,123566003,4046.4204381523937
5556,LOAD,119700719,4177.084349844214
5557,LOAD,114579981,4363.764033090562
5558,LOAD,117306277,4262.346506828446
5559,LOAD,116124662,4305.7175916688575
5560,LOAD,117572110,4252.709252219765
5561,LOAD,117470875,4256.374186367472
5562,LOAD,114626448,4361.9950606861685
5563,LOAD,115714546,4320.977934787905
5564,LOAD,111837956,4470.754097115294
5565,LOAD,118621942,4215.071778204407
5566,LOAD,120176599,4160.543767759645
5567,LOAD,115628979,4324.175516589142
5568,LOAD,113659026,4399.122688241232
5569,LOAD,116781110,4281.5143647804
5570,LOAD,114706400,4358.954687794229
5571,LOAD,117818716,4243.8079192782925
5572,LOAD,118380379,4223.672911200934
5573,LOAD,113139838,4419.309845573582
5574,LOAD,114871906,4352.674360604759
5575,LOAD,117437915,4257.568775808051
5576,LOAD,115263264,4337.89555013816
5577,LOAD,117178969,4266.977293510749
5578,LOAD,118435650,4221.701827110333
5579,LOAD,115860304,4315.541930564933
5580,LOAD,116232471,4301.723913277211
5581,LOAD,116387410,4295.997307612567
5582,LOAD,117747529,4246.373611797832
5583,LOAD,114902716,4351.507235042208
5584,LOAD,116528010,4290.813856685615
5585,LOAD,117328050,4261.555527429289
5586,LOAD,114525888,4365.825131170343
5587,LOAD,116986587,4273.994248588516
5588,LOAD,112674310,4437.568776769079
5589,LOAD,121933345,4100.60102919345
5590,LOAD,112760501,4434.176822254452
5591,LOAD,116378180,4296.338024877172
5592,LOAD,111815156,4471.665719448623
5593,LOAD,114599167,4363.033459047743
5594,LOAD,113390707,4409.532431965522
5595,LOAD,111136776,4498.9608120357925
5596,LOAD,118453932,4221.050256060727
5597,LOAD,107221155,4663.258850363997
5598,LOAD,115710240,4321.138734134507
5599,LOAD,113901645,4389.752228775976
5600,LOAD,113643843,4399.710418099818
5601,LOAD,112062772,4461.7850431185125
5602,LOAD,113701511,4397.478939395976
5603,LOAD,109506626,4565.933754547419
5604,LOAD,115259780,4338.026673311367
5605,LOAD,113217529,4416.277270986898
5606,LOAD,120260863,4157.628571150366
5607,LOAD,117485737,4255.8357530667745
5608,LOAD,113379341,4409.974476743519
5609,LOAD,114370526,4371.755709158843
5610,LOAD,113296282,4413.207487250111
5611,LOAD,117249338,4264.416401225225
5612,LOAD,134800514,3709.184669726111
5613,LOAD,116702424,4284.401153484181
5614,LOAD,112533915,4443.104996391532
5615,LOAD,116291533,4299.539159054684
5616,LOAD,117398903,4258.983578407031
5617,LOAD,117907797,4240.601662670367
5618,LOAD,119089072,4198.538048898391
5619,LOAD,114407720,4370.334449458481
5620,LOAD,110795924,4512.801391502453
5621,LOAD,117893045,4241.132290713163
5622,LOAD,116793996,4281.041980959363
5623,LOAD,122898324,4068.4037318523565
5624,LOAD,111887370,4468.77963080194
5625,LOAD,115675715,4322.42843711837
5626,LOAD,118954476,4203.288659772668
5627,LOAD,114676094,4360.106649603884
5628,LOAD,114053823,4383.895136947755
5629,LOAD,123823700,4037.9991875545634
5630,LOAD,121951270,4099.998302600703
5631,LOAD,119092333,4198.423084045217
5632,LOAD,116946681,4275.452674026721
5633,LOAD,117447993,4257.203441526668
5634,LOAD,112685592,4437.1244905914855
5635,LOAD,117996983,4237.396476484488
5636,LOAD,115891947,4314.363620105546
5637,LOAD,127365280,3925.716647425421
5638,LOAD,115573769,4326.241190594035
5639,LOAD,114266232,4375.745933409268
5640,LOAD,123618005,4044.7182431070623
5641,LOAD,117661482,4249.479026619773
5642,LOAD,113652640,4399.369869454858
5643,LOAD,113546128,4403.496700477536
5644,LOAD,115337023,4335.121429308957
5645,LOAD,117193604,4266.444438384197
5646,LOAD,114200047,4378.281910864713
5647,LOAD,114169658,4379.447295883115
5648,LOAD,116339733,4297.757843401618
5649,LOAD,118564667,4217.107951730679
5650,LOAD,117910324,4240.510780039923
5651,LOAD,115584078,4325.855331043087
5652,LOAD,117528282,4254.295149145463
5653,LOAD,118112338,4233.258002224967
5654,LOAD,119566540,4181.771923817483
5655,LOAD,115914638,4313.519057015043
5656,LOAD,116484563,4292.414266086056
5657,LOAD,119080051,4198.856112347483
5658,LOAD,113780630,4394.421089072895
5659,LOAD,114579875,4363.768070090842
5660,LOAD,119337904,4189.783658342114
5661,LOAD,117334415,4261.324352279764
5662,LOAD,119427511,4186.640044771593
5663,LOAD,117952185,4239.00583104925
5664,LOAD,117579983,4252.42449643831
5665,LOAD,116720344,4283.74337210658
5666,LOAD,114582452,4363.669927398656
5667,LOAD,118247258,4228.427859189766
5668,LOAD,115996123,4310.488894529691
5669,LOAD,114765967,4356.692258777378
5670,LOAD,114870040,4352.745067382235
5671,LOAD,121361893,4119.909368915332
5672,LOAD,114838786,4353.929690618638
5673,LOAD,119094170,4198.3583243411495
5674,LOAD,118177235,4230.933309617542
5675,LOAD,115937207,4312.679362717441
5676,LOAD,109371754,4571.564245006073
5677,LOAD,118111284,4233.29577891982
5678,LOAD,114070677,4383.247414232494
5679,LOAD,119654223,4178.707507882944
5680,LOAD,112075797,4461.2665123407505
5681,LOAD,118343226,4224.998902767785
5682,LOAD,116106518,4306.390447433795
5683,LOAD,117328957,4261.522583892056
5684,LOAD,118513128,4218.941888024422
5685,LOAD,115549734,4327.141073297495
5686,LOAD,116439188,4294.086970101509
5687,LOAD,113546683,4403.475176813399
5688,LOAD,120909097,4135.338137543116
5689,LOAD,113249371,4415.035559005445
5690,LOAD,117096407,4269.985841666346
5691,LOAD,115541701,4327.4419164038445
5692,LOAD,116659506,4285.97734675818
5693,LOAD,118400859,4222.942335240997
5694,LOAD,118166721,4231.309761062084
5695,LOAD,116565463,4289.43519917216
5696,LOAD,115903998,4313.915038547678
5697,LOAD,116253356,4300.951105445936
5698,LOAD,116686099,4285.000563777524
5699,LOAD,115972861,4311.353498470647
5700,LOAD,114257326,4376.087009072837
5701,LOAD,118347215,4224.856495355636
5702,LOAD,117866950,4242.071250677141
5703,LOAD,110979732,4505.327152889502
5704,LOAD,115878168,4314.87663836729
5705,LOAD,114716498,4358.570987758012
5706,LOAD,117677909,4248.8858295400205
5707,LOAD,115821558,4316.985616788198
5708,LOAD,118540712,4217.960155326214
5709,LOAD,117460588,4256.7469524331
5710,LOAD,119706236,4176.891837113649
5711,LOAD,110220258,4536.371163275629
5712,LOAD,122887128,4068.774395964401
5713,LOAD,116100242,4306.6232368404535
5714,LOAD,115464914,4330.319771424244
5715,LOAD,109131002,4581.649493147694
5716,LOAD,116616781,4287.547604319485
5717,LOAD,114925405,4350.648144333274
5718,LOAD,117079898,4270.587936453447
5719,LOAD,117067603,4271.036454039296
5720,LOAD,115323452,4335.631576481079
5721,LOAD,114169851,4379.439892586003
5722,LOAD,118366825,4224.156557379993
5723,LOAD,118611783,4215.432795576473
5724,LOAD,119003080,4201.571925701419
5725,LOAD,120373372,4153.7425735651905
5726,LOAD,118205722,4229.913675414123
5727,LOAD,117967921,4238.440380754019
5728,LOAD,116634275,4286.9045141318875
5729,LOAD,117711149,4247.686002963067
5730,LOAD,116749014,4282.691415278248
5731,LOAD,113646836,4399.59454744521
5732,LOAD,125640792,3979.599237164949
5733,LOAD,120361417,4154.15514757524
5734,LOAD,125149756,3995.213542405948
5735,LOAD,127152275,3932.292992791517
5736,LOAD,121631171,4110.78834388596
5737,LOAD,117302681,4262.477172196942
5738,LOAD,116283650,4299.830629671497
5739,LOAD,120414319,4152.330089580128
5740,LOAD,114671103,4360.296420973643
5741,LOAD,116512688,4291.378120123707
5742,LOAD,114723332,4358.3113503014365
5743,LOAD,115318276,4335.826179017799
5744,LOAD,119091483,4198.45304974496
5745,LOAD,115686150,4322.038549990642
5746,LOAD,117070925,4270.915259275521
5747,LOAD,115736189,4320.1698994944445
5748,LOAD,115239932,4338.773820171987
5749,LOAD,115887946,4314.512572342943
5750,LOAD,117850524,4242.662510350824
5751,LOAD,118996712,4201.796768972911
5752,LOAD,116069297,4307.771416932076
5753,LOAD,113341040,4411.464726280966
5754,LOAD,116398733,4295.57940291326
5755,LOAD,116079051,4307.40943945174
5756,LOAD,116078480,4307.4306279682505
5757,LOAD,118123165,4232.869987863938
5758,LOAD,116122680,4305.791082327759
5759,LOAD,115153091,4342.045842260543
5760,LOAD,115419765,4332.013672008429
5761,LOAD,117868683,4242.008880340166
5762,LOAD,116149407,4304.800281933424
5763,LOAD,117523295,4254.475676503113
5764,LOAD,115578994,4326.045613444256
5765,LOAD,113162356,4418.430454028369
5766,LOAD,115302323,4336.4260753011895
5767,LOAD,115508536,4328.68441861301
5768,LOAD,115868236,4315.246501206767
5769,LOAD,121520974,4114.516066995974
5770,LOAD,118894581,4205.406132008657
5771,LOAD,116741145,4282.980092408722
5772,LOAD,116579589,4288.915446425189
5773,LOAD,118120918,4232.950509240031
5774,LOAD,116177210,4303.770076764626
5775,LOAD,116237051,4301.554415725843
5776,LOAD,114281191,4375.17316388486
5777,LOAD,116711560,4284.065777203217
5778,LOAD,118096339,4233.8314992135365
5779,LOAD,116664956,4285.777127452052
5780,LOAD,115394542,4332.960565847213
5781,LOAD,115929967,4312.948696000232
5782,LOAD,114745311,4357.476533398389
5783,LOAD,121190665,4125.7303109938375
5784,LOAD,130464609,3832.4569692306363
5785,LOAD,122411701,4084.576849397755
5786,LOAD,116412958,4295.0545075918435
5787,LOAD,115981422,4311.035262181904
5788,LOAD,114307556,4374.164031641093
5789,LOAD,119004154,4201.534006955758
5790,LOAD,116856218,4278.7624703034635
5791,LOAD,116974026,4274.453202115143
5792,LOAD,115790958,4318.126463726123
5793,LOAD,123631978,4044.261105326649
5794,LOAD,120028823,4165.666108381317
5795,LOAD,117502566,4255.226222038419
5796,LOAD,123500145,4048.578242559958
5797,LOAD,120471771,4150.34987739991
5798,LOAD,116570372,4289.254562900425
5799,LOAD,113972226,4387.033732235782
5800,LOAD,117323335,4261.726791179266
5801,LOAD,116310636,4298.832997525696
5802,LOAD,119172927,4195.583783890783
5803,LOAD,116953148,4275.216260104431
5804,LOAD,116028824,4309.274047283285
5805,LOAD,113547131,4403.457802910053
5806,LOAD,114239710,4376.761810757398
5807,LOAD,119088205,4198.568615590435
5808,LOAD,116914780,4276.619260627271
5809,LOAD,113350342,4411.102703157261
5810,LOAD,118141727,4232.204934671388
5811,LOAD,112375927,4449.351505683241
5812,LOAD,121393968,4118.820796763147
5813,LOAD,114125890,4381.126841595716
5814,LOAD,118138446,4232.32247358324
5815,LOAD,114618571,4362.294832658488
5816,LOAD,119170188,4195.680214920866
5817,LOAD,107393812,4655.761730480337
5818,LOAD,115903501,4313.933536830781
5819,LOAD,115980979,4311.0517285769765
5820,LOAD,122956716,4066.47165169896
5821,LOAD,117742191,4246.566126835536
5822,LOAD,117993991,4237.503925093948
5823,LOAD,117604141,4251.5509721719745
5824,LOAD,114108589,4381.791102508506
5825,LOAD,117102587,4269.76049640987
5826,LOAD,117235236,4264.929359633822
5827,LOAD,114222004,4377.440269739971
5828,LOAD,116894654,4277.355575217323
5829,LOAD,119691022,4177.422764424218
5830,LOAD,114974125,4348.804567984318
5831,LOAD,115469920,4330.132037850204
5832,LOAD,115492044,4329.302544857549
5833,LOAD,114891123,4351.946320517731
5834,LOAD,117011235,4273.093946918858
5835,LOAD,117366638,4260.15440605873
5836,LOAD,121046455,4130.645544307762
5837,LOAD,124901046,4003.16903671087
5838,LOAD,117340105,4261.117714186467
5839,LOAD,114832687,4354.160936772297
5840,LOAD,115971892,4311.389521867936
5841,LOAD,121801342,4105.045082344002
5842,LOAD,119445945,4185.99392386238
5843,LOAD,114869235,4352.775571283294
5844,LOAD,118185750,4230.628481013997
5845,LOAD,115560379,4326.742472867798
5846,LOAD,123044174,4063.5812630998685
5847,LOAD,120295507,4156.431212347773
5848,LOAD,118115634,4233.1398737613345
5849,LOAD,112303063,4452.238315174004
5850,LOAD,118893874,4205.431139370562
5851,LOAD,117406443,4258.710060741727
5852,LOAD,115815322,4317.2180620453655
5853,LOAD,113907957,4389.508978727447
5854,LOAD,122823561,4070.880179088766
5855,LOAD,119099866,4198.157536130226
5856,LOAD,117719330,4247.390806590557
5857,LOAD,117849333,4242.70538722523
5858,LOAD,119940276,4168.741449285976
5859,LOAD,112573349,4441.548594241431
5860,LOAD,116352170,4297.298451760719
5861,LOAD,114110026,4381.735922135361
5862,LOAD,117141699,4268.334882184013
5863,LOAD,118996134,4201.817178363122
5864,LOAD,111223949,4495.434701747553
5865,LOAD,119870929,4171.153124207455
5866,LOAD,115106711,4343.795384788642
5867,LOAD,114150633,4380.1771997182
5868,LOAD,117718426,4247.423423755258
5869,LOAD,119408384,4187.310666560901
5870,LOAD,115799836,4317.795406895049
5871,LOAD,120574587,4146.8108035070445
5872,LOAD,118624363,4214.985752968806
5873,LOAD,116233585,4301.682684914174
5874,LOAD,120110964,4162.817309500571
5875,LOAD,113411363,4408.72930872015
5876,LOAD,121589716,4112.189882900952
5877,LOAD,115198107,4340.349099660119
5878,LOAD,116984883,4274.056503522767
5879,LOAD,113926355,4388.80011565366
5880,LOAD,118778947,4209.500190298875
5881,LOAD,118422423,4222.173363232063
5882,LOAD,116345578,4297.541931503404
5883,LOAD,113343016,4411.387817666683
5884,LOAD,115778726,4318.582672951506
5885,LOAD,113822094,4392.820255090369
5886,LOAD,115817829,4317.12461127207
5887,LOAD,116934281,4275.906053589195
5888,LOAD,120642739,4144.468238573397
5889,LOAD,116382993,4296.160350507569
5890,LOAD,115155744,4341.945808625926
5891,LOAD,119879493,4170.855143673322
5892,LOAD,115641767,4323.697336793548
5893,LOAD,118486457,4219.891561108962
5894,LOAD,116561736,4289.572351599156
5895,LOAD,117305038,4262.391526611159
5896,LOAD,117310614,4262.188926911593
5897,LOAD,118825520,4207.850300171209
5898,LOAD,116683094,4285.110917610738
5899,LOAD,120083777,4163.759772479508
5900,LOAD,116604980,4287.981525317358
5901,LOAD,113405842,4408.943941353568
5902,LOAD,121583271,4112.407865716987
5903,LOAD,122551464,4079.9186209640056
5904,LOAD,114304336,4374.287253634892
5905,LOAD,118611320,4215.449250543709
5906,LOAD,120628620,4144.95332865451
5907,LOAD,116724169,4283.602995708627
5908,LOAD,114690578,4359.556022117179
5909,LOAD,119678710,4177.852518630924
5910,LOAD,113450955,4407.190754806779
5911,LOAD,116820297,4280.078144297134
5912,LOAD,114271364,4375.549415862402
5913,LOAD,119407266,4187.349871991877
5914,LOAD,115832905,4316.562724555687
5915,LOAD,118485504,4219.925502447963
5916,LOAD,117232447,4265.030823761616
5917,LOAD,122092313,4095.261918741764
5918,LOAD,115987229,4310.819426507724
5919,LOAD,118856534,4206.752318724018
5920,LOAD,124276069,4023.300737006736
5921,LOAD,122065504,4096.161352842159
5922,LOAD,114343590,4372.785566729189
5923,LOAD,112578040,4441.36351991916
5924,LOAD,119440928,4186.169752465419
5925,LOAD,117830125,4243.397009041619
5926,LOAD,120936233,4134.410239154712
5927,LOAD,121451867,4116.857256710595
5928,LOAD,115673669,4322.504890892671
5929,LOAD,117719658,4247.378972167929
5930,LOAD,121669175,4109.504317753449
5931,LOAD,120636661,4144.677048049266
5932,LOAD,116227414,4301.911079257085
5933,LOAD,111386377,4488.8792818892025
5934,LOAD,119790648,4173.948537284814
5935,LOAD,111190453,4496.788946439494
5936,LOAD,121255272,4123.532047332342
5937,LOAD,115397384,4332.853853948716
5938,LOAD,123819105,4038.1490400855346
5939,LOAD,116373718,4296.502755029275
5940,LOAD,133107671,3756.357513009149
5941,LOAD,123661448,4043.297309602909
5942,LOAD,118899494,4205.232362048571
5943,LOAD,118502985,4219.302998991967
5944,LOAD,119884552,4170.679138042739
5945,LOAD,118926960,4204.261170049247
5946,LOAD,117967737,4238.446991655014
5947,LOAD,122657287,4076.398657015787
5948,LOAD,117036439,4272.173728730759
5949,LOAD,123852376,4037.0642546252
5950,LOAD,117660954,4249.498096029376
5951,LOAD,120588058,4146.347559556852
5952,LOAD,123612787,4044.8889806197803
5953,LOAD,116020604,4309.57935712867
5954,LOAD,115466931,4330.244128511566
5955,LOAD,112380740,4449.1609505329825
5956,LOAD,117913042,4240.413032512553
5957,LOAD,115089229,4344.4552052738145
5958,LOAD,116017961,4309.677533463978
5959,LOAD,117948564,4239.135967776599
5960,LOAD,117672160,4249.09341342931
5961,LOAD,113723727,4396.6198891810855
5962,LOAD,119054119,4199.770694200005
5963,LOAD,112357246,4450.091274042085
5964,LOAD,118439377,4221.568980390703
5965,LOAD,122973887,4065.903845098431
5966,LOAD,121429722,4117.608043276258
5967,LOAD,117251678,4264.331295966614
5968,LOAD,116041896,4308.788612002686
5969,LOAD,112713403,4436.02967075708
5970,LOAD,120531163,4148.304783220253
5971,LOAD,116963105,4274.852313470988
5972,LOAD,117609548,4251.35551069374
5973,LOAD,113734865,4396.189330334195
5974,LOAD,116767962,4281.996460638749
5975,LOAD,115283972,4337.116351265205
5976,LOAD,115522410,4328.164552661255
5977,LOAD,118342131,4225.037995977949
5978,LOAD,116412888,4295.057090242448
5979,LOAD,115826327,4316.8078704593645
5980,LOAD,114926422,4350.609644838678
5981,LOAD,117518530,4254.648181865447
5982,LOAD,116968544,4274.653534201469
5983,LOAD,120218116,4159.106935264233
5984,LOAD,120755889,4140.584812389564
5985,LOAD,115130733,4342.889052916913
5986,LOAD,119506156,4183.884887068077
5987,LOAD,109673193,4558.999207764472
5988,LOAD,124267389,4023.581762066313
5989,LOAD,115440975,4331.217750023335
5990,LOAD,118054072,4235.347341513133
5991,LOAD,113180136,4417.736342002629
5992,LOAD,114218494,4377.574790996631
5993,LOAD,119826464,4172.700948598466
5994,LOAD,122814944,4071.1658021030403
5995,LOAD,120624027,4145.111156005429
5996,LOAD,115041176,4346.269895572
5997,LOAD,116632046,4286.986442816926
5998,LOAD,114307124,4374.180562884252
5999,LOAD,122660199,4076.3018817538364
6000,LOAD,124832758,4005.358913883806
6001,PUT,0.094247785,53051.644661993916
6002,PUT,0.096839958,51631.579600643774
6003,PUT,0.09475767900000001,52766.17212205039
6004,PUT,0.096438441,51846.54530033309
6005,PUT,0.09495258100000001,52657.86298110211
6006,PUT,0.09276695400000001,53898.50355547946
6007,PUT,0.096727054,51691.846212952994
6008,PUT,0.091632684,54565.68313550654
6009,PUT,0.090350128,55340.26470886682
6010,PUT,0.45266959300000004,11045.583969674764
6011,PUT,0.1033401,48383.92840726881
6012,PUT,0.091957464,54372.96530926516
6013,PUT,0.091789598,54472.403289096
6014,PUT,0.087740566,56986.1835630283
6015,PUT,0.09400193300000001,53190.39556346144
6016,PUT,0.089601358,55802.72566851051
6017,PUT,0.10391304100000001,48117.155959279444
6018,PUT,0.088058286,56780.573721364504
6019,PUT,0.089132087,56096.52111029331
6020,PUT,0.097682715,51186.12847728485
6020,GET,0.026340457,189822.0672481119
6020,GET,0.021177546000000002,236099.12121073893
6020,GET,0.020390434000000002,245213.02489196646
6020,GET,0.020373515000000002,245416.65981545157
6020,GET,0.020352894,245665.30931669963
6020,GET,0.020016536,249793.47075837696
6020,GET,0.019810111000000002,252396.36466448873
6020,GET,0.020061351,249235.45777151297
6020,GET,0.019978068,250274.4509629259
6020,GET,0.01989112,251368.44984093402
6020,GET,0.019841806,251993.19053920798
6020,GET,0.019998857000000002,250014.28831657727
6020,GET,0.019812223,252369.458995086
6020,GET,0.019836378,252062.1456195279
6020,GET,0.01987098,251623.22140125954
6020,GET,0.019774215,252854.5380941797
6020,GET,0.019983911,250201.2744152033
6020,GET,0.019684295,254009.60511920796
6020,GET,0.019829526,252149.24451547657
6020,GET,0.020109826,248634.6724233218
