height,operation,latency,throughput
1,LOAD,20938,23880026.745629955
2,LOAD,18326,27283640.729018882
3,LOAD,48913122,10222.20581217449
4,LOAD,53971893,9264.081213530902
5,LOAD,46869039,10668.023297853408
6,LOAD,51870797,9639.33521206547
7,LOAD,58083074,8608.359812361172
8,LOAD,49742807,10051.704561023265
9,LOAD,55279328,9044.972471445382
10,LOAD,65444044,7640.114660395986
11,LOAD,59947567,8340.622063944646
12,LOAD,55370812,9030.028311667165
13,LOAD,62414434,8010.967463071123
14,LOAD,55141263,9067.619651729778
15,LOAD,58421434,8558.502689269832
16,LOAD,59984679,8335.461793502305
17,LOAD,64925183,7701.171978213753
18,LOAD,50271209,9946.050830008882
19,LOAD,65006298,7691.562439073212
20,LOAD,69020475,7244.227165924315
21,LOAD,65174790,7671.677960143793
22,LOAD,57102330,8756.210123124574
23,LOAD,57373936,8714.75856214571
24,LOAD,59595169,8389.941808873802
25,LOAD,58938533,8483.41440734536
26,LOAD,55539716,9002.56673980832
27,LOAD,59701260,8375.032620752057
28,LOAD,58593359,8533.390277215547
29,LOAD,63300571,7898.822903193085
30,LOAD,54901066,9107.291286475203
31,LOAD,65869782,7590.734094125285
32,LOAD,60195595,8306.255632160459
33,LOAD,65769812,7602.2719967635
34,LOAD,63084864,7925.831464105241
35,LOAD,65638939,7617.42964797161
36,LOAD,62656474,7980.021346237901
37,LOAD,65690053,7611.502459892977
38,LOAD,63558730,7866.739942726987
39,LOAD,65304283,7656.465656318437
40,LOAD,67247464,7435.224620515058
41,LOAD,62687535,7976.0673314080705
42,LOAD,63660401,7854.176099204905
43,LOAD,69193644,7226.097240954675
44,LOAD,68376095,7312.497152696421
45,LOAD,67297405,7429.706984987014
46,LOAD,64051058,7806.272302324811
47,LOAD,72150074,6929.999822314804
48,LOAD,66623805,7504.82503963861
49,LOAD,61858422,8082.973729915064
50,LOAD,72202350,6924.982358607442
51,LOAD,66419772,7527.878897265712
52,LOAD,69089132,7237.028249247653
53,LOAD,67259032,7433.945823068046
54,LOAD,65474692,7636.538404793107
55,LOAD,79082567,6322.505944957503
56,LOAD,61293197,8157.512162401971
57,LOAD,70540014,7088.175514113167
58,LOAD,69618116,7182.038652123249
59,LOAD,73522728,6800.618170751227
60,LOAD,69123541,7233.425729738006
61,LOAD,69851119,7158.081461801636
62,LOAD,64343815,7770.754656061347
63,LOAD,80622739,6201.724305099582
64,LOAD,68028596,7349.85034822709
65,LOAD,72672951,6880.138939176971
66,LOAD,70383149,7103.973139934389
67,LOAD,67427185,7415.4067087332805
68,LOAD,71631469,6980.172359720837
69,LOAD,71927667,6951.428022821872
70,LOAD,74587783,6703.510680830935
71,LOAD,69032366,7242.979329435123
72,LOAD,71080907,7034.237759515364
73,LOAD,68001473,7352.781902239089
74,LOAD,70415226,7100.736991172904
75,LOAD,75106548,6657.209169032772
76,LOAD,72036786,6940.8982238602375
77,LOAD,70389303,7103.352053365268
78,LOAD,80441646,6215.685840143052
79,LOAD,73998296,6756.912348360022
80,LOAD,77654047,6438.814450971242
81,LOAD,77801314,6426.626676253823
82,LOAD,73544960,6798.562403188471
83,LOAD,71043075,7037.983645837402
84,LOAD,70223665,7120.106875652246
85,LOAD,71693134,6974.168544508041
86,LOAD,74778198,6686.440879465965
87,LOAD,72427139,6903.489588343397
88,LOAD,73321054,6819.3236829356
89,LOAD,69975459,7145.362204769532
90,LOAD,75900283,6587.590720840922
91,LOAD,68012232,7351.618749991913
92,LOAD,75076352,6659.886724384264
93,LOAD,68206886,7330.638141140178
94,LOAD,73554649,6797.666861274805
95,LOAD,65400407,7645.212360834391
96,LOAD,77055139,6488.859879936106
97,LOAD,67088653,7452.825144663435
98,LOAD,73689053,6785.268362724108
99,LOAD,70120077,7130.625369963584
100,LOAD,77378730,6461.724042252956
101,LOAD,74283119,6731.004388762944
102,LOAD,75774919,6598.489402542285
103,LOAD,69878621,7155.264268881322
104,LOAD,77569022,6445.872167886814
105,LOAD,71295435,7013.071734536721
106,LOAD,74165987,6741.634814352299
107,LOAD,71312477,7011.395775805124
108,LOAD,75957953,6582.589185888145
109,LOAD,69424625,7202.055466630177
110,LOAD,75141347,6654.126123131649
111,LOAD,67790043,7375.7144541123835
112,LOAD,75444509,6627.387554473978
113,LOAD,73462807,6806.16519322492
114,LOAD,77238267,6473.475123412595
115,LOAD,69138426,7231.868425815768
116,LOAD,74905510,6675.07637288632
117,LOAD,74370988,6723.051736249624
118,LOAD,83185539,6010.6600980249705
119,LOAD,70403363,7101.933468717964
120,LOAD,77197501,6476.893597889911
121,LOAD,72038506,6940.732502142673
122,LOAD,75119882,6656.0274948248725
123,LOAD,72678374,6879.625567847735
124,LOAD,83385359,5996.2564891038
125,LOAD,73671476,6786.887234348338
126,LOAD,74234135,6735.44589695832
127,LOAD,74871918,6678.071209555497
128,LOAD,81714706,6118.849647455136
129,LOAD,68186620,7332.816907481262
130,LOAD,69407015,7203.882777554978
131,LOAD,68413580,7308.490507294019
132,LOAD,78807724,6344.555769685722
133,LOAD,70194040,7123.111876734834
134,LOAD,77106254,6484.558308331254
135,LOAD,69288978,7216.154927267075
136,LOAD,70491522,7093.05155873922
137,LOAD,73375810,6814.234827526947
138,LOAD,72240629,6921.312935965715
139,LOAD,73111309,6838.887264349213
140,LOAD,75148958,6653.452200894123
141,LOAD,86942825,5750.905839556053
142,LOAD,76001416,6578.8247945275125
143,LOAD,69781756,7165.196588059493
144,LOAD,78377588,6379.374675321726
145,LOAD,75600889,6613.678841792455
146,LOAD,76885721,6503.158109163079
147,LOAD,70983571,7043.883436070017
148,LOAD,78018846,6408.707967815879
149,LOAD,72203596,6924.862855861085
150,LOAD,80520990,6209.561010116741
151,LOAD,73164774,6833.88976230556
152,LOAD,77462665,6454.7224136943905
153,LOAD,80020519,6248.397364181054
154,LOAD,76574569,6529.582948093381
155,LOAD,73997069,6757.024389709273
156,LOAD,80323917,6224.796034287023
157,LOAD,73989057,6757.756082767753
158,LOAD,78552909,6365.136649490601
159,LOAD,72670680,6880.353947424188
160,LOAD,77034620,6490.588257591197
161,LOAD,70915489,7050.6458751204555
162,LOAD,80168827,6236.838166535728
163,LOAD,71070333,7035.284328835211
164,LOAD,83810346,5965.850564559178
165,LOAD,80319310,6225.153079626804
166,LOAD,75608837,6612.9836119553065
167,LOAD,82364580,6070.570626354192
168,LOAD,80477231,6212.937420771846
169,LOAD,72160961,6928.954285960798
170,LOAD,78614518,6360.148388876467
171,LOAD,74426795,6718.010630445661
172,LOAD,82559368,6056.247911200096
173,LOAD,77446412,6456.077009739328
174,LOAD,80482298,6212.546267006442
175,LOAD,74644377,6698.428201765285
176,LOAD,82730678,6043.707269025403
177,LOAD,77357810,6463.47149693095
178,LOAD,76716287,6517.520849255909
179,LOAD,76841228,6506.923600960672
180,LOAD,77393064,6460.527263786843
181,LOAD,77412502,6458.90504869614
182,LOAD,75726839,6602.678873206367
183,LOAD,78196706,6394.131231052111
184,LOAD,79286133,6306.273002367261
185,LOAD,72859679,6862.5062155434425
186,LOAD,83286239,6003.392709328608
187,LOAD,77209326,6475.901628774742
188,LOAD,82541809,6057.536248084895
189,LOAD,77841510,6423.308078170631
190,LOAD,78446075,6373.805190380781
191,LOAD,73484334,6804.17134895718
192,LOAD,81694453,6120.366581070076
193,LOAD,79610355,6280.590006161887
194,LOAD,79311653,6304.2438416962505
195,LOAD,74046013,6752.55803442111
196,LOAD,79406209,6296.73682066852
197,LOAD,77955107,6413.947966231385
198,LOAD,79707518,6272.934003540293
199,LOAD,79633333,6278.777757550347
200,LOAD,82874803,6033.1968451255325
201,LOAD,78406685,6377.007266663551
202,LOAD,83106156,6016.401480535329
203,LOAD,77035272,6490.533323488492
204,LOAD,82518826,6059.223382552728
205,LOAD,75424704,6629.127772248201
206,LOAD,84511120,5916.381181553386
207,LOAD,73109571,6839.0498420514605
208,LOAD,81367969,6144.924177719122
209,LOAD,80996518,6173.104873471228
210,LOAD,83837542,5963.9153065818655
211,LOAD,74554377,6706.514360652493
212,LOAD,84132708,5942.991874218526
213,LOAD,75721375,6603.1553177685955
214,LOAD,80651132,6199.54100582246
215,LOAD,78275535,6387.6918886597205
216,LOAD,79338410,6302.11772582788
217,LOAD,72706771,6876.938600395279
218,LOAD,79918696,6256.358336977871
219,LOAD,72255911,6919.849090270276
220,LOAD,82611912,6052.39593050455
221,LOAD,73761324,6778.620188542169
222,LOAD,83159307,6012.5561171403215
223,LOAD,80450586,6214.99512756812
224,LOAD,77577837,6445.139737525809
225,LOAD,78561602,6364.4323342591715
226,LOAD,77002946,6493.2580631395585
227,LOAD,72820829,6866.167370876813
228,LOAD,80443148,6215.569783519661
229,LOAD,81571330,6129.604604951273
230,LOAD,85578154,5842.612590124344
231,LOAD,83202721,6009.4188506166765
232,LOAD,80421303,6217.258131219286
233,LOAD,77298214,6468.454756276776
234,LOAD,81703923,6119.657191980855
235,LOAD,79695958,6273.843900590291
236,LOAD,80859696,6183.550331428403
237,LOAD,80383370,6220.192062114341
238,LOAD,79247478,6309.349049568493
239,LOAD,86642996,5770.806909770295
240,LOAD,81359461,6145.566770654982
241,LOAD,75525952,6620.240947111796
242,LOAD,78070440,6404.472678775731
243,LOAD,72212369,6924.021562012458
244,LOAD,78351430,6381.504460097282
245,LOAD,80765988,6190.724739230578
246,LOAD,81964118,6100.230347138
247,LOAD,77822236,6424.898919635257
248,LOAD,88831203,5628.6528057038695
249,LOAD,77623203,6441.372948756057
250,LOAD,82746697,6042.537262846878
251,LOAD,74395664,6720.821794130368
252,LOAD,87102718,5740.348998064561
253,LOAD,72793952,6868.702498801
254,LOAD,82213440,6081.730675665682
255,LOAD,81065646,6167.840813851036
256,LOAD,83826389,5964.70879832364
257,LOAD,79846865,6261.986616506484
258,LOAD,80414186,6217.808385202084
259,LOAD,80260317,6229.728696436621
260,LOAD,81139437,6162.23156687666
261,LOAD,79831140,6263.220091808786
262,LOAD,82671139,6048.0598918565765
263,LOAD,80835452,6185.4048889341275
264,LOAD,83601989,5980.718951555088
265,LOAD,80467769,6213.667984258393
266,LOAD,78942264,6333.742847810901
267,LOAD,72088638,6935.905766453793
268,LOAD,79563918,6284.255634570434
269,LOAD,79115155,6319.901667385977
270,LOAD,79647113,6277.691446267488
271,LOAD,79809315,6264.932859027796
272,LOAD,81004920,6172.464586101683
273,LOAD,76055929,6574.1094293911
274,LOAD,82502586,6060.416094108856
275,LOAD,81326916,6148.0260729424435
276,LOAD,79030199,6326.69544461099
277,LOAD,77301677,6468.164979137516
278,LOAD,78854830,6340.765682964506
279,LOAD,81079002,6166.824796388096
280,LOAD,81954880,6100.917968521215
281,LOAD,81105297,6164.825461399888
282,LOAD,83328660,6000.336498870856
283,LOAD,79585203,6282.574915339476
284,LOAD,82226789,6080.743345091585
285,LOAD,78593082,6361.883098056901
286,LOAD,82973404,6026.027327985725
287,LOAD,76071162,6572.792985599457
288,LOAD,82715336,6044.82825288892
289,LOAD,81005644,6172.409418780746
290,LOAD,84068827,5947.507748621258
291,LOAD,81640767,6124.391261537266
292,LOAD,82484163,6061.769699960464
293,LOAD,80829680,6185.846585066278
294,LOAD,81555279,6130.810980365844
295,LOAD,80698964,6195.866405422504
296,LOAD,76898357,6502.089504981231
297,LOAD,78317285,6384.286687159801
298,LOAD,80983841,6174.071195264744
299,LOAD,77763786,6429.7280999153
300,LOAD,76111924,6569.27290394078
301,LOAD,72966666,6852.444100981673
302,LOAD,79887855,6258.773627105146
303,LOAD,77836479,6423.723251921506
304,LOAD,80345809,6223.0999503657995
305,LOAD,80900527,6180.429455051634
306,LOAD,81603342,6127.20003550835
307,LOAD,78874024,6339.22265713234
308,LOAD,80985585,6173.938238514916
309,LOAD,80831408,6185.714345097143
310,LOAD,81582388,6128.773774065059
311,LOAD,81648616,6123.802514913418
312,LOAD,77682563,6436.450867358741
313,LOAD,82956783,6027.234686764554
314,LOAD,82963013,6026.782079382773
315,LOAD,84127486,5943.360770343238
316,LOAD,78591068,6362.046129720491
317,LOAD,79509174,6288.582497410927
318,LOAD,79811092,6264.793369823833
319,LOAD,77264018,6471.317606081527
320,LOAD,80121581,6240.51589795763
321,LOAD,80538483,6208.212290266257
322,LOAD,80028805,6247.750419364627
323,LOAD,77634883,6440.403858147117
324,LOAD,80586056,6204.547347496446
325,LOAD,80602803,6203.25821671487
326,LOAD,86428927,5785.100166753198
327,LOAD,81165507,6160.25228549364
328,LOAD,89753048,5570.841449306547
329,LOAD,82701104,6045.868504971832
330,LOAD,80453735,6214.751869506121
331,LOAD,84795544,5896.5362613865655
332,LOAD,84580739,5911.511366671791
333,LOAD,82396788,6068.197706930033
334,LOAD,92858315,5384.547415059168
335,LOAD,86617113,5772.531347240816
336,LOAD,86834113,5758.105688256412
337,LOAD,79511720,6288.3811342529125
338,LOAD,79332224,6302.609139005103
339,LOAD,81801516,6112.356157311315
340,LOAD,91738327,5450.2846994364745
341,LOAD,86921317,5752.328856222922
342,LOAD,82115050,6089.017786629856
343,LOAD,80902368,6180.288814290331
344,LOAD,85204189,5868.256078348449
345,LOAD,81893831,6105.465990472469
346,LOAD,83374604,5997.029982895031
347,LOAD,82208555,6082.092064505939
348,LOAD,84493317,5917.627781141555
349,LOAD,80027799,6247.828957535118
350,LOAD,82474552,6062.476095656755
351,LOAD,72310958,6914.5813280471275
352,LOAD,82737114,6043.237137809762
353,LOAD,78168754,6396.417678603397
354,LOAD,82191176,6083.37809888497
355,LOAD,79479973,6290.892927203184
356,LOAD,79735285,6270.749518233992
357,LOAD,83180593,6011.017497795429
358,LOAD,82949846,6027.738737453473
359,LOAD,78856910,6340.598433288852
360,LOAD,83797949,5966.733147609615
361,LOAD,77556412,6446.920210800881
362,LOAD,83135465,6014.280427733218
363,LOAD,82839050,6035.800748560008
364,LOAD,82627984,6051.218676713691
365,LOAD,81582466,6128.767914419258
366,LOAD,82356958,6071.132447606916
367,LOAD,81292343,6150.64078052222
368,LOAD,81159636,6160.697911459337
369,LOAD,79644733,6277.879040664246
370,LOAD,84020907,5950.899815923196
371,LOAD,76916080,6500.591293784083
372,LOAD,83895250,5959.812981068654
373,LOAD,78084635,6403.308410162896
374,LOAD,84160384,5941.037531387689
375,LOAD,80784737,6189.287959184666
376,LOAD,86117861,5805.996505184912
377,LOAD,85850565,5824.073493284523
378,LOAD,79794072,6266.129644317438
379,LOAD,85269770,5863.742801229556
380,LOAD,84610506,5909.431625429589
381,LOAD,77708156,6434.33103727233
382,LOAD,82831350,6036.361836430289
383,LOAD,78160422,6397.099544831014
384,LOAD,80016283,6248.728149494272
385,LOAD,85118427,5874.168703799002
386,LOAD,84387646,5925.037890024802
387,LOAD,82448051,6064.424736977712
388,LOAD,83178361,6011.1787968507815
389,LOAD,78104717,6401.662014856285
390,LOAD,78409563,6376.773200483211
391,LOAD,78181145,6395.403904611528
392,LOAD,79842702,6262.313116607702
393,LOAD,77432352,6457.249290322475
394,LOAD,79262055,6308.188703913872
395,LOAD,76709480,6518.099197126613
396,LOAD,85214843,5867.522398650667
397,LOAD,72217684,6923.511975266335
398,LOAD,83101452,6016.742042004272
399,LOAD,83710543,5972.963286117974
400,LOAD,83603292,5980.625738996019
401,LOAD,81367677,6144.946229692658
402,LOAD,88985022,5618.92314866203
403,LOAD,84412791,5923.2729314684075
404,LOAD,87909740,5687.651902963198
405,LOAD,84469474,5919.2981360343265
406,LOAD,83168782,6011.871136936934
407,LOAD,75683912,6606.423832848386
408,LOAD,82540573,6057.626956381803
409,LOAD,78775079,6347.185002505678
410,LOAD,83245746,6006.312923185288
411,LOAD,89628147,5578.60467649744
412,LOAD,88131740,5673.324956479924
413,LOAD,76122125,6568.392566550133
414,LOAD,81312991,6149.078933770866
415,LOAD,77322663,6466.409466523418
416,LOAD,80264414,6229.410707464955
417,LOAD,75774531,6598.523189803709
418,LOAD,79604599,6281.044139170904
419,LOAD,84374331,5925.972912306706
420,LOAD,80783832,6189.357296148071
421,LOAD,80831530,6185.705008924117
422,LOAD,90257057,5539.733031623223
423,LOAD,82448640,6064.381413689783
424,LOAD,77227013,6474.418478415059
425,LOAD,80094735,6242.607582133832
426,LOAD,79586381,6282.481923634648
427,LOAD,83876060,5961.1765264129
428,LOAD,87956412,5684.633884338074
429,LOAD,77140079,6481.714907240373
430,LOAD,81440350,6139.4628092831135
431,LOAD,84547528,5913.833459447803
432,LOAD,88225738,5667.2804482519605
433,LOAD,79270679,6307.502424698544
434,LOAD,84828651,5894.23495606455
435,LOAD,79965117,6252.726423197755
436,LOAD,83120585,6015.357086334269
437,LOAD,81473467,6136.967265674358
438,LOAD,81654485,6123.362360316154
439,LOAD,84049044,5948.9076401630455
440,LOAD,80867675,6182.9402168418965
441,LOAD,75699217,6605.088134531166
442,LOAD,79690159,6274.300444048556
443,LOAD,78685403,6354.418747782228
444,LOAD,85999774,5813.968766941178
445,LOAD,79450368,6293.23705586864
446,LOAD,81296168,6150.351391716274
447,LOAD,86120785,5805.7993781640525
448,LOAD,85242201,5865.6392506805405
449,LOAD,75435358,6628.191517298824
450,LOAD,80950917,6176.582286276016
451,LOAD,82024225,6095.760124524188
452,LOAD,82026657,6095.579391953033
453,LOAD,82595045,6053.631909759236
454,LOAD,85113463,5874.511297936497
455,LOAD,80439880,6215.822301077525
456,LOAD,83622767,5979.232904359646
457,LOAD,81611116,6126.616379072675
458,LOAD,78692569,6353.840093846727
459,LOAD,81111515,6164.352866544288
460,LOAD,85517989,5846.723079514884
461,LOAD,77562684,6446.398889445342
462,LOAD,87259006,5730.06756460187
463,LOAD,79738346,6270.508796357526
464,LOAD,81290611,6150.771827757574
465,LOAD,82661510,6048.764412844624
466,LOAD,78669093,6355.736172018661
467,LOAD,85577126,5842.682774834014
468,LOAD,82193258,6083.224003603799
469,LOAD,81583184,6128.713976154694
470,LOAD,79562183,6284.39267434379
471,LOAD,84556546,5913.202746006205
472,LOAD,81471264,6137.133210551391
473,LOAD,86443526,5784.123151107927
474,LOAD,78036858,6407.228748240992
475,LOAD,80648488,6199.744253109866
476,LOAD,84046000,5949.12309925517
477,LOAD,85364848,5857.2118584455275
478,LOAD,82661511,6048.764339669523
479,LOAD,82514900,6059.511676073049
480,LOAD,76788056,6511.429329582194
481,LOAD,79842642,6262.317822599107
482,LOAD,82396986,6068.183125047802
483,LOAD,85790820,5828.129396595114
484,LOAD,83700691,5973.666334487012
485,LOAD,79946711,6254.165978135111
486,LOAD,77924878,6416.436096313169
487,LOAD,86371338,5788.957443266654
488,LOAD,86051512,5810.473150082476
489,LOAD,85422324,5853.270861607559
490,LOAD,85689443,5835.024508211589
491,LOAD,81459807,6137.996374089126
492,LOAD,76751778,6514.507064579013
493,LOAD,83002442,6023.919151679898
494,LOAD,75238167,6645.563281731731
495,LOAD,85023161,5880.750540432154
496,LOAD,82980640,6025.501851998249
497,LOAD,78285823,6386.8524445351995
498,LOAD,79882466,6259.195854068902
499,LOAD,84644786,5907.038385093206
500,LOAD,83816570,5965.407556047689
501,LOAD,77912164,6417.483154491768
502,LOAD,79774808,6267.642787683049
503,LOAD,87561738,5710.256687687035
504,LOAD,77802330,6426.542752639928
505,LOAD,81611881,6126.5589504057625
506,LOAD,88744681,5634.140484430835
507,LOAD,82650849,6049.544633231777
508,LOAD,82857799,6034.43497213823
509,LOAD,85812103,5826.6839119418855
510,LOAD,81561742,6130.325171328489
511,LOAD,77628210,6440.957481822652
512,LOAD,78150546,6397.907955755037
513,LOAD,95321241,5245.420587841487
514,LOAD,80394006,6219.369140530203
515,LOAD,87582606,5708.896124876667
516,LOAD,82360815,6070.848133302226
517,LOAD,85845331,5824.428587735308
518,LOAD,78447665,6373.676004250732
519,LOAD,84298728,5931.287599025219
520,LOAD,84899338,5889.327429149093
521,LOAD,83105433,6016.453821978162
522,LOAD,79073780,6323.208527529606
523,LOAD,89641665,5577.763420614733
524,LOAD,97696987,5117.865098541883
525,LOAD,86561887,5776.214189970236
526,LOAD,80241683,6231.175385491353
527,LOAD,87064139,5742.89260472673
528,LOAD,83526169,5986.14788617924
529,LOAD,92115306,5427.979580288209
530,LOAD,90113505,5548.557899284908
531,LOAD,82248272,6079.155073312664
532,LOAD,88157806,5671.647499938917
533,LOAD,77915760,6417.186972186371
534,LOAD,78463744,6372.3698935396205
535,LOAD,81890666,6105.701961197873
536,LOAD,81573906,6129.411039848944
537,LOAD,87859387,5690.911547106515
538,LOAD,81431082,6140.161566316901
539,LOAD,80862377,6183.345315213774
540,LOAD,89260528,5601.580129573063
541,LOAD,84146563,5942.013341650092
542,LOAD,79658056,6276.829050410168
543,LOAD,91523175,5463.097188225824
544,LOAD,83084597,6017.962631509183
545,LOAD,88465352,5651.930260787297
546,LOAD,79758149,6268.9519035854255
547,LOAD,85524322,5846.29013486947
548,LOAD,91445078,5467.762846678309
549,LOAD,90543923,5522.18175923303
550,LOAD,81249154,6153.910230252982
551,LOAD,84218912,5936.908802621435
552,LOAD,80963779,6175.601067237733
553,LOAD,85403050,5854.591844202286
554,LOAD,84788184,5897.048107552345
555,LOAD,90664446,5514.840955406048
556,LOAD,87407482,5720.334101375898
557,LOAD,80453807,6214.7463077788225
558,LOAD,82126418,6088.174940248825
559,LOAD,83684595,5974.8153169648485
560,LOAD,88150849,5672.0951150453475
561,LOAD,84972369,5884.2657429028495
562,LOAD,86494363,5780.723536862165
563,LOAD,78121709,6400.269610077271
564,LOAD,80987726,6173.775023637532
565,LOAD,85484336,5849.024785078755
566,LOAD,86902879,5753.549315667667
567,LOAD,79205888,6312.662008157778
568,LOAD,82236598,6080.018047439171
569,LOAD,78388834,6378.459462734195
570,LOAD,85788716,5828.2723336248555
571,LOAD,81924145,6103.206814059518
572,LOAD,89649390,5577.282790211958
573,LOAD,83958652,5955.312384005403
574,LOAD,98498978,5076.194800721689
575,LOAD,83047067,6020.682223491409
576,LOAD,78180896,6395.42427346957
577,LOAD,88377865,5657.5252185601
578,LOAD,85184475,5869.6141521092895
579,LOAD,81527932,6132.867444742741
580,LOAD,84303473,5930.95375797863
581,LOAD,87368031,5722.917115987197
582,LOAD,81511492,6134.10437880342
583,LOAD,84419612,5922.794338358248
584,LOAD,86884146,5754.789832428117
585,LOAD,85052751,5878.7046170911035
586,LOAD,81230115,6155.352605373019
587,LOAD,83167381,6011.972410192885
588,LOAD,82701615,6045.831148521102
589,LOAD,84835185,5893.780982501541
590,LOAD,84342372,5928.218381147734
591,LOAD,88264191,5664.811452245679
592,LOAD,89139199,5609.204543110153
593,LOAD,88576998,5644.806341258031
594,LOAD,84724215,5901.500533230081
595,LOAD,82566937,6055.692728434385
596,LOAD,84553904,5913.387511947408
597,LOAD,84788298,5897.04017882279
598,LOAD,84340940,5928.319034623043
599,LOAD,87922780,5686.808356150704
600,LOAD,81854113,6108.428540420443
601,LOAD,82265827,6077.857820599068
602,LOAD,82895376,6031.69952447046
603,LOAD,83072676,6018.826214289763
604,LOAD,81858143,6108.127813258602
605,LOAD,82188466,6083.578686089603
606,LOAD,80678985,6197.400723373007
607,LOAD,90651222,5515.645448221316
608,LOAD,85238409,5865.900195298108
609,LOAD,79048092,6325.263359930306
610,LOAD,90685490,5513.561210288437
611,LOAD,83932450,5957.171511137826
612,LOAD,89782287,5569.027218030211
613,LOAD,78009168,6409.503047129024
614,LOAD,83705827,5973.299803847586
615,LOAD,76549411,6531.728898606418
616,LOAD,91650142,5455.528917783892
617,LOAD,76166567,6564.5600122689
618,LOAD,94622816,5284.137813019643
619,LOAD,81482471,6136.289116710759
620,LOAD,86182498,5801.641999283892
621,LOAD,81327477,6147.983663626993
622,LOAD,90158017,5545.818515507057
623,LOAD,78033804,6407.479507214591
624,LOAD,92017471,5433.750727619976
625,LOAD,89266305,5601.217615090039
626,LOAD,84429246,5922.118503817978
627,LOAD,81019098,6171.384430865918
628,LOAD,88771857,5632.415687778166
629,LOAD,82197687,6082.896225534911
630,LOAD,89961408,5557.938799712872
631,LOAD,90505691,5524.514475006881
632,LOAD,82368988,6070.24575802728
633,LOAD,78811192,6344.276584472926
634,LOAD,87881595,5689.473432975357
635,LOAD,88601460,5643.247865215765
636,LOAD,84190089,5938.941340233053
637,LOAD,83585796,5981.877590781093
638,LOAD,91989115,5435.42570226923
639,LOAD,89990224,5556.159077901618
640,LOAD,90591460,5519.284047304238
641,LOAD,91345787,5473.706192930386
642,LOAD,78792275,6345.799762730547
643,LOAD,83885105,5960.533756261019
644,LOAD,87066055,5742.766225023059
645,LOAD,81389428,6143.304017322741
646,LOAD,77762208,6429.858576032203
647,LOAD,82787140,6039.5853752164885
648,LOAD,82710278,6045.19791361359
649,LOAD,84577560,5911.7335614789545
650,LOAD,90221540,5541.913826786818
651,LOAD,88615968,5642.32396581167
652,LOAD,81287690,6150.992850208931
653,LOAD,84713343,5902.2579241147405
654,LOAD,94399598,5296.632725067325
655,LOAD,82602184,6053.108716834896
656,LOAD,93720879,5334.990509425334
657,LOAD,88035160,5679.548943853796
658,LOAD,85050574,5878.8550915599935
659,LOAD,79505296,6288.889233240513
660,LOAD,86658635,5769.765471150105
661,LOAD,83538600,5985.2571146751325
662,LOAD,86205439,5800.098065738056
663,LOAD,88974441,5619.591361074131
664,LOAD,84661433,5905.876882570603
665,LOAD,79314807,6303.99314972802
666,LOAD,88596422,5643.56876624205
667,LOAD,82455717,6063.860920644229
668,LOAD,84602804,5909.969603371538
669,LOAD,82647673,6049.777106247141
670,LOAD,88758426,5633.267989677961
671,LOAD,82233910,6080.216786481392
672,LOAD,85326913,5859.815882475439
673,LOAD,84607367,5909.6508700004815
674,LOAD,82718307,6044.611140312628
675,LOAD,87358684,5723.5294432777855
676,LOAD,88278989,5663.861873180265
677,LOAD,81199634,6157.663222964773
678,LOAD,83967585,5954.678820404326
679,LOAD,83080165,6018.283666143418
680,LOAD,93288944,5359.691926623159
681,LOAD,86911601,5752.971919134248
682,LOAD,88775994,5632.153214753078
683,LOAD,84473789,5918.995772759761
684,LOAD,88214940,5667.97415494473
685,LOAD,91691917,5453.0433691336175
686,LOAD,87682287,5702.406005901739
687,LOAD,82630212,6051.055514658488
688,LOAD,87371142,5722.713341666062
689,LOAD,84779946,5897.621119032088
690,LOAD,86660326,5769.652885912292
691,LOAD,83791319,5967.205266216182
692,LOAD,84154562,5941.4485455939985
693,LOAD,84286389,5932.155902419784
694,LOAD,84921512,5887.789656877518
695,LOAD,102449196,4880.4677783903735
696,LOAD,84664222,5905.682331788273
697,LOAD,90692440,5513.138691604284
698,LOAD,87701321,5701.168400872776
699,LOAD,81285635,6151.148354810785
700,LOAD,91011820,5493.791905271205
701,LOAD,82386358,6068.965932442359
702,LOAD,83214656,6008.5569541980685
703,LOAD,86256182,5796.685969708235
704,LOAD,86622000,5772.20567523262
705,LOAD,92941562,5379.724519800948
706,LOAD,94935623,5266.726906084558
707,LOAD,98343728,5084.208318806055
708,LOAD,102028484,4900.592269899845
709,LOAD,89358901,5595.413488802867
710,LOAD,87161069,5736.506054096239
711,LOAD,84696243,5903.449578040906
712,LOAD,83943035,5956.420327189742
713,LOAD,96626655,5174.555613044869
714,LOAD,83883874,5960.621227388711
715,LOAD,88585116,5644.289047383536
716,LOAD,83381989,5996.498836217495
717,LOAD,91537037,5462.269878803266
718,LOAD,80866276,6183.0471827341225
719,LOAD,89577894,5581.734261356937
720,LOAD,80210534,6233.595203343242
721,LOAD,92242425,5420.4992984518785
722,LOAD,77223196,6474.738496966636
723,LOAD,90111804,5548.6626369171345
724,LOAD,81766934,6114.941279319584
725,LOAD,90521444,5523.553071027016
726,LOAD,84779337,5897.66348373307
727,LOAD,91557978,5461.020556832306
728,LOAD,80427265,6216.797251529068
729,LOAD,88186767,5669.784900947781
730,LOAD,81059265,6168.326347395328
731,LOAD,88385921,5657.009559248696
732,LOAD,88419497,5654.861393296549
733,LOAD,90459484,5527.336415051848
734,LOAD,85969228,5816.0345466868675
735,LOAD,85484980,5848.980721525582
736,LOAD,84975664,5884.037575746393
737,LOAD,85159777,5871.316454950323
738,LOAD,83491963,5988.600363845799
739,LOAD,86166688,5802.706493720636
740,LOAD,84474308,5918.9594071608135
741,LOAD,85781350,5828.772804345001
742,LOAD,97626907,5121.5388806694455
743,LOAD,81765730,6115.031321801933
744,LOAD,93267653,5360.91542906092
745,LOAD,82847577,6035.179520096284
746,LOAD,91482990,5465.496919154041
747,LOAD,83241047,6006.651982645052
748,LOAD,93299314,5359.096209431937
749,LOAD,85380248,5856.155395566431
750,LOAD,82973963,6025.986730319244
751,LOAD,83272434,6004.3879586851035
752,LOAD,93622862,5340.575894806549
753,LOAD,87168445,5736.0206437088555
754,LOAD,89517079,5585.526310571416
755,LOAD,84924974,5887.549638814137
756,LOAD,88191707,5669.467311705396
757,LOAD,87011901,5746.340377047963
758,LOAD,86648582,5770.434881438683
759,LOAD,83259989,6005.2854438883005
760,LOAD,85408194,5854.239231425499
761,LOAD,91653443,5455.332430883147
762,LOAD,89084976,5612.6186754543205
763,LOAD,92804350,5387.678487053678
764,LOAD,84043587,5949.293906267947
765,LOAD,80661104,6198.774566735412
766,LOAD,89173351,5607.056305420215
767,LOAD,85270902,5863.664958065062
768,LOAD,88441772,5653.437156369956
769,LOAD,81123498,6163.442311129138
770,LOAD,87018365,5745.913520668884
771,LOAD,84801321,5896.134566111299
772,LOAD,91080830,5489.629376456056
773,LOAD,90023199,5554.123887554807
774,LOAD,79596419,6281.689632293634
775,LOAD,80582000,6204.859646074806
776,LOAD,92457194,5407.9080098407485
777,LOAD,89082255,5612.790111790502
778,LOAD,92228083,5421.342217424166
779,LOAD,93363862,5355.391146951483
780,LOAD,81426930,6140.474656234737
781,LOAD,93717009,5335.210815360102
782,LOAD,94048102,5316.428395333273
783,LOAD,88551907,5646.405785479018
784,LOAD,84256781,5934.240473772669
785,LOAD,83548792,5984.526981551092
786,LOAD,90214176,5542.366201959213
787,LOAD,87127284,5738.730476207659
788,LOAD,91301979,5476.332555726968
789,LOAD,88068095,5677.424951680856
790,LOAD,90110416,5548.748104769597
791,LOAD,81938492,6102.138174571239
792,LOAD,85806825,5827.042312776402
793,LOAD,93551105,5344.672305046531
794,LOAD,87741433,5698.56204650772
795,LOAD,79710752,6272.6795000002
796,LOAD,89568543,5582.31699716272
797,LOAD,83599252,5980.914757466969
798,LOAD,88384113,5657.125279969716
799,LOAD,83035399,6021.528240022066
800,LOAD,90651677,5515.617764026583
801,LOAD,87415981,5719.777943120035
802,LOAD,93295267,5359.328678484837
803,LOAD,85802854,5827.31199127712
804,LOAD,82492498,6061.1572218361
805,LOAD,90901207,5500.47701786842
806,LOAD,82167267,6085.148237923016
807,LOAD,80663606,6198.582294969555
808,LOAD,94948259,5266.025994220705
809,LOAD,92299803,5417.129655195472
810,LOAD,85766692,5829.768973717676
811,LOAD,90186104,5544.091360238824
812,LOAD,89459679,5589.110150954152
813,LOAD,81723904,6118.1609728287085
814,LOAD,82262639,6078.09336143471
815,LOAD,83241872,6006.592451452798
816,LOAD,87440572,5718.169364216876
817,LOAD,86539869,5777.683809528299
818,LOAD,83188560,6010.441820365685
819,LOAD,81855492,6108.32563317804
820,LOAD,87886061,5689.184317863557
821,LOAD,78542777,6365.957750640775
822,LOAD,89863898,5563.969637729269
823,LOAD,80746860,6192.191250532838
824,LOAD,81588094,6128.345148006521
825,LOAD,78779056,6346.864577813677
826,LOAD,90295606,5537.368008804327
827,LOAD,84362273,5926.819918661983
828,LOAD,88147923,5672.283395718808
829,LOAD,84354152,5927.390509479605
830,LOAD,79708424,6272.862702692504
831,LOAD,87976581,5683.330658189592
832,LOAD,88496950,5649.912228613529
833,LOAD,81164075,6160.360972511545
834,LOAD,81402994,6142.280221290141
835,LOAD,84624716,5908.439326401993
836,LOAD,85760144,5830.214091058429
837,LOAD,83464204,5990.592086638722
838,LOAD,82126767,6088.149068378645
839,LOAD,82151060,6086.34873366211
840,LOAD,75327992,6637.638767803607
841,LOAD,85353915,5857.962109880958
842,LOAD,82204957,6082.358269465429
843,LOAD,84381545,5925.466285311557
844,LOAD,74717348,6691.886334081343
845,LOAD,88499893,5649.724344864462
846,LOAD,82053347,6093.596645119181
847,LOAD,91226401,5480.869512763087
848,LOAD,86416050,5785.962214195164
849,LOAD,85861488,5823.332574902499
850,LOAD,78532353,6366.802736701396
851,LOAD,85722144,5832.798582359303
852,LOAD,83709120,5973.064822566525
853,LOAD,88739088,5634.495590038067
854,LOAD,81730097,6117.697376524587
855,LOAD,84960987,5885.054042510123
856,LOAD,82048018,6093.992422827325
857,LOAD,84605398,5909.788403808466
858,LOAD,87703488,5701.027534959613
859,LOAD,80682228,6197.15162055267
860,LOAD,81665754,6122.517401847535
861,LOAD,88675092,5638.561953789685
862,LOAD,86483721,5781.434866799961
863,LOAD,83677058,5975.353483388481
864,LOAD,81888140,6105.890303528692
865,LOAD,85474211,5849.717641734067
866,LOAD,80362231,6221.828261587212
867,LOAD,93723854,5334.821165164633
868,LOAD,90023795,5554.087116633997
869,LOAD,86554405,5776.713501756496
870,LOAD,82353013,6071.423276280128
871,LOAD,88237725,5666.510554300896
872,LOAD,87988234,5682.577968322446
873,LOAD,83429346,5993.095043559373
874,LOAD,78190239,6394.660080269099
875,LOAD,93423964,5351.945888316192
876,LOAD,91254071,5479.207607077607
877,LOAD,83370861,5997.299224245747
878,LOAD,91056973,5491.067663758161
879,LOAD,86767478,5762.527752621783
880,LOAD,96371864,5188.2362677969995
881,LOAD,86998730,5747.210332840491
882,LOAD,85892254,5821.2466982179785
883,LOAD,86370567,5789.009119275552
884,LOAD,85091756,5876.009892192141
885,LOAD,88499686,5649.737559520833
886,LOAD,88236743,5666.573617750148
887,LOAD,88300110,5662.507102199533
888,LOAD,88019626,5680.551289777123
889,LOAD,86669297,5769.055678390931
890,LOAD,84928989,5887.271306149659
891,LOAD,90418692,5529.830048857597
892,LOAD,96725142,5169.286802391047
893,LOAD,85122202,5873.908196124908
894,LOAD,88038876,5679.309217895967
895,LOAD,91653026,5455.357251379785
896,LOAD,85965461,5816.289404880874
897,LOAD,83921389,5957.956677766618
898,LOAD,91679699,5453.770087094199
899,LOAD,83916778,5958.284051372897
900,LOAD,78349323,6381.676073959184
901,LOAD,89098735,5611.751951360477
902,LOAD,85598788,5841.204200227695
903,LOAD,92289824,5417.715391894127
904,LOAD,83942633,5956.448852396612
905,LOAD,86285539,5794.713758466526
906,LOAD,83844592,5963.413835921582
907,LOAD,86233030,5798.242274450985
908,LOAD,93809971,5329.923830804723
909,LOAD,90171720,5544.975741840125
910,LOAD,94842626,5271.8911431237675
911,LOAD,88425415,5654.482933441704
912,LOAD,84339064,5928.450901470758
913,LOAD,92352632,5414.030863787401
914,LOAD,81394130,6142.949129132531
915,LOAD,91396140,5470.690556515844
916,LOAD,89139476,5609.187112565032
917,LOAD,88273740,5664.198662025648
918,LOAD,85423539,5853.187609096833
919,LOAD,83575747,5982.5968411625445
920,LOAD,85302568,5861.48824968552
921,LOAD,87942269,5685.548095194132
922,LOAD,88178986,5670.285208314825
923,LOAD,93873693,5326.305848007918
924,LOAD,84981647,5883.62331927975
925,LOAD,90394107,5531.334028223765
926,LOAD,85342975,5858.713034083942
927,LOAD,86833546,5758.143287157707
928,LOAD,87639648,5705.180376808451
929,LOAD,88228367,5667.111576484239
930,LOAD,86304185,5793.4618118460885
931,LOAD,88378488,5657.4853373821015
932,LOAD,91073220,5490.088085169274
933,LOAD,82745861,6042.598311956655
934,LOAD,79886630,6258.869600582726
935,LOAD,87648849,5704.581471457771
936,LOAD,87605084,5707.431317570565
937,LOAD,88847822,5627.599965252947
938,LOAD,88720598,5635.669858762674
939,LOAD,85670671,5836.303068059313
940,LOAD,87973003,5683.561808160624
941,LOAD,87753850,5697.755711002993
942,LOAD,90921534,5499.247296025604
943,LOAD,85390674,5855.44037279762
944,LOAD,79806758,6265.133586807272
945,LOAD,87390136,5721.469526034381
946,LOAD,89990373,5556.149878387547
947,LOAD,86399750,5787.053781984323
948,LOAD,90271781,5538.829459895113
949,LOAD,83885974,5960.4720093015785
950,LOAD,77800574,6426.68780310027
951,LOAD,89187231,5606.183692371837
952,LOAD,90838814,5504.255042343463
953,LOAD,88598345,5643.446274306816
954,LOAD,82791860,6039.241055823604
955,LOAD,88653834,5639.914005298406
956,LOAD,86739863,5764.362343989406
957,LOAD,90948792,5497.599132487653
958,LOAD,86101361,5807.109135011234
959,LOAD,80338905,6223.634738362441
960,LOAD,83954750,5955.589171547768
961,LOAD,90144632,5546.641978637174
962,LOAD,86707200,5766.533805727783
963,LOAD,88817651,5629.511638401696
964,LOAD,84335063,5928.732157347176
965,LOAD,86033780,5811.670718176047
966,LOAD,82446664,6064.526758778257
967,LOAD,85948105,5817.463921979432
968,LOAD,87739536,5698.685254045565
969,LOAD,89932452,5559.728316981727
970,LOAD,83699384,5973.759615721903
971,LOAD,85967454,5816.154564726321
972,LOAD,84121910,5943.754724542037
973,LOAD,85533714,5845.648184995217
974,LOAD,82342817,6072.1750629444705
975,LOAD,90473695,5526.468218193145
976,LOAD,87454489,5717.259407919015
977,LOAD,88749117,5633.858869829657
978,LOAD,85370821,5856.802056524676
979,LOAD,80936893,6177.652507614791
980,LOAD,86583105,5774.798674637506
981,LOAD,90427335,5529.301510433765
982,LOAD,80694189,6196.233039779358
983,LOAD,92696652,5393.9380680113445
984,LOAD,83987656,5953.255797494813
985,LOAD,90074500,5550.960593730745
986,LOAD,87367530,5722.949933459261
987,LOAD,85566533,5843.4060896215115
988,LOAD,92683424,5394.707903756339
989,LOAD,86042224,5811.100373230706
990,LOAD,84069384,5947.468343529197
991,LOAD,91207806,5481.986925548895
992,LOAD,86089399,5807.9160245967105
993,LOAD,89156396,5608.122607378611
994,LOAD,88716393,5635.936979538833
995,LOAD,91797254,5446.786022597147
996,LOAD,84528878,5915.138256064395
997,LOAD,92945925,5379.471988685895
998,LOAD,89568121,5582.343298236657
999,LOAD,82746702,6042.536897724335
1000,LOAD,85177685,5870.082052593939
1001,LOAD,84815117,5895.175502734966
1002,LOAD,87202620,5733.772677931007
1003,LOAD,88167867,5671.000297648122
1004,LOAD,86044796,5810.926671265512
1005,LOAD,82219926,6081.2509123396685
1006,LOAD,89765013,5570.098898108554
1007,LOAD,82429759,6065.770494367211
1008,LOAD,92460544,5407.712072297563
1009,LOAD,90418338,5529.85169888878
1010,LOAD,84628917,5908.146030038409
1011,LOAD,88476433,5651.222399528698
1012,LOAD,90218505,5542.100259808118
1013,LOAD,90450880,5527.862194375555
1014,LOAD,90721847,5511.351637274316
1015,LOAD,86879409,5755.103605734704
1016,LOAD,89985326,5556.461505734835
1017,LOAD,90737864,5510.3787763838045
1018,LOAD,91843682,5444.032611845853
1019,LOAD,82480505,6062.038538682565
1020,LOAD,82752735,6042.096373008095
1021,LOAD,91023162,5493.107347775943
1022,LOAD,87304385,5727.08919488981
1023,LOAD,87150134,5737.225831459995
1024,LOAD,84820063,5894.831745173309
1025,LOAD,89223662,5603.894626069035
1026,LOAD,90613088,5517.966676072225
1027,LOAD,87671499,5703.1076883948335
1028,LOAD,90422860,5529.575153893606
1029,LOAD,83886021,5960.468669744152
1030,LOAD,80794891,6188.510112601056
1031,LOAD,92925714,5380.642003999023
1032,LOAD,84046436,5949.092237534022
1033,LOAD,97258406,5140.943806954846
1034,LOAD,85253569,5864.857106451462
1035,LOAD,87808006,5694.241593414614
1036,LOAD,80103319,6241.938614303859
1037,LOAD,87738521,5698.751179085866
1038,LOAD,88480350,5650.97222151585
1039,LOAD,85448338,5851.488884429795
1040,LOAD,94086494,5314.259026380556
1041,LOAD,84929047,5887.267285596646
1042,LOAD,90525001,5523.336033986899
1043,LOAD,91268135,5478.363286375908
1044,LOAD,85403969,5854.528845140675
1045,LOAD,83833123,5964.229675661731
1046,LOAD,89271223,5600.909040979533
1047,LOAD,83204413,6009.296646320911
1048,LOAD,90140161,5546.917095033811
1049,LOAD,94208936,5307.352160308869
1050,LOAD,85341253,5858.831250110658
1051,LOAD,89014961,5617.033298481139
1052,LOAD,89276073,5600.604766744164
1053,LOAD,84441505,5921.2587459212145
1054,LOAD,90652329,5515.578093972633
1055,LOAD,85544884,5844.884891070751
1056,LOAD,84568392,5912.374448363639
1057,LOAD,84493190,5917.6366758078375
1058,LOAD,85381269,5856.085366920466
1059,LOAD,84137626,5942.6444953414775
1060,LOAD,80853102,6184.054632808027
1061,LOAD,86263389,5796.201677168051
1062,LOAD,86294691,5794.099198987803
1063,LOAD,95219658,5251.016549544843
1064,LOAD,85811419,5826.730356247809
1065,LOAD,92702304,5393.609203067919
1066,LOAD,89312773,5598.303391610067
1067,LOAD,86431050,5784.958067731446
1068,LOAD,88921419,5622.942206983899
1069,LOAD,88797650,5630.779643380202
1070,LOAD,88479065,5651.054291769471
1071,LOAD,87431624,5718.754577863039
1072,LOAD,84890011,5889.974498884209
1073,LOAD,84148328,5941.888708709696
1074,LOAD,93097842,5370.69376967943
1075,LOAD,103116935,4848.864059041321
1076,LOAD,90669539,5514.53118119416
1077,LOAD,91041941,5491.974297867837
1078,LOAD,85474636,5849.6885555616755
1079,LOAD,83753644,5969.8895011660625
1080,LOAD,81745442,6116.548981409875
1081,LOAD,95456026,5238.013994003899
1082,LOAD,84780249,5897.600041254891
1083,LOAD,93522201,5346.324131101234
1084,LOAD,88738468,5634.534957263405
1085,LOAD,89995907,5555.808221367223
1086,LOAD,90407749,5530.499382304055
1087,LOAD,95219906,5251.00287328576
1088,LOAD,88489434,5650.392113481029
1089,LOAD,91657582,5455.086083331328
1090,LOAD,84139810,5942.490243322394
1091,LOAD,99809102,5009.563155873299
1092,LOAD,90824285,5505.13554827324
1093,LOAD,85203406,5868.310006292471
1094,LOAD,89316754,5598.053865683476
1095,LOAD,87158115,5736.700478205616
1096,LOAD,79763590,6268.524272791634
1097,LOAD,85611398,5840.343828984081
1098,LOAD,81728120,6117.845363382885
1099,LOAD,88250926,5665.662930267723
1100,LOAD,78852777,6340.9307702631695
1101,LOAD,90249064,5540.223663704701
1102,LOAD,85158861,5871.3796089874895
1103,LOAD,82128238,6088.040023456974
1104,LOAD,85218163,5867.293806837868
1105,LOAD,90954823,5497.234599642946
1106,LOAD,87348948,5724.167393521442
1107,LOAD,87238136,5731.438370026613
1108,LOAD,84993739,5882.786260291478
1109,LOAD,83042932,6020.9820144597015
1110,LOAD,82267779,6077.713608872314
1111,LOAD,86367170,5789.236813015872
1112,LOAD,80533401,6208.6040548566925
1113,LOAD,84314409,5930.18448365095
1114,LOAD,82454246,6063.969101118213
1115,LOAD,89314683,5598.18367154704
1116,LOAD,86322464,5792.235031659894
1117,LOAD,91692678,5452.99811180125
1118,LOAD,98238966,5089.630116831645
1119,LOAD,82790753,6039.321806868938
1120,LOAD,79955467,6253.48107841081
1121,LOAD,89315579,5598.127511438962
1122,LOAD,88540108,5647.158234774233
1123,LOAD,85694150,5834.7040025485985
1124,LOAD,88609276,5642.750088602462
1125,LOAD,89852075,5564.701761200284
1126,LOAD,89519897,5585.350483591374
1127,LOAD,90008027,5555.060105916998
1128,LOAD,91600282,5458.4984792950745
1129,LOAD,83284107,6003.546390909853
1130,LOAD,87553456,5710.796841646091
1131,LOAD,84154770,5941.433860492994
1132,LOAD,96148004,5200.315962877399
1133,LOAD,88500872,5649.6618473996505
1134,LOAD,87359119,5723.50094327302
1135,LOAD,86404696,5786.722517952033
1136,LOAD,83922954,5957.845573453003
1137,LOAD,81340756,6146.97999610429
1138,LOAD,89594825,5580.679464466837
1139,LOAD,88466575,5651.852126071344
1140,LOAD,81844358,6109.15660185153
1141,LOAD,92639725,5397.252636490447
1142,LOAD,90078505,5550.71379126463
1143,LOAD,89796638,5568.137194624146
1144,LOAD,93185730,5365.628406838687
1145,LOAD,86891347,5754.312912193662
1146,LOAD,88417896,5654.9637869691
1147,LOAD,92532925,5403.482057872914
1148,LOAD,94597964,5285.5260182978145
1149,LOAD,89861893,5564.093781109196
1150,LOAD,84298183,5931.325945661249
1151,LOAD,84567869,5912.411012745278
1152,LOAD,88001541,5681.7186871761705
1153,LOAD,85501740,5847.834207818461
1154,LOAD,84716514,5902.036998359021
1155,LOAD,87192343,5734.448493946309
1156,LOAD,79284017,6306.441309602161
1157,LOAD,91135645,5486.32755054293
1158,LOAD,90191854,5543.737907860282
1159,LOAD,89221235,5604.047063459725
1160,LOAD,83292868,6002.914919438241
1161,LOAD,86001111,5813.878381175797
1162,LOAD,85869097,5822.816559955208
1163,LOAD,90730131,5510.848430275054
1164,LOAD,86722926,5765.488124789516
1165,LOAD,87885179,5689.2414135038625
1166,LOAD,87228442,5732.075324697419
1167,LOAD,91165965,5484.502906320358
1168,LOAD,88424746,5654.52571387652
1169,LOAD,86520899,5778.950586262401
1170,LOAD,84292235,5931.74448393734
1171,LOAD,89117722,5610.556338053614
1172,LOAD,90481260,5526.006158623344
1173,LOAD,91129557,5486.694070069934
1174,LOAD,92916256,5381.189702693144
1175,LOAD,84228261,5936.249829496064
1176,LOAD,86329380,5791.771005421329
1177,LOAD,93365167,5355.316292638346
1178,LOAD,76484717,6537.253710437341
1179,LOAD,84695430,5903.506245850573
1180,LOAD,86564489,5776.0405655487675
1181,LOAD,87463084,5716.697572658197
1182,LOAD,87663403,5703.634388913695
1183,LOAD,89240433,5602.841483299392
1184,LOAD,86015933,5812.876551603527
1185,LOAD,87279385,5728.729642171516
1186,LOAD,90858267,5503.076566494494
1187,LOAD,92676749,5395.096455099002
1188,LOAD,91760033,5448.9954248381755
1189,LOAD,85910178,5820.032173603458
1190,LOAD,87453917,5717.296802154671
1191,LOAD,83431120,5992.967612085275
1192,LOAD,93582208,5342.8959487683815
1193,LOAD,83456731,5991.128504661895
1194,LOAD,84594937,5910.519207550211
1195,LOAD,87764203,5697.083582015779
1196,LOAD,84571907,5912.128716690756
1197,LOAD,82164411,6085.359755089098
1198,LOAD,87753941,5697.7498024846545
1199,LOAD,84138221,5942.602470760584
1200,LOAD,86455951,5783.2918869864725
1201,LOAD,90492390,5525.326494305212
1202,LOAD,85556709,5844.077055371544
1203,LOAD,81891298,6105.654840151637
1204,LOAD,91964951,5436.853872732449
1205,LOAD,88769519,5632.564033607076
1206,LOAD,84429656,5922.089745337823
1207,LOAD,84080309,5946.695557458049
1208,LOAD,88139955,5672.796179666758
1209,LOAD,78654723,6356.897347410402
1210,LOAD,86350494,5790.354829932994
1211,LOAD,89813714,5567.078542147807
1212,LOAD,87285399,5728.334930335828
1213,LOAD,87537699,5711.824799050292
1214,LOAD,85492981,5848.433335129582
1215,LOAD,86072894,5809.029727756104
1216,LOAD,91129929,5486.6716729253685
1217,LOAD,90806994,5506.183807824318
1218,LOAD,86934139,5751.480439692397
1219,LOAD,87399995,5720.82412590527
1220,LOAD,89309792,5598.490252894106
1221,LOAD,88774169,5632.268999330199
1222,LOAD,90209517,5542.652445417704
1223,LOAD,86869864,5755.7359592504945
1224,LOAD,90750909,5509.586686343825
1225,LOAD,86625731,5771.957064350776
1226,LOAD,87133467,5738.323255288349
1227,LOAD,87322960,5725.870950778582
1228,LOAD,88895576,5624.57686308259
1229,LOAD,86457393,5783.195428990092
1230,LOAD,85388808,5855.568331624913
1231,LOAD,86339731,5791.076648130858
1232,LOAD,84914605,5888.268572879778
1233,LOAD,84928065,5887.3353584589495
1234,LOAD,83941104,5956.557350020081
1235,LOAD,88538193,5647.2803776331875
1236,LOAD,80242599,6231.104254237827
1237,LOAD,89930413,5559.8543731807395
1238,LOAD,86892584,5754.23099398218
1239,LOAD,91729311,5450.820403524016
1240,LOAD,86086323,5808.123550590029
1241,LOAD,88059190,5677.999082208228
1242,LOAD,79484359,6290.545791531136
1243,LOAD,84169611,5940.386251755399
1244,LOAD,91478020,5465.793859552273
1245,LOAD,79937078,6254.91965067825
1246,LOAD,97688006,5118.335612255203
1247,LOAD,90947947,5497.650210839834
1248,LOAD,86748404,5763.794801342974
1249,LOAD,90790126,5507.206807929751
1250,LOAD,84119343,5943.936105159547
1251,LOAD,93223796,5363.4374639711095
1252,LOAD,81987197,6098.513161756219
1253,LOAD,86960061,5749.765975900132
1254,LOAD,87692789,5701.723091507558
1255,LOAD,90531328,5522.950022339228
1256,LOAD,82368817,6070.258360029621
1257,LOAD,84643368,5907.137343589636
1258,LOAD,92935784,5380.058987827552
1259,LOAD,86007323,5813.45846562391
1260,LOAD,86609942,5773.009292628322
1261,LOAD,91021316,5493.218753286318
1262,LOAD,82396875,6068.191299730724
1263,LOAD,85085470,5876.4440038939665
1264,LOAD,85639931,5838.397978158109
1265,LOAD,84159828,5941.076780717755
1266,LOAD,78313647,6384.583264268103
1267,LOAD,81656098,6123.241402007722
1268,LOAD,86243264,5797.554229858462
1269,LOAD,85422613,5853.251058943842
1270,LOAD,88749444,5633.838111706931
1271,LOAD,90761847,5508.922708459205
1272,LOAD,88458798,5652.349017900967
1273,LOAD,85716373,5833.191285403548
1274,LOAD,92861648,5384.354152319158
1275,LOAD,88022116,5680.390596381482
1276,LOAD,90545144,5522.107292689268
1277,LOAD,83175405,6011.392430250265
1278,LOAD,87941835,5685.576153829404
1279,LOAD,86366099,5789.308603599196
1280,LOAD,88916000,5623.284898106077
1281,LOAD,89160067,5607.891703356392
1282,LOAD,89635209,5578.165160523026
1283,LOAD,90310640,5536.446203902442
1284,LOAD,87990196,5682.451258547032
1285,LOAD,87006983,5746.6651843335385
1286,LOAD,88902761,5624.122292444888
1287,LOAD,81290210,6150.802169166496
1288,LOAD,98649407,5068.454187464096
1289,LOAD,81468904,6137.310991688314
1290,LOAD,88355823,5658.936593233929
1291,LOAD,87221582,5732.526153905349
1292,LOAD,87681189,5702.4774150815865
1293,LOAD,80548421,6207.446325980742
1294,LOAD,89932971,5559.696231985931
1295,LOAD,85076333,5877.0751202922675
1296,LOAD,84319657,5929.815392868592
1297,LOAD,80538620,6208.201729803664
1298,LOAD,95329918,5244.94314576039
1299,LOAD,89109765,5611.057329126611
1300,LOAD,88779428,5631.935362322902
1301,LOAD,84512329,5916.296544140915
1302,LOAD,88196463,5669.1615853121
1303,LOAD,89522330,5585.198687299582
1304,LOAD,89036867,5615.651323400676
1305,LOAD,90341494,5534.555361681311
1306,LOAD,86195626,5800.758381869632
1307,LOAD,89196411,5605.606709893294
1308,LOAD,90737204,5510.418857517364
1309,LOAD,85795248,5827.828599551341
1310,LOAD,89447484,5589.872153363195
1311,LOAD,88243664,5666.129185206997
1312,LOAD,98509271,5075.664401170931
1313,LOAD,81523925,6133.168882631694
1314,LOAD,92307951,5416.651486500876
1315,LOAD,85826028,5825.738551013918
1316,LOAD,85979003,5815.373318529874
1317,LOAD,79616860,6280.076858092621
1318,LOAD,97541982,5125.997952348354
1319,LOAD,90555166,5521.496145233724
1320,LOAD,87290915,5727.972951137011
1321,LOAD,91698211,5452.669082060936
1322,LOAD,86704048,5766.743439706529
1323,LOAD,87743595,5698.421634080527
1324,LOAD,85417596,5853.594849473404
1325,LOAD,84772003,5898.173716621985
1326,LOAD,80378472,6220.571100182148
1327,LOAD,85628623,5839.168989089081
1328,LOAD,87837399,5692.3361312190045
1329,LOAD,90433336,5528.93459553455
1330,LOAD,85325770,5859.8943789197565
1331,LOAD,88277054,5663.986022913723
1332,LOAD,89832150,5565.936026244502
1333,LOAD,83445114,5991.962573147183
1334,LOAD,88729865,5635.081266042725
1335,LOAD,90964871,5496.627373879308
1336,LOAD,89972206,5557.271764571384
1337,LOAD,90192368,5543.7063144855
1338,LOAD,86179887,5801.817772167652
1339,LOAD,88062527,5677.783922780231
1340,LOAD,85944276,5817.723102350644
1341,LOAD,87333508,5725.179389335878
1342,LOAD,85580763,5842.434473270588
1343,LOAD,79988451,6250.9023958971275
1344,LOAD,88042304,5679.088089289439
1345,LOAD,93255655,5361.60514877087
1346,LOAD,84012583,5951.489433434037
1347,LOAD,85981803,5815.183940722899
1348,LOAD,87629570,5705.836511579368
1349,LOAD,87526099,5712.581798030323
1350,LOAD,83015054,6023.003972267488
1351,LOAD,88641292,5640.712005867424
1352,LOAD,84143292,5942.244332441854
1353,LOAD,89290763,5599.683362544454
1354,LOAD,88040076,5679.231808023428
1355,LOAD,92036827,5432.607971154851
1356,LOAD,86043993,5810.980901362865
1357,LOAD,88844118,5627.834585515273
1358,LOAD,87770597,5696.668555188248
1359,LOAD,86728028,5765.148955075976
1360,LOAD,87321864,5725.942817711725
1361,LOAD,85745598,5831.203136515533
1362,LOAD,84473019,5919.049726398437
1363,LOAD,78973789,6331.214524859634
1364,LOAD,84369221,5926.331831367745
1365,LOAD,84625857,5908.3596636427565
1366,LOAD,92099241,5428.926390392294
1367,LOAD,89198588,5605.469898245474
1368,LOAD,85250558,5865.064249784735
1369,LOAD,78584667,6362.564340954706
1370,LOAD,85376542,5856.409597849489
1371,LOAD,84045169,5949.181921449881
1372,LOAD,90347077,5534.213353687137
1373,LOAD,84987802,5883.197214583805
1374,LOAD,85459755,5850.707154496288
1375,LOAD,82611206,6052.447654619641
1376,LOAD,88121685,5673.972303185079
1377,LOAD,82317935,6074.0104814339675
1378,LOAD,88289571,5663.183027585444
1379,LOAD,81205975,6157.1823994478245
1380,LOAD,86992742,5747.605932458136
1381,LOAD,84726900,5901.313514362027
1382,LOAD,89686636,5574.966598145124
1383,LOAD,85503655,5847.70323561022
1384,LOAD,89797870,5568.060801442172
1385,LOAD,85429481,5852.780493890627
1386,LOAD,83620770,5979.375698166855
1387,LOAD,80785534,6189.226897974085
1388,LOAD,88073247,5677.092840689749
1389,LOAD,86698780,5767.093839152061
1390,LOAD,85349280,5858.2802338812935
1391,LOAD,92384483,5412.1642917025365
1392,LOAD,84887160,5890.172318169202
1393,LOAD,85464843,5850.35884287531
1394,LOAD,87784590,5695.760497372033
1395,LOAD,88147461,5672.31312538883
1396,LOAD,88926120,5622.644955160531
1397,LOAD,84831788,5894.016992781056
1398,LOAD,88553786,5646.285975847492
1399,LOAD,87020865,5745.748447800422
1400,LOAD,82827030,6036.676674269257
1401,LOAD,82496788,6060.842029389071
1402,LOAD,88039179,5679.289671704003
1403,LOAD,80889197,6181.295136357949
1404,LOAD,89501765,5586.482009600593
1405,LOAD,89913246,5560.915907762912
1406,LOAD,88522336,5648.291974581421
1407,LOAD,85583205,5842.267767373282
1408,LOAD,92999011,5376.401260869323
1409,LOAD,78517984,6367.967878543595
1410,LOAD,89399459,5592.875008337578
1411,LOAD,88615034,5642.38343574974
1412,LOAD,89374194,5594.456046227393
1413,LOAD,87752874,5697.819082255927
1414,LOAD,88996296,5618.211346683462
1415,LOAD,90105688,5549.039257099952
1416,LOAD,89127421,5609.945787615688
1417,LOAD,90461863,5527.191055085832
1418,LOAD,89108562,5611.1330805675
1419,LOAD,87293025,5727.8344976588905
1420,LOAD,90079526,5550.650877092759
1421,LOAD,89166394,5607.493782915568
1422,LOAD,83886792,5960.413887325672
1423,LOAD,88893334,5624.718721878516
1424,LOAD,95883479,5214.662684486031
1425,LOAD,89437518,5590.495031402817
1426,LOAD,89250685,5602.197899097357
1427,LOAD,89070449,5613.534068970506
1428,LOAD,88773086,5632.3377110039855
1429,LOAD,101125371,4944.357633061242
1430,LOAD,88893806,5624.688856274193
1431,LOAD,90742385,5510.104236294869
1432,LOAD,90716329,5511.686876130096
1433,LOAD,86737787,5764.500309421082
1434,LOAD,90973292,5496.118575108835
1435,LOAD,88221293,5667.565992259941
1436,LOAD,90853393,5503.3717893177645
1437,LOAD,89814904,5567.004781299994
1438,LOAD,91455998,5467.109986597052
1439,LOAD,91007376,5494.060173759982
1440,LOAD,91719411,5451.408753595245
1441,LOAD,89362917,5595.16202901031
1442,LOAD,94438919,5294.427395976441
1443,LOAD,93729248,5334.514152935485
1444,LOAD,94980957,5264.213120109961
1445,LOAD,91500402,5464.456866539232
1446,LOAD,80498410,6211.302807098923
1447,LOAD,91230797,5480.605414419431
1448,LOAD,87557185,5710.553622755231
1449,LOAD,91126979,5486.84928971474
1450,LOAD,85925395,5819.0014721491825
1451,LOAD,94452421,5293.670556099351
1452,LOAD,88830675,5628.6862618121495
1453,LOAD,85396853,5855.0166948189535
1454,LOAD,84390329,5924.84951682082
1455,LOAD,90328908,5535.326520276321
1456,LOAD,89857789,5564.347905332948
1457,LOAD,88051305,5678.5075473895595
1458,LOAD,92849856,5385.037969256517
1459,LOAD,86516501,5779.244354784991
1460,LOAD,83796228,5966.855691881501
1461,LOAD,96324615,5190.781193363711
1462,LOAD,87374371,5722.501853546963
1463,LOAD,93125400,5369.104454853349
1464,LOAD,93968139,5320.952456023419
1465,LOAD,88283975,5663.541996155021
1466,LOAD,83367051,5997.5733098679475
1467,LOAD,91961604,5437.051750424014
1468,LOAD,89586929,5581.171333599347
1469,LOAD,92066530,5430.855273898126
1470,LOAD,88256875,5665.281033347261
1471,LOAD,85538389,5845.328697972088
1472,LOAD,96904703,5159.708296097868
1473,LOAD,91150742,5485.41886801097
1474,LOAD,89998295,5555.6608044630175
1475,LOAD,89860668,5564.16963203523
1476,LOAD,91530038,5462.687560557989
1477,LOAD,92181809,5424.063656637504
1478,LOAD,83232334,6007.280776242559
1479,LOAD,90686952,5513.472324000922
1480,LOAD,89963579,5557.804675601001
1481,LOAD,94355500,5299.108160096655
1482,LOAD,97646963,5120.486952574245
1483,LOAD,92907082,5381.721061910006
1484,LOAD,88882315,5625.416034674614
1485,LOAD,90492545,5525.317030259233
1486,LOAD,90086141,5550.243294359783
1487,LOAD,91534377,5462.428613022624
1488,LOAD,88057226,5678.125722470521
1489,LOAD,89071541,5613.465248120047
1490,LOAD,89816084,5566.9316422212305
1491,LOAD,92223208,5421.628794348598
1492,LOAD,91688913,5453.222026964155
1493,LOAD,90927901,5498.86222491818
1494,LOAD,92614161,5398.74242341838
1495,LOAD,97929259,5105.726369276418
1496,LOAD,89698531,5574.227296988844
1497,LOAD,89033330,5615.87441467145
1498,LOAD,91799030,5446.6806457541
1499,LOAD,89903868,5561.495974789427
1500,LOAD,92349661,5414.205039691483
1501,LOAD,95903883,5213.5532405919375
1502,LOAD,91975469,5436.232132722259
1503,LOAD,92929620,5380.415845884229
1504,LOAD,90194567,5543.571155455516
1505,LOAD,88242725,5666.189479076037
1506,LOAD,88597666,5643.489524882066
1507,LOAD,96627027,5174.535691758373
1508,LOAD,92142222,5426.393993407279
1509,LOAD,94543030,5288.597160467567
1510,LOAD,92997011,5376.5168861179845
1511,LOAD,96026712,5206.884517716278
1512,LOAD,94394933,5296.89448479189
1513,LOAD,84555744,5913.2588319487795
1514,LOAD,94555899,5287.877385629848
1515,LOAD,93531459,5345.7949372948415
1516,LOAD,84963560,5884.875822058304
1517,LOAD,88958060,5620.626169230758
1518,LOAD,89828407,5566.167949521803
1519,LOAD,91175954,5483.902038469485
1520,LOAD,94139400,5311.272432159117
1521,LOAD,83171707,6011.659710194477
1522,LOAD,98985211,5051.259627056814
1523,LOAD,84244527,5935.103653677111
1524,LOAD,90897391,5500.707935610605
1525,LOAD,87762411,5697.199909423636
1526,LOAD,99969392,5001.530868568251
1527,LOAD,83503237,5987.791826561166
1528,LOAD,92525074,5403.940557777884
1529,LOAD,84255352,5934.341120549825
1530,LOAD,89796004,5568.1765081662215
1531,LOAD,88722622,5635.541294079429
1532,LOAD,86858918,5756.461299690609
1533,LOAD,89163349,5607.685283333178
1534,LOAD,98475883,5077.385292396921
1535,LOAD,93165970,5366.76642769887
1536,LOAD,93515161,5346.726612597074
1537,LOAD,87114141,5739.596284373624
1538,LOAD,96763455,5167.240049458755
1539,LOAD,87851240,5691.439301255167
1540,LOAD,86696655,5767.235194944949
1541,LOAD,87689760,5701.9200417471775
1542,LOAD,88795089,5630.942044553838
1543,LOAD,89543871,5583.855091545015
1544,LOAD,90807761,5506.137300312911
1545,LOAD,87633993,5705.548530694019
1546,LOAD,86994348,5747.499826080655
1547,LOAD,92988715,5376.996552753741
1548,LOAD,88290272,5663.138063500359
1549,LOAD,87800865,5694.70471617791
1550,LOAD,93220905,5363.60379680931
1551,LOAD,95156910,5254.479154482843
1552,LOAD,88647674,5640.305914851189
1553,LOAD,86821527,5758.940406565298
1554,LOAD,88292867,5662.971619213588
1555,LOAD,94732527,5278.018182709303
1556,LOAD,83837176,5963.941342680722
1557,LOAD,86070248,5809.208310867189
1558,LOAD,94880638,5269.779067042108
1559,LOAD,88942890,5621.58481695389
1560,LOAD,82611245,6052.4447973154265
1561,LOAD,88883894,5625.316100574982
1562,LOAD,95482517,5236.56074127162
1563,LOAD,87638507,5705.254654783199
1564,LOAD,84086621,5946.249166083151
1565,LOAD,84791575,5896.812271738083
1566,LOAD,93682131,5337.197122469385
1567,LOAD,82708196,6045.350088399945
1568,LOAD,93002614,5376.192974532953
1569,LOAD,90893884,5500.9201719226785
1570,LOAD,92303224,5416.928882137421
1571,LOAD,92241697,5420.542078708721
1572,LOAD,89321863,5597.733670198975
1573,LOAD,82046974,6094.0699653347365
1574,LOAD,88106891,5674.925018066975
1575,LOAD,91085432,5489.35201844352
1576,LOAD,89473103,5588.271594872484
1577,LOAD,88889197,5624.980502411334
1578,LOAD,93253251,5361.743366995323
1579,LOAD,84354166,5927.389525728937
1580,LOAD,86008723,5813.363837526107
1581,LOAD,87814208,5693.839429719619
1582,LOAD,83356040,5998.365565350753
1583,LOAD,83304196,6002.098621778908
1584,LOAD,90902916,5500.373607376907
1585,LOAD,85899887,5820.729426570724
1586,LOAD,97754042,5114.878011898475
1587,LOAD,85123905,5873.790681947686
1588,LOAD,90484615,5525.801264668032
1589,LOAD,88140962,5672.731368645602
1590,LOAD,96100574,5202.882555103157
1591,LOAD,81171970,6159.7617995473065
1592,LOAD,90009876,5554.945992815277
1593,LOAD,88219738,5667.6658912770745
1594,LOAD,89817716,5566.830490323313
1595,LOAD,90496440,5525.079218585836
1596,LOAD,94866425,5270.568591574943
1597,LOAD,88490687,5650.312105724753
1598,LOAD,96712127,5169.982457318925
1599,LOAD,90605102,5518.4530336934
1600,LOAD,85978178,5815.429119700582
1601,LOAD,85506161,5847.53185211999
1602,LOAD,91167717,5484.397508824313
1603,LOAD,82190850,6083.402227863564
1604,LOAD,91258176,5478.961139876388
1605,LOAD,93868466,5326.602439630791
1606,LOAD,88777093,5632.083492528866
1607,LOAD,94430513,5294.898694450596
1608,LOAD,92188480,5423.671157177122
1609,LOAD,87972665,5683.583644987906
1610,LOAD,95930830,5212.088751864234
1611,LOAD,82986745,6025.0585801383095
1612,LOAD,105505895,4739.07168883786
1613,LOAD,89786347,5568.775395216825
1614,LOAD,89390600,5593.429286748271
1615,LOAD,91682230,5453.619529106131
1616,LOAD,87976328,5683.347002161763
1617,LOAD,90772671,5508.265808329029
1618,LOAD,92130605,5427.078222269353
1619,LOAD,91722452,5451.228015578999
1620,LOAD,93564741,5343.893379665317
1621,LOAD,92512058,5404.700866129256
1622,LOAD,85026467,5880.521885026694
1623,LOAD,97726903,5116.298426033209
1624,LOAD,90886658,5501.357525985827
1625,LOAD,94084909,5314.348552965067
1626,LOAD,85657203,5837.220718028815
1627,LOAD,95923619,5212.480567481509
1628,LOAD,93195837,5365.046509534541
1629,LOAD,91022545,5493.144583026106
1630,LOAD,88335066,5660.266331832479
1631,LOAD,92892665,5382.556308401746
1632,LOAD,97471806,5129.688476275898
1633,LOAD,89795257,5568.2228294084625
1634,LOAD,97326025,5137.372044116669
1635,LOAD,87506625,5713.853093980027
1636,LOAD,89136082,5609.4006914057545
1637,LOAD,87937585,5685.850936206629
1638,LOAD,93578453,5343.110341864703
1639,LOAD,91495906,5464.72538345049
1640,LOAD,91178681,5483.738024242751
1641,LOAD,87721577,5699.851930386522
1642,LOAD,89601588,5580.258242744538
1643,LOAD,89155558,5608.175319815731
1644,LOAD,94936708,5266.666714417778
1645,LOAD,90129538,5547.570875155268
1646,LOAD,89751542,5570.934926109681
1647,LOAD,89035449,5615.74075961587
1648,LOAD,94836605,5272.225845705886
1649,LOAD,92764556,5389.9896852845395
1650,LOAD,88708163,5636.4598599567435
1651,LOAD,87980517,5683.076402017506
1652,LOAD,99766905,5011.681980111541
1653,LOAD,90329868,5535.267692409337
1654,LOAD,90172896,5544.903426413187
1655,LOAD,88654490,5639.872272684666
1656,LOAD,97067580,5151.050433110622
1657,LOAD,81949687,6101.304572401845
1658,LOAD,95362863,5243.131175707256
1659,LOAD,94088974,5314.118952981675
1660,LOAD,88716830,5635.9092181269325
1661,LOAD,91001598,5494.409010268149
1662,LOAD,93391793,5353.789491973883
1663,LOAD,93411848,5352.640063388962
1664,LOAD,89596112,5580.5993010053835
1665,LOAD,95020918,5261.999257889721
1666,LOAD,94347924,5299.533670714366
1667,LOAD,88741381,5634.349999579114
1668,LOAD,94105263,5313.199114060178
1669,LOAD,97693448,5118.050496078304
1670,LOAD,96254607,5194.556557692869
1671,LOAD,87774200,5696.4347154403
1672,LOAD,98935184,5053.813818145827
1673,LOAD,89732664,5572.10694201612
1674,LOAD,92789726,5388.527604877289
1675,LOAD,92320870,5415.893502736705
1676,LOAD,83685003,5974.786187197723
1677,LOAD,90635023,5516.631247503517
1678,LOAD,90489362,5525.51138552618
1679,LOAD,91570566,5460.269842604227
1680,LOAD,85958921,5816.7319247760215
1681,LOAD,83847248,5963.2249349436015
1682,LOAD,90828754,5504.864681948626
1683,LOAD,84421571,5922.656900094882
1684,LOAD,94025939,5317.681538920872
1685,LOAD,92673190,5395.303647149731
1686,LOAD,93436250,5351.242157085714
1687,LOAD,88880725,5625.5166685465265
1688,LOAD,93072795,5372.1390874744875
1689,LOAD,93614319,5341.063261914024
1690,LOAD,87740030,5698.653168912753
1691,LOAD,88885593,5625.208575702476
1692,LOAD,88151988,5672.021826666008
1693,LOAD,92351699,5414.085560028517
1694,LOAD,88229083,5667.065586525477
1695,LOAD,94568970,5287.146513280202
1696,LOAD,86521782,5778.891609051696
1697,LOAD,92637530,5397.380521695689
1698,LOAD,95031710,5261.401694234482
1699,LOAD,93721272,5334.968138289886
1700,LOAD,93038066,5374.144385159511
1701,LOAD,95720372,5223.548441704761
1702,LOAD,91561743,5460.796000792602
1703,LOAD,95299343,5246.625887022117
1704,LOAD,92561256,5401.828168796672
1705,LOAD,99663669,5016.873300139091
1706,LOAD,89989657,5556.194085726986
1707,LOAD,88615754,5642.337591575421
1708,LOAD,90850455,5503.549762078792
1709,LOAD,96063541,5204.88829367637
1710,LOAD,94312533,5301.5223331982825
1711,LOAD,90963880,5496.6872565242375
1712,LOAD,91461894,5466.757554791069
1713,LOAD,92502650,5405.2505522814745
1714,LOAD,92874410,5383.614280833654
1715,LOAD,95925895,5212.356892786875
1716,LOAD,89606210,5579.970406068955
1717,LOAD,84931088,5887.125807219142
1718,LOAD,96722728,5169.415817138656
1719,LOAD,89853546,5564.610660997174
1720,LOAD,87996177,5682.065028802331
1721,LOAD,92338998,5414.8302540601535
1722,LOAD,94833481,5272.39952311779
1723,LOAD,90659556,5515.138415193651
1724,LOAD,90137291,5547.093710637476
1725,LOAD,92014549,5433.923280980272
1726,LOAD,88249613,5665.747225429759
1727,LOAD,90435963,5528.7739900552615
1728,LOAD,89749338,5571.07173314192
1729,LOAD,92266910,5419.060852910323
1730,LOAD,91720736,5451.330002410797
1731,LOAD,98549359,5073.599717680559
1732,LOAD,91614933,5457.625559798204
1733,LOAD,95079253,5258.7708067079575
1734,LOAD,85186163,5869.4978432119315
1735,LOAD,92121190,5427.632882293422
1736,LOAD,89349057,5596.029961457792
1737,LOAD,89553216,5583.27240866481
1738,LOAD,90428354,5529.239203004845
1739,LOAD,89394470,5593.187140099382
1740,LOAD,90749139,5509.694147070641
1741,LOAD,88533302,5647.592360217176
1742,LOAD,90319151,5535.924490698545
1743,LOAD,90233909,5541.154157468674
1744,LOAD,91500071,5464.4766341219565
1745,LOAD,91807285,5446.190898685219
1746,LOAD,93983957,5320.05691141521
1747,LOAD,95066353,5259.484394021089
1748,LOAD,83416639,5994.007982028621
1749,LOAD,93241711,5362.406959692106
1750,LOAD,83100382,6016.819513537254
1751,LOAD,94170809,5309.500951616546
1752,LOAD,89826611,5566.279239901414
1753,LOAD,85804147,5827.224178337208
1754,LOAD,89181889,5606.519503079824
1755,LOAD,91742573,5450.032451128223
1756,LOAD,81129669,6162.973498634637
1757,LOAD,92042845,5432.25277315146
1758,LOAD,88354621,5659.013578927581
1759,LOAD,90657276,5515.277119069848
1760,LOAD,86346606,5790.615557026063
1761,LOAD,84936639,5886.741056471518
1762,LOAD,88708588,5636.43285585833
1763,LOAD,85261468,5864.313760114944
1764,LOAD,93806482,5330.122069816029
1765,LOAD,91150713,5485.420613221095
1766,LOAD,89255113,5601.919970679999
1767,LOAD,82736099,6043.3112757709305
1768,LOAD,87305724,5727.0013590403305
1769,LOAD,91771309,5448.325903251527
1770,LOAD,87778092,5696.182140755577
1771,LOAD,90231394,5541.308604852098
1772,LOAD,91822263,5445.302518845566
1773,LOAD,93582555,5342.8761375450795
1774,LOAD,86519931,5779.01524216426
1775,LOAD,86357994,5789.851950474903
1776,LOAD,85172448,5870.44298644557
1777,LOAD,94505613,5290.691040753315
1778,LOAD,86089404,5807.915687277844
1779,LOAD,97852119,5109.751379017147
1780,LOAD,84815503,5895.14867346834
1781,LOAD,96492221,5181.764859573499
1782,LOAD,92122701,5427.543858055139
1783,LOAD,95334698,5244.680168809052
1784,LOAD,85210823,5867.799211374827
1785,LOAD,92000186,5434.771621005201
1786,LOAD,86252335,5796.944511705104
1787,LOAD,89415816,5591.851893405525
1788,LOAD,89695385,5574.4228089327
1789,LOAD,85919524,5819.399092574116
1790,LOAD,84816841,5895.055676501793
1791,LOAD,96802639,5165.14844187254
1792,LOAD,91189559,5483.083869283762
1793,LOAD,93462018,5349.7667897562405
1794,LOAD,98062346,5098.797044892237
1795,LOAD,90568608,5520.676656529821
1796,LOAD,91489647,5465.099236856822
1797,LOAD,95558340,5232.405669667347
1798,LOAD,92088889,5429.536672985598
1799,LOAD,97040949,5152.464038660628
1800,LOAD,84651030,5906.602672170676
1801,LOAD,90300102,5537.092305831504
1802,LOAD,85162039,5871.1605061499295
1803,LOAD,86193269,5800.917006640043
1804,LOAD,91363815,5472.626115711128
1805,LOAD,92731857,5391.890297203904
1806,LOAD,94892645,5269.112268922422
1807,LOAD,92002836,5434.615080778597
1808,LOAD,85817482,5826.3186980946375
1809,LOAD,90906361,5500.165164459723
1810,LOAD,90291742,5537.604978315736
1811,LOAD,94001745,5319.050194227777
1812,LOAD,85684432,5835.365752322428
1813,LOAD,93868139,5326.620995437014
1814,LOAD,81818666,6111.07494712759
1815,LOAD,92258942,5419.528873418037
1816,LOAD,91602302,5458.3781093186935
1817,LOAD,94924614,5267.337721278487
1818,LOAD,90423211,5529.553689483555
1819,LOAD,93884732,5325.679579082145
1820,LOAD,86388071,5787.836146960614
1821,LOAD,85857072,5823.632094045788
1822,LOAD,90333074,5535.071240905629
1823,LOAD,89231563,5603.398429768624
1824,LOAD,90642646,5516.167301647394
1825,LOAD,93716450,5335.24263883235
1826,LOAD,96972452,5156.10350865419
1827,LOAD,87375526,5722.426208913466
1828,LOAD,89442526,5590.182012525004
1829,LOAD,89815661,5566.95786050052
1830,LOAD,84650609,5906.632047974988
1831,LOAD,94322678,5300.952120973495
1832,LOAD,93169159,5366.582733670484
1833,LOAD,101178777,4941.747813377898
1834,LOAD,88276458,5664.024263411203
1835,LOAD,91241125,5479.985039640842
1836,LOAD,92200869,5422.942380293617
1837,LOAD,93479492,5348.766764800134
1838,LOAD,87476812,5715.8004340624575
1839,LOAD,91066512,5490.492487512863
1840,LOAD,90181716,5544.361120828528
1841,LOAD,89838862,5565.520186575827
1842,LOAD,90049021,5552.5312151922235
1843,LOAD,95399934,5241.093772664454
1844,LOAD,89343938,5596.350588441714
1845,LOAD,90849751,5503.592409405723
1846,LOAD,87762224,5697.2120487739685
1847,LOAD,94148268,5310.772153556771
1848,LOAD,89522354,5585.197189966653
1849,LOAD,86081073,5808.477782334336
1850,LOAD,90477366,5526.24398902152
1851,LOAD,91989437,5435.406676094778
1852,LOAD,91845371,5443.932498242072
1853,LOAD,91908061,5440.2192208145925
1854,LOAD,90988615,5495.192997497544
1855,LOAD,89610839,5579.6821632258125
1856,LOAD,91498645,5464.561797609134
1857,LOAD,89455099,5589.396307079152
1858,LOAD,90567703,5520.731822027108
1859,LOAD,87838090,5692.291351052829
1860,LOAD,87828540,5692.9103000004325
1861,LOAD,89272838,5600.80771712444
1862,LOAD,96732284,5168.905140294216
1863,LOAD,91731746,5450.675712637149
1864,LOAD,80240821,6231.242324900938
1865,LOAD,92526395,5403.8634056800765
1866,LOAD,94113399,5312.739793831057
1867,LOAD,88418958,5654.895865205741
1868,LOAD,86397620,5787.1964528652525
1869,LOAD,96100388,5202.892625157767
1870,LOAD,90555753,5521.460353822026
1871,LOAD,84270826,5933.251443388012
1872,LOAD,94691991,5280.277610806599
1873,LOAD,90968772,5496.391662844476
1874,LOAD,86088069,5808.005752806466
1875,LOAD,91211490,5481.765510025108
1876,LOAD,89731460,5572.181707508158
1877,LOAD,90669371,5514.541398991287
1878,LOAD,89205448,5605.03883126062
1879,LOAD,91401572,5470.365433102179
1880,LOAD,88263190,5664.875697332036
1881,LOAD,87153888,5736.978710576859
1882,LOAD,90360886,5533.367612176799
1883,LOAD,92207720,5422.539457650618
1884,LOAD,86536171,5777.930710615796
1885,LOAD,98398602,5081.373005685589
1886,LOAD,86608276,5773.120342448567
1887,LOAD,88295946,5662.774143673595
1888,LOAD,91092219,5488.9430237724255
1889,LOAD,87541617,5711.5691614423795
1890,LOAD,88273129,5664.23786790202
1891,LOAD,90251259,5540.088919978391
1892,LOAD,90334128,5535.006658834411
1893,LOAD,88687746,5637.757441710155
1894,LOAD,84879170,5890.726782554541
1895,LOAD,89421452,5591.49945362104
1896,LOAD,94471532,5292.599679657995
1897,LOAD,96647349,5173.447644176976
1898,LOAD,85666636,5836.57796484503
1899,LOAD,95664774,5226.584238833826
1900,LOAD,86481362,5781.5925702002705
1901,LOAD,93854256,5327.4089136671655
1902,LOAD,87612924,5706.920590847989
1903,LOAD,93231003,5363.0228562487955
1904,LOAD,88544185,5646.8982124574295
1905,LOAD,89705984,5573.764176088855
1906,LOAD,88947747,5621.277849791968
1907,LOAD,86407824,5786.513036134321
1908,LOAD,91769360,5448.44161493553
1909,LOAD,88068998,5677.366739201461
1910,LOAD,86908885,5753.151705950433
1911,LOAD,95085616,5258.418896923379
1912,LOAD,91437791,5468.198591980421
1913,LOAD,91961142,5437.079065416565
1914,LOAD,86158109,5803.284285173901
1915,LOAD,90499986,5524.862733127937
1916,LOAD,88093698,5675.774900492882
1917,LOAD,91512478,5463.735776010786
1918,LOAD,90728522,5510.946160899656
1919,LOAD,94200119,5307.848921082573
1920,LOAD,86297377,5793.918858043623
1921,LOAD,89609152,5579.787207449524
1922,LOAD,88601212,5643.263660998226
1923,LOAD,90311127,5536.416348785017
1924,LOAD,87907189,5687.816954310756
1925,LOAD,87534736,5712.018141004047
1926,LOAD,94275200,5303.621737211907
1927,LOAD,87829327,5692.859288333156
1928,LOAD,90509219,5524.299132445281
1929,LOAD,89024613,5616.424302793655
1930,LOAD,91093975,5488.837214535868
1931,LOAD,87557663,5710.522447361346
1932,LOAD,96608697,5175.517479549486
1933,LOAD,93415327,5352.440718855483
1934,LOAD,92114527,5428.025483971708
1935,LOAD,90221555,5541.912905402705
1936,LOAD,88878971,5625.627686441149
1937,LOAD,89485143,5587.519707042318
1938,LOAD,89985151,5556.472311748413
1939,LOAD,92078671,5430.13919043206
1940,LOAD,88302746,5662.338065907939
1941,LOAD,96767967,5166.999116556824
1942,LOAD,90235624,5541.048843414658
1943,LOAD,95812529,5218.524186956802
1944,LOAD,85162515,5871.127690392892
1945,LOAD,89689582,5574.783479312012
1946,LOAD,95117753,5256.642258990285
1947,LOAD,86346490,5790.623336281533
1948,LOAD,89490249,5587.200902748634
1949,LOAD,86148349,5803.941756330119
1950,LOAD,92299298,5417.159294104274
1951,LOAD,85899912,5820.727732526664
1952,LOAD,95396659,5241.273701210018
1953,LOAD,94962389,5265.242431927445
1954,LOAD,90939488,5498.161590705239
1955,LOAD,93778820,5331.694299416436
1956,LOAD,97148013,5146.7856578806195
1957,LOAD,85358492,5857.648000623067
1958,LOAD,90996058,5494.743519548946
1959,LOAD,87566131,5709.970216681151
1960,LOAD,96834694,5163.438632851982
1961,LOAD,85876206,5822.334535831729
1962,LOAD,89595680,5580.626208763637
1963,LOAD,86759135,5763.081893336073
1964,LOAD,91898098,5440.809014349785
1965,LOAD,92901849,5382.024204921906
1966,LOAD,93171953,5366.421802921744
1967,LOAD,95024501,5261.800848604298
1968,LOAD,86636730,5771.224283280313
1969,LOAD,92959993,5378.657892110642
1970,LOAD,85905462,5820.35167915167
1971,LOAD,88142134,5672.65594000708
1972,LOAD,88157594,5671.6611390279095
1973,LOAD,90058626,5551.939022476314
1974,LOAD,86397511,5787.203754052591
1975,LOAD,88476139,5651.241178144087
1976,LOAD,90318132,5535.986948888623
1977,LOAD,97958930,5104.179884365825
1978,LOAD,89097805,5611.8105266454095
1979,LOAD,90268381,5539.038082448826
1980,LOAD,92008197,5434.29842451972
1981,LOAD,94747728,5277.17139560328
1982,LOAD,93032614,5374.459326704504
1983,LOAD,84968629,5884.524746186031
1984,LOAD,82910253,6030.617226557009
1985,LOAD,87372191,5722.644634149096
1986,LOAD,92582701,5400.576939313965
1987,LOAD,87134243,5738.272150938409
1988,LOAD,99763098,5011.873227914394
1989,LOAD,92297586,5417.259775353171
1990,LOAD,86660940,5769.6120074395685
1991,LOAD,92185013,5423.875136840302
1992,LOAD,91001101,5494.439017831224
1993,LOAD,92955201,5378.935171147658
1994,LOAD,94836125,5272.252530351699
1995,LOAD,87841440,5692.074264720615
1996,LOAD,92660635,5396.034680746576
1997,LOAD,97623453,5121.720085029157
1998,LOAD,86856192,5756.641967448907
1999,LOAD,94984672,5264.007228450502
2000,LOAD,87626663,5706.025801758536
2001,LOAD,88626350,5641.6630042871
2002,LOAD,87804107,5694.494450014735
2003,LOAD,91558503,5460.989243129063
2004,LOAD,89496177,5586.830820717627
2005,LOAD,90677067,5514.073365429872
2006,LOAD,97451993,5130.7313950983025
2007,LOAD,97603486,5122.767848681142
2008,LOAD,90069129,5551.291608471089
2009,LOAD,92523038,5404.059473274106
2010,LOAD,95361242,5243.220301178543
2011,LOAD,87642861,5704.971224068096
2012,LOAD,93661080,5338.396695831396
2013,LOAD,95313099,5245.86867120961
2014,LOAD,87533865,5712.07497806706
2015,LOAD,90499643,5524.883672745537
2016,LOAD,90584230,5519.724570159729
2017,LOAD,92344402,5414.513377865612
2018,LOAD,89458451,5589.186872909302
2019,LOAD,91001261,5494.42935741297
2020,LOAD,88622261,5641.923308636868
2021,LOAD,95562850,5232.158731138722
2022,LOAD,85540315,5845.197086309538
2023,LOAD,93545049,5345.018313048294
2024,LOAD,88013842,5680.924598201269
2025,LOAD,91937802,5438.4593619064335
2026,LOAD,88359504,5658.700845581931
2027,LOAD,89358380,5595.446112608576
2028,LOAD,87492486,5714.776466632803
2029,LOAD,91280237,5477.6369609995645
2030,LOAD,86748742,5763.772343811049
2031,LOAD,88877537,5625.718453471545
2032,LOAD,90618531,5517.63523952954
2033,LOAD,87690562,5701.867893149094
2034,LOAD,85452310,5851.216895131331
2035,LOAD,94936951,5266.653233892039
2036,LOAD,89735723,5571.9169945284775
2037,LOAD,87022364,5745.649474656882
2038,LOAD,88258970,5665.146556774909
2039,LOAD,89093085,5612.1078308153765
2040,LOAD,90804761,5506.319211610501
2041,LOAD,93270670,5360.742021044773
2042,LOAD,85120140,5874.050489108688
2043,LOAD,94041970,5316.775052670631
2044,LOAD,85620211,5839.742674775703
2045,LOAD,94160196,5310.099396989361
2046,LOAD,97653079,5120.166257123342
2047,LOAD,93449558,5350.48009536867
2048,LOAD,93536968,5345.480088685364
2049,LOAD,88745552,5634.08518772862
2050,LOAD,89672835,5575.824607307219
2051,LOAD,88702060,5636.847667348425
2052,LOAD,85939898,5818.019472166467
2053,LOAD,92534960,5403.363226179597
2054,LOAD,84699527,5903.220687407145
2055,LOAD,91859267,5443.108967982512
2056,LOAD,91536930,5462.276263798666
2057,LOAD,94967027,5264.98528799896
2058,LOAD,91973169,5436.368078172885
2059,LOAD,88763022,5632.976308535327
2060,LOAD,91695305,5452.841887597189
2061,LOAD,97863334,5109.165808718513
2062,LOAD,96488098,5181.986279800022
2063,LOAD,92543988,5402.836108597352
2064,LOAD,101243218,4938.602405940909
2065,LOAD,91264115,5478.604597217647
2066,LOAD,93577786,5343.148426272876
2067,LOAD,89617301,5579.279831245978
2068,LOAD,94813373,5273.51769248838
2069,LOAD,93901342,5324.737531440179
2070,LOAD,90300267,5537.0821882508935
2071,LOAD,90020693,5554.278503499189
2072,LOAD,86201368,5800.371984815833
2073,LOAD,87300986,5727.312174916329
2074,LOAD,89344981,5596.285257478537
2075,LOAD,97726189,5116.335806361997
2076,LOAD,84854802,5892.418439677697
2077,LOAD,89092428,5612.149216541725
2078,LOAD,84891003,5889.905671158108
2079,LOAD,86785003,5761.36409190422
2080,LOAD,90367559,5532.959012426129
2081,LOAD,87554411,5710.73455111245
2082,LOAD,90996417,5494.721841630314
2083,LOAD,96579395,5177.087721454457
2084,LOAD,84919413,5887.935188624066
2085,LOAD,93189798,5365.394181882441
2086,LOAD,87571358,5709.629397319612
2087,LOAD,85939346,5818.056842089536
2088,LOAD,86984348,5748.160577119001
2089,LOAD,89879520,5563.0025616514195
2090,LOAD,90312691,5536.320471283488
2091,LOAD,92960859,5378.607785885455
2092,LOAD,97261728,5140.768216661748
2093,LOAD,87390748,5721.429458413607
2094,LOAD,89919930,5560.502549323604
2095,LOAD,100678425,4966.307329499841
2096,LOAD,100992160,4950.879355387587
2097,LOAD,99433936,5028.46432630405
2098,LOAD,91088590,5489.161705104887
2099,LOAD,98161417,5093.651001390903
2100,LOAD,94515321,5290.147615326832
2101,LOAD,93853086,5327.475326703696
2102,LOAD,87535684,5711.956280595236
2103,LOAD,89826526,5566.284507095376
2104,LOAD,90366693,5533.012035750827
2105,LOAD,89809826,5567.319549199438
2106,LOAD,90987085,5495.285402318363
2107,LOAD,93966323,5321.055289138003
2108,LOAD,93104645,5370.30134210812
2109,LOAD,92504070,5405.167578031972
2110,LOAD,90502727,5524.695405034591
2111,LOAD,91225234,5480.939626858069
2112,LOAD,88928495,5622.494792023636
2113,LOAD,90616689,5517.74739860557
2114,LOAD,90849443,5503.611067819095
2115,LOAD,92113795,5428.068618820884
2116,LOAD,88238688,5666.448712383393
2117,LOAD,91122753,5487.103753329314
2118,LOAD,84914474,5888.2776568809695
2119,LOAD,92841764,5385.507324052998
2120,LOAD,92570501,5401.288689147313
2121,LOAD,87876077,5689.830691918575
2122,LOAD,84607148,5909.666166740427
2123,LOAD,94336103,5300.197740837355
2124,LOAD,90414174,5530.106374692977
2125,LOAD,87621746,5706.346002281215
2126,LOAD,90932693,5498.572444126339
2127,LOAD,90885000,5501.45788633988
2128,LOAD,85505707,5847.562900099756
2129,LOAD,89845888,5565.084959703443
2130,LOAD,88540694,5647.120859477338
2131,LOAD,91474844,5465.98363152169
2132,LOAD,88013282,5680.960744084058
2133,LOAD,93350972,5356.130624970889
2134,LOAD,85806304,5827.07769349907
2135,LOAD,89853063,5564.640573243452
2136,LOAD,86883148,5754.855935929026
2137,LOAD,92635360,5397.506956306966
2138,LOAD,83772510,5968.545051353959
2139,LOAD,93653115,5338.850715216467
2140,LOAD,93769690,5332.2134263214475
2141,LOAD,88218973,5667.715039031343
2142,LOAD,93863599,5326.878633750236
2143,LOAD,96243276,5195.1681279012155
2144,LOAD,88765530,5632.817153235045
2145,LOAD,92809951,5387.353345332549
2146,LOAD,95965520,5210.204665175575
2147,LOAD,97957221,5104.268933884925
2148,LOAD,90280442,5538.298095616325
2149,LOAD,96921521,5158.812974055577
2150,LOAD,102297607,4887.699865745638
2151,LOAD,91961472,5437.059554679595
2152,LOAD,91457545,5467.017510693076
2153,LOAD,95263926,5248.576465345339
2154,LOAD,95828391,5217.660390436901
2155,LOAD,88675336,5638.5464386624935
2156,LOAD,94637289,5283.329703157495
2157,LOAD,94073853,5314.973120108092
2158,LOAD,94423229,5295.307153708967
2159,LOAD,101660883,4918.312582431534
2160,LOAD,93889012,5325.436804042629
2161,LOAD,90085121,5550.306137680605
2162,LOAD,91236333,5480.272864539613
2163,LOAD,90308097,5536.6021055675665
2164,LOAD,91454576,5467.194993064098
2165,LOAD,92991763,5376.820310418247
2166,LOAD,95677358,5225.896810403146
2167,LOAD,94794426,5274.57173484019
2168,LOAD,97333353,5136.985263417361
2169,LOAD,92445846,5408.571846484048
2170,LOAD,90039270,5553.132538724492
2171,LOAD,105863811,4723.049314746472
2172,LOAD,93684780,5337.046209640456
2173,LOAD,89924855,5560.1980119956825
2174,LOAD,96005061,5208.058770985001
2175,LOAD,88980644,5619.1996092992995
2176,LOAD,90445963,5528.162710811095
2177,LOAD,88299491,5662.546797693319
2178,LOAD,93885743,5325.622229990767
2179,LOAD,88215206,5667.9570640009615
2180,LOAD,89267851,5601.120609478994
2181,LOAD,92927611,5380.532164977318
2182,LOAD,88440074,5653.545699204186
2183,LOAD,89027805,5616.222931700944
2184,LOAD,91248691,5479.530659787766
2185,LOAD,86870255,5755.710052882888
2186,LOAD,89787247,5568.719575509426
2187,LOAD,90989350,5495.148608051382
2188,LOAD,92533594,5403.442991742005
2189,LOAD,88028325,5679.989935057835
2190,LOAD,90013077,5554.748450605683
2191,LOAD,88539420,5647.202116300287
2192,LOAD,90479673,5526.103083949032
2193,LOAD,93768132,5332.30202346358
2194,LOAD,93109465,5370.023337584423
2195,LOAD,91079647,5489.700679230783
2196,LOAD,87216218,5732.878717579797
2197,LOAD,90565184,5520.885376879486
2198,LOAD,90079394,5550.65901087212
2199,LOAD,92887483,5382.85659005315
2200,LOAD,94225604,5306.413318401228
2201,LOAD,89545205,5583.771906044551
2202,LOAD,86541226,5777.593213204536
2203,LOAD,90030741,5553.658610896027
2204,LOAD,89334830,5596.921156059736
2205,LOAD,91798993,5446.682841063409
2206,LOAD,88964749,5620.203570742385
2207,LOAD,87492607,5714.768563245578
2208,LOAD,88694947,5637.299721256951
2209,LOAD,86782384,5761.537963741581
2210,LOAD,90226998,5541.578586045831
2211,LOAD,89625539,5578.7670074709395
2212,LOAD,96288408,5192.733065022739
2213,LOAD,93886878,5325.557848456735
2214,LOAD,88998363,5618.080862903063
2215,LOAD,85571473,5843.068752597024
2216,LOAD,87855694,5691.150763660236
2217,LOAD,86869821,5755.738808302598
2218,LOAD,86814395,5759.413516617838
2219,LOAD,89721925,5572.773878848453
2220,LOAD,89941594,5559.163205401941
2221,LOAD,90636387,5516.54822692789
2222,LOAD,89632720,5578.320059906695
2223,LOAD,92398956,5411.316552104766
2224,LOAD,88940630,5621.727662599196
2225,LOAD,88500284,5649.699384015536
2226,LOAD,89407881,5592.348173423325
2227,LOAD,93986257,5319.926720775783
2228,LOAD,101148235,4943.239988320112
2229,LOAD,93724876,5334.762992911295
2230,LOAD,97127557,5147.869620565047
2231,LOAD,88032998,5679.688427741607
2232,LOAD,87701196,5701.176526714641
2233,LOAD,89224792,5603.823654752819
2234,LOAD,92959266,5378.699956602497
2235,LOAD,86661821,5769.553353835018
2236,LOAD,90967721,5496.455165673547
2237,LOAD,95027963,5261.609153928723
2238,LOAD,91287977,5477.172530617038
2239,LOAD,85824292,5825.856390402848
2240,LOAD,88341923,5659.826988371082
2241,LOAD,88291522,5663.057886803674
2242,LOAD,87322326,5725.912523218862
2243,LOAD,90414865,5530.0641105862405
2244,LOAD,88685084,5637.92666645047
2245,LOAD,88612034,5642.574461161788
2246,LOAD,87408493,5720.267937807828
2247,LOAD,86716482,5765.91656474256
2248,LOAD,87136608,5738.116406826394
2249,LOAD,86470746,5782.302375418387
2250,LOAD,91168717,5484.337352252089
2251,LOAD,89754463,5570.753623694456
2252,LOAD,86483955,5781.419223947379
2253,LOAD,89905870,5561.372132876307
2254,LOAD,89925889,5560.13407885242
2255,LOAD,91658380,5455.038590033994
2256,LOAD,86764114,5762.751176137176
2257,LOAD,88046369,5678.8258922977275
2258,LOAD,87357934,5723.5785818835875
2259,LOAD,90530396,5523.006880473604
2260,LOAD,86527452,5778.512927897149
2261,LOAD,96615370,5175.160018535354
2262,LOAD,88989625,5618.632509126766
2263,LOAD,92765392,5389.941110797009
2264,LOAD,93001853,5376.236965945184
2265,LOAD,88199321,5668.9778824941295
2266,LOAD,86009910,5813.283608830657
2267,LOAD,94663729,5281.854045703186
2268,LOAD,85702534,5834.13321244387
2269,LOAD,91258446,5478.944929656155
2270,LOAD,87487264,5715.117574141992
2271,LOAD,93421795,5352.070145943995
2272,LOAD,85588409,5841.912542152758
2273,LOAD,92042709,5432.260799712012
2274,LOAD,85754260,5830.614129257252
2275,LOAD,91321339,5475.171580653236
2276,LOAD,87926480,5686.569051780532
2277,LOAD,89939689,5559.280953261913
2278,LOAD,83536401,5985.4146697078795
2279,LOAD,92780300,5389.075051492612
2280,LOAD,92520320,5404.218230114207
2281,LOAD,88520825,5648.388387704249
2282,LOAD,90718930,5511.528850704037
2283,LOAD,94208990,5307.349118168022
2284,LOAD,86204617,5800.153372295593
2285,LOAD,92784849,5388.810839148965
2286,LOAD,86022299,5812.446375096299
2287,LOAD,87624861,5706.143145836203
2288,LOAD,86887572,5754.562919539287
2289,LOAD,86311485,5792.971815975591
2290,LOAD,89433161,5590.767388843608
2291,LOAD,89822640,5566.525321455704
2292,LOAD,90203371,5543.030093631423
2293,LOAD,92829411,5386.22398455162
2294,LOAD,90668799,5514.576188441627
2295,LOAD,85711028,5833.555047315498
2296,LOAD,88767108,5632.717019461758
2297,LOAD,94810132,5273.697962998301
2298,LOAD,90356784,5533.618814941444
2299,LOAD,89801767,5567.8191721995845
2300,LOAD,88518149,5648.5591446337185
2301,LOAD,94785070,5275.092374780121
2302,LOAD,88269066,5664.498591159897
2303,LOAD,93620050,5340.7363059515565
2304,LOAD,89866965,5563.779749321678
2305,LOAD,82794303,6039.06285677651
2306,LOAD,87542020,5711.54286821346
2307,LOAD,91313904,5475.61738243061
2308,LOAD,90242223,5540.643651918903
2309,LOAD,86023891,5812.338807134404
2310,LOAD,90069834,5551.248157068881
2311,LOAD,90254021,5539.9193793260465
2312,LOAD,93562052,5344.046964681792
2313,LOAD,88548378,5646.630816885206
2314,LOAD,92644388,5396.980980650442
2315,LOAD,88963287,5620.295931736425
2316,LOAD,89768902,5569.857588321622
2317,LOAD,96285384,5192.8961512995575
2318,LOAD,89419541,5591.618950493159
2319,LOAD,91361580,5472.759993861752
2320,LOAD,89035081,5615.763970608394
2321,LOAD,90607470,5518.308810520811
2322,LOAD,86944960,5750.764621664096
2323,LOAD,93842576,5328.071983019733
2324,LOAD,88411329,5655.383825301393
2325,LOAD,90175983,5544.713607391449
2326,LOAD,87819141,5693.519593866216
2327,LOAD,90793605,5506.995784559937
2328,LOAD,88507421,5649.243807476889
2329,LOAD,92229775,5421.242760269121
2330,LOAD,88477940,5651.126145115946
2331,LOAD,93454388,5350.203566685386
2332,LOAD,91080539,5489.646915681955
2333,LOAD,90010517,5554.906433878165
2334,LOAD,91415176,5469.551357643287
2335,LOAD,92899270,5382.1736166495175
2336,LOAD,89146333,5608.7556624454755
2337,LOAD,98869391,5057.176897145043
2338,LOAD,93026106,5374.835317733282
2339,LOAD,92115389,5427.974689440871
2340,LOAD,90109579,5548.799645373995
2341,LOAD,89308704,5598.558456295593
2342,LOAD,102829909,4862.39854593278
2343,LOAD,94544834,5288.496249303267
2344,LOAD,92955472,5378.919489537959
2345,LOAD,92020688,5433.560766248564
2346,LOAD,90045370,5552.756349382539
2347,LOAD,92192982,5423.406306566806
2348,LOAD,90496387,5525.08245439677
2349,LOAD,88134244,5673.163770486305
2350,LOAD,86863057,5756.187005944311
2351,LOAD,93681171,5337.251815522247
2352,LOAD,93047432,5373.603432709459
2353,LOAD,97627914,5121.486053671084
2354,LOAD,90364785,5533.128862089364
2355,LOAD,98194271,5091.94675929719
2356,LOAD,99615485,5019.299961245985
2357,LOAD,97919926,5106.213009188753
2358,LOAD,93576139,5343.242469108498
2359,LOAD,85957255,5816.844663082831
2360,LOAD,92844249,5385.363179576152
2361,LOAD,86161183,5803.077239549973
2362,LOAD,95431883,5239.339142034953
2363,LOAD,88221678,5667.541258963584
2364,LOAD,97622809,5121.753872089462
2365,LOAD,87914008,5687.375782025544
2366,LOAD,89649654,5577.266366248329
2367,LOAD,97386806,5134.165710291392
2368,LOAD,94622813,5284.137980552322
2369,LOAD,93589519,5342.478573909542
2370,LOAD,91930794,5438.873942500703
2371,LOAD,98420774,5080.228285951094
2372,LOAD,96900014,5159.957974825474
2373,LOAD,91186687,5483.256563537614
2374,LOAD,99687083,5015.694962204882
2375,LOAD,94826396,5272.793452995936
2376,LOAD,95361003,5243.23344208114
2377,LOAD,94906199,5268.359762253254
2378,LOAD,91293289,5476.853835335038
2379,LOAD,94753953,5276.82470408385
2380,LOAD,96995411,5154.883049054764
2381,LOAD,94556052,5287.868829379636
2382,LOAD,97358520,5135.6573620880845
2383,LOAD,89689055,5574.816235938711
2384,LOAD,90829280,5504.832802814246
2385,LOAD,94540462,5288.74081448851
2386,LOAD,95001376,5263.081663154016
2387,LOAD,91583169,5459.518440555382
2388,LOAD,90846423,5503.794023898993
2389,LOAD,90984519,5495.440383654718
2390,LOAD,92309825,5416.541521988585
2391,LOAD,93051824,5373.349801289226
2392,LOAD,96739901,5168.498156722323
2393,LOAD,90884696,5501.476288153069
2394,LOAD,87546733,5711.235392416072
2395,LOAD,93204326,5364.5578639772575
2396,LOAD,94659161,5282.108933967838
2397,LOAD,95252051,5249.23080133991
2398,LOAD,98406345,5080.9731831824465
2399,LOAD,91983754,5435.7424899183825
2400,LOAD,90883988,5501.519145484681
2401,LOAD,94029027,5317.506901352919
2402,LOAD,90379174,5532.247949068444
2403,LOAD,88080097,5676.6513324798
2404,LOAD,87844252,5691.892054587704
2405,LOAD,91310249,5475.836562443281
2406,LOAD,86853507,5756.819928986863
2407,LOAD,92526634,5403.849447284551
2408,LOAD,93821554,5329.2658102849155
2409,LOAD,94855640,5271.167850430402
2410,LOAD,92069210,5430.6971896467885
2411,LOAD,93410044,5352.74343731173
2412,LOAD,95843881,5216.817127845647
2413,LOAD,97117798,5148.386910502234
2414,LOAD,90973622,5496.098638350356
2415,LOAD,94160038,5310.108307305483
2416,LOAD,88647692,5640.304769581593
2417,LOAD,90487881,5525.601820646016
2418,LOAD,94098887,5313.559128494262
2419,LOAD,96176910,5198.753006308894
2420,LOAD,92955598,5378.912198488572
2421,LOAD,92189494,5423.611501761795
2422,LOAD,92347059,5414.357592048492
2423,LOAD,93552202,5344.609633026062
2424,LOAD,93982705,5320.127783085196
2425,LOAD,87795725,5695.0381126188095
2426,LOAD,95001175,5263.09279858907
2427,LOAD,91589251,5459.155900292274
2428,LOAD,100653190,4967.552444189797
2429,LOAD,94830042,5272.590726048608
2430,LOAD,90915070,5499.638288789746
2431,LOAD,96052125,5205.506905755598
2432,LOAD,89853653,5564.604034518218
2433,LOAD,91312107,5475.725141245509
2434,LOAD,91026608,5492.899394867048
2435,LOAD,92320335,5415.924888054186
2436,LOAD,85987873,5814.773439040642
2437,LOAD,86856176,5756.643027894757
2438,LOAD,85586227,5842.061480289346
2439,LOAD,88947941,5621.265589498019
2440,LOAD,85127133,5873.567949245982
2441,LOAD,89740399,5571.626665043021
2442,LOAD,93381937,5354.354557884144
2443,LOAD,93254954,5361.645452101128
2444,LOAD,88703282,5636.77001263606
2445,LOAD,95749760,5221.94520383132
2446,LOAD,95375885,5242.415312843493
2447,LOAD,88552721,5646.353882225708
2448,LOAD,92049123,5431.882278769783
2449,LOAD,92081233,5429.988106262652
2450,LOAD,93481245,5348.666462454581
2451,LOAD,89947446,5558.801525059423
2452,LOAD,88014653,5680.872252032852
2453,LOAD,90384537,5531.919691086098
2454,LOAD,89032024,5615.956793254526
2455,LOAD,91241457,5479.96509963667
2456,LOAD,89602801,5580.182699868947
2457,LOAD,91448161,5467.578511502271
2458,LOAD,89673680,5575.772066006436
2459,LOAD,93229388,5363.1157591638375
2460,LOAD,86386556,5787.937650853913
2461,LOAD,91877834,5442.009005131749
2462,LOAD,88294992,5662.835328191661
2463,LOAD,90538184,5522.531797191779
2464,LOAD,86705946,5766.617205237574
2465,LOAD,98909082,5055.147514158508
2466,LOAD,95109769,5257.083528401799
2467,LOAD,88352458,5659.152120023644
2468,LOAD,88882483,5625.405401872043
2469,LOAD,92939316,5379.85452787279
2470,LOAD,89027977,5616.212081287661
2471,LOAD,96384080,5187.578695568812
2472,LOAD,91276220,5477.878027814912
2473,LOAD,95829674,5217.590534639615
2474,LOAD,91981060,5435.901695414252
2475,LOAD,100824774,4959.098643751981
2476,LOAD,91277686,5477.790048270944
2477,LOAD,93833555,5328.5842148898655
2478,LOAD,95602071,5230.0122243167725
2479,LOAD,88025091,5680.198615188026
2480,LOAD,87868851,5690.298601947123
2481,LOAD,97466966,5129.94320557798
2482,LOAD,94637709,5283.3062558604415
2483,LOAD,88066350,5677.53744761762
2484,LOAD,90947579,5497.672455910014
2485,LOAD,94798711,5274.333318730462
2486,LOAD,93827038,5328.95432551116
2487,LOAD,90227849,5541.526319662125
2488,LOAD,88925229,5622.701292115875
2489,LOAD,90936516,5498.341282395292
2490,LOAD,88284470,5663.510241382204
2491,LOAD,88977852,5619.375931889207
2492,LOAD,91023492,5493.087432857443
2493,LOAD,96575253,5177.309760710645
2494,LOAD,93930800,5323.06761999259
2495,LOAD,98031061,5100.424242067522
2496,LOAD,88313578,5661.643558366529
2497,LOAD,90835304,5504.467734263321
2498,LOAD,91857784,5443.196844374125
2499,LOAD,94530104,5289.320320646215
2500,LOAD,90195606,5543.507296796698
2501,LOAD,94699372,5279.866058668266
2502,LOAD,97844069,5110.17177750447
2503,LOAD,91438950,5468.129281886986
2504,LOAD,89628197,5578.601564416163
2505,LOAD,92525042,5403.942426743238
2506,LOAD,93415300,5352.442265881499
2507,LOAD,90675587,5514.16336571386
2508,LOAD,92977230,5377.660745539527
2509,LOAD,92729041,5392.054038389117
2510,LOAD,91831401,5444.760665254361
2511,LOAD,91487629,5465.219783977569
2512,LOAD,92193289,5423.388246838661
2513,LOAD,91366345,5472.474574746314
2514,LOAD,91081573,5489.584594679761
2515,LOAD,91751875,5449.479915260587
2516,LOAD,90884377,5501.495598082825
2517,LOAD,86994841,5747.467254983546
2518,LOAD,96346999,5189.575235239034
2519,LOAD,96179373,5198.6198745546
2520,LOAD,86980526,5748.413156296617
2521,LOAD,91617116,5457.4955186321295
2522,LOAD,97587290,5123.618044931876
2523,LOAD,90076178,5550.857186680368
2524,LOAD,106748556,4683.904108267281
2525,LOAD,91879477,5441.911690463801
2526,LOAD,94936179,5266.696061150724
2527,LOAD,97637835,5120.965658445827
2528,LOAD,98759291,5062.814798862823
2529,LOAD,89589386,5581.018269284712
2530,LOAD,95079841,5258.738285016694
2531,LOAD,90671609,5514.405286444183
2532,LOAD,93429605,5351.622753836967
2533,LOAD,92241717,5420.540903417919
2534,LOAD,95602786,5229.973109779458
2535,LOAD,96455411,5183.742361535321
2536,LOAD,100108395,4994.586118376985
2537,LOAD,89150191,5608.512941940865
2538,LOAD,94384528,5297.478417225331
2539,LOAD,98055424,5099.1569828916345
2540,LOAD,95042451,5260.807089244783
2541,LOAD,88357133,5658.8526927418525
2542,LOAD,94052701,5316.168431994313
2543,LOAD,96448837,5184.095687955263
2544,LOAD,93318418,5357.999103671046
2545,LOAD,86151853,5803.7056962663355
2546,LOAD,93843744,5328.005668657039
2547,LOAD,92461708,5407.643994636136
2548,LOAD,94558356,5287.739985665571
2549,LOAD,95172194,5253.635321257803
2550,LOAD,90963844,5496.689431902197
2551,LOAD,87713965,5700.346575371436
2552,LOAD,92765240,5389.949942456895
2553,LOAD,97136733,5147.383328199848
2554,LOAD,90528055,5523.149702045405
2555,LOAD,89626949,5578.679243003129
2556,LOAD,92571116,5401.25280546472
2557,LOAD,90028529,5553.795064229029
2558,LOAD,94847633,5271.612840354172
2559,LOAD,87850716,5691.473248778075
2560,LOAD,96472059,5182.847812961057
2561,LOAD,92624488,5398.140500382577
2562,LOAD,91362269,5472.718721554518
2563,LOAD,89110874,5610.987498562746
2564,LOAD,92880717,5383.248710278583
2565,LOAD,84926521,5887.442392700862
2566,LOAD,98460239,5078.192020232655
2567,LOAD,89538247,5584.205819888343
2568,LOAD,95334586,5244.686330310386
2569,LOAD,91187490,5483.208277802141
2570,LOAD,97711374,5117.111545274146
2571,LOAD,92451274,5408.254298366943
2572,LOAD,93802315,5330.358850951599
2573,LOAD,104980260,4762.800168336409
2574,LOAD,95351744,5243.742579055503
2575,LOAD,97055998,5151.665124292473
2576,LOAD,96440359,5184.551417939039
2577,LOAD,90693526,5513.072675110238
2578,LOAD,90919503,5499.370140639682
2579,LOAD,89663648,5576.3959101909395
2580,LOAD,92710332,5393.142158093016
2581,LOAD,90227952,5541.519993715473
2582,LOAD,93510279,5347.0057553779725
2583,LOAD,88893746,5624.692652731723
2584,LOAD,89711356,5573.430413870904
2585,LOAD,94034234,5317.212452647831
2586,LOAD,93599978,5341.8815974508025
2587,LOAD,97264043,5140.6458602589655
2588,LOAD,95154125,5254.632944183975
2589,LOAD,90125502,5547.819306460007
2590,LOAD,89839325,5565.491503859807
2591,LOAD,90999340,5494.545345054151
2592,LOAD,88582663,5644.445347053971
2593,LOAD,94218714,5306.801364323441
2594,LOAD,91360026,5472.853083470007
2595,LOAD,93092376,5371.009114645435
2596,LOAD,94713319,5279.088572537511
2597,LOAD,94066787,5315.372364105516
2598,LOAD,90656333,5515.33448854588
2599,LOAD,94865305,5270.630817030526
2600,LOAD,95181289,5253.133312787979
2601,LOAD,92602367,5399.430016729486
2602,LOAD,95135622,5255.654921770522
2603,LOAD,97296409,5138.935805945315
2604,LOAD,89885586,5562.62713801521
2605,LOAD,90833614,5504.570147346554
2606,LOAD,93386005,5354.121316143677
2607,LOAD,94376845,5297.909672653287
2608,LOAD,90648868,5515.788680339616
2609,LOAD,93862496,5326.941231138793
2610,LOAD,91668801,5454.4184558495535
2611,LOAD,88362724,5658.494638531062
2612,LOAD,89951089,5558.576394778278
2613,LOAD,92701118,5393.67820785074
2614,LOAD,89352404,5595.820343009462
2615,LOAD,87525125,5712.645368972624
2616,LOAD,90416237,5529.980195924323
2617,LOAD,88448882,5652.982702483452
2618,LOAD,90219723,5542.02543938203
2619,LOAD,88166598,5671.08192152316
2620,LOAD,92843513,5385.405871059618
2621,LOAD,90097323,5549.5544523559265
2622,LOAD,87156732,5736.791507969803
2623,LOAD,88067812,5677.443195704692
2624,LOAD,88579287,5644.660472374315
2625,LOAD,90432415,5528.9909044229325
2626,LOAD,87874090,5689.959349792413
2627,LOAD,90952698,5497.363035893669
2628,LOAD,87671694,5703.095003502499
2629,LOAD,92783568,5388.885238817287
2630,LOAD,96296494,5192.297032122478
2631,LOAD,91433265,5468.469271003283
2632,LOAD,86259101,5796.489810391137
2633,LOAD,88889365,5624.969871255127
2634,LOAD,94276889,5303.526721167051
2635,LOAD,90780996,5507.760677135554
2636,LOAD,95400158,5241.081466552708
2637,LOAD,89731818,5572.159476363223
2638,LOAD,90818694,5505.474456613525
2639,LOAD,88870734,5626.149098757302
2640,LOAD,95148153,5254.96275266636
2641,LOAD,88307476,5662.034774949292
2642,LOAD,92280282,5418.275596513673
2643,LOAD,97559347,5125.08555433443
2644,LOAD,91814514,5445.762093779639
2645,LOAD,90239343,5540.820482259052
2646,LOAD,93054506,5373.194931581283
2647,LOAD,88340800,5659.898936844584
2648,LOAD,91413529,5469.649902696569
2649,LOAD,95349181,5243.883531626769
2650,LOAD,93965900,5321.079242576297
2651,LOAD,95381433,5242.110380119787
2652,LOAD,87219324,5732.674561889519
2653,LOAD,92730333,5391.978911582254
2654,LOAD,95562917,5232.155062826306
2655,LOAD,95693578,5225.01102425076
2656,LOAD,92291441,5417.6204703532585
2657,LOAD,99509908,5024.625286559405
2658,LOAD,101012831,4949.866220460646
2659,LOAD,95415263,5240.251761397964
2660,LOAD,95690092,5225.201371945594
2661,LOAD,88231949,5666.881505700389
2662,LOAD,95551821,5232.762649285355
2663,LOAD,90778924,5507.886390017136
2664,LOAD,95009304,5262.642488150424
2665,LOAD,90840016,5504.182209743336
2666,LOAD,90553457,5521.600351491827
2667,LOAD,92128117,5427.224785241187
2668,LOAD,91439546,5468.093640797386
2669,LOAD,84042823,5949.347988941305
2670,LOAD,96803649,5165.094551342791
2671,LOAD,88497347,5649.886883049726
2672,LOAD,88716166,5635.95140033441
2673,LOAD,90245743,5540.4275412747165
2674,LOAD,98094897,5097.10510221546
2675,LOAD,90288904,5537.779038717759
2676,LOAD,94168833,5309.612363997332
2677,LOAD,92518809,5404.306490802319
2678,LOAD,96102703,5202.7672936525005
2679,LOAD,97302050,5138.637880702411
2680,LOAD,96376414,5187.991327421665
2681,LOAD,91911836,5439.9957803040725
2682,LOAD,96331416,5190.414724102052
2683,LOAD,99380387,5031.173806960522
2684,LOAD,89091879,5612.183799603104
2685,LOAD,95013539,5262.4079185178025
2686,LOAD,95206211,5251.758207245533
2687,LOAD,93532662,5345.726180657619
2688,LOAD,95112683,5256.92246532463
2689,LOAD,96390974,5187.207673614751
2690,LOAD,96718728,5169.629608859207
2691,LOAD,89458688,5589.172065657837
2692,LOAD,89272195,5600.848058009551
2693,LOAD,89068157,5613.678522617235
2694,LOAD,94340920,5299.927115402309
2695,LOAD,87476831,5715.799192588493
2696,LOAD,93134223,5368.595816813761
2697,LOAD,97503105,5128.041819796405
2698,LOAD,90295692,5537.3627348689015
2699,LOAD,89752324,5570.88638729845
2700,LOAD,89692874,5574.578867881967
2701,LOAD,90364134,5533.168723777068
2702,LOAD,99389122,5030.731632783717
2703,LOAD,99946065,5002.698205277016
2704,LOAD,93881967,5325.836430333848
2705,LOAD,93303101,5358.878693645992
2706,LOAD,94613853,5284.638392223599
2707,LOAD,96826975,5163.850259702939
2708,LOAD,92073955,5430.417320511539
2709,LOAD,88512357,5648.928770476647
2710,LOAD,91236408,5480.268359534716
2711,LOAD,96068105,5204.641020034693
2712,LOAD,86733458,5764.788024478396
2713,LOAD,92266528,5419.083288795694
2714,LOAD,92211300,5422.328933655637
2715,LOAD,91273749,5478.026327153495
2716,LOAD,86012321,5813.120657446275
2717,LOAD,88371127,5657.9565857522675
2718,LOAD,95421572,5239.905291017423
2719,LOAD,88309879,5661.880705328562
2720,LOAD,87831775,5692.700620020488
2721,LOAD,93453181,5350.2726675510385
2722,LOAD,94942925,5266.321845466631
2723,LOAD,87329984,5725.410415739913
2724,LOAD,90095066,5549.693476000118
2725,LOAD,87102201,5740.383070228041
2726,LOAD,88327675,5660.739966267651
2727,LOAD,89089564,5612.329632682903
2728,LOAD,86200548,5800.427162017578
2729,LOAD,90273577,5538.71926444213
2730,LOAD,89907350,5561.280584957737
2731,LOAD,98978753,5051.5892031899
2732,LOAD,87904754,5687.974509319485
2733,LOAD,89249881,5602.248366023032
2734,LOAD,87604988,5707.4375719336895
2735,LOAD,90398294,5531.0778320661675
2736,LOAD,85293537,5862.108872328744
2737,LOAD,94919151,5267.640878920209
2738,LOAD,100617801,4969.2996172715
2739,LOAD,94053805,5316.106031010654
2740,LOAD,92312833,5416.365024784798
2741,LOAD,89583014,5581.415244635551
2742,LOAD,91979025,5436.021962615933
2743,LOAD,91098433,5488.568612371192
2744,LOAD,97460576,5130.279550163956
2745,LOAD,91118990,5487.330357810156
2746,LOAD,85212179,5867.705835805466
2747,LOAD,97983980,5102.874980175331
2748,LOAD,97436705,5131.53641638436
2749,LOAD,88468395,5651.735854369235
2750,LOAD,88126284,5673.676198578849
2751,LOAD,95643199,5227.763241168878
2752,LOAD,96956939,5156.928479353087
2753,LOAD,98764462,5062.549725629043
2754,LOAD,92901416,5382.0492897546355
2755,LOAD,91999668,5434.802221242798
2756,LOAD,92005551,5434.454710238081
2757,LOAD,89953493,5558.42784226289
2758,LOAD,94543650,5288.562478812697
2759,LOAD,87476120,5715.845650218597
2760,LOAD,102260862,4889.456144032895
2761,LOAD,95809901,5218.667327503031
2762,LOAD,96070780,5204.496101728329
2763,LOAD,95118037,5256.626563897655
2764,LOAD,99384805,5030.950153798662
2765,LOAD,91823356,5445.237701832636
2766,LOAD,93686038,5336.974544702168
2767,LOAD,87976132,5683.359663959765
2768,LOAD,95065685,5259.521350948032
2769,LOAD,90561598,5521.103989353191
2770,LOAD,92107586,5428.434526554632
2771,LOAD,94991624,5263.621979975835
2772,LOAD,90139229,5546.974447717986
2773,LOAD,90668533,5514.592366901977
2774,LOAD,92645114,5396.938687991685
2775,LOAD,90741088,5510.182994499691
2776,LOAD,90148450,5546.407065235176
2777,LOAD,91827903,5444.968072504063
2778,LOAD,91410227,5469.847482164112
2779,LOAD,100236159,4988.2198698375905
2780,LOAD,97929764,5105.700040286015
2781,LOAD,92308967,5416.591868046796
2782,LOAD,94296924,5302.399895886318
2783,LOAD,95550579,5232.830666572936
2784,LOAD,90220137,5542.000008268664
2785,LOAD,91169062,5484.316598540851
2786,LOAD,94673591,5281.303843222763
2787,LOAD,87985277,5682.768947809302
2788,LOAD,87942630,5685.524756309881
2789,LOAD,94253224,5304.858325058462
2790,LOAD,94645512,5282.870676424678
2791,LOAD,96447810,5184.150889481058
2792,LOAD,95000220,5263.145706399417
2793,LOAD,90014809,5554.641570144308
2794,LOAD,92029270,5433.0540707320615
2795,LOAD,91618434,5457.417008459236
2796,LOAD,87827151,5693.0003342588225
2797,LOAD,90606870,5518.3453528413465
2798,LOAD,90828890,5504.856439399403
2799,LOAD,92966694,5378.270200723713
2800,LOAD,89437761,5590.479842177623
2801,LOAD,93473835,5349.090470076466
2802,LOAD,87253920,5730.401568204615
2803,LOAD,87787017,5695.603029773753
2804,LOAD,89545466,5583.755630910447
2805,LOAD,89999622,5555.578888986889
2806,LOAD,88240047,5666.361442441208
2807,LOAD,88011927,5681.048206114156
2808,LOAD,90507588,5524.398683566731
2809,LOAD,85100539,5875.403444859497
2810,LOAD,90325306,5535.547258483685
2811,LOAD,92426175,5409.722949153744
2812,LOAD,98694285,5066.149473599206
2813,LOAD,94542765,5288.611984216877
2814,LOAD,92875611,5383.544663840758
2815,LOAD,94263333,5304.289420786765
2816,LOAD,86056613,5810.128734673766
2817,LOAD,91025131,5492.9885242351365
2818,LOAD,95738712,5222.547802815647
2819,LOAD,83629991,5978.716415263037
2820,LOAD,93876609,5326.14040202496
2821,LOAD,85518090,5846.716174320544
2822,LOAD,91744994,5449.888633705726
2823,LOAD,88921574,5622.9324055824745
2824,LOAD,92307583,5416.673080910373
2825,LOAD,89670706,5575.95699090403
2826,LOAD,94128433,5311.891253942366
2827,LOAD,88078573,5676.7495540601
2828,LOAD,95539308,5233.447996085549
2829,LOAD,89876542,5563.1868880758675
2830,LOAD,91359172,5472.904242170671
2831,LOAD,91881279,5441.804962249165
2832,LOAD,88698174,5637.094626096812
2833,LOAD,86864480,5756.092709010633
2834,LOAD,90954345,5497.263489721134
2835,LOAD,87422150,5719.374323326525
2836,LOAD,91191746,5482.952371588543
2837,LOAD,92152085,5425.813208675637
2838,LOAD,95208207,5251.648106344445
2839,LOAD,91631027,5456.6669868275085
2840,LOAD,90657949,5515.2361763666195
2841,LOAD,102608086,4872.910308452689
2842,LOAD,94568066,5287.197054447533
2843,LOAD,92062501,5431.092948474211
2844,LOAD,92131621,5427.01837407159
2845,LOAD,88640306,5640.7747509355395
2846,LOAD,90469148,5526.745979745493
2847,LOAD,101946168,4904.549232296795
2848,LOAD,94638248,5283.276165467476
2849,LOAD,89377105,5594.273835564488
2850,LOAD,96366405,5188.530172937343
2851,LOAD,90476795,5526.278865205161
2852,LOAD,93416031,5352.40038190019
2853,LOAD,87048944,5743.895066665025
2854,LOAD,88824343,5629.08751264279
2855,LOAD,89071502,5613.467705978506
2856,LOAD,92152951,5425.762220029177
2857,LOAD,92804287,5387.6821444681755
2858,LOAD,93872187,5326.391298415153
2859,LOAD,91838976,5444.311574205706
2860,LOAD,96703096,5170.465276520205
2861,LOAD,88689454,5637.648868601672
2862,LOAD,88378089,5657.510879195408
2863,LOAD,89067168,5613.740856787991
2864,LOAD,92701430,5393.660054650721
2865,LOAD,87878660,5689.663451855092
2866,LOAD,92012183,5434.063008808302
2867,LOAD,87721967,5699.826589615803
2868,LOAD,93415017,5352.458481059849
2869,LOAD,91442226,5467.933381236804
2870,LOAD,92358636,5413.6789114122475
2871,LOAD,88717519,5635.86544840146
2872,LOAD,86688609,5767.7704806637275
2873,LOAD,88527341,5647.972641581995
2874,LOAD,89424017,5591.339069458265
2875,LOAD,94201703,5307.759669695143
2876,LOAD,95689784,5225.218190481024
2877,LOAD,95597379,5230.268917728383
2878,LOAD,90467042,5526.87463794826
2879,LOAD,90310400,5536.460917015095
2880,LOAD,84562661,5912.77514315686
2881,LOAD,90134108,5547.28960095772
2882,LOAD,92139356,5426.562781706441
2883,LOAD,86113724,5806.275431776705
2884,LOAD,88410311,5655.448944184802
2885,LOAD,94125311,5312.067441668267
2886,LOAD,87082876,5741.656947572563
2887,LOAD,89319815,5597.862019754519
2888,LOAD,97799536,5112.498693245334
2889,LOAD,106542202,4692.97602840985
2890,LOAD,95556122,5232.527121600854
2891,LOAD,94788087,5274.924474422614
2892,LOAD,93096043,5370.797553661868
2893,LOAD,88241610,5666.261075698868
2894,LOAD,95354853,5243.57160930236
2895,LOAD,96707519,5170.2288009270505
2896,LOAD,91531250,5462.615227039945
2897,LOAD,86122592,5805.677562514607
2898,LOAD,90202828,5543.063461380612
2899,LOAD,92099652,5428.902163495688
2900,LOAD,102595781,4873.4947492626425
2901,LOAD,95539519,5233.436437962389
2902,LOAD,91785830,5447.463949500702
2903,LOAD,92438804,5408.98387218424
2904,LOAD,88927333,5622.568260312046
2905,LOAD,92252562,5419.90367703826
2906,LOAD,94604291,5285.172529859137
2907,LOAD,89679763,5575.393860039528
2908,LOAD,89641683,5577.762300602946
2909,LOAD,93225567,5363.335575100337
2910,LOAD,92873054,5383.692884698289
2911,LOAD,95902094,5213.650496515749
2912,LOAD,100213054,4989.369947751517
2913,LOAD,90999040,5494.563459130997
2914,LOAD,90863338,5502.7694448117245
2915,LOAD,94130781,5311.7587540254235
2916,LOAD,89086961,5612.493617331947
2917,LOAD,92838098,5385.719987499097
2918,LOAD,90109341,5548.814301061197
2919,LOAD,93722479,5334.8994321842465
2920,LOAD,93040769,5373.988256696373
2921,LOAD,93774314,5331.950495526952
2922,LOAD,95763780,5221.180701095967
2923,LOAD,91643547,5455.921517310979
2924,LOAD,89024165,5616.452566558754
2925,LOAD,94821896,5273.043686027961
2926,LOAD,93387661,5354.0263739981665
2927,LOAD,100741506,4963.1975920629975
2928,LOAD,97126368,5147.932639672061
2929,LOAD,93302797,5358.896153992039
2930,LOAD,94523773,5289.674588000206
2931,LOAD,92542488,5402.9236819308335
2932,LOAD,96888791,5160.555672533885
2933,LOAD,96541167,5179.137724738712
2934,LOAD,87283953,5728.429829478507
2935,LOAD,91600408,5458.49097091358
2936,LOAD,90973870,5496.08365566948
2937,LOAD,93257808,5361.481367865734
2938,LOAD,89090546,5612.267770813752
2939,LOAD,95075864,5258.958256745372
2940,LOAD,91382222,5471.523771877642
2941,LOAD,93575593,5343.273646152582
2942,LOAD,92241971,5420.525977269067
2943,LOAD,97767558,5114.170899103361
2944,LOAD,91662103,5454.8170250905105
2945,LOAD,96188517,5198.125676477578
2946,LOAD,92602328,5399.432290730315
2947,LOAD,94411183,5295.982786276494
2948,LOAD,95195147,5252.368589755946
2949,LOAD,90721893,5511.348842776021
2950,LOAD,90303444,5536.887386044767
2951,LOAD,93542425,5345.1682485246665
2952,LOAD,98092364,5097.236722727979
2953,LOAD,91525122,5462.980972590236
2954,LOAD,93141262,5368.1900938812705
2955,LOAD,92256022,5419.700407199435
2956,LOAD,92003306,5434.587317981813
2957,LOAD,93103518,5370.366348562683
2958,LOAD,95547550,5232.996555118368
2959,LOAD,97115549,5148.506136746444
2960,LOAD,92998134,5376.451961928612
2961,LOAD,92674708,5395.215272758129
2962,LOAD,99075887,5046.636625115453
2963,LOAD,92621748,5398.300191872863
2964,LOAD,88791401,5631.175928849237
2965,LOAD,91228831,5480.723522589038
2966,LOAD,90786997,5507.396615398569
2967,LOAD,89283173,5600.159393976735
2968,LOAD,99364867,5031.959636196162
2969,LOAD,90712777,5511.902694810015
2970,LOAD,98596827,5071.15710731746
2971,LOAD,93110199,5369.98100498099
2972,LOAD,95698718,5224.73038771533
2973,LOAD,93365261,5355.310900914206
2974,LOAD,92125089,5427.403169184456
2975,LOAD,93288020,5359.745013346837
2976,LOAD,94791068,5274.758588013799
2977,LOAD,87203838,5733.6925927503335
2978,LOAD,96461631,5183.408105550278
2979,LOAD,91128102,5486.781673561028
2980,LOAD,89702498,5573.98078256416
2981,LOAD,92042329,5432.283226992224
2982,LOAD,94320208,5301.090939070024
2983,LOAD,94669961,5281.506348143525
2984,LOAD,91650792,5455.4902264237935
2985,LOAD,89556464,5583.069916650573
2986,LOAD,96248420,5194.890471968267
2987,LOAD,91049031,5491.546637108087
2988,LOAD,91133161,5486.477090375478
2989,LOAD,96924031,5158.679378491801
2990,LOAD,86305707,5793.3596442237595
2991,LOAD,93256035,5361.58330128447
2992,LOAD,95251152,5249.280344661868
2993,LOAD,91818791,5445.5084253941
2994,LOAD,98443228,5079.0695323400005
2995,LOAD,93779360,5331.663598471988
2996,LOAD,91014730,5493.616253105403
2997,LOAD,90230571,5541.359147555433
2998,LOAD,97724801,5116.408474446523
2999,LOAD,92695076,5394.029775648493
3000,LOAD,90371011,5532.747663960516
3001,LOAD,90515116,5523.939228006955
3002,LOAD,90688953,5513.35067238013
3003,LOAD,102652877,4870.784089178524
3004,LOAD,97180089,5145.086870624291
3005,LOAD,97401040,5133.4154132235135
3006,LOAD,91923401,5439.311367515656
3007,LOAD,96698338,5170.719687033297
3008,LOAD,90544175,5522.166390052149
3009,LOAD,98973651,5051.84960793252
3010,LOAD,91803368,5446.423272836787
3011,LOAD,88997851,5618.113183429564
3012,LOAD,92983329,5377.308011848016
3013,LOAD,95775765,5220.527343216731
3014,LOAD,92125034,5427.4064094239575
3015,LOAD,95886289,5214.509865951742
3016,LOAD,95216979,5251.164290772132
3017,LOAD,87396635,5721.044065369336
3018,LOAD,94581821,5286.428139293279
3019,LOAD,92555060,5402.189788435122
3020,LOAD,93459775,5349.895182178643
3021,LOAD,85973238,5815.763272752388
3022,LOAD,98407288,5080.924494128931
3023,LOAD,94420515,5295.459360712023
3024,LOAD,87412494,5720.006112627332
3025,LOAD,91279393,5477.687609075139
3026,LOAD,92107762,5428.424153873156
3027,LOAD,93794721,5330.790418364803
3028,LOAD,91518231,5463.39231578897
3029,LOAD,92494824,5405.7078912869765
3030,LOAD,97722772,5116.5147054977115
3031,LOAD,102546524,4875.835674352063
3032,LOAD,96775873,5166.577004167144
3033,LOAD,93615066,5341.020642980692
3034,LOAD,95638057,5228.044312945421
3035,LOAD,91667609,5454.489382394604
3036,LOAD,94545602,5288.453290508425
3037,LOAD,87649267,5704.55426626671
3038,LOAD,91798451,5446.714999580984
3039,LOAD,93834095,5328.553549751826
3040,LOAD,90323873,5535.635080661344
3041,LOAD,85410620,5854.072947837166
3042,LOAD,86410910,5786.3063819140425
3043,LOAD,87184404,5734.97067204818
3044,LOAD,91918328,5439.611564736034
3045,LOAD,91289586,5477.075994188428
3046,LOAD,97026176,5153.248541919245
3047,LOAD,89819574,5566.7153353455005
3048,LOAD,93084993,5371.43511414348
3049,LOAD,101071316,4947.0019763075015
3050,LOAD,97947641,5104.768168944467
3051,LOAD,90960127,5496.914048943665
3052,LOAD,90986717,5495.307628255232
3053,LOAD,92894222,5382.466091378644
3054,LOAD,94125964,5312.030589136914
3055,LOAD,94641322,5283.104561874146
3056,LOAD,94405159,5296.320723319793
3057,LOAD,92732875,5391.831106282427
3058,LOAD,91215664,5481.514666165232
3059,LOAD,95084892,5258.458935831783
3060,LOAD,95548201,5232.960901063956
3061,LOAD,87767338,5696.880085391219
3062,LOAD,90099239,5549.436438636291
3063,LOAD,94976192,5264.477228145765
3064,LOAD,88762332,5633.020096858203
3065,LOAD,90965085,5496.614442783184
3066,LOAD,94379734,5297.747501598172
3067,LOAD,93619146,5340.787876872963
3068,LOAD,91836029,5444.486281086914
3069,LOAD,95812434,5218.529361230923
3070,LOAD,86719269,5765.731258643335
3071,LOAD,99202010,5040.220455210535
3072,LOAD,88099044,5675.430484807531
3073,LOAD,93196640,5365.000283272015
3074,LOAD,94191016,5308.361893028099
3075,LOAD,92545034,5402.775042472835
3076,LOAD,90606730,5518.353879452442
3077,LOAD,89318040,5597.973264975361
3078,LOAD,94491176,5291.4993882603385
3079,LOAD,96613853,5175.241277252445
3080,LOAD,93106503,5370.194174299511
3081,LOAD,97750064,5115.086165058675
3082,LOAD,91065292,5490.566043537202
3083,LOAD,102329697,4886.167111390939
3084,LOAD,94773969,5275.710253308057
3085,LOAD,92524545,5403.971454277348
3086,LOAD,100399423,4980.108302016835
3087,LOAD,99956187,5002.191610210181
3088,LOAD,97779930,5113.523808004363
3089,LOAD,98234240,5089.87497638298
3090,LOAD,100210368,4989.5036808965715
3091,LOAD,98694405,5066.143313797778
3092,LOAD,91808143,5446.1400008929495
3093,LOAD,93804793,5330.218041203929
3094,LOAD,90513308,5524.049568489973
3095,LOAD,91932003,5438.80241573764
3096,LOAD,96977751,5155.821771944371
3097,LOAD,88523529,5648.215854566756
3098,LOAD,94547835,5288.328389539538
3099,LOAD,93616197,5340.956116813846
3100,LOAD,93852096,5327.53152364333
3101,LOAD,96988475,5155.251693564622
3102,LOAD,94469856,5292.693576245104
3103,LOAD,89274284,5600.716999309678
3104,LOAD,95022849,5261.892326549796
3105,LOAD,94504724,5290.740809951469
3106,LOAD,92738010,5391.532554990127
3107,LOAD,100324277,4983.838557839794
3108,LOAD,103288294,4840.819618920224
3109,LOAD,97025197,5153.300539034206
3110,LOAD,95494723,5235.891411507629
3111,LOAD,89260819,5601.561867811229
3112,LOAD,88335323,5660.249864032307
3113,LOAD,96408244,5186.278468053001
3114,LOAD,92824042,5386.535527078211
3115,LOAD,86662395,5769.515139755831
3116,LOAD,94029760,5317.465449236497
3117,LOAD,96810971,5164.703905304286
3118,LOAD,87925293,5686.645821015348
3119,LOAD,89749985,5571.031571760151
3120,LOAD,90398218,5531.082482179018
3121,LOAD,95637878,5228.0540979798825
3122,LOAD,100684092,4966.027801094933
3123,LOAD,99950168,5002.492842233141
3124,LOAD,97251648,5141.3010502403
3125,LOAD,90655709,5515.372451612508
3126,LOAD,95514261,5234.820379335814
3127,LOAD,99017585,5049.60810748919
3128,LOAD,93189037,5365.437996746334
3129,LOAD,97132644,5147.600017971301
3130,LOAD,93533204,5345.6952035985
3131,LOAD,90579048,5520.040351936576
3132,LOAD,94009252,5318.625447631474
3133,LOAD,95898809,5213.829089368566
3134,LOAD,96646372,5173.499942656927
3135,LOAD,89403845,5592.600631438167
3136,LOAD,95102241,5257.499662915408
3137,LOAD,100483749,4975.928993254422
3138,LOAD,93331287,5357.260315075266
3139,LOAD,96100884,5202.86577176543
3140,LOAD,97601170,5122.88940798558
3141,LOAD,93243368,5362.31166596213
3142,LOAD,101577513,4922.349299888845
3143,LOAD,92912789,5381.3904994284485
3144,LOAD,97083529,5150.204212292283
3145,LOAD,94650158,5282.611361303803
3146,LOAD,95668791,5226.364781802249
3147,LOAD,99416361,5029.353267114656
3148,LOAD,95531001,5233.90307613337
3149,LOAD,90772687,5508.264837417449
3150,LOAD,98459879,5078.210587685163
3151,LOAD,96578620,5177.129265255602
3152,LOAD,92301003,5417.059227406228
3153,LOAD,98291283,5086.921085362168
3154,LOAD,95968250,5210.056450961646
3155,LOAD,91075807,5489.932139717412
3156,LOAD,97969151,5103.647371609865
3157,LOAD,91582793,5459.540855016291
3158,LOAD,96158510,5199.747791433124
3159,LOAD,100637403,4968.331704664517
3160,LOAD,100038029,4998.099272827536
3161,LOAD,92433700,5409.282545218897
3162,LOAD,96118203,5201.928296557938
3163,LOAD,96973931,5156.024870230331
3164,LOAD,93761457,5332.681636975842
3165,LOAD,93835054,5328.4990916081315
3166,LOAD,93516487,5346.6507996606
3167,LOAD,89574471,5581.947561822609
3168,LOAD,96095095,5203.179204932364
3169,LOAD,91715365,5451.649241105893
3170,LOAD,91532262,5462.5548312135015
3171,LOAD,91291447,5476.964342563219
3172,LOAD,95338898,5244.449122959235
3173,LOAD,93533396,5345.684230261456
3174,LOAD,94620698,5284.256093735432
3175,LOAD,90067612,5551.385108333949
3176,LOAD,97496941,5128.366027401824
3177,LOAD,90605760,5518.412957410213
3178,LOAD,90036577,5553.29863328767
3179,LOAD,90420697,5529.707429704949
3180,LOAD,99221687,5039.220911452554
3181,LOAD,97307782,5138.335184744012
3182,LOAD,89371132,5594.647721369357
3183,LOAD,92767018,5389.846637088194
3184,LOAD,92677900,5395.029451465775
3185,LOAD,97187364,5144.701733035994
3186,LOAD,92342238,5414.6402646208335
3187,LOAD,95144238,5255.178984144053
3188,LOAD,99504387,5024.904077847342
3189,LOAD,92370952,5412.957094996704
3190,LOAD,93884671,5325.683039353677
3191,LOAD,94570378,5287.067796218389
3192,LOAD,90607826,5518.287128972723
3193,LOAD,92833969,5385.95952953385
3194,LOAD,90655976,5515.356207736378
3195,LOAD,89667677,5576.14534833996
3196,LOAD,94598995,5285.46841327437
3197,LOAD,97228941,5142.501757784238
3198,LOAD,91558535,5460.987334495905
3199,LOAD,93454555,5350.194006059951
3200,LOAD,89472445,5588.312692248435
3201,LOAD,92360092,5413.593568096489
3202,LOAD,92775504,5389.353638003411
3203,LOAD,96202233,5197.384555512344
3204,LOAD,92961030,5378.597892041428
3205,LOAD,100171663,4991.431558843143
3206,LOAD,94332755,5300.3858521888815
3207,LOAD,91206161,5482.085799006494
3208,LOAD,94019058,5318.070725618204
3209,LOAD,98430738,5079.714021853621
3210,LOAD,92519858,5404.2452161999645
3211,LOAD,96537867,5179.314765676354
3212,LOAD,90040298,5553.069137998633
3213,LOAD,94599241,5285.454668711348
3214,LOAD,92632806,5397.6557721893905
3215,LOAD,89851528,5564.735638107346
3216,LOAD,92223917,5421.587113893676
3217,LOAD,97381252,5134.458530066958
3218,LOAD,94635740,5283.416180821327
3219,LOAD,91395919,5470.703784925015
3220,LOAD,94146170,5310.890501440473
3221,LOAD,92096931,5429.062560184551
3222,LOAD,93371495,5354.953350591634
3223,LOAD,97316365,5137.881999599965
3224,LOAD,96339455,5189.981612414145
3225,LOAD,95453723,5238.140370910415
3226,LOAD,94947409,5266.073137393354
3227,LOAD,95644156,5227.710933012991
3228,LOAD,92851693,5384.931430383289
3229,LOAD,91056863,5491.0742971674745
3230,LOAD,89889981,5562.355163919769
3231,LOAD,92774620,5389.404990287215
3232,LOAD,87978899,5683.180918188122
3233,LOAD,91691630,5453.060437468502
3234,LOAD,97786221,5113.194833452046
3235,LOAD,88054521,5678.300152243177
3236,LOAD,92109858,5428.3006277134855
3237,LOAD,93246397,5362.137477547792
3238,LOAD,92228279,5421.330696195686
3239,LOAD,91320338,5475.2315962737675
3240,LOAD,95285417,5247.392683394563
3241,LOAD,94610431,5284.829534282536
3242,LOAD,93662178,5338.334113904547
3243,LOAD,91183337,5483.458013825486
3244,LOAD,90909725,5499.961637767577
3245,LOAD,96935404,5158.074133574561
3246,LOAD,91818732,5445.511924516666
3247,LOAD,93797847,5330.6127591606655
3248,LOAD,94406684,5296.235169111543
3249,LOAD,94007036,5318.750822012939
3250,LOAD,92223340,5421.621034328186
3251,LOAD,98398163,5081.3956760554565
3252,LOAD,90848382,5503.6753433869635
3253,LOAD,111105252,4500.237306513647
3254,LOAD,86932443,5751.592647637891
3255,LOAD,99977164,5001.142060801004
3256,LOAD,93339986,5356.761034868808
3257,LOAD,97211003,5143.450685309769
3258,LOAD,99199025,5040.37212059292
3259,LOAD,98719949,5064.832438274457
3260,LOAD,92387406,5411.993058880775
3261,LOAD,95705671,5224.350811980619
3262,LOAD,90856078,5503.209152391544
3263,LOAD,95351422,5243.760287077837
3264,LOAD,94839207,5272.081197389177
3265,LOAD,103678059,4822.621148800635
3266,LOAD,102746631,4866.339607767773
3267,LOAD,95270103,5248.236164917341
3268,LOAD,93011593,5375.673976468718
3269,LOAD,93456098,5350.105672077171
3270,LOAD,92995464,5376.606325659067
3271,LOAD,94769200,5275.975738953161
3272,LOAD,93674497,5337.632077170374
3273,LOAD,93318342,5358.003467314068
3274,LOAD,94117399,5312.514001794716
3275,LOAD,93456155,5350.102408985261
3276,LOAD,95484851,5236.432740519226
3277,LOAD,92867889,5383.992307610222
3278,LOAD,94804336,5274.020378139666
3279,LOAD,92401067,5411.192924860922
3280,LOAD,92736122,5391.6423203463255
3281,LOAD,89958644,5558.109568659127
3282,LOAD,87837858,5692.306385704442
3283,LOAD,87244018,5731.051955906019
3284,LOAD,92451117,5408.26348263591
3285,LOAD,97346017,5136.3169794610085
3286,LOAD,95154178,5254.630017401863
3287,LOAD,95121093,5256.457681788833
3288,LOAD,91772218,5448.271937810199
3289,LOAD,91281096,5477.585413742184
3290,LOAD,92154234,5425.686680874586
3291,LOAD,92338619,5414.852479004478
3292,LOAD,90736329,5510.4719962827685
3293,LOAD,92826246,5386.407633030856
3294,LOAD,93389447,5353.92398243883
3295,LOAD,96051411,5205.545600990703
3296,LOAD,93423899,5351.949611951006
3297,LOAD,90067930,5551.365508233619
3298,LOAD,94665519,5281.754172815553
3299,LOAD,92504792,5405.125390693273
3300,LOAD,93417725,5352.303323593033
3301,LOAD,92804806,5387.652014487267
3302,LOAD,89557860,5582.98288949736
3303,LOAD,95540377,5233.389439105939
3304,LOAD,92459514,5407.772314269357
3305,LOAD,93747334,5333.485003424204
3306,LOAD,92864141,5384.209605729299
3307,LOAD,94976171,5264.478392164283
3308,LOAD,90676634,5514.099696290005
3309,LOAD,91232873,5480.4807034850255
3310,LOAD,89680412,5575.353511979852
3311,LOAD,95515838,5234.733950614557
3312,LOAD,95503726,5235.39783149403
3313,LOAD,92140497,5426.495583152759
3314,LOAD,93824563,5329.094898102536
3315,LOAD,97068184,5151.018381058824
3316,LOAD,88439437,5653.586419823093
3317,LOAD,90989164,5495.159841231204
3318,LOAD,87103354,5740.307083926987
3319,LOAD,91862906,5442.893348050627
3320,LOAD,90900238,5500.535653162977
3321,LOAD,98843256,5058.514057853375
3322,LOAD,91269618,5478.274270853199
3323,LOAD,91680734,5453.708518520369
3324,LOAD,91233559,5480.43949485737
3325,LOAD,93627758,5340.296624426273
3326,LOAD,87991155,5682.389326518102
3327,LOAD,91011396,5493.817499514017
3328,LOAD,89151707,5608.417570737036
3329,LOAD,92628704,5397.894803753273
3330,LOAD,90118813,5548.231089106777
3331,LOAD,92059433,5431.273946690504
3332,LOAD,86740092,5764.347125663643
3333,LOAD,90056799,5552.0516557556075
3334,LOAD,90091707,5549.900392052734
3335,LOAD,92805056,5387.637501129249
3336,LOAD,95872678,5215.250167519051
3337,LOAD,97538450,5126.183571709413
3338,LOAD,91943662,5438.1127434319515
3339,LOAD,92590788,5400.1052458912
3340,LOAD,89116756,5610.617154870403
3341,LOAD,89604443,5580.080443109277
3342,LOAD,94531510,5289.241650746931
3343,LOAD,95918066,5212.782334456159
3344,LOAD,91587353,5459.26903248312
3345,LOAD,99626634,5018.7382623004205
3346,LOAD,91468302,5466.374569848252
3347,LOAD,96578713,5177.124279964261
3348,LOAD,99217345,5039.441440405405
3349,LOAD,90216177,5542.2432719577555
3350,LOAD,89211266,5604.6732931690485
3351,LOAD,93947512,5322.120717789738
3352,LOAD,97783225,5113.351497662304
3353,LOAD,90720231,5511.449811012937
3354,LOAD,97245811,5141.609647329693
3355,LOAD,99729386,5013.5674153253085
3356,LOAD,91744220,5449.934611684529
3357,LOAD,92852533,5384.882715046665
3358,LOAD,101488663,4926.658655459872
3359,LOAD,97879895,5108.301352387025
3360,LOAD,94203643,5307.65036337289
3361,LOAD,97825509,5111.141307733958
3362,LOAD,97927094,5105.839248124733
3363,LOAD,96261841,5194.166190941642
3364,LOAD,91572022,5460.183024024522
3365,LOAD,92862205,5384.321856238499
3366,LOAD,93743369,5333.710590239188
3367,LOAD,95616977,5229.196902972576
3368,LOAD,95403565,5240.894299914265
3369,LOAD,92511349,5404.742287348982
3370,LOAD,95793213,5219.576464148875
3371,LOAD,98756235,5062.971467067371
3372,LOAD,91366454,5472.468046094905
3373,LOAD,91916726,5439.706370742579
3374,LOAD,93937218,5322.703936154465
3375,LOAD,99999755,5000.012250030013
3376,LOAD,92816867,5386.951921141661
3377,LOAD,94771132,5275.868183150962
3378,LOAD,101476508,4927.24877761856
3379,LOAD,90921890,5499.2257640046855
3380,LOAD,96238850,5195.407052349441
3381,LOAD,92359109,5413.651186262527
3382,LOAD,94101370,5313.418922593794
3383,LOAD,91505707,5464.140067241926
3384,LOAD,92803651,5387.71906721644
3385,LOAD,95835127,5217.293654757717
3386,LOAD,94548584,5288.286496178514
3387,LOAD,89437044,5590.524660005533
3388,LOAD,96812926,5164.599611419657
3389,LOAD,91399278,5470.502731980006
3390,LOAD,90029163,5553.755953501423
3391,LOAD,97025175,5153.301707520754
3392,LOAD,92621767,5398.299084490583
3393,LOAD,94209874,5307.299317691477
3394,LOAD,91484294,5465.419014984145
3395,LOAD,91453959,5467.231877845769
3396,LOAD,91596936,5458.697876094895
3397,LOAD,97340001,5136.634424320583
3398,LOAD,91951337,5437.658834694269
3399,LOAD,91568136,5460.414745146718
3400,LOAD,88491818,5650.239889974912
3401,LOAD,92051418,5431.746852612308
3402,LOAD,92235374,5420.91367244849
3403,LOAD,92202606,5422.840217769984
3404,LOAD,91264115,5478.604597217647
3405,LOAD,96246561,5194.990811152204
3406,LOAD,88597560,5643.496276872636
3407,LOAD,91108501,5487.962094777523
3408,LOAD,87502721,5714.1080218522575
3409,LOAD,89841204,5565.3751033879735
3410,LOAD,92782875,5388.925488674499
3411,LOAD,93578427,5343.111826404178
3412,LOAD,97288463,5139.355526667124
3413,LOAD,93206585,5364.427845951013
3414,LOAD,92753780,5390.615886490017
3415,LOAD,94308795,5301.732463022139
3416,LOAD,89082255,5612.790111790502
3417,LOAD,87776076,5696.312968011922
3418,LOAD,94946339,5266.132483528407
3419,LOAD,92355419,5413.86748513371
3420,LOAD,85456130,5850.955338136656
3421,LOAD,96049235,5205.6635328745715
3422,LOAD,91667203,5454.513540682593
3423,LOAD,87452605,5717.382575396125
3424,LOAD,94464768,5292.978647870072
3425,LOAD,93889771,5325.3937534899305
3426,LOAD,89063444,5613.975583517745
3427,LOAD,89223011,5603.935513900108
3428,LOAD,92723336,5392.385795955401
3429,LOAD,97400929,5133.421263363925
3430,LOAD,91360637,5472.816482223083
3431,LOAD,86575116,5775.331562940095
3432,LOAD,94018209,5318.118748677716
3433,LOAD,90808205,5506.110378461946
3434,LOAD,96489685,5181.901049837607
3435,LOAD,93878498,5326.033230740441
3436,LOAD,101088139,4946.178700549626
3437,LOAD,92676850,5395.090575478127
3438,LOAD,96421104,5185.58675702365
3439,LOAD,93460520,5349.852536664679
3440,LOAD,94500523,5290.97600867246
3441,LOAD,91553112,5461.310807217564
3442,LOAD,90656403,5515.330229901136
3443,LOAD,95600837,5230.079732460919
3444,LOAD,92775397,5389.359853668963
3445,LOAD,93163671,5366.898863399232
3446,LOAD,95175678,5253.443006731194
3447,LOAD,102023323,4900.840173574821
3448,LOAD,93417059,5352.341481870029
3449,LOAD,93568859,5343.658192946437
3450,LOAD,95893010,5214.14438862645
3451,LOAD,93041210,5373.962784877797
3452,LOAD,94902207,5268.5813724015925
3453,LOAD,95905818,5213.448051712567
3454,LOAD,99057495,5047.573633877982
3455,LOAD,100689591,4965.756589477059
3456,LOAD,98665363,5067.634525400773
3457,LOAD,96760532,5167.39614453546
3458,LOAD,94285031,5303.068734208721
3459,LOAD,99438182,5028.249611401785
3460,LOAD,92956252,5378.874354787885
3461,LOAD,95379750,5242.202878493601
3462,LOAD,92370720,5412.970690279344
3463,LOAD,94579157,5286.577041493402
3464,LOAD,95272297,5248.115304703947
3465,LOAD,94615229,5284.561537128447
3466,LOAD,99597088,5020.227097402687
3467,LOAD,92600746,5399.524535147913
3468,LOAD,90944747,5497.843652256243
3469,LOAD,93935957,5322.775388342507
3470,LOAD,94020363,5317.996910945771
3471,LOAD,91974667,5436.279535537758
3472,LOAD,95878608,5214.927609295287
3473,LOAD,94072255,5315.063405251633
3474,LOAD,90183340,5544.261279300589
3475,LOAD,91193641,5482.838436070339
3476,LOAD,93217825,5363.781015058011
3477,LOAD,93165074,5366.8180417052
3478,LOAD,93425548,5351.855147801755
3479,LOAD,96164123,5199.444287554102
3480,LOAD,93848236,5327.750646266809
3481,LOAD,95246231,5249.551554433687
3482,LOAD,89403878,5592.598567144928
3483,LOAD,96066918,5204.705328425338
3484,LOAD,88293758,5662.914472391129
3485,LOAD,93537251,5345.463915761219
3486,LOAD,96371461,5188.257963630955
3487,LOAD,90749091,5509.697061318223
3488,LOAD,97692755,5118.086801830904
3489,LOAD,94102493,5313.355513333743
3490,LOAD,92791425,5388.428941575151
3491,LOAD,94005127,5318.858832029448
3492,LOAD,93607974,5341.42529353322
3493,LOAD,94256262,5304.687342682866
3494,LOAD,89875999,5563.220498945441
3495,LOAD,95598976,5230.181545040818
3496,LOAD,95702043,5224.548863601584
3497,LOAD,94273868,5303.696672337663
3498,LOAD,94197223,5308.012105622264
3499,LOAD,95594947,5230.401979301269
3500,LOAD,93132797,5368.67801790598
3501,LOAD,95283466,5247.500127671678
3502,LOAD,91445648,5467.728764959925
3503,LOAD,92371837,5412.905234308591
3504,LOAD,87788080,5695.534063394484
3505,LOAD,92675805,5395.151409798922
3506,LOAD,93576885,5343.1998724898785
3507,LOAD,95347996,5243.948703442074
3508,LOAD,87321549,5725.963473231562
3509,LOAD,94541266,5288.695837857724
3510,LOAD,90440814,5528.477441611703
3511,LOAD,94613147,5284.677826010798
3512,LOAD,89298336,5599.208477972087
3513,LOAD,97712123,5117.07232069863
3514,LOAD,86533702,5778.095567897927
3515,LOAD,91453288,5467.271991358037
3516,LOAD,97496318,5128.39879758331
3517,LOAD,98895123,5055.861045847529
3518,LOAD,92179787,5424.182635614032
3519,LOAD,97402210,5133.353750392317
3520,LOAD,88446386,5653.1422324028035
3521,LOAD,91377278,5471.819810609811
3522,LOAD,101740607,4914.458589774288
3523,LOAD,96908944,5159.482493174211
3524,LOAD,96575838,5177.278399593074
3525,LOAD,91809611,5446.052919230863
3526,LOAD,98508821,5075.68758740905
3527,LOAD,92452627,5408.175151150654
3528,LOAD,90858772,5503.045979974283
3529,LOAD,90644171,5516.074497498576
3530,LOAD,95074706,5259.022310308275
3531,LOAD,99165975,5042.051973975953
3532,LOAD,94903312,5268.520028047072
3533,LOAD,97257425,5140.995661770811
3534,LOAD,92636367,5397.448282918954
3535,LOAD,93569727,5343.608622476798
3536,LOAD,99628115,5018.663657342107
3537,LOAD,96695404,5170.876580649066
3538,LOAD,92346935,5414.364862244751
3539,LOAD,97443947,5131.15504239581
3540,LOAD,98113333,5096.147329945462
3541,LOAD,97015545,5153.813236837457
3542,LOAD,95216371,5251.197821853555
3543,LOAD,95881159,5214.788861699096
3544,LOAD,89134041,5609.529136012133
3545,LOAD,94441445,5294.285787346858
3546,LOAD,89779840,5569.179004997113
3547,LOAD,91680273,5453.735941645811
3548,LOAD,97936465,5105.350698537057
3549,LOAD,97284370,5139.571752379134
3550,LOAD,94123879,5312.148259423095
3551,LOAD,87677670,5702.706287701304
3552,LOAD,89690777,5574.709203377734
3553,LOAD,93026298,5374.824224435976
3554,LOAD,94130731,5311.761575505028
3555,LOAD,89737892,5571.782319112199
3556,LOAD,91798366,5446.720042925383
3557,LOAD,96845362,5162.8698543147575
3558,LOAD,91360345,5472.833974083614
3559,LOAD,97232591,5142.308714163546
3560,LOAD,92327756,5415.489573904514
3561,LOAD,98547864,5073.676685676312
3562,LOAD,92932271,5380.262363329096
3563,LOAD,96185795,5198.272780299835
3564,LOAD,90144609,5546.643393838449
3565,LOAD,93770843,5332.14786178258
3566,LOAD,91593876,5458.880242168155
3567,LOAD,92437819,5409.041509298267
3568,LOAD,92576006,5400.967503393915
3569,LOAD,93533876,5345.656797115946
3570,LOAD,93146508,5367.887758068183
3571,LOAD,94478784,5292.193430431958
3572,LOAD,89250639,5602.200786484005
3573,LOAD,96555441,5178.372081589891
3574,LOAD,90202194,5543.102421655065
3575,LOAD,95687948,5225.318448672345
3576,LOAD,98817883,5059.812908560285
3577,LOAD,96737111,5168.647221643822
3578,LOAD,92369486,5413.043004266582
3579,LOAD,94336974,5300.148804857786
3580,LOAD,91779961,5447.812295322287
3581,LOAD,91462479,5466.722589052064
3582,LOAD,88053184,5678.386371581974
3583,LOAD,93198561,5364.889700389258
3584,LOAD,88168369,5670.96800894661
3585,LOAD,91063028,5490.702549447401
3586,LOAD,99527120,5023.756338975749
3587,LOAD,90943040,5497.946846729557
3588,LOAD,96383987,5187.583701014568
3589,LOAD,96534080,5179.517948479956
3590,LOAD,92110581,5428.25801956455
3591,LOAD,92173562,5424.548961230336
3592,LOAD,90108161,5548.886964855492
3593,LOAD,89494379,5586.943063764932
3594,LOAD,95992394,5208.746017939713
3595,LOAD,88252918,5665.535047804312
3596,LOAD,92208367,5422.501409226778
3597,LOAD,91469446,5466.3062024011815
3598,LOAD,93788427,5331.14815967646
3599,LOAD,94246334,5305.246143579441
3600,LOAD,89986617,5556.381789527658
3601,LOAD,88705320,5636.640508145396
3602,LOAD,96979171,5155.746278755054
3603,LOAD,92218650,5421.896763832478
3604,LOAD,89140203,5609.141365765119
3605,LOAD,94939110,5266.533465502258
3606,LOAD,85684054,5835.391495365054
3607,LOAD,96875276,5161.275617939917
3608,LOAD,96871061,5161.5001925084725
3609,LOAD,96229999,5195.88491318596
3610,LOAD,100660179,4967.207538941491
3611,LOAD,90892866,5500.9817822226005
3612,LOAD,94189450,5308.450150202597
3613,LOAD,102018135,4901.089399448441
3614,LOAD,90537939,5522.54674142737
3615,LOAD,92912532,5381.4053845825665
3616,LOAD,97388028,5134.101288096726
3617,LOAD,96707159,5170.248047510113
3618,LOAD,105794128,4726.160226964582
3619,LOAD,98112542,5096.188415951959
3620,LOAD,96742836,5168.341353978914
3621,LOAD,90980610,5495.676496343562
3622,LOAD,95278807,5247.756723066442
3623,LOAD,92375062,5412.716258853498
3624,LOAD,97432330,5131.766837557923
3625,LOAD,89287625,5599.880162564521
3626,LOAD,95945163,5211.31013139245
3627,LOAD,101032554,4948.89993575734
3628,LOAD,97892362,5107.650788934891
3629,LOAD,91939830,5438.3394008886025
3630,LOAD,114573188,4364.022758972195
3631,LOAD,91319433,5475.285857282973
3632,LOAD,101060810,4947.516252838267
3633,LOAD,94922847,5267.435773391837
3634,LOAD,93830108,5328.779969005258
3635,LOAD,94503858,5290.789292432907
3636,LOAD,92576537,5400.936524553732
3637,LOAD,96436215,5184.774205416503
3638,LOAD,90875667,5502.022890241895
3639,LOAD,88551923,5646.404765258458
3640,LOAD,92580596,5400.69973193951
3641,LOAD,92268230,5418.9833271972375
3642,LOAD,95267810,5248.362484662973
3643,LOAD,93695715,5336.4233359017535
3644,LOAD,102114796,4896.450069782248
3645,LOAD,91589655,5459.131820072911
3646,LOAD,90766822,5508.620760127527
3647,LOAD,98654618,5068.186468473275
3648,LOAD,89947945,5558.770686756657
3649,LOAD,92482715,5406.415674539831
3650,LOAD,98810312,5060.20059930587
3651,LOAD,95704856,5224.395301320969
3652,LOAD,95104518,5257.373787436681
3653,LOAD,96152063,5200.096434748363
3654,LOAD,91908864,5440.171690077684
3655,LOAD,100014293,4999.285452130327
3656,LOAD,92153422,5425.734488731195
3657,LOAD,96086596,5203.639433745785
3658,LOAD,91967804,5436.6852121422835
3659,LOAD,95213629,5251.349047939345
3660,LOAD,94267124,5304.076106108849
3661,LOAD,90543076,5522.233417384671
3662,LOAD,90412147,5530.230357210741
3663,LOAD,98909428,5055.129830495027
3664,LOAD,95307421,5246.181197159873
3665,LOAD,90902397,5500.405011322199
3666,LOAD,91928258,5439.023983245717
3667,LOAD,90668281,5514.607693951979
3668,LOAD,89666273,5576.232659965693
3669,LOAD,94074580,5314.932046467813
3670,LOAD,89345140,5596.2752982423
3671,LOAD,95674834,5226.0346749073005
3672,LOAD,93018283,5375.287350767376
3673,LOAD,95275011,5247.965807109694
3674,LOAD,88647331,5640.327738688489
3675,LOAD,98071937,5098.298405179863
3676,LOAD,92844293,5385.360627389344
3677,LOAD,99134791,5043.638009989853
3678,LOAD,94020642,5317.98113014374
3679,LOAD,91508832,5463.953468447723
3680,LOAD,92655004,5396.362618472284
3681,LOAD,96342699,5189.806858120095
3682,LOAD,99279333,5036.294915478532
3683,LOAD,92396921,5411.435733881219
3684,LOAD,97662137,5119.691370259489
3685,LOAD,92074934,5430.359580817077
3686,LOAD,95371888,5242.635020499961
3687,LOAD,99701020,5014.993828548595
3688,LOAD,96151581,5200.122502405863
3689,LOAD,93749002,5333.390109048841
3690,LOAD,92107237,5428.4550952277505
3691,LOAD,91351141,5473.385384425576
3692,LOAD,94733060,5277.988486807035
3693,LOAD,95292666,5246.993509448041
3694,LOAD,96211271,5196.89631789606
3695,LOAD,99231887,5038.702932254024
3696,LOAD,93710823,5335.563001084731
3697,LOAD,95820033,5218.115506180216
3698,LOAD,101036013,4948.73050859598
3699,LOAD,90561359,5521.118560069312
3700,LOAD,94348315,5299.51170829071
3701,LOAD,92428865,5409.565507485135
3702,LOAD,94156880,5310.286407111196
3703,LOAD,94444349,5294.12299723724
3704,LOAD,99642527,5017.937772694183
3705,LOAD,92494176,5405.745762846734
3706,LOAD,91571572,5460.20985639517
3707,LOAD,96065098,5204.803934098937
3708,LOAD,87512518,5713.468329182346
3709,LOAD,87299915,5727.382437886681
3710,LOAD,86887524,5754.566098580505
3711,LOAD,90127515,5547.695395795613
3712,LOAD,94538900,5288.828196647095
3713,LOAD,95385717,5241.874944442678
3714,LOAD,91986968,5435.552566533121
3715,LOAD,89714879,5573.211551675838
3716,LOAD,87044462,5744.190825144051
3717,LOAD,92778814,5389.16136608515
3718,LOAD,90139122,5546.981032275864
3719,LOAD,91202833,5482.285840835668
3720,LOAD,90908163,5500.056139073011
3721,LOAD,90258614,5539.63746884037
3722,LOAD,89268399,5601.08622537299
3723,LOAD,87896552,5688.505278341294
3724,LOAD,89458077,5589.210239786397
3725,LOAD,88283322,5663.583887339446
3726,LOAD,84751593,5899.594123263264
3727,LOAD,93392922,5353.724771562453
3728,LOAD,90422492,5529.5976580694105
3729,LOAD,88823686,5629.129149177619
3730,LOAD,91202779,5482.289086827058
3731,LOAD,90861071,5502.90673989524
3732,LOAD,95337973,5244.500006309134
3733,LOAD,85891817,5821.276315530733
3734,LOAD,96295290,5192.361952490095
3735,LOAD,88230146,5666.997309513689
3736,LOAD,91475209,5465.961821415462
3737,LOAD,89815311,5566.979554298932
3738,LOAD,88123153,5673.877783288122
3739,LOAD,89935343,5559.549597759359
3740,LOAD,86355057,5790.04886766504
3741,LOAD,96790255,5165.809305905847
3742,LOAD,89562012,5582.72406832486
3743,LOAD,87096604,5740.751958595309
3744,LOAD,92586670,5400.345427694937
3745,LOAD,88096573,5675.589673618745
3746,LOAD,93702686,5336.026333332643
3747,LOAD,89341085,5596.529301160826
3748,LOAD,95780281,5220.281197546288
3749,LOAD,94251401,5304.960931031678
3750,LOAD,90533429,5522.821851804597
3751,LOAD,88707795,5636.483242538043
3752,LOAD,89700212,5574.122834849041
3753,LOAD,90565255,5520.88104869798
3754,LOAD,91455659,5467.130251611877
3755,LOAD,92619907,5398.407493542398
3756,LOAD,90214695,5542.334317042251
3757,LOAD,91559983,5460.900970241552
3758,LOAD,91671193,5454.276132306907
3759,LOAD,90319780,5535.885937720397
3760,LOAD,91358175,5472.963968468065
3761,LOAD,90019494,5554.35248280778
3762,LOAD,94672151,5281.384173895024
3763,LOAD,90389829,5531.59581704707
3764,LOAD,91748975,5449.652162326609
3765,LOAD,87743538,5698.425335891972
3766,LOAD,94400163,5296.60102387747
3767,LOAD,92269314,5418.919663800686
3768,LOAD,87892677,5688.756072363117
3769,LOAD,89156872,5608.092666149167
3770,LOAD,86516043,5779.274949040376
3771,LOAD,88533003,5647.611433670673
3772,LOAD,92332544,5415.20874806612
3773,LOAD,87558045,5710.497533379143
3774,LOAD,90240793,5540.731451683941
3775,LOAD,89123836,5610.171447288243
3776,LOAD,87262275,5729.852906081122
3777,LOAD,87420557,5719.478543244697
3778,LOAD,93588855,5342.516478057137
3779,LOAD,88163718,5671.2671759147
3780,LOAD,92235004,5420.935418401456
3781,LOAD,91402885,5470.286851448945
3782,LOAD,91587379,5459.267482695404
3783,LOAD,90894145,5500.904376183966
3784,LOAD,96873482,5161.371199602384
3785,LOAD,95002302,5263.030363201094
3786,LOAD,95881394,5214.776080539672
3787,LOAD,100392472,4980.45311604639
3788,LOAD,95459452,5237.826003861828
3789,LOAD,94039564,5316.911082233431
3790,LOAD,93747967,5333.448990952519
3791,LOAD,98022325,5100.8788049049035
3792,LOAD,105040693,4760.059989322424
3793,LOAD,101886234,4907.434305600107
3794,LOAD,93525055,5346.160983278759
3795,LOAD,91923491,5439.306042021402
3796,LOAD,94755086,5276.7616083425855
3797,LOAD,97017207,5153.72494695709
3798,LOAD,92624435,5398.143589215956
3799,LOAD,94302124,5302.107511385428
3800,LOAD,105398057,4743.9204690462175
3801,LOAD,91928565,5439.005819355496
3802,LOAD,98140366,5094.743583899004
3803,LOAD,95046342,5260.59172271985
3804,LOAD,93661381,5338.379539802002
3805,LOAD,96711574,5170.0120194507435
3806,LOAD,93592995,5342.280156757459
3807,LOAD,97931756,5105.596186797671
3808,LOAD,92834345,5385.937715185043
3809,LOAD,96220995,5196.3711246178655
3810,LOAD,92537701,5403.203176616631
3811,LOAD,96638633,5173.914246075894
3812,LOAD,105360847,4745.595866365805
3813,LOAD,101802784,4911.457038345827
3814,LOAD,100534344,4973.424802970814
3815,LOAD,96648679,5173.376451425684
3816,LOAD,92933762,5380.176044094717
3817,LOAD,93915115,5323.956638928675
3818,LOAD,98413791,5080.588756102282
3819,LOAD,97089131,5149.907047782723
3820,LOAD,95414977,5240.267468701481
3821,LOAD,99634749,5018.329498677213
3822,LOAD,95930584,5212.102117506133
3823,LOAD,96953682,5157.101717911033
3824,LOAD,100508380,4974.709571480507
3825,LOAD,94635329,5283.439126628914
3826,LOAD,94590160,5285.962091617141
3827,LOAD,96209502,5196.991873006473
3828,LOAD,93705502,5335.865977218712
3829,LOAD,93824836,5329.079392155825
3830,LOAD,87523917,5712.724214570972
3831,LOAD,93616496,5340.939058432607
3832,LOAD,97631049,5121.321599238373
3833,LOAD,92790981,5388.454724926337
3834,LOAD,91081545,5489.586282270464
3835,LOAD,90936040,5498.370063178471
3836,LOAD,97393188,5133.82927766981
3837,LOAD,94544357,5288.522931093603
3838,LOAD,94879135,5269.86254670218
3839,LOAD,94976940,5264.43576725045
3840,LOAD,92931912,5380.28314751557
3841,LOAD,93267825,5360.905542720655
3842,LOAD,93506326,5347.231801193857
3843,LOAD,91505764,5464.136663565806
3844,LOAD,97480251,5129.244076320649
3845,LOAD,94582338,5286.399242953796
3846,LOAD,87728370,5699.4105783568075
3847,LOAD,93435545,5351.282533857966
3848,LOAD,91406743,5470.055967315234
3849,LOAD,100522079,4974.03162543027
3850,LOAD,94788511,5274.900879073836
3851,LOAD,91993125,5435.188770899999
3852,LOAD,96187241,5198.194633735258
3853,LOAD,94616107,5284.512498490347
3854,LOAD,94475524,5292.376044402781
3855,LOAD,96896954,5160.120925989067
3856,LOAD,96029614,5206.727166475958
3857,LOAD,94810848,5273.658136672293
3858,LOAD,95640738,5227.897760471066
3859,LOAD,93585981,5342.680545283806
3860,LOAD,94372495,5298.153874177005
3861,LOAD,92817547,5386.912455249437
3862,LOAD,94618667,5284.369520868435
3863,LOAD,95758680,5221.458775329818
3864,LOAD,94771172,5275.865956369095
3865,LOAD,92880948,5383.235321844476
3866,LOAD,95845010,5216.755676690941
3867,LOAD,98477076,5077.323782440494
3868,LOAD,92492092,5405.867563250705
3869,LOAD,94689448,5280.419419067688
3870,LOAD,94056386,5315.960151817868
3871,LOAD,97350383,5136.086624333055
3872,LOAD,92472223,5407.029092401077
3873,LOAD,89221124,5604.054035454653
3874,LOAD,92684691,5394.634158083345
3875,LOAD,96123533,5201.6398523346
3876,LOAD,96849562,5162.645960133511
3877,LOAD,92609509,5399.013615329717
3878,LOAD,93202634,5364.655252125171
3879,LOAD,96725196,5169.283916467845
3880,LOAD,92695039,5394.031928720587
3881,LOAD,93893218,5325.198248077939
3882,LOAD,97492888,5128.579225184098
3883,LOAD,91466718,5466.4692352905895
3884,LOAD,100370189,4981.558817230085
3885,LOAD,92626127,5398.044981412209
3886,LOAD,90229664,5541.414849998776
3887,LOAD,92087684,5429.607720398311
3888,LOAD,99792001,5010.421626879694
3889,LOAD,95231805,5250.346772278442
3890,LOAD,87307147,5726.908015903899
3891,LOAD,94645089,5282.894287309508
3892,LOAD,93650097,5339.022766842409
3893,LOAD,90976429,5495.929060921922
3894,LOAD,88281544,5663.697952541474
3895,LOAD,98066786,5098.56619549049
3896,LOAD,93659569,5338.482819625189
3897,LOAD,98338986,5084.453484195983
3898,LOAD,96986907,5155.335039192455
3899,LOAD,94976740,5264.446852987374
3900,LOAD,97621906,5121.801248174769
3901,LOAD,99909092,5004.549535892089
3902,LOAD,96843033,5162.994017339378
3903,LOAD,95673903,5226.0855293005025
3904,LOAD,90041160,5553.015976249084
3905,LOAD,92677207,5395.069793158526
3906,LOAD,90468652,5526.776280473373
3907,LOAD,95586928,5230.840769357082
3908,LOAD,95528313,5234.0503490310775
3909,LOAD,102922889,4858.005880499526
3910,LOAD,90561473,5521.111610011025
3911,LOAD,92894043,5382.476462995587
3912,LOAD,94311219,5301.596197160807
3913,LOAD,91561410,5460.8158611799445
3914,LOAD,87215547,5732.92282395477
3915,LOAD,98803073,5060.571344779934
3916,LOAD,94335260,5300.245104534614
3917,LOAD,92491512,5405.901462612051
3918,LOAD,92613646,5398.772444397665
3919,LOAD,94374536,5298.039293141532
3920,LOAD,89779994,5569.169452161024
3921,LOAD,91163434,5484.655174354226
3922,LOAD,92926893,5380.573737680006
3923,LOAD,95021667,5261.957780639652
3924,LOAD,97027421,5153.182418401082
3925,LOAD,95187902,5252.768361256664
3926,LOAD,96855259,5162.34229470183
3927,LOAD,94844183,5271.804597652552
3928,LOAD,93253372,5361.736409917703
3929,LOAD,91716710,5451.5692941885945
3930,LOAD,89521422,5585.255336985152
3931,LOAD,94507344,5290.594136260987
3932,LOAD,96966817,5156.403143561988
3933,LOAD,97844176,5110.166189145483
3934,LOAD,90410689,5530.319539982712
3935,LOAD,95801460,5219.127140651092
3936,LOAD,92848361,5385.124676568065
3937,LOAD,93292876,5359.466032540363
3938,LOAD,97696531,5117.888986252747
3939,LOAD,95003078,5262.987373945926
3940,LOAD,90127760,5547.680315143747
3941,LOAD,93673708,5337.677035267997
3942,LOAD,97379216,5134.5658810808245
3943,LOAD,94234399,5305.918065015728
3944,LOAD,88888229,5625.041758903758
3945,LOAD,92181082,5424.10643433324
3946,LOAD,95264689,5248.534428113233
3947,LOAD,95362214,5243.166858521133
3948,LOAD,96816371,5164.415840374764
3949,LOAD,93215600,5363.909045267101
3950,LOAD,98686939,5066.526584637507
3951,LOAD,95439794,5238.904853461859
3952,LOAD,93587674,5342.583896251123
3953,LOAD,95506820,5235.2282276804945
3954,LOAD,90341180,5534.574598206488
3955,LOAD,94381732,5297.635351722513
3956,LOAD,99366780,5031.862761377595
3957,LOAD,98161907,5093.625575142912
3958,LOAD,100952164,4952.840832614544
3959,LOAD,94568957,5287.147240082177
3960,LOAD,95184427,5252.960129706932
3961,LOAD,93548420,5344.825706302683
3962,LOAD,91808052,5446.145399098545
3963,LOAD,97389144,5134.0424554917545
3964,LOAD,94265369,5304.1748555612185
3965,LOAD,93263003,5361.18271893947
3966,LOAD,93601700,5341.783322311454
3967,LOAD,91417229,5469.428525338479
3968,LOAD,89438544,5590.43089968012
3969,LOAD,98870805,5057.104571971473
3970,LOAD,91968465,5436.6461373471875
3971,LOAD,92340977,5414.714206456793
3972,LOAD,92646267,5396.871522087339
3973,LOAD,91071929,5490.165910507946
3974,LOAD,92605061,5399.272940384975
3975,LOAD,103185644,4845.635309501
3976,LOAD,97199295,5144.070232196643
3977,LOAD,95125488,5256.21482225668
3978,LOAD,95149912,5254.865606181538
3979,LOAD,95252652,5249.19768113123
3980,LOAD,91502478,5464.332889432787
3981,LOAD,91188590,5483.142134339395
3982,LOAD,101049474,4948.071278431395
3983,LOAD,99565792,5021.805079399158
3984,LOAD,95599314,5230.1630532620775
3985,LOAD,100959716,4952.4703496590655
3986,LOAD,104253983,4795.979833211744
3987,LOAD,97216457,5143.162129432469
3988,LOAD,98373036,5082.693595021302
3989,LOAD,173306563,2885.0609656369447
3990,LOAD,928077642,538.7480285835827
3991,LOAD,533794508,936.6900417791485
3992,LOAD,440876310,1134.104937505034
3993,LOAD,353311009,1415.1837538693846
3994,LOAD,304216174,1643.568102989817
3995,LOAD,269155396,1857.662924209032
3996,LOAD,265689758,1881.8941451254586
3997,LOAD,243604627,2052.506170172211
3998,LOAD,230020345,2173.720763700272
3999,LOAD,226901798,2203.596465110426
4000,LOAD,219322187,2279.7511133700305
4001,LOAD,204365797,2446.593350451886
4002,LOAD,186820883,2676.3603295890643
4003,LOAD,180511649,2769.9043400794594
4004,LOAD,174576647,2864.0715043633527
4005,LOAD,167543530,2984.299065442873
4006,LOAD,161967912,3087.031213935758
4007,LOAD,176927007,2826.0241806950366
4008,LOAD,170225329,2937.2832053683383
4009,LOAD,178591302,2799.688419316188
4010,LOAD,175267980,2852.7743630068653
4011,LOAD,169059164,2957.5444960794907
4012,LOAD,572316946,873.6417879892726
4013,LOAD,165432535,3022.380089865636
4014,LOAD,165753031,3016.5360897683977
4015,LOAD,165408950,3022.8110389431768
4016,LOAD,165277624,3025.212898752707
4017,LOAD,169046053,2957.7738795238242
4018,LOAD,163726823,3053.867355625657
4019,LOAD,173741765,2877.8342386472245
4020,LOAD,165719024,3017.1551094821803
4021,LOAD,169595314,2948.1946653313785
4022,LOAD,167170617,2990.9562396362994
4023,LOAD,173718195,2878.2247017936147
4024,LOAD,166251422,3007.4930727509804
4025,LOAD,169935573,2942.2915471618176
4026,LOAD,168970721,2959.0925400620145
4027,LOAD,171026539,2923.5228808553506
4028,LOAD,169561940,2948.7749432449286
4029,LOAD,173549384,2881.0243429040347
4030,LOAD,164814746,3033.7091318273183
4031,LOAD,172956801,2890.895281995878
4032,LOAD,166211936,3008.2075453353723
4033,LOAD,166534168,3002.3868735453734
4034,LOAD,169086462,2957.067018174406
4035,LOAD,163241407,3062.948360889832
4036,LOAD,171913742,2908.435324501284
4037,LOAD,171997756,2907.014670586749
4038,LOAD,162668717,3073.731748926255
4039,LOAD,166880456,2996.1567219111625
4040,LOAD,165716823,3017.1951824106595
4041,LOAD,169218323,2954.7627652591736
4042,LOAD,171032348,2923.4235853442183
4043,LOAD,169869026,2943.4442038891775
4044,LOAD,167467614,2985.651900432522
4045,LOAD,168240922,2971.928553743898
4046,LOAD,163255736,3062.6795250857217
4047,LOAD,169858563,2943.6255150704415
4048,LOAD,159922943,3126.505744707312
4049,LOAD,163948563,3049.7370080639253
4050,LOAD,168233972,2972.0513286103715
4051,LOAD,171824641,2909.9435161921856
4052,LOAD,168187592,2972.8709119041314
4053,LOAD,169462950,2950.4974391157475
4054,LOAD,167065889,2992.8311697428553
4055,LOAD,166465028,3003.6338923993094
4056,LOAD,163576299,3056.6775447095793
4057,LOAD,161033914,3104.936019874671
4058,LOAD,168148439,2973.56313846006
4059,LOAD,168031601,2975.6307565027605
4060,LOAD,170458037,2933.273248946308
4061,LOAD,167657623,2982.2682145505546
4062,LOAD,166537029,3002.335294452743
4063,LOAD,163627667,3055.7179550815204
4064,LOAD,164178254,3045.470321544533
4065,LOAD,162092639,3084.655805992523
4066,LOAD,168362429,2969.7837158194006
4067,LOAD,167297233,2988.692586445826
4068,LOAD,170644013,2930.0764275861234
4069,LOAD,164546050,3038.6630368823803
4070,LOAD,165510068,3020.964259406866
4071,LOAD,161275736,3100.280379436619
4072,LOAD,167291252,2988.799438239604
4073,LOAD,163991307,3048.942100327306
4074,LOAD,164039137,3048.0530996697453
4075,LOAD,166260391,3007.330832032026
4076,LOAD,173173503,2887.277737865013
4077,LOAD,162888215,3069.58977971488
4078,LOAD,173470604,2882.3327322939394
4079,LOAD,171114429,2922.021263326659
4080,LOAD,173666253,2879.0855526778714
4081,LOAD,170612654,2930.614982403357
4082,LOAD,166069180,3010.793453667923
4083,LOAD,170873077,2926.148511974183
4084,LOAD,171045740,2923.1946963426276
4085,LOAD,175047829,2856.362188873534
4086,LOAD,171420472,2916.804475955474
4087,LOAD,165730510,3016.9460046915924
4088,LOAD,170959707,2924.6657517961235
4089,LOAD,166445339,3003.989195516013
4090,LOAD,163909721,3050.4597100741817
4091,LOAD,171211878,2920.3581307600634
4092,LOAD,170893992,2925.7903929121157
4093,LOAD,169812729,2944.420026369166
4094,LOAD,169920953,2942.5447019473813
4095,LOAD,169304472,2953.259261810875
4096,LOAD,165390073,3023.1560512099177
4097,LOAD,168190488,2972.819723312771
4098,LOAD,165889933,3014.046669124883
4099,LOAD,168478763,2967.733090490461
4100,LOAD,169356562,2952.3509103827937
4101,LOAD,173205163,2886.7499752302415
4102,LOAD,158811187,3148.3928144180422
4103,LOAD,168760604,2962.776786459001
4104,LOAD,165406126,3022.862647783674
4105,LOAD,167857974,2978.708655211101
4106,LOAD,166292846,3006.743898050792
4107,LOAD,168137251,2973.761001956669
4108,LOAD,164985267,3030.573632977786
4109,LOAD,169077648,2957.2211697669227
4110,LOAD,168138092,2973.746127677005
4111,LOAD,174553768,2864.4469021144246
4112,LOAD,165153339,3027.489501741167
4113,LOAD,168077693,2974.8147483199928
4114,LOAD,167948028,2977.11146688784
4115,LOAD,165465010,3021.7869022580667
4116,LOAD,170709407,2928.953997245155
4117,LOAD,171824466,2909.946479915148
4118,LOAD,174944126,2858.055377063646
4119,LOAD,172059445,2905.9724097099115
4120,LOAD,170756737,2928.142155820183
4121,LOAD,168618570,2965.2724489360808
4122,LOAD,165309461,3024.6302720689414
4123,LOAD,159901067,3126.9334806877805
4124,LOAD,162534766,3076.2649266065328
4125,LOAD,172154276,2904.371657895968
4126,LOAD,172396804,2900.285784880328
4127,LOAD,173760931,2877.516810726572
4128,LOAD,166248222,3007.5509619585587
4129,LOAD,168266568,2971.4755934167506
4130,LOAD,165533137,3020.543252315698
4131,LOAD,166542479,3002.2370448803035
4132,LOAD,160364631,3117.894493830126
4133,LOAD,164335769,3042.551253707889
4134,LOAD,163022600,3067.059413848141
4135,LOAD,175844166,2843.426719087172
4136,LOAD,160078894,3123.4598609857962
4137,LOAD,170222140,2937.338233440139
4138,LOAD,165715155,3017.22555188148
4139,LOAD,166597722,3001.241517576093
4140,LOAD,162275179,3081.1859403341036
4141,LOAD,164256087,3044.027220738553
4142,LOAD,167855223,2978.757473635479
4143,LOAD,167462895,2985.7360342420925
4144,LOAD,166126005,3009.763582769597
4145,LOAD,163794790,3052.600146805646
4146,LOAD,163539963,3057.3566902421276
4147,LOAD,163840250,3051.7531558942323
4148,LOAD,164184657,3045.351551941909
4149,LOAD,168509372,2967.194014585729
4150,LOAD,164357516,3042.1486778858352
4151,LOAD,170677826,2929.4959498722465
4152,LOAD,165638498,3018.621914815963
4153,LOAD,172442940,2899.50983206387
4154,LOAD,166108717,3010.0768281775363
4155,LOAD,166099823,3010.23800609348
4156,LOAD,158499514,3154.583805222267
4157,LOAD,170716286,2928.8359752624892
4158,LOAD,168675427,2964.272916884331
4159,LOAD,175146471,2854.753493720122
4160,LOAD,169190550,2955.2477960500746
4161,LOAD,169773362,2945.1027776666165
4162,LOAD,165716780,3017.195965309005
4163,LOAD,165010529,3030.1096725773177
4164,LOAD,166835340,2996.966949568359
4165,LOAD,168032460,2975.6155447584356
4166,LOAD,170175658,2938.1405418159156
4167,LOAD,170878232,2926.060236859192
4168,LOAD,161869774,3088.9028114662096
4169,LOAD,177293143,2820.188031750331
4170,LOAD,172915687,2891.5826474436644
4171,LOAD,171917153,2908.377618375288
4172,LOAD,167688726,2981.7150617507823
4173,LOAD,159417599,3136.4165759390216
4174,LOAD,169252430,2954.167334554665
4175,LOAD,176937332,2825.8592708971105
4176,LOAD,173895402,2875.2916652735876
4177,LOAD,176056345,2839.9998875360047
4178,LOAD,163246694,3062.849162507389
4179,LOAD,171602224,2913.7151509178575
4180,LOAD,158075385,3163.0478078544616
4181,LOAD,169332013,2952.778929049878
4182,LOAD,168414574,2968.864202928186
4183,LOAD,169116504,2956.5417222673905
4184,LOAD,170886265,2925.922688988492
4185,LOAD,172241870,2902.894632994869
4186,LOAD,168149706,2973.540732803898
4187,LOAD,171836258,2909.7467892951904
4188,LOAD,168650652,2964.7083724289428
4189,LOAD,172543735,2897.8160232824453
4190,LOAD,169554980,2948.8959864228113
4191,LOAD,167871615,2978.4666097362556
4192,LOAD,172266301,2902.4829412224967
4193,LOAD,169643942,2947.3495729072365
4194,LOAD,174590853,2863.838462373513
4195,LOAD,171269633,2919.3733368950466
4196,LOAD,166399592,3004.8150598830794
4197,LOAD,170132706,2938.88230990695
4198,LOAD,163574775,3056.7060232850695
4199,LOAD,169442568,2950.852350160321
4200,LOAD,172723314,2894.8031879471696
4201,LOAD,168626483,2965.133299969258
4202,LOAD,168740612,2963.127809445186
4203,LOAD,173195843,2886.9053167748375
4204,LOAD,165967510,3012.6378349593847
4205,LOAD,168832220,2961.5200226591824
4206,LOAD,163922515,3050.221624527906
4207,LOAD,170062019,2940.1038688127064
4208,LOAD,167895064,2978.050623334585
4209,LOAD,172549739,2897.7151915599247
4210,LOAD,173401528,2883.4809344932646
4211,LOAD,174697971,2862.0824680327855
4212,LOAD,173403797,2883.443203957062
4213,LOAD,165992880,3012.1773897772
4214,LOAD,165898440,3013.8921137534508
4215,LOAD,168071812,2974.918840049157
4216,LOAD,162427131,3078.303463969945
4217,LOAD,163883642,3050.945133377009
4218,LOAD,170885608,2925.933938216728
4219,LOAD,176477045,2833.229670181751
4220,LOAD,171538767,2914.7930158551276
4221,LOAD,166462061,3003.6874288129834
4222,LOAD,168685692,2964.092532519
4223,LOAD,168374242,2969.5753582071065
4224,LOAD,170543354,2931.8058327854865
4225,LOAD,164982014,3030.633387709766
4226,LOAD,160493824,3115.384676733729
4227,LOAD,167341760,2987.8973425402005
4228,LOAD,159207381,3140.5579116963177
4229,LOAD,168315767,2970.6070257814886
4230,LOAD,168788653,2962.284437449714
4231,LOAD,166708448,2999.2481244861688
4232,LOAD,169347063,2952.5165133805717
4233,LOAD,165720379,3017.130439944263
4234,LOAD,171772731,2910.8229058778834
4235,LOAD,165158392,3027.396876084868
4236,LOAD,177006575,2824.7538262349863
4237,LOAD,174392982,2867.0878510466664
4238,LOAD,173399585,2883.513244855805
4239,LOAD,176658225,2830.3239206665867
4240,LOAD,168248470,2971.795226429102
4241,LOAD,163603584,3056.1677670826575
4242,LOAD,167708328,2981.366554438489
4243,LOAD,160518811,3114.8997234972044
4244,LOAD,168663200,2964.4878076545447
4245,LOAD,162848694,3070.334724330058
4246,LOAD,173781975,2877.1683599521757
4247,LOAD,169372827,2952.067393903746
4248,LOAD,168945784,2959.5293126699157
4249,LOAD,165298844,3024.8245414226853
4250,LOAD,170181416,2938.0411313536138
4251,LOAD,165242378,3025.8581730166093
4252,LOAD,170541589,2931.8361751631155
4253,LOAD,169263779,2953.9692600151625
4254,LOAD,175046086,2856.390630750807
4255,LOAD,169446008,2950.79244357294
4256,LOAD,166646689,3000.359641108741
4257,LOAD,126858139,3941.4104916043266
4258,LOAD,111171421,4497.55877457031
4259,LOAD,107489735,4651.606965074386
4260,LOAD,106427343,4698.04080329244
4261,LOAD,109959986,4547.108618220449
4262,LOAD,107233569,4662.719003598583
4263,LOAD,118542745,4217.887817596936
4264,LOAD,106771178,4682.911712372415
4265,LOAD,103835455,4815.310916680627
4266,LOAD,109257405,4576.348852510271
4267,LOAD,104003212,4807.543828550219
4268,LOAD,103449429,4833.279456767229
4269,LOAD,99927788,5003.613209170607
4270,LOAD,101915864,4906.007567183064
4271,LOAD,108907476,4591.0530513075155
4272,LOAD,105846286,4723.83131137922
4273,LOAD,110879583,4509.396468419258
4274,LOAD,111040258,4502.8713820171415
4275,LOAD,109013120,4586.603887678841
4276,LOAD,105404548,4743.628329965421
4277,LOAD,105618470,4734.020479561956
4278,LOAD,104464404,4786.319366738549
4279,LOAD,107492178,4651.501246909333
4280,LOAD,105987158,4717.552668031725
4281,LOAD,108013706,4629.04216988907
4282,LOAD,110349065,4531.075999601809
4283,LOAD,106079722,4713.436183401763
4284,LOAD,105069595,4758.750616674595
4285,LOAD,108519910,4607.449453284656
4286,LOAD,109818346,4552.973325604448
4287,LOAD,109541971,4564.4605025410765
4288,LOAD,104698712,4775.6079368005985
4289,LOAD,103815495,4816.236728438274
4290,LOAD,103755612,4819.016440286623
4291,LOAD,108334544,4615.333037262796
4292,LOAD,101304546,4935.612662436689
4293,LOAD,106990276,4673.321900767879
4294,LOAD,108263219,4618.373669454628
4295,LOAD,111700996,4476.235825148775
4296,LOAD,113853794,4391.597174179369
4297,LOAD,108308260,4616.4530756933955
4298,LOAD,111343796,4490.595955611214
4299,LOAD,105471283,4740.626887036161
4300,LOAD,103329438,4838.8920880417445
4301,LOAD,106550467,4692.611999532579
4302,LOAD,109171911,4579.9326531895185
4303,LOAD,112208043,4456.008559029944
4304,LOAD,105405733,4743.575000801901
4305,LOAD,105533937,4737.812444161919
4306,LOAD,101869231,4908.253405780593
4307,LOAD,106478109,4695.800899319126
4308,LOAD,113217230,4416.28893411365
4309,LOAD,111533016,4482.977488925791
4310,LOAD,103984086,4808.428089659797
4311,LOAD,101059064,4947.601731201469
4312,LOAD,110364755,4530.431839403803
4313,LOAD,111577540,4481.188597633538
4314,LOAD,111766017,4473.631730117036
4315,LOAD,110263813,4534.579264005681
4316,LOAD,103204322,4844.758342581816
4317,LOAD,113591913,4401.721802149771
4318,LOAD,105646241,4732.776057787044
4319,LOAD,112801028,4432.583717233499
4320,LOAD,111841342,4470.618744900253
4321,LOAD,110081139,4542.10416554647
4322,LOAD,106100031,4712.533967120142
4323,LOAD,108592592,4604.365645862841
4324,LOAD,111790148,4472.666052826051
4325,LOAD,110607338,4520.495737814429
4326,LOAD,109220347,4577.901588245275
4327,LOAD,115232820,4339.04160290445
4328,LOAD,111290009,4492.7662823713135
4329,LOAD,109827840,4552.579746628906
4330,LOAD,112267056,4453.666265195375
4331,LOAD,111099632,4500.464952035125
4332,LOAD,112434025,4447.052393614833
4333,LOAD,115260222,4338.010037842891
4334,LOAD,107558602,4648.62866105307
4335,LOAD,113745028,4395.7965353879035
4336,LOAD,108240507,4619.342738296671
4337,LOAD,110531803,4523.584945049706
4338,LOAD,107752843,4640.248796034087
4339,LOAD,111731292,4475.022091394057
4340,LOAD,111878655,4469.127734865959
4341,LOAD,107991425,4629.997242836642
4342,LOAD,110873157,4509.65782457155
4343,LOAD,106806885,4681.3461510463485
4344,LOAD,103828548,4815.631246234899
4345,LOAD,110618407,4520.043395671029
4346,LOAD,103961877,4809.455296771912
4347,LOAD,101810842,4911.068312351253
4348,LOAD,108136706,4623.776869992693
4349,LOAD,113208771,4416.618920807823
4350,LOAD,106580607,4691.284972696768
4351,LOAD,106180952,4708.942522948938
4352,LOAD,106293673,4703.94884180924
4353,LOAD,109781319,4554.50895065307
4354,LOAD,113384778,4409.76301069267
4355,LOAD,104159139,4800.346899948933
4356,LOAD,107007568,4672.566710421827
4357,LOAD,101303320,4935.672394547385
4358,LOAD,115569157,4326.413837214371
4359,LOAD,104150861,4800.728435648746
4360,LOAD,112416260,4447.755155704343
4361,LOAD,102524385,4876.88855680529
4362,LOAD,104757892,4772.910092539853
4363,LOAD,99369006,5031.7500408527785
4364,LOAD,105701718,4730.292084751168
4365,LOAD,114004273,4385.800521705007
4366,LOAD,107462896,4652.7687100485355
4367,LOAD,110434892,4527.554570343584
4368,LOAD,106947064,4675.210158176947
4369,LOAD,106232490,4706.658010181254
4370,LOAD,108050735,4627.455796575563
4371,LOAD,108809816,4595.173656023828
4372,LOAD,106520468,4693.933564017011
4373,LOAD,102008609,4901.547084128949
4374,LOAD,100721735,4964.171834410914
4375,LOAD,110447292,4527.046258408943
4376,LOAD,108240962,4619.323320500422
4377,LOAD,102750982,4866.133542159237
4378,LOAD,101237668,4938.873147492888
4379,LOAD,103853197,4814.488281954382
4380,LOAD,116306928,4298.970049316409
4381,LOAD,105108873,4756.9723252574495
4382,LOAD,106726370,4684.877786061683
4383,LOAD,103952998,4809.866089672565
4384,LOAD,109745068,4556.013396428894
4385,LOAD,102398477,4882.885123379325
4386,LOAD,88554028,5646.2705457057245
4387,LOAD,113735945,4396.147585532437
4388,LOAD,104697485,4775.663904438583
4389,LOAD,103823803,4815.85133228071
4390,LOAD,109540413,4564.525423142233
4391,LOAD,112115530,4459.6854690871105
4392,LOAD,109074347,4584.029276838119
4393,LOAD,104868431,4767.879096045597
4394,LOAD,108819873,4594.748975676529
4395,LOAD,100837401,4958.47765850292
4396,LOAD,108007477,4629.309135699929
4397,LOAD,106977941,4673.8607541530455
4398,LOAD,107505535,4650.923322227083
4399,LOAD,106905046,4677.047704558306
4400,LOAD,106074114,4713.685376622613
4401,LOAD,107919993,4633.061827570726
4402,LOAD,106216229,4707.378568297694
4403,LOAD,106722522,4685.046704574692
4404,LOAD,109959934,4547.110768545932
4405,LOAD,106494662,4695.071007408803
4406,LOAD,109189386,4579.199666898026
4407,LOAD,112470231,4445.6208149870345
4408,LOAD,109282352,4575.304162560484
4409,LOAD,104775585,4772.104111850103
4410,LOAD,107968271,4630.990154505669
4411,LOAD,107091397,4668.909118815585
4412,LOAD,112987259,4425.277720915417
4413,LOAD,104055669,4805.120228480776
4414,LOAD,108028618,4628.403188495849
4415,LOAD,100559198,4972.195581750761
4416,LOAD,106324032,4702.605710061861
4417,LOAD,109568431,4563.35821766034
4418,LOAD,108734752,4598.345890373668
4419,LOAD,107117555,4667.768975869548
4420,LOAD,108720230,4598.960101537681
4421,LOAD,121179954,4126.094981023016
4422,LOAD,106034792,4715.433402274228
4423,LOAD,111262039,4493.895712265348
4424,LOAD,114107189,4381.8448634292445
4425,LOAD,112169444,4457.541930937983
4426,LOAD,111322437,4491.457548670085
4427,LOAD,104575926,4781.215133586291
4428,LOAD,110345114,4531.238238604747
4429,LOAD,113247135,4415.12273136093
4430,LOAD,106294672,4703.904632209599
4431,LOAD,114834406,4354.0957576773635
4432,LOAD,104128367,4801.7654977725715
4433,LOAD,110717462,4515.999472603518
4434,LOAD,115361284,4334.209733657264
4435,LOAD,104516508,4783.933271096274
4436,LOAD,110040856,4543.766907811041
4437,LOAD,111501817,4484.23185785394
4438,LOAD,113613254,4400.894987128879
4439,LOAD,112732433,4435.280838833666
4440,LOAD,111115475,4499.823269441093
4441,LOAD,107912511,4633.383056020261
4442,LOAD,112905850,4428.468498310761
4443,LOAD,106683703,4686.751452562535
4444,LOAD,116196454,4303.057303280529
4445,LOAD,103920236,4811.382452980572
4446,LOAD,110750326,4514.659397029676
4447,LOAD,109163869,4580.2700525390865
4448,LOAD,109074118,4584.038900960904
4449,LOAD,112796083,4432.778042478656
4450,LOAD,106128059,4711.289405566156
4451,LOAD,110842662,4510.898520282742
4452,LOAD,104742501,4773.611430187255
4453,LOAD,107673991,4643.646950915007
4454,LOAD,111400073,4488.327399929082
4455,LOAD,112535882,4443.027335938949
4456,LOAD,113149608,4418.928256472616
4457,LOAD,108353362,4614.531480804444
4458,LOAD,110838327,4511.074946124007
4459,LOAD,113712090,4397.069827843284
4460,LOAD,105007824,4761.549958410718
4461,LOAD,110522593,4523.9619016177085
4462,LOAD,108865830,4592.809332368109
4463,LOAD,109062292,4584.53596408922
4464,LOAD,109559640,4563.724378794966
4465,LOAD,110370324,4530.203245575323
4466,LOAD,111846075,4470.429561341334
4467,LOAD,108799587,4595.605680010532
4468,LOAD,97459875,5130.3164507444735
4469,LOAD,109495971,4566.378063353582
4470,LOAD,111577214,4481.201690517206
4471,LOAD,112280483,4453.133675956845
4472,LOAD,103981524,4808.546564483898
4473,LOAD,109023326,4586.174521955054
4474,LOAD,104418564,4788.420572418521
4475,LOAD,103855187,4814.3960301183615
4476,LOAD,103234752,4843.330276998196
4477,LOAD,100358715,4982.128358259669
4478,LOAD,101579619,4922.247247255377
4479,LOAD,102395546,4883.024892508508
4480,LOAD,104742231,4773.623735396662
4481,LOAD,107515262,4650.502549117166
4482,LOAD,108445141,4610.626122935282
4483,LOAD,102871937,4860.412028598236
4484,LOAD,109584804,4562.676409039341
4485,LOAD,106819039,4680.813501795312
4486,LOAD,101642746,4919.190199761034
4487,LOAD,109615789,4561.386681256292
4488,LOAD,106278234,4704.632182728968
4489,LOAD,102656464,4870.613895292556
4490,LOAD,102892087,4859.460183755433
4491,LOAD,117152993,4267.923398252403
4492,LOAD,107280825,4660.665128181108
4493,LOAD,108506038,4608.038494595112
4494,LOAD,108265829,4618.2623327993915
4495,LOAD,105448251,4741.662334446875
4496,LOAD,115234605,4338.974390548742
4497,LOAD,108294317,4617.0474485747945
4498,LOAD,107147985,4666.4433306888595
4499,LOAD,109913889,4549.015638960787
4500,LOAD,111859515,4469.89243606143
4501,LOAD,108803332,4595.447499714439
4502,LOAD,110535544,4523.431847406478
4503,LOAD,105041191,4760.037421890999
4504,LOAD,111598118,4480.362294281701
4505,LOAD,105078293,4758.356704557429
4506,LOAD,106356403,4701.174408841186
4507,LOAD,108797992,4595.673052495306
4508,LOAD,106203301,4707.951591824815
4509,LOAD,110692523,4517.016926247132
4510,LOAD,107762860,4639.817465869039
4511,LOAD,106384456,4699.934734826298
4512,LOAD,1774777536,281.72545001155567
4513,LOAD,107387454,4656.037380307014
4514,LOAD,105943130,4719.513195428528
4515,LOAD,105854884,4723.4476209902605
4516,LOAD,100700415,4965.2228344838495
4517,LOAD,109040208,4585.464473802177
4518,LOAD,106522262,4693.854510900266
4519,LOAD,112008497,4463.947052159801
4520,LOAD,96598586,5176.059202357269
4521,LOAD,103705975,4821.322975845896
4522,LOAD,102650187,4870.911730535864
4523,LOAD,106534837,4693.3004647109
4524,LOAD,105400453,4743.812628585192
4525,LOAD,101969828,4903.4112325853885
4526,LOAD,94516942,5290.056887367346
4527,LOAD,105886381,4722.042582605595
4528,LOAD,102676080,4869.683377082569
4529,LOAD,106008254,4716.613859143459
4530,LOAD,101912174,4906.185202172215
4531,LOAD,101323281,4934.700051807442
4532,LOAD,99965381,5001.731549445102
4533,LOAD,111164921,4497.821754400384
4534,LOAD,105288499,4748.856757849687
4535,LOAD,108494944,4608.509683179338
4536,LOAD,100794485,4960.588865551523
4537,LOAD,103216510,4844.186264387355
4538,LOAD,97944643,5104.924421440793
4539,LOAD,108531313,4606.9653649173115
4540,LOAD,105255502,4750.34549737837
4541,LOAD,99536925,5023.261468043141
4542,LOAD,107505760,4650.9135882579685
4543,LOAD,102585697,4873.973805529635
4544,LOAD,104514070,4784.044865920924
4545,LOAD,101999196,4901.9994236033
4546,LOAD,109973910,4546.532900394284
4547,LOAD,101484185,4926.876044774858
4548,LOAD,106366164,4700.742991916113
4549,LOAD,107850604,4636.042650257202
4550,LOAD,110060033,4542.975196091391
4551,LOAD,107845399,4636.2664020557795
4552,LOAD,107024509,4671.827085887401
4553,LOAD,103492733,4831.257089326262
4554,LOAD,114794043,4355.626711396514
4555,LOAD,105118235,4756.548661609473
4556,LOAD,109234466,4577.309875804218
4557,LOAD,104647965,4777.923775201935
4558,LOAD,108270703,4618.054433432468
4559,LOAD,106838678,4679.953078416039
4560,LOAD,107450327,4653.312967581755
4561,LOAD,108598195,4604.128088869249
4562,LOAD,103140132,4847.773512642005
4563,LOAD,102379706,4883.780385147814
4564,LOAD,106691010,4686.430468696472
4565,LOAD,106713664,4685.435597075928
4566,LOAD,106720733,4685.125241784087
4567,LOAD,110552860,4522.723337957969
4568,LOAD,103460354,4832.769081768269
4569,LOAD,100930028,4953.927090954538
4570,LOAD,109516006,4565.542684235581
4571,LOAD,101929523,4905.3501408026805
4572,LOAD,107861877,4635.558122171376
4573,LOAD,103627995,4824.9510183035
4574,LOAD,102040343,4900.022729245431
4575,LOAD,104692983,4775.869267188614
4576,LOAD,107691823,4642.87803912466
4577,LOAD,106098520,4712.601080580577
4578,LOAD,105590011,4735.296409809068
4579,LOAD,116132654,4305.421281425291
4580,LOAD,110880068,4509.376743888721
4581,LOAD,105759459,4727.709509179694
4582,LOAD,112902164,4428.613077779449
4583,LOAD,103722838,4820.539137195609
4584,LOAD,106006662,4716.684692892226
4585,LOAD,110239963,4535.560303118026
4586,LOAD,110632813,4519.454820334362
4587,LOAD,105209438,4752.425347999672
4588,LOAD,112064127,4461.73109437599
4589,LOAD,118841081,4207.299326063855
4590,LOAD,105743912,4728.404600730111
4591,LOAD,103763072,4818.669979238857
4592,LOAD,110295408,4533.280297580476
4593,LOAD,103246521,4842.7781891072145
4594,LOAD,111294109,4492.600771888116
4595,LOAD,109714331,4557.289785597836
4596,LOAD,102916351,4858.314496595395
4597,LOAD,107360989,4657.185115908349
4598,LOAD,109668647,4559.1881880333585
4599,LOAD,106001433,4716.917364692607
4600,LOAD,106040770,4715.16757186882
4601,LOAD,105450144,4741.577213967579
4602,LOAD,107747074,4640.497244500579
4603,LOAD,102238506,4890.525297777727
4604,LOAD,106144978,4710.538448648978
4605,LOAD,107267583,4661.24047933475
4606,LOAD,102435296,4881.130035490892
4607,LOAD,109654798,4559.763996829395
4608,LOAD,110548115,4522.9174644904615
4609,LOAD,108939985,4589.683025933958
4610,LOAD,102531728,4876.539289379771
4611,LOAD,104550204,4782.391433688642
4612,LOAD,104246299,4796.333345129116
4613,LOAD,104340498,4792.00319707119
4614,LOAD,109385604,4570.985410475038
4615,LOAD,105713351,4729.771549858447
4616,LOAD,100870526,4956.849337734196
4617,LOAD,102751519,4866.108110771579
4618,LOAD,105636714,4733.202890048246
4619,LOAD,106285937,4704.291217755365
4620,LOAD,104881988,4767.26280207427
4621,LOAD,111636808,4478.809533859119
4622,LOAD,101333262,4934.213999742749
4623,LOAD,104880076,4767.349710921262
4624,LOAD,105685116,4731.035162983594
4625,LOAD,113144973,4419.109278500601
4626,LOAD,104225882,4797.272907702522
4627,LOAD,103440579,4833.692974591722
4628,LOAD,104410484,4788.791133273551
4629,LOAD,109668440,4559.196793535131
4630,LOAD,103383444,4836.36432154456
4631,LOAD,103271335,4841.614568069639
4632,LOAD,101392490,4931.3316992215105
4633,LOAD,106276600,4704.704516328147
4634,LOAD,101703700,4916.241985296504
4635,LOAD,107227245,4662.993999332912
4636,LOAD,107003766,4672.732733537621
4637,LOAD,106880382,4678.126992472763
4638,LOAD,101035447,4948.75823135617
4639,LOAD,111189927,4496.810219148719
4640,LOAD,104365534,4790.853654809067
4641,LOAD,107351181,4657.610613524596
4642,LOAD,109969679,4546.707824799598
4643,LOAD,100787323,4960.9413675964
4644,LOAD,104586766,4780.719579760215
4645,LOAD,110177892,4538.115505059763
4646,LOAD,109861017,4551.204910109288
4647,LOAD,109336726,4573.028828392026
4648,LOAD,104404009,4789.088127832333
4649,LOAD,107346800,4657.800698297481
4650,LOAD,104386154,4789.907289811636
4651,LOAD,110785886,4513.21028384428
4652,LOAD,108361770,4614.173430352789
4653,LOAD,107091734,4668.894426529689
4654,LOAD,105226575,4751.651377040448
4655,LOAD,110168907,4538.485618269771
4656,LOAD,108784438,4596.245650503797
4657,LOAD,105156585,4754.8139757486415
4658,LOAD,106265115,4705.21299487607
4659,LOAD,106413378,4698.657343628355
4660,LOAD,102782930,4864.621002728761
4661,LOAD,114029473,4384.831279541211
4662,LOAD,110623464,4519.836768083848
4663,LOAD,111101017,4500.408848642673
4664,LOAD,107485754,4651.7792488109635
4665,LOAD,107543767,4649.269910733181
4666,LOAD,103658930,4823.511105121382
4667,LOAD,108092507,4625.66753123785
4668,LOAD,103853822,4814.459308006979
4669,LOAD,113053771,4422.674233484879
4670,LOAD,109901963,4549.509274916227
4671,LOAD,104653527,4777.669843845779
4672,LOAD,106137884,4710.853289669879
4673,LOAD,116047384,4308.584844962985
4674,LOAD,106894420,4677.512633493872
4675,LOAD,108014455,4629.010070920601
4676,LOAD,104929933,4765.0845254995065
4677,LOAD,106191690,4708.4663592791485
4678,LOAD,105976767,4718.015223091303
4679,LOAD,111250218,4494.373215520351
4680,LOAD,104173205,4799.698732509958
4681,LOAD,109482382,4566.944844148531
4682,LOAD,98515472,5075.344916380241
4683,LOAD,107259974,4661.571146754147
4684,LOAD,101702651,4916.292693294691
4685,LOAD,106821119,4680.722357907522
4686,LOAD,103019358,4853.456764892671
4687,LOAD,107153543,4666.2012846369435
4688,LOAD,110015482,4544.814883417954
4689,LOAD,106996061,4673.069226352173
4690,LOAD,108736105,4598.288673297614
4691,LOAD,102651845,4870.833057116509
4692,LOAD,108223304,4620.077021488828
4693,LOAD,107536616,4649.579079185457
4694,LOAD,105669576,4731.730919408629
4695,LOAD,112715228,4435.957845908807
4696,LOAD,107484960,4651.81361187649
4697,LOAD,106234839,4706.553939428477
4698,LOAD,105410510,4743.360031177157
4699,LOAD,107094263,4668.784171940191
4700,LOAD,111807174,4471.984955097782
4701,LOAD,106357286,4701.135378727133
4702,LOAD,110560006,4522.431013616262
4703,LOAD,107004342,4672.70758040828
4704,LOAD,110304075,4532.9241009455
4705,LOAD,111596741,4480.417577785717
4706,LOAD,103519554,4830.005353384733
4707,LOAD,110274709,4534.131212261916
4708,LOAD,100214747,4989.285658726454
4709,LOAD,109744753,4556.026473539013
4710,LOAD,102303852,4887.401502731295
4711,LOAD,107077929,4669.496362784529
4712,LOAD,112651871,4438.45269112308
4713,LOAD,108849066,4593.516677488074
4714,LOAD,104521534,4783.703231910087
4715,LOAD,99391769,5030.597654419453
4716,LOAD,105161635,4754.585643328957
4717,LOAD,104820728,4770.04891627923
4718,LOAD,106310319,4703.2123005857975
4719,LOAD,109359912,4572.059275248868
4720,LOAD,104972018,4763.174125127326
4721,LOAD,107219468,4663.33222246542
4722,LOAD,103067831,4851.174174801447
4723,LOAD,108616322,4603.359704999033
4724,LOAD,108936057,4589.848520035932
4725,LOAD,107644033,4644.939306575405
4726,LOAD,101560254,4923.185796679871
4727,LOAD,105345514,4746.286586061937
4728,LOAD,107128765,4667.280538518296
4729,LOAD,102584388,4874.035998538101
4730,LOAD,104603916,4779.935772194227
4731,LOAD,107892573,4634.23928169736
4732,LOAD,111640415,4478.6648276074575
4733,LOAD,104610223,4779.647587597629
4734,LOAD,98234617,5089.855442710181
4735,LOAD,109532085,4564.872475494281
4736,LOAD,119224437,4193.7711142221615
4737,LOAD,102900869,4859.045456652071
4738,LOAD,105547037,4737.224409246088
4739,LOAD,110893812,4508.817859016335
4740,LOAD,106840136,4679.889213169852
4741,LOAD,107269389,4661.162002143967
4742,LOAD,107825158,4637.136724622282
4743,LOAD,111210545,4495.976528125098
4744,LOAD,103448107,4833.341222957323
4745,LOAD,106920225,4676.383724407613
4746,LOAD,102633279,4871.7141737233205
4747,LOAD,126678327,3947.0050784614477
4748,LOAD,113113892,4420.323544344137
4749,LOAD,112593489,4440.754118561865
4750,LOAD,107949055,4631.81451657914
4751,LOAD,107651724,4644.607456541987
4752,LOAD,107274119,4660.95647916717
4753,LOAD,110728490,4515.549701797614
4754,LOAD,107260265,4661.558499785545
4755,LOAD,106401332,4699.189292103974
4756,LOAD,103413900,4834.93998388998
4757,LOAD,109355077,4572.261423216775
4758,LOAD,109424880,4569.344741342188
4759,LOAD,110622875,4519.860833484937
4760,LOAD,114390871,4370.978170102402
4761,LOAD,106050028,4714.755945184664
4762,LOAD,110217798,4536.4724125589955
4763,LOAD,112172578,4457.417391262952
4764,LOAD,111888931,4468.717285358638
4765,LOAD,113230314,4415.778622675196
4766,LOAD,105956034,4718.938423082162
4767,LOAD,107824963,4637.145110821879
4768,LOAD,110003982,4545.29000595633
4769,LOAD,109679216,4558.748851742339
4770,LOAD,112552080,4442.387914998994
4771,LOAD,108042924,4627.790340068916
4772,LOAD,111045986,4502.639113853246
4773,LOAD,108660854,4601.473130332659
4774,LOAD,110285618,4533.68271464009
4775,LOAD,113999007,4386.003116676271
4776,LOAD,105137039,4755.697941997397
4777,LOAD,112830289,4431.434186967295
4778,LOAD,109744198,4556.049514344257
4779,LOAD,114214385,4377.732279519782
4780,LOAD,112552680,4442.364233352773
4781,LOAD,109621438,4561.151624374787
4782,LOAD,111158133,4498.09641908973
4783,LOAD,117521870,4254.527263733976
4784,LOAD,111140880,4498.794682928549
4785,LOAD,111561624,4481.827908851524
4786,LOAD,105397152,4743.961203050344
4787,LOAD,105185639,4753.500618083425
4788,LOAD,103317425,4839.45471927896
4789,LOAD,111237277,4494.896076968874
4790,LOAD,109016295,4586.470307030706
4791,LOAD,109493651,4566.4748177956
4792,LOAD,114381302,4371.343840796637
4793,LOAD,108003075,4629.4978175389915
4794,LOAD,104738138,4773.810281026764
4795,LOAD,106459073,4696.640557822629
4796,LOAD,116111063,4306.221879994329
4797,LOAD,109306267,4574.30313670853
4798,LOAD,106348283,4701.533357148794
4799,LOAD,108621835,4603.126065767532
4800,LOAD,110770094,4513.85371217614
4801,LOAD,110419871,4528.170477576449
4802,LOAD,114272402,4375.509670305171
4803,LOAD,108385459,4613.164944939708
4804,LOAD,110918810,4507.801697475838
4805,LOAD,106751231,4683.786737784785
4806,LOAD,104389300,4789.762935473272
4807,LOAD,107080716,4669.374829357696
4808,LOAD,108038901,4627.962663189252
4809,LOAD,109513836,4565.633149769314
4810,LOAD,102322897,4886.49182792391
4811,LOAD,110703375,4516.57413335411
4812,LOAD,110283148,4533.784255052277
4813,LOAD,110628978,4519.611489134429
4814,LOAD,108870390,4592.616964079949
4815,LOAD,108903496,4591.2208364734215
4816,LOAD,112450951,4446.383027921213
4817,LOAD,113121755,4420.016291296047
4818,LOAD,109392620,4570.692245966867
4819,LOAD,111950899,4466.243723509536
4820,LOAD,104911479,4765.922707085275
4821,LOAD,114559035,4364.561904698307
4822,LOAD,106345016,4701.677791839346
4823,LOAD,110539301,4523.27810540434
4824,LOAD,108432560,4611.161075603121
4825,LOAD,107564533,4648.372340351258
4826,LOAD,104406075,4788.9933607790545
4827,LOAD,109629791,4560.804097492077
4828,LOAD,108476695,4609.2849713019
4829,LOAD,110655139,4518.542966178914
4830,LOAD,109045593,4585.238029747796
4831,LOAD,109400278,4570.372298322678
4832,LOAD,111635959,4478.843595547919
4833,LOAD,112241040,4454.698566584914
4834,LOAD,111016017,4503.854610456795
4835,LOAD,108298038,4616.888811965365
4836,LOAD,110231723,4535.899343603655
4837,LOAD,110364579,4530.4390641493765
4838,LOAD,113719801,4396.771675673263
4839,LOAD,111200072,4496.399966359734
4840,LOAD,108189735,4621.510534248005
4841,LOAD,112145258,4458.503274387224
4842,LOAD,105139883,4755.5693018985
4843,LOAD,112483661,4445.090029564382
4844,LOAD,106025565,4715.843768434528
4845,LOAD,113885846,4390.361204323845
4846,LOAD,100677923,4966.332092488638
4847,LOAD,120433685,4151.662385818386
4848,LOAD,106588612,4690.932648602273
4849,LOAD,106927669,4676.0581678816925
4850,LOAD,104738356,4773.8003449280795
4851,LOAD,114366765,4371.899476215839
4852,LOAD,106668373,4687.425015847949
4853,LOAD,111877370,4469.1790663295
4854,LOAD,109188354,4579.242947466724
4855,LOAD,113711403,4397.09639322628
4856,LOAD,105112330,4756.815874978702
4857,LOAD,102315473,4886.846391258925
4858,LOAD,104180570,4799.359419899507
4859,LOAD,106046402,4714.91715485076
4860,LOAD,108691262,4600.185799664374
4861,LOAD,111032762,4503.175378092458
4862,LOAD,106678878,4686.963430567765
4863,LOAD,109752805,4555.692221260313
4864,LOAD,104447938,4787.073920023198
4865,LOAD,109925826,4548.521654956679
4866,LOAD,109448553,4568.356422217843
4867,LOAD,107066417,4669.998436577924
4868,LOAD,110262168,4534.646915340899
4869,LOAD,110588359,4521.271538173381
4870,LOAD,105018454,4761.067992869139
4871,LOAD,110439697,4527.357585923112
4872,LOAD,102049907,4899.563504746751
4873,LOAD,106869763,4678.591829571102
4874,LOAD,99360184,5032.1968002796775
4875,LOAD,105390098,4744.278727210217
4876,LOAD,111044048,4502.717696314529
4877,LOAD,108605340,4603.825189442803
4878,LOAD,112083969,4460.941243078214
4879,LOAD,108999424,4587.180203814655
4880,LOAD,110165417,4538.6293958293645
4881,LOAD,113241834,4415.329409094522
4882,LOAD,115250487,4338.376461697728
4883,LOAD,102917717,4858.250013454923
4884,LOAD,111914186,4467.708856855734
4885,LOAD,101607537,4920.89479543235
4886,LOAD,113416035,4408.547697863005
4887,LOAD,110038031,4543.883559675835
4888,LOAD,113193039,4417.232759339557
4889,LOAD,109919656,4548.776972155008
4890,LOAD,106056460,4714.470009653349
4891,LOAD,105563548,4736.483468706452
4892,LOAD,107943952,4632.033483450745
4893,LOAD,105550087,4737.087521301616
4894,LOAD,122632748,4077.21435060723
4895,LOAD,111045988,4502.639032758212
4896,LOAD,111695701,4476.448023724744
4897,LOAD,105543774,4737.370865665653
4898,LOAD,104998174,4761.987575136307
4899,LOAD,113605615,4401.190909445805
4900,LOAD,107853076,4635.936391837355
4901,LOAD,101075371,4946.803509630452
4902,LOAD,112413301,4447.872231774423
4903,LOAD,112903715,4428.552240287222
4904,LOAD,124066338,4030.102024934434
4905,LOAD,113076108,4421.800580543504
4906,LOAD,116087807,4307.084550231878
4907,LOAD,104392967,4789.594686009835
4908,LOAD,111866817,4469.600668087302
4909,LOAD,113754635,4395.425294099005
4910,LOAD,106376337,4700.293449660708
4911,LOAD,101913948,4906.099800981118
4912,LOAD,107891739,4634.275104232031
4913,LOAD,105326053,4747.163553161913
4914,LOAD,112867836,4429.96001092818
4915,LOAD,109175924,4579.764307742428
4916,LOAD,107711996,4642.008490864842
4917,LOAD,100523413,4973.965617343295
4918,LOAD,104350539,4791.542092561687
4919,LOAD,103163642,4846.668751768186
4920,LOAD,108887049,4591.914323989073
4921,LOAD,113826122,4392.664805008468
4922,LOAD,106552658,4692.515507215221
4923,LOAD,103689237,4822.101256276001
4924,LOAD,109652296,4559.868039607671
4925,LOAD,105649726,4732.619940727532
4926,LOAD,109245994,4576.826862868766
4927,LOAD,106201419,4708.0350216412835
4928,LOAD,108191214,4621.447357083912
4929,LOAD,103513099,4830.306548932517
4930,LOAD,117566142,4252.925132135407
4931,LOAD,107728677,4641.289709702831
4932,LOAD,111117461,4499.7428441961965
4933,LOAD,112692062,4436.869741543996
4934,LOAD,113709465,4397.171334857657
4935,LOAD,111361049,4489.900234326995
4936,LOAD,112631284,4439.263961511794
4937,LOAD,106451568,4696.97167823775
4938,LOAD,108696072,4599.982233028623
4939,LOAD,111547936,4482.377872056727
4940,LOAD,113226766,4415.916992630523
4941,LOAD,103652954,4823.789199485815
4942,LOAD,109025764,4586.071967356266
4943,LOAD,104709606,4775.111081976566
4944,LOAD,106906395,4676.988687159454
4945,LOAD,105436526,4742.189627909403
4946,LOAD,104651657,4777.755215094206
4947,LOAD,113832906,4392.403019211334
4948,LOAD,107970297,4630.903256661413
4949,LOAD,106422206,4698.2675777271525
4950,LOAD,110920601,4507.728911421964
4951,LOAD,113809066,4393.323111886359
4952,LOAD,114623790,4362.096210568505
4953,LOAD,97373384,5134.873406474197
4954,LOAD,111917647,4467.570695084395
4955,LOAD,105401653,4743.758620180273
4956,LOAD,104216399,4797.709427668864
4957,LOAD,108682422,4600.559969118097
4958,LOAD,114160997,4379.779549402499
4959,LOAD,106744413,4684.085901526293
4960,LOAD,103894681,4812.565909894848
4961,LOAD,110680708,4517.499111046525
4962,LOAD,110293351,4533.364844450142
4963,LOAD,111889397,4468.6986739235
4964,LOAD,110940522,4506.919482495314
4965,LOAD,104314767,4793.185225635408
4966,LOAD,101001638,4950.414764560551
4967,LOAD,112662809,4438.021778775283
4968,LOAD,103890727,4812.749072397963
4969,LOAD,116772715,4281.822170530162
4970,LOAD,107694493,4642.76293124849
4971,LOAD,104783687,4771.735127052744
4972,LOAD,112103753,4460.153978966253
4973,LOAD,111800447,4472.254033116702
4974,LOAD,106655251,4688.001718733943
4975,LOAD,102068976,4898.6481455442445
4976,LOAD,107080518,4669.383463385936
4977,LOAD,103294103,4840.547383426138
4978,LOAD,117521709,4254.533092264681
4979,LOAD,115740119,4320.023206473462
4980,LOAD,109522035,4565.291358948909
4981,LOAD,102474071,4879.28307249548
4982,LOAD,108123667,4624.334466939602
4983,LOAD,105341783,4746.454690253344
4984,LOAD,118154371,4231.7520356483465
4985,LOAD,112008796,4463.9351359512875
4986,LOAD,104977850,4762.909509005947
4987,LOAD,102341749,4885.591705101699
4988,LOAD,106462565,4696.486506782924
4989,LOAD,104086452,4803.699140403019
4990,LOAD,113341810,4411.4347565121825
4991,LOAD,110701727,4516.6413709155595
4992,LOAD,104554445,4782.197447463855
4993,LOAD,109097500,4583.056440340063
4994,LOAD,109925331,4548.542137207665
4995,LOAD,106207327,4707.773127554561
4996,LOAD,113040903,4423.177688168326
4997,LOAD,109050143,4585.046715619621
4998,LOAD,106186741,4708.685804755982
4999,LOAD,102245279,4890.201336337495
5000,LOAD,106578813,4691.3639392850055
5001,LOAD,110834292,4511.239174965814
5002,LOAD,107244932,4662.2249711529485
5003,LOAD,106515907,4694.134557761406
5004,LOAD,109356422,4572.205187912969
5005,LOAD,110641827,4519.0866199271995
5006,LOAD,110007939,4545.126511278427
5007,LOAD,108665596,4601.272329100371
5008,LOAD,107531578,4649.796918259676
5009,LOAD,106135527,4710.957905734995
5010,LOAD,107780327,4639.065531875775
5011,LOAD,109704983,4557.678113855594
5012,LOAD,359010206,1392.7180666278884
5013,LOAD,105294270,4748.596481081069
5014,LOAD,111808585,4471.9285196212795
5015,LOAD,105184726,4753.541878314158
5016,LOAD,108053423,4627.340681285034
5017,LOAD,107798180,4638.297232847531
5018,LOAD,108409264,4612.151965167848
5019,LOAD,110936964,4507.064029623165
5020,LOAD,108100912,4625.307878993657
5021,LOAD,109870352,4550.818222553797
5022,LOAD,111118109,4499.716603348605
5023,LOAD,109229075,4577.535788891374
5024,LOAD,109710584,4557.4454329766395
5025,LOAD,109442148,4568.6237810317825
5026,LOAD,104790279,4771.4349534273115
5027,LOAD,105224761,4751.733292128836
5028,LOAD,109797141,4553.852636290411
5029,LOAD,109921321,4548.708070930116
5030,LOAD,116636675,4286.816303705503
5031,LOAD,109747364,4555.918081093957
5032,LOAD,108587647,4604.575325220925
5033,LOAD,107031384,4671.526998099922
5034,LOAD,108417391,4611.806236879469
5035,LOAD,108201176,4621.021863939815
5036,LOAD,106259410,4705.465614762966
5037,LOAD,101388053,4931.547506884268
5038,LOAD,108736822,4598.258352630537
5039,LOAD,106237774,4706.423912835373
5040,LOAD,105009256,4761.485025662881
5041,LOAD,103618032,4825.414943221465
5042,LOAD,107640909,4645.074113969067
5043,LOAD,101013447,4949.836035196384
5044,LOAD,110980862,4505.281279938157
5045,LOAD,109794703,4553.953754945719
5046,LOAD,105164471,4754.457425074672
5047,LOAD,107846485,4636.219715459432
5048,LOAD,108899803,4591.376533527798
5049,LOAD,110809609,4512.244059989419
5050,LOAD,110131332,4540.034074953348
5051,LOAD,112949649,4426.751250904728
5052,LOAD,107333100,4658.395220113833
5053,LOAD,112670889,4437.703513637848
5054,LOAD,113675815,4398.472973340899
5055,LOAD,108189952,4621.501264738522
5056,LOAD,106325166,4702.555554909738
5057,LOAD,105094591,4757.618781731593
5058,LOAD,107450683,4653.297550467873
5059,LOAD,110103461,4541.1833148460255
5060,LOAD,104315201,4793.165283744216
5061,LOAD,122326060,4087.4364791933954
5062,LOAD,111275877,4493.336862220372
5063,LOAD,107967496,4631.023396152486
5064,LOAD,111038963,4502.923897082865
5065,LOAD,105582524,4735.632196100938
5066,LOAD,111740605,4474.649121507799
5067,LOAD,106465739,4696.346493213183
5068,LOAD,108155368,4622.97904621803
5069,LOAD,106262196,4705.342246079688
5070,LOAD,103393133,4835.911104463776
5071,LOAD,101703176,4916.267314995158
5072,LOAD,109455331,4568.073527638412
5073,LOAD,104439642,4787.45417377053
5074,LOAD,107668728,4643.873938958394
5075,LOAD,103856478,4814.336184209906
5076,LOAD,105237220,4751.1707359810525
5077,LOAD,106175219,4709.196785362882
5078,LOAD,107387031,4656.055720545994
5079,LOAD,111694336,4476.502729735553
5080,LOAD,111165495,4497.798530020489
5081,LOAD,108447145,4610.540922953757
5082,LOAD,109079186,4583.825918906289
5083,LOAD,107150780,4666.321607738179
5084,LOAD,108116698,4624.632542884356
5085,LOAD,106184347,4708.791965354367
5086,LOAD,110610216,4520.378117695747
5087,LOAD,109933860,4548.189247607606
5088,LOAD,111967111,4465.59704483221
5089,LOAD,106391498,4699.623648498679
5090,LOAD,109532279,4564.864390341042
5091,LOAD,101486446,4926.766279705962
5092,LOAD,106849646,4679.472686320365
5093,LOAD,104276637,4794.937911164127
5094,LOAD,109364221,4571.879134035985
5095,LOAD,110606156,4520.544046391053
5096,LOAD,105839144,4724.150074380798
5097,LOAD,108257207,4618.630148106444
5098,LOAD,104775014,4772.130118732316
5099,LOAD,110857092,4510.311347513969
5100,LOAD,114986887,4348.321909088642
5101,LOAD,110684758,4517.333813929466
5102,LOAD,111745750,4474.443099625713
5103,LOAD,110429776,4527.764323274549
5104,LOAD,109778655,4554.619474978993
5105,LOAD,112088392,4460.765214653093
5106,LOAD,111117880,4499.725876699591
5107,LOAD,109152402,4580.751232574799
5108,LOAD,102134880,4895.4872223867105
5109,LOAD,111244852,4494.590005836854
5110,LOAD,110043817,4543.644646568376
5111,LOAD,107704375,4642.33695242185
5112,LOAD,105435060,4742.255564704947
5113,LOAD,113050694,4422.794609292712
5114,LOAD,113498537,4405.343127903049
5115,LOAD,112385850,4448.958654492536
5116,LOAD,109736257,4556.379210200325
5117,LOAD,111469716,4485.523224980675
5118,LOAD,110197296,4537.31641473308
5119,LOAD,109586996,4562.585144682677
5120,LOAD,102747617,4866.292908768872
5121,LOAD,108312492,4616.272701028797
5122,LOAD,103950272,4809.992223974171
5123,LOAD,105982208,4717.77300582377
5124,LOAD,103750897,4819.235442369235
5125,LOAD,108557382,4605.859046969279
5126,LOAD,110795797,4512.806564313987
5127,LOAD,107009823,4672.46824620951
5128,LOAD,106915030,4676.6109498355845
5129,LOAD,106254261,4705.693638017962
5130,LOAD,107355427,4657.426400996012
5131,LOAD,109041155,4585.424649986512
5132,LOAD,110631273,4519.517731663451
5133,LOAD,108550772,4606.139512301212
5134,LOAD,109377687,4571.316268554847
5135,LOAD,109969728,4546.705798890401
5136,LOAD,107492214,4651.499689084458
5137,LOAD,116318447,4298.544322896608
5138,LOAD,114362663,4372.056289035522
5139,LOAD,111812685,4471.764540847937
5140,LOAD,111043163,4502.75358240651
5141,LOAD,114999046,4347.862155308662
5142,LOAD,106221700,4707.136112489256
5143,LOAD,108897419,4591.47704868928
5144,LOAD,111117303,4499.749242473965
5145,LOAD,107216232,4663.472971144892
5146,LOAD,107889520,4634.370418924841
5147,LOAD,107532857,4649.741613393569
5148,LOAD,109499451,4566.232939377933
5149,LOAD,105826146,4724.7303138111065
5150,LOAD,105999905,4716.985359562351
5151,LOAD,109454757,4568.097483419565
5152,LOAD,114426245,4369.6269155734335
5153,LOAD,106924945,4676.177294269359
5154,LOAD,108774670,4596.658394826663
5155,LOAD,109595200,4562.243601909573
5156,LOAD,111533246,4482.968244284758
5157,LOAD,112074746,4461.30834862655
5158,LOAD,107063777,4670.113590332237
5159,LOAD,112510632,4444.0244545066635
5160,LOAD,106947899,4675.1736562866
5161,LOAD,106353461,4701.304454962683
5162,LOAD,105654808,4732.392301541072
5163,LOAD,113157057,4418.637363465542
5164,LOAD,106544908,4692.856837419204
5165,LOAD,110040605,4543.777272035173
5166,LOAD,111188147,4496.882208136808
5167,LOAD,106858336,4679.092139334829
5168,LOAD,108271742,4618.010117542951
5169,LOAD,109926341,4548.500345335791
5170,LOAD,113666762,4398.823290136478
5171,LOAD,111636529,4478.820727219135
5172,LOAD,112164009,4457.757924825957
5173,LOAD,105226386,4751.659911611903
5174,LOAD,109354047,4572.304489105923
5175,LOAD,113085446,4421.435451561114
5176,LOAD,111667103,4477.594444265291
5177,LOAD,107716956,4641.794742138833
5178,LOAD,107862372,4635.536848753891
5179,LOAD,109301995,4574.481920480957
5180,LOAD,108424872,4611.488035697197
5181,LOAD,107763491,4639.790297810601
5182,LOAD,109101894,4582.871861051284
5183,LOAD,105584850,4735.5278716596185
5184,LOAD,107568583,4648.197327280959
5185,LOAD,113005140,4424.577501518957
5186,LOAD,110139113,4539.713335080154
5187,LOAD,108887260,4591.905425850554
5188,LOAD,101244679,4938.531139992058
5189,LOAD,107742368,4640.699933381825
5190,LOAD,105621488,4733.885210933593
5191,LOAD,112467723,4445.719951136558
5192,LOAD,106591139,4690.821438731413
5193,LOAD,109236632,4577.219114554905
5194,LOAD,108026865,4628.4782956535855
5195,LOAD,108497930,4608.382851175133
5196,LOAD,105987817,4717.523335724521
5197,LOAD,109274641,4575.627020362391
5198,LOAD,108830219,4594.312173533345
5199,LOAD,106110318,4712.07710450929
5200,LOAD,108574939,4605.114261220078
5201,LOAD,108023669,4628.615234314991
5202,LOAD,106935439,4675.7184023904365
5203,LOAD,109005776,4586.912899000876
5204,LOAD,108613199,4603.492067294694
5205,LOAD,113165870,4418.293253964292
5206,LOAD,109483883,4566.882232337339
5207,LOAD,117370282,4260.022140868674
5208,LOAD,113602482,4401.312288229758
5209,LOAD,105652267,4732.506118396873
5210,LOAD,112939867,4427.134662731629
5211,LOAD,106809084,4681.2497708528235
5212,LOAD,112236939,4454.86133580318
5213,LOAD,107851420,4636.007574123734
5214,LOAD,110303219,4532.9592783688395
5215,LOAD,104807394,4770.655780259168
5216,LOAD,105303997,4748.157850076669
5217,LOAD,115079907,4344.807126060678
5218,LOAD,112268380,4453.613742355595
5219,LOAD,112205707,4456.101328250621
5220,LOAD,112113583,4459.762917397797
5221,LOAD,110681473,4517.467887331062
5222,LOAD,111709049,4475.913137529261
5223,LOAD,110494070,4525.129719631108
5224,LOAD,103888145,4812.868686797709
5225,LOAD,109670535,4559.109700704934
5226,LOAD,111866106,4469.629076031305
5227,LOAD,108228430,4619.858201768242
5228,LOAD,106533463,4693.360995877887
5229,LOAD,107951305,4631.71797691561
5230,LOAD,104919534,4765.556812328198
5231,LOAD,108954953,4589.052505029303
5232,LOAD,106897715,4677.368454508124
5233,LOAD,111789895,4472.676175248219
5234,LOAD,110121932,4540.421611927404
5235,LOAD,110575896,4521.781130310714
5236,LOAD,117391312,4259.258981618674
5237,LOAD,116297110,4299.332975686154
5238,LOAD,106988199,4673.41262562986
5239,LOAD,113721877,4396.691412330452
5240,LOAD,114349169,4372.572222190788
5241,LOAD,112656147,4438.284224295368
5242,LOAD,110154640,4539.073433493133
5243,LOAD,109266190,4575.980914132725
5244,LOAD,102987906,4854.9389867194695
5245,LOAD,111552122,4482.209670560996
5246,LOAD,111060582,4502.047360061557
5247,LOAD,111597462,4480.388631060445
5248,LOAD,111739410,4474.69697575815
5249,LOAD,106218954,4707.257802595193
5250,LOAD,110041748,4543.730075970803
5251,LOAD,106722363,4685.053684577805
5252,LOAD,109732616,4556.530393843887
5253,LOAD,106786713,4682.230456892142
5254,LOAD,111395248,4488.521808398864
5255,LOAD,107227424,4662.986215168239
5256,LOAD,106887873,4677.7991362967805
5257,LOAD,111985972,4464.844936113963
5258,LOAD,110318895,4532.315157797764
5259,LOAD,107509317,4650.7597104351435
5260,LOAD,101154296,4942.943797463629
5261,LOAD,116422856,4294.68935206331
5262,LOAD,106374209,4700.387478321931
5263,LOAD,107274979,4660.91911330041
5264,LOAD,103406318,4835.294493320998
5265,LOAD,104171651,4799.770332909478
5266,LOAD,106147528,4710.425286587927
5267,LOAD,103462071,4832.688879773149
5268,LOAD,105867539,4722.882998158671
5269,LOAD,108284550,4617.46389489544
5270,LOAD,109136117,4581.434760043736
5271,LOAD,100817559,4959.453541222913
5272,LOAD,108638794,4602.407497270266
5273,LOAD,112295818,4452.525560658011
5274,LOAD,115966566,4311.587531185497
5275,LOAD,108317306,4616.067537721074
5276,LOAD,113265381,4414.41149613049
5277,LOAD,104475522,4785.810019690545
5278,LOAD,112143300,4458.58111897902
5279,LOAD,107881828,4634.7008506381635
5280,LOAD,111284415,4492.99212293114
5281,LOAD,111480613,4485.084774336503
5282,LOAD,106636576,4688.822716888434
5283,LOAD,112008570,4463.944142845498
5284,LOAD,104882838,4767.224166836522
5285,LOAD,112989553,4425.187875555185
5286,LOAD,109266372,4575.973292130538
5287,LOAD,105867049,4722.904857771184
5288,LOAD,101598285,4921.342914400573
5289,LOAD,108934864,4589.898785755128
5290,LOAD,108868725,4592.687201948953
5291,LOAD,109827215,4552.605654254276
5292,LOAD,110020062,4544.625688358547
5293,LOAD,106366557,4700.72562375033
5294,LOAD,109000374,4587.140223940883
5295,LOAD,107044282,4670.964115579756
5296,LOAD,111082760,4501.148513054592
5297,LOAD,108496406,4608.447583047129
5298,LOAD,109440175,4568.706144704172
5299,LOAD,107629548,4645.564431804545
5300,LOAD,109392339,4570.703986866942
5301,LOAD,109536200,4564.700984697296
5302,LOAD,109734727,4556.442738496083
5303,LOAD,108452676,4610.305789042955
5304,LOAD,107398699,4655.549877750382
5305,LOAD,105731973,4728.938520801083
5306,LOAD,110326310,4532.010542181643
5307,LOAD,106687999,4686.562731390247
5308,LOAD,109572859,4563.173805659301
5309,LOAD,109056881,4584.763431846175
5310,LOAD,108925139,4590.308578812096
5311,LOAD,108575025,4605.1106136056615
5312,LOAD,117163168,4267.5527517316705
5313,LOAD,108366019,4613.9925099583115
5314,LOAD,109117483,4582.217131969585
5315,LOAD,104731072,4774.132360642694
5316,LOAD,110045311,4543.582961022301
5317,LOAD,104725763,4774.374381975141
5318,LOAD,110060335,4542.962730396923
5319,LOAD,109468280,4567.5331703393895
5320,LOAD,112876310,4429.627439096831
5321,LOAD,105975148,4718.087300996267
5322,LOAD,109747023,4555.932236995623
5323,LOAD,111295443,4492.546923057757
5324,LOAD,109766017,4555.143874811454
5325,LOAD,109675138,4558.918357595319
5326,LOAD,110924242,4507.580948806483
5327,LOAD,108584600,4604.704534528837
5328,LOAD,108003777,4629.467726855515
5329,LOAD,111388192,4488.806138445985
5330,LOAD,111067852,4501.7526763729975
5331,LOAD,107545536,4649.193435606662
5332,LOAD,103357331,4837.586218243194
5333,LOAD,113495848,4405.447501480407
5334,LOAD,109318128,4573.806825524857
5335,LOAD,107039066,4671.191731063871
5336,LOAD,109131388,4581.633287757689
5337,LOAD,111177654,4497.306626023967
5338,LOAD,108835802,4594.076496996825
5339,LOAD,109320853,4573.692815953421
5340,LOAD,110876229,4509.532877421364
5341,LOAD,110585910,4521.371664798888
5342,LOAD,103545036,4828.816709281939
5343,LOAD,110263588,4534.5885171086575
5344,LOAD,108204319,4620.887637581269
5345,LOAD,112550320,4442.457382617837
5346,LOAD,112034698,4462.903090969192
5347,LOAD,108378309,4613.469287475227
5348,LOAD,109991242,4545.816475097172
5349,LOAD,107723610,4641.508022243221
5350,LOAD,104743442,4773.568544749561
5351,LOAD,111813665,4471.725347702359
5352,LOAD,113541096,4403.691857968326
5353,LOAD,107636910,4645.246690935293
5354,LOAD,102915790,4858.340979552311
5355,LOAD,109335847,4573.065593025497
5356,LOAD,105880858,4722.288895694442
5357,LOAD,111605395,4480.070161482785
5358,LOAD,106520930,4693.913205601941
5359,LOAD,110657787,4518.434839113491
5360,LOAD,109754355,4555.627883740923
5361,LOAD,111112726,4499.934597950553
5362,LOAD,107934715,4632.429890605632
5363,LOAD,108131506,4623.999225535618
5364,LOAD,117001720,4273.44145026244
5365,LOAD,108442530,4610.737134222155
5366,LOAD,112253545,4454.202314946936
5367,LOAD,108617129,4603.325503107341
5368,LOAD,108024012,4628.600537443472
5369,LOAD,108410686,4612.091468547667
5370,LOAD,107428899,4654.241127426988
5371,LOAD,109949990,4547.522014326695
5372,LOAD,109003013,4587.029167716676
5373,LOAD,106932213,4675.859462480216
5374,LOAD,107805429,4637.985346730543
5375,LOAD,110404335,4528.807677705771
5376,LOAD,109465619,4567.644202514399
5377,LOAD,105758109,4727.769858290488
5378,LOAD,111608153,4479.959452424591
5379,LOAD,110497013,4525.0091964024405
5380,LOAD,106778455,4682.592569821319
5381,LOAD,110049657,4543.403529190464
5382,LOAD,107242353,4662.337089899548
5383,LOAD,107751168,4640.320929050162
5384,LOAD,103311927,4839.71226284454
5385,LOAD,106828476,4680.4000087018
5386,LOAD,109205814,4578.510810788884
5387,LOAD,106473181,4696.0182395602515
5388,LOAD,105809690,4725.465125169539
5389,LOAD,107360251,4657.217129643261
5390,LOAD,104420742,4788.320695901587
5391,LOAD,106419098,4698.404791966946
5392,LOAD,111925163,4467.2706887190325
5393,LOAD,112452541,4446.320159186087
5394,LOAD,110467630,4526.212791928278
5395,LOAD,107791600,4638.580371754385
5396,LOAD,115357941,4334.33533630771
5397,LOAD,105953643,4719.044912877606
5398,LOAD,108543406,4606.452095302778
5399,LOAD,108841113,4593.852324902264
5400,LOAD,113932253,4388.572917977845
5401,LOAD,111229750,4495.200249933134
5402,LOAD,114724318,4358.273892724296
5403,LOAD,110542754,4523.136812748487
5404,LOAD,106838357,4679.96713951713
5405,LOAD,110799229,4512.666780379853
5406,LOAD,109731866,4556.561537010589
5407,LOAD,112771186,4433.756686747978
5408,LOAD,110387293,4529.506851843898
5409,LOAD,107297159,4659.9556284617
5410,LOAD,104958582,4763.7838704795
5411,LOAD,106572456,4691.643777075007
5412,LOAD,109855309,4551.441387325213
5413,LOAD,109056965,4584.759900479534
5414,LOAD,104246478,4796.325109420003
5415,LOAD,112269038,4453.587640075797
5416,LOAD,104368454,4790.719617251397
5417,LOAD,108558363,4605.817425599906
5418,LOAD,106323787,4702.616546192057
5419,LOAD,109590687,4562.431477411945
5420,LOAD,106054953,4714.537000454849
5421,LOAD,103709038,4821.180580230626
5422,LOAD,116559052,4289.6711273870005
5423,LOAD,108138227,4623.711835038685
5424,LOAD,110782150,4513.36248664609
5425,LOAD,110344884,4531.247683399622
5426,LOAD,108261335,4618.454039939559
5427,LOAD,102359570,4884.741114094168
5428,LOAD,114600720,4362.9743338436265
5429,LOAD,110949327,4506.561810870651
5430,LOAD,111118376,4499.705791236545
5431,LOAD,106592052,4690.781260126224
5432,LOAD,109439124,4568.750020330937
5433,LOAD,106580721,4691.279954842865
5434,LOAD,109334122,4573.137743768592
5435,LOAD,111060609,4502.04626556658
5436,LOAD,109309752,4574.157299341417
5437,LOAD,110419793,4528.1736762538585
5438,LOAD,107056624,4670.425624480742
5439,LOAD,109091750,4583.298003744554
5440,LOAD,109537725,4564.637434272074
5441,LOAD,105122722,4756.345635722789
5442,LOAD,112351433,4450.321519263577
5443,LOAD,106875688,4678.332456676209
5444,LOAD,106306040,4703.401612928108
5445,LOAD,103748209,4819.36030336678
5446,LOAD,108812489,4595.060774687362
5447,LOAD,114705281,4358.997211296662
5448,LOAD,109927159,4548.466498620236
5449,LOAD,111902576,4468.172385951151
5450,LOAD,117055269,4271.486489002045
5451,LOAD,108546307,4606.32898362908
5452,LOAD,111783078,4472.948937763192
5453,LOAD,102316244,4886.809566621699
5454,LOAD,105452082,4741.490073187934
5455,LOAD,109185220,4579.374387852129
5456,LOAD,109682968,4558.592907515048
5457,LOAD,111512897,4483.786301417674
5458,LOAD,107782307,4638.980310562475
5459,LOAD,107648030,4644.766838742892
5460,LOAD,105041076,4760.042633226643
5461,LOAD,104743232,4773.578115290542
5462,LOAD,108500384,4608.278621391792
5463,LOAD,112280482,4453.133715617644
5464,LOAD,114282629,4375.118111782325
5465,LOAD,105211735,4752.321592263448
5466,LOAD,110791432,4512.984361462175
5467,LOAD,111481578,4485.045950820682
5468,LOAD,110100142,4541.320210104724
5469,LOAD,112372519,4449.486444279139
5470,LOAD,108850544,4593.454305565988
5471,LOAD,104345269,4791.784091332402
5472,LOAD,110851905,4510.522394721138
5473,LOAD,107602076,4646.750495780398
5474,LOAD,112945361,4426.919313667075
5475,LOAD,111276840,4493.297976470216
5476,LOAD,110755305,4514.456440709544
5477,LOAD,109982913,4546.160729530777
5478,LOAD,110713499,4516.161123224911
5479,LOAD,111942949,4466.560908628555
5480,LOAD,107118140,4667.743483970128
5481,LOAD,107663284,4644.108756704839
5482,LOAD,110617422,4520.083644690255
5483,LOAD,106920251,4676.382587242523
5484,LOAD,115756252,4319.42112292993
5485,LOAD,106892690,4677.5883364896135
5486,LOAD,113961601,4387.442749246739
5487,LOAD,107925033,4632.845467835066
5488,LOAD,111200144,4496.397055025396
5489,LOAD,105940763,4719.618641976365
5490,LOAD,114148695,4380.251565731873
5491,LOAD,110396655,4529.12273474228
5492,LOAD,108170442,4622.334814902577
5493,LOAD,111126003,4499.3969593237325
5494,LOAD,107446027,4653.499193599779
5495,LOAD,113057258,4422.5378259218
5496,LOAD,109421029,4569.505556377102
5497,LOAD,107543561,4649.27881642305
5498,LOAD,109787650,4554.246310946633
5499,LOAD,104880806,4767.316528822252
5500,LOAD,111224969,4495.39347590198
5501,LOAD,119555005,4182.175392824415
5502,LOAD,112921190,4427.866904342754
5503,LOAD,105165358,4754.417324381666
5504,LOAD,107136222,4666.9556818981355
5505,LOAD,101045918,4948.245410566708
5506,LOAD,113815761,4393.064682843003
5507,LOAD,110674440,4517.7549576939355
5508,LOAD,113639592,4399.875001311163
5509,LOAD,104581553,4780.957880784195
5510,LOAD,110692233,4517.028760274445
5511,LOAD,111384613,4488.950372346313
5512,LOAD,375686577,1330.8966319549925
5513,LOAD,109043661,4585.3192694988475
5514,LOAD,104060943,4804.876696149102
5515,LOAD,112072382,4461.40245328238
5516,LOAD,103344796,4838.17298357239
5517,LOAD,113235245,4415.586330916668
5518,LOAD,106936485,4675.6726668171295
5519,LOAD,108728788,4598.5981192028
5520,LOAD,111874673,4469.286806317637
5521,LOAD,111970985,4465.442542994509
5522,LOAD,111486223,4484.859084337264
5523,LOAD,107946071,4631.942555834199
5524,LOAD,107536263,4649.594341957
5525,LOAD,108687462,4600.346634278754
5526,LOAD,108724991,4598.758715923923
5527,LOAD,107994500,4629.865409812536
5528,LOAD,107971599,4630.847413864825
5529,LOAD,114888122,4352.059997986563
5530,LOAD,118489367,4219.7879240928005
5531,LOAD,107437588,4653.86471632256
5532,LOAD,108431729,4611.196414658296
5533,LOAD,112294597,4452.573973795017
5534,LOAD,106273390,4704.846622470593
5535,LOAD,108213439,4620.498198934422
5536,LOAD,110005588,4545.223648093222
5537,LOAD,108938160,4589.75991516655
5538,LOAD,105055454,4759.391168782156
5539,LOAD,115669562,4322.6583671164935
5540,LOAD,109296110,4574.728231407321
5541,LOAD,109163045,4580.304625984004
5542,LOAD,103292906,4840.60347764831
5543,LOAD,114185228,4378.85012586742
5544,LOAD,109576703,4563.013727470884
5545,LOAD,109774195,4554.8045239593885
5546,LOAD,108890494,4591.7690482697235
5547,LOAD,109731747,4556.566478432172
5548,LOAD,108037862,4628.007170301093
5549,LOAD,110224293,4536.205099541895
5550,LOAD,105336260,4746.703556780923
5551,LOAD,112413421,4447.867483723318
5552,LOAD,105658085,4732.24552574467
5553,LOAD,107361299,4657.1716685357915
5554,LOAD,110842775,4510.893921592995
5555,LOAD,106889639,4677.721851039276
5556,LOAD,101516166,4925.323913434635
5557,LOAD,113479498,4406.082233462119
5558,LOAD,110127505,4540.191843990291
5559,LOAD,111427779,4487.2113981559305
5560,LOAD,107121199,4667.610189837401
5561,LOAD,110228369,4536.037360763271
5562,LOAD,108693710,4600.082194268647
5563,LOAD,111104610,4500.2633104062925
5564,LOAD,110318155,4532.345559985118
5565,LOAD,111400457,4488.311928558785
5566,LOAD,112232380,4455.042297062577
5567,LOAD,108795054,4595.7971582053715
5568,LOAD,112997963,4424.858525989535
5569,LOAD,105892793,4721.7566543929015
5570,LOAD,111682318,4476.9844408136305
5571,LOAD,109911238,4549.1253587735955
5572,LOAD,108845516,4593.666495182034
5573,LOAD,111815191,4471.66431974346
5574,LOAD,110211134,4536.746713812055
5575,LOAD,109856599,4551.38794165656
5576,LOAD,113857659,4391.44809748811
5577,LOAD,107099404,4668.560060334229
5578,LOAD,112340915,4450.738183857591
5579,LOAD,107736004,4640.974061001929
5580,LOAD,109119309,4582.140453253787
5581,LOAD,107016473,4672.177899191276
5582,LOAD,108017693,4628.871309073413
5583,LOAD,102352008,4885.102009918554
5584,LOAD,112668333,4437.804187623865
5585,LOAD,106030739,4715.613648604298
5586,LOAD,110411494,4528.514033149484
5587,LOAD,105568099,4736.279280732336
5588,LOAD,105544241,4737.3499042927415
5589,LOAD,106526973,4693.646932031008
5590,LOAD,102797356,4863.938329308781
5591,LOAD,114697208,4359.304020722109
5592,LOAD,109221832,4577.839346258173
5593,LOAD,102154242,4894.559346835543
5594,LOAD,108068197,4626.708077678024
5595,LOAD,109470649,4567.4343266202795
5596,LOAD,110891821,4508.89881229383
5597,LOAD,105342574,4746.419049908539
5598,LOAD,107522548,4650.187419293672
5599,LOAD,105256704,4750.291249857111
5600,LOAD,104668164,4777.001725185511
5601,LOAD,105731085,4728.978237573179
5602,LOAD,116355438,4297.177756315953
5603,LOAD,107668090,4643.901456782599
5604,LOAD,108628928,4602.825501509137
5605,LOAD,104999631,4761.92149665745
5606,LOAD,112914698,4428.1214833519725
5607,LOAD,108585000,4604.687571948243
5608,LOAD,109293085,4574.854850149029
5609,LOAD,108535836,4606.773379439395
5610,LOAD,110687652,4517.215705325469
5611,LOAD,107914662,4633.2907014989305
5612,LOAD,108621786,4603.128142267888
5613,LOAD,107458629,4652.95346360691
5614,LOAD,111555529,4482.072780095014
5615,LOAD,106655228,4688.002729692726
5616,LOAD,106667640,4687.4572269528035
5617,LOAD,114274353,4375.434967459409
5618,LOAD,110736732,4515.213614936732
5619,LOAD,114777212,4356.265423139917
5620,LOAD,110027177,4544.331806313635
5621,LOAD,106300571,4703.643595667985
5622,LOAD,104608512,4779.72576457258
5623,LOAD,109067726,4584.307552171757
5624,LOAD,112546390,4442.6125084953865
5625,LOAD,109758355,4555.461859828347
5626,LOAD,103949291,4810.037617283989
5627,LOAD,109362874,4571.935444929876
5628,LOAD,110762802,4514.150878920524
5629,LOAD,111261626,4493.912393478772
5630,LOAD,109476153,4567.204695254501
5631,LOAD,109344858,4572.688731279893
5632,LOAD,107868423,4635.276813122595
5633,LOAD,104564077,4781.756931685057
5634,LOAD,108239733,4619.375770263587
5635,LOAD,107908229,4633.56691731082
5636,LOAD,114605900,4362.7771345105275
5637,LOAD,109953678,4547.369484084016
5638,LOAD,111300481,4492.343568578109
5639,LOAD,110235824,4535.730598793365
5640,LOAD,110872285,4509.693292602385
5641,LOAD,108632745,4602.663773248113
5642,LOAD,111016078,4503.85213572398
5643,LOAD,110379009,4529.846793605476
5644,LOAD,114106350,4381.8770822132155
5645,LOAD,110307273,4532.792683579441
5646,LOAD,115232350,4339.059300621744
5647,LOAD,112083636,4460.954496515441
5648,LOAD,110941442,4506.882108130521
5649,LOAD,104145642,4800.969012222326
5650,LOAD,111638566,4478.739004942074
5651,LOAD,104642468,4778.174765526363
5652,LOAD,111707154,4475.989066913297
5653,LOAD,115852356,4315.837996423655
5654,LOAD,113869662,4390.985194985474
5655,LOAD,104963240,4763.572465941409
5656,LOAD,110867320,4509.895251368934
5657,LOAD,112859244,4430.297264794721
5658,LOAD,112678358,4437.409355929734
5659,LOAD,109561782,4563.635155185774
5660,LOAD,105736802,4728.722550167538
5661,LOAD,115247389,4338.493082910538
5662,LOAD,111789376,4472.696940360415
5663,LOAD,111815155,4471.665759440212
5664,LOAD,117497491,4255.410015521097
5665,LOAD,108540762,4606.564306228106
5666,LOAD,110316571,4532.410638470625
5667,LOAD,103913058,4811.714808739436
5668,LOAD,109152853,4580.7323057327685
5669,LOAD,114203275,4378.15815702308
5670,LOAD,112358850,4450.027745922996
5671,LOAD,106876250,4678.307856048467
5672,LOAD,106488121,4695.359400697848
5673,LOAD,107993800,4629.895419922254
5674,LOAD,115111770,4343.6044811056245
5675,LOAD,111743260,4474.54280463985
5676,LOAD,123669692,4043.0277775738296
5677,LOAD,116026481,4309.361067323933
5678,LOAD,109138441,4581.337202718518
5679,LOAD,105270741,4749.65783702425
5680,LOAD,111970985,4465.442542994509
5681,LOAD,105664775,4731.94591101907
5682,LOAD,109648058,4560.044282772432
5683,LOAD,105088492,4757.894898710698
5684,LOAD,110479362,4525.732145339507
5685,LOAD,115064102,4345.403921024821
5686,LOAD,123538092,4047.3346471952955
5687,LOAD,115371910,4333.810543658331
5688,LOAD,113618952,4400.674281875087
5689,LOAD,116823640,4279.955666507224
5690,LOAD,108259441,4618.53483983905
5691,LOAD,102382839,4883.630937407391
5692,LOAD,116572449,4289.1781401967455
5693,LOAD,108141204,4623.5845496967095
5694,LOAD,109494345,4566.445874442191
5695,LOAD,105327773,4747.086032095257
5696,LOAD,111564654,4481.706186262183
5697,LOAD,108797516,4595.693159023962
5698,LOAD,114853432,4353.374481661114
5699,LOAD,113885483,4390.375198215562
5700,LOAD,106451278,4696.984473967517
5701,LOAD,107223355,4663.163170001535
5702,LOAD,106957796,4674.741053938696
5703,LOAD,112878413,4429.544912187949
5704,LOAD,119493570,4184.325566639276
5705,LOAD,114893936,4351.839769855217
5706,LOAD,111125706,4499.408984632232
5707,LOAD,109125849,4581.865841886829
5708,LOAD,113554516,4403.171424727837
5709,LOAD,108614926,4603.418870809708
5710,LOAD,110529722,4523.670112913159
5711,LOAD,107700494,4642.504239581296
5712,LOAD,108817535,4594.847696191611
5713,LOAD,106480574,4695.692192643515
5714,LOAD,114636532,4361.611357887205
5715,LOAD,110294025,4533.337141336532
5716,LOAD,111650310,4478.267906287049
5717,LOAD,102282623,4888.415894457458
5718,LOAD,111717677,4475.567461002613
5719,LOAD,111193234,4496.6764794339915
5720,LOAD,110583949,4521.4518428890615
5721,LOAD,112363109,4449.8590725181875
5722,LOAD,114199824,4378.290460412618
5723,LOAD,114317148,4373.79700900166
5724,LOAD,109479993,4567.0445009984605
5725,LOAD,108891826,4591.712880267064
5726,LOAD,112284298,4452.982375149195
5727,LOAD,106928747,4676.011026295857
5728,LOAD,112643695,4438.774846652535
5729,LOAD,109541119,4564.496004463857
5730,LOAD,114131949,4380.894257750738
5731,LOAD,105704798,4730.154254681987
5732,LOAD,110796623,4512.772920885865
5733,LOAD,104976384,4762.976023254907
5734,LOAD,111939821,4466.685720356833
5735,LOAD,106876207,4678.309738293763
5736,LOAD,107127914,4667.3176143427945
5737,LOAD,114704324,4359.033579239785
5738,LOAD,106808462,4681.2770321512535
5739,LOAD,105809394,4725.478344578743
5740,LOAD,107617701,4646.075834680765
5741,LOAD,109794323,4553.9695162563185
5742,LOAD,109492090,4566.539920828984
5743,LOAD,108869492,4592.6548458589305
5744,LOAD,113971946,4387.044510058642
5745,LOAD,109162250,4580.337983139776
5746,LOAD,116552894,4289.897769505406
5747,LOAD,111329067,4491.190068088867
5748,LOAD,112545507,4442.64736396807
5749,LOAD,106397419,4699.362115165594
5750,LOAD,110419840,4528.171748845135
5751,LOAD,113458297,4406.905561080297
5752,LOAD,115855492,4315.721174443763
5753,LOAD,115888429,4314.494590309789
5754,LOAD,111384355,4488.960770118927
5755,LOAD,114878167,4352.437134551425
5756,LOAD,103813289,4816.339071966018
5757,LOAD,111582628,4480.984262173857
5758,LOAD,112388010,4448.87314936887
5759,LOAD,111640316,4478.66879918183
5760,LOAD,107502297,4651.063409370685
5761,LOAD,112349369,4450.4032772983355
5762,LOAD,112364610,4449.799629972462
5763,LOAD,110164536,4538.665691833895
5764,LOAD,116650537,4286.306886011163
5765,LOAD,110039957,4543.804029294559
5766,LOAD,108183616,4621.7719326371935
5767,LOAD,101640447,4919.301466669071
5768,LOAD,112736230,4435.131456852868
5769,LOAD,108566876,4605.456271947993
5770,LOAD,111508448,4483.965196968754
5771,LOAD,109355623,4572.238594443379
5772,LOAD,110025451,4544.403094516741
5773,LOAD,107351293,4657.605754222262
5774,LOAD,104699234,4775.58412700517
5775,LOAD,114320620,4373.664173619772
5776,LOAD,108514057,4607.697968568257
5777,LOAD,104349158,4791.60550581539
5778,LOAD,109056335,4584.786385861949
5779,LOAD,108789426,4596.03491243717
5780,LOAD,110751566,4514.608849864931
5781,LOAD,106677019,4687.045107625288
5782,LOAD,114458375,4368.4003027301405
5783,LOAD,114600906,4362.967252632366
5784,LOAD,107827759,4637.024868522029
5785,LOAD,102796385,4863.984273376928
5786,LOAD,115309115,4336.170648781755
5787,LOAD,110716498,4516.038793062258
5788,LOAD,107154120,4666.176158228914
5789,LOAD,111576409,4481.2340214318965
5790,LOAD,113564701,4402.776528245339
5791,LOAD,105594542,4735.093221011366
5792,LOAD,106269488,4705.019374893384
5793,LOAD,112416589,4447.74213884038
5794,LOAD,107728439,4641.2999635128845
5795,LOAD,110080973,4542.111014952602
5796,LOAD,106939968,4675.520381678065
5797,LOAD,106600542,4690.407671660806
5798,LOAD,111413562,4487.783991683167
5799,LOAD,105782261,4726.6904230757555
5800,LOAD,110526685,4523.794412182
5801,LOAD,102569320,4874.752021364673
5802,LOAD,113498314,4405.351783463497
5803,LOAD,105265134,4749.91082992399
5804,LOAD,109521352,4565.319829141627
5805,LOAD,110992891,4504.793014176016
5806,LOAD,107560936,4648.527788936311
5807,LOAD,106470380,4696.141781404368
5808,LOAD,105467195,4740.8106378481
5809,LOAD,112704591,4436.3765092763615
5810,LOAD,111639534,4478.700170855245
5811,LOAD,109098566,4583.011659383314
5812,LOAD,112988102,4425.244704083975
5813,LOAD,107802174,4638.125386970397
5814,LOAD,115310657,4336.112663029923
5815,LOAD,110354870,4530.837651297129
5816,LOAD,113309886,4412.677636971588
5817,LOAD,102286896,4888.211682560003
5818,LOAD,116867377,4278.353915652612
5819,LOAD,106179152,4709.022351205065
5820,LOAD,113547721,4403.434922309009
5821,LOAD,108034754,4628.140311218739
5822,LOAD,114249045,4376.404196639018
5823,LOAD,104741581,4773.653359309136
5824,LOAD,113274703,4414.048209863768
5825,LOAD,119224026,4193.785571374682
5826,LOAD,116596500,4288.293387880425
5827,LOAD,109414432,4569.781068735064
5828,LOAD,106741829,4684.199293605883
5829,LOAD,108458897,4610.0413505035
5830,LOAD,115718351,4320.8358542890055
5831,LOAD,114735974,4357.831136727876
5832,LOAD,118277988,4227.329264342914
5833,LOAD,109147198,4580.969636985093
5834,LOAD,109548728,4564.178965181594
5835,LOAD,110303014,4532.9677029496215
5836,LOAD,111171208,4497.5673917297
5837,LOAD,107591014,4647.228252723783
5838,LOAD,110418656,4528.220303641442
5839,LOAD,107435495,4653.9553803889485
5840,LOAD,108720175,4598.962428086599
5841,LOAD,114349998,4372.540522475567
5842,LOAD,107736544,4640.9507993870675
5843,LOAD,120997486,4132.317261533847
5844,LOAD,109212799,4578.217979744297
5845,LOAD,112637212,4439.030326851485
5846,LOAD,108407023,4612.247307999593
5847,LOAD,110957690,4506.222146477635
5848,LOAD,107482210,4651.93263145594
5849,LOAD,110025417,4544.404498825939
5850,LOAD,112609861,4440.108491031705
5851,LOAD,107057093,4670.405164093144
5852,LOAD,106537832,4693.168526275248
5853,LOAD,106817854,4680.86542910701
5854,LOAD,109787767,4554.24145752049
5855,LOAD,110691184,4517.071567325542
5856,LOAD,109318321,4573.798750531487
5857,LOAD,108628478,4602.844568990463
5858,LOAD,108753798,4597.540584283778
5859,LOAD,106715953,4685.335096993417
5860,LOAD,107216003,4663.482931741076
5861,LOAD,111051141,4502.4301011008965
5862,LOAD,114664899,4360.5323369272755
5863,LOAD,106707414,4685.71002948305
5864,LOAD,110967334,4505.830517654862
5865,LOAD,111393725,4488.583176476053
5866,LOAD,111125734,4499.407850930371
5867,LOAD,99745463,5012.759327208697
5868,LOAD,110278498,4533.9754264698095
5869,LOAD,116648618,4286.377400544942
5870,LOAD,110118269,4540.572645579818
5871,LOAD,106942420,4675.4131802889815
5872,LOAD,111566421,4481.635204556755
5873,LOAD,108155932,4622.954938800767
5874,LOAD,110496834,4525.01652671786
5875,LOAD,104208144,4798.089485213363
5876,LOAD,109847873,4551.749490861785
5877,LOAD,104588502,4780.640227546236
5878,LOAD,109541212,4564.492129227126
5879,LOAD,110105642,4541.093361955058
5880,LOAD,108538262,4606.670410845532
5881,LOAD,107105224,4668.306375046655
5882,LOAD,110199567,4537.22290941488
5883,LOAD,109454650,4568.101949072058
5884,LOAD,111473218,4485.382309497874
5885,LOAD,106364339,4700.823647294043
5886,LOAD,111140396,4498.814274514552
5887,LOAD,109538829,4564.591429035634
5888,LOAD,111892302,4468.582655489561
5889,LOAD,105590890,4735.256990446808
5890,LOAD,111998784,4464.334184199714
5891,LOAD,110170657,4538.413526933946
5892,LOAD,108362394,4614.146859841432
5893,LOAD,103757988,4818.906087500463
5894,LOAD,112147525,4458.413148217047
5895,LOAD,106030828,4715.609690419469
5896,LOAD,105971686,4718.241436679605
5897,LOAD,102282544,4888.419670124747
5898,LOAD,115024042,4346.917316642377
5899,LOAD,119453994,4185.711864937727
5900,LOAD,115288439,4336.948304070628
5901,LOAD,112400338,4448.385199695752
5902,LOAD,110622125,4519.8914774056275
5903,LOAD,105432945,4742.350695031804
5904,LOAD,112545702,4442.639666506323
5905,LOAD,109083683,4583.636949625178
5906,LOAD,108001653,4629.558771660652
5907,LOAD,108386736,4613.110593163355
5908,LOAD,107462816,4652.772173772182
5909,LOAD,106129343,4711.232406291256
5910,LOAD,116465341,4293.122706780208
5911,LOAD,108416702,4611.835545412551
5912,LOAD,108607120,4603.749735744765
5913,LOAD,107933185,4632.495557320948
5914,LOAD,107814581,4637.591644491945
5915,LOAD,104755513,4773.018485432838
5916,LOAD,116181314,4303.618049973165
5917,LOAD,104243581,4796.458402556221
5918,LOAD,111093575,4500.710324606981
5919,LOAD,112235153,4454.9322260914105
5920,LOAD,107340228,4658.085876247626
5921,LOAD,108093610,4625.620330378456
5922,LOAD,105375829,4744.9211526487725
5923,LOAD,115814496,4317.248852855173
5924,LOAD,111314756,4491.767470612791
5925,LOAD,106222567,4707.097692338766
5926,LOAD,106482552,4695.604966342279
5927,LOAD,112087667,4460.794067557852
5928,LOAD,107130347,4667.2116165179605
5929,LOAD,110434608,4527.566213663746
5930,LOAD,110785592,4513.222260887499
5931,LOAD,110953528,4506.391180278648
5932,LOAD,107421124,4654.5779952926205
5933,LOAD,113332794,4411.785700791953
5934,LOAD,109640776,4560.347146758611
5935,LOAD,106128441,4711.272447693828
5936,LOAD,117611400,4251.288565564222
5937,LOAD,107533729,4649.703908250034
5938,LOAD,112136296,4458.859600641706
5939,LOAD,106768606,4683.02452127173
5940,LOAD,109156629,4580.573846779383
5941,LOAD,105521330,4738.378487079342
5942,LOAD,115851484,4315.870481210237
5943,LOAD,109101493,4582.88870529022
5944,LOAD,110188704,4537.6702134549105
5945,LOAD,113661753,4399.017143436104
5946,LOAD,108869865,4592.639110923854
5947,LOAD,110125081,4540.29177967188
5948,LOAD,107718698,4641.719676188437
5949,LOAD,110990579,4504.886851702971
5950,LOAD,111005693,4504.273488027322
5951,LOAD,109238964,4577.121401480886
5952,LOAD,115991682,4310.653931201722
5953,LOAD,105795330,4726.106530411125
5954,LOAD,109505413,4565.98433175171
5955,LOAD,104203843,4798.287525729737
5956,LOAD,113578323,4402.248481869203
5957,LOAD,103118568,4848.787271754976
5958,LOAD,111078596,4501.317247474032
5959,LOAD,104238287,4796.702002595265
5960,LOAD,110912172,4508.071485607548
5961,LOAD,106948030,4675.16792969445
5962,LOAD,105450246,4741.572627530902
5963,LOAD,101579383,4922.258683142425
5964,LOAD,115286985,4337.003001683148
5965,LOAD,99955538,5002.2240888743945
5966,LOAD,114100237,4382.11184434262
5967,LOAD,112285666,4452.928123523799
5968,LOAD,115321421,4335.707934087978
5969,LOAD,106860501,4678.9973406544295
5970,LOAD,105584543,4735.541640787326
5971,LOAD,101391149,4931.396921046827
5972,LOAD,108434236,4611.089803777471
5973,LOAD,110977046,4505.4361962382745
5974,LOAD,111627203,4479.194914522762
5975,LOAD,108182953,4621.8002571994875
5976,LOAD,110096929,4541.45274115684
5977,LOAD,108983244,4587.8612312182595
5978,LOAD,112769673,4433.816173254311
5979,LOAD,115166812,4341.5285299379475
5980,LOAD,117537246,4253.970694532012
5981,LOAD,106428733,4697.9794450808695
5982,LOAD,107876710,4634.920734976067
5983,LOAD,111249937,4494.384567606542
5984,LOAD,113732471,4396.281867471252
5985,LOAD,111104324,4500.274894791673
5986,LOAD,111854645,4470.087049134169
5987,LOAD,118166053,4231.333680917649
5988,LOAD,107520553,4650.273701624284
5989,LOAD,112466686,4445.760942933804
5990,LOAD,116936881,4275.81098216567
5991,LOAD,112001639,4464.22038520347
5992,LOAD,110869044,4509.825123052382
5993,LOAD,111245128,4494.578854725215
5994,LOAD,107155399,4666.12046304825
5995,LOAD,111620117,4479.479268060613
5996,LOAD,104770823,4772.32101154727
5997,LOAD,124071681,4029.9284733637164
5998,LOAD,108706062,4599.559498347019
5999,LOAD,116021273,4309.554507301433
6000,LOAD,117189403,4266.597381676226
6001,LOAD,114254271,4376.204019541641
6002,LOAD,110204238,4537.030599494731
6003,LOAD,110123576,4540.3538294106975
6004,LOAD,106118771,4711.701759154372
6005,LOAD,113091937,4421.181679822143
6006,LOAD,104263942,4795.521734637656
6007,LOAD,113694055,4397.767323893936
6008,LOAD,114299350,4374.4780700852625
6009,LOAD,115346199,4334.77656251161
6010,LOAD,105665856,4731.897501497551
6011,LOAD,112687096,4437.065269656075
6012,LOAD,472585774,1058.008995421009
6013,LOAD,110577046,4521.734103839236
6014,LOAD,107354436,4657.469394185071
6015,LOAD,108744014,4597.954237738548
6016,LOAD,111930025,4467.076640070437
6017,LOAD,112184232,4456.954342745779
6018,LOAD,116217495,4302.278241326747
6019,LOAD,111412785,4487.815289780252
6020,LOAD,112252096,4454.259811772245
6021,LOAD,106441130,4697.432280172148
6022,LOAD,107644465,4644.920665451772
6023,LOAD,110794744,4512.8494543026345
6024,LOAD,105433533,4742.32424706853
6025,LOAD,111630836,4479.04914014977
6026,LOAD,109532017,4564.875309472298
6027,LOAD,107610368,4646.392436832852
6028,LOAD,100683580,4966.053054529845
6029,LOAD,106495360,4695.040234616795
6030,LOAD,112865470,4430.05287622512
6031,LOAD,110171999,4538.358244729679
6032,LOAD,108538876,4606.644351098679
6033,LOAD,108882999,4592.0851243268935
6034,LOAD,106248395,4705.953440520207
6035,LOAD,110708366,4516.370515305049
6036,LOAD,110123050,4540.375516297451
6037,LOAD,113016529,4424.131624144996
6038,LOAD,109671388,4559.0742409497
6039,LOAD,110439382,4527.370499048971
6040,LOAD,106401726,4699.171891252967
6041,LOAD,112511017,4444.00924755662
6042,LOAD,107349231,4657.695219074276
6043,LOAD,111852606,4470.168535903401
6044,LOAD,107680840,4643.351593468253
6045,LOAD,114250534,4376.347160005396
6046,LOAD,104761228,4772.758104744629
6047,LOAD,113384716,4409.7654219992055
6048,LOAD,107442655,4653.645239872376
6049,LOAD,108580505,4604.878196136589
6050,LOAD,107995330,4629.829826900848
6051,LOAD,110474724,4525.922146680357
6052,LOAD,106595233,4690.641278489443
6053,LOAD,114864287,4352.96307545965
6054,LOAD,108519094,4607.484098604805
6055,LOAD,114820153,4354.636245781697
6056,LOAD,105590865,4735.258111580012
6057,LOAD,104687238,4776.131356144862
6058,LOAD,114944468,4349.92660977821
6059,LOAD,113612361,4400.9295784285305
6060,LOAD,109297838,4574.655904904542
6061,LOAD,112523266,4443.525483876374
6062,LOAD,110174773,4538.2439771398485
6063,LOAD,113477682,4406.152744642775
6064,LOAD,110262517,4534.632562396521
6065,LOAD,114184540,4378.876509902303
6066,LOAD,110278065,4533.993228843832
6067,LOAD,114138676,4380.636060646087
6068,LOAD,101635302,4919.550492406664
6069,LOAD,113887593,4390.293857558303
6070,LOAD,112479886,4445.239213702617
6071,LOAD,116996544,4273.630509974722
6072,LOAD,110520528,4524.046428732226
6073,LOAD,112994720,4424.985521447374
6074,LOAD,110979724,4505.32747765709
6075,LOAD,109354876,4572.26982727318
6076,LOAD,113230413,4415.7747618566045
6077,LOAD,116234410,4301.652152748915
6078,LOAD,114730334,4358.045362266617
6079,LOAD,112609727,4440.113774540986
6080,LOAD,110077904,4542.23765016456
6081,LOAD,111460457,4485.8958365835515
6082,LOAD,112523351,4443.522127242727
6083,LOAD,114110591,4381.714226683831
6084,LOAD,112148635,4458.3690207196905
6085,LOAD,109618753,4561.263345150442
6086,LOAD,106421670,4698.291240872277
6087,LOAD,111167122,4497.732701940417
6088,LOAD,113171515,4418.072869308147
6089,LOAD,111003190,4504.375054446634
6090,LOAD,110466369,4526.264459728915
6091,LOAD,108502599,4608.184546805188
6092,LOAD,111457595,4486.011025089856
6093,LOAD,113178767,4417.789778536817
6094,LOAD,110895472,4508.75036629088
6095,LOAD,112138742,4458.762342812799
6096,LOAD,100956242,4952.640768859047
6097,LOAD,113608927,4401.062603117447
6098,LOAD,113289159,4413.484965494359
6099,LOAD,106090803,4712.9438731838045
6100,LOAD,113256153,4414.771178039218
6101,LOAD,111558603,4481.9492764713095
6102,LOAD,112424155,4447.442811555933
6103,LOAD,113664027,4398.929135248744
6104,LOAD,116300538,4299.206251307281
6105,LOAD,118123754,4232.848881521323
6106,LOAD,115793748,4318.022420346909
6107,LOAD,106421253,4698.30965061086
6108,LOAD,108269470,4618.107024999753
6109,LOAD,110415028,4528.3690912074035
6110,LOAD,105333034,4746.8489325010805
6111,LOAD,112566189,4441.831107918205
6112,LOAD,104925751,4765.274446308228
6113,LOAD,113490492,4405.6554094417
6114,LOAD,105704755,4730.156178877668
6115,LOAD,118022331,4236.486398493519
6116,LOAD,106947014,4675.21234393697
6117,LOAD,106654935,4688.015608466688
6118,LOAD,105417917,4743.026747530973
6119,LOAD,102514534,4877.357195029536
6120,LOAD,120357961,4154.274431418791
6121,LOAD,108329983,4615.527355893705
6122,LOAD,114829693,4354.274464532445
6123,LOAD,102640884,4871.353212429464
6124,LOAD,112005812,4464.054061766009
6125,LOAD,114056382,4383.796778684423
6126,LOAD,115070788,4345.151438434575
6127,LOAD,105763650,4727.522168533329
6128,LOAD,115791520,4318.105505480886
6129,LOAD,115538291,4327.569636632413
6130,LOAD,106738704,4684.33643338971
6131,LOAD,108608138,4603.706584123558
6132,LOAD,110675607,4517.70732099983
6133,LOAD,115042628,4346.215039524306
6134,LOAD,106532192,4693.416990800302
6135,LOAD,106541725,4692.997039422818
6136,LOAD,106969251,4674.240450650626
6137,LOAD,107918242,4633.137000137567
6138,LOAD,111218273,4495.66412526474
6139,LOAD,115023361,4346.943052724741
6140,LOAD,116921205,4276.3842538229055
6141,LOAD,113925126,4388.847461094754
6142,LOAD,117714468,4247.566237992088
6143,LOAD,111210201,4495.990435265916
6144,LOAD,117595010,4251.881095975076
6145,LOAD,124868558,4004.2105715675843
6146,LOAD,117438304,4257.554673132881
6147,LOAD,116459293,4293.3456585555605
6148,LOAD,108968504,4588.48182406909
6149,LOAD,112227995,4455.216365577947
6150,LOAD,109316655,4573.868455817643
6151,LOAD,119176011,4195.475211869611
6152,LOAD,129504485,3860.8701466980083
6153,LOAD,115813090,4317.3012653405585
6154,LOAD,113358064,4410.802216946824
6155,LOAD,115705950,4321.298947893345
6156,LOAD,115884335,4314.647014197389
6157,LOAD,116935145,4275.874460154815
6158,LOAD,110636080,4519.321364242117
6159,LOAD,109761505,4555.3311245140085
6160,LOAD,110505968,4524.64250618573
6161,LOAD,108809792,4595.174669573857
6162,LOAD,105725286,4729.237620600998
6163,LOAD,113743546,4395.853809586699
6164,LOAD,106187219,4708.664608685156
6165,LOAD,118435565,4221.704856982782
6166,LOAD,111645796,4478.448969095084
6167,LOAD,110202893,4537.085972870059
6168,LOAD,111502293,4484.212714800403
6169,LOAD,113824390,4392.731645651692
6170,LOAD,107733534,4641.0804643241345
6171,LOAD,109599995,4562.044003742883
6172,LOAD,116566521,4289.39626670337
6173,LOAD,120403130,4152.71596344713
6174,LOAD,118431288,4221.857318650456
6175,LOAD,116616736,4287.549258795924
6176,LOAD,105541195,4737.486627851807
6177,LOAD,113323134,4412.161774488164
6178,LOAD,119309658,4190.775569903989
6179,LOAD,117799024,4244.517339973886
6180,LOAD,106358629,4701.076017066749
6181,LOAD,110152723,4539.152427489241
6182,LOAD,108553758,4606.012810721854
6183,LOAD,118025355,4236.37785287746
6184,LOAD,109592303,4562.364201799829
6185,LOAD,116958511,4275.0202249069325
6186,LOAD,117396777,4259.060706581408
6187,LOAD,113264991,4414.426696065336
6188,LOAD,112881886,4429.408629831008
6189,LOAD,115730330,4320.3886137713425
6190,LOAD,112991490,4425.112015072993
6191,LOAD,115741537,4319.970279986864
6192,LOAD,107922608,4632.949566971176
6193,LOAD,119613565,4180.127897701234
6194,LOAD,111604276,4480.115080895288
6195,LOAD,108397851,4612.637569724514
6196,LOAD,111436018,4486.879637066716
6197,LOAD,107434348,4654.005067355181
6198,LOAD,113753208,4395.480433395777
6199,LOAD,109086982,4583.498331634109
6200,LOAD,113513591,4404.758897989581
6201,LOAD,111574341,4481.317079883089
6202,LOAD,113255629,4414.791603868096
6203,LOAD,113590584,4401.773301913828
6204,LOAD,112277131,4453.266622924307
6205,LOAD,118209570,4229.775981758499
6206,LOAD,113927697,4388.748418218267
6207,LOAD,113066280,4422.1849343588565
6208,LOAD,111831106,4471.027944586366
6209,LOAD,106448120,4697.1238195658125
6210,LOAD,110511720,4524.407004071604
6211,LOAD,109368104,4571.716814255095
6212,LOAD,111442720,4486.609802775812
6213,LOAD,114605281,4362.800698512314
6214,LOAD,114314712,4373.890212836297
6215,LOAD,115541110,4327.4640515397505
6216,LOAD,111982347,4464.989468384691
6217,LOAD,115224110,4339.369598949386
6218,LOAD,105624048,4733.770476208221
6219,LOAD,114206234,4378.0447221471295
6220,LOAD,118238924,4228.725897404141
6221,LOAD,108808446,4595.231513553645
6222,LOAD,99705035,5014.791880871412
6223,LOAD,112876285,4429.62842017701
6224,LOAD,107843289,4636.357112587692
6225,LOAD,114405537,4370.417840877754
6226,LOAD,106023154,4715.951008210905
6227,LOAD,114673185,4360.217255673155
6228,LOAD,107494832,4651.386403394723
6229,LOAD,116508662,4291.526410285272
6230,LOAD,109804167,4553.561250548897
6231,LOAD,112077826,4461.185747839184
6232,LOAD,123068013,4062.7941234413206
6233,LOAD,108547397,4606.282728272148
6234,LOAD,109487735,4566.721560182061
6235,LOAD,115998846,4310.387708512203
6236,LOAD,112951844,4426.6652255805575
6237,LOAD,109577269,4562.990158113906
6238,LOAD,115882558,4314.7131771116065
6239,LOAD,108951412,4589.201652567844
6240,LOAD,112788788,4433.064747535012
6241,LOAD,109797072,4553.855498077398
6242,LOAD,104412681,4788.6903698986525
6243,LOAD,114690207,4359.5701244135
6244,LOAD,111334474,4490.971951778386
6245,LOAD,111151446,4498.367029791048
6246,LOAD,114129753,4380.978551666541
6247,LOAD,111523086,4483.376652615226
6248,LOAD,107004359,4672.706838045729
6249,LOAD,109539906,4564.546549820848
6250,LOAD,116391614,4295.842138592562
6251,LOAD,111087352,4500.962449802567
6252,LOAD,113881421,4390.53179710499
6253,LOAD,117579234,4252.451585115787
6254,LOAD,110127695,4540.184010933853
6255,LOAD,118816011,4208.187059907271
6256,LOAD,112357178,4450.093967294195
6257,LOAD,121218309,4124.789432593058
6258,LOAD,103961339,4809.480185706342
6259,LOAD,118002642,4237.193265554173
6260,LOAD,114262390,4375.8930650759185
6261,LOAD,113786218,4394.205280643038
6262,LOAD,107931794,4632.555259852347
6263,LOAD,111850848,4470.238795149769
6264,LOAD,108435983,4611.0155150251185
6265,LOAD,113685994,4398.079151245315
6266,LOAD,109095577,4583.137224710768
6267,LOAD,109027958,4585.979680551294
6268,LOAD,108426482,4611.419560767452
6269,LOAD,108906668,4591.087113233508
6270,LOAD,109049593,4585.069840654976
6271,LOAD,108173128,4622.220039712636
6272,LOAD,108247590,4619.040479330764
6273,LOAD,108161489,4622.717425792835
6274,LOAD,104770163,4772.351074799798
6275,LOAD,111682467,4476.978467891473
6276,LOAD,107302389,4659.728498682355
6277,LOAD,115460059,4330.501857789627
6278,LOAD,111450881,4486.281270401083
6279,LOAD,112203816,4456.176428081555
6280,LOAD,119093825,4198.370486463089
6281,LOAD,117779540,4245.219500772375
6282,LOAD,111627814,4479.1703974423435
6283,LOAD,110102179,4541.23619115658
6284,LOAD,105908902,4721.0384637922125
6285,LOAD,110952737,4506.423307069928
6286,LOAD,112273762,4453.400252144397
6287,LOAD,114094987,4382.313484114775
6288,LOAD,110201576,4537.140194800843
6289,LOAD,114736000,4357.8301492121045
6290,LOAD,106934655,4675.752682794927
6291,LOAD,114088900,4382.547294259126
6292,LOAD,111039962,4502.883385352743
6293,LOAD,110781873,4513.373771898585
6294,LOAD,112148533,4458.37307564246
6295,LOAD,108243452,4619.217058968149
6296,LOAD,109101759,4582.877531791215
6297,LOAD,127744661,3914.057903367093
6298,LOAD,114258162,4376.054990277193
6299,LOAD,109392356,4570.703276561664
6300,LOAD,116037679,4308.945200463721
6301,LOAD,115597916,4325.337491378305
6302,LOAD,121079710,4129.511046896297
6303,LOAD,116886104,4277.668455781535
6304,LOAD,111843967,4470.513818595151
6305,LOAD,108628030,4602.863551884352
6306,LOAD,113167470,4418.230786638598
6307,LOAD,119805610,4173.427271060178
6308,LOAD,111939713,4466.690029837757
6309,LOAD,113814902,4393.097838804974
6310,LOAD,118740205,4210.8736463778205
6311,LOAD,110838462,4511.069451685463
6312,LOAD,109747430,4555.915341252183
6313,LOAD,105926973,4720.233060940956
6314,LOAD,110392164,4529.3069895794415
6315,LOAD,111940670,4466.6518433380825
6316,LOAD,110571436,4521.963520488239
6317,LOAD,115827522,4316.763333674703
6318,LOAD,116122460,4305.799239871426
6319,LOAD,109000097,4587.151881158417
6320,LOAD,110169235,4538.472106119281
6321,LOAD,112793322,4432.886549790598
6322,LOAD,112258920,4453.989046037499
6323,LOAD,114811319,4354.9713073150915
6324,LOAD,117583730,4252.288985899665
6325,LOAD,118090907,4234.026248947347
6326,LOAD,112027212,4463.20131576603
6327,LOAD,115121453,4343.239135454623
6328,LOAD,108729640,4598.562084818822
6329,LOAD,112246884,4454.4666380226645
6330,LOAD,117297053,4262.6816890276
6331,LOAD,104749621,4773.2869601504335
6332,LOAD,110255633,4534.915689976584
6333,LOAD,108377408,4613.5076417402415
6334,LOAD,112489406,4444.863012255571
6335,LOAD,113474242,4406.286318264192
6336,LOAD,115812709,4317.315468374028
6337,LOAD,115906297,4313.8294720950325
6338,LOAD,115396194,4332.89853563108
6339,LOAD,119654937,4178.682572872025
6340,LOAD,115343907,4334.8626989026825
6341,LOAD,109708006,4557.5525272057175
6342,LOAD,117976317,4238.138744405795
6343,LOAD,112717919,4435.851942937307
6344,LOAD,111577496,4481.190364766745
6345,LOAD,114628770,4361.906701083855
6346,LOAD,115067729,4345.266951431709
6347,LOAD,110092408,4541.639238193427
6348,LOAD,113563240,4402.833170311097
6349,LOAD,118651001,4214.03945846188
6350,LOAD,115484674,4329.578832252668
6351,LOAD,115173293,4341.28422463357
6352,LOAD,116060662,4308.091918345253
6353,LOAD,112680328,4437.331776315028
6354,LOAD,112722927,4435.654869040084
6355,LOAD,121659716,4109.823830264408
6356,LOAD,106746980,4683.973260882884
6357,LOAD,116552319,4289.9189333161185
6358,LOAD,112382932,4449.074170800242
6359,LOAD,111721100,4475.430335003863
6360,LOAD,115337317,4335.110378889774
6361,LOAD,107657925,4644.339931314857
6362,LOAD,114537949,4365.365403915169
6363,LOAD,111022778,4503.5803373610415
6364,LOAD,115491051,4329.339768498599
6365,LOAD,119714296,4176.610619670686
6366,LOAD,110286563,4533.64386738573
6367,LOAD,116064539,4307.948011580005
6368,LOAD,113839895,4392.133355358418
6369,LOAD,110929097,4507.383666884081
6370,LOAD,114503370,4366.683705466486
6371,LOAD,111972884,4465.366811486252
6372,LOAD,114782359,4356.070082163062
6373,LOAD,115413622,4332.244247563775
6374,LOAD,119809282,4173.299360895928
6375,LOAD,112210073,4455.927945078513
6376,LOAD,118017799,4236.649083753883
6377,LOAD,111593718,4480.538949334048
6378,LOAD,117938635,4239.492851515536
6379,LOAD,109527814,4565.0504811499295
6380,LOAD,111618517,4479.543479331481
6381,LOAD,116725407,4283.557563436039
6382,LOAD,108242080,4619.275608894433
6383,LOAD,108113883,4624.7529561027795
6384,LOAD,112962178,4426.2602656262525
6385,LOAD,107412615,4654.946721109062
6386,LOAD,110476236,4525.860203998985
6387,LOAD,117442590,4257.39929611566
6388,LOAD,108628275,4602.853170594856
6389,LOAD,110354124,4530.868280010995
6390,LOAD,114918377,4350.914214529848
6391,LOAD,109844074,4551.9069148873705
6392,LOAD,109604162,4561.870561083256
6393,LOAD,111905120,4468.070808556391
6394,LOAD,111603835,4480.132783967504
6395,LOAD,118247661,4228.413448279539
6396,LOAD,115259172,4338.049556698186
6397,LOAD,115062987,4345.446029486441
6398,LOAD,115332528,4335.290387461202
6399,LOAD,113211337,4416.518815602363
6400,LOAD,109312891,4574.025949052981
6401,LOAD,115884566,4314.638413539902
6402,LOAD,107974307,4630.731272023815
6403,LOAD,112598173,4440.569386503278
6404,LOAD,116105332,4306.434436620017
6405,LOAD,106820313,4680.757675742815
6406,LOAD,109855368,4551.438942883519
6407,LOAD,117279185,4263.331127343697
6408,LOAD,112396631,4448.53191373681
6409,LOAD,111693493,4476.536515873848
6410,LOAD,114591828,4363.312888245399
6411,LOAD,108148161,4623.287121821702
6412,LOAD,114820394,4354.6271057038875
6413,LOAD,109601728,4561.971869640596
6414,LOAD,113356505,4410.862879020485
6415,LOAD,117412467,4258.491562058738
6416,LOAD,119036146,4200.404808132817
6417,LOAD,112719026,4435.808378968782
6418,LOAD,116229843,4301.821176855586
6419,LOAD,110515465,4524.2536870292315
6420,LOAD,113005183,4424.575817907396
6421,LOAD,114119439,4381.3745000972185
6422,LOAD,107628167,4645.624040034056
6423,LOAD,111773104,4473.348078442915
6424,LOAD,114275884,4375.376347996573
6425,LOAD,114379418,4371.415843364406
6426,LOAD,108294725,4617.0300538645815
6427,LOAD,115618731,4324.558794889384
6428,LOAD,110856901,4510.319118518386
6429,LOAD,109954238,4547.346324204438
6430,LOAD,118053583,4235.364885113228
6431,LOAD,111469413,4485.53541768449
6432,LOAD,115898802,4314.108440913824
6433,LOAD,118795089,4208.928199043649
6434,LOAD,114293804,4374.690337544457
6435,LOAD,119208544,4194.330231900156
6436,LOAD,112440170,4446.809356478205
6437,LOAD,107397949,4655.582389194416
6438,LOAD,108334718,4615.325624422634
6439,LOAD,111455602,4486.091241963773
6440,LOAD,103575471,4827.3977918961145
6441,LOAD,111867775,4469.562391850557
6442,LOAD,113160193,4418.514910097405
6443,LOAD,108364060,4614.075921481717
6444,LOAD,111369894,4489.543646328693
6445,LOAD,115775263,4318.711847797746
6446,LOAD,104047408,4805.501738207644
6447,LOAD,115496586,4329.132291408163
6448,LOAD,105018362,4761.072163742185
6449,LOAD,108842467,4593.79517739156
6450,LOAD,112276952,4453.27372264256
6451,LOAD,112648828,4438.572587723682
6452,LOAD,120721751,4141.755697363932
6453,LOAD,115931629,4312.886865412716
6454,LOAD,115263785,4337.875942560797
6455,LOAD,112313319,4451.831754700438
6456,LOAD,109937670,4548.031625556554
6457,LOAD,113314142,4412.511899882717
6458,LOAD,104040427,4805.824182171033
6459,LOAD,112439757,4446.825689955911
6460,LOAD,105828538,4724.62352262676
6461,LOAD,112289033,4452.794601944786
6462,LOAD,122839179,4070.3625998672624
6463,LOAD,110078631,4542.20765154683
6464,LOAD,103738551,4819.808983065514
6465,LOAD,119465637,4185.303929698211
6466,LOAD,112360300,4449.970318697974
6467,LOAD,114894423,4351.821323825265
6468,LOAD,115022997,4346.956808993596
6469,LOAD,116065429,4307.914977852707
6470,LOAD,102372965,4884.101969694831
6471,LOAD,108776317,4596.588796070379
6472,LOAD,112786664,4433.148231071007
6473,LOAD,111662217,4477.790370219856
6474,LOAD,106135408,4710.963187704522
6475,LOAD,113697833,4397.621193009017
6476,LOAD,112486550,4444.975866003536
6477,LOAD,114236778,4376.874144682197
6478,LOAD,115395590,4332.921214753527
6479,LOAD,115262589,4337.920953692962
6480,LOAD,113731802,4396.307727543084
6481,LOAD,110074539,4542.3765072502365
6482,LOAD,114581797,4363.694872057208
6483,LOAD,115114232,4343.511582477482
6484,LOAD,115034541,4346.5205811531
6485,LOAD,113212083,4416.489713381566
6486,LOAD,121315445,4121.486757106649
6487,LOAD,110675254,4517.721730279472
6488,LOAD,114355836,4372.317299136355
6489,LOAD,117574745,4252.6139435811665
6490,LOAD,109228259,4577.569985803765
6491,LOAD,111369644,4489.553724352391
6492,LOAD,117074993,4270.7668579574465
6493,LOAD,114694412,4359.4102910610845
6494,LOAD,110082855,4542.033362052611
6495,LOAD,114498239,4366.8793892978565
6496,LOAD,110746650,4514.809251566527
6497,LOAD,113424533,4408.217400374926
6498,LOAD,115090794,4344.396129546209
6499,LOAD,113425558,4408.177564354587
6500,LOAD,117856653,4242.441875555383
6501,LOAD,111170837,4497.582401039222
6502,LOAD,110558648,4522.486562968823
6503,LOAD,117949722,4239.094349031191
6504,LOAD,113872055,4390.892919250469
6505,LOAD,120822012,4138.318769265323
6506,LOAD,121836927,4103.846118837189
6507,LOAD,111539474,4482.717929976969
6508,LOAD,118336458,4225.240542521562
6509,LOAD,116776622,4281.6789134386845
6510,LOAD,117209242,4265.875211444503
6511,LOAD,116499504,4291.863766218266
6512,LOAD,364444384,1371.951447055362
6513,LOAD,116826010,4279.868840851451
6514,LOAD,120723212,4141.705573572712
6515,LOAD,117454188,4256.978899722162
6516,LOAD,116352008,4297.304435003821
6517,LOAD,120274691,4157.150567944506
6518,LOAD,115545123,4327.313754298397
6519,LOAD,104917472,4765.650472401775
6520,LOAD,105980872,4717.832478298537
6521,LOAD,118932459,4204.066780457301
6522,LOAD,109863564,4551.0993981589745
6523,LOAD,111020259,4503.682521583741
6524,LOAD,116508125,4291.546190448091
6525,LOAD,106920814,4676.357963380264
6526,LOAD,118920682,4204.4831192609545
6527,LOAD,110368416,4530.281561710553
6528,LOAD,114384625,4371.216848418221
6529,LOAD,112386040,4448.951133076671
6530,LOAD,114706731,4358.942109508814
6531,LOAD,112822906,4431.724174876332
6532,LOAD,109889073,4550.0429328401015
6533,LOAD,107776107,4639.2471756286395
6534,LOAD,117557986,4253.220193819924
6535,LOAD,116284145,4299.8123260914035
6536,LOAD,111907815,4467.963207037865
6537,LOAD,112966758,4426.080812197868
6538,LOAD,112962910,4426.231583446283
6539,LOAD,112934660,4427.338781557407
6540,LOAD,114748303,4357.362914552209
6541,LOAD,116143552,4305.017294459877
6542,LOAD,115386501,4333.262519157245
6543,LOAD,106687910,4686.566640962411
6544,LOAD,122480905,4082.2689871535486
6545,LOAD,107568152,4648.215951502077
6546,LOAD,113207970,4416.6501704782795
6547,LOAD,116130657,4305.495318088143
6548,LOAD,117902589,4240.788978772976
6549,LOAD,123885524,4035.984058960755
6550,LOAD,111943477,4466.539841352257
6551,LOAD,105160472,4754.638225663347
6552,LOAD,114142518,4380.488609862277
6553,LOAD,114733222,4357.935664004973
6554,LOAD,114912275,4351.145254064459
6555,LOAD,108893908,4591.62508888927
6556,LOAD,109352322,4572.376615834459
6557,LOAD,105406793,4743.527298093587
6558,LOAD,113330361,4411.880413934268
6559,LOAD,113501690,4405.220750457548
6560,LOAD,111707395,4475.979410315674
6561,LOAD,113237740,4415.48904102113
6562,LOAD,114898625,4351.662171762282
6563,LOAD,116846441,4279.120491141019
6564,LOAD,117231249,4265.074408616085
6565,LOAD,110412061,4528.490777832687
6566,LOAD,113506989,4405.015095590282
6567,LOAD,114058010,4383.734206830367
6568,LOAD,115460114,4330.499794933513
6569,LOAD,108345766,4614.855000425213
6570,LOAD,108391930,4612.889538916781
6571,LOAD,110992842,4504.795002906583
6572,LOAD,112571466,4441.622888698988
6573,LOAD,112982835,4425.450998817652
6574,LOAD,110527579,4523.757821565963
6575,LOAD,116404299,4295.374005044264
6576,LOAD,110951317,4506.480982104971
6577,LOAD,114093063,4382.387384936804
6578,LOAD,115174085,4341.254371588886
6579,LOAD,119276157,4191.952629728002
6580,LOAD,111861274,4469.822147743463
6581,LOAD,110045782,4543.563514319886
6582,LOAD,114763712,4356.777863720546
6583,LOAD,114805648,4355.1864277618115
6584,LOAD,120145076,4161.635388203508
6585,LOAD,113671857,4398.626126077979
6586,LOAD,108836224,4594.058683991095
6587,LOAD,118100764,4233.67286599433
6588,LOAD,118341201,4225.071198998563
6589,LOAD,114738935,4357.718676750835
6590,LOAD,121792438,4105.345193927393
6591,LOAD,108873949,4592.466835202239
6592,LOAD,125027236,3999.128637859354
6593,LOAD,110208712,4536.84641555379
6594,LOAD,116186795,4303.415030942199
6595,LOAD,110832064,4511.329862087563
6596,LOAD,115158163,4341.854602178744
6597,LOAD,107933659,4632.475213315987
6598,LOAD,111672789,4477.366460329024
6599,LOAD,111919624,4467.491777849433
6600,LOAD,118745166,4210.697722212961
6601,LOAD,114162043,4379.739420045243
6602,LOAD,116392242,4295.818960167466
6603,LOAD,116658869,4286.000749758683
6604,LOAD,116914911,4276.614468790897
6605,LOAD,107996407,4629.783655672915
6606,LOAD,127481679,3922.1322147788783
6607,LOAD,110682516,4517.425317653603
6608,LOAD,111358462,4490.004540472191
6609,LOAD,109871793,4550.758537270798
6610,LOAD,117449294,4257.15628397051
6611,LOAD,117404375,4258.785075087704
6612,LOAD,114261700,4375.919490082853
6613,LOAD,113707707,4397.239318175681
6614,LOAD,117108552,4269.5430133915415
6615,LOAD,110825761,4511.586435215185
6616,LOAD,115827531,4316.762998254707
6617,LOAD,119725630,4176.2152347830615
6618,LOAD,116359423,4297.030589434944
6619,LOAD,119895232,4170.307623242265
6620,LOAD,113269017,4414.269791005602
6621,LOAD,115492450,4329.287325708304
6622,LOAD,116283459,4299.8376923066935
6623,LOAD,115828021,4316.7447365780345
6624,LOAD,112890045,4429.08849934465
6625,LOAD,110616047,4520.139831068091
6626,LOAD,117601802,4251.635531911323
6627,LOAD,111126524,4499.375864577569
6628,LOAD,112574635,4441.497856066777
6629,LOAD,106868810,4678.63355079934
6630,LOAD,119256942,4192.628048436795
6631,LOAD,112358192,4450.053806490585
6632,LOAD,110468144,4526.191731799169
6633,LOAD,115256274,4338.158632474966
6634,LOAD,111714274,4475.7037941275075
6635,LOAD,111905776,4468.044616392276
6636,LOAD,113715211,4396.949146935145
6637,LOAD,120803408,4138.95607978212
6638,LOAD,107606780,4646.547364394697
6639,LOAD,110552297,4522.74637043498
6640,LOAD,115017680,4347.157758702836
6641,LOAD,118748573,4210.5769136274175
6642,LOAD,111357516,4490.042683782565
6643,LOAD,119329736,4190.07044480514
6644,LOAD,111480878,4485.074112889566
6645,LOAD,121294699,4122.19168786593
6646,LOAD,114045484,4384.215687137599
6647,LOAD,122427746,4084.041537446912
6648,LOAD,121805278,4104.9124324481245
6649,LOAD,108599501,4604.072720370971
6650,LOAD,111725379,4475.258929307369
6651,LOAD,112040709,4462.663655582544
6652,LOAD,116914359,4276.634660418401
6653,LOAD,111836075,4470.829291889938
6654,LOAD,112254285,4454.1729520614745
6655,LOAD,118110844,4233.311549276542
6656,LOAD,117651363,4249.844517313411
6657,LOAD,110878385,4509.445190782676
6658,LOAD,116256002,4300.853215303241
6659,LOAD,115188083,4340.726809387044
6660,LOAD,121053166,4130.416547717554
6661,LOAD,111344712,4490.559012807003
6662,LOAD,113239916,4415.404193694386
6663,LOAD,111245185,4494.5765517851405
6664,LOAD,108971243,4588.366492249703
6665,LOAD,111993435,4464.547408515507
6666,LOAD,110296016,4533.255308151838
6667,LOAD,115289315,4336.91535074174
6668,LOAD,116294243,4299.438967069075
6669,LOAD,110116636,4540.639981047006
6670,LOAD,116867920,4278.334037261894
6671,LOAD,106933961,4675.7830283683215
6672,LOAD,117867254,4242.060309642914
6673,LOAD,116929471,4276.081946868639
6674,LOAD,112715707,4435.938994731231
6675,LOAD,115021302,4347.020867491136
6676,LOAD,111869260,4469.503060983867
6677,LOAD,117260183,4264.021999692769
6678,LOAD,114153961,4380.049501742651
6679,LOAD,109040755,4585.441470943594
6680,LOAD,116242118,4301.366910744005
6681,LOAD,121770817,4106.074117906263
6682,LOAD,116275889,4300.117627997667
6683,LOAD,118380919,4223.653644722931
6684,LOAD,108304030,4616.633379201125
6685,LOAD,112831092,4431.402649191767
6686,LOAD,112651502,4438.467229669072
6687,LOAD,115792955,4318.051992023176
6688,LOAD,120083999,4163.752074912162
6689,LOAD,113210234,4416.561845460014
6690,LOAD,115658401,4323.075502314787
6691,LOAD,116728752,4283.434813044177
6692,LOAD,116850622,4278.967381106452
6693,LOAD,114867418,4352.844424517316
6694,LOAD,109696585,4558.027034296464
6695,LOAD,120744775,4140.965934136694
6696,LOAD,113214120,4416.410249887558
6697,LOAD,111060585,4502.047238450978
6698,LOAD,118434018,4221.760001421213
6699,LOAD,117603173,4251.585966987472
6700,LOAD,114320040,4373.686363300783
6701,LOAD,116371734,4296.576005303831
6702,LOAD,115834635,4316.498256328947
6703,LOAD,114749362,4357.32270128003
6704,LOAD,126270597,3959.750027949896
6705,LOAD,111765169,4473.665673068504
6706,LOAD,112157616,4458.012017659148
6707,LOAD,112790442,4432.999739463739
6708,LOAD,115780958,4318.499420258727
6709,LOAD,111926828,4467.204234537943
6710,LOAD,119623030,4179.79715110042
6711,LOAD,121207058,4125.172314635341
6712,LOAD,115507233,4328.733249111768
6713,LOAD,113298105,4413.136477437111
6714,LOAD,116901804,4277.093961697973
6715,LOAD,114783724,4356.018280082984
6716,LOAD,120196545,4159.853346866168
6717,LOAD,111106296,4500.195020451407
6718,LOAD,122142040,4093.5946378495073
6719,LOAD,104204064,4798.277349336394
6720,LOAD,117857599,4242.4078230203895
6721,LOAD,109662855,4559.4289880561655
6722,LOAD,114824773,4354.461036034446
6723,LOAD,113225421,4415.969449122207
6724,LOAD,110852327,4510.505223764946
6725,LOAD,109159231,4580.464660840273
6726,LOAD,115955185,4312.010713449338
6727,LOAD,108133297,4623.922638740961
6728,LOAD,113492073,4405.594036510373
6729,LOAD,114312884,4373.960156582175
6730,LOAD,111070017,4501.664927268355
6731,LOAD,112697320,4436.662735191929
6732,LOAD,117631392,4250.566039378332
6733,LOAD,112994353,4424.999893578753
6734,LOAD,117603039,4251.590811356499
6735,LOAD,116121799,4305.823749768121
6736,LOAD,112010709,4463.858897634511
6737,LOAD,116729381,4283.411731618795
6738,LOAD,117424794,4258.044514857739
6739,LOAD,112173327,4457.387628344125
6740,LOAD,113587603,4401.88882232157
6741,LOAD,108178542,4621.988711957312
6742,LOAD,114735824,4357.836833942989
6743,LOAD,107917460,4633.17057313988
6744,LOAD,110586481,4521.3483192398535
6745,LOAD,111429783,4487.130698262241
6746,LOAD,121777342,4105.8541087224585
6747,LOAD,108090082,4625.771308046561
6748,LOAD,115124535,4343.1228625592275
6749,LOAD,114822380,4354.55178685549
6750,LOAD,122071131,4095.972535881559
6751,LOAD,119273935,4192.030723225489
6752,LOAD,114214805,4377.716181365455
6753,LOAD,113739663,4396.00388124941
6754,LOAD,115131349,4342.8658166769155
6755,LOAD,112853982,4430.503834592208
6756,LOAD,115048514,4345.992682704272
6757,LOAD,110229829,4535.977280705026
6758,LOAD,108757686,4597.3762258972665
6759,LOAD,103796834,4817.102610278075
6760,LOAD,110597581,4520.894539275683
6761,LOAD,116110430,4306.245356252664
6762,LOAD,116644842,4286.5161581684
6763,LOAD,114922771,4350.747860056385
6764,LOAD,121972259,4099.292774433242
6765,LOAD,117489817,4255.687963153437
6766,LOAD,113008819,4424.433459480716
6767,LOAD,115252374,4338.305430480764
6768,LOAD,112950687,4426.710569719687
6769,LOAD,115169665,4341.420980950149
6770,LOAD,112077801,4461.18674294832
6771,LOAD,122829591,4070.6803297912143
6772,LOAD,112288566,4452.813120794507
6773,LOAD,114037450,4384.52455750282
6774,LOAD,118828623,4207.740419578876
6775,LOAD,113748531,4395.66116242855
6776,LOAD,115477375,4329.852492750203
6777,LOAD,115952971,4312.093046757724
6778,LOAD,118269823,4227.6211066959995
6779,LOAD,119404609,4187.443049204239
6780,LOAD,115425504,4331.798282639511
6781,LOAD,112200207,4456.319764187245
6782,LOAD,106167315,4709.547378117267
6783,LOAD,110153486,4539.120986148364
6784,LOAD,111897483,4468.37575426071
6785,LOAD,115085455,4344.59767309431
6786,LOAD,114718617,4358.4904793613405
6787,LOAD,115350703,4334.6073062077485
6788,LOAD,107428875,4654.242167201322
6789,LOAD,109869050,4550.87215189355
6790,LOAD,113259399,4414.644651257597
6791,LOAD,103934262,4810.733153615888
6792,LOAD,115452267,4330.794128104908
6793,LOAD,118459336,4220.857695842563
6794,LOAD,117590227,4252.054041872034
6795,LOAD,106875332,4678.348040125854
6796,LOAD,118053671,4235.3617279720165
6797,LOAD,106685379,4686.677824896699
6798,LOAD,111245837,4494.550209550763
6799,LOAD,111792200,4472.583954873417
6800,LOAD,115259282,4338.045416593867
6801,LOAD,109321096,4573.682649504355
6802,LOAD,109747630,4555.907038721474
6803,LOAD,110100721,4541.296328113965
6804,LOAD,116817269,4280.189087454184
6805,LOAD,108874912,4592.426214773886
6806,LOAD,115053162,4345.81711018077
6807,LOAD,97453015,5130.677588579481
6808,LOAD,116517588,4291.197651636936
6809,LOAD,107230389,4662.857280131661
6810,LOAD,117760314,4245.912591571385
6811,LOAD,118615910,4215.286128142507
6812,LOAD,119818671,4172.972340846612
6813,LOAD,111585573,4480.865998689634
6814,LOAD,112207560,4456.0277400203695
6815,LOAD,114985190,4348.386083459965
6816,LOAD,110865226,4509.98043335969
6817,LOAD,109159747,4580.443008905105
6818,LOAD,118467858,4220.554067922794
6819,LOAD,117532594,4254.139068861187
6820,LOAD,110920385,4507.737689514872
6821,LOAD,110955145,4506.325506581962
6822,LOAD,115602414,4325.169195861256
6823,LOAD,114304582,4374.277839535776
6824,LOAD,110281944,4533.833752513467
6825,LOAD,118785958,4209.251736640454
6826,LOAD,121400638,4118.594500302379
6827,LOAD,114363238,4372.0343070384215
6828,LOAD,116846278,4279.126460493675
6829,LOAD,112745029,4434.785324326805
6830,LOAD,111191207,4496.758453211143
6831,LOAD,114168804,4379.480054814273
6832,LOAD,118211124,4229.720377246392
6833,LOAD,116398738,4295.579218393244
6834,LOAD,116788871,4281.22984423747
6835,LOAD,119146673,4196.508281855256
6836,LOAD,116627684,4287.146780690595
6837,LOAD,112137150,4458.825643419687
6838,LOAD,116366976,4296.751683226692
6839,LOAD,114255749,4376.147409440203
6840,LOAD,112505134,4444.241629008681
6841,LOAD,109476898,4567.1736150215
6842,LOAD,115026023,4346.842453207306
6843,LOAD,111812080,4471.78873695937
6844,LOAD,110281118,4533.8677106991245
6845,LOAD,113332903,4411.781457676064
6846,LOAD,108295306,4617.005283682379
6847,LOAD,117976770,4238.122471059345
6848,LOAD,118164021,4231.406444775606
6849,LOAD,119563030,4181.894687680632
6850,LOAD,113496127,4405.436671861058
6851,LOAD,115690169,4321.888405228278
6852,LOAD,111854698,4470.08493107728
6853,LOAD,119273587,4192.042954153798
6854,LOAD,117928540,4239.85576349881
6855,LOAD,111142506,4498.72886616395
6856,LOAD,111636961,4478.803395588671
6857,LOAD,110665700,4518.111754590627
6858,LOAD,122480456,4082.2839523066436
6859,LOAD,120671028,4143.496647762046
6860,LOAD,110336637,4531.586366910929
6861,LOAD,122909169,4068.0447526254125
6862,LOAD,114513766,4366.287281129153
6863,LOAD,112618489,4439.768322588665
6864,LOAD,121361229,4119.93191005012
6865,LOAD,119672516,4178.068755569575
6866,LOAD,120898140,4135.712923292285
6867,LOAD,112291115,4452.712042266211
6868,LOAD,117659756,4249.541363998749
6869,LOAD,117720628,4247.343974413728
6870,LOAD,117283605,4263.170457627049
6871,LOAD,109010016,4586.734488691388
6872,LOAD,120074270,4164.0894423093305
6873,LOAD,109734997,4556.431527491635
6874,LOAD,116881016,4277.854668888231
6875,LOAD,117083992,4270.4386095752525
6876,LOAD,111846927,4470.395507602993
6877,LOAD,115769589,4318.923512806114
6878,LOAD,110498842,4524.934297501507
6879,LOAD,115694164,4321.739167413837
6880,LOAD,114929144,4350.5066043126535
6881,LOAD,108762111,4597.189181074281
6882,LOAD,106373440,4700.421458589663
6883,LOAD,118316966,4225.936625183576
6884,LOAD,113581650,4402.1195325125145
6885,LOAD,114927586,4350.5655813565945
6886,LOAD,108105565,4625.1087999031315
6887,LOAD,109566645,4563.432603051778
6888,LOAD,109556456,4563.857012680293
6889,LOAD,117209278,4265.873901211131
6890,LOAD,116199906,4302.929470528143
6891,LOAD,110667511,4518.0378187054375
6892,LOAD,109529812,4564.967207284169
6893,LOAD,110641103,4519.11619138504
6894,LOAD,111207801,4496.087464223845
6895,LOAD,111653075,4478.157005528061
6896,LOAD,115933970,4312.799777321522
6897,LOAD,123612021,4044.9140460214626
6898,LOAD,108818733,4594.7971108981765
6899,LOAD,111446598,4486.453682507204
6900,LOAD,105730028,4729.025513924957
6901,LOAD,112999419,4424.8015115900735
6902,LOAD,111264943,4493.778422193593
6903,LOAD,110441825,4527.270352513642
6904,LOAD,108468459,4609.634953880925
6905,LOAD,110065317,4542.75709758779
6906,LOAD,105701107,4730.319427969662
6907,LOAD,110466950,4526.24065387883
6908,LOAD,112955699,4426.51415047239
6909,LOAD,117059657,4271.3263716465535
6910,LOAD,115699665,4321.53368810532
6911,LOAD,106979920,4673.774293344022
6912,LOAD,108504225,4608.115490433667
6913,LOAD,115338196,4335.077340727611
6914,LOAD,114913156,4351.1118953168425
6915,LOAD,126376937,3956.4180923296153
6916,LOAD,113139129,4419.337539711835
6917,LOAD,117744218,4246.493020999129
6918,LOAD,116764845,4282.1107671577
6919,LOAD,107919173,4633.0970308677215
6920,LOAD,113309664,4412.6862824339505
6921,LOAD,108115221,4624.695721613518
6922,LOAD,108485442,4608.913332352925
6923,LOAD,115387384,4333.229358939275
6924,LOAD,116287058,4299.704615452564
6925,LOAD,123940593,4034.1907997809885
6926,LOAD,106027488,4715.758238090108
6927,LOAD,110914733,4507.967395097999
6928,LOAD,110122324,4540.4054494890615
6929,LOAD,109303532,4574.417595215496
6930,LOAD,110159874,4538.857769572249
6931,LOAD,108011957,4629.1171263566675
6932,LOAD,109289682,4574.997299379094
6933,LOAD,120536091,4148.135183842987
6934,LOAD,119396605,4187.723763167303
6935,LOAD,113243989,4415.245386666837
6936,LOAD,110561270,4522.379310584982
6937,LOAD,112412562,4447.90147207925
6938,LOAD,110950428,4506.517090677649
6939,LOAD,111756317,4474.02002340503
6940,LOAD,116805568,4280.617855477574
6941,LOAD,112969033,4425.991678622229
6942,LOAD,114045581,4384.211958199415
6943,LOAD,113818590,4392.955491717126
6944,LOAD,114224720,4377.336184321573
6945,LOAD,111784458,4472.8937183736225
6946,LOAD,110854689,4510.409117651307
6947,LOAD,119637923,4179.276833483644
6948,LOAD,115895218,4314.241852498177
6949,LOAD,109460642,4567.851885977428
6950,LOAD,112544989,4442.6678117139445
6951,LOAD,114954037,4349.5645133367525
6952,LOAD,115593881,4325.488474601869
6953,LOAD,115844883,4316.116405417752
6954,LOAD,108171660,4622.282767963438
6955,LOAD,118949263,4203.47287061375
6956,LOAD,115539871,4327.510457407383
6957,LOAD,109044503,4585.283863414921
6958,LOAD,115326574,4335.514206812386
6959,LOAD,107218824,4663.3602323412915
6960,LOAD,116920144,4276.423060170026
6961,LOAD,108984991,4587.787689040595
6962,LOAD,122404200,4084.8271546237793
6963,LOAD,111331043,4491.110354548641
6964,LOAD,108674624,4600.890084515037
6965,LOAD,105407663,4743.488146587596
6966,LOAD,112098030,4460.381685565751
6967,LOAD,105655362,4732.367487416303
6968,LOAD,114610298,4362.609719416313
6969,LOAD,118692760,4212.556856879897
6970,LOAD,114835518,4354.053595160341
6971,LOAD,108976347,4588.151592198259
6972,LOAD,112844135,4430.890449025109
6973,LOAD,114307863,4374.152283819705
6974,LOAD,116349692,4297.38997504179
6975,LOAD,115686171,4322.037765430062
6976,LOAD,109541834,4564.466211146328
6977,LOAD,107602842,4646.717416627342
6978,LOAD,114959425,4349.360654857137
6979,LOAD,109383095,4571.09025850841
6980,LOAD,120465606,4150.5622775018455
6981,LOAD,114363691,4372.016989203331
6982,LOAD,104946389,4764.337341802204
6983,LOAD,113239796,4415.408872689951
6984,LOAD,104302708,4793.739391694414
6985,LOAD,114006037,4385.732660806375
6986,LOAD,114863590,4352.989489532758
6987,LOAD,115937923,4312.652728822821
6988,LOAD,116783239,4281.4363112501105
6989,LOAD,105032705,4760.422003793961
6990,LOAD,107104950,4668.3183176874645
6991,LOAD,108742345,4598.024808091089
6992,LOAD,108893032,4591.662026639134
6993,LOAD,107325242,4658.736292437151
6994,LOAD,116673365,4285.468238616414
6995,LOAD,108445779,4610.5989980486
6996,LOAD,122804958,4071.496852757362
6997,LOAD,113996726,4386.090877732751
6998,LOAD,118086320,4234.1907174345
6999,LOAD,112447638,4446.514029934537
7000,LOAD,117313156,4262.096571675218
7001,LOAD,107195574,4664.37168385329
7002,LOAD,108703513,4599.667353896833
7003,LOAD,112631958,4439.23739654779
7004,LOAD,118202874,4230.015591668271
7005,LOAD,112580863,4441.252151353646
7006,LOAD,111627535,4479.181592606161
7007,LOAD,112877753,4429.5708118853145
7008,LOAD,115241623,4338.7101550973475
7009,LOAD,110318059,4532.349504082555
7010,LOAD,110697913,4516.796987852878
7011,LOAD,107950787,4631.740202134885
7012,LOAD,385631221,1296.575517675733
7013,LOAD,113270098,4414.227663156079
7014,LOAD,117078450,4270.640754126826
7015,LOAD,115028586,4346.745599393876
7016,LOAD,112037337,4462.797968859257
7017,LOAD,118830722,4207.666094968269
7018,LOAD,114118497,4381.4106664934425
7019,LOAD,111564277,4481.721330923877
7020,LOAD,107167206,4665.606379623259
7021,LOAD,110412811,4528.460017198548
7022,LOAD,106552832,4692.507844371514
7023,LOAD,108626544,4602.92651858647
7024,LOAD,110322954,4532.14840494572
7025,LOAD,110304607,4532.90223861638
7026,LOAD,116428733,4294.472568038682
7027,LOAD,115314144,4335.981542732521
7028,LOAD,114977609,4348.672792456487
7029,LOAD,115708959,4321.1865729428955
7030,LOAD,120451757,4151.039490440973
7031,LOAD,117401543,4258.887806951566
7032,LOAD,114562142,4364.443534933206
7033,LOAD,120856462,4137.139146105403
7034,LOAD,118765114,4209.990485926701
7035,LOAD,118057500,4235.224361010524
7036,LOAD,121335464,4120.8067577011125
7037,LOAD,113714543,4396.97497619104
7038,LOAD,107689694,4642.9698277348625
7039,LOAD,116730572,4283.3680280432445
7040,LOAD,115655681,4323.17717276681
7041,LOAD,121492083,4115.494505102855
7042,LOAD,121767895,4106.172649202814
7043,LOAD,116065591,4307.908965026508
7044,LOAD,118721348,4211.542476758266
7045,LOAD,115578581,4326.06107181745
7046,LOAD,115222091,4339.445636340692
7047,LOAD,108958452,4588.905136060487
7048,LOAD,111596641,4480.4215926176485
7049,LOAD,109258021,4576.323050918157
7050,LOAD,109573857,4563.132244217706
7051,LOAD,113403551,4409.033011673506
7052,LOAD,114007993,4385.657416142743
7053,LOAD,107730166,4641.225559793531
7054,LOAD,110207912,4536.879348553487
7055,LOAD,113431888,4407.931568590307
7056,LOAD,112502177,4444.358441170432
7057,LOAD,118224113,4229.255668004039
7058,LOAD,116684605,4285.055427834717
7059,LOAD,114301493,4374.396054476734
7060,LOAD,105802129,4725.802823873232
7061,LOAD,113394209,4409.396250561614
7062,LOAD,109596434,4562.192233371388
7063,LOAD,112290119,4452.751537292431
7064,LOAD,117220571,4265.462928004335
7065,LOAD,118899552,4205.230310707983
7066,LOAD,112726972,4435.495703725635
7067,LOAD,115549221,4327.16028436055
7068,LOAD,105209754,4752.4110739770385
7069,LOAD,119035149,4200.439989368182
7070,LOAD,116486846,4292.33014000568
7071,LOAD,114171692,4379.36927482865
7072,LOAD,116483530,4292.45233210223
7073,LOAD,115295420,4336.685707029819
7074,LOAD,109817301,4553.0166508098755
7075,LOAD,112455630,4446.198024945483
7076,LOAD,107556125,4648.735718212235
7077,LOAD,113497136,4405.397507122999
7078,LOAD,114751315,4357.248542206248
7079,LOAD,109774109,4554.808092316194
7080,LOAD,123552661,4046.8573962967903
7081,LOAD,120171933,4160.705312113104
7082,LOAD,115745740,4319.81341170742
7083,LOAD,113442080,4407.535545892671
7084,LOAD,118953095,4203.337458348604
7085,LOAD,112449775,4446.429528204925
7086,LOAD,111356917,4490.066836171479
7087,LOAD,108626191,4602.941476609449
7088,LOAD,113770711,4394.804212834707
7089,LOAD,117850262,4242.671942468825
7090,LOAD,120238943,4158.386522077128
7091,LOAD,109149219,4580.884816042522
7092,LOAD,116681425,4285.17221142954
7093,LOAD,116254706,4300.90116093881
7094,LOAD,111124618,4499.453037489857
7095,LOAD,120599857,4145.941897758635
7096,LOAD,112308071,4452.039782608322
7097,LOAD,116987236,4273.970538119219
7098,LOAD,129544891,3859.6659130308735
7099,LOAD,113682362,4398.21966401437
7100,LOAD,113545803,4403.509304522687
7101,LOAD,118272535,4227.524166958964
7102,LOAD,112791963,4432.939960447359
7103,LOAD,119329863,4190.065985410542
7104,LOAD,111465820,4485.680004866066
7105,LOAD,110136316,4539.828624738092
7106,LOAD,117277713,4263.384638136659
7107,LOAD,111440717,4486.690443673294
7108,LOAD,111298937,4492.405888836117
7109,LOAD,112802317,4432.533065788002
7110,LOAD,111783687,4472.924569038414
7111,LOAD,118111120,4233.301656948134
7112,LOAD,108321151,4615.903684406012
7113,LOAD,117255190,4264.203571713969
7114,LOAD,109165640,4580.195746573739
7115,LOAD,114806464,4355.155472778954
7116,LOAD,109066664,4584.352190326459
7117,LOAD,117342157,4261.043198651956
7118,LOAD,114261643,4375.921673032481
7119,LOAD,109882551,4550.312997374806
7120,LOAD,106119010,4711.691147514474
7121,LOAD,117002135,4273.426292605686
7122,LOAD,111055939,4502.2355805752995
7123,LOAD,128486476,3891.4601409100833
7124,LOAD,116417408,4294.890331177962
7125,LOAD,116536236,4290.510978919896
7126,LOAD,111303449,4492.22377646177
7127,LOAD,109803299,4553.597246654675
7128,LOAD,110374853,4530.017358211113
7129,LOAD,108648333,4602.003419601478
7130,LOAD,113671303,4398.64756366873
7131,LOAD,115956601,4311.958057480488
7132,LOAD,118006136,4237.0678080672005
7133,LOAD,112085509,4460.879951930271
7134,LOAD,117668094,4249.240240094311
7135,LOAD,115186439,4340.788762468818
7136,LOAD,113217032,4416.296657555906
7137,LOAD,113167662,4418.223290678215
7138,LOAD,114587341,4363.4837464288485
7139,LOAD,105241964,4750.956567097132
7140,LOAD,111306929,4492.083327534802
7141,LOAD,104184686,4799.169812730443
7142,LOAD,113792431,4393.9653596116605
7143,LOAD,104740180,4773.717211484647
7144,LOAD,107368022,4656.880053168903
7145,LOAD,112141595,4458.648907214134
7146,LOAD,117181775,4266.875117739085
7147,LOAD,115772036,4318.832226462701
7148,LOAD,113812226,4393.201131133311
7149,LOAD,109962622,4546.999615924036
7150,LOAD,116457748,4293.402616715549
7151,LOAD,112823730,4431.691808097463
7152,LOAD,118964478,4202.935266105232
7153,LOAD,116514863,4291.29801234028
7154,LOAD,120232971,4158.593070115518
7155,LOAD,102750650,4866.149265235791
7156,LOAD,106538623,4693.133681669605
7157,LOAD,110892909,4508.85457428121
7158,LOAD,110441479,4527.284535912454
7159,LOAD,111846635,4470.407178544084
7160,LOAD,119261906,4192.453540026436
7161,LOAD,112579572,4441.3030811664485
7162,LOAD,121866432,4102.852539409704
7163,LOAD,112045419,4462.476060712487
7164,LOAD,114176897,4379.169631838918
7165,LOAD,116433344,4294.30249808852
7166,LOAD,121829658,4104.09097594282
7167,LOAD,113659706,4399.096369297313
7168,LOAD,111342255,4490.658106394558
7169,LOAD,116324288,4298.328479775436
7170,LOAD,109632085,4560.708664803738
7171,LOAD,118414981,4222.438713223287
7172,LOAD,115667225,4322.745704325491
7173,LOAD,114388329,4371.075304369557
7174,LOAD,109085245,4583.571316175712
7175,LOAD,116205215,4302.732885094701
7176,LOAD,114795906,4355.556024794125
7177,LOAD,118038753,4235.897002402254
7178,LOAD,123880353,4036.152528561167
7179,LOAD,114553738,4364.763723380201
7180,LOAD,114088207,4382.573914935835
7181,LOAD,118958986,4203.129303741712
7182,LOAD,115351716,4334.569240391708
7183,LOAD,108459763,4610.004541499874
7184,LOAD,109692580,4558.193453012045
7185,LOAD,112085982,4460.861127130063
7186,LOAD,113900958,4389.778705812114
7187,LOAD,108053246,4627.348261245201
7188,LOAD,120297631,4156.3578255335715
7189,LOAD,114776723,4356.283982772361
7190,LOAD,115715787,4320.931594234416
7191,LOAD,114619355,4362.26499442437
7192,LOAD,109524143,4565.203491252152
7193,LOAD,112033342,4462.957107893827
7194,LOAD,112073366,4461.363282334181
7195,LOAD,111036208,4503.035622398056
7196,LOAD,113997591,4386.057596603072
7197,LOAD,109383257,4571.083488581804
7198,LOAD,116355236,4297.185216486519
7199,LOAD,114616088,4362.389335779808
7200,LOAD,112946230,4426.885253274943
7201,LOAD,108576590,4605.04423651544
7202,LOAD,114194323,4378.501372612017
7203,LOAD,112489225,4444.870164231285
7204,LOAD,107646377,4644.838163015927
7205,LOAD,113235469,4415.5775960975625
7206,LOAD,112814480,4432.05517589586
7207,LOAD,115300828,4336.4823017576255
7208,LOAD,115492375,4329.290137119442
7209,LOAD,118412158,4222.539378093253
7210,LOAD,119287517,4191.553421302247
7211,LOAD,115547549,4327.222899379718
7212,LOAD,108389089,4613.010447942782
7213,LOAD,113709478,4397.170832144705
7214,LOAD,115016040,4347.219744306968
7215,LOAD,113758169,4395.288746252588
7216,LOAD,112414734,4447.815532793059
7217,LOAD,110048133,4543.466448449425
7218,LOAD,115425410,4331.80181036394
7219,LOAD,116184553,4303.4980734487135
7220,LOAD,114649238,4361.1279823769955
7221,LOAD,113978587,4386.788897461942
7222,LOAD,117081588,4270.52629316917
7223,LOAD,117013610,4273.0072168528095
7224,LOAD,114635165,4361.6633691764655
7225,LOAD,111879986,4469.07456709907
7226,LOAD,117547847,4253.587052087819
7227,LOAD,108320929,4615.913144541069
7228,LOAD,110136622,4539.816011426245
7229,LOAD,110429011,4527.795689485981
7230,LOAD,115994555,4310.547163183651
7231,LOAD,109473043,4567.334444151699
7232,LOAD,110125672,4540.267413759801
7233,LOAD,117352842,4260.6552298068755
7234,LOAD,118506120,4219.191380158257
7235,LOAD,109904856,4549.38951924017
7236,LOAD,110140651,4539.649942690097
7237,LOAD,109936408,4548.083834065235
7238,LOAD,114781237,4356.112663256975
7239,LOAD,109193104,4579.043746205804
7240,LOAD,118205369,4229.926307323654
7241,LOAD,114442125,4369.020585732745
7242,LOAD,114689197,4359.608516571966
7243,LOAD,116245903,4301.226857001576
7244,LOAD,116625286,4287.234931196653
7245,LOAD,118119053,4233.01734395043
7246,LOAD,117515425,4254.760598449097
7247,LOAD,120392358,4153.087524043677
7248,LOAD,105867215,4722.897452247138
7249,LOAD,110208573,4536.852137628168
7250,LOAD,106119903,4711.651498588347
7251,LOAD,111995723,4464.456200706879
7252,LOAD,110155277,4539.047185183875
7253,LOAD,114807293,4355.124025091332
7254,LOAD,109466449,4567.6095695768845
7255,LOAD,110546639,4522.977853718375
7256,LOAD,112933428,4427.387079758174
7257,LOAD,108560909,4605.709408715434
7258,LOAD,115156166,4341.9298971798
7259,LOAD,118742224,4210.802047972422
7260,LOAD,117821872,4243.694243798808
7261,LOAD,120740861,4141.100169891947
7262,LOAD,112978143,4425.634788491789
7263,LOAD,116432017,4294.351441150418
7264,LOAD,117980549,4237.986721014496
7265,LOAD,110357573,4530.726676999321
7266,LOAD,111732723,4474.964778223475
7267,LOAD,116259197,4300.735020559277
7268,LOAD,115114585,4343.498263056762
7269,LOAD,118406250,4222.750065980469
7270,LOAD,116467441,4293.045298385151
7271,LOAD,119450209,4185.8444969317725
7272,LOAD,118399976,4222.973828981181
7273,LOAD,109043548,4585.324021188306
7274,LOAD,108499614,4608.311325420937
7275,LOAD,111968488,4465.5421264597235
7276,LOAD,114362246,4372.072230900397
7277,LOAD,119795002,4173.796833360377
7278,LOAD,113963184,4387.381805689108
7279,LOAD,116146329,4304.914363673087
7280,LOAD,115509781,4328.637762718986
7281,LOAD,116911170,4276.751314694738
7282,LOAD,109074116,4584.038985014557
7283,LOAD,115717173,4320.879840367342
7284,LOAD,115898235,4314.129546493957
7285,LOAD,115752976,4319.543369666798
7286,LOAD,109065918,4584.383546838161
7287,LOAD,106848487,4679.523445193941
7288,LOAD,115675974,4322.4187591452655
7289,LOAD,112515381,4443.836883065791
7290,LOAD,118438290,4221.607725001771
7291,LOAD,115431295,4331.580963377392
7292,LOAD,118090270,4234.049088040869
7293,LOAD,109828302,4552.560595901774
7294,LOAD,114015298,4385.376425538966
7295,LOAD,110472833,4525.999618385817
7296,LOAD,115099245,4344.0771483774715
7297,LOAD,117416032,4258.362265214345
7298,LOAD,118449434,4221.210546265675
7299,LOAD,117653471,4249.768372749496
7300,LOAD,116183944,4303.520631043477
7301,LOAD,115234562,4338.97600964544
7302,LOAD,112462709,4445.918157635701
7303,LOAD,118770360,4209.804533723734
7304,LOAD,114356990,4372.273177179637
7305,LOAD,121433268,4117.487804083475
7306,LOAD,111833733,4470.922919116006
7307,LOAD,119070230,4199.20243708272
7308,LOAD,114610309,4362.609300704355
7309,LOAD,116639132,4286.726002041923
7310,LOAD,117901742,4240.819444381067
7311,LOAD,116406913,4295.277549366849
7312,LOAD,113143803,4419.154975725891
7313,LOAD,110587600,4521.3025691849725
7314,LOAD,116916605,4276.552505095406
7315,LOAD,119707753,4176.838905329716
7316,LOAD,111874759,4469.2833707020545
7317,LOAD,116871832,4278.190830447495
7318,LOAD,113963387,4387.37399056067
7319,LOAD,114318254,4373.754693629243
7320,LOAD,117334548,4261.319522021767
7321,LOAD,120049480,4164.9493192307045
7322,LOAD,113308907,4412.715762936447
7323,LOAD,118768102,4209.88456984856
7324,LOAD,115759079,4319.315636573093
7325,LOAD,112872015,4429.79599504802
7326,LOAD,113861897,4391.28464546836
7327,LOAD,113893041,4390.08385068935
7328,LOAD,110585171,4521.40187946176
7329,LOAD,111730765,4475.043198710758
7330,LOAD,115521034,4328.21610651442
7331,LOAD,113247819,4415.0960646756475
7332,LOAD,115457294,4330.605565725454
7333,LOAD,116122055,4305.814257248548
7334,LOAD,108884870,4592.0062172090575
7335,LOAD,120627873,4144.9789966867775
7336,LOAD,117437869,4257.570443482758
7337,LOAD,118321174,4225.786333053119
7338,LOAD,113305535,4412.847086419918
7339,LOAD,110218023,4536.463151766023
7340,LOAD,117171225,4267.259303638756
7341,LOAD,110210596,4536.768860228285
7342,LOAD,113209723,4416.581780700938
7343,LOAD,116503244,4291.725988333853
7344,LOAD,110032362,4544.1176660371975
7345,LOAD,122013664,4097.901690748341
7346,LOAD,111003739,4504.352776801509
7347,LOAD,109613024,4561.501742712619
7348,LOAD,119438634,4186.250154200525
7349,LOAD,113550096,4403.342820599641
7350,LOAD,112036855,4462.817168511201
7351,LOAD,113366014,4410.492901338138
7352,LOAD,113793188,4393.9361291117
7353,LOAD,108716258,4599.128126724156
7354,LOAD,120397802,4152.899734830707
7355,LOAD,116937165,4275.800597697063
7356,LOAD,118455310,4221.001152248895
7357,LOAD,108955010,4589.050104258629
7358,LOAD,119195851,4194.776880279163
7359,LOAD,107795113,4638.429202258919
7360,LOAD,117308501,4262.26569888571
7361,LOAD,116381504,4296.215316138207
7362,LOAD,113924962,4388.853779033957
7363,LOAD,114816798,4354.763490269081
7364,LOAD,115289007,4336.926937014906
7365,LOAD,113722571,4396.664581211412
7366,LOAD,114962227,4349.25464691981
7367,LOAD,115925462,4313.11630226671
7368,LOAD,116774015,4281.774502657975
7369,LOAD,110142078,4539.59112701687
7370,LOAD,103556820,4828.267225664134
7371,LOAD,112319616,4451.582170651296
7372,LOAD,114404135,4370.471399482196
7373,LOAD,115250773,4338.365695820539
7374,LOAD,112220432,4455.516621073069
7375,LOAD,109546892,4564.25546057482
7376,LOAD,111821350,4471.418025269772
7377,LOAD,125454110,3985.5210801782423
7378,LOAD,108931769,4590.029195247899
7379,LOAD,118224866,4229.228730950729
7380,LOAD,117963495,4238.599407384463
7381,LOAD,118045166,4235.666880251581
7382,LOAD,112696955,4436.677104541112
7383,LOAD,112423364,4447.474103336741
7384,LOAD,116585788,4288.68739987416
7385,LOAD,121394600,4118.799353513254
7386,LOAD,120816204,4138.5177107534355
7387,LOAD,128605315,3887.8641990807296
7388,LOAD,108247847,4619.029512891836
7389,LOAD,116278934,4300.005020685862
7390,LOAD,113074900,4421.847819454185
7391,LOAD,109370791,4571.604497219007
7392,LOAD,117664194,4249.381081894803
7393,LOAD,112540172,4442.857968974847
7394,LOAD,112485863,4445.003013400893
7395,LOAD,118207483,4229.85066013122
7396,LOAD,112578962,4441.327146007972
7397,LOAD,120547489,4147.74296957774
7398,LOAD,107518950,4650.343032553797
7399,LOAD,112186837,4456.850851406035
7400,LOAD,108202806,4620.952251460097
7401,LOAD,112301995,4452.2806562786345
7402,LOAD,112105430,4460.087258931168
7403,LOAD,115728980,4320.439011905229
7404,LOAD,115780299,4318.524000356918
7405,LOAD,109990481,4545.8479266037575
7406,LOAD,109600859,4562.008040466179
7407,LOAD,113388694,4409.610714803717
7408,LOAD,112946984,4426.855700724155
7409,LOAD,114914537,4351.05960527866
7410,LOAD,116621242,4287.383596892237
7411,LOAD,119353665,4189.230385175018
7412,LOAD,110207383,4536.901125762146
7413,LOAD,117355447,4260.560653822911
7414,LOAD,118246589,4228.451782232805
7415,LOAD,117815976,4243.90661585658
7416,LOAD,115788467,4318.219361173509
7417,LOAD,111008379,4504.164500951771
7418,LOAD,110450730,4526.90534503484
7419,LOAD,111980872,4465.048280745662
7420,LOAD,117321070,4261.809068055721
7421,LOAD,110191592,4537.551286127167
7422,LOAD,115105930,4343.82485767675
7423,LOAD,112037435,4462.794065215791
7424,LOAD,113775089,4394.635103295766
7425,LOAD,119948776,4168.4460373318025
7426,LOAD,113901045,4389.775352807343
7427,LOAD,118394961,4223.152706642642
7428,LOAD,116352437,4297.288590526041
7429,LOAD,116133764,4305.380130450262
7430,LOAD,111994784,4464.493632132011
7431,LOAD,110310986,4532.640112563222
7432,LOAD,123192295,4058.695391623315
7433,LOAD,114048107,4384.114854269348
7434,LOAD,109640125,4560.374224308847
7435,LOAD,110329908,4531.86274749726
7436,LOAD,107197516,4664.287183669442
7437,LOAD,109218159,4577.993298715098
7438,LOAD,112157096,4458.032686580972
7439,LOAD,111041676,4502.813880438908
7440,LOAD,112888888,4429.133893142786
7441,LOAD,112391692,4448.727402377749
7442,LOAD,116544992,4290.18863375957
7443,LOAD,118871051,4206.238573595181
7444,LOAD,120175429,4160.5842738451975
7445,LOAD,111050375,4502.461157830399
7446,LOAD,112500701,4444.416750789846
7447,LOAD,105536958,4737.676824075221
7448,LOAD,118790726,4209.082786479476
7449,LOAD,118108184,4233.40689075365
7450,LOAD,113375516,4410.123258005723
7451,LOAD,111167797,4497.705392146972
7452,LOAD,114158851,4379.861882106715
7453,LOAD,108619010,4603.2457854292725
7454,LOAD,110394012,4529.231168806511
7455,LOAD,106299520,4703.690101328773
7456,LOAD,119383682,4188.17707431741
7457,LOAD,106391270,4699.6337199471345
7458,LOAD,106713825,4685.4285281218245
7459,LOAD,105641472,4732.989710707552
7460,LOAD,110100662,4541.298761673204
7461,LOAD,110923314,4507.618659860812
7462,LOAD,116353307,4297.256458727039
7463,LOAD,118207968,4229.833305314917
7464,LOAD,115177620,4341.121130997497
7465,LOAD,108471315,4609.513584305675
7466,LOAD,110018030,4544.709626231264
7467,LOAD,111733173,4474.946755517271
7468,LOAD,122027315,4097.443265059139
7469,LOAD,114059898,4383.661644165244
7470,LOAD,108899816,4591.375985428663
7471,LOAD,107326345,4658.688414293807
7472,LOAD,112877953,4429.56296346019
7473,LOAD,116534924,4290.559283326946
7474,LOAD,107255627,4661.760077165928
7475,LOAD,110203759,4537.0503196719455
7476,LOAD,115185522,4340.823319791874
7477,LOAD,112613220,4439.976052545163
7478,LOAD,119632431,4179.468692732658
7479,LOAD,118200533,4230.099368502848
7480,LOAD,115298536,4336.568505952235
7481,LOAD,107286559,4660.416035898775
7482,LOAD,115370469,4333.864673810072
7483,LOAD,107048245,4670.791193260572
7484,LOAD,112522432,4443.558418644915
7485,LOAD,114509135,4366.463863341558
7486,LOAD,116004677,4310.171045948432
7487,LOAD,127500851,3921.5424530774308
7488,LOAD,111841203,4470.624301135244
7489,LOAD,112776974,4433.52913512292
7490,LOAD,105547371,4737.209418508396
7491,LOAD,112086836,4460.827139415373
7492,LOAD,107719590,4641.681239224917
7493,LOAD,115147072,4342.272810897007
7494,LOAD,114112080,4381.657051558433
7495,LOAD,115452961,4330.768095241837
7496,LOAD,123098395,4061.7913824140433
7497,LOAD,112317730,4451.656920060617
7498,LOAD,115433305,4331.505539064311
7499,LOAD,107964958,4631.132260524753
7500,LOAD,107464639,4652.693245449789
7501,LOAD,114860714,4353.098484134445
7502,LOAD,113386280,4409.704595653019
7503,LOAD,112626502,4439.452447879452
7504,LOAD,117411459,4258.528122029384
7505,LOAD,112119687,4459.52011978057
7506,LOAD,113294245,4413.286835531673
7507,LOAD,112387432,4448.896029584518
7508,LOAD,117337846,4261.199749652811
7509,LOAD,120645833,4144.361952393333
7510,LOAD,113121878,4420.011485311444
7511,LOAD,113699895,4397.541440121822
7512,LOAD,467397864,1069.7524283080593
7513,LOAD,111898515,4468.334544028578
7514,LOAD,110684755,4517.3339363672985
7515,LOAD,109329454,4573.333001370335
7516,LOAD,114626280,4362.001453767844
7517,LOAD,110349440,4531.060601666851
7518,LOAD,107697531,4642.631965258331
7519,LOAD,107237986,4662.526951970172
7520,LOAD,113053711,4422.676580691809
7521,LOAD,118388290,4223.390674871645
7522,LOAD,115845304,4316.100719973941
7523,LOAD,111887784,4468.763095710252
7524,LOAD,115253343,4338.268955894841
7525,LOAD,113641082,4399.817312545476
7526,LOAD,117845108,4242.857497317581
7527,LOAD,119456824,4185.612703046584
7528,LOAD,114202219,4378.198640781227
7529,LOAD,110470408,4526.098971228566
7530,LOAD,112523320,4443.523351426175
7531,LOAD,121443652,4117.135739626803
7532,LOAD,117139588,4268.41180284841
7533,LOAD,115206154,4340.0459319213105
7534,LOAD,116618155,4287.49708825354
7535,LOAD,114361504,4372.100597767584
7536,LOAD,107928379,4632.701840171249
7537,LOAD,114605619,4362.787831546026
7538,LOAD,121841469,4103.693135873141
7539,LOAD,111552358,4482.20018800499
7540,LOAD,114976789,4348.703806643965
7541,LOAD,119643884,4179.068609975918
7542,LOAD,112485503,4445.017239243709
7543,LOAD,108096483,4625.497390141731
7544,LOAD,119552179,4182.274251981638
7545,LOAD,111987386,4464.788561097408
7546,LOAD,114214938,4377.711083641266
7547,LOAD,113589663,4401.808992073513
7548,LOAD,117821984,4243.690209799896
7549,LOAD,122310269,4087.964192115381
7550,LOAD,106082361,4713.318927733895
7551,LOAD,113673470,4398.563710600195
7552,LOAD,115110515,4343.651837540645
7553,LOAD,113221980,4416.103657611357
7554,LOAD,117019716,4272.784254578092
7555,LOAD,109301338,4574.509417258917
7556,LOAD,111927089,4467.193817575297
7557,LOAD,116369797,4296.647522724475
7558,LOAD,112680674,4437.318150936868
7559,LOAD,114617565,4362.333120582348
7560,LOAD,115238222,4338.838202484589
7561,LOAD,109550288,4564.113971110692
7562,LOAD,116396952,4295.645129951513
7563,LOAD,117271651,4263.605020790574
7564,LOAD,117694098,4248.301388910768
7565,LOAD,115093565,4344.291533588346
7566,LOAD,114819924,4354.644930787447
7567,LOAD,112952427,4426.642377502876
7568,LOAD,115885128,4314.617489139762
7569,LOAD,121224073,4124.5933058197115
7570,LOAD,112571588,4441.618075068817
7571,LOAD,109987561,4545.968611850571
7572,LOAD,112958054,4426.421864526809
7573,LOAD,113574648,4402.390927947229
7574,LOAD,111136153,4498.98603202506
7575,LOAD,110405736,4528.7502091376855
7576,LOAD,117202273,4266.128865947848
7577,LOAD,112068696,4461.54919122107
7578,LOAD,108864954,4592.846289174016
7579,LOAD,115820735,4317.0162924626575
7580,LOAD,116287076,4299.703949904115
7581,LOAD,118216822,4229.516506542529
7582,LOAD,123650010,4043.6713268361245
7583,LOAD,117535245,4254.0431170241745
7584,LOAD,116364772,4296.8330655948
7585,LOAD,123072996,4062.6296283548663
7586,LOAD,117816432,4243.890190122206
7587,LOAD,112140976,4458.6735182329785
7588,LOAD,111291966,4492.687279870678
7589,LOAD,111008310,4504.167300628214
7590,LOAD,108367409,4613.933327500706
7591,LOAD,111545632,4482.470456575117
7592,LOAD,114761726,4356.853259596322
7593,LOAD,117889845,4241.247411937814
7594,LOAD,116705224,4284.298361828259
7595,LOAD,115704115,4321.367481182498
7596,LOAD,118184837,4230.661163411343
7597,LOAD,108752473,4597.596599021706
7598,LOAD,113724914,4396.573999607509
7599,LOAD,113587797,4401.881304203831
7600,LOAD,118162482,4231.461556469337
7601,LOAD,115332854,4335.278133323572
7602,LOAD,112428774,4447.260093755002
7603,LOAD,115311325,4336.087543873076
7604,LOAD,108923652,4590.371244621875
7605,LOAD,122069610,4096.023572124135
7606,LOAD,117285711,4263.093907492278
7607,LOAD,120718851,4141.855193767542
7608,LOAD,115484838,4329.572683818459
7609,LOAD,118238694,4228.73412319659
7610,LOAD,116602277,4288.080926584307
7611,LOAD,114147023,4380.315726674711
7612,LOAD,111275000,4493.372275893058
7613,LOAD,119015018,4201.150480017573
7614,LOAD,110399814,4528.99313761525
7615,LOAD,111568816,4481.538999212827
7616,LOAD,117985240,4237.818222008109
7617,LOAD,111754819,4474.0799947069845
7618,LOAD,112458955,4446.066567131093
7619,LOAD,113337183,4411.614853706043
7620,LOAD,112075113,4461.293739672607
7621,LOAD,115006122,4347.594643700793
7622,LOAD,110387698,4529.490233594689
7623,LOAD,119029348,4200.644701506724
7624,LOAD,110253777,4534.992030250356
7625,LOAD,109644441,4560.19471155861
7626,LOAD,116326707,4298.239096547279
7627,LOAD,118040195,4235.845255931677
7628,LOAD,113905795,4389.5922942287525
7629,LOAD,118138065,4232.336122993042
7630,LOAD,109825507,4552.676456116884
7631,LOAD,116482649,4292.48479745683
7632,LOAD,119692829,4177.359697964863
7633,LOAD,110674591,4517.748793849169
7634,LOAD,121509070,4114.919157886733
7635,LOAD,115538816,4327.5499724698575
7636,LOAD,109986010,4546.032718161156
7637,LOAD,111309973,4491.960482283111
7638,LOAD,115614759,4324.707367162354
7639,LOAD,121324667,4121.173479091437
7640,LOAD,114860314,4353.113643760368
7641,LOAD,112159442,4457.939439463331
7642,LOAD,112651685,4438.460019483952
7643,LOAD,110370933,4530.178249014168
7644,LOAD,114958141,4349.409234096784
7645,LOAD,113519927,4404.513050823227
7646,LOAD,109659356,4559.574469870132
7647,LOAD,114443109,4368.983020200893
7648,LOAD,110026893,4544.343536084401
7649,LOAD,109628857,4560.842953967859
7650,LOAD,110466228,4526.270237090018
7651,LOAD,116154212,4304.622203454835
7652,LOAD,114804083,4355.24579731193
7653,LOAD,108437013,4610.97171682514
7654,LOAD,113307095,4412.786330811853
7655,LOAD,114091997,4382.42833105989
7656,LOAD,106715847,4685.339750899415
7657,LOAD,110654365,4518.574572272861
7658,LOAD,106562427,4692.085325721795
7659,LOAD,104139668,4801.24442109802
7660,LOAD,117467180,4256.508073148602
7661,LOAD,109911806,4549.1018498959065
7662,LOAD,117523589,4254.465033398529
7663,LOAD,119467533,4185.237507164394
7664,LOAD,113425002,4408.199172877246
7665,LOAD,105649370,4732.6358879376185
7666,LOAD,110499103,4524.923609560885
7667,LOAD,117265701,4263.821353867146
7668,LOAD,109861283,4551.193890571986
7669,LOAD,114644477,4361.309092979682
7670,LOAD,111351814,4490.272605707169
7671,LOAD,113267379,4414.333627336781
7672,LOAD,108267166,4618.205301503875
7673,LOAD,112061600,4461.831706846948
7674,LOAD,111568140,4481.56615320467
7675,LOAD,107620441,4645.957546299221
7676,LOAD,113974027,4386.96440900522
7677,LOAD,113807118,4393.398310991409
7678,LOAD,117112487,4269.399556001232
7679,LOAD,113602721,4401.303028648407
7680,LOAD,111920324,4467.463836148294
7681,LOAD,114646891,4361.217261443226
7682,LOAD,108190022,4621.498274582104
7683,LOAD,115347541,4334.726129965788
7684,LOAD,125643246,3979.5215096559987
7685,LOAD,107816570,4637.506090204873
7686,LOAD,114238040,4376.825792879499
7687,LOAD,110069641,4542.578638918247
7688,LOAD,120682838,4143.091165953522
7689,LOAD,112922266,4427.8247126213355
7690,LOAD,112977502,4425.659898198139
7691,LOAD,119927339,4169.191146649223
7692,LOAD,114340782,4372.892954326655
7693,LOAD,113319137,4412.317400546388
7694,LOAD,118488076,4219.833901261086
7695,LOAD,109852924,4551.540202971748
7696,LOAD,117134944,4268.581030781045
7697,LOAD,110072455,4542.462507990759
7698,LOAD,115741704,4319.964046840022
7699,LOAD,116413718,4295.026467585203
7700,LOAD,107507954,4650.8186733792745
7701,LOAD,117892318,4241.1584442677595
7702,LOAD,112118075,4459.58423742113
7703,LOAD,112021404,4463.432720411181
7704,LOAD,113962916,4387.392123241213
7705,LOAD,111599154,4480.320702072706
7706,LOAD,114596839,4363.122092748125
7707,LOAD,113783006,4394.3293254178925
7708,LOAD,111643190,4478.553506040091
7709,LOAD,109982185,4546.190821722627
7710,LOAD,105776286,4726.957420304963
7711,LOAD,114566206,4364.288715295329
7712,LOAD,110778410,4513.5148626884975
7713,LOAD,116078195,4307.441203750627
7714,LOAD,113271059,4414.190212523748
7715,LOAD,114385473,4371.184442276162
7716,LOAD,117255602,4264.188588618563
7717,LOAD,116402038,4295.457438640378
7718,LOAD,113405986,4408.938342990114
7719,LOAD,117862365,4242.236272791573
7720,LOAD,106366134,4700.744317735568
7721,LOAD,112340818,4450.742026820563
7722,LOAD,115654927,4323.205357260742
7723,LOAD,112020111,4463.484239896888
7724,LOAD,117862535,4242.230153967077
7725,LOAD,108874696,4592.43532583549
7726,LOAD,108573628,4605.169866848329
7727,LOAD,116010443,4309.956820008006
7728,LOAD,111376114,4489.292919664983
7729,LOAD,107934287,4632.4482599306
7730,LOAD,114876221,4352.510864715858
7731,LOAD,109678873,4558.763108370014
7732,LOAD,114788034,4355.854722627273
7733,LOAD,110051079,4543.344822634588
7734,LOAD,108705901,4599.566310572229
7735,LOAD,108642764,4602.239317107213
7736,LOAD,114152258,4380.11484626086
7737,LOAD,116347164,4297.483349056965
7738,LOAD,118504523,4219.248239157926
7739,LOAD,111731152,4475.027698631443
7740,LOAD,115263028,4337.904431939789
7741,LOAD,109848175,4551.736976968438
7742,LOAD,109151594,4580.78514180929
7743,LOAD,109984340,4546.101745030247
7744,LOAD,114109286,4381.764337741979
7745,LOAD,106300487,4703.647312547119
7746,LOAD,110403677,4528.834669156898
7747,LOAD,110650296,4518.740736129617
7748,LOAD,109266987,4575.947536651669
7749,LOAD,116282996,4299.854812822332
7750,LOAD,113646146,4399.621259483802
7751,LOAD,112426207,4447.361636953562
7752,LOAD,107873660,4635.051781871496
7753,LOAD,117607963,4251.412806120959
7754,LOAD,112738190,4435.054350260546
7755,LOAD,112870137,4429.869700610003
7756,LOAD,112821407,4431.783056915786
7757,LOAD,112078160,4461.172453223715
7758,LOAD,113726698,4396.5050317384585
7759,LOAD,111617567,4479.581605644567
7760,LOAD,117413856,4258.441184318144
7761,LOAD,111594842,4480.493820673181
7762,LOAD,111242476,4494.686004651677
7763,LOAD,112169109,4457.555243663387
7764,LOAD,110496508,4525.029876962265
7765,LOAD,115416230,4332.146354113282
7766,LOAD,107522135,4650.2052809870265
7767,LOAD,111218143,4495.6693801298225
7768,LOAD,112862463,4430.170906335794
7769,LOAD,113273874,4414.080514276398
7770,LOAD,114235816,4376.9110031130695
7771,LOAD,110563713,4522.279384738102
7772,LOAD,110052057,4543.304447276256
7773,LOAD,111896793,4468.403308037612
7774,LOAD,116461489,4293.264703150068
7775,LOAD,109718155,4557.130950661721
7776,LOAD,119154285,4196.24019396365
7777,LOAD,111669546,4477.496487717431
7778,LOAD,117706332,4247.859834762331
7779,LOAD,110311880,4532.60337871134
7780,LOAD,110536332,4523.399600413736
7781,LOAD,118012873,4236.825926608871
7782,LOAD,109041121,4585.426079763064
7783,LOAD,113266008,4414.387059531576
7784,LOAD,115099666,4344.061259048311
7785,LOAD,112931522,4427.461802914513
7786,LOAD,113568235,4402.63952327867
7787,LOAD,107569726,4648.147937087801
7788,LOAD,108972872,4588.297902252222
7789,LOAD,110771666,4513.789654477166
7790,LOAD,111522681,4483.392934213983
7791,LOAD,114645691,4361.262910439434
7792,LOAD,110105922,4541.081813928228
7793,LOAD,108603436,4603.905902203684
7794,LOAD,115469596,4330.144187912461
7795,LOAD,110173693,4538.288464198074
7796,LOAD,119900251,4170.133055017542
7797,LOAD,112798763,4432.672723547509
7798,LOAD,114168074,4379.508057567828
7799,LOAD,113423227,4408.268158337622
7800,LOAD,117247390,4264.487252125612
7801,LOAD,109741320,4556.1689981494665
7802,LOAD,109667458,4559.237618145577
7803,LOAD,110677135,4517.64494988057
7804,LOAD,113117617,4420.17798164896
7805,LOAD,117358542,4260.448293572018
7806,LOAD,111358916,4489.986235138998
7807,LOAD,117274264,4263.510022966335
7808,LOAD,109724813,4556.854428177517
7809,LOAD,110836108,4511.165260331949
7810,LOAD,118962317,4203.011614173588
7811,LOAD,109908552,4549.236532567548
7812,LOAD,114388152,4371.0820680099805
7813,LOAD,113044215,4423.048096711539
7814,LOAD,119048542,4199.967438492443
7815,LOAD,109923890,4548.601764366236
7816,LOAD,116565875,4289.42003824018
7817,LOAD,113975582,4386.904556451399
7818,LOAD,114182678,4378.947917126274
7819,LOAD,112953039,4426.618393153636
7820,LOAD,117514729,4254.785797957293
7821,LOAD,113924814,4388.859480604462
7822,LOAD,111225621,4495.36712409095
7823,LOAD,107486180,4651.76081241328
7824,LOAD,111558015,4481.97289993014
7825,LOAD,114064199,4383.496350156283
7826,LOAD,109775255,4554.760542346269
7827,LOAD,108229838,4619.798100409242
7828,LOAD,116418070,4294.865908703005
7829,LOAD,107360015,4657.227367190662
7830,LOAD,107753375,4640.22588619614
7831,LOAD,109494008,4566.459929021869
7832,LOAD,118880967,4205.8877263338545
7833,LOAD,109433586,4568.981226659245
7834,LOAD,117509457,4254.976686684886
7835,LOAD,110583889,4521.454296113605
7836,LOAD,115472244,4330.0448894021665
7837,LOAD,116091541,4306.946015989227
7838,LOAD,111797109,4472.387564154275
7839,LOAD,106829855,4680.339592335869
7840,LOAD,114015022,4385.387041367233
7841,LOAD,117044938,4271.863512798819
7842,LOAD,110476038,4525.868315444114
7843,LOAD,115789832,4318.168455413253
7844,LOAD,108910094,4590.942690766569
7845,LOAD,109706741,4557.6050791628195
7846,LOAD,119180280,4195.324931272186
7847,LOAD,106371156,4700.522385974634
7848,LOAD,120412846,4152.380884677371
7849,LOAD,123638771,4044.0389042689526
7850,LOAD,111754414,4474.096208853101
7851,LOAD,110303085,4532.96478516444
7852,LOAD,113356776,4410.85233405015
7853,LOAD,114470414,4367.94087247732
7854,LOAD,107435762,4653.943814351129
7855,LOAD,107787944,4638.7377052112615
7856,LOAD,114170896,4379.399807810915
7857,LOAD,107591251,4647.218015896106
7858,LOAD,118125307,4232.793232020976
7859,LOAD,112806424,4432.371688335764
7860,LOAD,114214150,4377.741286872073
7861,LOAD,109978048,4546.361833954354
7862,LOAD,107715818,4641.843781941107
7863,LOAD,110083730,4541.997259722213
7864,LOAD,116453310,4293.566236975144
7865,LOAD,112519429,4443.677011549712
7866,LOAD,115999056,4310.379905160607
7867,LOAD,108268274,4618.1580395379715
7868,LOAD,108577167,4605.019764422477
7869,LOAD,108822470,4594.639324029312
7870,LOAD,114006888,4385.699923674787
7871,LOAD,112969422,4425.976438119689
7872,LOAD,114284375,4375.051270132072
7873,LOAD,109536052,4564.707152308174
7874,LOAD,107244023,4662.2644881570695
7875,LOAD,122676802,4075.7501976616577
7876,LOAD,113385264,4409.744109252151
7877,LOAD,110856425,4510.338485117123
7878,LOAD,109071623,4584.143760288595
7879,LOAD,113171491,4418.073806238003
7880,LOAD,110325456,4532.045623269393
7881,LOAD,112540931,4442.8280053947665
7882,LOAD,111543307,4482.563888840054
7883,LOAD,108853513,4593.329018237565
7884,LOAD,113352744,4411.009229736865
7885,LOAD,111642624,4478.5762111789845
7886,LOAD,114136539,4380.718080123316
7887,LOAD,109475596,4567.227932698353
7888,LOAD,106057548,4714.421645878519
7889,LOAD,119716996,4176.516423783302
7890,LOAD,116443479,4293.928730865212
7891,LOAD,111816659,4471.605612898879
7892,LOAD,112539600,4442.880550490672
7893,LOAD,110502160,4524.798429279572
7894,LOAD,115557359,4326.855548853448
7895,LOAD,111686007,4476.836565569042
7896,LOAD,112461691,4445.958401959295
7897,LOAD,110396069,4529.146776050514
7898,LOAD,113687659,4398.014739664927
7899,LOAD,117298330,4262.635282190292
7900,LOAD,115754067,4319.502657301881
7901,LOAD,111169448,4497.638595812763
7902,LOAD,113906768,4389.554798008139
7903,LOAD,112534532,4443.080635906496
7904,LOAD,115686787,4322.014751779735
7905,LOAD,114829139,4354.295471988168
7906,LOAD,114159496,4379.837135931294
7907,LOAD,116877012,4278.001220633532
7908,LOAD,111695068,4476.473392719542
7909,LOAD,112675607,4437.5176962658825
7910,LOAD,115084962,4344.616284445573
7911,LOAD,110006796,4545.173736357161
7912,LOAD,109519427,4565.400072810827
7913,LOAD,110825244,4511.6074817755425
7914,LOAD,115129139,4342.949181614222
7915,LOAD,113005783,4424.552325786725
7916,LOAD,107073451,4669.691649333316
7917,LOAD,117552792,4253.40811981735
7918,LOAD,110737941,4515.164319336585
7919,LOAD,118032675,4236.115126595241
7920,LOAD,114616341,4362.37970639806
7921,LOAD,117390125,4259.302049469664
7922,LOAD,111429796,4487.130174769412
7923,LOAD,118445537,4221.349429147339
7924,LOAD,109390509,4570.780450431947
7925,LOAD,114400502,4370.610191902829
7926,LOAD,113750444,4395.587238323219
7927,LOAD,112001036,4464.244420024829
7928,LOAD,105536079,4737.716283736484
7929,LOAD,114625557,4362.0289670653465
7930,LOAD,112885455,4429.268589119829
7931,LOAD,111308831,4492.006568643237
7932,LOAD,110382972,4529.684161792636
7933,LOAD,114415381,4370.041821562435
7934,LOAD,114168032,4379.50966869605
7935,LOAD,114509297,4366.4576859641365
7936,LOAD,112556229,4442.2241615788325
7937,LOAD,113114194,4420.311742662464
7938,LOAD,119358070,4189.075778453857
7939,LOAD,119243003,4193.118148827567
7940,LOAD,109091842,4583.294138529625
7941,LOAD,116825244,4279.896903104263
7942,LOAD,111702902,4476.159446600591
7943,LOAD,114005125,4385.767745090407
7944,LOAD,119218412,4193.983056912383
7945,LOAD,110071076,4542.51941718095
7946,LOAD,113485147,4405.862909971822
7947,LOAD,115447186,4330.9847327071275
7948,LOAD,111640801,4478.649342546369
7949,LOAD,119943217,4168.639232012595
7950,LOAD,110468462,4526.178702478903
7951,LOAD,116123982,4305.742805133913
7952,LOAD,113645397,4399.650255962412
7953,LOAD,114937643,4350.184908524703
7954,LOAD,113147412,4419.014020400219
7955,LOAD,114856417,4353.261341941391
7956,LOAD,110545105,4523.040617673664
7957,LOAD,117924378,4240.005404141289
7958,LOAD,114681016,4359.919517978459
7959,LOAD,110515982,4524.232522315188
7960,LOAD,110509660,4524.491343109733
7961,LOAD,114838511,4353.940116830669
7962,LOAD,113976654,4386.8632957061545
7963,LOAD,115416694,4332.128937950692
7964,LOAD,109258019,4576.323134689088
7965,LOAD,110363751,4530.473053602536
7966,LOAD,109248563,4576.719237945491
7967,LOAD,117822979,4243.654372378413
7968,LOAD,121021747,4131.488863732896
7969,LOAD,116449759,4293.697164285244
7970,LOAD,115613224,4324.764786422702
7971,LOAD,110138534,4539.737200424331
7972,LOAD,112622870,4439.5956167694885
7973,LOAD,117709053,4247.761639879985
7974,LOAD,117457679,4256.852376590891
7975,LOAD,115967985,4311.534774015431
7976,LOAD,106850473,4679.4364681942025
7977,LOAD,111418125,4487.600199698209
7978,LOAD,115322901,4335.652291646739
7979,LOAD,113797233,4393.7799436652385
7980,LOAD,111052184,4502.387814363021
7981,LOAD,111393134,4488.606990804298
7982,LOAD,108498316,4608.366456120849
7983,LOAD,112057981,4461.975805186067
7984,LOAD,111454496,4486.1357589378895
7985,LOAD,115872479,4315.088486196969
7986,LOAD,112129515,4459.1292488868785
7987,LOAD,113724453,4396.591821813379
7988,LOAD,116493179,4292.096793066313
7989,LOAD,111715235,4475.665293099907
7990,LOAD,116404778,4295.356329789143
7991,LOAD,126416259,3955.1874415141483
7992,LOAD,114679357,4359.982590415117
7993,LOAD,113293252,4413.325517392686
7994,LOAD,113518301,4404.576139665797
7995,LOAD,108467951,4609.656542696192
7996,LOAD,114082984,4382.774559964175
7997,LOAD,114608257,4362.6874109079245
7998,LOAD,111749575,4474.289946964004
7999,LOAD,110655648,4518.522181533834
8000,LOAD,115693215,4321.774617465683
8001,LOAD,124287668,4022.9252672115467
8002,LOAD,114079383,4382.912905480915
8003,LOAD,109045522,4585.241015215645
8004,LOAD,112794356,4432.845912963943
8005,LOAD,112267086,4453.665075087101
8006,LOAD,111660111,4477.874824967709
8007,LOAD,115096343,4344.186678459453
8008,LOAD,113790417,4394.043129308508
8009,LOAD,112566770,4441.808181935042
8010,LOAD,111133208,4499.105253939938
8011,LOAD,113917297,4389.149085937318
8012,LOAD,364516748,1371.6790867452817
8013,LOAD,110214363,4536.61379869337
8014,LOAD,115942344,4312.488282969335
8015,LOAD,109604500,4561.85649311844
8016,LOAD,113286043,4413.6063610236615
8017,LOAD,115026875,4346.8102562988
8018,LOAD,113358072,4410.801905664027
8019,LOAD,113958145,4387.57580688945
8020,LOAD,114609322,4362.646870906365
8021,LOAD,113948454,4387.948958043784
8022,LOAD,111122544,4499.537015639239
8023,LOAD,111053194,4502.346866313454
8024,LOAD,113466002,4406.606306618612
8025,LOAD,110746531,4514.814102845353
8026,LOAD,110175174,4538.227459481934
8027,LOAD,111422561,4487.421537546601
8028,LOAD,117837150,4243.144033948546
8029,LOAD,109073529,4584.063654894672
8030,LOAD,119474110,4185.007111582585
8031,LOAD,113358699,4410.777509011461
8032,LOAD,117708350,4247.787009162901
8033,LOAD,113154946,4418.719796835041
8034,LOAD,115878305,4314.87153699737
8035,LOAD,110663710,4518.193001120241
8036,LOAD,121427783,4117.673794637262
8037,LOAD,114247903,4376.44794233116
8038,LOAD,115087339,4344.526551265557
8039,LOAD,110732380,4515.391071699172
8040,LOAD,109475230,4567.243201955364
8041,LOAD,109020512,4586.292898716161
8042,LOAD,113081009,4421.608937005505
8043,LOAD,112426583,4447.346763176108
8044,LOAD,113703440,4397.404335348165
8045,LOAD,109129684,4581.704827441817
8046,LOAD,109485251,4566.825169903478
8047,LOAD,114403202,4370.507042276667
8048,LOAD,114355806,4372.31844616617
8049,LOAD,114968489,4349.017755639113
8050,LOAD,111777070,4473.189358067803
8051,LOAD,109749477,4555.830366280469
8052,LOAD,111486191,4484.860371631137
8053,LOAD,109572899,4563.172139855495
8054,LOAD,114440855,4369.069070656628
8055,LOAD,111176745,4497.3433967688115
8056,LOAD,116185269,4303.471552835153
8057,LOAD,113150294,4418.901465691286
8058,LOAD,112786230,4433.16528976986
8059,LOAD,115046918,4346.0529729270975
8060,LOAD,111165617,4497.793593859152
8061,LOAD,109831292,4552.436658944156
8062,LOAD,111827029,4471.190949730051
8063,LOAD,111519696,4483.51293927487
8064,LOAD,112870320,4429.862518330771
8065,LOAD,118964690,4202.927776300682
8066,LOAD,115282421,4337.17470246396
8067,LOAD,114821596,4354.581519664645
8068,LOAD,120268706,4157.357442591924
8069,LOAD,108446804,4610.5554203330885
8070,LOAD,112062534,4461.794519120904
8071,LOAD,112004116,4464.12165781479
8072,LOAD,114688158,4359.64801178514
8073,LOAD,112839029,4431.090948150573
8074,LOAD,109725693,4556.817882207406
8075,LOAD,113249944,4415.0132206687895
8076,LOAD,113391348,4409.50750492886
8077,LOAD,117838906,4243.080803890016
8078,LOAD,117989067,4237.680767490093
8079,LOAD,110087135,4541.856775544208
8080,LOAD,112437160,4446.928399827957
8081,LOAD,117385950,4259.453537667839
8082,LOAD,119299081,4191.147122080513
8083,LOAD,112373613,4449.443126830852
8084,LOAD,113068620,4422.093415485216
8085,LOAD,114864934,4352.938556513687
8086,LOAD,120241771,4158.2887198160115
8087,LOAD,111561179,4481.845786158283
8088,LOAD,122728616,4074.0294830669322
8089,LOAD,121573891,4112.7251574106485
8090,LOAD,115605654,4325.047977324707
8091,LOAD,118267477,4227.704967444262
8092,LOAD,112136393,4458.855743647827
8093,LOAD,117911453,4240.470177226974
8094,LOAD,113804770,4393.488954812703
8095,LOAD,112377827,4449.276279385613
8096,LOAD,115578640,4326.058863471659
8097,LOAD,111667200,4477.59055479138
8098,LOAD,114795504,4355.571277425638
8099,LOAD,110086969,4541.863624204241
8100,LOAD,113013185,4424.262531845288
8101,LOAD,112830663,4431.419498084488
8102,LOAD,113740817,4395.959279947849
8103,LOAD,114104196,4381.959801022567
8104,LOAD,116850104,4278.986349896616
8105,LOAD,113691856,4397.852384431125
8106,LOAD,111327223,4491.264459188028
8107,LOAD,107507980,4650.817548613601
8108,LOAD,115815279,4317.219664945936
8109,LOAD,113600143,4401.402910205844
8110,LOAD,115848960,4315.964511032296
8111,LOAD,103723792,4820.494800267233
8112,LOAD,119072244,4199.131411347215
8113,LOAD,112245247,4454.531602572
8114,LOAD,111685575,4476.853881980731
8115,LOAD,115749284,4319.681148092458
8116,LOAD,116565963,4289.416799996754
8117,LOAD,110944983,4506.73826323449
8118,LOAD,111110418,4500.028071175108
8119,LOAD,110025193,4544.413750767063
8120,LOAD,114555534,4364.695292677873
8121,LOAD,109494162,4566.453506443568
8122,LOAD,115157878,4341.865347675128
8123,LOAD,111575814,4481.257918494774
8124,LOAD,112892512,4428.991712045526
8125,LOAD,114628575,4361.9141213262055
8126,LOAD,114070467,4383.255483647665
8127,LOAD,107514732,4650.525474034572
8128,LOAD,114904171,4351.452133099677
8129,LOAD,109021053,4586.270139951776
8130,LOAD,114079121,4382.922971505013
8131,LOAD,112539599,4442.880589969047
8132,LOAD,113349922,4411.119047792552
8133,LOAD,114081170,4382.844250282496
8134,LOAD,113894175,4390.040140332023
8135,LOAD,111922456,4467.378735863338
8136,LOAD,113156818,4418.646696127493
8137,LOAD,108490294,4608.707208407049
8138,LOAD,113980409,4386.71877374997
8139,LOAD,109015139,4586.518942107664
8140,LOAD,117155615,4267.827880038016
8141,LOAD,113730393,4396.362193173816
8142,LOAD,110628440,4519.63346857282
8143,LOAD,113358396,4410.789298747664
8144,LOAD,125443512,3985.857793904878
8145,LOAD,111427154,4487.236567129768
8146,LOAD,119823168,4172.815727923335
8147,LOAD,115591960,4325.5603590422725
8148,LOAD,113188952,4417.392255738882
8149,LOAD,109352420,4572.372518139059
8150,LOAD,109345771,4572.65055088413
8151,LOAD,119499777,4184.108226411167
8152,LOAD,110432512,4527.652146498307
8153,LOAD,114105813,4381.897704019689
8154,LOAD,127652143,3916.894681509577
8155,LOAD,113276294,4413.986213214214
8156,LOAD,111746818,4474.400335945136
8157,LOAD,110779877,4513.455092570648
8158,LOAD,115674946,4322.457172359519
8159,LOAD,113338042,4411.581417649689
8160,LOAD,112212838,4455.818148009054
8161,LOAD,112152787,4458.2039677712155
8162,LOAD,113022831,4423.884940556833
8163,LOAD,113785103,4394.248340224291
8164,LOAD,118294058,4226.754990516937
8165,LOAD,115792288,4318.076865360843
8166,LOAD,109150926,4580.813176060457
8167,LOAD,108886849,4591.922758275427
8168,LOAD,116102408,4306.542892719332
8169,LOAD,115590974,4325.597256408619
8170,LOAD,115618536,4324.566088607107
8171,LOAD,114392460,4370.917453825191
8172,LOAD,118947890,4203.521390753548
8173,LOAD,114548788,4364.952338037832
8174,LOAD,114470217,4367.948389579798
8175,LOAD,112004363,4464.111813215705
8176,LOAD,114766454,4356.673771588342
8177,LOAD,110053703,4543.236496095002
8178,LOAD,114666986,4360.45297292457
8179,LOAD,106408825,4698.858388860134
8180,LOAD,114631329,4361.809327012164
8181,LOAD,112391630,4448.729856484864
8182,LOAD,116075537,4307.539839337551
8183,LOAD,110682972,4517.40670642635
8184,LOAD,109501090,4566.164592516841
8185,LOAD,112914271,4428.1382288692275
8186,LOAD,116305858,4299.009599327319
8187,LOAD,118804056,4208.6105208394565
8188,LOAD,116726344,4283.523177938307
8189,LOAD,111175720,4497.384860651228
8190,LOAD,113211101,4416.528022282903
8191,LOAD,111570240,4481.481800164632
8192,LOAD,113293092,4413.331750182968
8193,LOAD,109812547,4553.21375980834
8194,LOAD,113877533,4390.681698382068
8195,LOAD,109938427,4548.000309300405
8196,LOAD,113935797,4388.436410375924
8197,LOAD,106347069,4701.587027283282
8198,LOAD,110006264,4545.19571721843
8199,LOAD,112333887,4451.016637570816
8200,LOAD,110031339,4544.159914294963
8201,LOAD,108004280,4629.446166392665
8202,LOAD,111652113,4478.19558954518
8203,LOAD,111827222,4471.183233005645
8204,LOAD,111987626,4464.778992636204
8205,LOAD,106531746,4693.4366400040035
8206,LOAD,115549137,4327.163430047945
8207,LOAD,114430430,4369.467107656591
8208,LOAD,111591508,4480.627683604741
8209,LOAD,117030997,4272.372386949758
8210,LOAD,116358743,4297.055701263462
8211,LOAD,112666259,4437.885880279384
8212,LOAD,112259112,4453.981428251454
8213,LOAD,110957627,4506.224705039879
8214,LOAD,119205430,4194.439800267487
8215,LOAD,113471922,4406.376407372389
8216,LOAD,113200294,4416.949659159012
8217,LOAD,115442566,4331.158058285017
8218,LOAD,111046201,4502.63039615376
8219,LOAD,121982101,4098.962027223978
8220,LOAD,120005813,4166.464836165895
8221,LOAD,114471418,4367.9025623671405
8222,LOAD,111482169,4485.022174263581
8223,LOAD,122385170,4085.46231540962
8224,LOAD,116432535,4294.332335888762
8225,LOAD,117630217,4250.608497984834
8226,LOAD,111301251,4492.312489820982
8227,LOAD,116180833,4303.635867372374
8228,LOAD,118257184,4228.07294312031
8229,LOAD,110459164,4526.559697663473
8230,LOAD,115796159,4317.932514497307
8231,LOAD,112281167,4453.106548135539
8232,LOAD,108592914,4604.351992985473
8233,LOAD,117439165,4257.523459060698
8234,LOAD,109829834,4552.497092911931
8235,LOAD,114482308,4367.487070578626
8236,LOAD,118246284,4228.462688941668
8237,LOAD,112291920,4452.680121597351
8238,LOAD,114169863,4379.439432278201
8239,LOAD,113063116,4422.308686415471
8240,LOAD,116007819,4310.0543076324875
8241,LOAD,112293686,4452.610095994177
8242,LOAD,114638459,4361.538041958502
8243,LOAD,115507785,4328.712562534205
8244,LOAD,112973760,4425.806488161498
8245,LOAD,112277673,4453.245125591443
8246,LOAD,113827677,4392.604796810534
8247,LOAD,114888289,4352.053671893399
8248,LOAD,112983261,4425.434312787273
8249,LOAD,114882390,4352.277141866564
8250,LOAD,109554683,4563.9308727678945
8251,LOAD,120280239,4156.958816817782
8252,LOAD,111245993,4494.543906853346
8253,LOAD,120988886,4132.610990401217
8254,LOAD,116965065,4274.780679171169
8255,LOAD,112541893,4442.7900284207935
8256,LOAD,118692477,4212.56690093341
8257,LOAD,111493188,4484.5789143638085
8258,LOAD,107769226,4639.543388759236
8259,LOAD,115151367,4342.110849626301
8260,LOAD,110991907,4504.832951469156
8261,LOAD,116232159,4301.73546032127
8262,LOAD,108870629,4592.606882063665
8263,LOAD,114818129,4354.713008779301
8264,LOAD,119932430,4169.014169061696
8265,LOAD,109623036,4561.085135427193
8266,LOAD,109074331,4584.029949264598
8267,LOAD,116079390,4307.396860028297
8268,LOAD,109127031,4581.816213803159
8269,LOAD,112902551,4428.597897668406
8270,LOAD,106688639,4686.534617804994
8271,LOAD,120658106,4143.940399661172
8272,LOAD,121823493,4104.298667581301
8273,LOAD,113493899,4405.523155037611
8274,LOAD,118844900,4207.164127362637
8275,LOAD,116533817,4290.600041016421
8276,LOAD,112024653,4463.303269504437
8277,LOAD,109601825,4561.967832196226
8278,LOAD,111386094,4488.890686839239
8279,LOAD,113901431,4389.760476319213
8280,LOAD,111050215,4502.467644929819
8281,LOAD,108757754,4597.3733514209935
8282,LOAD,110862712,4510.082704814221
8283,LOAD,114373939,4371.625252847154
8284,LOAD,108685063,4600.448177501631
8285,LOAD,113855257,4391.540743700574
8286,LOAD,114545417,4365.080795855848
8287,LOAD,116691417,4284.805282637026
8288,LOAD,111844995,4470.472728797565
8289,LOAD,111587687,4480.781109836967
8290,LOAD,113526936,4404.241122124533
8291,LOAD,118242025,4228.6149953876375
8292,LOAD,112951329,4426.685408898553
8293,LOAD,117576283,4252.558315693651
8294,LOAD,112107848,4459.991061464314
8295,LOAD,108608340,4603.6980217173
8296,LOAD,126057227,3966.452474795435
8297,LOAD,113734724,4396.194780408488
8298,LOAD,113169941,4418.13431713285
8299,LOAD,125405440,3987.0678656364507
8300,LOAD,110804749,4512.441971237172
8301,LOAD,115628865,4324.179779849953
8302,LOAD,110560289,4522.419437597527
8303,LOAD,110631121,4519.523941188303
8304,LOAD,112484038,4445.075131459985
8305,LOAD,111517940,4483.583538218156
8306,LOAD,113217986,4416.259444855344
8307,LOAD,124501583,4016.01319398485
8308,LOAD,111937092,4466.794617105114
8309,LOAD,121659552,4109.829370405704
8310,LOAD,116531506,4290.685130251384
8311,LOAD,107327116,4658.654947925741
8312,LOAD,118688356,4212.713166235111
8313,LOAD,111824395,4471.296267688281
8314,LOAD,115229368,4339.171590353598
8315,LOAD,120645409,4144.376517468642
8316,LOAD,111060494,4502.050927308139
8317,LOAD,114212424,4377.807444135849
8318,LOAD,110396321,4529.136437436171
8319,LOAD,114223184,4377.395047926523
8320,LOAD,115701247,4321.47459914585
8321,LOAD,112103963,4460.145623933027
8322,LOAD,114166359,4379.573846267621
8323,LOAD,111443163,4486.591967961283
8324,LOAD,110478228,4525.778599562621
8325,LOAD,117813296,4244.003155637034
8326,LOAD,111814793,4471.6802364424175
8327,LOAD,119349823,4189.365241036009
8328,LOAD,112534206,4443.093507053313
8329,LOAD,115816306,4317.181382041316
8330,LOAD,122808388,4071.3831371192655
8331,LOAD,113714616,4396.972153518067
8332,LOAD,116487758,4292.296534713974
8333,LOAD,113921124,4389.001639415004
8334,LOAD,114479094,4367.609687756613
8335,LOAD,113281342,4413.789518842388
8336,LOAD,113952837,4387.780183129623
8337,LOAD,116009933,4309.975767333647
8338,LOAD,117116067,4269.26904913909
8339,LOAD,111964464,4465.702617930631
8340,LOAD,115450831,4330.847995368696
8341,LOAD,113679722,4398.321804481541
8342,LOAD,111630369,4479.067878025199
8343,LOAD,113060540,4422.409445417473
8344,LOAD,110933324,4507.21191767408
8345,LOAD,113293377,4413.3206480375275
8346,LOAD,111612860,4479.770521067196
8347,LOAD,116935493,4275.861735153415
8348,LOAD,114972595,4348.862439784019
8349,LOAD,119709063,4176.793197353821
8350,LOAD,112828757,4431.494357418118
8351,LOAD,115806885,4317.532588843919
8352,LOAD,112698124,4436.631083583964
8353,LOAD,122303552,4088.188706081079
8354,LOAD,117191134,4266.534360867265
8355,LOAD,109014286,4586.5548300706205
8356,LOAD,121237963,4124.120759105793
8357,LOAD,115468926,4330.169313257491
8358,LOAD,114575458,4363.936297771553
8359,LOAD,115838661,4316.348235413391
8360,LOAD,113119942,4420.087131940008
8361,LOAD,114224352,4377.350286916051
8362,LOAD,114990371,4348.190162809371
8363,LOAD,120003213,4166.555107153673
8364,LOAD,115129647,4342.9300187118615
8365,LOAD,112437879,4446.899963312186
8366,LOAD,109300568,4574.5416437360145
8367,LOAD,115722292,4320.688705336047
8368,LOAD,114873487,4352.61445489158
8369,LOAD,114269779,4375.610107725858
8370,LOAD,109244065,4576.907679149435
8371,LOAD,108251722,4618.864169200006
8372,LOAD,119291460,4191.414875800832
8373,LOAD,110939257,4506.970873259048
8374,LOAD,119138651,4196.790846658151
8375,LOAD,106548922,4692.680044196037
8376,LOAD,113475614,4406.2330431629125
8377,LOAD,112665686,4437.908450670597
8378,LOAD,111818845,4471.5181953453375
8379,LOAD,109074634,4584.017215221644
8380,LOAD,117624133,4250.8283567964745
8381,LOAD,113327793,4411.980386841205
8382,LOAD,110693579,4516.973834588906
8383,LOAD,108980930,4587.9586456089155
8384,LOAD,116570447,4289.251803246495
8385,LOAD,121257431,4123.45862745517
8386,LOAD,109321535,4573.664283071035
8387,LOAD,115349664,4334.646349728422
8388,LOAD,112575581,4441.460533079549
8389,LOAD,114060999,4383.619329864015
8390,LOAD,115227790,4339.231013629611
8391,LOAD,107598521,4646.904022035767
8392,LOAD,109712246,4557.376393515816
8393,LOAD,116144948,4304.965550460275
8394,LOAD,111640771,4478.650546044689
8395,LOAD,121483058,4115.800245989857
8396,LOAD,109532667,4564.848220120487
8397,LOAD,110522691,4523.957890239933
8398,LOAD,119294277,4191.315900258987
8399,LOAD,109708268,4557.54164307835
8400,LOAD,115763750,4319.141354698686
8401,LOAD,120681922,4143.122612846686
8402,LOAD,116048639,4308.538250069439
8403,LOAD,116378223,4296.336437445002
8404,LOAD,109878870,4550.465435256114
8405,LOAD,114288357,4374.898835933042
8406,LOAD,115497765,4329.0880996701535
8407,LOAD,109248534,4576.720452834635
8408,LOAD,108802657,4595.476009377235
8409,LOAD,116025057,4309.41395702137
8410,LOAD,116536395,4290.505125029825
8411,LOAD,116382994,4296.160313593582
8412,LOAD,113282037,4413.76243967082
8413,LOAD,116054122,4308.334692325706
8414,LOAD,111701419,4476.218874175627
8415,LOAD,122172077,4092.588194272903
8416,LOAD,115209945,4339.903122078567
8417,LOAD,110856829,4510.3220479092
8418,LOAD,110789152,4513.077237020462
8419,LOAD,121842985,4103.642076726864
8420,LOAD,112552304,4442.379073821537
8421,LOAD,114690823,4359.546709330004
8422,LOAD,110652888,4518.634886420678
8423,LOAD,112448630,4446.474803650342
8424,LOAD,117504379,4255.160567250009
8425,LOAD,115957505,4311.924441630578
8426,LOAD,115267822,4337.724018069847
8427,LOAD,119855640,4171.685203967039
8428,LOAD,111461659,4485.847460784699
8429,LOAD,114329957,4373.306988998517
8430,LOAD,110265279,4534.518975823749
8431,LOAD,109293730,4574.8278515153615
8432,LOAD,109412813,4569.848688562646
8433,LOAD,108624342,4603.019827728853
8434,LOAD,116060745,4308.088837444564
8435,LOAD,116727478,4283.481563783979
8436,LOAD,114443997,4368.949120153502
8437,LOAD,110012849,4544.923657053913
8438,LOAD,107594266,4647.087791834557
8439,LOAD,115045018,4346.124749182967
8440,LOAD,109166052,4580.178460607882
8441,LOAD,114597183,4363.108995445377
8442,LOAD,111733609,4474.92929365595
8443,LOAD,112885643,4429.261212606106
8444,LOAD,113615154,4400.821390428252
8445,LOAD,115691036,4321.856016571586
8446,LOAD,107428199,4654.271454369257
8447,LOAD,112103745,4460.154297253852
8448,LOAD,118195634,4230.27469864073
8449,LOAD,123185630,4058.914988704445
8450,LOAD,115323790,4335.6188692723335
8451,LOAD,118475490,4220.28218663624
8452,LOAD,116091872,4306.933736067242
8453,LOAD,109645618,4560.145759769442
8454,LOAD,108582713,4604.784557188214
8455,LOAD,114884444,4352.199328222367
8456,LOAD,108634665,4602.5824261528305
8457,LOAD,112690945,4436.913720086383
8458,LOAD,116770361,4281.908488747415
8459,LOAD,114316781,4373.81105054034
8460,LOAD,110714463,4516.1218006359295
8461,LOAD,107159751,4665.930961336408
8462,LOAD,111069292,4501.69431169148
8463,LOAD,114998342,4347.888772170298
8464,LOAD,107324438,4658.771192447334
8465,LOAD,112646042,4438.6823640017465
8466,LOAD,116217376,4302.2826466155975
8467,LOAD,109131534,4581.6271582877225
8468,LOAD,118981601,4202.330409052069
8469,LOAD,111188411,4496.871530972774
8470,LOAD,123690361,4042.352176496598
8471,LOAD,115990969,4310.680428922014
8472,LOAD,108713973,4599.224793302329
8473,LOAD,110258934,4534.779920872445
8474,LOAD,113276038,4413.996188673195
8475,LOAD,111075824,4501.429582012374
8476,LOAD,115208856,4339.944144571664
8477,LOAD,113888948,4390.241623796543
8478,LOAD,113906668,4389.558651649787
8479,LOAD,110372613,4530.109294413462
8480,LOAD,112412606,4447.899731103112
8481,LOAD,120254110,4157.86204729302
8482,LOAD,111137669,4498.924662528238
8483,LOAD,114531926,4365.5949695633335
8484,LOAD,111667337,4477.585061422214
8485,LOAD,115249281,4338.421859655679
8486,LOAD,110997099,4504.622233415307
8487,LOAD,111543535,4482.554726277951
8488,LOAD,107641348,4645.055169691855
8489,LOAD,113521740,4404.442708506759
8490,LOAD,116179976,4303.667613083342
8491,LOAD,115383240,4333.384987282382
8492,LOAD,121520822,4114.521213492121
8493,LOAD,112938520,4427.18746447182
8494,LOAD,113984862,4386.547399601186
8495,LOAD,116585104,4288.712561426372
8496,LOAD,109711569,4557.4045158355175
8497,LOAD,111944449,4466.501058931471
8498,LOAD,116751566,4282.597802585363
8499,LOAD,112243973,4454.5821627322475
8500,LOAD,117020396,4272.759425630384
8501,LOAD,111025251,4503.480023656961
8502,LOAD,119533094,4182.94200600212
8503,LOAD,110671481,4517.875747953531
8504,LOAD,122470225,4082.6249808882117
8505,LOAD,115390783,4333.101717491595
8506,LOAD,116158788,4304.452625659283
8507,LOAD,114912852,4351.123406109527
8508,LOAD,111797694,4472.36416164362
8509,LOAD,109423555,4569.400071127282
8510,LOAD,113044696,4423.029276844622
8511,LOAD,109351663,4572.404170936111
8512,LOAD,473369661,1056.2569619348715
8513,LOAD,115580716,4325.981161078808
8514,LOAD,111147477,4498.527663385467
8515,LOAD,111206583,4496.1367080220425
8516,LOAD,116808107,4280.524809806223
8517,LOAD,115072968,4345.069121707194
8518,LOAD,109122818,4581.9931079859025
8519,LOAD,114482393,4367.4838278406705
8520,LOAD,118934252,4204.003401812289
8521,LOAD,109876014,4550.583715204667
8522,LOAD,120621980,4145.181500088127
8523,LOAD,114848086,4353.577124480769
8524,LOAD,110503821,4524.730416335558
8525,LOAD,112265341,4453.734300775874
8526,LOAD,116195311,4303.099631963634
8527,LOAD,115241536,4338.713430546431
8528,LOAD,113237380,4415.503078577056
8529,LOAD,119217349,4194.020452509811
8530,LOAD,119035278,4200.43543729952
8531,LOAD,115300761,4336.484821639642
8532,LOAD,114011287,4385.530706271214
8533,LOAD,121462100,4116.510417652914
8534,LOAD,112211363,4455.876719009286
8535,LOAD,116836070,4279.50032896519
8536,LOAD,111420270,4487.513806958105
8537,LOAD,119592442,4180.866212264485
8538,LOAD,115508011,4328.70409308667
8539,LOAD,118728045,4211.304919574814
8540,LOAD,115664600,4322.84380873664
8541,LOAD,119281233,4191.774241636151
8542,LOAD,114831702,4354.198285766069
8543,LOAD,118424857,4222.086584406853
8544,LOAD,114408860,4370.290902295504
8545,LOAD,121161788,4126.713613701376
8546,LOAD,116816756,4280.207883875837
8547,LOAD,118221305,4229.356121555248
8548,LOAD,107320902,4658.924689246462
8549,LOAD,121089408,4129.18031608512
8550,LOAD,115723219,4320.654094490752
8551,LOAD,116134908,4305.337719818059
8552,LOAD,116406102,4295.307474517101
8553,LOAD,118590931,4216.174000691503
8554,LOAD,112622156,4439.623762841124
8555,LOAD,114982153,4348.500936488814
8556,LOAD,113056383,4422.572054158145
8557,LOAD,122525299,4080.7898783417786
8558,LOAD,116774187,4281.768195911311
8559,LOAD,117628350,4250.675963745135
8560,LOAD,115668225,4322.7083323877405
8561,LOAD,113250005,4415.010842604378
8562,LOAD,121901298,4101.679048569277
8563,LOAD,113132414,4419.599850490241
8564,LOAD,118769276,4209.8429563551435
8565,LOAD,119960932,4168.023636228501
8566,LOAD,110484729,4525.512299532364
8567,LOAD,113138764,4419.351797055163
8568,LOAD,113430925,4407.968990819743
8569,LOAD,118804257,4208.603400465692
8570,LOAD,113864328,4391.190891672411
8571,LOAD,115397480,4332.850249416192
8572,LOAD,117452896,4257.025727147672
8573,LOAD,114108046,4381.811953909017
8574,LOAD,110133572,4539.941735477353
8575,LOAD,115100867,4344.015931695806
8576,LOAD,115916480,4313.450511954815
8577,LOAD,115826450,4316.803286296006
8578,LOAD,111150175,4498.418468526927
8579,LOAD,112987406,4425.271963496533
8580,LOAD,113718892,4396.806820805113
8581,LOAD,120776432,4139.8805356329785
8582,LOAD,115126441,4343.050959075509
8583,LOAD,115116232,4343.436119417112
8584,LOAD,111850763,4470.2421922682815
8585,LOAD,112420533,4447.586100663658
8586,LOAD,114669120,4360.371824602822
8587,LOAD,110869460,4509.808201465038
8588,LOAD,113138788,4419.350859583187
8589,LOAD,119668873,4178.195945741045
8590,LOAD,110815101,4512.020433027445
8591,LOAD,119046337,4200.045231127103
8592,LOAD,116298260,4299.290462299265
8593,LOAD,113275912,4414.001098485969
8594,LOAD,117650625,4249.871175779985
8595,LOAD,121724464,4107.637721863372
8596,LOAD,121735248,4107.273843973276
8597,LOAD,118351028,4224.720380122089
8598,LOAD,110633396,4519.43100435966
8599,LOAD,118346003,4224.899762774413
8600,LOAD,119595926,4180.744417665197
8601,LOAD,114167331,4379.536559368284
8602,LOAD,131213831,3810.5739020759174
8603,LOAD,114443889,4368.953243104138
8604,LOAD,124168562,4026.784171020681
8605,LOAD,117531934,4254.162957958302
8606,LOAD,123080340,4062.3872179748614
8607,LOAD,118609917,4215.499113788268
8608,LOAD,118669208,4213.392913180983
8609,LOAD,112712509,4436.064855942475
8610,LOAD,120099570,4163.212241309439
8611,LOAD,112815739,4432.005715089097
8612,LOAD,124478092,4016.7710796852507
8613,LOAD,117050701,4271.653187279929
8614,LOAD,113064979,4422.2358189267425
8615,LOAD,120806376,4138.854392917142
8616,LOAD,114236202,4376.896213688897
8617,LOAD,116326441,4298.248925194917
8618,LOAD,112213482,4455.792575797621
8619,LOAD,117125296,4268.932647990917
8620,LOAD,115406623,4332.506982723166
8621,LOAD,116914386,4276.633672780012
8622,LOAD,116698964,4284.528181415561
8623,LOAD,116136241,4305.288303588197
8624,LOAD,115258200,4338.086140508874
8625,LOAD,114828979,4354.301539161121
8626,LOAD,109233528,4577.34918165419
8627,LOAD,117303244,4262.45671432582
8628,LOAD,111025614,4503.465299457835
8629,LOAD,119617704,4179.983257327862
8630,LOAD,110951215,4506.485125016432
8631,LOAD,120025939,4165.766201587476
8632,LOAD,112324483,4451.3892843824615
8633,LOAD,115435764,4331.4132698077865
8634,LOAD,112088581,4460.757693060635
8635,LOAD,118384892,4223.511898798708
8636,LOAD,110542200,4523.159481175515
8637,LOAD,115768254,4318.97331715826
8638,LOAD,112827813,4431.531434540879
8639,LOAD,115569909,4326.385685741087
8640,LOAD,114049411,4384.064727874833
8641,LOAD,110498588,4524.944698840858
8642,LOAD,115501161,4328.960814515102
8643,LOAD,113980743,4386.705919262168
8644,LOAD,116339526,4297.76549029433
8645,LOAD,118382054,4223.61315001343
8646,LOAD,118086061,4234.200004351064
8647,LOAD,116064882,4307.935280544204
8648,LOAD,113672320,4398.608209984629
8649,LOAD,109702937,4557.763116223588
8650,LOAD,113640447,4399.841897841179
8651,LOAD,111040241,4502.87207139617
8652,LOAD,114519587,4366.065343913614
8653,LOAD,113384070,4409.790546414501
8654,LOAD,117238961,4264.7938512522305
8655,LOAD,112737159,4435.094909567483
8656,LOAD,110234867,4535.769975574062
8657,LOAD,112922407,4427.8191838401035
8658,LOAD,109998614,4545.511818903464
8659,LOAD,114906974,4351.345985318524
8660,LOAD,111724584,4475.290773962514
8661,LOAD,113390833,4409.527532088948
8662,LOAD,109831192,4552.440803883836
8663,LOAD,113953256,4387.7640494976295
8664,LOAD,117024498,4272.60965477502
8665,LOAD,110009691,4545.054126186028
8666,LOAD,118323534,4225.70204841921
8667,LOAD,111168495,4497.677152146388
8668,LOAD,110796802,4512.765630184886
8669,LOAD,115368958,4333.921434914928
8670,LOAD,109683328,4558.577945410264
8671,LOAD,115496617,4329.131129442519
8672,LOAD,121642416,4110.408329936492
8673,LOAD,112097846,4460.3890069395275
8674,LOAD,116682972,4285.115397986263
8675,LOAD,127396726,3924.7476422588757
8676,LOAD,118595145,4216.02418884854
8677,LOAD,114325335,4373.483795171036
8678,LOAD,119593964,4180.813004910516
8679,LOAD,117253303,4264.272197091113
8680,LOAD,112349517,4450.397414703617
8681,LOAD,117200120,4266.2072359652875
8682,LOAD,112802231,4432.536445134671
8683,LOAD,119216624,4194.045957885874
8684,LOAD,115716196,4320.916321860425
8685,LOAD,121298393,4122.06615136278
8686,LOAD,111521810,4483.427950102317
8687,LOAD,111258166,4494.052148945184
8688,LOAD,121656671,4109.926696909206
8689,LOAD,119390220,4187.9477230212
8690,LOAD,115322044,4335.6845114538555
8691,LOAD,119703682,4176.980955356077
8692,LOAD,111222484,4495.493914701636
8693,LOAD,110486056,4525.457945570977
8694,LOAD,115987473,4310.810357942707
8695,LOAD,119309034,4190.797488143269
8696,LOAD,113382039,4409.86953850777
8697,LOAD,117387262,4259.405931113718
8698,LOAD,117693896,4248.308680341417
8699,LOAD,111946282,4466.427924779136
8700,LOAD,115718086,4320.8457492115795
8701,LOAD,109903275,4549.454963921685
8702,LOAD,114995071,4348.012446550862
8703,LOAD,118737015,4210.986776111898
8704,LOAD,114708277,4358.883361137052
8705,LOAD,112352373,4450.284285495242
8706,LOAD,116389171,4295.932307997967
8707,LOAD,118817887,4208.120617394921
8708,LOAD,115010685,4347.422154732841
8709,LOAD,108690544,4600.216188079802
8710,LOAD,114272773,4375.495464698314
8711,LOAD,114032273,4384.723612411023
8712,LOAD,114600595,4362.979092735077
8713,LOAD,116665599,4285.753506481375
8714,LOAD,114776308,4356.299733913727
8715,LOAD,113276944,4413.960885102973
8716,LOAD,120674869,4143.364763047723
8717,LOAD,111739076,4474.71035110403
8718,LOAD,117337414,4261.215438069907
8719,LOAD,112609501,4440.122685562739
8720,LOAD,114247038,4376.481077785142
8721,LOAD,115703372,4321.39523124702
8722,LOAD,112302377,4452.265511708626
8723,LOAD,113062962,4422.314709922423
8724,LOAD,116630301,4287.050583878713
8725,LOAD,114370251,4371.766220920508
8726,LOAD,116316896,4298.601640814074
8727,LOAD,113526853,4404.244342085304
8728,LOAD,112632172,4439.2289620411475
8729,LOAD,113956035,4387.657046860221
8730,LOAD,116655646,4286.119164776645
8731,LOAD,114650095,4361.095383305177
8732,LOAD,118332664,4225.3760128310805
8733,LOAD,114718307,4358.502257185508
8734,LOAD,112949594,4426.753406479708
8735,LOAD,109143962,4581.105457762291
8736,LOAD,119207738,4194.358591050524
8737,LOAD,114864249,4352.9645155299795
8738,LOAD,118094008,4233.915068747603
8739,LOAD,110042743,4543.68899183111
8740,LOAD,118905191,4205.030880443227
8741,LOAD,115070745,4345.153062144509
8742,LOAD,116807629,4280.542326563276
8743,LOAD,107332997,4658.399690451204
8744,LOAD,118185440,4230.639577937857
8745,LOAD,114554360,4364.740023862906
8746,LOAD,122198828,4091.6922705674397
8747,LOAD,111341582,4490.685250008393
8748,LOAD,113608013,4401.098010577827
8749,LOAD,112433336,4447.079645488772
8750,LOAD,115162306,4341.6984026005875
8751,LOAD,110536995,4523.372469099599
8752,LOAD,117997954,4237.361607134307
8753,LOAD,119052699,4199.820786927308
8754,LOAD,130602514,3828.4102249364055
8755,LOAD,115327089,4335.494846314902
8756,LOAD,121288085,4122.4164764411935
8757,LOAD,116819796,4280.096500082914
8758,LOAD,112439871,4446.821181429495
8759,LOAD,116299017,4299.262477859121
8760,LOAD,110324321,4532.092248272255
8761,LOAD,120786185,4139.546256883599
8762,LOAD,118501088,4219.3705428257335
8763,LOAD,112243987,4454.581607119854
8764,LOAD,123677361,4042.7770770432267
8765,LOAD,130907875,3819.4799205166228
8766,LOAD,113212716,4416.465019706797
8767,LOAD,119768439,4174.722524353849
8768,LOAD,118802821,4208.654270928465
8769,LOAD,114261595,4375.923511307539
8770,LOAD,120890405,4135.977540980196
8771,LOAD,114904092,4351.455124853169
8772,LOAD,117937240,4239.542997614663
8773,LOAD,120863550,4136.896525048288
8774,LOAD,114591571,4363.322674056018
8775,LOAD,111843062,4470.549992631639
8776,LOAD,117427529,4257.945340908946
8777,LOAD,117756902,4246.035616663896
8778,LOAD,116621058,4287.390361353093
8779,LOAD,124646586,4011.341313431561
8780,LOAD,120015118,4166.141802235282
8781,LOAD,119084360,4198.704179121423
8782,LOAD,112643957,4438.7645224501475
8783,LOAD,122728788,4074.023773460551
8784,LOAD,121651039,4110.116971545142
8785,LOAD,118006792,4237.044254198521
8786,LOAD,115986655,4310.840760085719
8787,LOAD,110618751,4520.029339329641
8788,LOAD,115843352,4316.173447743467
8789,LOAD,113508513,4404.955952510804
8790,LOAD,119251114,4192.8329491328695
8791,LOAD,115841001,4316.261044740108
8792,LOAD,114117852,4381.4354304530725
8793,LOAD,109895798,4549.764496000111
8794,LOAD,119834427,4172.423672539445
8795,LOAD,116445229,4293.864199451229
8796,LOAD,118072577,4234.683553997471
8797,LOAD,115627530,4324.229705503525
8798,LOAD,116365013,4296.8241665559735
8799,LOAD,110152044,4539.180407764381
8800,LOAD,119471238,4185.107716051289
8801,LOAD,117699951,4248.0901287715915
8802,LOAD,122829177,4070.6940501604113
8803,LOAD,125199335,3993.6314358219233
8804,LOAD,120426621,4151.905914556882
8805,LOAD,114268321,4375.665938068697
8806,LOAD,119492270,4184.371089443694
8807,LOAD,112247375,4454.447152995783
8808,LOAD,122673693,4075.8534920767406
8809,LOAD,117867237,4242.060921475575
8810,LOAD,114537899,4365.367309557511
8811,LOAD,113021442,4423.939308790627
8812,LOAD,114011017,4385.54109205078
8813,LOAD,115280404,4337.250587706129
8814,LOAD,113622732,4400.527880283674
8815,LOAD,118228140,4229.111614206228
8816,LOAD,116863725,4278.487614527092
8817,LOAD,108234329,4619.606409718676
8818,LOAD,116231692,4301.7527439934365
8819,LOAD,114493116,4367.074785526843
8820,LOAD,112368644,4449.639883524803
8821,LOAD,117012941,4273.031646986807
8822,LOAD,120241338,4158.303694192093
8823,LOAD,118087444,4234.15041484004
8824,LOAD,118096583,4233.8227516709785
8825,LOAD,116629040,4287.096935720298
8826,LOAD,112005678,4464.0594024170805
8827,LOAD,121257872,4123.443630942163
8828,LOAD,118114280,4233.188400251011
8829,LOAD,114596182,4363.147107291934
8830,LOAD,110717304,4516.005917196105
8831,LOAD,114062308,4383.569022643308
8832,LOAD,115084514,4344.633197130242
8833,LOAD,116310277,4298.84626618162
8834,LOAD,125969171,3969.225136839235
8835,LOAD,119995987,4166.806011604371
8836,LOAD,112931193,4427.474701343144
8837,LOAD,117496667,4255.439858562116
8838,LOAD,114515830,4366.208584437628
8839,LOAD,126674979,3947.1093971920063
8840,LOAD,116961028,4274.928226520034
8841,LOAD,114529236,4365.697506268181
8842,LOAD,118921131,4204.467244765777
8843,LOAD,113323533,4412.146239739985
8844,LOAD,107875912,4634.955021284085
8845,LOAD,115240527,4338.751418587317
8846,LOAD,112015904,4463.651875719363
8847,LOAD,121097568,4128.902076712226
8848,LOAD,116423429,4294.668214934642
8849,LOAD,112826532,4431.581748874458
8850,LOAD,116750107,4282.651321253178
8851,LOAD,117799162,4244.512367583736
8852,LOAD,115302285,4336.427504450584
8853,LOAD,125991774,3968.513055463446
8854,LOAD,116478312,4292.644625550549
8855,LOAD,118279697,4227.268184496617
8856,LOAD,121827547,4104.162090696942
8857,LOAD,118499528,4219.426089190836
8858,LOAD,117885541,4241.402259841179
8859,LOAD,113381071,4409.907188123139
8860,LOAD,115082611,4344.70503975618
8861,LOAD,123525097,4047.7604320359287
8862,LOAD,116668663,4285.640952275248
8863,LOAD,113688635,4397.976983363376
8864,LOAD,112946265,4426.8838814634555
8865,LOAD,113736548,4396.124278363011
8866,LOAD,115843775,4316.157687368182
8867,LOAD,121295260,4122.172622409153
8868,LOAD,109704922,4557.680648093437
8869,LOAD,114214430,4377.730554711869
8870,LOAD,113095840,4421.029102396693
8871,LOAD,112421257,4447.557457928086
8872,LOAD,125238138,3992.3940740798944
8873,LOAD,113768198,4394.901288671198
8874,LOAD,114141706,4380.519772501035
8875,LOAD,119641222,4179.161593652061
8876,LOAD,108885805,4591.966785753202
8877,LOAD,119305826,4190.910173992676
8878,LOAD,110332891,4531.740222414728
8879,LOAD,116699383,4284.512798152497
8880,LOAD,111951403,4466.223616688395
8881,LOAD,120883411,4136.216837891843
8882,LOAD,116349621,4297.392597436995
8883,LOAD,114653727,4360.957232554682
8884,LOAD,113079549,4421.66602556931
8885,LOAD,117676928,4248.92124988171
8886,LOAD,110610357,4520.372355366325
8887,LOAD,126336600,3957.6813053382793
8888,LOAD,117022281,4272.690599835428
8889,LOAD,117030600,4272.386880012578
8890,LOAD,114319236,4373.7171231620205
8891,LOAD,116905377,4276.96324010828
8892,LOAD,112712374,4436.0701691901195
8893,LOAD,118262696,4227.87588065809
8894,LOAD,114550975,4364.86900264271
8895,LOAD,119887119,4170.589836260891
8896,LOAD,113018032,4424.072788667918
8897,LOAD,115475288,4329.930746741242
8898,LOAD,107616044,4646.147371854702
8899,LOAD,113377842,4410.032782243289
8900,LOAD,110321312,4532.215860522036
8901,LOAD,119604530,4180.443667142039
8902,LOAD,109101261,4582.898450642106
8903,LOAD,117327201,4261.586364785094
8904,LOAD,111650872,4478.245364711527
8905,LOAD,111767269,4473.581617172734
8906,LOAD,125147259,3995.2932568822775
8907,LOAD,117222109,4265.406963459427
8908,LOAD,111658627,4477.93433820389
8909,LOAD,122986087,4065.5005147045613
8910,LOAD,113909532,4389.448286031058
8911,LOAD,115289196,4336.919827249034
8912,LOAD,104712682,4774.970810125941
8913,LOAD,114788023,4355.855140043662
8914,LOAD,110864788,4509.998251203078
8915,LOAD,110014560,4544.852972188409
8916,LOAD,110759127,4514.300658942536
8917,LOAD,132625560,3770.0123565924996
8918,LOAD,113916058,4389.196824208927
8919,LOAD,122422787,4084.206970390243
8920,LOAD,118782567,4209.371902191674
8921,LOAD,115162287,4341.699118913816
8922,LOAD,116989027,4273.905107356778
8923,LOAD,116093633,4306.868405091604
8924,LOAD,107023409,4671.875103511233
8925,LOAD,119249034,4192.9060825767365
8926,LOAD,119319154,4190.442047552567
8927,LOAD,112259254,4453.975794280621
8928,LOAD,122552828,4079.8732119017277
8929,LOAD,118306282,4226.318260935628
8930,LOAD,118910715,4204.835535636969
8931,LOAD,115970882,4311.427070115756
8932,LOAD,109635496,4560.566771185128
8933,LOAD,114812077,4354.942555389884
8934,LOAD,111637456,4478.783536593668
8935,LOAD,112456776,4446.152715599814
8936,LOAD,117154788,4267.858006793543
8937,LOAD,114326155,4373.4524265247965
8938,LOAD,118236790,4228.80221968137
8939,LOAD,115075316,4344.980464794031
8940,LOAD,111979956,4465.084804998494
8941,LOAD,112901168,4428.65214645078
8942,LOAD,116087632,4307.0910430837275
8943,LOAD,116044859,4308.678594714825
8944,LOAD,121160318,4126.763681818663
8945,LOAD,117199456,4266.231406398338
8946,LOAD,115063128,4345.440704514829
8947,LOAD,115161185,4341.74066548551
8948,LOAD,119436798,4186.314505852711
8949,LOAD,118518012,4218.768029959868
8950,LOAD,119356403,4189.134285489485
8951,LOAD,113069612,4422.054618883808
8952,LOAD,115603409,4325.13196907541
8953,LOAD,115379233,4333.535481207437
8954,LOAD,115802723,4317.6877628343855
8955,LOAD,114043257,4384.30130068979
8956,LOAD,107837198,4636.618989302745
8957,LOAD,121821786,4104.356178130569
8958,LOAD,116573064,4289.15551194571
8959,LOAD,115297470,4336.60860034483
8960,LOAD,113196291,4417.105857293504
8961,LOAD,114257447,4376.0823747444665
8962,LOAD,114432582,4369.384936188891
8963,LOAD,115560822,4326.725886390805
8964,LOAD,114408568,4370.302056398434
8965,LOAD,120472920,4150.310293798805
8966,LOAD,112154365,4458.141241315039
8967,LOAD,120225061,4158.8666775556885
8968,LOAD,107847891,4636.159273619917
8969,LOAD,117428393,4257.914012329198
8970,LOAD,113056165,4422.580581961187
8971,LOAD,116770776,4281.893270967044
8972,LOAD,113462465,4406.743675099955
8973,LOAD,115227225,4339.2522904200805
8974,LOAD,110641353,4519.105980202538
8975,LOAD,122803899,4071.531963329601
8976,LOAD,110341266,4531.396259310637
8977,LOAD,118554826,4217.458005463228
8978,LOAD,113293624,4413.3110262233295
8979,LOAD,116434017,4294.277676600301
8980,LOAD,113303548,4412.924474350971
8981,LOAD,114289074,4374.871389718321
8982,LOAD,113305989,4412.829404807543
8983,LOAD,120663397,4143.758690964088
8984,LOAD,117008625,4273.189262757339
8985,LOAD,112361938,4449.90544751907
8986,LOAD,127502626,3921.487860179445
8987,LOAD,111760810,4473.840159175654
8988,LOAD,116352920,4297.2707517782965
8989,LOAD,113525773,4404.286240799259
8990,LOAD,119575897,4181.444693657619
8991,LOAD,114423508,4369.731436655481
8992,LOAD,119904105,4169.999017131232
8993,LOAD,116955439,4275.132514358738
8994,LOAD,112060791,4461.863918129938
8995,LOAD,120800645,4139.05074761811
8996,LOAD,117099511,4269.872655574112
8997,LOAD,113636202,4400.006258568902
8998,LOAD,117481838,4255.976996206001
8999,LOAD,112567057,4441.796857139118
9000,LOAD,115723933,4320.627436677251
9001,LOAD,116220051,4302.183622342413
9002,LOAD,120987704,4132.651364307236
9003,LOAD,118502247,4219.329275671878
9004,LOAD,114903071,4351.493790796941
9005,LOAD,112293515,4452.616876406442
9006,LOAD,113094928,4421.064753673127
9007,LOAD,117659698,4249.5434587975915
9008,LOAD,118368362,4224.101707177464
9009,LOAD,120441068,4151.40789020569
9010,LOAD,117384659,4259.500383265586
9011,LOAD,118414161,4222.467952967213
9012,LOAD,358255529,1395.6518728284582
9013,LOAD,115983137,4310.971516488643
9014,LOAD,108753018,4597.5735588321795
9015,LOAD,118080069,4234.414869794834
9016,LOAD,109577496,4562.980705454339
9017,LOAD,118319431,4225.848584413832
9018,LOAD,113895588,4389.9856770571305
9019,LOAD,118922220,4204.428743425745
9020,LOAD,112052552,4462.19199005838
9021,LOAD,117907752,4240.603281114206
9022,LOAD,117660187,4249.525797541015
9023,LOAD,117018883,4272.814670432293
9024,LOAD,120017447,4166.060956120822
9025,LOAD,113679522,4398.329542589034
9026,LOAD,120693647,4142.720121797298
9027,LOAD,118543580,4217.858107541547
9028,LOAD,117693220,4248.3330815487925
9029,LOAD,120647107,4144.318189080157
9030,LOAD,114158448,4379.877343812523
9031,LOAD,111920655,4467.450623837039
9032,LOAD,117815987,4243.906219620263
9033,LOAD,110021700,4544.558028098094
9034,LOAD,118221916,4229.334263200403
9035,LOAD,118089462,4234.078058548526
9036,LOAD,113329577,4411.910934777424
9037,LOAD,114437439,4369.199488988914
9038,LOAD,111119456,4499.662057380842
9039,LOAD,117231599,4265.061675052304
9040,LOAD,113130140,4419.688687736089
9041,LOAD,119570873,4181.620385091611
9042,LOAD,113518697,4404.560774688948
9043,LOAD,112225529,4455.31426276458
9044,LOAD,120687520,4142.930437215049
9045,LOAD,116337708,4297.832651129761
9046,LOAD,117566638,4252.907189537902
9047,LOAD,114016658,4385.3241164111305
9048,LOAD,113322867,4412.172169982251
9049,LOAD,118565307,4217.085188334223
9050,LOAD,116340771,4297.719498523867
9051,LOAD,114969111,4348.994226805842
9052,LOAD,119647508,4178.942030284492
9053,LOAD,115902716,4313.96275476409
9054,LOAD,115940119,4312.571043678159
9055,LOAD,122924603,4067.5339825990736
9056,LOAD,116264948,4300.52228639022
9057,LOAD,113477292,4406.167887756786
9058,LOAD,119512169,4183.674383819442
9059,LOAD,133612616,3742.1615934830584
9060,LOAD,120195697,4159.8826953014795
9061,LOAD,121948711,4100.084337914815
9062,LOAD,118001444,4237.236283311922
9063,LOAD,110428865,4527.801675766566
9064,LOAD,112585304,4441.076963295316
9065,LOAD,113046689,4422.951299352076
9066,LOAD,114166271,4379.577222067628
9067,LOAD,112891259,4429.040870205903
9068,LOAD,109074255,4584.033143293071
9069,LOAD,134478854,3718.0566693407427
9070,LOAD,120439476,4151.462764583931
9071,LOAD,119657745,4178.584512018006
9072,LOAD,117094350,4270.060852637211
9073,LOAD,116907932,4276.8697679127545
9074,LOAD,116522126,4291.030529257594
9075,LOAD,114464494,4368.1667784247575
9076,LOAD,112351134,4450.333362901348
9077,LOAD,113994589,4386.173101602217
9078,LOAD,114421514,4369.807587059196
9079,LOAD,111580000,4481.089801039613
9080,LOAD,120074554,4164.0795934166035
9081,LOAD,119086223,4198.638494059888
9082,LOAD,106618114,4689.634633754636
9083,LOAD,115239225,4338.800438826276
9084,LOAD,117449514,4257.148309698412
9085,LOAD,118922639,4204.41392996669
9086,LOAD,117452369,4257.044828103893
9087,LOAD,114669700,4360.349769817135
9088,LOAD,120800791,4139.045745155759
9089,LOAD,113627520,4400.342452251004
9090,LOAD,107942115,4632.112313159696
9091,LOAD,117892097,4241.166394724491
9092,LOAD,115885315,4314.610526795393
9093,LOAD,115995793,4310.501157572154
9094,LOAD,114863946,4352.975998230115
9095,LOAD,111735829,4474.840384457165
9096,LOAD,112842606,4430.950486910946
9097,LOAD,112387761,4448.883006041912
9098,LOAD,113204202,4416.797178606497
9099,LOAD,118136767,4232.382624792839
9100,LOAD,114738402,4357.738919877933
9101,LOAD,117946200,4239.220932933829
9102,LOAD,106293588,4703.952603425148
9103,LOAD,114376447,4371.529393634688
9104,LOAD,119733897,4175.926888941066
9105,LOAD,114428876,4369.526447153077
9106,LOAD,122144272,4093.519833660313
9107,LOAD,118513998,4218.910917172839
9108,LOAD,112619146,4439.742421772582
9109,LOAD,118736470,4211.0061045271095
9110,LOAD,116235343,4301.617624167892
9111,LOAD,114025489,4384.984483600856
9112,LOAD,117279635,4263.314769013393
9113,LOAD,118276888,4227.368579396509
9114,LOAD,109730407,4556.622122070503
9115,LOAD,121522849,4114.452583316245
9116,LOAD,111164990,4497.818962606842
9117,LOAD,119956031,4168.19392765671
9118,LOAD,115998912,4310.385256027229
9119,LOAD,115893062,4314.322111879312
9120,LOAD,114719200,4358.46832962573
9121,LOAD,116778762,4281.600450602482
9122,LOAD,111485233,4484.898910333712
9123,LOAD,115856389,4315.687760646501
9124,LOAD,112178449,4457.184106726239
9125,LOAD,117813891,4243.981721985569
9126,LOAD,114463349,4368.210474079348
9127,LOAD,108537366,4606.708439930263
9128,LOAD,115269478,4337.661700871067
9129,LOAD,117775698,4245.357985481861
9130,LOAD,114818694,4354.691580101059
9131,LOAD,118323319,4225.709726753016
9132,LOAD,117039927,4272.046410281852
9133,LOAD,111855322,4470.0599941056
9134,LOAD,119094493,4198.346937838679
9135,LOAD,118106570,4233.464742901263
9136,LOAD,126514321,3952.121752287632
9137,LOAD,112453638,4446.276784749285
9138,LOAD,122618215,4077.697591666948
9139,LOAD,120049634,4164.943976422286
9140,LOAD,113728309,4396.442753756235
9141,LOAD,118307389,4226.27871535564
9142,LOAD,119450173,4185.8457584653315
9143,LOAD,109540772,4564.510463738561
9144,LOAD,116603184,4288.047571668369
9145,LOAD,107668696,4643.875319154975
9146,LOAD,113933885,4388.510055634459
9147,LOAD,120679559,4143.203738422677
9148,LOAD,112883272,4429.354244798999
9149,LOAD,113576449,4402.321118526957
9150,LOAD,120799491,4139.090288054276
9151,LOAD,114734862,4357.873372436706
9152,LOAD,115751493,4319.598711353122
9153,LOAD,110537047,4523.370341167157
9154,LOAD,122499509,4081.6490129768604
9155,LOAD,121247286,4123.803645386339
9156,LOAD,116835672,4279.51490705681
9157,LOAD,116668108,4285.661339429624
9158,LOAD,111806193,4472.024192792254
9159,LOAD,112745786,4434.755548202928
9160,LOAD,122661255,4076.2667885633487
9161,LOAD,115514372,4328.465725459686
9162,LOAD,119017056,4201.078541213455
9163,LOAD,114204344,4378.11717564789
9164,LOAD,117173136,4267.189708057314
9165,LOAD,118486046,4219.906198912233
9166,LOAD,112265132,4453.742592134484
9167,LOAD,122120704,4094.3098395502207
9168,LOAD,117135546,4268.559093069835
9169,LOAD,113087053,4421.37262167403
9170,LOAD,113007774,4424.474372886948
9171,LOAD,120690600,4142.824710457981
9172,LOAD,114388352,4371.074425479965
9173,LOAD,119948824,4168.444369242003
9174,LOAD,106799440,4681.67248817035
9175,LOAD,118469778,4220.485666817069
9176,LOAD,115105082,4343.856859421724
9177,LOAD,110671537,4517.873461900145
9178,LOAD,116983791,4274.0964002440305
9179,LOAD,112957547,4426.441732131452
9180,LOAD,111680117,4477.072673553879
9181,LOAD,113999814,4385.972068340392
9182,LOAD,116807968,4280.529903576441
9183,LOAD,114152606,4380.101493258945
9184,LOAD,118162627,4231.456363948307
9185,LOAD,113002445,4424.683023451395
9186,LOAD,112005629,4464.0613553449175
9187,LOAD,114923731,4350.711516666649
9188,LOAD,114392084,4370.931820771794
9189,LOAD,114226983,4377.249463027488
9190,LOAD,111855023,4470.071943036479
9191,LOAD,117922812,4240.061710875754
9192,LOAD,118782654,4209.3688191206775
9193,LOAD,116872177,4278.178201472195
9194,LOAD,116130373,4305.505847294575
9195,LOAD,114047352,4384.143877360694
9196,LOAD,114271920,4375.528126244838
9197,LOAD,116307653,4298.943251825398
9198,LOAD,113185404,4417.5307268417755
9199,LOAD,109834746,4552.293497360116
9200,LOAD,114017554,4385.289654608799
9201,LOAD,113959847,4387.51027807189
9202,LOAD,115003429,4347.696449990201
9203,LOAD,116122330,4305.804060252666
9204,LOAD,115816198,4317.1854078649685
9205,LOAD,115454051,4330.727208523848
9206,LOAD,110523463,4523.926290655587
9207,LOAD,120948517,4133.990332432104
9208,LOAD,110689098,4517.156694148867
9209,LOAD,117960893,4238.692903079328
9210,LOAD,117879712,4241.611991722545
9211,LOAD,124074034,4029.852047850721
9212,LOAD,119106925,4197.908727809067
9213,LOAD,122724222,4074.175349019528
9214,LOAD,115330819,4335.35462884383
9215,LOAD,113822267,4392.813578383569
9216,LOAD,116473684,4292.815190768758
9217,LOAD,114443888,4368.953281279643
9218,LOAD,118192915,4230.372015107674
9219,LOAD,121164227,4126.630544178687
9220,LOAD,111483246,4484.978846059075
9221,LOAD,133528566,3744.5171095449346
9222,LOAD,116465762,4293.107188016337
9223,LOAD,122918803,4067.725911714256
9224,LOAD,118545357,4217.794881667107
9225,LOAD,112126056,4459.266809491632
9226,LOAD,112182371,4457.028279425472
9227,LOAD,114107774,4381.822398884059
9228,LOAD,111876369,4469.219053757457
9229,LOAD,116591604,4288.473465036127
9230,LOAD,114146798,4380.32436091637
9231,LOAD,110748747,4514.7237647754155
9232,LOAD,122755420,4073.1399069792606
9233,LOAD,115991902,4310.645755252811
9234,LOAD,112094227,4460.533012105967
9235,LOAD,119355865,4189.153168132962
9236,LOAD,116777075,4281.662304009584
9237,LOAD,118949457,4203.466014981473
9238,LOAD,111848609,4470.32828097129
9239,LOAD,113420548,4408.372281890227
9240,LOAD,115362414,4334.167279127845
9241,LOAD,114270309,4375.589813098344
9242,LOAD,116294638,4299.424363830085
9243,LOAD,120632434,4144.822278890601
9244,LOAD,121439961,4117.260874285031
9245,LOAD,115877911,4314.886208122961
9246,LOAD,116155435,4304.576880108968
9247,LOAD,111876637,4469.208347762545
9248,LOAD,118620587,4215.11992686396
9249,LOAD,117467634,4256.491622194416
9250,LOAD,116756861,4282.403583974393
9251,LOAD,118211583,4229.703953799519
9252,LOAD,116949667,4275.343511666433
9253,LOAD,113035072,4423.405861147238
9254,LOAD,116764658,4282.117625009444
9255,LOAD,112834674,4431.261971829688
9256,LOAD,117561074,4253.10847364324
9257,LOAD,120841586,4137.648441654846
9258,LOAD,122966665,4066.1426411784037
9259,LOAD,117035938,4272.19201678035
9260,LOAD,108732227,4598.452674017244
9261,LOAD,118436676,4221.665255110672
9262,LOAD,113986698,4386.476744856668
9263,LOAD,119161340,4195.991753701326
9264,LOAD,110278043,4533.994133356175
9265,LOAD,118928394,4204.2104764317255
9266,LOAD,119367768,4188.735438196348
9267,LOAD,112691555,4436.889703048289
9268,LOAD,116495161,4292.023769124625
9269,LOAD,115816191,4317.185668798242
9270,LOAD,111165838,4497.7846521518595
9271,LOAD,112500704,4444.416632272808
9272,LOAD,119604776,4180.43506891397
9273,LOAD,114694348,4359.412723633077
9274,LOAD,111689530,4476.695353628939
9275,LOAD,114071493,4383.216059072708
9276,LOAD,121462332,4116.502554882612
9277,LOAD,111388020,4488.813069843597
9278,LOAD,116219489,4302.204426316141
9279,LOAD,111309843,4491.965728493571
9280,LOAD,121520131,4114.544609896775
9281,LOAD,118123149,4232.870561214043
9282,LOAD,112477938,4445.316200586821
9283,LOAD,114890673,4351.963366077593
9284,LOAD,112792997,4432.899322641459
9285,LOAD,115239536,4338.788729590165
9286,LOAD,120993277,4132.46101268916
9287,LOAD,114196213,4378.428906394645
9288,LOAD,117065842,4271.100702457682
9289,LOAD,115444204,4331.09660490188
9290,LOAD,110562773,4522.317832965351
9291,LOAD,115406445,4332.513665073038
9292,LOAD,117517382,4254.689744534983
9293,LOAD,114672178,4360.25554515935
9294,LOAD,114529460,4365.688967711888
9295,LOAD,116234881,4301.634721852556
9296,LOAD,114836367,4354.0214050832865
9297,LOAD,110480931,4525.667872947232
9298,LOAD,109687006,4558.425088200511
9299,LOAD,115703787,4321.379731503516
9300,LOAD,116105788,4306.4175233021115
9301,LOAD,113813337,4393.158246471589
9302,LOAD,110960885,4506.092394630775
9303,LOAD,112695741,4436.724898059812
9304,LOAD,112488519,4444.898061107907
9305,LOAD,117880003,4241.601520827922
9306,LOAD,116847308,4279.088740324253
9307,LOAD,114671736,4360.272351680453
9308,LOAD,114151093,4380.159548713213
9309,LOAD,118566603,4217.039093209071
9310,LOAD,115010864,4347.415388514949
9311,LOAD,116167120,4304.143892006619
9312,LOAD,113774280,4394.666351656982
9313,LOAD,114800257,4355.390946555111
9314,LOAD,110623198,4519.847636297768
9315,LOAD,120623194,4145.139781325969
9316,LOAD,115782314,4318.448843577266
9317,LOAD,113828095,4392.588666269079
9318,LOAD,114460681,4368.31229407066
9319,LOAD,116470948,4292.916032588659
9320,LOAD,115173253,4341.285732373991
9321,LOAD,116498524,4291.8998699073645
9322,LOAD,116953064,4275.21933072228
9323,LOAD,117940242,4239.435086117595
9324,LOAD,114194272,4378.503328082866
9325,LOAD,111333743,4491.001438800095
9326,LOAD,113671543,4398.638276600152
9327,LOAD,114516430,4366.185708024604
9328,LOAD,117198706,4266.258707668667
9329,LOAD,111539197,4482.7290625016785
9330,LOAD,114758918,4356.959866073327
9331,LOAD,116880497,4277.873664414688
9332,LOAD,114790424,4355.764031327212
9333,LOAD,118707118,4212.047334853163
9334,LOAD,112157418,4458.019887726017
9335,LOAD,114630881,4361.826373819808
9336,LOAD,114245933,4376.523407620995
9337,LOAD,113038565,4423.269173666527
9338,LOAD,116847537,4279.080354085683
9339,LOAD,115017465,4347.1658847636745
9340,LOAD,114811543,4354.9628106644295
9341,LOAD,114686242,4359.720846027895
9342,LOAD,112641173,4438.874229408104
9343,LOAD,115804914,4317.606073262142
9344,LOAD,113200445,4416.943767314696
9345,LOAD,120687066,4142.946022070004
9346,LOAD,112439480,4446.8366449222285
9347,LOAD,118001175,4237.245942678113
9348,LOAD,111930854,4467.043555300668
9349,LOAD,117268428,4263.722201511902
9350,LOAD,116777590,4281.64342148181
9351,LOAD,115364029,4334.106604407862
9352,LOAD,117326516,4261.611245662489
9353,LOAD,117346900,4260.870973157365
9354,LOAD,116597873,4288.242891017403
9355,LOAD,111145579,4498.604483404599
9356,LOAD,113409700,4408.793956777948
9357,LOAD,111477057,4485.227843788521
9358,LOAD,113666972,4398.815163300031
9359,LOAD,114889304,4352.015223279619
9360,LOAD,114284715,4375.038254240736
9361,LOAD,114190236,4378.658084216588
9362,LOAD,122603677,4078.1811136055894
9363,LOAD,119122737,4197.351509812942
9364,LOAD,112948856,4426.78233057978
9365,LOAD,114993213,4348.08269945462
9366,LOAD,112515660,4443.825863884192
9367,LOAD,115790469,4318.144699802538
9368,LOAD,118271264,4227.5695979709835
9369,LOAD,113810066,4393.284509649612
9370,LOAD,111418241,4487.595527558185
9371,LOAD,119981387,4167.313051648585
9372,LOAD,111450379,4486.301477718617
9373,LOAD,127865277,3910.3657516027597
9374,LOAD,113571485,4402.513535858055
9375,LOAD,111403543,4488.187597408818
9376,LOAD,118122625,4232.889338515801
9377,LOAD,111972728,4465.373032619157
9378,LOAD,118483811,4219.985800422979
9379,LOAD,116194781,4303.119259719591
9380,LOAD,110621310,4519.924777603881
9381,LOAD,118702751,4212.202293441371
9382,LOAD,115299336,4336.538416838758
9383,LOAD,112397187,4448.509907992627
9384,LOAD,118598420,4215.907766730788
9385,LOAD,113254282,4414.844111589529
9386,LOAD,115049593,4345.951923532663
9387,LOAD,112039038,4462.730213731395
9388,LOAD,117864782,4242.149279162965
9389,LOAD,116331518,4298.0613388024385
9390,LOAD,120080579,4163.870662215911
9391,LOAD,116045789,4308.644064628661
9392,LOAD,121405622,4118.4254218474325
9393,LOAD,114531277,4365.619707531943
9394,LOAD,116749894,4282.65913457703
9395,LOAD,117869133,4241.99268522659
9396,LOAD,118628314,4214.845369883618
9397,LOAD,113522821,4404.400768018265
9398,LOAD,122402191,4084.894199320337
9399,LOAD,117908452,4240.578105461006
9400,LOAD,118302349,4226.45876625831
9401,LOAD,116962100,4274.88904525483
9402,LOAD,114741344,4357.62718623899
9403,LOAD,116838358,4279.416525179171
9404,LOAD,118813491,4208.276314345481
9405,LOAD,116587761,4288.614822957274
9406,LOAD,111439061,4486.757116519494
9407,LOAD,115768036,4318.9814501128785
9408,LOAD,115043177,4346.194298858766
9409,LOAD,122543672,4080.17804460764
9410,LOAD,120135584,4161.964202046915
9411,LOAD,119167947,4195.759116333522
9412,LOAD,122246722,4090.089221369879
9413,LOAD,113667578,4398.791711740352
9414,LOAD,114469839,4367.962813331117
9415,LOAD,123427088,4050.9746126393256
9416,LOAD,112640841,4438.887312640004
9417,LOAD,116674137,4285.439882876529
9418,LOAD,111666059,4477.636306659663
9419,LOAD,119571240,4181.607550444404
9420,LOAD,116815417,4280.256945878984
9421,LOAD,111424933,4487.3260098796745
9422,LOAD,115467993,4330.204301723682
9423,LOAD,113841089,4392.087289326616
9424,LOAD,117698063,4248.158272579219
9425,LOAD,110926283,4507.49801108904
9426,LOAD,113262889,4414.508621619214
9427,LOAD,124025145,4031.44055989614
9428,LOAD,114672843,4360.230259574187
9429,LOAD,118333504,4225.346018655883
9430,LOAD,115286453,4337.023015184621
9431,LOAD,112160443,4457.899653623872
9432,LOAD,112552462,4442.372837655031
9433,LOAD,118430283,4221.89314535371
9434,LOAD,114987362,4348.30394665459
9435,LOAD,114713889,4358.670117094539
9436,LOAD,114578647,4363.814838902749
9437,LOAD,113314628,4412.492974869935
9438,LOAD,119648627,4178.902947210585
9439,LOAD,112764798,4434.007854117736
9440,LOAD,119884060,4170.696254364425
9441,LOAD,115285542,4337.057286853888
9442,LOAD,120131662,4162.100079827414
9443,LOAD,115574935,4326.197544476231
9444,LOAD,117736707,4246.763925544478
9445,LOAD,117064519,4271.148972132196
9446,LOAD,114284903,4375.031057251717
9447,LOAD,115845504,4316.093268496635
9448,LOAD,111141773,4498.758536090656
9449,LOAD,118144739,4232.097038193127
9450,LOAD,110723539,4515.75161447829
9451,LOAD,117200251,4266.202467433282
9452,LOAD,114562096,4364.445287383708
9453,LOAD,119072033,4199.138852361747
9454,LOAD,115288495,4336.946197450145
9455,LOAD,121772872,4106.004825114086
9456,LOAD,111683923,4476.920102457361
9457,LOAD,119576400,4181.427104345004
9458,LOAD,121458842,4116.620838522403
9459,LOAD,113987104,4386.461121075591
9460,LOAD,115550890,4327.097783496086
9461,LOAD,120540496,4147.983595488108
9462,LOAD,113882005,4390.509281953721
9463,LOAD,120133336,4162.0420829735385
9464,LOAD,113915993,4389.199328666696
9465,LOAD,114545357,4365.083082328689
9466,LOAD,116775943,4281.703809490967
9467,LOAD,117209258,4265.874629118462
9468,LOAD,117104514,4269.690235852053
9469,LOAD,116281564,4299.907765258472
9470,LOAD,112110312,4459.893038206869
9471,LOAD,119138710,4196.788768318878
9472,LOAD,111551869,4482.219836227038
9473,LOAD,120462138,4150.681768573624
9474,LOAD,120326640,4155.355788211156
9475,LOAD,114651358,4361.04734145408
9476,LOAD,116709730,4284.132951040157
9477,LOAD,114938684,4350.145508887155
9478,LOAD,116694503,4284.691970452113
9479,LOAD,115479762,4329.762993449883
9480,LOAD,113741278,4395.941462869795
9481,LOAD,114493159,4367.073145392032
9482,LOAD,117933772,4239.6676670360375
9483,LOAD,109334041,4573.1411317724915
9484,LOAD,115293119,4336.772257848276
9485,LOAD,123001165,4065.002148556886
9486,LOAD,119016997,4201.080623803674
9487,LOAD,113651732,4399.405017426395
9488,LOAD,113097862,4420.9500618146085
9489,LOAD,116097574,4306.722205926543
9490,LOAD,113238433,4415.4620189772495
9491,LOAD,113934382,4388.49091225158
9492,LOAD,115295049,4336.699661752171
9493,LOAD,114480402,4367.55978547315
9494,LOAD,115029293,4346.718883163091
9495,LOAD,115405638,4332.543961153787
9496,LOAD,116171376,4303.986207411368
9497,LOAD,112393967,4448.637354351947
9498,LOAD,114608042,4362.695595131099
9499,LOAD,117884407,4241.443060404078
9500,LOAD,113800975,4393.635467534438
9501,LOAD,115884856,4314.627616226231
9502,LOAD,114036009,4384.579961931147
9503,LOAD,117177089,4267.045753287146
9504,LOAD,116574201,4289.113677905457
9505,LOAD,116708623,4284.173586728034
9506,LOAD,121060210,4130.176215620309
9507,LOAD,114235708,4376.915141104566
9508,LOAD,114419779,4369.8738484716005
9509,LOAD,116211572,4302.497517200783
9510,LOAD,115113628,4343.534372837245
9511,LOAD,113057958,4422.510443714188
9512,LOAD,484842686,1031.2623340264226
9513,LOAD,123225666,4057.596247846613
9514,LOAD,127118727,3933.330767228341
9515,LOAD,115835563,4316.463675322232
9516,LOAD,118473156,4220.365329003306
9517,LOAD,117376765,4259.786849637576
9518,LOAD,118803830,4208.618526860624
9519,LOAD,122016022,4097.822497442181
9520,LOAD,115207904,4339.980006927302
9521,LOAD,112355083,4450.176944820556
9522,LOAD,117784921,4245.025558067828
9523,LOAD,115536078,4327.652527723851
9524,LOAD,130522981,3830.74303214083
9525,LOAD,118021188,4236.527427600543
9526,LOAD,114145492,4380.374478564602
9527,LOAD,122563175,4079.528781789473
9528,LOAD,113858818,4391.403395738747
9529,LOAD,115138185,4342.607971456212
9530,LOAD,109301265,4574.512472476874
9531,LOAD,116484957,4292.399747376822
9532,LOAD,107690528,4642.933870655736
9533,LOAD,116446691,4293.810289551294
9534,LOAD,105091665,4757.751245067818
9535,LOAD,114380870,4371.360350729978
9536,LOAD,115767975,4318.983725853372
9537,LOAD,115369976,4333.883193318858
9538,LOAD,115188976,4340.693157998036
9539,LOAD,118466344,4220.6080066081895
9540,LOAD,117341038,4261.083833262153
9541,LOAD,111310019,4491.958625934652
9542,LOAD,115505694,4328.790925233521
9543,LOAD,118415831,4222.408404160083
9544,LOAD,123595359,4045.4593444726356
9545,LOAD,123700830,4042.010065736826
9546,LOAD,111992912,4464.568257676879
9547,LOAD,114172836,4379.325394001775
9548,LOAD,119925008,4169.272183830081
9549,LOAD,118078754,4234.462026928231
9550,LOAD,115294263,4336.729226501062
9551,LOAD,119367261,4188.75322941355
9552,LOAD,117875665,4241.757618080033
9553,LOAD,120627422,4144.994493872214
9554,LOAD,116232351,4301.728354440667
9555,LOAD,117472434,4256.317699180388
9556,LOAD,107780578,4639.054728394572
9557,LOAD,119481427,4184.750823238829
9558,LOAD,115339619,4335.023856806741
9559,LOAD,113352200,4411.030399057098
9560,LOAD,119243494,4193.100883139167
9561,LOAD,116971248,4274.554717925212
9562,LOAD,113034739,4423.418892487557
9563,LOAD,118484953,4219.945126703135
9564,LOAD,108376287,4613.555361976924
9565,LOAD,119651884,4178.789194827889
9566,LOAD,114949721,4349.727825785675
9567,LOAD,117925717,4239.95726055242
9568,LOAD,118695978,4212.442649067688
9569,LOAD,115003419,4347.696828039521
9570,LOAD,115173967,4341.25881936497
9571,LOAD,116510806,4291.447438789497
9572,LOAD,113005439,4424.565794572065
9573,LOAD,113508673,4404.949743355734
9574,LOAD,116467628,4293.038405487231
9575,LOAD,115683204,4322.148615455015
9576,LOAD,117684215,4248.658156915946
9577,LOAD,117871261,4241.916102008953
9578,LOAD,117884269,4241.44802560552
9579,LOAD,113426116,4408.155878316419
9580,LOAD,115948286,4312.267280949715
9581,LOAD,117617813,4251.056768076448
9582,LOAD,121943586,4100.2566547452525
9583,LOAD,113656790,4399.209233341888
9584,LOAD,117830639,4243.37849852448
9585,LOAD,113692431,4397.83014227218
9586,LOAD,108165373,4622.551433350117
9587,LOAD,111407395,4488.032414724355
9588,LOAD,112434012,4447.052907798043
9589,LOAD,113319426,4412.306147756167
9590,LOAD,114079717,4382.900073288226
9591,LOAD,113123155,4419.9615896497935
9592,LOAD,105895114,4721.653163336695
9593,LOAD,116104296,4306.47286298519
9594,LOAD,115763822,4319.138668382942
9595,LOAD,122135389,4093.817558480122
9596,LOAD,115400548,4332.7350577226025
9597,LOAD,116348405,4297.437511068588
9598,LOAD,114755180,4357.101788346286
9599,LOAD,115981307,4311.0395367419
9600,LOAD,114750783,4357.268742994111
9601,LOAD,117701496,4248.034366530056
9602,LOAD,113957703,4387.592824681628
9603,LOAD,119564171,4181.854779890541
9604,LOAD,116723213,4283.638079770817
9605,LOAD,118007774,4237.008995695487
9606,LOAD,114536507,4365.420363308268
9607,LOAD,120431506,4151.737502975343
9608,LOAD,115674698,4322.466439462846
9609,LOAD,118379367,4223.709018481236
9610,LOAD,115113533,4343.537957435465
9611,LOAD,114847408,4353.602825759898
9612,LOAD,114316296,4373.82960693548
9613,LOAD,118763406,4210.051032049384
9614,LOAD,118711670,4211.885823862136
9615,LOAD,115639017,4323.800158211307
9616,LOAD,119575777,4181.448889936964
9617,LOAD,114361067,4372.117304571843
9618,LOAD,117307912,4262.287099611832
9619,LOAD,119444253,4186.05322099507
9620,LOAD,121769870,4106.10605070039
9621,LOAD,113440798,4407.585355667191
9622,LOAD,121239007,4124.085245930792
9623,LOAD,117818771,4243.805938189595
9624,LOAD,111244291,4494.612671853875
9625,LOAD,116838775,4279.401251853248
9626,LOAD,113663818,4398.937223805028
9627,LOAD,115113094,4343.554522129342
9628,LOAD,123379434,4052.539258690391
9629,LOAD,115558157,4326.825669260198
9630,LOAD,113758470,4395.277116508336
9631,LOAD,115712196,4321.065689566552
9632,LOAD,118637137,4214.531913392347
9633,LOAD,114072804,4383.1656842589755
9634,LOAD,114097970,4382.19891204024
9635,LOAD,121954895,4099.876433824161
9636,LOAD,117675053,4248.988950954626
9637,LOAD,111126510,4499.376431420369
9638,LOAD,123047798,4063.46158262824
9639,LOAD,121455621,4116.7300112030225
9640,LOAD,113470805,4406.419783485277
9641,LOAD,117983632,4237.87597927143
9642,LOAD,116378550,4296.324365615485
9643,LOAD,116192407,4303.207179450203
9644,LOAD,124068853,4030.0203307271645
9645,LOAD,118805083,4208.574139879183
9646,LOAD,118706049,4212.085266185551
9647,LOAD,109393413,4570.659112720069
9648,LOAD,113841093,4392.087135003175
9649,LOAD,118433438,4221.780676501176
9650,LOAD,114021482,4385.1385829207165
9651,LOAD,116426219,4294.565298904021
9652,LOAD,114547248,4365.011021478229
9653,LOAD,115491996,4329.304344172907
9654,LOAD,110724408,4515.716173438471
9655,LOAD,113342461,4411.409418752606
9656,LOAD,110801455,4512.576120954369
9657,LOAD,113855019,4391.549923679693
9658,LOAD,120187794,4160.156230174255
9659,LOAD,113997772,4386.050632638679
9660,LOAD,117083294,4270.464068084726
9661,LOAD,114030030,4384.809861051514
9662,LOAD,111235745,4494.957983155504
9663,LOAD,115243686,4338.632486989352
9664,LOAD,110211916,4536.714523681812
9665,LOAD,115010091,4347.444608143124
9666,LOAD,120645330,4144.379231255782
9667,LOAD,114205071,4378.089305684158
9668,LOAD,112253185,4454.216599733896
9669,LOAD,119487119,4184.551474540113
9670,LOAD,112715833,4435.934035992974
9671,LOAD,111404685,4488.141589377503
9672,LOAD,113796547,4393.806430699518
9673,LOAD,116111335,4306.211792328458
9674,LOAD,110562163,4522.34278376048
9675,LOAD,111199640,4496.417434444931
9676,LOAD,121016145,4131.680115905196
9677,LOAD,112153794,4458.163938707236
9678,LOAD,123290268,4055.4701365398932
9679,LOAD,116896622,4277.283564276134
9680,LOAD,111718259,4475.544145384507
9681,LOAD,114695252,4359.37836380533
9682,LOAD,111266255,4493.725433645628
9683,LOAD,112861716,4430.20022839277
9684,LOAD,116821273,4280.042385773351
9685,LOAD,115371028,4333.8436752076095
9686,LOAD,109895847,4549.762467366032
9687,LOAD,113996102,4386.114886630071
9688,LOAD,113373757,4410.191681307694
9689,LOAD,111504918,4484.10714942636
9690,LOAD,112141285,4458.661232569254
9691,LOAD,121178179,4126.15541945056
9692,LOAD,117112944,4269.382895882115
9693,LOAD,116885527,4277.689572294096
9694,LOAD,116447901,4293.765672942443
9695,LOAD,110770292,4513.84564373993
9696,LOAD,114635354,4361.656178075745
9697,LOAD,114241767,4376.683004211586
9698,LOAD,113093292,4421.128708500235
9699,LOAD,111817362,4471.577499744628
9700,LOAD,117243595,4264.625287206521
9701,LOAD,109782245,4554.470533919214
9702,LOAD,120041732,4165.218142637262
9703,LOAD,116174288,4303.878324608281
9704,LOAD,109678167,4558.792453196268
9705,LOAD,117119495,4269.144090827919
9706,LOAD,120253276,4157.890883571437
9707,LOAD,119128641,4197.1434896164055
9708,LOAD,116889816,4277.532612421941
9709,LOAD,112671969,4437.6609767066375
9710,LOAD,114110403,4381.721445677481
9711,LOAD,122522103,4080.8963261102367
9712,LOAD,120175194,4160.592409778011
9713,LOAD,114698373,4359.259742943345
9714,LOAD,114354730,4372.359586700087
9715,LOAD,117914380,4240.364915627763
9716,LOAD,118035081,4236.028778596763
9717,LOAD,118861002,4206.594186375781
9718,LOAD,115100545,4344.028084315326
9719,LOAD,112864741,4430.081490197191
9720,LOAD,115429161,4331.661043607516
9721,LOAD,116741372,4282.97176428593
9722,LOAD,117757323,4246.020436453026
9723,LOAD,114833740,4354.1210100794415
9724,LOAD,115499900,4329.00807706327
9725,LOAD,119083444,4198.736475911798
9726,LOAD,114390520,4370.991582169571
9727,LOAD,120365730,4154.006293984176
9728,LOAD,112887323,4429.19529591467
9729,LOAD,116354564,4297.210034666109
9730,LOAD,122276337,4089.098612759393
9731,LOAD,110885585,4509.152384414981
9732,LOAD,117573652,4252.653477158301
9733,LOAD,113417895,4408.475399759447
9734,LOAD,110863851,4510.036368843078
9735,LOAD,122945592,4066.8395821787576
9736,LOAD,119924968,4169.273574456989
9737,LOAD,118712300,4211.863471603196
9738,LOAD,114731279,4358.009466625052
9739,LOAD,117574249,4252.631883704399
9740,LOAD,113700323,4397.5248865388
9741,LOAD,113179507,4417.760893763215
9742,LOAD,111472717,4485.402468480247
9743,LOAD,118515857,4218.844740750598
9744,LOAD,120742287,4141.051262346886
9745,LOAD,119757218,4175.113687093165
9746,LOAD,114358665,4372.209136928977
9747,LOAD,118176241,4230.96889670065
9748,LOAD,113952340,4387.799320312334
9749,LOAD,115289044,4336.925545154143
9750,LOAD,122518578,4081.013738177732
9751,LOAD,113832852,4392.405102878386
9752,LOAD,110917942,4507.836973751279
9753,LOAD,116606218,4287.93600011965
9754,LOAD,111908362,4467.941367956043
9755,LOAD,110988674,4504.964173191222
9756,LOAD,115354316,4334.471542443197
9757,LOAD,115266102,4337.788745558516
9758,LOAD,112293867,4452.602919089072
9759,LOAD,121680061,4109.136664551803
9760,LOAD,113797178,4393.782067249505
9761,LOAD,115527546,4327.972135753667
9762,LOAD,121089617,4129.173189143046
9763,LOAD,120576115,4146.758253075246
9764,LOAD,118333184,4225.357444958127
9765,LOAD,114503928,4366.662425764119
9766,LOAD,115291457,4336.834775190671
9767,LOAD,113077156,4421.759599259818
9768,LOAD,114470693,4367.930226472901
9769,LOAD,111763002,4473.752414059171
9770,LOAD,117987947,4237.720993653699
9771,LOAD,116439153,4294.088260844701
9772,LOAD,115814499,4317.24874102335
9773,LOAD,114253308,4376.240904989814
9774,LOAD,115804035,4317.63884565853
9775,LOAD,114479945,4367.5772206214815
9776,LOAD,114429514,4369.502084925398
9777,LOAD,114367985,4371.852839761057
9778,LOAD,117201070,4266.172655249649
9779,LOAD,114350017,4372.539795949484
9780,LOAD,120465999,4150.548736992585
9781,LOAD,113826001,4392.669474525421
9782,LOAD,115658365,4323.076847921895
9783,LOAD,112910220,4428.297101892105
9784,LOAD,115891129,4314.394072388405
9785,LOAD,120785516,4139.5691847688095
9786,LOAD,121724879,4107.6237175803635
9787,LOAD,114906450,4351.365828463067
9788,LOAD,111391488,4488.673317659604
9789,LOAD,118927313,4204.248690963025
9790,LOAD,111061319,4502.017484593353
9791,LOAD,117978694,4238.053355633857
9792,LOAD,118148730,4231.954080251222
9793,LOAD,110639087,4519.198536047211
9794,LOAD,120586353,4146.4061857812385
9795,LOAD,116733103,4283.275156319625
9796,LOAD,111404197,4488.16124943659
9797,LOAD,119579104,4181.332551212292
9798,LOAD,116040713,4308.832538800412
9799,LOAD,116632312,4286.976665608755
9800,LOAD,111914047,4467.714405860062
9801,LOAD,116605322,4287.96894879292
9802,LOAD,114994572,4348.031314034544
9803,LOAD,114759555,4356.9356817390935
9804,LOAD,116901318,4277.111743085737
9805,LOAD,112142303,4458.620757948943
9806,LOAD,115641544,4323.705674493589
9807,LOAD,113150400,4418.89732603685
9808,LOAD,116810606,4280.4332339479515
9809,LOAD,118059942,4235.136757902184
9810,LOAD,111054917,4502.27701309254
9811,LOAD,114253652,4376.227728808178
9812,LOAD,111266067,4493.733026440128
9813,LOAD,117013933,4272.995421835791
9814,LOAD,111018150,4503.768077562092
9815,LOAD,112450513,4446.4003467907705
9816,LOAD,115660289,4323.004933871469
9817,LOAD,115709203,4321.177460707252
9818,LOAD,120622338,4145.169197433398
9819,LOAD,113334264,4411.728477806147
9820,LOAD,113462856,4406.728489189449
9821,LOAD,116253680,4300.939118658437
9822,LOAD,108933223,4589.967929251483
9823,LOAD,117090578,4270.198409986498
9824,LOAD,110379359,4529.832429992641
9825,LOAD,111601230,4480.237359391111
9826,LOAD,112991139,4425.125761410371
9827,LOAD,107768340,4639.5815320158035
9828,LOAD,129971093,3847.0092730542788
9829,LOAD,119654843,4178.685855615556
9830,LOAD,117785780,4244.9945995178705
9831,LOAD,115488736,4329.426551174653
9832,LOAD,119104620,4197.98996881901
9833,LOAD,110846205,4510.75433750754
9834,LOAD,113048524,4422.879506149059
9835,LOAD,115572135,4326.302356532567
9836,LOAD,110525275,4523.852123417019
9837,LOAD,118503715,4219.277007476095
9838,LOAD,113790207,4394.051238521783
9839,LOAD,111214909,4495.800108958413
9840,LOAD,111968346,4465.547789729787
9841,LOAD,109969377,4546.720311055322
9842,LOAD,109404162,4570.210043745868
9843,LOAD,119920439,4169.431034187592
9844,LOAD,114022602,4385.095509397338
9845,LOAD,112953998,4426.580810357859
9846,LOAD,109096647,4583.092274137444
9847,LOAD,109710680,4557.441445080825
9848,LOAD,116692264,4284.774181774381
9849,LOAD,114837569,4353.975831724546
9850,LOAD,109465234,4567.660267368542
9851,LOAD,115574519,4326.213116231961
9852,LOAD,107922141,4632.969614640984
9853,LOAD,113737686,4396.0802930349755
9854,LOAD,111346520,4490.4860969161855
9855,LOAD,116956990,4275.075820607217
9856,LOAD,114874083,4352.591872267655
9857,LOAD,111557041,4482.012031853731
9858,LOAD,112896147,4428.849108552837
9859,LOAD,105617683,4734.055754659947
9860,LOAD,111921855,4467.402724874422
9861,LOAD,114809680,4355.033478013352
9862,LOAD,109969195,4546.727835918049
9863,LOAD,116679610,4285.238869070611
9864,LOAD,114252752,4376.262201544169
9865,LOAD,105344650,4746.3255134456285
9866,LOAD,117527922,4254.308180484974
9867,LOAD,103449021,4833.2985190841
9868,LOAD,123312740,4054.731084557848
9869,LOAD,111459991,4485.914591541641
9870,LOAD,106907569,4676.937327047442
9871,LOAD,111584237,4480.919648175754
9872,LOAD,110780889,4513.413861482913
9873,LOAD,117870348,4241.948959037602
9874,LOAD,118116979,4233.091670927344
9875,LOAD,121398297,4118.673921760204
9876,LOAD,121738286,4107.171346243531
9877,LOAD,112610326,4440.090156563439
9878,LOAD,112108647,4459.9592750414695
9879,LOAD,115052033,4345.859755472552
9880,LOAD,113115452,4420.262582692946
9881,LOAD,119740419,4175.699435292606
9882,LOAD,116479615,4292.596605852449
9883,LOAD,117284179,4263.149593262703
9884,LOAD,105876572,4722.480059139051
9885,LOAD,117987421,4237.739885847661
9886,LOAD,118036388,4235.981873657469
9887,LOAD,118084093,4234.270571905057
9888,LOAD,118298201,4226.60696251839
9889,LOAD,103612238,4825.684780595126
9890,LOAD,117580684,4252.399144063493
9891,LOAD,112321726,4451.4985462385075
9892,LOAD,115884897,4314.626089713831
9893,LOAD,112048958,4462.335116048112
9894,LOAD,112770372,4433.788690525913
9895,LOAD,120157733,4161.197015925724
9896,LOAD,116347727,4297.462553780702
9897,LOAD,102082748,4897.987268132711
9898,LOAD,115391332,4333.081101793678
9899,LOAD,117761440,4245.871993413124
9900,LOAD,112366195,4449.7368625857625
9901,LOAD,120219289,4159.066354152203
9902,LOAD,112655488,4438.310186894756
9903,LOAD,109758903,4555.439115494803
9904,LOAD,119528180,4183.113973625299
9905,LOAD,104949083,4764.215043212907
9906,LOAD,119820853,4172.896348851731
9907,LOAD,120143893,4161.676365855733
9908,LOAD,108103243,4625.208144773233
9909,LOAD,120260296,4157.648173425418
9910,LOAD,111935359,4466.863772688664
9911,LOAD,117295384,4262.742342870031
9912,LOAD,123594002,4045.5037615822166
9913,LOAD,112336903,4450.897137514998
9914,LOAD,117860501,4242.303365060361
9915,LOAD,118644094,4214.284783530818
9916,LOAD,107282924,4660.573941851175
9917,LOAD,113921004,4389.006262620368
9918,LOAD,115487463,4329.474273757317
9919,LOAD,111852591,4470.169135375684
9920,LOAD,120696025,4142.638500315152
9921,LOAD,108087300,4625.890368248629
9922,LOAD,114097333,4382.223377648976
9923,LOAD,116694151,4284.704894935137
9924,LOAD,116004486,4310.178142593554
9925,LOAD,112962146,4426.261519500524
9926,LOAD,122175633,4092.469076873946
9927,LOAD,113675546,4398.483381817229
9928,LOAD,117569389,4252.807675984435
9929,LOAD,113068447,4422.100181494488
9930,LOAD,116394349,4295.741196164085
9931,LOAD,105719992,4729.474440368856
9932,LOAD,120795577,4139.224402231217
9933,LOAD,120736913,4141.235580538655
9934,LOAD,115709532,4321.16517418807
9935,LOAD,112554880,4442.2774028100785
9936,LOAD,111613003,4479.764781528189
9937,LOAD,116418992,4294.831894782254
9938,LOAD,116051297,4308.439568753807
9939,LOAD,121634108,4110.689084019097
9940,LOAD,106687343,4686.591548165184
9941,LOAD,119409727,4187.263571919899
9942,LOAD,111517777,4483.590091649692
9943,LOAD,109301653,4574.496233830974
9944,LOAD,109012895,4586.61335431923
9945,LOAD,114551577,4364.846064057241
9946,LOAD,119021571,4200.91917623907
9947,LOAD,114865241,4352.926922427298
9948,LOAD,112862461,4430.170984841452
9949,LOAD,112550759,4442.440054979993
9950,LOAD,116432802,4294.322488262371
9951,LOAD,110900506,4508.545704922212
9952,LOAD,117742819,4246.543477101563
9953,LOAD,115950666,4312.17876747685
9954,LOAD,120682441,4143.104795170658
9955,LOAD,124560686,4014.1076294329337
9956,LOAD,105066665,4758.883324220865
9957,LOAD,121946961,4100.143176179684
9958,LOAD,117465711,4256.561304089837
9959,LOAD,114868063,4352.819982696147
9960,LOAD,111326690,4491.2859620635445
9961,LOAD,118552667,4217.534810920787
9962,LOAD,110453801,4526.779481314545
9963,LOAD,119214708,4194.113363931571
9964,LOAD,112367937,4449.667879904211
9965,LOAD,116194417,4303.132740017965
9966,LOAD,117724997,4247.1863473481335
9967,LOAD,115407236,4332.48397006926
9968,LOAD,118591201,4216.164401606828
9969,LOAD,105242720,4750.9224391007765
9970,LOAD,127152698,3932.279911197795
9971,LOAD,115835300,4316.473475702139
9972,LOAD,120010792,4166.291978141432
9973,LOAD,114089175,4382.536730588156
9974,LOAD,119454508,4185.693854266262
9975,LOAD,111857001,4469.992897449485
9976,LOAD,108915348,4590.721226911013
9977,LOAD,111272765,4493.462528768832
9978,LOAD,115231282,4339.099516396945
9979,LOAD,119673081,4178.049030090568
9980,LOAD,120030225,4165.6174517710015
9981,LOAD,111311226,4491.909917513621
9982,LOAD,116420081,4294.79172068262
9983,LOAD,118103868,4233.5615968140855
9984,LOAD,116270360,4300.322111327427
9985,LOAD,113184902,4417.550319564706
9986,LOAD,115757931,4319.358472293358
9987,LOAD,116930209,4276.054958560794
9988,LOAD,117371353,4259.983268660114
9989,LOAD,111086073,4501.014272059108
9990,LOAD,117073024,4270.83868611782
9991,LOAD,107942267,4632.105790403679
9992,LOAD,110886693,4509.107328144415
9993,LOAD,115788904,4318.203063740892
9994,LOAD,113505824,4405.060307742447
9995,LOAD,118144966,4232.088906775766
9996,LOAD,114107803,4381.821285263024
9997,LOAD,105760133,4727.679379903956
9998,LOAD,117659295,4249.55801409485
9999,LOAD,114592196,4363.298875954868
10000,LOAD,110603517,4520.651906575448
10001,PUT,0.09604048000000001,52061.38078443589
10002,PUT,0.10116512600000001,49424.146419785015
10003,PUT,0.10231258900000001,48869.84142293574
10004,PUT,0.10073628100000001,49634.55023716827
10005,PUT,0.100567558,49717.82252085707
10006,PUT,0.099421358,50291.00487643711
10007,PUT,0.09921381200000001,50396.20894719779
10008,PUT,0.101112267,49449.98414485158
10009,PUT,0.10062894600000001,49687.49250339956
10010,PUT,0.369739657,13523.02871855588
10011,PUT,0.094504217,52907.69193929198
10012,PUT,0.098856362,50578.43419323887
10013,PUT,0.098690835,50663.26574296387
10014,PUT,0.09828729,50871.27745611869
10015,PUT,0.09709421700000001,51496.37284782882
10016,PUT,0.095627324,52286.31097111951
10017,PUT,0.102009573,49015.007640508404
10018,PUT,0.10026390800000001,49868.39332055558
10019,PUT,0.095661495,52267.63391059276
10020,PUT,0.09566200700000001,52267.35416496122
10020,GET,0.030242662000000003,165329.36154892712
10020,GET,0.023239761,215148.51206946577
10020,GET,0.022531728,221909.30052058146
10020,GET,0.022747923,219800.28682179027
10020,GET,0.022624494000000002,220999.4177107342
10020,GET,0.022642352,220825.1156946946
10020,GET,0.022753914,219742.4144259313
10020,GET,0.022910821,218237.48699359136
10020,GET,0.022714588,220122.85672978088
10020,GET,0.022546561,221763.31015625843
10020,GET,0.022750235,219777.94954645523
10020,GET,0.022680254,220456.0848392615
10020,GET,0.022853794,218782.05430573146
10020,GET,0.022751748000000002,219763.3342282096
10020,GET,0.02269297,220332.55232787953
10020,GET,0.022733102,219943.58710922953
10020,GET,0.022745288000000002,219825.75028287174
10020,GET,0.022823205000000003,219075.2788663993
10020,GET,0.022815473000000003,219149.52190559448
10020,GET,0.022569891,221534.07829927045
