height,operation,latency,throughput
1,LOAD,21516,23238520.171035506
2,LOAD,18288,27340332.458442695
3,LOAD,49651963,10070.095315264774
4,LOAD,51107798,9783.242862468855
5,LOAD,43655357,11453.348096546319
6,LOAD,51820688,9648.656150609193
7,LOAD,57774932,8654.272410048012
8,LOAD,58769798,8507.771287558278
9,LOAD,55513356,9006.84152476748
10,LOAD,60703784,8236.718818055888
11,LOAD,56314020,8878.783649258214
12,LOAD,58424384,8558.070548078009
13,LOAD,64137464,7795.755691244668
14,LOAD,56847302,8795.492176568028
15,LOAD,59025952,8470.85024566821
16,LOAD,61753136,8096.754794768642
17,LOAD,66025417,7572.841228704394
18,LOAD,66094183,7564.962259991928
19,LOAD,64646607,7734.357968702055
20,LOAD,62213955,8036.7821013790235
21,LOAD,66009904,7574.620923551109
22,LOAD,48273121,10357.730961708483
23,LOAD,60993832,8197.550204748572
24,LOAD,57712768,8663.594163426713
25,LOAD,62762829,7966.498769518499
26,LOAD,53737587,9304.474352374624
27,LOAD,61057657,8188.981113376165
28,LOAD,62234926,8034.073986044428
29,LOAD,63657492,7854.535016868085
30,LOAD,58649081,8525.28277467809
31,LOAD,54433378,9185.540533604215
32,LOAD,66122174,7561.759841713613
33,LOAD,64973449,7695.451106497363
34,LOAD,63141708,7918.69614930277
35,LOAD,64466320,7755.987932923734
36,LOAD,63950812,7818.509012833175
37,LOAD,62862607,7953.854029630047
38,LOAD,60494252,8265.248076792486
39,LOAD,63994284,7813.197816229962
40,LOAD,62062480,8056.397359564104
41,LOAD,69281872,7216.895063112614
42,LOAD,69391234,7205.521089306468
43,LOAD,64724221,7725.083319272395
44,LOAD,65200991,7668.595098500879
45,LOAD,68713414,7276.599587964003
46,LOAD,63569217,7865.442168337547
47,LOAD,65254451,7662.312567766449
48,LOAD,71675713,6975.86363738021
49,LOAD,69917180,7151.318173873718
50,LOAD,62615614,7985.228732245603
51,LOAD,74319698,6727.69149304132
52,LOAD,63234860,7907.031026873467
53,LOAD,68963802,7250.18031923472
54,LOAD,72953452,6853.685278662345
55,LOAD,67368108,7421.909488685656
56,LOAD,70625052,7079.640805078629
57,LOAD,73445945,6807.727778572391
58,LOAD,66507797,7517.915531016612
59,LOAD,77102239,6484.895983370859
60,LOAD,69191119,7226.36094380841
61,LOAD,72492338,6897.280647783769
62,LOAD,68251826,7325.811327011236
63,LOAD,73851686,6770.326137171736
64,LOAD,69172006,7228.35766827407
65,LOAD,70040670,7138.709552607079
66,LOAD,73172389,6833.1785641165825
67,LOAD,71748578,6968.779227931179
68,LOAD,68925391,7254.220726872627
69,LOAD,74671483,6695.996649751821
70,LOAD,71530840,6989.992009041135
71,LOAD,74081369,6749.335315334143
72,LOAD,68992554,7247.158874564927
73,LOAD,72422952,6903.888700919012
74,LOAD,74717012,6691.916427278971
75,LOAD,69419223,7202.615909429006
76,LOAD,75500942,6622.433929367398
77,LOAD,74268981,6732.285716967087
78,LOAD,70606700,7081.480935945173
79,LOAD,75703414,6604.721948206986
80,LOAD,73776652,6777.21184745548
81,LOAD,66609480,7506.439023394267
82,LOAD,79197982,6313.292174540507
83,LOAD,74763777,6687.730610506743
84,LOAD,78082270,6403.5023571932525
85,LOAD,78651804,6357.133270585885
86,LOAD,73020161,6847.423960075903
87,LOAD,67736210,7381.576264748204
88,LOAD,76538998,6532.617529171208
89,LOAD,66267723,7545.151355208024
90,LOAD,73230561,6827.750507059477
91,LOAD,73352853,6816.367456082451
92,LOAD,76482200,6537.468848960934
93,LOAD,73479200,6804.646757177542
94,LOAD,80271432,6228.866080276231
95,LOAD,73969746,6759.520304422838
96,LOAD,76137371,6567.077289810808
97,LOAD,68766524,7270.979699366511
98,LOAD,72876084,6860.96140950713
99,LOAD,75331788,6637.304294436765
100,LOAD,79271719,6307.419673843581
101,LOAD,75098501,6657.922506336045
102,LOAD,74000458,6756.714938169707
103,LOAD,68487808,7300.569467780309
104,LOAD,77451848,6455.623886469436
105,LOAD,67203448,7440.094442773234
106,LOAD,81756821,6115.697673714589
107,LOAD,72968033,6852.315725709641
108,LOAD,78782904,6346.554577373791
109,LOAD,70761285,7066.010743021413
110,LOAD,72986969,6850.537936436298
111,LOAD,74370127,6723.129570559964
112,LOAD,79932246,6255.297768062216
113,LOAD,78513932,6368.296520928286
114,LOAD,76953509,6497.4295064309545
115,LOAD,77657805,6438.502865230353
116,LOAD,71975585,6946.80008505662
117,LOAD,68645111,7283.839922700395
118,LOAD,76530676,6533.327890635645
119,LOAD,76159970,6565.128636473991
120,LOAD,79852061,6261.579146967791
121,LOAD,68310121,7319.559571560413
122,LOAD,78379394,6379.227683235214
123,LOAD,68870036,7260.0513814164415
124,LOAD,76220634,6559.9034508162185
125,LOAD,69767378,7166.67322656156
126,LOAD,76669113,6521.53103688574
127,LOAD,69229231,7222.382695540848
128,LOAD,77504130,6451.269113013719
129,LOAD,71161097,7026.311019348113
130,LOAD,76615614,6526.084878729811
131,LOAD,75643417,6609.960520424401
132,LOAD,75504384,6622.132034081624
133,LOAD,71937343,6950.493014455649
134,LOAD,77108738,6484.3494131624875
135,LOAD,72186074,6926.543754131857
136,LOAD,75360957,6634.735278109592
137,LOAD,71782678,6965.468744423271
138,LOAD,76567475,6530.187915952563
139,LOAD,84334001,5928.806816600579
140,LOAD,77295109,6468.714598746475
141,LOAD,79693978,6273.999774487352
142,LOAD,82023167,6095.838752483186
143,LOAD,74074274,6749.981781799171
144,LOAD,80844505,6184.712244821092
145,LOAD,77155683,6480.404042304959
146,LOAD,79650081,6277.457520727443
147,LOAD,78320103,6384.056977044578
148,LOAD,82868484,6033.656896631535
149,LOAD,75151766,6653.203598701859
150,LOAD,81948763,6101.373366673027
151,LOAD,77469747,6454.13234665656
152,LOAD,78732022,6350.656153604184
153,LOAD,75875867,6589.710533390017
154,LOAD,84302429,5931.027206819866
155,LOAD,78011414,6409.318513313961
156,LOAD,79228459,6310.863625405108
157,LOAD,79001915,6328.960506843409
158,LOAD,84998411,5882.462908630139
159,LOAD,77527398,6449.332918409051
160,LOAD,80715674,6194.583718646765
161,LOAD,71767460,6966.945743934646
162,LOAD,80323982,6224.790997039962
163,LOAD,80916687,6179.195151674957
164,LOAD,82433091,6065.5253119163035
165,LOAD,77413533,6458.819028450749
166,LOAD,79131330,6318.609835067855
167,LOAD,80968177,6175.265623184279
168,LOAD,86569388,5775.713696855521
169,LOAD,78750454,6349.169745738863
170,LOAD,83482589,5989.272805135452
171,LOAD,80271635,6228.850328014372
172,LOAD,85849733,5824.1299364320685
173,LOAD,77093362,6485.642693854757
174,LOAD,82215541,6081.5752583808935
175,LOAD,76980020,6495.191869266856
176,LOAD,82310658,6074.547478407961
177,LOAD,78534507,6366.628111640148
178,LOAD,81628798,6125.289263722834
179,LOAD,74857808,6679.3299638162
180,LOAD,85096131,5875.707792167425
181,LOAD,79576880,6283.232014122695
182,LOAD,77989808,6411.094126555613
183,LOAD,80707364,6195.221541370129
184,LOAD,84549366,5913.704899927931
185,LOAD,77347948,6464.295600964101
186,LOAD,81038275,6169.924026640498
187,LOAD,77406178,6459.432734167549
188,LOAD,86053198,5810.359308203747
189,LOAD,79864989,6260.565565219073
190,LOAD,86279446,5795.122977493388
191,LOAD,81377799,6144.1819039613
192,LOAD,84962612,5884.941484614433
193,LOAD,77334965,6465.380827417456
194,LOAD,81780979,6113.891104189398
195,LOAD,81882658,6106.299089606983
196,LOAD,83592505,5981.39749490699
197,LOAD,79911862,6256.893375854514
198,LOAD,87630527,5705.774198984333
199,LOAD,81187949,6158.549466497793
200,LOAD,84489522,5917.893582117792
201,LOAD,76112668,6569.208689412911
202,LOAD,81822852,6110.762308798525
203,LOAD,81678843,6121.536271026757
204,LOAD,85559586,5843.880544256023
205,LOAD,81371519,6144.656092754027
206,LOAD,86504215,5780.065167922742
207,LOAD,80972300,6174.951187010867
208,LOAD,84503506,5916.914263888649
209,LOAD,84085072,5946.358706810645
210,LOAD,84418254,5922.889615793286
211,LOAD,81805649,6112.047347732673
212,LOAD,84499995,5917.160113441427
213,LOAD,82318164,6073.993584210649
214,LOAD,85096784,5875.662704245086
215,LOAD,80014336,6248.88020066804
216,LOAD,86775539,5761.992443515678
217,LOAD,78951278,6333.019713753081
218,LOAD,87140087,5737.887317004859
219,LOAD,80904626,6180.116326104764
220,LOAD,83548180,5984.570818897551
221,LOAD,79882433,6259.198439787131
222,LOAD,89788499,5568.6419259553495
223,LOAD,81477809,6136.640223106638
224,LOAD,85086799,5876.35221769243
225,LOAD,81951804,6101.146961938751
226,LOAD,86739047,5764.416572388673
227,LOAD,79639855,6278.263565396999
228,LOAD,87901168,5688.20655488901
229,LOAD,82588566,6054.106811831555
230,LOAD,86550082,5777.002036809162
231,LOAD,82874938,6033.1870172862145
232,LOAD,84012037,5951.528112572725
233,LOAD,81217072,6156.341120004917
234,LOAD,86837937,5757.852124008888
235,LOAD,81907748,6104.428606680775
236,LOAD,84553320,5913.428355030885
237,LOAD,82215623,6081.5691927554935
238,LOAD,87734946,5698.983390267317
239,LOAD,84800175,5896.214247199372
240,LOAD,83966558,5954.751652437629
241,LOAD,82066681,6092.606571965545
242,LOAD,80900787,6180.40959230718
243,LOAD,85259643,5864.439286943765
244,LOAD,85664258,5836.739985537492
245,LOAD,85536523,5845.456215235684
246,LOAD,82907891,6030.789035509298
247,LOAD,84864236,5891.76340431557
248,LOAD,81631150,6125.112778639037
249,LOAD,89319981,5597.851616202202
250,LOAD,82087581,6091.055357082578
251,LOAD,84795212,5896.559348185839
252,LOAD,76529946,6533.390210415149
253,LOAD,80052380,6245.910490106603
254,LOAD,79997757,6250.175239288272
255,LOAD,80515639,6209.97369219165
256,LOAD,79974107,6252.023545570819
257,LOAD,80830771,6185.763092622239
258,LOAD,78218314,6392.364836705634
259,LOAD,81187222,6158.604613913259
260,LOAD,80913461,6179.441514681964
261,LOAD,83058636,6019.843619873555
262,LOAD,81828042,6110.374729484545
263,LOAD,81049797,6169.0469132205235
264,LOAD,77460797,6454.87807206528
265,LOAD,80077282,6243.96817064795
266,LOAD,79823239,6263.840032850584
267,LOAD,79095949,6321.436259649657
268,LOAD,81336563,6147.296880493954
269,LOAD,83538739,5985.247155813545
270,LOAD,77876081,6420.456622618182
271,LOAD,79049069,6325.1851833953915
272,LOAD,81619698,6125.9721887233645
273,LOAD,80515976,6209.947700317264
274,LOAD,77727021,6432.7693711560105
275,LOAD,78766920,6347.842469909957
276,LOAD,79135507,6318.276320640746
277,LOAD,79331935,6302.632098914517
278,LOAD,80494689,6211.589934834086
279,LOAD,80998411,6172.960602893802
280,LOAD,77956189,6413.858943258501
281,LOAD,82439157,6065.079001232388
282,LOAD,79004228,6328.775214410044
283,LOAD,78047505,6406.354693849598
284,LOAD,78484213,6370.707953712934
285,LOAD,83876033,5961.178445337299
286,LOAD,77027891,6491.15526218938
287,LOAD,84855942,5892.339277784459
288,LOAD,79537983,6286.3047457464445
289,LOAD,82662507,6048.69145814801
290,LOAD,77079036,6486.848123009738
291,LOAD,79640580,6278.206411856871
292,LOAD,79234710,6310.3657475366535
293,LOAD,80228940,6232.1651015207235
294,LOAD,79659725,6276.697540695754
295,LOAD,80647971,6199.78399704563
296,LOAD,77401356,6459.835148107742
297,LOAD,81547556,6131.391601729916
298,LOAD,78861438,6340.234374118311
299,LOAD,82617290,6052.001947776307
300,LOAD,79985511,6251.132158172997
301,LOAD,81073407,6167.250378413232
302,LOAD,81024300,6170.988209709927
303,LOAD,79971336,6252.2401776556535
304,LOAD,79877359,6259.596038972696
305,LOAD,82259573,6078.319905696569
306,LOAD,80729718,6193.506089046416
307,LOAD,83750539,5970.110831167308
308,LOAD,80966165,6175.419077833315
309,LOAD,85706429,5833.868075404239
310,LOAD,74798649,6684.612712724263
311,LOAD,77306801,6467.736260358258
312,LOAD,77283291,6469.703781118741
313,LOAD,83226602,6007.69451094495
314,LOAD,79189961,6313.931635854701
315,LOAD,82155970,6085.984986848795
316,LOAD,78624440,6359.345770857001
317,LOAD,81394017,6142.9576574405955
318,LOAD,77002026,6493.335642882955
319,LOAD,82683841,6047.130780970855
320,LOAD,81064328,6167.941094879612
321,LOAD,82133799,6087.627822986735
322,LOAD,81460885,6137.915147865137
323,LOAD,76324737,6550.956081250565
324,LOAD,90252208,5540.030666064148
325,LOAD,84326641,5929.324280804686
326,LOAD,82558130,6056.338727633487
327,LOAD,79172247,6315.34431503504
328,LOAD,84233430,5935.885550428137
329,LOAD,76521179,6534.138738243957
330,LOAD,84256769,5934.241318937829
331,LOAD,79195433,6313.495375421458
332,LOAD,79661702,6276.541769092505
333,LOAD,78994056,6329.59016561955
334,LOAD,82622478,6051.621932714243
335,LOAD,76671667,6521.313799007396
336,LOAD,80059064,6245.389029279683
337,LOAD,80628255,6201.300028135298
338,LOAD,78791928,6345.827709660817
339,LOAD,76522576,6534.019450678189
340,LOAD,79285253,6306.342996723489
341,LOAD,87226563,5732.198802789008
342,LOAD,79421894,6295.493280480065
343,LOAD,81393339,6143.008827786263
344,LOAD,89534722,5584.425671193797
345,LOAD,83109792,6016.138266836236
346,LOAD,82804257,6038.336893717916
347,LOAD,79643071,6278.010048105754
348,LOAD,83948502,5956.032425688787
349,LOAD,81858386,6108.109681028893
350,LOAD,82535920,6057.968457854471
351,LOAD,75567168,6616.630121695179
352,LOAD,85932687,5818.507688465507
353,LOAD,77800596,6426.685985798875
354,LOAD,82793766,6039.102026111483
355,LOAD,81175150,6159.52049364861
356,LOAD,82477351,6062.270355894431
357,LOAD,76954812,6497.319491859716
358,LOAD,79645154,6277.845856133318
359,LOAD,78390018,6378.363122712894
360,LOAD,86675321,5768.654724682243
361,LOAD,78986085,6330.2289257658485
362,LOAD,78913477,6336.053346122361
363,LOAD,82903660,6031.096817679702
364,LOAD,82805978,6038.211395800434
365,LOAD,77031602,6490.842550567752
366,LOAD,80349390,6222.822600146685
367,LOAD,81873239,6107.001580821788
368,LOAD,81963613,6100.267932307962
369,LOAD,85527037,5846.104548202693
370,LOAD,81747329,6116.407791134069
371,LOAD,72597767,6887.264177147487
372,LOAD,84623025,5908.55739321538
373,LOAD,77593935,6443.8025987469255
374,LOAD,81092539,6165.795351407113
375,LOAD,78776480,6347.072121018862
376,LOAD,83705689,5973.309651629533
377,LOAD,81228022,6155.511210158485
378,LOAD,82530865,6058.339507286153
379,LOAD,86275588,5795.382118983646
380,LOAD,81378496,6144.129279558078
381,LOAD,79975062,6251.9488887673515
382,LOAD,80290292,6227.402934342298
383,LOAD,77640847,6439.9091370036185
384,LOAD,87465275,5716.554369719869
385,LOAD,79565135,6284.159512831845
386,LOAD,81559331,6130.506391721138
387,LOAD,82757155,6041.77366899575
388,LOAD,84491921,5917.725553902367
389,LOAD,88667764,5639.027956090107
390,LOAD,82658692,6048.970627311644
391,LOAD,80832117,6185.660088551188
392,LOAD,82586598,6054.25107836504
393,LOAD,77943944,6414.866561024934
394,LOAD,80298319,6226.780413672172
395,LOAD,78575507,6363.306061773168
396,LOAD,79702432,6273.334294240858
397,LOAD,74692444,6694.1175468833235
398,LOAD,98551825,5073.4727642029975
399,LOAD,75284058,6641.5123371803365
400,LOAD,81555595,6130.787225572936
401,LOAD,86640048,5771.003266295513
402,LOAD,80948098,6176.797384417853
403,LOAD,87440188,5718.19447597711
404,LOAD,77279549,6470.017054576755
405,LOAD,80996758,6173.086582058013
406,LOAD,79536290,6286.438555280866
407,LOAD,77343925,6464.63183760069
408,LOAD,84474158,5918.969917403616
409,LOAD,81907404,6104.454244453896
410,LOAD,83722854,5972.084993662543
411,LOAD,81844614,6109.137493152573
412,LOAD,81730143,6117.693933314175
413,LOAD,79174014,6315.203369630849
414,LOAD,81485485,6136.062146528305
415,LOAD,79349954,6301.2008803432955
416,LOAD,81248987,6153.922879063096
417,LOAD,77847338,6422.827200590983
418,LOAD,86260039,5796.426778800784
419,LOAD,81315680,6148.875592013743
420,LOAD,90881820,5501.6503850825175
421,LOAD,86619053,5772.402060318069
422,LOAD,84717301,5901.982170088257
423,LOAD,82321202,6073.769428196639
424,LOAD,79482799,6290.669255369328
425,LOAD,84674884,5904.938706500029
426,LOAD,78755066,6348.797930027765
427,LOAD,81526017,6133.011502328147
428,LOAD,84526576,5915.29934916564
429,LOAD,81505985,6134.518833187526
430,LOAD,79306836,6304.62675373911
431,LOAD,86751554,5763.58551456035
432,LOAD,79995779,6250.329783025177
433,LOAD,82041545,6094.473233043088
434,LOAD,79836513,6262.798576886744
435,LOAD,86456272,5783.270414435635
436,LOAD,79286895,6306.212394873075
437,LOAD,85715146,5833.274786698724
438,LOAD,80446188,6215.334901884971
439,LOAD,80936144,6177.7096769028185
440,LOAD,79062907,6324.078116682454
441,LOAD,84767015,5898.520786652685
442,LOAD,77098836,6485.182214683501
443,LOAD,86628533,5771.770370392859
444,LOAD,82171380,6084.843652376289
445,LOAD,88818000,5629.489517890518
446,LOAD,76087161,6571.4109112311335
447,LOAD,83114739,6015.780185509577
448,LOAD,76876966,6503.89871005055
449,LOAD,85106379,5875.000274656263
450,LOAD,80080942,6243.6827978372185
451,LOAD,86666735,5769.226220417788
452,LOAD,81125710,6163.274256706043
453,LOAD,86571783,5775.553912294957
454,LOAD,83920978,5957.985856647189
455,LOAD,86796538,5760.598423868012
456,LOAD,79444061,6293.736670888464
457,LOAD,85587941,5841.944486081281
458,LOAD,81337788,6147.204298203929
459,LOAD,82848905,6035.08278111823
460,LOAD,80963968,6175.586651089037
461,LOAD,87024586,5745.5027709066035
462,LOAD,85250809,5865.046981548293
463,LOAD,78658080,6356.626045283587
464,LOAD,84963686,5884.867094866859
465,LOAD,91609947,5457.922598732646
466,LOAD,81381225,6143.923245195682
467,LOAD,86188516,5801.236907246436
468,LOAD,84385763,5925.170102449628
469,LOAD,87509477,5713.666875188844
470,LOAD,79443512,6293.780164200193
471,LOAD,87297364,5727.549803222008
472,LOAD,80874756,6182.398868690249
473,LOAD,84730775,5901.0436290710195
474,LOAD,82064258,6092.78646009326
475,LOAD,83468436,5990.2883528331595
476,LOAD,82179283,6084.258486411959
477,LOAD,87160692,5736.530866459848
478,LOAD,81917299,6103.716871817271
479,LOAD,90093330,5549.800412527764
480,LOAD,80690609,6196.507948031474
481,LOAD,81055625,6168.6033510937705
482,LOAD,84169061,5940.425069016749
483,LOAD,79866790,6260.424389161002
484,LOAD,80219149,6232.925756916219
485,LOAD,82745640,6042.6144507432655
486,LOAD,82830994,6036.387780158717
487,LOAD,81263134,6152.851550126038
488,LOAD,79175412,6315.091862104866
489,LOAD,84063912,5947.855484051231
490,LOAD,80067892,6244.700434975857
491,LOAD,85992848,5814.437033182108
492,LOAD,79362195,6300.228969221429
493,LOAD,85152126,5871.843998351844
494,LOAD,85354477,5857.92353926555
495,LOAD,87520125,5712.971730787633
496,LOAD,82508548,6059.978173413014
497,LOAD,87001722,5747.012685565005
498,LOAD,81194013,6158.089513324092
499,LOAD,86310325,5793.049672794073
500,LOAD,80757815,6191.351264270833
501,LOAD,86925172,5752.073749132184
502,LOAD,80668573,6198.200630126431
503,LOAD,82664445,6048.549651546079
504,LOAD,86920947,5752.353342399732
505,LOAD,89000941,5617.918129652135
506,LOAD,83090611,6017.527058502434
507,LOAD,84294467,5931.587419610827
508,LOAD,82786423,6039.637683101733
509,LOAD,81213122,6156.640548801954
510,LOAD,83786215,5967.568770113317
511,LOAD,84741703,5900.282650680268
512,LOAD,87094985,5740.858672861589
513,LOAD,84224386,5936.522944791785
514,LOAD,83784367,5967.700394513931
515,LOAD,83311466,6001.574861256192
516,LOAD,83044884,6020.840489102255
517,LOAD,83205019,6009.252879324504
518,LOAD,82011255,6096.724163043231
519,LOAD,87310354,5726.697660623389
520,LOAD,89924806,5560.201041745923
521,LOAD,78001548,6410.1291938462555
522,LOAD,95017083,5262.211638300872
523,LOAD,90541939,5522.302764026293
524,LOAD,81937621,6102.203040530064
525,LOAD,89125290,5610.0799223205895
526,LOAD,83566861,5983.232994715453
527,LOAD,89453312,5589.507965898457
528,LOAD,87159792,5736.590101086978
529,LOAD,85417197,5853.622192730113
530,LOAD,87999598,5681.844137515264
531,LOAD,82359187,6070.968136195905
532,LOAD,83772291,5968.560654500902
533,LOAD,83618586,5979.531871060341
534,LOAD,89672858,5575.823177175863
535,LOAD,84719777,5901.8096801647625
536,LOAD,95983451,5209.23132884647
537,LOAD,81363373,6145.271288101589
538,LOAD,93498913,5347.655752960465
539,LOAD,89219376,5604.163830959767
540,LOAD,83068438,6019.133283811115
541,LOAD,81664242,6122.630759249562
542,LOAD,83996122,5952.655766655514
543,LOAD,75864607,6590.688593430663
544,LOAD,91899495,5440.72630649385
545,LOAD,88002806,5681.63701507427
546,LOAD,82452568,6064.092509526204
547,LOAD,81752336,6116.033185889636
548,LOAD,84488036,5917.997667740791
549,LOAD,91279986,5477.652023303333
550,LOAD,88441658,5653.444443567532
551,LOAD,81296751,6150.307285957836
552,LOAD,79219216,6311.59995322347
553,LOAD,87216548,5732.857026168933
554,LOAD,90746909,5509.829541411707
555,LOAD,89220610,5604.086320414083
556,LOAD,94175743,5309.222779373241
557,LOAD,81502626,6134.771657541439
558,LOAD,84702124,5903.039692369462
559,LOAD,92578945,5400.796044932246
560,LOAD,84010459,5951.639902360253
561,LOAD,81930652,6102.72209233731
562,LOAD,80559552,6206.588636441275
563,LOAD,86511465,5779.580775796596
564,LOAD,83233174,6007.220149984909
565,LOAD,88600012,5643.340093452809
566,LOAD,81924396,6103.188115051834
567,LOAD,79591578,6282.071703616682
568,LOAD,82448062,6064.423927878377
569,LOAD,82616400,6052.0671440537235
570,LOAD,87566523,5709.944655447835
571,LOAD,85643246,5838.171990818751
572,LOAD,85895735,5821.010787089719
573,LOAD,82145721,6086.74431136833
574,LOAD,78838616,6342.069728874997
575,LOAD,86950687,5750.3858480152085
576,LOAD,86925488,5752.0528386334745
577,LOAD,82556289,6056.473783602361
578,LOAD,84440077,5921.3588827021085
579,LOAD,81521983,6133.314985725998
580,LOAD,85838646,5824.882186515383
581,LOAD,81622915,6125.730746077863
582,LOAD,86021250,5812.517255910604
583,LOAD,81260897,6153.020929611446
584,LOAD,81673179,6121.9607969465715
585,LOAD,85515827,5846.87089560626
586,LOAD,88410102,5655.462313571361
587,LOAD,87527274,5712.505110121446
588,LOAD,83990416,5953.060168198238
589,LOAD,90865560,5502.634881686747
590,LOAD,85339476,5858.953246912366
591,LOAD,91679016,5453.810717165638
592,LOAD,89225317,5603.790681965299
593,LOAD,87032961,5744.949893178976
594,LOAD,78317559,6384.264351242102
595,LOAD,92156038,5425.58047037569
596,LOAD,81670862,6122.134476797857
597,LOAD,87889349,5688.971481629703
598,LOAD,81136977,6162.418400182693
599,LOAD,86622579,5772.167092831535
600,LOAD,77593196,6443.863969722294
601,LOAD,85864745,5823.111685709891
602,LOAD,87405254,5720.479915314931
603,LOAD,90047268,5552.639309390263
604,LOAD,86595728,5773.956886187273
605,LOAD,92653189,5396.468328791144
606,LOAD,88357964,5658.799471658265
607,LOAD,90564922,5520.901348537573
608,LOAD,85462545,5850.516153011825
609,LOAD,85420067,5853.425518853784
610,LOAD,86923931,5752.1558706313
611,LOAD,85161496,5871.197941379517
612,LOAD,83558799,5983.810274726423
613,LOAD,88241288,5666.281752369707
614,LOAD,85064471,5877.894661803046
615,LOAD,87275926,5728.956688468707
616,LOAD,84784238,5897.3225660175185
617,LOAD,85143277,5872.454263182753
618,LOAD,82724918,6044.128082423726
619,LOAD,84593768,5910.600884925708
620,LOAD,84729875,5901.106309905449
621,LOAD,85498848,5848.032010910837
622,LOAD,88389919,5656.753684772581
623,LOAD,88829663,5628.75038713138
624,LOAD,83312768,6001.481069504256
625,LOAD,93063529,5372.673971991756
626,LOAD,82212295,6081.8153781012925
627,LOAD,89276049,5600.60627234971
628,LOAD,88098503,5675.465336794656
629,LOAD,85107327,5874.9348337540905
630,LOAD,84405093,5923.813151891201
631,LOAD,93331247,5357.262611095296
632,LOAD,89747411,5571.191351692585
633,LOAD,87058134,5743.2887316422375
634,LOAD,80242188,6231.136169916005
635,LOAD,87076920,5742.0496728639455
636,LOAD,81429821,6140.256651184337
637,LOAD,86537429,5777.846716476867
638,LOAD,84369873,5926.286033404365
639,LOAD,89384358,5593.819894080349
640,LOAD,82823354,6036.9446038130745
641,LOAD,90748940,5509.706229075513
642,LOAD,80525638,6209.202589614999
643,LOAD,89045649,5615.097487806507
644,LOAD,82624414,6051.480135157146
645,LOAD,85803717,5827.253381109353
646,LOAD,83921336,5957.960440477258
647,LOAD,89432863,5590.78601788696
648,LOAD,84403689,5923.911690637124
649,LOAD,94875562,5270.061008966672
650,LOAD,87339116,5724.811778493384
651,LOAD,91819684,5445.455464647428
652,LOAD,85697533,5834.473671488303
653,LOAD,88433953,5653.937012179022
654,LOAD,85477851,5849.468536592011
655,LOAD,93469859,5349.318008492984
656,LOAD,88309740,5661.889617158877
657,LOAD,84367264,5926.469299751145
658,LOAD,79218217,6311.679547142547
659,LOAD,88497596,5649.870986326001
660,LOAD,88091464,5675.918838174832
661,LOAD,83521472,5986.484529391436
662,LOAD,80190920,6235.119886391128
663,LOAD,84719067,5901.859141106925
664,LOAD,80642951,6200.169931777422
665,LOAD,88387534,5656.906323464121
666,LOAD,82680848,6047.349683689747
667,LOAD,86664520,5769.373672178649
668,LOAD,82996983,6024.315365776609
669,LOAD,85711081,5833.551440099093
670,LOAD,97571928,5124.424721831878
671,LOAD,80129927,6239.865911771017
672,LOAD,80742455,6192.529072840304
673,LOAD,81468575,6137.3357764021275
674,LOAD,87210897,5733.228497810314
675,LOAD,78765734,6347.9380513358765
676,LOAD,85970013,5815.981439946973
677,LOAD,87290275,5728.014947827808
678,LOAD,85420005,5853.429767418065
679,LOAD,80794368,6188.550172210023
680,LOAD,83741826,5970.731997174268
681,LOAD,85439536,5852.091706116007
682,LOAD,84491986,5917.721001374024
683,LOAD,89574453,5581.948683515823
684,LOAD,90050201,5552.458455922825
685,LOAD,85427265,5852.932316163931
686,LOAD,91759202,5449.044772643075
687,LOAD,87698338,5701.36232228255
688,LOAD,88623500,5641.844431781638
689,LOAD,83787295,5967.4918494504445
690,LOAD,90404390,5530.704869531225
691,LOAD,90900205,5500.5376500526045
692,LOAD,88905363,5623.9576908313165
693,LOAD,83805088,5966.224866919774
694,LOAD,99057811,5047.557531833608
695,LOAD,84671531,5905.172542586953
696,LOAD,86938601,5751.185253142042
697,LOAD,86141552,5804.3997164109605
698,LOAD,93055865,5373.116460741083
699,LOAD,89226500,5603.716384706337
700,LOAD,89275695,5600.628480125525
701,LOAD,83832143,5964.299397666597
702,LOAD,86699789,5767.026722521782
703,LOAD,85581656,5842.373510510243
704,LOAD,87964458,5684.113917918985
705,LOAD,84379340,5925.621129532419
706,LOAD,92868265,5383.970509193857
707,LOAD,87778438,5696.159687872322
708,LOAD,83633864,5978.439546928024
709,LOAD,93339980,5356.761379207495
710,LOAD,87288965,5728.100911724638
711,LOAD,80662395,6198.675355473886
712,LOAD,84833046,5893.929589655428
713,LOAD,87570379,5709.693228574471
714,LOAD,90794932,5506.915297871471
715,LOAD,88758187,5633.283158431345
716,LOAD,88214087,5668.028962313015
717,LOAD,80741899,6192.571715460891
718,LOAD,90175711,5544.730332095746
719,LOAD,84782339,5897.45465739038
720,LOAD,84024268,5950.661777856845
721,LOAD,81577709,6129.125298186543
722,LOAD,87434846,5718.543840061204
723,LOAD,86753368,5763.464998845923
724,LOAD,85948878,5817.4116013474895
725,LOAD,80488050,6212.102293446046
726,LOAD,86655571,5769.969480669627
727,LOAD,86976900,5748.652803215567
728,LOAD,86999255,5747.17565110184
729,LOAD,84846645,5892.984925921349
730,LOAD,82923812,6029.6311510618925
731,LOAD,82493927,6061.052227517306
732,LOAD,84360846,5926.920173370476
733,LOAD,87239234,5731.366233683345
734,LOAD,89473130,5588.269908518904
735,LOAD,84120470,5943.856471557993
736,LOAD,85919006,5819.434177346046
737,LOAD,90911303,5499.866171756443
738,LOAD,88398210,5656.223129404996
739,LOAD,85226870,5866.694388753219
740,LOAD,85716720,5833.167671371467
741,LOAD,83424144,5993.468749286777
742,LOAD,88321241,5661.1523382014075
743,LOAD,79800387,6265.633774432698
744,LOAD,85811066,5826.7543256017825
745,LOAD,81263383,6152.832697107872
746,LOAD,88299139,5662.569371146416
747,LOAD,84985970,5883.324035720249
748,LOAD,85703327,5834.079230086365
749,LOAD,84692205,5903.731045850087
750,LOAD,85402218,5854.648880430716
751,LOAD,83611072,5980.069242504151
752,LOAD,82887666,6032.2605778283105
753,LOAD,79737563,6270.570370955531
754,LOAD,84912276,5888.430078119682
755,LOAD,87257721,5730.151948387467
756,LOAD,83371063,5997.284693371367
757,LOAD,84961780,5884.999113719134
758,LOAD,90117328,5548.322515731936
759,LOAD,84831080,5894.06618423342
760,LOAD,88288851,5663.229211126556
761,LOAD,85769745,5829.561461328817
762,LOAD,88082008,5676.528173608394
763,LOAD,87263579,5729.767283553658
764,LOAD,84928315,5887.318028151153
765,LOAD,89389162,5593.519268029383
766,LOAD,93119083,5369.468683449128
767,LOAD,92300407,5417.094206312655
768,LOAD,80813621,6187.075814855518
769,LOAD,89210262,5604.736369903274
770,LOAD,91370133,5472.2476982713815
771,LOAD,83001444,6023.991582604273
772,LOAD,91594484,5458.844006370515
773,LOAD,83164321,6012.1936184628985
774,LOAD,86765905,5762.6322228760255
775,LOAD,85237328,5865.974588034951
776,LOAD,90731986,5510.735761917523
777,LOAD,83395590,5995.520866271227
778,LOAD,90497105,5525.038618638685
779,LOAD,88535107,5647.477220533545
780,LOAD,92643395,5397.038828294236
781,LOAD,86676848,5768.553097362285
782,LOAD,90935265,5498.41692329153
783,LOAD,85668191,5836.472022620391
784,LOAD,85820070,5826.142998951178
785,LOAD,85055210,5878.534660016711
786,LOAD,84538075,5914.494740979138
787,LOAD,85535953,5845.495168563796
788,LOAD,85680924,5835.604667381972
789,LOAD,88271353,5664.3518311087855
790,LOAD,93630312,5340.150954532758
791,LOAD,96043763,5205.960120492155
792,LOAD,89551350,5583.388748466662
793,LOAD,88166827,5671.067191745485
794,LOAD,85324162,5860.004813173553
795,LOAD,92936997,5379.988768089849
796,LOAD,88069577,5677.32941421985
797,LOAD,87832980,5692.622520606725
798,LOAD,88581165,5644.5408005189365
799,LOAD,86500738,5780.297504513776
800,LOAD,89785811,5568.8086394853635
801,LOAD,82293323,6075.82707530233
802,LOAD,89528878,5584.790194734709
803,LOAD,88821901,5629.242274380054
804,LOAD,89976551,5557.003401919685
805,LOAD,88457705,5652.418859385963
806,LOAD,88366262,5658.268084260484
807,LOAD,89557479,5583.006640908237
808,LOAD,85251076,5865.028612659388
809,LOAD,86015748,5812.889053757924
810,LOAD,84794333,5896.620473446026
811,LOAD,85773091,5829.334050698953
812,LOAD,92345824,5414.4300017291525
813,LOAD,85461778,5850.568660062279
814,LOAD,84716270,5902.053997419858
815,LOAD,78675787,6355.195404654802
816,LOAD,88572996,5645.061390945836
817,LOAD,90567510,5520.743586745401
818,LOAD,94689483,5280.417467270362
819,LOAD,87706971,5700.801137004264
820,LOAD,93191127,5365.3176659189885
821,LOAD,83797589,5966.758781090945
822,LOAD,96195271,5197.760709047745
823,LOAD,84376662,5925.809200653138
824,LOAD,88952961,5620.948357188469
825,LOAD,82179352,6084.253377904464
826,LOAD,85159237,5871.353685331868
827,LOAD,83584355,5981.980718760107
828,LOAD,91608830,5457.989147989337
829,LOAD,85227462,5866.653638002267
830,LOAD,82629445,6051.111683008399
831,LOAD,91039931,5492.095550907216
832,LOAD,86632486,5771.5070071982
833,LOAD,83207774,6009.053913640329
834,LOAD,86589678,5774.360311167805
835,LOAD,89816366,5566.9141635055685
836,LOAD,91748760,5449.664932801272
837,LOAD,87373027,5722.5898789108
838,LOAD,89433512,5590.745446740368
839,LOAD,84252869,5934.5160103687385
840,LOAD,95207146,5251.706631348869
841,LOAD,86243255,5797.554834867956
842,LOAD,88590739,5643.930795068771
843,LOAD,86657913,5769.813542590161
844,LOAD,86356141,5789.976187101737
845,LOAD,89205254,5605.051020873726
846,LOAD,92389782,5411.853877953733
847,LOAD,87147554,5737.395681811104
848,LOAD,83984037,5953.512332349539
849,LOAD,85866378,5823.000942231428
850,LOAD,89535615,5584.3699738925125
851,LOAD,86650701,5770.29376831008
852,LOAD,85774683,5829.225856771747
853,LOAD,86343305,5790.836938660154
854,LOAD,91276337,5477.871006151354
855,LOAD,94052630,5316.172445151188
856,LOAD,90197035,5543.419470495898
857,LOAD,84900390,5889.25445454373
858,LOAD,92939754,5379.829174069042
859,LOAD,80371120,6221.140130932604
860,LOAD,96220844,5196.379279317068
861,LOAD,88774064,5632.275661053436
862,LOAD,84700076,5903.182424535251
863,LOAD,91762527,5448.847327406317
864,LOAD,92014195,5433.944186546434
865,LOAD,90446239,5528.145841420781
866,LOAD,90220966,5541.949085315712
867,LOAD,91654270,5455.283207209004
868,LOAD,87910101,5687.6285468037395
869,LOAD,86036655,5811.476515445655
870,LOAD,86325202,5792.0513177600205
871,LOAD,88156190,5671.751467480615
872,LOAD,93131229,5368.768407426472
873,LOAD,81944021,6101.726445667097
874,LOAD,92474205,5406.913203525242
875,LOAD,86223226,5798.901562787734
876,LOAD,84006791,5951.899769626958
877,LOAD,90469967,5526.695947617623
878,LOAD,92556424,5402.110176598871
879,LOAD,83287836,6003.277597463331
880,LOAD,88504537,5649.4278931711715
881,LOAD,93161368,5367.031536076199
882,LOAD,89012303,5617.20102894091
883,LOAD,83760789,5969.380255002135
884,LOAD,83768198,5968.852284491067
885,LOAD,86322685,5792.220202603754
886,LOAD,85094499,5875.820480475477
887,LOAD,84764449,5898.699347411555
888,LOAD,89098020,5611.79698493861
889,LOAD,85005496,5881.972619746845
890,LOAD,83568812,5983.0933099778895
891,LOAD,82604183,6052.962233159548
892,LOAD,83515359,5986.922716814281
893,LOAD,95726810,5223.19713777154
894,LOAD,87023366,5745.583318392902
895,LOAD,88310398,5661.84743046906
896,LOAD,93887195,5325.539867284351
897,LOAD,86159014,5803.223328437812
898,LOAD,85532692,5845.718032585715
899,LOAD,86283620,5794.842636412334
900,LOAD,89564111,5582.59323313107
901,LOAD,87357944,5723.5779266966265
902,LOAD,88637763,5640.936583654531
903,LOAD,86871503,5755.627366088048
904,LOAD,86756343,5763.267361327114
905,LOAD,79289939,6305.970294667524
906,LOAD,86798395,5760.475179293349
907,LOAD,87315151,5726.383042045018
908,LOAD,84128958,5943.256779669136
909,LOAD,83974297,5954.202867575063
910,LOAD,93013514,5375.562953142487
911,LOAD,85814647,5826.511178214134
912,LOAD,85965968,5816.255102251626
913,LOAD,85517721,5846.7414022878365
914,LOAD,89993669,5555.946385517408
915,LOAD,81655158,6123.311891699481
916,LOAD,85849243,5824.1631787015285
917,LOAD,87539221,5711.725490451874
918,LOAD,89148846,5608.597558290323
919,LOAD,82593338,6053.757023357017
920,LOAD,85231129,5866.401230001306
921,LOAD,82561908,6056.0615919874335
922,LOAD,90809988,5506.0022692657985
923,LOAD,85604458,5840.817308836884
924,LOAD,88269206,5664.489606941746
925,LOAD,83716127,5972.5648798827015
926,LOAD,92408886,5410.735067188235
927,LOAD,88128630,5673.525164296779
928,LOAD,88268392,5664.541844151869
929,LOAD,85159535,5871.333139618482
930,LOAD,85158984,5871.371128617505
931,LOAD,84870146,5891.353126693101
932,LOAD,90365406,5533.090837881036
933,LOAD,83818603,5965.262866526181
934,LOAD,85554739,5844.211622222353
935,LOAD,87862616,5690.702402942339
936,LOAD,93141110,5368.198854404892
937,LOAD,86539264,5777.724201583226
938,LOAD,87734367,5699.021000516252
939,LOAD,86020683,5812.555568757807
940,LOAD,91057156,5491.056628212724
941,LOAD,84949437,5885.8541934774685
942,LOAD,87056244,5743.413419030575
943,LOAD,86453127,5783.4807987916965
944,LOAD,86569079,5775.734312709969
945,LOAD,86416602,5785.9252554271925
946,LOAD,90538152,5522.533749087346
947,LOAD,88219379,5667.688955280449
948,LOAD,93086882,5371.326112308714
949,LOAD,90344096,5534.395960971263
950,LOAD,84134651,5942.854627161881
951,LOAD,84321881,5929.6589932570405
952,LOAD,88809092,5630.054184091872
953,LOAD,93166127,5366.757383828996
954,LOAD,89383251,5593.889172816057
955,LOAD,84159875,5941.073462858637
956,LOAD,89869615,5563.615689240462
957,LOAD,84359113,5927.041930846285
958,LOAD,88107665,5674.875165514827
959,LOAD,89115462,5610.698623769689
960,LOAD,88482324,5650.846150921624
961,LOAD,89308926,5598.544539657772
962,LOAD,91441816,5467.957897949008
963,LOAD,84809601,5895.558923806279
964,LOAD,93058388,5372.9707847507525
965,LOAD,90608681,5518.235057411332
966,LOAD,93618593,5340.819424620065
967,LOAD,85614923,5840.103366091914
968,LOAD,84500977,5917.0913491331585
969,LOAD,93574525,5343.3346308730925
970,LOAD,82920243,6029.8906745847335
971,LOAD,88469871,5651.641562809557
972,LOAD,98544374,5073.856372561664
973,LOAD,91730947,5450.723189416109
974,LOAD,83797149,5966.790111200561
975,LOAD,88669977,5638.887218838458
976,LOAD,93677029,5337.487806108796
977,LOAD,82712011,6045.071253315314
978,LOAD,87129669,5738.573389966626
979,LOAD,89462003,5588.96495979416
980,LOAD,85396319,5855.0533073913875
981,LOAD,83531079,5985.796017312311
982,LOAD,87849494,5691.552418048077
983,LOAD,89788683,5568.630514382308
984,LOAD,92134180,5426.867640217778
985,LOAD,85881093,5822.003220196557
986,LOAD,92728372,5392.092940011931
987,LOAD,89591021,5580.916417952196
988,LOAD,95238889,5249.956244239682
989,LOAD,89561373,5582.7638997897
990,LOAD,88610933,5642.6445707325975
991,LOAD,88460210,5652.25879522556
992,LOAD,85940604,5817.971677276087
993,LOAD,90410982,5530.301617562344
994,LOAD,88210982,5668.2284752254545
995,LOAD,91114870,5487.5784819755545
996,LOAD,89257851,5601.748130817086
997,LOAD,92705178,5393.4419930675285
998,LOAD,84638190,5907.4987307738975
999,LOAD,92596674,5399.761982811608
1000,LOAD,89894498,5562.0756678567805
1001,LOAD,86540893,5777.615444758583
1002,LOAD,94045118,5316.597082689609
1003,LOAD,86372860,5788.855434450127
1004,LOAD,86759574,5763.052732370493
1005,LOAD,89761316,5570.328313813937
1006,LOAD,84236145,5935.694231971323
1007,LOAD,87935284,5685.999717701487
1008,LOAD,94060661,5315.718544652796
1009,LOAD,90891110,5501.0880602074285
1010,LOAD,84427231,5922.259845286173
1011,LOAD,93146461,5367.8904666061335
1012,LOAD,88599837,5643.3512400254185
1013,LOAD,87409122,5720.226774500721
1014,LOAD,84659599,5906.00482291441
1015,LOAD,95453869,5238.132358993222
1016,LOAD,91474200,5466.022113339062
1017,LOAD,90060030,5551.852469958094
1018,LOAD,85543847,5844.955745326721
1019,LOAD,92580136,5400.726566225826
1020,LOAD,87224157,5732.356920342606
1021,LOAD,95401841,5240.989007748813
1022,LOAD,92585684,5400.402939184421
1023,LOAD,115191172,4340.610407193357
1024,LOAD,93959750,5321.427526148164
1025,LOAD,92831303,5386.114207618092
1026,LOAD,84993608,5882.79532738509
1027,LOAD,87576877,5709.2695826547915
1028,LOAD,85727016,5832.467095320336
1029,LOAD,88856278,5627.064415189662
1030,LOAD,83575572,5982.609368201512
1031,LOAD,92195735,5423.244361574861
1032,LOAD,92092005,5429.35296066146
1033,LOAD,84608304,5909.5854231991225
1034,LOAD,93160844,5367.061723914824
1035,LOAD,87539279,5711.721706092645
1036,LOAD,90262732,5539.384737435158
1037,LOAD,93325520,5357.5913640770505
1038,LOAD,94876248,5270.022903941142
1039,LOAD,92949071,5379.289912429571
1040,LOAD,91738189,5450.292898195319
1041,LOAD,85530197,5845.888557932352
1042,LOAD,91920647,5439.474332681753
1043,LOAD,89746458,5571.250511078666
1044,LOAD,88512573,5648.914985219105
1045,LOAD,91505530,5464.150636579014
1046,LOAD,90381063,5532.132322896004
1047,LOAD,86006662,5813.503144675002
1048,LOAD,84888115,5890.106053126518
1049,LOAD,90916691,5499.540232936986
1050,LOAD,94567884,5287.207229887897
1051,LOAD,87149597,5737.261183204324
1052,LOAD,94592512,5285.830658562064
1053,LOAD,85584414,5842.185237139089
1054,LOAD,84748987,5899.775533600184
1055,LOAD,88083817,5676.411593289606
1056,LOAD,85564953,5843.51399106127
1057,LOAD,83924503,5957.735609110488
1058,LOAD,90743142,5510.058269747811
1059,LOAD,87308313,5726.831533212651
1060,LOAD,84318983,5929.862792581357
1061,LOAD,91601180,5458.44496763033
1062,LOAD,90351049,5533.970059384701
1063,LOAD,81263204,6152.846250069097
1064,LOAD,86724181,5765.404691455085
1065,LOAD,85625628,5839.373230640715
1066,LOAD,85754747,5830.58101728176
1067,LOAD,82697618,6046.123359925555
1068,LOAD,85933488,5818.453453210232
1069,LOAD,88448696,5652.994590219849
1070,LOAD,84904430,5888.974226668738
1071,LOAD,90635811,5516.583285165287
1072,LOAD,86635969,5771.274977024843
1073,LOAD,87497486,5714.449898594801
1074,LOAD,83503450,5987.776552944819
1075,LOAD,83622939,5979.220605963155
1076,LOAD,97326350,5137.354888989466
1077,LOAD,85699849,5834.315997452924
1078,LOAD,87829128,5692.872187003838
1079,LOAD,92215583,5422.077090810129
1080,LOAD,96454115,5183.812012582355
1081,LOAD,82435528,6065.345999846086
1082,LOAD,82646064,6049.89488670628
1083,LOAD,82402744,6067.759102779393
1084,LOAD,88404857,5655.7978483014795
1085,LOAD,82444745,6064.667917888521
1086,LOAD,84561818,5912.834087838556
1087,LOAD,85603012,5840.915971508105
1088,LOAD,92123742,5427.482526708478
1089,LOAD,86503069,5780.141742716666
1090,LOAD,86343048,5790.854175080777
1091,LOAD,87970966,5683.6934131199605
1092,LOAD,88211159,5668.217101648103
1093,LOAD,84238292,5935.542947618169
1094,LOAD,92400047,5411.25265877841
1095,LOAD,87712861,5700.41832291846
1096,LOAD,82588017,6054.147056224876
1097,LOAD,89422173,5591.4543700475715
1098,LOAD,93949245,5322.022545258346
1099,LOAD,86550445,5776.977807566443
1100,LOAD,87637430,5705.324768195507
1101,LOAD,84167959,5940.502846219664
1102,LOAD,91161111,5484.794936296905
1103,LOAD,79363438,6300.130294254642
1104,LOAD,84726072,5901.371185955605
1105,LOAD,83775604,5968.324621091362
1106,LOAD,92769476,5389.703828875782
1107,LOAD,83573909,5982.7284134812935
1108,LOAD,86609804,5773.018491070595
1109,LOAD,90141125,5546.857774406521
1110,LOAD,84011268,5951.582590087796
1111,LOAD,85726162,5832.525198083637
1112,LOAD,86387798,5787.854437498221
1113,LOAD,87614659,5706.80757885504
1114,LOAD,87248369,5730.766153347807
1115,LOAD,85971880,5815.8551377496915
1116,LOAD,82604788,6052.917901078567
1117,LOAD,83541394,5985.056940754424
1118,LOAD,87349670,5724.120079675172
1119,LOAD,94565811,5287.32313203553
1120,LOAD,85152649,5871.807934008019
1121,LOAD,84567942,5912.405909085502
1122,LOAD,77089674,6485.952969524816
1123,LOAD,82192996,6083.2433946074925
1124,LOAD,83330891,6000.175853153904
1125,LOAD,86566501,5775.906317387138
1126,LOAD,87053078,5743.622299030024
1127,LOAD,92568314,5401.416298886032
1128,LOAD,86397755,5787.187410135831
1129,LOAD,92705980,5393.395334367858
1130,LOAD,85795501,5827.811414027409
1131,LOAD,99752032,5012.429220489464
1132,LOAD,90319265,5535.917503314493
1133,LOAD,92688795,5394.395298806075
1134,LOAD,87639230,5705.207587971734
1135,LOAD,83248694,6006.100227830601
1136,LOAD,91550849,5461.445802648974
1137,LOAD,85673809,5836.089300056684
1138,LOAD,85376310,5856.42551194822
1139,LOAD,91336297,5474.274920517087
1140,LOAD,92788826,5388.579870597781
1141,LOAD,90995018,5494.806320055896
1142,LOAD,88205739,5668.5653979952485
1143,LOAD,90114567,5548.492509540661
1144,LOAD,86250519,5797.066566057417
1145,LOAD,97676930,5118.9160019668925
1146,LOAD,90983418,5495.506884562195
1147,LOAD,87801746,5694.647575687162
1148,LOAD,87529581,5712.354546744603
1149,LOAD,96961355,5156.6936126253595
1150,LOAD,86653148,5770.130820867582
1151,LOAD,87650305,5704.4867100006095
1152,LOAD,92453884,5408.1016217771885
1153,LOAD,91836268,5444.472112041835
1154,LOAD,84144027,5942.1924268017265
1155,LOAD,88083153,5676.454383961483
1156,LOAD,90698362,5512.7787203036805
1157,LOAD,86542084,5777.5359326914295
1158,LOAD,93557159,5344.326456086594
1159,LOAD,94050461,5316.295047187488
1160,LOAD,88700515,5636.945850878093
1161,LOAD,91504122,5464.234715021909
1162,LOAD,86129110,5805.238205758773
1163,LOAD,88780048,5631.896031414626
1164,LOAD,91558416,5460.994432232204
1165,LOAD,91267865,5478.3794931545735
1166,LOAD,95976620,5209.602088508639
1167,LOAD,86827068,5758.572891117318
1168,LOAD,90871661,5502.265442248272
1169,LOAD,87534095,5712.059969318241
1170,LOAD,89243955,5602.620367956575
1171,LOAD,89468775,5588.541924263522
1172,LOAD,86648703,5770.426823353605
1173,LOAD,92199006,5423.0519578486565
1174,LOAD,88680818,5638.197879500841
1175,LOAD,93596517,5342.07912886331
1176,LOAD,86230094,5798.43969554295
1177,LOAD,87570341,5709.695706220899
1178,LOAD,89424506,5591.3084943404665
1179,LOAD,89425012,5591.276856636038
1180,LOAD,89172473,5607.111512988991
1181,LOAD,86767138,5762.5503332840135
1182,LOAD,88908269,5623.773869672347
1183,LOAD,91441132,5467.9987994899275
1184,LOAD,94002106,5319.029767269257
1185,LOAD,96517300,5180.418432757651
1186,LOAD,86515501,5779.311154887724
1187,LOAD,89259785,5601.626757223312
1188,LOAD,91095236,5488.761234451383
1189,LOAD,93934474,5322.859422196796
1190,LOAD,90806083,5506.23904788405
1191,LOAD,86884012,5754.798707960217
1192,LOAD,93512572,5346.874642695102
1193,LOAD,89728413,5572.370927813022
1194,LOAD,87304080,5727.109202685602
1195,LOAD,91602751,5458.351354535193
1196,LOAD,84104444,5944.989066213909
1197,LOAD,90557124,5521.376761037596
1198,LOAD,94619819,5284.305183462674
1199,LOAD,94418391,5295.578485339789
1200,LOAD,87429761,5718.876436137118
1201,LOAD,85435591,5852.361927244116
1202,LOAD,89798208,5568.039843289524
1203,LOAD,89203295,5605.174113803756
1204,LOAD,94532415,5289.191014531893
1205,LOAD,92025792,5433.259406232548
1206,LOAD,91505674,5464.142037793197
1207,LOAD,91138639,5486.147318921451
1208,LOAD,94621291,5284.222976835097
1209,LOAD,88277875,5663.933346832375
1210,LOAD,90913342,5499.742821026203
1211,LOAD,94328956,5300.599319682919
1212,LOAD,92552944,5402.313296484658
1213,LOAD,83505219,5987.649706062085
1214,LOAD,93623691,5340.528606162301
1215,LOAD,88320786,5661.181502619327
1216,LOAD,93334005,5357.104305124376
1217,LOAD,90210319,5542.603169377995
1218,LOAD,87276498,5728.919141554007
1219,LOAD,88084313,5676.379629594205
1220,LOAD,85577001,5842.691309081981
1221,LOAD,87000860,5747.069626668059
1222,LOAD,86045075,5810.907829413827
1223,LOAD,88728922,5635.1411549889
1224,LOAD,92303827,5416.893494567674
1225,LOAD,90136066,5547.169098771184
1226,LOAD,95781049,5220.239339830157
1227,LOAD,93046392,5373.66349465759
1228,LOAD,85148873,5872.068324380523
1229,LOAD,92013647,5433.97654915254
1230,LOAD,97181563,5145.008832591014
1231,LOAD,91510902,5463.829872423288
1232,LOAD,96943330,5157.65241404437
1233,LOAD,94337229,5300.134478192062
1234,LOAD,89138814,5609.228769860007
1235,LOAD,88458193,5652.3876765151645
1236,LOAD,87734318,5699.024183444385
1237,LOAD,85655163,5837.359739774239
1238,LOAD,92271381,5418.798272890269
1239,LOAD,85086935,5876.342825135257
1240,LOAD,83309590,6001.710007215255
1241,LOAD,90812168,5505.870094412899
1242,LOAD,91540984,5462.034360478362
1243,LOAD,97818812,5111.491233404062
1244,LOAD,98602699,5070.855109148685
1245,LOAD,93065441,5372.563592107193
1246,LOAD,94735933,5277.828424405764
1247,LOAD,94665650,5281.7468638307555
1248,LOAD,88613595,5642.475062658275
1249,LOAD,94011789,5318.481919326096
1250,LOAD,88058758,5678.026937422851
1251,LOAD,87494760,5714.62793886171
1252,LOAD,89567603,5582.37558283211
1253,LOAD,85859020,5823.49996540841
1254,LOAD,87749647,5698.0286199897755
1255,LOAD,87734632,5699.003786782852
1256,LOAD,92216674,5422.012943125665
1257,LOAD,90372555,5532.653137891255
1258,LOAD,92597631,5399.70617606837
1259,LOAD,102145697,4894.968801279999
1260,LOAD,93791377,5330.980480220479
1261,LOAD,90434445,5528.866794062816
1262,LOAD,88044105,5678.971919812235
1263,LOAD,96497968,5181.456256156606
1264,LOAD,90045304,5552.760419355128
1265,LOAD,100346187,4982.750365990489
1266,LOAD,86388827,5787.785496844401
1267,LOAD,87159917,5736.581873982281
1268,LOAD,88639449,5640.829288097222
1269,LOAD,93417519,5352.3151262452175
1270,LOAD,78219436,6392.273142956438
1271,LOAD,87500960,5714.223021095998
1272,LOAD,90335215,5534.9400563224435
1273,LOAD,91000789,5494.457855744526
1274,LOAD,93886495,5325.579573505221
1275,LOAD,85273353,5863.496419567317
1276,LOAD,89555922,5583.103705861015
1277,LOAD,93875004,5326.231464128619
1278,LOAD,96574067,5177.3733418517
1279,LOAD,92300625,5417.08141196227
1280,LOAD,87528224,5712.443108636592
1281,LOAD,89934454,5559.604553778689
1282,LOAD,93011641,5375.671202274562
1283,LOAD,90994119,5494.860607420134
1284,LOAD,82216819,6081.480724765088
1285,LOAD,95329107,5244.987766433184
1286,LOAD,88528810,5647.878922127158
1287,LOAD,90205881,5542.875857506453
1288,LOAD,91245418,5479.727212165328
1289,LOAD,91596825,5458.704491121826
1290,LOAD,85231517,5866.374524344087
1291,LOAD,89022934,5616.530230288748
1292,LOAD,91889741,5441.303833906769
1293,LOAD,86016777,5812.819515430112
1294,LOAD,97478030,5129.360944204555
1295,LOAD,90156049,5545.939574171002
1296,LOAD,90171227,5545.006058307269
1297,LOAD,89811446,5567.2191270587045
1298,LOAD,97072309,5150.799493190175
1299,LOAD,89617550,5579.2643293640585
1300,LOAD,96164312,5199.434068638686
1301,LOAD,86303979,5793.475640329399
1302,LOAD,94629098,5283.787022888035
1303,LOAD,84404629,5923.845717039998
1304,LOAD,90874778,5502.0767148394025
1305,LOAD,85460983,5850.62308492286
1306,LOAD,93015949,5375.422230009178
1307,LOAD,91184776,5483.371478589804
1308,LOAD,88888391,5625.03150720773
1309,LOAD,86603502,5773.4385845043535
1310,LOAD,94870358,5270.35009185904
1311,LOAD,86553706,5776.760153978848
1312,LOAD,95306618,5246.225398534234
1313,LOAD,87209820,5733.299300468686
1314,LOAD,87682379,5702.400022700114
1315,LOAD,89086710,5612.509430418971
1316,LOAD,85758033,5830.357606266459
1317,LOAD,86979561,5748.476932414042
1318,LOAD,88009411,5681.210615078426
1319,LOAD,86759324,5763.069338806743
1320,LOAD,85326131,5859.869586727189
1321,LOAD,94953109,5265.757016971398
1322,LOAD,86744800,5764.03427064216
1323,LOAD,93472721,5349.154220085237
1324,LOAD,97361170,5135.517578517185
1325,LOAD,90014483,5554.6616870531825
1326,LOAD,82243413,6079.514234167301
1327,LOAD,87857749,5691.017647174183
1328,LOAD,95932039,5212.023065620444
1329,LOAD,85678325,5835.781686908561
1330,LOAD,89740110,5571.644607968499
1331,LOAD,91405656,5470.121017456512
1332,LOAD,89446302,5589.946021468836
1333,LOAD,88353957,5659.056107696456
1334,LOAD,90765739,5508.686487970974
1335,LOAD,89037499,5615.611462761324
1336,LOAD,92820030,5386.768351615487
1337,LOAD,94752755,5276.891421257355
1338,LOAD,91482862,5465.504566308824
1339,LOAD,85177127,5870.120507821308
1340,LOAD,90476447,5526.300120958552
1341,LOAD,90547637,5521.955255441951
1342,LOAD,86777781,5761.843576064707
1343,LOAD,89816971,5566.876665212858
1344,LOAD,88350721,5659.263380544456
1345,LOAD,94833297,5272.409752874035
1346,LOAD,94433426,5294.73536203166
1347,LOAD,91874730,5442.19286413141
1348,LOAD,90297830,5537.231625610494
1349,LOAD,94457206,5293.4023900728125
1350,LOAD,94545350,5288.467386286052
1351,LOAD,94517833,5290.0070190987135
1352,LOAD,86968752,5749.191387729698
1353,LOAD,85345568,5858.535032539709
1354,LOAD,88659402,5639.559806640699
1355,LOAD,96073148,5204.367821901704
1356,LOAD,92154983,5425.642582995213
1357,LOAD,91097963,5488.596929439575
1358,LOAD,88400238,5656.093369341382
1359,LOAD,92036234,5432.642974070408
1360,LOAD,91626003,5456.966184588451
1361,LOAD,88887316,5625.099536136291
1362,LOAD,87975969,5683.3701939674
1363,LOAD,92831330,5386.11264106633
1364,LOAD,94768486,5276.015488946399
1365,LOAD,90786892,5507.402985003606
1366,LOAD,94911136,5268.085717570591
1367,LOAD,92131965,5426.998110807687
1368,LOAD,96929706,5158.377350283101
1369,LOAD,96533049,5179.57326718231
1370,LOAD,97393911,5133.791166883113
1371,LOAD,89077009,5613.120665064092
1372,LOAD,90426900,5529.328109224136
1373,LOAD,85649679,5837.7334957671
1374,LOAD,92622430,5398.260442961819
1375,LOAD,87430669,5718.817043479331
1376,LOAD,86333948,5791.464558067008
1377,LOAD,88185481,5669.867582850741
1378,LOAD,88390755,5656.700183180922
1379,LOAD,89345726,5596.238593438706
1380,LOAD,89172828,5607.089190891198
1381,LOAD,86367156,5789.237751443385
1382,LOAD,92528510,5403.73988514459
1383,LOAD,89257817,5601.750264629483
1384,LOAD,89677936,5575.507447004579
1385,LOAD,84411199,5923.384644731797
1386,LOAD,92810285,5387.333957653508
1387,LOAD,85385190,5855.816447793815
1388,LOAD,84451326,5920.570151852914
1389,LOAD,87467856,5716.385685731225
1390,LOAD,84403137,5923.95043326411
1391,LOAD,89147391,5608.689097811062
1392,LOAD,89282784,5600.183793551957
1393,LOAD,90870039,5502.36365585801
1394,LOAD,87406124,5720.422976312278
1395,LOAD,95682805,5225.599312227521
1396,LOAD,82432282,6065.584839686957
1397,LOAD,87029481,5745.179613331257
1398,LOAD,90575846,5520.235494129418
1399,LOAD,90441574,5528.430984626605
1400,LOAD,89728051,5572.393409057777
1401,LOAD,91071343,5490.201237067515
1402,LOAD,90647096,5515.896504836735
1403,LOAD,90984511,5495.440866852601
1404,LOAD,90843223,5503.987897919474
1405,LOAD,84716085,5902.066886117317
1406,LOAD,85943890,5817.749231504416
1407,LOAD,88286025,5663.410488806127
1408,LOAD,96857725,5162.210861343275
1409,LOAD,86056476,5810.137984269772
1410,LOAD,86854601,5756.747417445393
1411,LOAD,86634773,5771.354649939465
1412,LOAD,86036492,5811.487525549042
1413,LOAD,80583721,6204.7271309300795
1414,LOAD,91389173,5471.107611401626
1415,LOAD,89443143,5590.143450124511
1416,LOAD,85899898,5820.728681191216
1417,LOAD,91301341,5476.370823512877
1418,LOAD,85025352,5880.599000636892
1419,LOAD,91618296,5457.425228690129
1420,LOAD,87358637,5723.532522605636
1421,LOAD,89370053,5594.715267764248
1422,LOAD,88879102,5625.619394759411
1423,LOAD,88756934,5633.362684655151
1424,LOAD,89232530,5603.337706551636
1425,LOAD,89766393,5570.013267660203
1426,LOAD,96774219,5166.665307833691
1427,LOAD,84574296,5911.961714703484
1428,LOAD,97147374,5146.819511559828
1429,LOAD,97442745,5131.218337496548
1430,LOAD,88786410,5631.492477283405
1431,LOAD,91229701,5480.671256392696
1432,LOAD,100124313,4993.792067267418
1433,LOAD,93644047,5339.367701611614
1434,LOAD,89260436,5601.585903075804
1435,LOAD,91633768,5456.5037639836
1436,LOAD,85759182,5830.279491238618
1437,LOAD,94752089,5276.928511834711
1438,LOAD,91476417,5465.889640168132
1439,LOAD,91469278,5466.316242268797
1440,LOAD,89584926,5581.29612118003
1441,LOAD,100260552,4987.0062554612705
1442,LOAD,89261109,5601.543668923046
1443,LOAD,96812849,5164.603719078652
1444,LOAD,95881814,5214.753237772494
1445,LOAD,91395353,5470.737664309912
1446,LOAD,85266418,5863.973317138759
1447,LOAD,90546570,5522.020326115058
1448,LOAD,86366021,5789.3138321146
1449,LOAD,98302666,5086.332043120784
1450,LOAD,87534523,5712.032040204297
1451,LOAD,91246355,5479.670941376234
1452,LOAD,86031023,5811.8569623425265
1453,LOAD,89891031,5562.290191109278
1454,LOAD,92528417,5403.745316425331
1455,LOAD,91364483,5472.586103289174
1456,LOAD,87483575,5715.358568737046
1457,LOAD,100476376,4976.294129079655
1458,LOAD,89128658,5609.867928225734
1459,LOAD,97549712,5125.591759819855
1460,LOAD,89121370,5610.326681468204
1461,LOAD,99547070,5022.7495394892085
1462,LOAD,89236740,5603.073352970985
1463,LOAD,88413620,5655.237281314802
1464,LOAD,87480297,5715.572730622988
1465,LOAD,90297105,5537.276084321862
1466,LOAD,87731948,5699.178137478493
1467,LOAD,91330454,5474.625145299289
1468,LOAD,87651030,5704.439525696389
1469,LOAD,96144543,5200.5031632424525
1470,LOAD,91946354,5437.953526683614
1471,LOAD,90326947,5535.446692336452
1472,LOAD,90231209,5541.319966132782
1473,LOAD,94104851,5313.222375751915
1474,LOAD,87772592,5696.539074521122
1475,LOAD,89552580,5583.312060914381
1476,LOAD,88852482,5627.304817438864
1477,LOAD,94402652,5296.461374835105
1478,LOAD,88566254,5645.491114482498
1479,LOAD,91707369,5452.124572453932
1480,LOAD,90301989,5536.976599707012
1481,LOAD,92705568,5393.4193035740855
1482,LOAD,96193054,5197.880503929108
1483,LOAD,88862526,5626.668771490921
1484,LOAD,92230294,5421.2122537525465
1485,LOAD,90601486,5518.673280921684
1486,LOAD,92830109,5386.183484929443
1487,LOAD,85724878,5832.612558515394
1488,LOAD,90338626,5534.731068413637
1489,LOAD,86818210,5759.160434199231
1490,LOAD,97310628,5138.1849061748935
1491,LOAD,94318369,5301.194298641869
1492,LOAD,90799199,5506.656506958833
1493,LOAD,85376107,5856.4394368555595
1494,LOAD,93242107,5362.384185505375
1495,LOAD,94020097,5318.011956528826
1496,LOAD,92020426,5433.576236649893
1497,LOAD,87033582,5744.908901945458
1498,LOAD,95532897,5233.799201127545
1499,LOAD,87507281,5713.810259971397
1500,LOAD,95881665,5214.761341493183
1501,LOAD,88783331,5631.687777067072
1502,LOAD,87018976,5745.873175984052
1503,LOAD,91402946,5470.283200718717
1504,LOAD,89332242,5597.083301681827
1505,LOAD,90689081,5513.34289074999
1506,LOAD,96369093,5188.385450509532
1507,LOAD,90929785,5498.748292432452
1508,LOAD,90040244,5553.07246835093
1509,LOAD,86828189,5758.498544752557
1510,LOAD,87590820,5708.360762006795
1511,LOAD,92407840,5410.796313386397
1512,LOAD,94468797,5292.752907608213
1513,LOAD,92068153,5430.759537448307
1514,LOAD,93491591,5348.074566406726
1515,LOAD,93775743,5331.869244693694
1516,LOAD,87046043,5744.086494546341
1517,LOAD,88237060,5666.553260047423
1518,LOAD,84194008,5938.6648988132265
1519,LOAD,90302388,5536.9521346434385
1520,LOAD,94935111,5266.755310371945
1521,LOAD,90047354,5552.634006325161
1522,LOAD,97722747,5116.5160144341835
1523,LOAD,91794662,5446.939823145708
1524,LOAD,87795914,5695.02585279766
1525,LOAD,86440350,5784.335671940245
1526,LOAD,85815221,5826.472205903891
1527,LOAD,98119202,5095.842503896433
1528,LOAD,97408840,5133.004355662176
1529,LOAD,94027199,5317.610279978669
1530,LOAD,84351213,5927.597034081774
1531,LOAD,92044433,5432.1590530086705
1532,LOAD,91046990,5491.6697410864435
1533,LOAD,88502718,5649.5440060948185
1534,LOAD,89966949,5557.596490239988
1535,LOAD,84957473,5885.2974593535755
1536,LOAD,88196667,5669.148472470053
1537,LOAD,97565312,5124.772214124627
1538,LOAD,92157652,5425.485449650996
1539,LOAD,97820874,5111.383486514341
1540,LOAD,87861011,5690.806357782521
1541,LOAD,99706259,5014.730318986293
1542,LOAD,93304837,5358.778988060394
1543,LOAD,84922687,5887.708192747127
1544,LOAD,88732700,5634.901225816412
1545,LOAD,88484982,5650.676405177999
1546,LOAD,92337688,5414.907074563097
1547,LOAD,89716350,5573.120172632971
1548,LOAD,94916828,5267.769799471175
1549,LOAD,89250663,5602.199280021035
1550,LOAD,90651925,5515.602674736361
1551,LOAD,86415129,5786.0238801471905
1552,LOAD,97599675,5122.967878735252
1553,LOAD,91917713,5439.647959909534
1554,LOAD,89510280,5585.950574615564
1555,LOAD,88283618,5663.564898303103
1556,LOAD,96695715,5170.859949688567
1557,LOAD,88110155,5674.714793090535
1558,LOAD,90656812,5515.305347379742
1559,LOAD,90090717,5549.961379483749
1560,LOAD,92714315,5392.910469111485
1561,LOAD,90665898,5514.752636101393
1562,LOAD,91852431,5443.514064423619
1563,LOAD,90123249,5547.9579969426095
1564,LOAD,91874114,5442.229353090687
1565,LOAD,85845951,5824.386522318332
1566,LOAD,95882488,5214.716580988178
1567,LOAD,88418610,5654.918121875021
1568,LOAD,88248005,5665.850463135116
1569,LOAD,94292876,5302.627528298108
1570,LOAD,85626252,5839.330676297731
1571,LOAD,93512216,5346.894998189327
1572,LOAD,94291352,5302.713232916631
1573,LOAD,88970930,5619.813123230251
1574,LOAD,90347249,5534.202817841194
1575,LOAD,90282698,5538.159703645542
1576,LOAD,86897766,5753.887850235413
1577,LOAD,90666792,5514.698259093583
1578,LOAD,90639559,5516.355171145526
1579,LOAD,89333902,5596.979296840745
1580,LOAD,90807761,5506.137300312911
1581,LOAD,88491108,5650.285224138
1582,LOAD,94558895,5287.70984474808
1583,LOAD,96427033,5185.267911333536
1584,LOAD,87671270,5703.12258508403
1585,LOAD,95985742,5209.106994245041
1586,LOAD,95196977,5252.267621901481
1587,LOAD,94856043,5271.145455645878
1588,LOAD,95247986,5249.4548283677095
1589,LOAD,93608087,5341.418845574743
1590,LOAD,90655030,5515.413761376506
1591,LOAD,90448394,5528.014129250321
1592,LOAD,90166621,5545.289314989413
1593,LOAD,98575790,5072.239339902831
1594,LOAD,88981442,5619.1492154060625
1595,LOAD,89205795,5605.017028321982
1596,LOAD,88278613,5663.885996940165
1597,LOAD,86968553,5749.2045429340415
1598,LOAD,91122665,5487.109052396569
1599,LOAD,90907132,5500.1185165537945
1600,LOAD,87633991,5705.548660907159
1601,LOAD,97835642,5110.6119383363375
1602,LOAD,96080040,5203.9945029165265
1603,LOAD,84904923,5888.94003237009
1604,LOAD,88573000,5645.061136012103
1605,LOAD,89552846,5583.295476728903
1606,LOAD,93430960,5351.545140925449
1607,LOAD,88104958,5675.0495244546855
1608,LOAD,93327785,5357.461339085676
1609,LOAD,98414182,5080.56857089967
1610,LOAD,90321982,5535.750975880932
1611,LOAD,92618138,5398.5106027504025
1612,LOAD,94870011,5270.369368883071
1613,LOAD,98943701,5053.378789620978
1614,LOAD,93555464,5344.423282428485
1615,LOAD,85475302,5849.642976400364
1616,LOAD,88262693,5664.907595783418
1617,LOAD,86455648,5783.312155615327
1618,LOAD,93261643,5361.260899081523
1619,LOAD,88766141,5632.778381117188
1620,LOAD,93103915,5370.343449037562
1621,LOAD,93880503,5325.919482983597
1622,LOAD,92961437,5378.574343681887
1623,LOAD,95256470,5248.987286637852
1624,LOAD,95838026,5217.1358370841235
1625,LOAD,91565984,5460.543076782749
1626,LOAD,92733188,5391.812907370337
1627,LOAD,93941949,5322.435880056097
1628,LOAD,88123754,5673.839087699328
1629,LOAD,87966741,5683.9663981640515
1630,LOAD,90554101,5521.561083136367
1631,LOAD,89079078,5612.9902916148285
1632,LOAD,91235036,5480.350772262533
1633,LOAD,87704793,5700.942706745798
1634,LOAD,94933038,5266.870317581115
1635,LOAD,90998420,5494.600895268291
1636,LOAD,87404870,5720.505047373219
1637,LOAD,87418348,5719.62307043368
1638,LOAD,90832833,5504.617476810396
1639,LOAD,94916274,5267.800545984348
1640,LOAD,93000081,5376.339403403315
1641,LOAD,83611785,5980.01824742768
1642,LOAD,88672961,5638.697460435544
1643,LOAD,88376862,5657.589426517542
1644,LOAD,95011774,5262.505676401747
1645,LOAD,89917944,5560.625363053229
1646,LOAD,91656894,5455.127030597392
1647,LOAD,91601006,5458.455336178295
1648,LOAD,95177078,5253.365731610294
1649,LOAD,91499564,5464.506912841683
1650,LOAD,99320038,5034.230856818642
1651,LOAD,88074715,5676.99821679809
1652,LOAD,92804005,5387.698515812976
1653,LOAD,89189353,5606.050309614871
1654,LOAD,94719863,5278.723851194759
1655,LOAD,89003888,5617.732115253212
1656,LOAD,96720862,5169.515548775817
1657,LOAD,85937570,5818.1770790121245
1658,LOAD,90537709,5522.560770783365
1659,LOAD,92038321,5432.519787056959
1660,LOAD,96799031,5165.340962968938
1661,LOAD,87457253,5717.0787195888715
1662,LOAD,93349863,5356.194256010852
1663,LOAD,96797278,5165.434507362903
1664,LOAD,93831046,5328.726698836971
1665,LOAD,94085413,5314.32008487862
1666,LOAD,95234621,5250.191524361713
1667,LOAD,86977388,5748.620549515696
1668,LOAD,93363694,5355.400783520841
1669,LOAD,87805801,5694.384588553551
1670,LOAD,95521349,5234.43193835129
1671,LOAD,86282702,5794.904290317658
1672,LOAD,92800762,5387.886793429563
1673,LOAD,95079783,5258.741492920741
1674,LOAD,100109364,4994.53777370916
1675,LOAD,91028602,5492.779071791084
1676,LOAD,93957461,5321.557167237629
1677,LOAD,90507819,5524.38458383358
1678,LOAD,93657363,5338.60856193442
1679,LOAD,88056704,5678.159382390692
1680,LOAD,94067483,5315.333035965255
1681,LOAD,87339753,5724.770025397255
1682,LOAD,95439945,5238.896564745505
1683,LOAD,86714542,5766.045561308505
1684,LOAD,88243532,5666.13766094494
1685,LOAD,92054251,5431.579688807636
1686,LOAD,97001986,5154.533640166914
1687,LOAD,86269583,5795.785520372806
1688,LOAD,94581871,5286.42534466251
1689,LOAD,96384511,5187.555498414055
1690,LOAD,89201305,5605.299160141211
1691,LOAD,95420553,5239.961248180987
1692,LOAD,96525790,5179.962785075367
1693,LOAD,88772250,5632.390752740863
1694,LOAD,96999324,5154.675098560481
1695,LOAD,89219912,5604.130163230827
1696,LOAD,91243337,5479.85218909738
1697,LOAD,91924794,5439.228941867414
1698,LOAD,92437412,5409.065325195387
1699,LOAD,93313992,5358.253240307198
1700,LOAD,95931460,5212.054523093884
1701,LOAD,85385719,5855.780168578308
1702,LOAD,90984390,5495.448175230938
1703,LOAD,95777203,5220.448962160651
1704,LOAD,98579623,5072.04211969851
1705,LOAD,87880615,5689.53687909444
1706,LOAD,96248345,5194.894520004474
1707,LOAD,90852449,5503.428971958697
1708,LOAD,90970420,5496.29209142928
1709,LOAD,90018681,5554.402646712853
1710,LOAD,94389204,5297.215982454943
1711,LOAD,91910823,5440.055737505473
1712,LOAD,92255409,5419.736418923686
1713,LOAD,90508744,5524.328124584294
1714,LOAD,97115350,5148.516686600007
1715,LOAD,86241056,5797.702662639011
1716,LOAD,94678926,5281.006250535625
1717,LOAD,87077744,5741.995336948556
1718,LOAD,91944163,5438.0831113770655
1719,LOAD,87694288,5701.625629254211
1720,LOAD,91798742,5446.697733613822
1721,LOAD,91766905,5448.587374718587
1722,LOAD,89123558,5610.188946899988
1723,LOAD,87092165,5741.044558945113
1724,LOAD,89206197,5604.9917697982355
1725,LOAD,87911297,5687.551168765033
1726,LOAD,99438045,5028.256539033929
1727,LOAD,88890950,5624.869573336769
1728,LOAD,94820933,5273.09723898203
1729,LOAD,88953023,5620.944439403706
1730,LOAD,94740509,5277.573503431357
1731,LOAD,88516020,5648.69500458787
1732,LOAD,86909461,5753.113576437898
1733,LOAD,90557997,5521.323533690791
1734,LOAD,90958649,5497.003369080382
1735,LOAD,88975952,5619.495928517854
1736,LOAD,91252145,5479.323253168459
1737,LOAD,85220399,5867.139861666219
1738,LOAD,94212249,5307.165525790601
1739,LOAD,94974029,5264.597124757127
1740,LOAD,92541344,5402.990473101406
1741,LOAD,90924879,5499.044986356264
1742,LOAD,94448742,5293.87675698211
1743,LOAD,95380471,5242.163251636701
1744,LOAD,91596517,5458.722846415656
1745,LOAD,90559705,5521.219398848528
1746,LOAD,97603575,5122.763177475825
1747,LOAD,88595248,5643.643550724075
1748,LOAD,90045118,5552.771889309979
1749,LOAD,90892918,5500.978635101142
1750,LOAD,90375825,5532.452954094749
1751,LOAD,92903047,5381.954802838705
1752,LOAD,96280137,5193.179149713923
1753,LOAD,92578476,5400.8234052157
1754,LOAD,86530598,5778.302838031929
1755,LOAD,93832956,5328.618230891074
1756,LOAD,99144569,5043.140587963018
1757,LOAD,91565171,5460.591560518136
1758,LOAD,96391145,5187.198471394857
1759,LOAD,94040892,5316.83599938631
1760,LOAD,87404504,5720.529001571818
1761,LOAD,94135596,5311.4870595815855
1762,LOAD,94528732,5289.397090399986
1763,LOAD,97460097,5130.304764625876
1764,LOAD,94518907,5289.946909775417
1765,LOAD,93880815,5325.901783021377
1766,LOAD,94635934,5283.405350022752
1767,LOAD,93433183,5351.417814803548
1768,LOAD,95558785,5232.381303299325
1769,LOAD,92267744,5419.011870497235
1770,LOAD,87127832,5738.694381836564
1771,LOAD,92268846,5418.9471492902385
1772,LOAD,92059795,5431.252589689126
1773,LOAD,97370579,5135.021329184045
1774,LOAD,95621347,5228.957922962537
1775,LOAD,92189947,5423.584851393829
1776,LOAD,96961176,5156.703132396002
1777,LOAD,92830281,5386.173505173382
1778,LOAD,94619494,5284.323334047845
1779,LOAD,88073449,5677.0798200488325
1780,LOAD,90078415,5550.719337146418
1781,LOAD,90797088,5506.784534763934
1782,LOAD,88247063,5665.910943687723
1783,LOAD,95971216,5209.895433647522
1784,LOAD,95466602,5237.433715300771
1785,LOAD,92062189,5431.111354521453
1786,LOAD,96988704,5155.239521501391
1787,LOAD,87460579,5716.861307309662
1788,LOAD,87783386,5695.838618027334
1789,LOAD,94099769,5313.509324342763
1790,LOAD,99256438,5037.456613141809
1791,LOAD,88731502,5634.977304903506
1792,LOAD,109285660,4575.165671324125
1793,LOAD,94743730,5277.394081909167
1794,LOAD,96941521,5157.748659627488
1795,LOAD,98673077,5067.238351146179
1796,LOAD,93912761,5324.0900882468995
1797,LOAD,95163661,5254.106396768405
1798,LOAD,93526953,5346.052490344682
1799,LOAD,96876958,5161.186006686957
1800,LOAD,94110212,5312.919707374584
1801,LOAD,89460225,5589.076039100058
1802,LOAD,91161110,5484.794996462856
1803,LOAD,88665716,5639.158206312799
1804,LOAD,93664393,5338.207871586805
1805,LOAD,92790582,5388.47789531054
1806,LOAD,92375936,5412.665047312755
1807,LOAD,105486521,4739.9420822685015
1808,LOAD,98924932,5054.337565781698
1809,LOAD,96611968,5175.342251593509
1810,LOAD,92074772,5430.369135206764
1811,LOAD,97669955,5119.281564120716
1812,LOAD,96442927,5184.413368126
1813,LOAD,93669904,5337.893802047667
1814,LOAD,85988204,5814.751055854126
1815,LOAD,95131841,5255.863806945564
1816,LOAD,94680920,5280.895031438225
1817,LOAD,89520053,5585.340750412648
1818,LOAD,88991574,5618.509455737911
1819,LOAD,93699490,5336.208340088084
1820,LOAD,89515499,5585.624898320681
1821,LOAD,89301370,5599.018245744718
1822,LOAD,90911810,5499.835499920197
1823,LOAD,98460424,5078.182478677931
1824,LOAD,91582492,5459.558798640247
1825,LOAD,94581945,5286.4212086143925
1826,LOAD,99650040,5017.559451054912
1827,LOAD,95660471,5226.819341083947
1828,LOAD,92917642,5381.109434524824
1829,LOAD,88914501,5623.379700460783
1830,LOAD,87028961,5745.213940908705
1831,LOAD,88443704,5653.313660404815
1832,LOAD,95688605,5225.282571524582
1833,LOAD,94395537,5296.860592042609
1834,LOAD,89083153,5612.7335322313975
1835,LOAD,94622163,5284.17427955013
1836,LOAD,95934555,5211.886373997358
1837,LOAD,95026004,5261.717624156858
1838,LOAD,89314460,5598.1976490704865
1839,LOAD,97087785,5149.97844476522
1840,LOAD,92904447,5381.87370083587
1841,LOAD,96949417,5157.328589196158
1842,LOAD,90795995,5506.850825303472
1843,LOAD,96406098,5186.393914625608
1844,LOAD,89318495,5597.944748173377
1845,LOAD,92268389,5418.973989022395
1846,LOAD,85993473,5814.394773891734
1847,LOAD,90733745,5510.628928630687
1848,LOAD,98486327,5076.846860173799
1849,LOAD,89220570,5604.088832877889
1850,LOAD,90423841,5529.515164037325
1851,LOAD,95041963,5260.834101248519
1852,LOAD,92208456,5422.496175404997
1853,LOAD,93335172,5357.037323507584
1854,LOAD,86454305,5783.401994845716
1855,LOAD,93864830,5326.808773850653
1856,LOAD,94597013,5285.579154597619
1857,LOAD,94301398,5302.148330823261
1858,LOAD,91091018,5489.0153933728125
1859,LOAD,97149719,5146.695277626073
1860,LOAD,90137084,5547.106449549666
1861,LOAD,94514470,5290.195247352071
1862,LOAD,99388671,5030.75446093851
1863,LOAD,90227099,5541.5723828159435
1864,LOAD,87838763,5692.247738051593
1865,LOAD,88928329,5622.5052873758605
1866,LOAD,92660698,5396.031011983096
1867,LOAD,97363950,5135.370945817215
1868,LOAD,87470652,5716.202961422992
1869,LOAD,93232044,5362.962974403951
1870,LOAD,88840908,5628.03793045429
1871,LOAD,90124067,5547.907641584794
1872,LOAD,92595888,5399.807818679809
1873,LOAD,88518529,5648.534896010303
1874,LOAD,89100227,5611.657981522314
1875,LOAD,92633839,5397.595580595554
1876,LOAD,89406103,5592.459387252345
1877,LOAD,91473770,5466.047808021906
1878,LOAD,88519865,5648.44964460802
1879,LOAD,89444003,5590.089701150786
1880,LOAD,88233033,5666.811884388016
1881,LOAD,89363193,5595.144748241034
1882,LOAD,87370080,5722.782902339108
1883,LOAD,91837549,5444.396169588541
1884,LOAD,89729616,5572.296219344124
1885,LOAD,95845930,5216.705602418381
1886,LOAD,95812909,5218.503489962924
1887,LOAD,90435378,5528.809754076551
1888,LOAD,86880982,5754.999408270961
1889,LOAD,88621256,5641.987290272663
1890,LOAD,103971161,4809.025841309976
1891,LOAD,89907796,5561.252997459754
1892,LOAD,88064924,5677.629381704798
1893,LOAD,93666115,5338.109731571551
1894,LOAD,89189786,5606.023093272137
1895,LOAD,96227819,5196.002623731917
1896,LOAD,96217910,5196.537733983205
1897,LOAD,96595252,5176.237854837834
1898,LOAD,89094413,5612.024179338832
1899,LOAD,88701512,5636.8824919241515
1900,LOAD,87826789,5693.02379937857
1901,LOAD,89080856,5612.878259723952
1902,LOAD,91722182,5451.244062205149
1903,LOAD,94502695,5290.854403676001
1904,LOAD,95848872,5216.54548005531
1905,LOAD,96004063,5208.112910804618
1906,LOAD,88781297,5631.816800333521
1907,LOAD,89486345,5587.444654265408
1908,LOAD,87602645,5707.5902217336015
1909,LOAD,93737405,5334.0499451632995
1910,LOAD,87136244,5738.140377039891
1911,LOAD,93131250,5368.7671968324275
1912,LOAD,97481537,5129.176410092919
1913,LOAD,95370289,5242.722919713497
1914,LOAD,91657459,5455.093403800339
1915,LOAD,95173393,5253.569135651179
1916,LOAD,94623566,5284.0959301829735
1917,LOAD,88600044,5643.338055227151
1918,LOAD,92602737,5399.408442970752
1919,LOAD,93179257,5366.001147658862
1920,LOAD,99887594,5005.62662466372
1921,LOAD,93444312,5350.780473401099
1922,LOAD,87348842,5724.17433994145
1923,LOAD,98014259,5101.298577383522
1924,LOAD,101639456,4919.349430599077
1925,LOAD,93764322,5332.518695117317
1926,LOAD,100199249,4990.057360609559
1927,LOAD,96470337,5182.94032703545
1928,LOAD,97993520,5102.378198068606
1929,LOAD,90713798,5511.840657360637
1930,LOAD,95811061,5218.604144254284
1931,LOAD,89858027,5564.3331674754
1932,LOAD,83447377,5991.800077790342
1933,LOAD,88892456,5624.774277808232
1934,LOAD,90958301,5497.02440022489
1935,LOAD,87358108,5723.567181651874
1936,LOAD,88775422,5632.1895039823075
1937,LOAD,89365186,5595.019966723954
1938,LOAD,92656953,5396.249108256345
1939,LOAD,91730390,5450.756286984063
1940,LOAD,89372606,5594.555450246131
1941,LOAD,92368187,5413.119129424939
1942,LOAD,96823942,5164.0120167799
1943,LOAD,84287074,5932.107691862693
1944,LOAD,87556329,5710.609452344673
1945,LOAD,92030858,5432.9603229386385
1946,LOAD,94408904,5296.110629565194
1947,LOAD,96698357,5170.718671052498
1948,LOAD,91323137,5475.06378367182
1949,LOAD,88703955,5636.727246265401
1950,LOAD,90809133,5506.054110218187
1951,LOAD,96607450,5175.584284648855
1952,LOAD,93594356,5342.202472123427
1953,LOAD,92066791,5430.8398779751105
1954,LOAD,90071491,5551.14603354351
1955,LOAD,85802431,5827.340719518775
1956,LOAD,89405198,5592.515996664982
1957,LOAD,94229157,5306.213235039341
1958,LOAD,91690469,5453.129485028591
1959,LOAD,91820290,5445.419525466539
1960,LOAD,100491298,4975.555196829083
1961,LOAD,91792416,5447.073100243924
1962,LOAD,91506740,5464.078383734356
1963,LOAD,92198223,5423.098013505098
1964,LOAD,94706748,5279.45484940524
1965,LOAD,95446084,5238.559603974952
1966,LOAD,89331617,5597.122461132658
1967,LOAD,94875480,5270.065563831667
1968,LOAD,86963335,5749.549508422141
1969,LOAD,95170832,5253.710506597231
1970,LOAD,95225116,5250.715578020404
1971,LOAD,94678448,5281.032912580063
1972,LOAD,102928864,4857.723874228322
1973,LOAD,98943734,5053.377104203486
1974,LOAD,108925775,4590.281776742006
1975,LOAD,90670230,5514.489154819614
1976,LOAD,97468862,5129.843416043987
1977,LOAD,95443533,5238.69961938647
1978,LOAD,102781361,4864.695263181035
1979,LOAD,94992816,5263.555930376882
1980,LOAD,96620494,5174.885568272917
1981,LOAD,90839697,5504.20153867312
1982,LOAD,98323217,5085.268924835931
1983,LOAD,96527404,5179.876172780943
1984,LOAD,91021906,5493.183146483441
1985,LOAD,92408461,5410.759951948556
1986,LOAD,96076947,5204.162034832351
1987,LOAD,92005022,5434.485956647019
1988,LOAD,94081715,5314.528970905771
1989,LOAD,101547366,4923.810628431268
1990,LOAD,93634570,5339.908112997155
1991,LOAD,92680168,5394.897428325767
1992,LOAD,92655028,5396.36122067763
1993,LOAD,89216267,5604.359124328751
1994,LOAD,98686076,5066.570890912716
1995,LOAD,96491814,5181.786716124956
1996,LOAD,102537072,4876.28513519481
1997,LOAD,96490896,5181.836014871289
1998,LOAD,98502940,5075.990625254434
1999,LOAD,91022147,5493.168602142509
2000,LOAD,99788421,5010.601380294413
2001,LOAD,96284780,5192.928726637792
2002,LOAD,96156283,5199.86821869976
2003,LOAD,93056274,5373.09284487363
2004,LOAD,94113288,5312.746059833761
2005,LOAD,92356849,5413.783659942751
2006,LOAD,96205968,5197.182777683813
2007,LOAD,97173601,5145.430393178493
2008,LOAD,101526915,4924.802452630419
2009,LOAD,94688829,5280.453938235945
2010,LOAD,98889723,5056.137127616385
2011,LOAD,96199761,5197.518110258091
2012,LOAD,85950648,5817.291802151392
2013,LOAD,88919029,5623.093342595993
2014,LOAD,94077179,5314.785214807515
2015,LOAD,90676998,5514.0775613237665
2016,LOAD,93304185,5358.81643465403
2017,LOAD,92733711,5391.782498599673
2018,LOAD,96386269,5187.460882005922
2019,LOAD,99276688,5036.429096023026
2020,LOAD,90821712,5505.2915100301125
2021,LOAD,92444048,5408.677041057311
2022,LOAD,97566975,5124.68486391015
2023,LOAD,99180783,5041.299179902623
2024,LOAD,95194081,5252.427406699793
2025,LOAD,88874206,5625.929305067434
2026,LOAD,92765611,5389.928386285301
2027,LOAD,88305227,5662.178978374632
2028,LOAD,91638709,5456.209558779358
2029,LOAD,91878046,5441.99644820483
2030,LOAD,97832475,5110.7773773483705
2031,LOAD,102800387,4863.794919371267
2032,LOAD,95978060,5209.523926614062
2033,LOAD,95099500,5257.651196904295
2034,LOAD,92178989,5424.229593145136
2035,LOAD,90558604,5521.286525132388
2036,LOAD,96849541,5162.647079556113
2037,LOAD,94981560,5264.179699722767
2038,LOAD,96493526,5181.694780228054
2039,LOAD,93070652,5372.262783761308
2040,LOAD,95816651,5218.299687806872
2041,LOAD,97646046,5120.5350393809085
2042,LOAD,96235795,5195.571980259528
2043,LOAD,92211849,5422.29665083497
2044,LOAD,94514365,5290.20112445341
2045,LOAD,94493159,5291.388342726483
2046,LOAD,88709347,5636.384630359189
2047,LOAD,93263886,5361.131960553305
2048,LOAD,90296416,5537.318336089885
2049,LOAD,96503909,5181.1372739315675
2050,LOAD,90435539,5528.799911282665
2051,LOAD,92392416,5411.699592312858
2052,LOAD,98882587,5056.502010814098
2053,LOAD,102675916,4869.691155226704
2054,LOAD,93992130,5319.594310715163
2055,LOAD,93834118,5328.55224365193
2056,LOAD,93934323,5322.867978725944
2057,LOAD,96139000,5200.803003983816
2058,LOAD,89573542,5582.005454244513
2059,LOAD,89819417,5566.725065694871
2060,LOAD,88881741,5625.452363720014
2061,LOAD,91434172,5468.4150254021
2062,LOAD,94647497,5282.7598811197295
2063,LOAD,94729934,5278.162655533994
2064,LOAD,92642348,5397.099823074433
2065,LOAD,92515093,5404.52356244186
2066,LOAD,96132905,5201.1327442981155
2067,LOAD,95340489,5244.361605907014
2068,LOAD,95735764,5222.708621200328
2069,LOAD,89628367,5578.590983365791
2070,LOAD,88148187,5672.266407475857
2071,LOAD,92186087,5423.8119468071145
2072,LOAD,92331404,5415.275608719217
2073,LOAD,90727307,5511.019962270014
2074,LOAD,94749606,5277.066798568007
2075,LOAD,89019590,5616.741213928305
2076,LOAD,90976238,5495.940599346392
2077,LOAD,93426583,5351.795858786786
2078,LOAD,92210515,5422.375094640779
2079,LOAD,95026857,5261.6703928237885
2080,LOAD,91287142,5477.222630104906
2081,LOAD,94113902,5312.711399427472
2082,LOAD,98103933,5096.635626218982
2083,LOAD,102419455,4881.8849895266485
2084,LOAD,95764994,5221.114512887663
2085,LOAD,87848079,5691.644093890773
2086,LOAD,97246755,5141.55973636344
2087,LOAD,99667427,5016.684136934728
2088,LOAD,103256099,4842.328974678775
2089,LOAD,93057168,5373.041225582966
2090,LOAD,85500764,5847.900961446379
2091,LOAD,93648332,5339.123391968156
2092,LOAD,91956300,5437.365357240342
2093,LOAD,95049555,5260.413896729974
2094,LOAD,87540470,5711.643997342029
2095,LOAD,89017780,5616.855419220744
2096,LOAD,93789030,5331.113884001145
2097,LOAD,90923231,5499.144657540822
2098,LOAD,90486774,5525.669419930918
2099,LOAD,95379848,5242.197492283695
2100,LOAD,92925955,5380.628049504576
2101,LOAD,92079437,5430.094017625238
2102,LOAD,91478351,5465.774082438368
2103,LOAD,95476868,5236.870568481572
2104,LOAD,89537309,5584.264320474496
2105,LOAD,92596463,5399.774287274882
2106,LOAD,93334237,5357.090989022602
2107,LOAD,96977055,5155.858775047355
2108,LOAD,92557890,5402.024614001032
2109,LOAD,94993442,5263.521243919133
2110,LOAD,87795029,5695.08326035179
2111,LOAD,87043369,5744.262954711691
2112,LOAD,92066429,5430.861231730841
2113,LOAD,94172075,5309.42957346963
2114,LOAD,90318120,5535.987684420357
2115,LOAD,92542348,5402.931855586806
2116,LOAD,94829619,5272.6142451336855
2117,LOAD,99835158,5008.255708875625
2118,LOAD,93334556,5357.072679490756
2119,LOAD,91185216,5483.3450194382385
2120,LOAD,91169936,5484.264023175359
2121,LOAD,89645656,5577.515100118181
2122,LOAD,87513846,5713.381628776777
2123,LOAD,93363444,5355.415123718016
2124,LOAD,93624308,5340.493411176935
2125,LOAD,98604101,5070.783009319257
2126,LOAD,96641262,5173.773496459515
2127,LOAD,88734151,5634.809082694666
2128,LOAD,93460188,5349.871541024506
2129,LOAD,97039341,5152.549418075706
2130,LOAD,93727887,5334.591614126541
2131,LOAD,89155664,5608.16865207801
2132,LOAD,92112516,5428.143988597598
2133,LOAD,96635500,5174.08198850319
2134,LOAD,99048101,5048.052359933685
2135,LOAD,99946201,5002.691397945181
2136,LOAD,95109684,5257.088226683625
2137,LOAD,89448270,5589.8230340284945
2138,LOAD,93493666,5347.955871149603
2139,LOAD,93812668,5329.770601983092
2140,LOAD,94936532,5266.676478133834
2141,LOAD,93329825,5357.34423588601
2142,LOAD,93633446,5339.972214629375
2143,LOAD,96748958,5168.014315978473
2144,LOAD,90526548,5523.2416461964285
2145,LOAD,89547671,5583.618137874295
2146,LOAD,89264968,5601.301509456655
2147,LOAD,91145111,5485.757760501273
2148,LOAD,91559350,5460.938724444855
2149,LOAD,93828747,5328.8572637552115
2150,LOAD,95633875,5228.272931531845
2151,LOAD,89182514,5606.480212029009
2152,LOAD,93553232,5344.550790078531
2153,LOAD,100098894,4995.060185180468
2154,LOAD,96219660,5196.443221686712
2155,LOAD,95501724,5235.507580994035
2156,LOAD,98637259,5069.078409812665
2157,LOAD,108967560,4588.521574677822
2158,LOAD,92996005,5376.575047498008
2159,LOAD,97249893,5141.393831662108
2160,LOAD,100604774,4969.943076458777
2161,LOAD,95496841,5235.775286011817
2162,LOAD,91661914,5454.82827251458
2163,LOAD,88999550,5618.005933737867
2164,LOAD,88667627,5639.036668929913
2165,LOAD,88031132,5679.808820361415
2166,LOAD,91070681,5490.241145775554
2167,LOAD,94514582,5290.188978458371
2168,LOAD,87549315,5711.066956948778
2169,LOAD,95843950,5216.81337215338
2170,LOAD,95346805,5244.014206873529
2171,LOAD,92696921,5393.922415179248
2172,LOAD,108596665,4604.192955649236
2173,LOAD,93632764,5340.011109786314
2174,LOAD,95187931,5252.766760945776
2175,LOAD,95817145,5218.272784061766
2176,LOAD,89472123,5588.332803950567
2177,LOAD,88493274,5650.146925290615
2178,LOAD,93961177,5321.346708971089
2179,LOAD,92337319,5414.928713708918
2180,LOAD,96952207,5157.180176414137
2181,LOAD,95813702,5218.460299133416
2182,LOAD,93315169,5358.185655753354
2183,LOAD,87755571,5697.643970660279
2184,LOAD,93432352,5351.46541103878
2185,LOAD,95619743,5229.0456375729855
2186,LOAD,93372121,5354.917449074547
2187,LOAD,92830233,5386.176290217865
2188,LOAD,89963584,5557.80436670909
2189,LOAD,90327322,5535.423711554296
2190,LOAD,93991471,5319.631607850887
2191,LOAD,91903706,5440.477014060782
2192,LOAD,92717082,5392.749525917997
2193,LOAD,93110690,5369.9526874948515
2194,LOAD,97895624,5107.480595864019
2195,LOAD,92738929,5391.4791273899655
2196,LOAD,93011842,5375.659585367635
2197,LOAD,88829127,5628.784351331067
2198,LOAD,92173377,5424.559848772819
2199,LOAD,85522329,5846.426375970186
2200,LOAD,91718986,5451.434013891083
2201,LOAD,93410212,5352.733810303311
2202,LOAD,96217764,5196.545619164462
2203,LOAD,92481561,5406.483136676294
2204,LOAD,90149410,5546.34800161199
2205,LOAD,89446272,5589.947896319257
2206,LOAD,94281873,5303.246362108229
2207,LOAD,90247876,5540.296593794628
2208,LOAD,98456423,5078.388842137806
2209,LOAD,99299986,5035.247436993596
2210,LOAD,96928792,5158.425991732157
2211,LOAD,99081481,5046.351699163641
2212,LOAD,99888303,5005.591095085478
2213,LOAD,93731482,5334.387009905594
2214,LOAD,95412440,5240.4068064919
2215,LOAD,93675845,5337.555268383221
2216,LOAD,94154525,5310.419228390776
2217,LOAD,99086191,5046.111823997756
2218,LOAD,96662294,5172.64777515005
2219,LOAD,94917575,5267.728342195847
2220,LOAD,99985810,5000.7096006923375
2221,LOAD,89744852,5571.350209591967
2222,LOAD,88085904,5676.277103314964
2223,LOAD,96401195,5186.65769651507
2224,LOAD,97543724,5125.90640890438
2225,LOAD,96539045,5179.251566037347
2226,LOAD,93026875,5374.7908870420515
2227,LOAD,101487107,4926.734190974623
2228,LOAD,95106895,5257.2423902599285
2229,LOAD,89978836,5556.862282592764
2230,LOAD,89751903,5570.9125187016925
2231,LOAD,90361836,5533.309438289855
2232,LOAD,94414138,5295.8170311315025
2233,LOAD,93980307,5320.263531380037
2234,LOAD,92254257,5419.804096411508
2235,LOAD,90716666,5511.6664009676015
2236,LOAD,93743525,5333.701714331736
2237,LOAD,93946975,5322.15113898026
2238,LOAD,88089239,5676.062203239149
2239,LOAD,87876143,5689.826418530909
2240,LOAD,91969568,5436.580935119756
2241,LOAD,96408963,5186.239789758967
2242,LOAD,93608403,5341.400814198272
2243,LOAD,89893498,5562.137541916547
2244,LOAD,89619985,5579.112739195393
2245,LOAD,100233603,4988.347071590352
2246,LOAD,94264839,5304.204678056046
2247,LOAD,94270448,5303.889083034803
2248,LOAD,89409757,5592.230834493824
2249,LOAD,92483122,5406.3918819695555
2250,LOAD,95952093,5210.93375211732
2251,LOAD,90933793,5498.505929473326
2252,LOAD,94054263,5316.080144075979
2253,LOAD,99310584,5034.710096962072
2254,LOAD,98502430,5076.016906384949
2255,LOAD,94846086,5271.698823713189
2256,LOAD,94663488,5281.867492564821
2257,LOAD,89220046,5604.121746361799
2258,LOAD,90496783,5525.058277485952
2259,LOAD,88554273,5646.2549243671165
2260,LOAD,90587438,5519.529098504806
2261,LOAD,92578417,5400.826847147322
2262,LOAD,88697661,5637.127229318933
2263,LOAD,91087003,5489.257342235753
2264,LOAD,91639415,5456.167523548683
2265,LOAD,91682116,5453.626310282803
2266,LOAD,91071783,5490.174711963199
2267,LOAD,94443646,5294.162404530634
2268,LOAD,95465577,5237.489948863977
2269,LOAD,95141216,5255.34590602668
2270,LOAD,95774962,5220.571113356328
2271,LOAD,89805132,5567.610545909559
2272,LOAD,92299116,5417.1699759291305
2273,LOAD,92359144,5413.6491347299625
2274,LOAD,95876287,5215.053853722975
2275,LOAD,90988959,5495.172221939587
2276,LOAD,95042399,5260.809967559846
2277,LOAD,97518652,5127.224277054199
2278,LOAD,94800110,5274.255483458827
2279,LOAD,93277509,5360.348977586869
2280,LOAD,92478684,5406.651331673362
2281,LOAD,94010499,5318.554898852308
2282,LOAD,91280272,5477.634860684902
2283,LOAD,90708333,5512.172735001093
2284,LOAD,89661500,5576.529502629334
2285,LOAD,86076355,5808.796155459882
2286,LOAD,86674419,5768.714757695693
2287,LOAD,89503713,5586.360422835196
2288,LOAD,91009928,5493.9061153855655
2289,LOAD,85886779,5821.617783570624
2290,LOAD,90531077,5522.965334876111
2291,LOAD,90858703,5503.050159102535
2292,LOAD,90681413,5513.809097791627
2293,LOAD,91859117,5443.117856227597
2294,LOAD,89293750,5599.496045355918
2295,LOAD,89359575,5595.371285058149
2296,LOAD,89693181,5574.559787326531
2297,LOAD,88014850,5680.8595367713515
2298,LOAD,94664819,5281.793228802349
2299,LOAD,85831472,5825.369044119388
2300,LOAD,89416883,5591.785166566363
2301,LOAD,88739176,5634.490002476471
2302,LOAD,90752699,5509.478015634555
2303,LOAD,92509905,5404.826650724591
2304,LOAD,90229276,5541.438678949391
2305,LOAD,92278870,5418.35850395654
2306,LOAD,96366811,5188.50831330301
2307,LOAD,92435733,5409.163575302638
2308,LOAD,97074609,5150.677454698787
2309,LOAD,98710700,5065.307003192157
2310,LOAD,92338501,5414.85939868138
2311,LOAD,94526547,5289.5193558694145
2312,LOAD,96396993,5186.883785887388
2313,LOAD,98093005,5097.203414249569
2314,LOAD,94199423,5307.888138550488
2315,LOAD,98138322,5094.849695922047
2316,LOAD,91851052,5443.595790280116
2317,LOAD,96921812,5158.797485131624
2318,LOAD,92853169,5384.845831163824
2319,LOAD,88808525,5630.090129297835
2320,LOAD,94408839,5296.114275910119
2321,LOAD,97982535,5102.950234957689
2322,LOAD,96552080,5178.552341907083
2323,LOAD,97905915,5106.9437428780475
2324,LOAD,95355477,5243.537295712967
2325,LOAD,96877782,5161.142107898382
2326,LOAD,93036585,5374.229933310644
2327,LOAD,95634631,5228.2316015837405
2328,LOAD,91394232,5470.804765885006
2329,LOAD,96267172,5193.878552908981
2330,LOAD,102506740,4877.728040126923
2331,LOAD,94396821,5296.7885433345255
2332,LOAD,91371955,5472.138579064002
2333,LOAD,95877267,5215.000548565908
2334,LOAD,91685880,5453.40242139793
2335,LOAD,95580273,5231.204978876761
2336,LOAD,92379141,5412.477260423974
2337,LOAD,91406959,5470.043041252472
2338,LOAD,95982077,5209.305899892122
2339,LOAD,104987726,4762.46147097233
2340,LOAD,98111391,5096.248202209263
2341,LOAD,90151938,5546.192473421925
2342,LOAD,92546095,5402.713102049309
2343,LOAD,97262246,5140.740837919782
2344,LOAD,94675998,5281.169573728707
2345,LOAD,89534411,5584.4450688350435
2346,LOAD,91289642,5477.072634374007
2347,LOAD,92809812,5387.3614138987805
2348,LOAD,93617651,5340.873165040212
2349,LOAD,91042037,5491.968506811859
2350,LOAD,92323169,5415.758638007757
2351,LOAD,94790078,5274.813678283924
2352,LOAD,89646123,5577.48604476738
2353,LOAD,89581289,5581.522721781777
2354,LOAD,105670765,4731.677678305821
2355,LOAD,100210199,4989.512095470442
2356,LOAD,97562990,5124.894183747341
2357,LOAD,94908071,5268.255847281945
2358,LOAD,92784182,5388.849577829979
2359,LOAD,92451137,5408.262312663607
2360,LOAD,91437358,5468.224486538642
2361,LOAD,88268614,5664.527597544468
2362,LOAD,91759347,5449.036161950891
2363,LOAD,88067845,5677.441068303648
2364,LOAD,93351975,5356.073077189851
2365,LOAD,94152524,5310.5320893999615
2366,LOAD,96962809,5156.616285734874
2367,LOAD,88043424,5679.015845635445
2368,LOAD,95541305,5233.338606794203
2369,LOAD,91374312,5471.997425271996
2370,LOAD,93273035,5360.606095856107
2371,LOAD,89607965,5579.861120604625
2372,LOAD,90264784,5539.258809947411
2373,LOAD,91724220,5451.122942228345
2374,LOAD,95874843,5215.132399225937
2375,LOAD,94752733,5276.892646463295
2376,LOAD,89343975,5596.348270826321
2377,LOAD,88926531,5622.618968460605
2378,LOAD,89665098,5576.305732694342
2379,LOAD,93823471,5329.15692279174
2380,LOAD,93483613,5348.530977295454
2381,LOAD,94105767,5313.170658287074
2382,LOAD,97121772,5148.17625032624
2383,LOAD,90208956,5542.686914589723
2384,LOAD,88520354,5648.418441706638
2385,LOAD,90634770,5516.646646755985
2386,LOAD,96504696,5181.095021531388
2387,LOAD,98657359,5068.045658915317
2388,LOAD,90383324,5531.993932863103
2389,LOAD,88357628,5658.820990531796
2390,LOAD,90448915,5527.982287018037
2391,LOAD,96747158,5168.110467906458
2392,LOAD,96349370,5189.4475283024685
2393,LOAD,90239915,5540.785360890466
2394,LOAD,92574513,5401.05460776229
2395,LOAD,92401710,5411.155269745549
2396,LOAD,91509105,5463.937167782376
2397,LOAD,93203451,5364.6082267919455
2398,LOAD,94028193,5317.5540659385
2399,LOAD,93076990,5371.896964007968
2400,LOAD,91338629,5474.135154798524
2401,LOAD,93837042,5328.386203819169
2402,LOAD,86918744,5752.499138735829
2403,LOAD,93299573,5359.081332558725
2404,LOAD,94525851,5289.558302945085
2405,LOAD,90811031,5505.9390306889045
2406,LOAD,92111185,5428.222424887922
2407,LOAD,94221553,5306.641464506534
2408,LOAD,88766834,5632.734406185987
2409,LOAD,89806336,5567.535903034725
2410,LOAD,92006126,5434.42074715764
2411,LOAD,94888604,5269.3366634416925
2412,LOAD,88283483,5663.573558827533
2413,LOAD,89821732,5566.581592971287
2414,LOAD,91286057,5477.28773080866
2415,LOAD,95041221,5260.875173310326
2416,LOAD,91629117,5456.780730518226
2417,LOAD,91594231,5458.859084694975
2418,LOAD,95378656,5242.263006935221
2419,LOAD,87261457,5729.906618451259
2420,LOAD,93820883,5329.303924798917
2421,LOAD,89783526,5568.950366239794
2422,LOAD,88500715,5649.6718698826335
2423,LOAD,92063939,5431.008117086974
2424,LOAD,91955339,5437.42218165277
2425,LOAD,93383548,5354.2621875964705
2426,LOAD,89190726,5605.9640102043795
2427,LOAD,91513690,5463.663414730627
2428,LOAD,89385564,5593.744421638376
2429,LOAD,87854241,5691.244888223438
2430,LOAD,90048722,5552.549651953972
2431,LOAD,90084865,5550.321910345317
2432,LOAD,87251864,5730.536599195176
2433,LOAD,93933255,5322.92849853867
2434,LOAD,85758259,5830.342241439394
2435,LOAD,97264328,5140.630797346382
2436,LOAD,87861925,5690.7471581120035
2437,LOAD,88871219,5626.118394977793
2438,LOAD,90804749,5506.319939279828
2439,LOAD,90508937,5524.31634458374
2440,LOAD,92055710,5431.493603167039
2441,LOAD,93547794,5344.861472628633
2442,LOAD,94445189,5294.075911055671
2443,LOAD,99700524,5015.018777634509
2444,LOAD,99038036,5048.565381486361
2445,LOAD,91048197,5491.596939585745
2446,LOAD,88932107,5622.266432976788
2447,LOAD,87806353,5694.34879045711
2448,LOAD,94398453,5296.696970235307
2449,LOAD,98982248,5051.410834799387
2450,LOAD,91834208,5444.594240960841
2451,LOAD,89719372,5572.932454319899
2452,LOAD,87788188,5695.5270565557175
2453,LOAD,86321328,5792.311258232728
2454,LOAD,89928310,5559.984392011815
2455,LOAD,91412658,5469.702018729178
2456,LOAD,95000024,5263.156565097289
2457,LOAD,84271373,5933.212931038871
2458,LOAD,92429850,5409.507859203493
2459,LOAD,83881129,5960.816288011574
2460,LOAD,91531574,5462.595890681395
2461,LOAD,86159111,5803.216795029373
2462,LOAD,94578933,5286.5895621808295
2463,LOAD,89350224,5595.9568719156205
2464,LOAD,90725309,5511.141328821487
2465,LOAD,89050196,5614.810774812893
2466,LOAD,95571874,5231.664705036546
2467,LOAD,88391014,5656.683608132383
2468,LOAD,92119415,5427.737464463924
2469,LOAD,93620551,5340.707725593284
2470,LOAD,91540813,5462.044563663641
2471,LOAD,86018393,5812.71031185156
2472,LOAD,90842001,5504.061937164946
2473,LOAD,85738392,5831.693227929911
2474,LOAD,95282165,5247.571777992241
2475,LOAD,90112063,5548.646688956615
2476,LOAD,96756680,5167.601864801479
2477,LOAD,89796762,5568.129505605113
2478,LOAD,97399031,5133.521297557879
2479,LOAD,86601927,5773.543584082141
2480,LOAD,94615672,5284.536794284989
2481,LOAD,87982410,5682.95412685331
2482,LOAD,90763754,5508.806962744181
2483,LOAD,87284938,5728.365184838649
2484,LOAD,100893631,4955.714201622895
2485,LOAD,93492434,5348.026344035497
2486,LOAD,98146973,5094.400618957449
2487,LOAD,91205062,5482.151856878295
2488,LOAD,97922000,5106.104858969384
2489,LOAD,89124830,5610.108877627032
2490,LOAD,97345245,5136.3577132093105
2491,LOAD,96033521,5206.515337493457
2492,LOAD,95109247,5257.112381512178
2493,LOAD,90802378,5506.463718384115
2494,LOAD,96660001,5172.770482383918
2495,LOAD,92304602,5416.848013710085
2496,LOAD,103534538,4829.306332539968
2497,LOAD,91899821,5440.707006382526
2498,LOAD,93122466,5369.273618677581
2499,LOAD,97550198,5125.566223863534
2500,LOAD,90315599,5536.1422117125085
2501,LOAD,92965982,5378.311391364639
2502,LOAD,97807651,5112.074514497848
2503,LOAD,93771388,5332.116871299804
2504,LOAD,89057227,5614.36748979395
2505,LOAD,92390294,5411.823887041642
2506,LOAD,91297147,5476.6223965355675
2507,LOAD,94079691,5314.643305960689
2508,LOAD,101607080,4920.916928229804
2509,LOAD,98360899,5083.32076143387
2510,LOAD,93700014,5336.178498329787
2511,LOAD,85695564,5834.6077283533605
2512,LOAD,92006295,5434.410765046022
2513,LOAD,91581891,5459.594626627659
2514,LOAD,95256258,5248.998968655687
2515,LOAD,89978951,5556.855180496604
2516,LOAD,94678517,5281.029063858277
2517,LOAD,96985371,5155.4166865021325
2518,LOAD,91785097,5447.507453197985
2519,LOAD,99152826,5042.720617968064
2520,LOAD,92555475,5402.165566110487
2521,LOAD,97132435,5147.611094069659
2522,LOAD,109519190,4565.409952356295
2523,LOAD,91380474,5471.62843563276
2524,LOAD,97051857,5151.8849350816645
2525,LOAD,97755513,5114.801044520119
2526,LOAD,104196125,4798.6429437755
2527,LOAD,101304524,4935.613734288905
2528,LOAD,92229298,5421.270798353035
2529,LOAD,93171585,5366.4429986889245
2530,LOAD,94289196,5302.8344838150915
2531,LOAD,88205299,5668.593674853933
2532,LOAD,92734489,5391.737264007569
2533,LOAD,97017560,5153.706195043454
2534,LOAD,90917726,5499.477626618158
2535,LOAD,96075504,5204.240198417278
2536,LOAD,90374197,5532.552615654223
2537,LOAD,107072385,4669.738140231023
2538,LOAD,87346414,5724.3334568949795
2539,LOAD,94545258,5288.472532382322
2540,LOAD,96517537,5180.405712176431
2541,LOAD,97326604,5137.341481677507
2542,LOAD,95269715,5248.257539135076
2543,LOAD,90525912,5523.280450353264
2544,LOAD,94514400,5290.199165418179
2545,LOAD,93114088,5369.756722527315
2546,LOAD,95710357,5224.0950266228765
2547,LOAD,96474342,5182.72516437583
2548,LOAD,86561471,5776.241949492748
2549,LOAD,90031668,5553.601428332973
2550,LOAD,91060245,5490.87035731125
2551,LOAD,97022481,5153.444798015421
2552,LOAD,96961060,5156.709301651611
2553,LOAD,97202531,5143.898979338305
2554,LOAD,91456180,5467.0991069165575
2555,LOAD,94555119,5287.921006159381
2556,LOAD,97139395,5147.24226973001
2557,LOAD,100610036,4969.68314373727
2558,LOAD,91856065,5443.29870869169
2559,LOAD,99352268,5032.59774603233
2560,LOAD,89582524,5581.445773954751
2561,LOAD,91735773,5450.436439882617
2562,LOAD,90763282,5508.835610417877
2563,LOAD,87602537,5707.597258284883
2564,LOAD,91815522,5445.7023072852535
2565,LOAD,87363108,5723.239608187932
2566,LOAD,94929699,5267.055571302296
2567,LOAD,92385097,5412.1283219521865
2568,LOAD,90251091,5540.099232706229
2569,LOAD,92601352,5399.489199682527
2570,LOAD,89224018,5603.872266770142
2571,LOAD,88284264,5663.523456456521
2572,LOAD,89402071,5592.711605081274
2573,LOAD,88554034,5646.270163141297
2574,LOAD,90905198,5500.235531085913
2575,LOAD,87717870,5700.092808911115
2576,LOAD,92158468,5425.437410700013
2577,LOAD,92658364,5396.166934266183
2578,LOAD,89360731,5595.2989014828
2579,LOAD,92180301,5424.1523902162135
2580,LOAD,91321710,5475.149337435753
2581,LOAD,92852486,5384.8854407624585
2582,LOAD,98250229,5089.046662680043
2583,LOAD,95753601,5221.7357339908285
2584,LOAD,90636558,5516.537819099442
2585,LOAD,95985357,5209.1278881215185
2586,LOAD,93174928,5366.250457419189
2587,LOAD,90063164,5551.659277704256
2588,LOAD,90613978,5517.912479242442
2589,LOAD,95798125,5219.308833027786
2590,LOAD,89116975,5610.6033670913985
2591,LOAD,93472665,5349.157424793655
2592,LOAD,95154905,5254.589871115945
2593,LOAD,102604166,4873.096478363266
2594,LOAD,95295615,5246.831136983586
2595,LOAD,89805995,5567.55704338001
2596,LOAD,92807744,5387.481458443813
2597,LOAD,86933358,5751.532110378159
2598,LOAD,87700033,5701.252130657693
2599,LOAD,89362695,5595.175928836972
2600,LOAD,90255059,5539.855666151633
2601,LOAD,94254473,5304.788028468421
2602,LOAD,95270255,5248.227791559915
2603,LOAD,91997456,5434.932896405309
2604,LOAD,89151739,5608.415557659509
2605,LOAD,90347219,5534.204655485853
2606,LOAD,93755642,5333.0123855372885
2607,LOAD,96303815,5191.902314565627
2608,LOAD,88511711,5648.96999900951
2609,LOAD,89294172,5599.469582404549
2610,LOAD,89127136,5609.963726423342
2611,LOAD,91536208,5462.319347989595
2612,LOAD,96179714,5198.601443127602
2613,LOAD,89985935,5556.4239011352165
2614,LOAD,90234463,5541.120137214093
2615,LOAD,89226916,5603.690258665894
2616,LOAD,94406151,5296.265070694388
2617,LOAD,97350570,5136.076758461712
2618,LOAD,91643180,5455.943366434905
2619,LOAD,95633215,5228.309013766817
2620,LOAD,96816405,5164.4140267344155
2621,LOAD,88595579,5643.622465631158
2622,LOAD,89639487,5577.898945360988
2623,LOAD,93634219,5339.928130334488
2624,LOAD,88563720,5645.652644220455
2625,LOAD,91826664,5445.041540439714
2626,LOAD,92208071,5422.518816167405
2627,LOAD,95579795,5231.231140430883
2628,LOAD,89191218,5605.933086371799
2629,LOAD,94631830,5283.634481125431
2630,LOAD,94634665,5283.476197649138
2631,LOAD,92622219,5398.272740582905
2632,LOAD,90492305,5525.331684279675
2633,LOAD,93757208,5332.923309747022
2634,LOAD,90560573,5521.166479368456
2635,LOAD,95345057,5244.110347534849
2636,LOAD,97447554,5130.965113808808
2637,LOAD,92289796,5417.717035586469
2638,LOAD,94181237,5308.913069383449
2639,LOAD,96888976,5160.545818958804
2640,LOAD,91328742,5474.727769709124
2641,LOAD,91660724,5454.8990906945055
2642,LOAD,93930656,5323.07578049918
2643,LOAD,96121762,5201.735690196773
2644,LOAD,99053111,5047.797034865467
2645,LOAD,92362909,5413.428457520757
2646,LOAD,91826626,5445.043793724927
2647,LOAD,96791817,5165.72594148119
2648,LOAD,94884319,5269.574628026787
2649,LOAD,98589436,5071.537279105643
2650,LOAD,92126128,5427.34195884147
2651,LOAD,90944743,5497.843894066532
2652,LOAD,90608020,5518.275313818799
2653,LOAD,95991749,5208.781017210135
2654,LOAD,91724205,5451.12383367073
2655,LOAD,94582466,5286.392088783137
2656,LOAD,99506560,5024.794345217039
2657,LOAD,95578101,5231.323857334224
2658,LOAD,90441495,5528.435813671589
2659,LOAD,92315518,5416.2074896227095
2660,LOAD,92954905,5378.952299504797
2661,LOAD,91476592,5465.879183605791
2662,LOAD,88724052,5635.450463871961
2663,LOAD,90647015,5515.901433709648
2664,LOAD,94607760,5284.978737473543
2665,LOAD,91662310,5454.804706536416
2666,LOAD,90033692,5553.476580744906
2667,LOAD,90140344,5546.905833862805
2668,LOAD,91411766,5469.755392320066
2669,LOAD,94182159,5308.861097567322
2670,LOAD,89882368,5562.826293139051
2671,LOAD,90426365,5529.360823029876
2672,LOAD,90424730,5529.460801265318
2673,LOAD,88630629,5641.39063032036
2674,LOAD,91867810,5442.60280069809
2675,LOAD,86862690,5756.211326174678
2676,LOAD,88586764,5644.184045372737
2677,LOAD,90136158,5547.163436897321
2678,LOAD,95191758,5252.555583646223
2679,LOAD,93165576,5366.78912391418
2680,LOAD,89525518,5584.9997986049075
2681,LOAD,98422354,5080.146731706905
2682,LOAD,91347838,5473.5832937830455
2683,LOAD,93657613,5338.594311601771
2684,LOAD,98289662,5087.004979221518
2685,LOAD,91144591,5485.789057959567
2686,LOAD,94256168,5304.692632953209
2687,LOAD,94500336,5290.986478608923
2688,LOAD,89414475,5591.9357576052425
2689,LOAD,93715878,5335.275202778338
2690,LOAD,100223411,4988.854350606765
2691,LOAD,90867278,5502.53084504193
2692,LOAD,99009318,5050.029735585089
2693,LOAD,90471433,5526.606392981528
2694,LOAD,97513707,5127.48428279934
2695,LOAD,91510049,5463.880802861334
2696,LOAD,93969481,5320.876466264616
2697,LOAD,95087068,5258.338599734719
2698,LOAD,95213705,5251.344856289334
2699,LOAD,87883989,5689.318449120466
2700,LOAD,90638226,5516.436299183526
2701,LOAD,88750352,5633.7804722171695
2702,LOAD,90578882,5520.050468275817
2703,LOAD,87971532,5683.656844807478
2704,LOAD,110710733,4516.273955118696
2705,LOAD,93433922,5351.375488658177
2706,LOAD,103205036,4844.724825249807
2707,LOAD,97148787,5146.74465261208
2708,LOAD,88580272,5644.5977045543505
2709,LOAD,91715829,5451.621660640498
2710,LOAD,97409964,5132.9451266402275
2711,LOAD,97251214,5141.323994166283
2712,LOAD,89256616,5601.825639457359
2713,LOAD,94779144,5275.422196258704
2714,LOAD,93457073,5350.049856579609
2715,LOAD,93633349,5339.977746603937
2716,LOAD,89286250,5599.966400201599
2717,LOAD,90152351,5546.167065571036
2718,LOAD,90963666,5496.700187962961
2719,LOAD,109006321,4586.889965766297
2720,LOAD,96247495,5194.940398189065
2721,LOAD,94411080,5295.988564054134
2722,LOAD,90216379,5542.2308625355045
2723,LOAD,90796788,5506.8027296295995
2724,LOAD,93837169,5328.378992337248
2725,LOAD,92948716,5379.310457607613
2726,LOAD,88298419,5662.615544679232
2727,LOAD,94961670,5265.282297583857
2728,LOAD,92306594,5416.731116739071
2729,LOAD,97472123,5129.671793441906
2730,LOAD,94424511,5295.235259412675
2731,LOAD,97875614,5108.52478534643
2732,LOAD,91477931,5465.799177290094
2733,LOAD,98382593,5082.199856228632
2734,LOAD,91059652,5490.906115037646
2735,LOAD,95141253,5255.34386224659
2736,LOAD,95856481,5216.131395434806
2737,LOAD,91002207,5494.372240884224
2738,LOAD,89932759,5559.709337951035
2739,LOAD,90654843,5515.425138401045
2740,LOAD,90369334,5532.850336154962
2741,LOAD,96827332,5163.83122071359
2742,LOAD,95772303,5220.716056081475
2743,LOAD,89219163,5604.177210225565
2744,LOAD,88927510,5622.55706923538
2745,LOAD,89503805,5586.3546806753075
2746,LOAD,93763032,5332.592060376204
2747,LOAD,95324869,5245.220950683918
2748,LOAD,96486209,5182.087732351471
2749,LOAD,93606368,5341.516936112723
2750,LOAD,97408609,5133.016528344019
2751,LOAD,92087500,5429.618569295508
2752,LOAD,93946579,5322.173572706676
2753,LOAD,95948965,5211.103632019376
2754,LOAD,94784188,5275.141461358513
2755,LOAD,97284938,5139.541744889636
2756,LOAD,95518312,5234.598366855562
2757,LOAD,91213329,5481.654989261493
2758,LOAD,97109947,5148.803139600107
2759,LOAD,95667231,5226.450005645089
2760,LOAD,95716849,5223.740702120271
2761,LOAD,90312334,5536.34235607287
2762,LOAD,87085493,5741.484405445119
2763,LOAD,92787997,5388.628014030737
2764,LOAD,100465367,4976.83943164215
2765,LOAD,101901346,4906.70653162913
2766,LOAD,98580056,5072.019841417011
2767,LOAD,88700617,5636.9393687532065
2768,LOAD,91506972,5464.064530514681
2769,LOAD,93647565,5339.16712089631
2770,LOAD,97994196,5102.342999987469
2771,LOAD,97103124,5149.164922850474
2772,LOAD,93853240,5327.466585064085
2773,LOAD,91767467,5448.554006617617
2774,LOAD,98683987,5066.678143030439
2775,LOAD,93285974,5359.862566263177
2776,LOAD,92883031,5383.114597110854
2777,LOAD,96633319,5174.198766783536
2778,LOAD,94020164,5318.00816684387
2779,LOAD,99892074,5005.40213030315
2780,LOAD,91277944,5477.774565123859
2781,LOAD,99708764,5014.604333075476
2782,LOAD,96008990,5207.845640288478
2783,LOAD,95148453,5254.946183938482
2784,LOAD,96095963,5203.132206500703
2785,LOAD,91815846,5445.683090476561
2786,LOAD,94415014,5295.767895559493
2787,LOAD,101343813,4933.7002940672855
2788,LOAD,96079621,5204.017197361759
2789,LOAD,97424893,5132.158574708416
2790,LOAD,94933005,5266.872148416665
2791,LOAD,99885148,5005.749203074715
2792,LOAD,95213113,5251.377507213739
2793,LOAD,93709421,5335.642827203041
2794,LOAD,92333773,5415.136669439469
2795,LOAD,92674173,5395.246418870121
2796,LOAD,87540381,5711.6498042200665
2797,LOAD,92513778,5404.600382874862
2798,LOAD,95083471,5258.53752225768
2799,LOAD,92983862,5377.277188164114
2800,LOAD,94751326,5276.971005134008
2801,LOAD,91636674,5456.3307262766875
2802,LOAD,91361361,5472.773112475853
2803,LOAD,89061716,5614.084507421797
2804,LOAD,90270339,5538.917938482539
2805,LOAD,97325661,5137.391257995156
2806,LOAD,98639875,5068.943974229489
2807,LOAD,89242623,5602.703990446358
2808,LOAD,95299704,5246.606012543333
2809,LOAD,92220232,5421.8037534323275
2810,LOAD,88784743,5631.598212769507
2811,LOAD,95719017,5223.6223863435625
2812,LOAD,90067060,5551.419131478256
2813,LOAD,90358331,5533.524075383818
2814,LOAD,90605801,5518.410460275054
2815,LOAD,93649876,5339.035366154676
2816,LOAD,89546675,5583.680242733748
2817,LOAD,97988193,5102.655582188356
2818,LOAD,95278224,5247.788833679351
2819,LOAD,96645298,5173.557434734176
2820,LOAD,89247939,5602.370268740884
2821,LOAD,91338151,5474.163802593289
2822,LOAD,95012583,5262.460867946302
2823,LOAD,93897787,5324.939127692114
2824,LOAD,90584565,5519.704157104469
2825,LOAD,94172958,5309.379790321548
2826,LOAD,94392149,5297.050711283202
2827,LOAD,97356289,5135.775049930262
2828,LOAD,96686764,5171.338653965086
2829,LOAD,99849766,5007.523002106986
2830,LOAD,91981964,5435.848271298056
2831,LOAD,88521761,5648.3286635023
2832,LOAD,91533413,5462.4861415360965
2833,LOAD,92098846,5428.94967435314
2834,LOAD,101036123,4948.725120816443
2835,LOAD,97447664,5130.959321918686
2836,LOAD,91089536,5489.104698041277
2837,LOAD,90526068,5523.270932302064
2838,LOAD,89488058,5587.337698176443
2839,LOAD,88375264,5657.691726952013
2840,LOAD,90212932,5542.44262895701
2841,LOAD,91521557,5463.193769747601
2842,LOAD,97947797,5104.760038656102
2843,LOAD,88170495,5670.831268441897
2844,LOAD,91046649,5491.690309217201
2845,LOAD,90508558,5524.339477378482
2846,LOAD,92691355,5394.246313477671
2847,LOAD,90112394,5548.626307719668
2848,LOAD,94939250,5266.525699328781
2849,LOAD,95594426,5230.430485559901
2850,LOAD,93229623,5363.10224058291
2851,LOAD,95849735,5216.498511967717
2852,LOAD,101924182,4905.6071894695215
2853,LOAD,97456260,5130.506752465157
2854,LOAD,90850417,5503.552064048314
2855,LOAD,91564145,5460.652747863261
2856,LOAD,95467083,5237.407327088857
2857,LOAD,92480286,5406.5576743566735
2858,LOAD,95706433,5224.309216497495
2859,LOAD,91203073,5482.271414253772
2860,LOAD,92630403,5397.795797131532
2861,LOAD,94913072,5267.97826120305
2862,LOAD,95683834,5225.54311525602
2863,LOAD,89505392,5586.255630275325
2864,LOAD,93683840,5337.099760214782
2865,LOAD,93955039,5321.694347867813
2866,LOAD,100419651,4979.105135507791
2867,LOAD,94220453,5306.703418205811
2868,LOAD,93687953,5336.865455903387
2869,LOAD,99113129,5044.740339092715
2870,LOAD,93276589,5360.401847456064
2871,LOAD,95205243,5251.811604535267
2872,LOAD,96882300,5160.901423686267
2873,LOAD,99359640,5032.224351859568
2874,LOAD,95269634,5248.262001300436
2875,LOAD,101186240,4941.383334334787
2876,LOAD,93699943,5336.182541754588
2877,LOAD,91216314,5481.475605339632
2878,LOAD,92709626,5393.183227812827
2879,LOAD,94288199,5302.890555794793
2880,LOAD,88677791,5638.390338343002
2881,LOAD,91707165,5452.136700551151
2882,LOAD,92902712,5381.97420975181
2883,LOAD,92350993,5414.126949344226
2884,LOAD,97501679,5128.1168194036945
2885,LOAD,92316498,5416.149993038081
2886,LOAD,108317975,4616.039027686771
2887,LOAD,89702185,5574.0002319898895
2888,LOAD,89510746,5585.92149371652
2889,LOAD,92052367,5431.690854837008
2890,LOAD,93194928,5365.098838855264
2891,LOAD,92084784,5429.778713495163
2892,LOAD,92847873,5385.152980294983
2893,LOAD,91270914,5478.19648217832
2894,LOAD,90476923,5526.271047038149
2895,LOAD,94843774,5271.8273315441875
2896,LOAD,96380040,5187.796145342957
2897,LOAD,92954972,5378.948422468462
2898,LOAD,94166762,5309.729137760944
2899,LOAD,98921310,5054.522630159265
2900,LOAD,93124453,5369.159054281908
2901,LOAD,114129998,4380.969147129925
2902,LOAD,93341729,5356.661006354404
2903,LOAD,98666165,5067.593333540429
2904,LOAD,96963373,5156.5862916093065
2905,LOAD,96022851,5207.09388226767
2906,LOAD,91427296,5468.826290126747
2907,LOAD,90748892,5509.709143335877
2908,LOAD,93891165,5325.314687489499
2909,LOAD,94308103,5301.771365287667
2910,LOAD,91809398,5446.0655542039385
2911,LOAD,96102974,5202.752622411041
2912,LOAD,95236081,5250.1110372233825
2913,LOAD,98557644,5073.17321830461
2914,LOAD,93389170,5353.939862620045
2915,LOAD,94109841,5312.940651977087
2916,LOAD,90547357,5521.972331009065
2917,LOAD,90235318,5541.067633850418
2918,LOAD,96722245,5169.441631550219
2919,LOAD,90565606,5520.8596517313645
2920,LOAD,97204162,5143.81266925587
2921,LOAD,92001708,5434.681712648205
2922,LOAD,94345638,5299.662078706808
2923,LOAD,89478955,5587.906117142294
2924,LOAD,101197389,4940.838938048095
2925,LOAD,90919437,5499.374132728077
2926,LOAD,91578154,5459.817414533165
2927,LOAD,95823479,5217.92785252558
2928,LOAD,103434558,4833.974347335636
2929,LOAD,98676613,5067.056770584536
2930,LOAD,93952197,5321.855326065446
2931,LOAD,97852270,5109.74349394245
2932,LOAD,105755549,4727.884302316846
2933,LOAD,98191688,5092.080706464686
2934,LOAD,92334062,5415.119720390943
2935,LOAD,95536702,5233.590751332404
2936,LOAD,101189256,4941.236053756537
2937,LOAD,95641189,5227.873108101992
2938,LOAD,96744361,5168.259884418483
2939,LOAD,93577543,5343.162301237167
2940,LOAD,92265168,5419.163166754327
2941,LOAD,96954137,5157.077515939314
2942,LOAD,94171839,5309.442879202985
2943,LOAD,95931885,5212.031432510682
2944,LOAD,90551172,5521.739685489659
2945,LOAD,95005992,5262.825948914885
2946,LOAD,96107345,5202.51599916739
2947,LOAD,89327589,5597.3748491073675
2948,LOAD,89731315,5572.190711793313
2949,LOAD,95759729,5221.401576857011
2950,LOAD,88336325,5660.185659749825
2951,LOAD,101172669,4942.046156754053
2952,LOAD,93468472,5349.397388244455
2953,LOAD,93368622,5355.118125230551
2954,LOAD,92572126,5401.193875573302
2955,LOAD,95638118,5228.040978388973
2956,LOAD,95112800,5256.915998687874
2957,LOAD,92156659,5425.543909963142
2958,LOAD,94919830,5267.60319735086
2959,LOAD,95436583,5239.081118400896
2960,LOAD,95587740,5230.796334341621
2961,LOAD,97163761,5145.951482878478
2962,LOAD,96061183,5205.016057318387
2963,LOAD,96048482,5205.704344187345
2964,LOAD,89797593,5568.077977323958
2965,LOAD,92783021,5388.91700885661
2966,LOAD,100920050,4954.416887427226
2967,LOAD,96122842,5201.6772454563925
2968,LOAD,96498186,5181.444550677875
2969,LOAD,88930795,5622.349378525178
2970,LOAD,96729361,5169.061335988769
2971,LOAD,90554272,5521.550656384273
2972,LOAD,90554378,5521.544193037249
2973,LOAD,97079359,5150.425436987074
2974,LOAD,91718524,5451.461473584114
2975,LOAD,90200229,5543.223177404572
2976,LOAD,103105934,4849.381413876722
2977,LOAD,97304173,5138.525764974129
2978,LOAD,100232357,4988.40908230862
2979,LOAD,95178031,5253.313130632005
2980,LOAD,90937694,5498.270057298792
2981,LOAD,91085293,5489.360395426295
2982,LOAD,96943020,5157.668906951733
2983,LOAD,97292721,5139.1306036142205
2984,LOAD,91437095,5468.240214761853
2985,LOAD,98334133,5084.7044128614025
2986,LOAD,92101870,5428.771424510707
2987,LOAD,95074447,5259.036636836815
2988,LOAD,96696727,5170.805832962681
2989,LOAD,97528120,5126.726527692731
2990,LOAD,92666107,5395.716041033212
2991,LOAD,98163027,5093.567458957842
2992,LOAD,91488845,5465.147144441489
2993,LOAD,90214284,5542.359566917364
2994,LOAD,95430090,5239.437582003748
2995,LOAD,95228992,5250.501863970166
2996,LOAD,92784745,5388.816879326446
2997,LOAD,96121053,5201.774058800625
2998,LOAD,89432910,5590.783079741004
2999,LOAD,87320328,5726.043539369206
3000,LOAD,93443010,5350.855029177677
3001,LOAD,96654005,5173.091378882851
3002,LOAD,97417072,5132.5706032306125
3003,LOAD,88208158,5668.4099445767815
3004,LOAD,91461603,5466.77494817142
3005,LOAD,94341267,5299.907621550175
3006,LOAD,95790602,5219.718736082273
3007,LOAD,91120789,5487.222021310637
3008,LOAD,95684396,5225.512423154137
3009,LOAD,103850182,4814.628057175672
3010,LOAD,99487372,5025.763470764913
3011,LOAD,94132364,5311.66942753079
3012,LOAD,99203339,5040.15293275562
3013,LOAD,94702995,5279.664069758301
3014,LOAD,95689322,5225.2434184871745
3015,LOAD,95272154,5248.123181932047
3016,LOAD,88468958,5651.699887773065
3017,LOAD,90313686,5536.259476775203
3018,LOAD,92891324,5382.6340121925705
3019,LOAD,101202699,4940.579697385343
3020,LOAD,96372944,5188.178126010138
3021,LOAD,92161082,5425.283526944703
3022,LOAD,95177550,5253.339679367667
3023,LOAD,100306143,4984.739568742067
3024,LOAD,96600119,5175.977060649377
3025,LOAD,97530566,5126.597952892019
3026,LOAD,94059870,5315.763247387011
3027,LOAD,91668408,5454.441839984829
3028,LOAD,95003156,5262.983052899842
3029,LOAD,95310594,5246.0065457151595
3030,LOAD,94476578,5292.317001574718
3031,LOAD,97687582,5118.357827712432
3032,LOAD,93488084,5348.275187669907
3033,LOAD,101842532,4909.540151652946
3034,LOAD,101510102,4925.618141926407
3035,LOAD,98100434,5096.817410614106
3036,LOAD,96282956,5193.027102325358
3037,LOAD,100496435,4975.300865150092
3038,LOAD,96069598,5204.560135663313
3039,LOAD,94536294,5288.973989185572
3040,LOAD,91424414,5468.998685624608
3041,LOAD,91537972,5462.214085319697
3042,LOAD,96713265,5169.921623471197
3043,LOAD,99137535,5043.498408549294
3044,LOAD,90321548,5535.777575468481
3045,LOAD,91541583,5461.998619796645
3046,LOAD,97471235,5129.718526701749
3047,LOAD,91592245,5458.977449455464
3048,LOAD,94092560,5313.91642442293
3049,LOAD,93994880,5319.438675808725
3050,LOAD,93029561,5374.635703161063
3051,LOAD,95871560,5215.310984821776
3052,LOAD,92415217,5410.364399187635
3053,LOAD,100467060,4976.755565455982
3054,LOAD,89769862,5569.798024196583
3055,LOAD,97652423,5120.2006528808815
3056,LOAD,93642572,5339.451804036309
3057,LOAD,89931263,5559.80182331032
3058,LOAD,88916538,5623.250873757591
3059,LOAD,99809216,5009.557434054987
3060,LOAD,91623399,5457.121275319637
3061,LOAD,93989307,5319.754086494116
3062,LOAD,97863686,5109.147431867628
3063,LOAD,96394804,5187.001573238325
3064,LOAD,105501697,4739.260260429744
3065,LOAD,100566488,4971.835150492677
3066,LOAD,94059487,5315.7848925967455
3067,LOAD,92007264,5434.353531042941
3068,LOAD,90090723,5549.961009858917
3069,LOAD,106675445,4687.114265143211
3070,LOAD,92690668,5394.286294279376
3071,LOAD,102127167,4895.85694666337
3072,LOAD,100286562,4985.712841566949
3073,LOAD,100627874,4968.802182981626
3074,LOAD,93908176,5324.350033164312
3075,LOAD,93659571,5338.482705627596
3076,LOAD,92440465,5408.886681822728
3077,LOAD,90719955,5511.466578659569
3078,LOAD,91027311,5492.85697344174
3079,LOAD,97477212,5129.4039882880525
3080,LOAD,92480914,5406.52096063843
3081,LOAD,96213775,5196.76106669757
3082,LOAD,93602274,5341.750564735211
3083,LOAD,93994349,5319.468726784841
3084,LOAD,103456503,4832.948973734401
3085,LOAD,90593933,5519.133383909936
3086,LOAD,92390836,5411.792139211729
3087,LOAD,97785829,5113.215331027157
3088,LOAD,91893642,5441.07284375561
3089,LOAD,94677459,5281.088078208774
3090,LOAD,94817468,5273.289938516393
3091,LOAD,91958780,5437.218719082615
3092,LOAD,95883281,5214.673452820206
3093,LOAD,90503369,5524.65621473163
3094,LOAD,90906150,5500.177930756059
3095,LOAD,87656743,5704.067740687103
3096,LOAD,89869501,5563.622746720269
3097,LOAD,95322988,5245.324454159997
3098,LOAD,93831217,5328.716987652415
3099,LOAD,89150355,5608.50262458293
3100,LOAD,91642040,5456.011236764262
3101,LOAD,88563275,5645.681011683455
3102,LOAD,88299610,5662.539166367778
3103,LOAD,89976026,5557.035826410026
3104,LOAD,90414881,5530.063131974923
3105,LOAD,94209137,5307.340836802274
3106,LOAD,89756799,5570.608639909273
3107,LOAD,93565741,5343.836265882829
3108,LOAD,88212810,5668.111014715437
3109,LOAD,91908492,5440.19370919501
3110,LOAD,89081536,5612.835414063808
3111,LOAD,98255781,5088.7591031412185
3112,LOAD,92888023,5382.825297078397
3113,LOAD,91135165,5486.356446493513
3114,LOAD,91216214,5481.481614661183
3115,LOAD,95511879,5234.9509321243695
3116,LOAD,92192361,5423.442838176147
3117,LOAD,94836876,5272.210780118906
3118,LOAD,91156966,5485.044335503663
3119,LOAD,97122370,5148.1445520738425
3120,LOAD,91345938,5473.697144584579
3121,LOAD,97484851,5129.002043609833
3122,LOAD,91368845,5472.324838953585
3123,LOAD,95739365,5222.512181901353
3124,LOAD,94291477,5302.706203234042
3125,LOAD,96391800,5187.163223427719
3126,LOAD,92770346,5389.653284250982
3127,LOAD,93716076,5335.263930598204
3128,LOAD,92012607,5434.037968297105
3129,LOAD,92437941,5409.034370421557
3130,LOAD,95983918,5209.205983860755
3131,LOAD,91686591,5453.360132017559
3132,LOAD,96019263,5207.28845835861
3133,LOAD,93502419,5347.455235355997
3134,LOAD,89855268,5564.504019953511
3135,LOAD,96105609,5202.609974616569
3136,LOAD,93823806,5329.137894917629
3137,LOAD,98567220,5072.680349511735
3138,LOAD,96083286,5203.818695376425
3139,LOAD,92963466,5378.456952110629
3140,LOAD,96199344,5197.54064019397
3141,LOAD,92086289,5429.68997262991
3142,LOAD,95367384,5242.882619072366
3143,LOAD,90270548,5538.905114434444
3144,LOAD,90753665,5509.419371658434
3145,LOAD,90106583,5548.984140259763
3146,LOAD,94103446,5313.301704169261
3147,LOAD,94473918,5292.466011624499
3148,LOAD,91695669,5452.82024170629
3149,LOAD,96863354,5161.9108708542135
3150,LOAD,97623847,5121.699414283479
3151,LOAD,91461590,5466.775725197867
3152,LOAD,89939873,5559.269580022645
3153,LOAD,95063185,5259.659667409629
3154,LOAD,92635266,5397.512433331816
3155,LOAD,92343647,5414.557646829781
3156,LOAD,98196721,5091.81971565018
3157,LOAD,97230008,5142.445324081429
3158,LOAD,93131574,5368.748519164939
3159,LOAD,95639877,5227.944824730379
3160,LOAD,90809640,5506.0233693251075
3161,LOAD,95760555,5221.3565387126255
3162,LOAD,92025976,5433.248542781008
3163,LOAD,94882846,5269.65643505255
3164,LOAD,99495074,5025.374422054301
3165,LOAD,95004124,5262.929428200401
3166,LOAD,92289039,5417.761474361002
3167,LOAD,96312540,5191.431977601255
3168,LOAD,93130523,5368.809106762988
3169,LOAD,91986491,5435.580752830326
3170,LOAD,94285542,5303.039993130655
3171,LOAD,93011794,5375.662359549801
3172,LOAD,98372066,5082.743713037398
3173,LOAD,97273231,5140.160297543731
3174,LOAD,98004163,5101.82409292144
3175,LOAD,90543913,5522.182369122925
3176,LOAD,95580870,5231.172304667241
3177,LOAD,92821354,5386.691514971868
3178,LOAD,96660444,5172.746775299314
3179,LOAD,92065016,5430.944583771104
3180,LOAD,97232902,5142.292266459352
3181,LOAD,91795819,5446.871169589979
3182,LOAD,93837453,5328.362865944368
3183,LOAD,94130101,5311.797126404867
3184,LOAD,93762073,5332.646602214096
3185,LOAD,92254254,5419.804272657172
3186,LOAD,93224820,5363.37855090522
3187,LOAD,94094283,5313.819119063802
3188,LOAD,91767965,5448.524438784275
3189,LOAD,92895110,5382.41463947887
3190,LOAD,98227372,5090.2308574436875
3191,LOAD,100319617,4984.070064781048
3192,LOAD,98645854,5068.636741692155
3193,LOAD,95909233,5213.262418645346
3194,LOAD,95735194,5222.739716806758
3195,LOAD,89007497,5617.5043322474285
3196,LOAD,95520507,5234.478079141686
3197,LOAD,86681455,5768.246506706653
3198,LOAD,96018173,5207.347571589391
3199,LOAD,92602879,5399.400163357772
3200,LOAD,94065105,5315.467409513868
3201,LOAD,93503583,5347.388666378699
3202,LOAD,96626465,5174.565787954676
3203,LOAD,90711839,5511.959690289158
3204,LOAD,90067800,5551.373520836525
3205,LOAD,87895386,5688.580740745595
3206,LOAD,93072627,5372.148784411124
3207,LOAD,101335609,4934.099720069773
3208,LOAD,95066732,5259.463426175204
3209,LOAD,95055906,5260.062431049787
3210,LOAD,95778342,5220.386880365918
3211,LOAD,95983695,5209.218086467707
3212,LOAD,95089269,5258.216886702537
3213,LOAD,96220582,5196.3934285909845
3214,LOAD,91981707,5435.863459241956
3215,LOAD,91889332,5441.328053184672
3216,LOAD,97218929,5143.031353492899
3217,LOAD,93062535,5372.731357468394
3218,LOAD,95947526,5211.181787011371
3219,LOAD,90041503,5552.994822842972
3220,LOAD,94663233,5281.881720646495
3221,LOAD,93223385,5363.461110106654
3222,LOAD,95620681,5228.994342761479
3223,LOAD,92222137,5421.691757153708
3224,LOAD,95378151,5242.29076321683
3225,LOAD,92678120,5395.0166447053525
3226,LOAD,98792363,5061.119957217746
3227,LOAD,92386938,5412.020474149712
3228,LOAD,99038040,5048.565177582271
3229,LOAD,91136037,5486.303952409078
3230,LOAD,97813804,5111.75293826626
3231,LOAD,92797930,5388.051220539079
3232,LOAD,96682483,5171.567635473326
3233,LOAD,91203513,5482.244965717494
3234,LOAD,97789599,5113.018205545561
3235,LOAD,89589349,5581.020574220268
3236,LOAD,97964863,5103.870762316076
3237,LOAD,91540659,5462.0537525297905
3238,LOAD,102187902,4892.947112271666
3239,LOAD,92936975,5379.9900416384335
3240,LOAD,91210606,5481.81863850351
3241,LOAD,93279369,5360.242091689106
3242,LOAD,100980535,4951.4493065420975
3243,LOAD,98603360,5070.821116034991
3244,LOAD,93751479,5333.249195994018
3245,LOAD,91753838,5449.3633279950645
3246,LOAD,95691660,5225.115751989253
3247,LOAD,91554566,5461.224074832052
3248,LOAD,96416880,5185.813936314887
3249,LOAD,92660171,5396.0617016344595
3250,LOAD,92684442,5394.648650956975
3251,LOAD,104346821,4791.712820843866
3252,LOAD,89913259,5560.915103744599
3253,LOAD,95985010,5209.146719888866
3254,LOAD,94067267,5315.3452411878825
3255,LOAD,94220374,5306.7078676635265
3256,LOAD,92749949,5390.838543749496
3257,LOAD,98416968,5080.424749520835
3258,LOAD,96302261,5191.9860946982335
3259,LOAD,89694393,5574.48446080682
3260,LOAD,93574581,5343.331433137809
3261,LOAD,97762794,5114.420113647734
3262,LOAD,95702367,5224.53117591125
3263,LOAD,91272870,5478.079083083505
3264,LOAD,93598166,5341.985012826
3265,LOAD,94025080,5317.730120516781
3266,LOAD,113767984,4394.909555574089
3267,LOAD,102197147,4892.504484494073
3268,LOAD,91227210,5480.820908586375
3269,LOAD,95006914,5262.774875521164
3270,LOAD,98417568,5080.393776850897
3271,LOAD,93040039,5374.030421461883
3272,LOAD,99262463,5037.15085127396
3273,LOAD,97231926,5142.343884044835
3274,LOAD,95336438,5244.584447344257
3275,LOAD,95464387,5237.555236174093
3276,LOAD,95623092,5228.862501120545
3277,LOAD,93855662,5327.329106687244
3278,LOAD,101251557,4938.19566646269
3279,LOAD,94396059,5296.831300976241
3280,LOAD,91028240,5492.800915408229
3281,LOAD,93780712,5331.586733954419
3282,LOAD,96979541,5155.72660835753
3283,LOAD,91822136,5445.310050291141
3284,LOAD,100137676,4993.125664310404
3285,LOAD,94220401,5306.70634696195
3286,LOAD,97613735,5122.2299812623705
3287,LOAD,96066570,5204.724182408095
3288,LOAD,91226005,5480.893304491411
3289,LOAD,90942538,5497.977195226286
3290,LOAD,94279967,5303.35357457221
3291,LOAD,91695559,5452.826783028827
3292,LOAD,100648290,4967.794286420564
3293,LOAD,96751442,5167.881632193141
3294,LOAD,90684277,5513.6349601155225
3295,LOAD,99556683,5022.264552546412
3296,LOAD,93926071,5323.335626377899
3297,LOAD,92140718,5426.48256767437
3298,LOAD,92747279,5390.993734705684
3299,LOAD,95364864,5243.021161336737
3300,LOAD,93867941,5326.632231125641
3301,LOAD,91087317,5489.23841943879
3302,LOAD,93336706,5356.949279954233
3303,LOAD,92608695,5399.0610708854065
3304,LOAD,93013814,5375.545615192169
3305,LOAD,93562662,5344.0121231266385
3306,LOAD,89835759,5565.712424158402
3307,LOAD,96613425,5175.26420370668
3308,LOAD,96680127,5171.693661511223
3309,LOAD,91059413,5490.920526799355
3310,LOAD,96635852,5174.063141700246
3311,LOAD,95252368,5249.213331893229
3312,LOAD,91655965,5455.182322285298
3313,LOAD,91104138,5488.224914657554
3314,LOAD,90757671,5509.17618853397
3315,LOAD,92562391,5401.761931581909
3316,LOAD,95657189,5226.998673356375
3317,LOAD,92094631,5429.198147283961
3318,LOAD,92546139,5402.71053339135
3319,LOAD,88602131,5643.205127876665
3320,LOAD,90520454,5523.613480771981
3321,LOAD,95866578,5215.582014411739
3322,LOAD,91489268,5465.121876371336
3323,LOAD,91163689,5484.639832861524
3324,LOAD,96716218,5169.763772193822
3325,LOAD,90840173,5504.172696808932
3326,LOAD,96420204,5185.635160033472
3327,LOAD,92456203,5407.965974981689
3328,LOAD,93102542,5370.422646462221
3329,LOAD,98644962,5068.6825749905
3330,LOAD,92018489,5433.690614067788
3331,LOAD,95119998,5256.518192946135
3332,LOAD,92635164,5397.518376499015
3333,LOAD,93579967,5343.023897411718
3334,LOAD,96103055,5202.74823729589
3335,LOAD,94779101,5275.424589646615
3336,LOAD,92505596,5405.078412769753
3337,LOAD,98145621,5094.470796613535
3338,LOAD,95522215,5234.384483232513
3339,LOAD,92618035,5398.516606403926
3340,LOAD,94354393,5299.170331157766
3341,LOAD,93149078,5367.739657068855
3342,LOAD,96683758,5171.499436337591
3343,LOAD,90420643,5529.710732094662
3344,LOAD,93283894,5359.982077935126
3345,LOAD,97342791,5136.487200166676
3346,LOAD,97237778,5142.034405599025
3347,LOAD,91886429,5441.49996295971
3348,LOAD,97557032,5125.207171124272
3349,LOAD,93543118,5345.128649656514
3350,LOAD,99512922,5024.473103101122
3351,LOAD,98081155,5097.819249783508
3352,LOAD,94011965,5318.471962584763
3353,LOAD,99581776,5020.999022953758
3354,LOAD,96721369,5169.488450892378
3355,LOAD,97577136,5124.151215096127
3356,LOAD,96079810,5204.00696046339
3357,LOAD,92507217,5404.983699812307
3358,LOAD,95779230,5220.338480482668
3359,LOAD,96351465,5189.334692523876
3360,LOAD,96837180,5163.306077273212
3361,LOAD,93992667,5319.563918746981
3362,LOAD,99014178,5049.781860533145
3363,LOAD,98786054,5061.4431871122215
3364,LOAD,96077752,5204.118431080694
3365,LOAD,94790757,5274.775894025195
3366,LOAD,100629660,4968.713995456211
3367,LOAD,98209280,5091.168573886297
3368,LOAD,97088644,5149.932879894789
3369,LOAD,103240327,4843.068736115104
3370,LOAD,91843096,5444.067347207024
3371,LOAD,95757242,5221.537186712208
3372,LOAD,93057401,5373.0277723960935
3373,LOAD,92789413,5388.545781618426
3374,LOAD,94812811,5273.548951101133
3375,LOAD,94224578,5306.471099292161
3376,LOAD,90679312,5513.936850336932
3377,LOAD,90405580,5530.632069392177
3378,LOAD,95882963,5214.690747510588
3379,LOAD,95189482,5252.681173325431
3380,LOAD,90821830,5505.284357296037
3381,LOAD,94916907,5267.765415069835
3382,LOAD,91232199,5480.521191865605
3383,LOAD,87476691,5715.808340304047
3384,LOAD,93350413,5356.162698498185
3385,LOAD,92426442,5409.707321634214
3386,LOAD,98439414,5079.2663190782505
3387,LOAD,94966703,5265.003250665657
3388,LOAD,97320924,5137.641315448259
3389,LOAD,97022110,5153.464504121792
3390,LOAD,93288028,5359.744553717011
3391,LOAD,96992784,5155.022666428464
3392,LOAD,104024797,4806.546269924468
3393,LOAD,94666475,5281.700834429506
3394,LOAD,97330601,5137.130510475323
3395,LOAD,95102831,5257.467046380564
3396,LOAD,93264681,5361.086261582775
3397,LOAD,96545758,5178.891443371339
3398,LOAD,97739402,5115.6441493267985
3399,LOAD,90244039,5540.532156367691
3400,LOAD,93985608,5319.963456532621
3401,LOAD,93269083,5360.8332355964085
3402,LOAD,95925353,5212.386343785464
3403,LOAD,92843541,5385.40424691471
3404,LOAD,95230428,5250.422690529123
3405,LOAD,91736380,5450.400375510784
3406,LOAD,98373110,5082.6897716256
3407,LOAD,93354839,5355.908760123297
3408,LOAD,92511826,5404.714419970481
3409,LOAD,96469058,5183.009043169054
3410,LOAD,89609609,5579.758751095544
3411,LOAD,92594486,5399.889578737982
3412,LOAD,101929467,4905.352835799681
3413,LOAD,92649145,5396.703876760007
3414,LOAD,96841577,5163.071642255474
3415,LOAD,93112040,5369.874830365655
3416,LOAD,94761792,5276.388188184538
3417,LOAD,90987385,5495.267283481111
3418,LOAD,96717521,5169.694123984009
3419,LOAD,92522507,5404.090487950138
3420,LOAD,95990272,5208.861164598013
3421,LOAD,94813323,5273.520473488731
3422,LOAD,98399725,5081.315013837691
3423,LOAD,94129428,5311.835104320405
3424,LOAD,90725360,5511.1382308099965
3425,LOAD,93720890,5334.989883258684
3426,LOAD,90430073,5529.134096795432
3427,LOAD,92875972,5383.52373851872
3428,LOAD,93423135,5351.993379370109
3429,LOAD,94167474,5309.688990914209
3430,LOAD,91636455,5456.3437662445585
3431,LOAD,93903722,5324.602575390995
3432,LOAD,93916809,5323.860609446388
3433,LOAD,104393454,4789.572342342461
3434,LOAD,98996353,5050.691109802802
3435,LOAD,93642336,5339.465260670131
3436,LOAD,97522112,5127.042367581211
3437,LOAD,93796862,5330.668738150323
3438,LOAD,91374115,5472.009222743224
3439,LOAD,93786022,5331.284868868839
3440,LOAD,95628750,5228.553128635478
3441,LOAD,91876915,5442.063438895396
3442,LOAD,92030965,5432.954006295598
3443,LOAD,91936521,5438.53513882693
3444,LOAD,90421447,5529.661563589001
3445,LOAD,99719438,5014.067568250836
3446,LOAD,91867609,5442.614708738093
3447,LOAD,94343128,5299.803076277055
3448,LOAD,98162915,5093.573270516671
3449,LOAD,94406205,5296.26204125036
3450,LOAD,97255641,5141.08996515688
3451,LOAD,103640094,4824.387750941252
3452,LOAD,101437232,4929.156584241178
3453,LOAD,93897946,5324.930110824789
3454,LOAD,98883294,5056.4658576199945
3455,LOAD,98895237,5055.855217779599
3456,LOAD,99596367,5020.263439930494
3457,LOAD,97601461,5122.874134025515
3458,LOAD,96161447,5199.588978730739
3459,LOAD,91898064,5440.811027313916
3460,LOAD,91411288,5469.783994291822
3461,LOAD,94053999,5316.0950657717385
3462,LOAD,92503020,5405.22893198514
3463,LOAD,94867593,5270.503700879182
3464,LOAD,92961505,5378.570409332336
3465,LOAD,95667323,5226.444979546464
3466,LOAD,93976054,5320.504306341699
3467,LOAD,98239955,5089.578878573388
3468,LOAD,98624830,5069.717230437812
3469,LOAD,91242332,5479.912547610029
3470,LOAD,95285272,5247.400668594408
3471,LOAD,90852401,5503.431879582357
3472,LOAD,96438705,5184.640337092872
3473,LOAD,94132387,5311.668129694831
3474,LOAD,95943441,5211.403664373472
3475,LOAD,97381658,5134.437123672715
3476,LOAD,94264745,5304.209967363727
3477,LOAD,94942015,5266.3723220957545
3478,LOAD,98928614,5054.149449622331
3479,LOAD,94951297,5265.857505874827
3480,LOAD,97358288,5135.669600106362
3481,LOAD,95564412,5232.0732115214605
3482,LOAD,93580123,5343.014990480404
3483,LOAD,98351641,5083.799262688459
3484,LOAD,97752830,5114.941429317187
3485,LOAD,99330601,5033.695507389511
3486,LOAD,93431173,5351.532940724184
3487,LOAD,98262291,5088.421966469315
3488,LOAD,98692782,5066.226626380843
3489,LOAD,91320595,5475.216187542361
3490,LOAD,95428713,5239.513185093464
3491,LOAD,91658527,5455.029841358895
3492,LOAD,93898631,5324.891264921636
3493,LOAD,91835309,5444.528966522016
3494,LOAD,96013232,5207.615550323314
3495,LOAD,91368931,5472.3196881881
3496,LOAD,97607615,5122.551145215463
3497,LOAD,93211763,5364.12984700225
3498,LOAD,95085656,5258.416684846766
3499,LOAD,94035350,5317.149348622619
3500,LOAD,93224677,5363.386777945071
3501,LOAD,90800201,5506.595739804585
3502,LOAD,94838026,5272.14684961916
3503,LOAD,91938141,5438.439308882697
3504,LOAD,91510885,5463.83088744033
3505,LOAD,93564198,5343.924392960649
3506,LOAD,91706403,5452.182003038544
3507,LOAD,98224730,5090.367771945008
3508,LOAD,92284476,5418.029355229801
3509,LOAD,93392262,5353.762606156814
3510,LOAD,92435464,5409.179316717661
3511,LOAD,90797270,5506.773496604028
3512,LOAD,92505678,5405.073621534885
3513,LOAD,94103139,5313.31903816726
3514,LOAD,90534722,5522.742975893823
3515,LOAD,91079700,5489.697484730406
3516,LOAD,96194155,5197.821011058312
3517,LOAD,104260608,4795.675083728651
3518,LOAD,90790701,5507.171929424799
3519,LOAD,92854780,5384.752405853527
3520,LOAD,96936091,5158.037577562313
3521,LOAD,89776480,5569.387438669905
3522,LOAD,91229817,5480.6642876418355
3523,LOAD,92985007,5377.210973377676
3524,LOAD,94648152,5282.723322479661
3525,LOAD,96224186,5196.198801827225
3526,LOAD,91897826,5440.825118104535
3527,LOAD,88611161,5642.630051986341
3528,LOAD,91260956,5478.794239236328
3529,LOAD,91284682,5477.370233923803
3530,LOAD,98511554,5075.546772919652
3531,LOAD,94680021,5280.945174272828
3532,LOAD,92624424,5398.1442302950245
3533,LOAD,90599319,5518.805279320036
3534,LOAD,97671853,5119.1820841158815
3535,LOAD,90959335,5496.961911605884
3536,LOAD,94879941,5269.817779503046
3537,LOAD,96178664,5198.658197206814
3538,LOAD,94648413,5282.708754979336
3539,LOAD,92658672,5396.1489972573745
3540,LOAD,95935490,5211.835578262017
3541,LOAD,91311223,5475.778152703091
3542,LOAD,95405922,5240.764823802027
3543,LOAD,91952176,5437.60921981879
3544,LOAD,92642083,5397.115261322438
3545,LOAD,95661439,5226.766450795289
3546,LOAD,93411511,5352.659374067935
3547,LOAD,92785648,5388.764434775516
3548,LOAD,93633697,5339.957899985515
3549,LOAD,99329894,5033.731335704435
3550,LOAD,91445184,5467.756508642379
3551,LOAD,95983353,5209.236647525744
3552,LOAD,88811314,5629.913323881235
3553,LOAD,92432576,5409.348323257809
3554,LOAD,92678192,5395.012453415146
3555,LOAD,90236426,5540.999595883817
3556,LOAD,90975159,5496.005783292998
3557,LOAD,91462397,5466.72749020562
3558,LOAD,92865271,5384.14408977496
3559,LOAD,90523703,5523.415231919976
3560,LOAD,92546267,5402.7030609457215
3561,LOAD,97429047,5131.939759197276
3562,LOAD,88996124,5618.222204823212
3563,LOAD,87240286,5731.297121148823
3564,LOAD,92431583,5409.40643632599
3565,LOAD,89907610,5561.264502526538
3566,LOAD,89546671,5583.6804921536395
3567,LOAD,94694343,5280.146460280103
3568,LOAD,89400480,5592.8111347948025
3569,LOAD,90009981,5554.93951276359
3570,LOAD,90442020,5528.403722075203
3571,LOAD,91975059,5436.25636597852
3572,LOAD,97530256,5126.614247787887
3573,LOAD,91736454,5450.395978898421
3574,LOAD,94560044,5287.645593735129
3575,LOAD,89827607,5566.217521524313
3576,LOAD,94935329,5266.743216321503
3577,LOAD,96346013,5189.628345077445
3578,LOAD,92649815,5396.664850329167
3579,LOAD,90245531,5540.440556552324
3580,LOAD,94719370,5278.751326154303
3581,LOAD,90789420,5507.249633272247
3582,LOAD,92443666,5408.69939104319
3583,LOAD,96580597,5177.023289677946
3584,LOAD,90171016,5545.019033610534
3585,LOAD,94549816,5288.217588916302
3586,LOAD,94360948,5298.802212118513
3587,LOAD,92380379,5412.404727198619
3588,LOAD,90382566,5532.040327334809
3589,LOAD,99421658,5029.085312578472
3590,LOAD,97560926,5125.002606063826
3591,LOAD,99139141,5043.416706626498
3592,LOAD,97441225,5131.298380126071
3593,LOAD,94492851,5291.405590037706
3594,LOAD,96051828,5205.523001602843
3595,LOAD,93958285,5321.510497983228
3596,LOAD,93974130,5320.613236855717
3597,LOAD,97344734,5136.384675929157
3598,LOAD,92148648,5426.015582995857
3599,LOAD,95781504,5220.214541630084
3600,LOAD,93245673,5362.179111517593
3601,LOAD,97744175,5115.394344471167
3602,LOAD,96996131,5154.844784479084
3603,LOAD,95752833,5221.777615707725
3604,LOAD,92063297,5431.045990021409
3605,LOAD,94828139,5272.696535782486
3606,LOAD,92652078,5396.533038363155
3607,LOAD,92838616,5385.689937471709
3608,LOAD,92768681,5389.750017034305
3609,LOAD,91068309,5490.384146695861
3610,LOAD,95547343,5233.007892223649
3611,LOAD,94601012,5285.3557211417565
3612,LOAD,92348151,5414.293568259964
3613,LOAD,93219127,5363.706098642181
3614,LOAD,92093032,5429.2924137843565
3615,LOAD,110756828,4514.39436311773
3616,LOAD,93892622,5325.232050714273
3617,LOAD,93890974,5325.325520640567
3618,LOAD,92516068,5404.46660573599
3619,LOAD,101838974,4909.711678752773
3620,LOAD,96257245,5194.4141970819965
3621,LOAD,91539624,5462.115509672621
3622,LOAD,96413421,5185.999986454168
3623,LOAD,91816219,5445.660967590051
3624,LOAD,96290172,5192.6379360917535
3625,LOAD,91766997,5448.581912296858
3626,LOAD,93684112,5337.084264618958
3627,LOAD,94651842,5282.517375625928
3628,LOAD,90217028,5542.190993035151
3629,LOAD,93022065,5375.068807599574
3630,LOAD,91490846,5465.027615986849
3631,LOAD,106874368,4678.39023852754
3632,LOAD,91692499,5453.008757019481
3633,LOAD,100353717,4982.376487360204
3634,LOAD,98106893,5096.481854745925
3635,LOAD,92890982,5382.653829625787
3636,LOAD,98764255,5062.560336226908
3637,LOAD,98231682,5090.0075191627075
3638,LOAD,92371705,5412.912969399017
3639,LOAD,93833504,5328.587111060032
3640,LOAD,93542444,5345.16716283359
3641,LOAD,94339723,5299.994361865997
3642,LOAD,92039058,5432.476286317489
3643,LOAD,92630178,5397.808908453139
3644,LOAD,99121061,5044.3366420381635
3645,LOAD,90686649,5513.490745478973
3646,LOAD,94601663,5285.319350041447
3647,LOAD,92968682,5378.155194240572
3648,LOAD,97031034,5152.9905370275665
3649,LOAD,88889709,5624.948102822566
3650,LOAD,94404575,5296.3534871058955
3651,LOAD,92111923,5428.178934012702
3652,LOAD,96574853,5177.3312044285485
3653,LOAD,95540841,5233.364022826636
3654,LOAD,92462486,5407.598493512277
3655,LOAD,90157289,5545.863296754631
3656,LOAD,95328184,5245.038550194137
3657,LOAD,91568499,5460.393098722739
3658,LOAD,100958831,4952.5137627633585
3659,LOAD,92365447,5413.279708374063
3660,LOAD,97234408,5142.212620865651
3661,LOAD,91491045,5465.015729135021
3662,LOAD,102232413,4890.816770606793
3663,LOAD,91576481,5459.917159297703
3664,LOAD,102849328,4861.480475594357
3665,LOAD,90961503,5496.830895593271
3666,LOAD,93120426,5369.39124397906
3667,LOAD,90747203,5509.811690835253
3668,LOAD,95949985,5211.048235182111
3669,LOAD,92970885,5378.027755678566
3670,LOAD,102610335,4872.803504637228
3671,LOAD,94360141,5298.847529276159
3672,LOAD,92321912,5415.8323757419585
3673,LOAD,90335708,5534.909849823726
3674,LOAD,97545823,5125.79610917835
3675,LOAD,92261102,5419.401992401955
3676,LOAD,95351337,5243.764961575735
3677,LOAD,95161430,5254.229575995232
3678,LOAD,96092499,5203.3197721291435
3679,LOAD,92959108,5378.709098628614
3680,LOAD,102448834,4880.485023382501
3681,LOAD,97545523,5125.8118734982845
3682,LOAD,92388661,5411.919542810562
3683,LOAD,97807317,5112.091971605764
3684,LOAD,91490817,5465.029348245956
3685,LOAD,97302789,5138.598853523099
3686,LOAD,91621451,5457.237301338962
3687,LOAD,97917905,5106.318400092404
3688,LOAD,95044157,5260.712660116497
3689,LOAD,92073071,5430.469458328375
3690,LOAD,95898252,5213.8593725358
3691,LOAD,92261406,5419.384135550677
3692,LOAD,95122009,5256.4070634799145
3693,LOAD,95781053,5220.239121822977
3694,LOAD,95265397,5248.495421690207
3695,LOAD,100762004,4962.187929489771
3696,LOAD,98765419,5062.500671414152
3697,LOAD,96768137,5166.990039293616
3698,LOAD,93598744,5341.952024484432
3699,LOAD,96723801,5169.358470517511
3700,LOAD,91762535,5448.846852367363
3701,LOAD,99934058,5003.299275608321
3702,LOAD,96038249,5206.25901873742
3703,LOAD,92596886,5399.749620089816
3704,LOAD,95508250,5235.149843076383
3705,LOAD,94850517,5271.452553073591
3706,LOAD,94782269,5275.248263997562
3707,LOAD,92849431,5385.062618208183
3708,LOAD,93971122,5320.783548801301
3709,LOAD,91550191,5461.485055776672
3710,LOAD,96647017,5173.465415906215
3711,LOAD,94004449,5318.8971938977065
3712,LOAD,103533157,4829.370749314638
3713,LOAD,92334219,5415.110512820821
3714,LOAD,96494856,5181.623360316741
3715,LOAD,91618458,5457.415578856392
3716,LOAD,92213101,5422.22303097691
3717,LOAD,96238000,5195.452939587273
3718,LOAD,91290292,5477.033636829642
3719,LOAD,92180530,5424.138915235138
3720,LOAD,100670835,4966.681760412536
3721,LOAD,94558781,5287.716219607357
3722,LOAD,96876766,5161.196235638171
3723,LOAD,90630620,5516.899255461344
3724,LOAD,93966640,5321.037338357528
3725,LOAD,92597609,5399.707458969054
3726,LOAD,94424527,5295.2343621483005
3727,LOAD,103435602,4833.925556889009
3728,LOAD,91876848,5442.06740744959
3729,LOAD,97777036,5113.67515783563
3730,LOAD,94602628,5285.2654368121775
3731,LOAD,94603317,5285.226943998169
3732,LOAD,89256343,5601.842773235736
3733,LOAD,93507438,5347.168211367313
3734,LOAD,91471589,5466.178137563566
3735,LOAD,92175210,5424.451975753567
3736,LOAD,95695691,5224.895653870141
3737,LOAD,90928397,5498.832229495919
3738,LOAD,95889678,5214.325571100572
3739,LOAD,90592921,5519.195037325268
3740,LOAD,93102996,5370.396458562945
3741,LOAD,90852929,5503.399895891083
3742,LOAD,93284503,5359.947085744778
3743,LOAD,92641136,5397.170431934254
3744,LOAD,96408121,5186.285084842593
3745,LOAD,91416649,5469.463226550778
3746,LOAD,91445129,5467.7597972440935
3747,LOAD,97365197,5135.305174804916
3748,LOAD,92877878,5383.413260152218
3749,LOAD,93165340,5366.802718693454
3750,LOAD,96378107,5187.900193972475
3751,LOAD,90670924,5514.446946630874
3752,LOAD,91462275,5466.734782182053
3753,LOAD,96641340,5173.769320665463
3754,LOAD,93442368,5350.891792468274
3755,LOAD,93804166,5330.253669117425
3756,LOAD,91927515,5439.067943912113
3757,LOAD,97079240,5150.431750392771
3758,LOAD,93877715,5326.077653253491
3759,LOAD,93956230,5321.626889456931
3760,LOAD,97312891,5138.065418280503
3761,LOAD,94895973,5268.927481253604
3762,LOAD,94652556,5282.4775276010505
3763,LOAD,95046747,5260.569307016894
3764,LOAD,95484786,5236.436305151273
3765,LOAD,102380886,4883.724096702973
3766,LOAD,94107329,5313.082469910501
3767,LOAD,94618253,5284.392642506304
3768,LOAD,95343097,5244.218152468867
3769,LOAD,93529963,5345.880442612813
3770,LOAD,95655470,5227.092606413413
3771,LOAD,92601410,5399.485817764546
3772,LOAD,94653244,5282.439131193433
3773,LOAD,92886455,5382.916163610723
3774,LOAD,94254442,5304.789773197109
3775,LOAD,93906014,5324.472615779433
3776,LOAD,88907898,5623.797336880015
3777,LOAD,92721879,5392.470530067666
3778,LOAD,97237510,5142.048577755642
3779,LOAD,93997937,5319.265677075445
3780,LOAD,96135711,5200.9809341296705
3781,LOAD,94480533,5292.095462670602
3782,LOAD,98853527,5057.9884721766175
3783,LOAD,93074192,5372.058454184593
3784,LOAD,97207814,5143.619421376969
3785,LOAD,95841659,5216.938074913749
3786,LOAD,91953909,5437.506740469293
3787,LOAD,92026713,5433.205030369822
3788,LOAD,97489422,5128.761559382309
3789,LOAD,93575702,5343.267422134861
3790,LOAD,93217085,5363.82359521326
3791,LOAD,95038825,5261.007803915926
3792,LOAD,97742688,5115.472167084253
3793,LOAD,91608319,5458.019593176903
3794,LOAD,95559446,5232.345110079436
3795,LOAD,92076116,5430.28987017654
3796,LOAD,98081858,5097.782711253289
3797,LOAD,94868355,5270.461367228303
3798,LOAD,102332668,4886.025252463856
3799,LOAD,95536090,5233.624277485084
3800,LOAD,92741175,5391.348556884253
3801,LOAD,95496679,5235.784167949966
3802,LOAD,96113810,5202.166057094189
3803,LOAD,91394777,5470.7721427013275
3804,LOAD,92915462,5381.235687123851
3805,LOAD,93042764,5373.873028965477
3806,LOAD,93252290,5361.798621781835
3807,LOAD,89385882,5593.724521284021
3808,LOAD,92221310,5421.740376492157
3809,LOAD,92231399,5421.147303642223
3810,LOAD,89942152,5559.128716422085
3811,LOAD,99321047,5034.179714194917
3812,LOAD,92351707,5414.085091031398
3813,LOAD,104759727,4772.826488942645
3814,LOAD,91916917,5439.695067231204
3815,LOAD,98328154,5085.013596411054
3816,LOAD,100324169,4983.843922993272
3817,LOAD,90677872,5514.02441380627
3818,LOAD,91394434,5470.792674310998
3819,LOAD,94688207,5280.48862515688
3820,LOAD,89953932,5558.400715601849
3821,LOAD,93524080,5346.216717662446
3822,LOAD,92967310,5378.234564386127
3823,LOAD,88629684,5641.450780756479
3824,LOAD,97741434,5115.537797409438
3825,LOAD,91928935,5438.983928183221
3826,LOAD,90894920,5500.857473662994
3827,LOAD,91814469,5445.764762850177
3828,LOAD,92945720,5379.483853586803
3829,LOAD,102520396,4877.07831327534
3830,LOAD,94690828,5280.342463580527
3831,LOAD,97598156,5123.047611678237
3832,LOAD,91981116,5435.898385925215
3833,LOAD,95682837,5225.597564587263
3834,LOAD,90446262,5528.144435642901
3835,LOAD,93684596,5337.056691795949
3836,LOAD,97742866,5115.462851273463
3837,LOAD,97426772,5132.059594461366
3838,LOAD,98640217,5068.926399462402
3839,LOAD,96333681,5190.292686936774
3840,LOAD,98021397,5100.927096560356
3841,LOAD,93866021,5326.7411857161815
3842,LOAD,99404216,5029.967743018063
3843,LOAD,94201549,5307.768346781644
3844,LOAD,92503144,5405.221686302901
3845,LOAD,99682693,5015.915852112864
3846,LOAD,93010265,5375.750730309176
3847,LOAD,97651412,5120.253663101154
3848,LOAD,99096570,5045.5833133275955
3849,LOAD,99986663,5000.666938949648
3850,LOAD,95600839,5230.0796230459855
3851,LOAD,91943566,5438.11842146736
3852,LOAD,96386629,5187.441507057997
3853,LOAD,91583037,5459.5263094409065
3854,LOAD,94648743,5282.690336415772
3855,LOAD,94786975,5274.986357566533
3856,LOAD,90781713,5507.71717647584
3857,LOAD,90592354,5519.229580898185
3858,LOAD,93934659,5322.848939069444
3859,LOAD,97534364,5126.398322544042
3860,LOAD,88932028,5622.27142734224
3861,LOAD,96954605,5157.052622719673
3862,LOAD,91764801,5448.712300918083
3863,LOAD,93215226,5363.930566450593
3864,LOAD,96145543,5200.44907333874
3865,LOAD,94181261,5308.91171652501
3866,LOAD,99325274,5033.965473883314
3867,LOAD,98953030,5052.902371963749
3868,LOAD,94054074,5316.090826645106
3869,LOAD,97931448,5105.612244189425
3870,LOAD,92735740,5391.664529770292
3871,LOAD,97507236,5127.824564732817
3872,LOAD,98903204,5055.447950907637
3873,LOAD,96139712,5200.7644874159805
3874,LOAD,94205916,5307.522300404149
3875,LOAD,97022423,5153.447878744483
3876,LOAD,98638189,5069.030616529264
3877,LOAD,95645986,5227.610910927303
3878,LOAD,96836665,5163.333536940786
3879,LOAD,94535907,5288.995640566499
3880,LOAD,92495735,5405.654649914399
3881,LOAD,96391189,5187.196103577476
3882,LOAD,93069533,5372.327375920109
3883,LOAD,95675830,5225.98027108832
3884,LOAD,94893027,5269.091057660116
3885,LOAD,95006296,5262.8091089878935
3886,LOAD,93042538,5373.886082084304
3887,LOAD,95774407,5220.601365874289
3888,LOAD,93755140,5333.04094047537
3889,LOAD,96692819,5171.014819621713
3890,LOAD,94301255,5302.1563710896535
3891,LOAD,92377045,5412.600067473472
3892,LOAD,97210840,5143.459309681924
3893,LOAD,99407721,5029.790392237239
3894,LOAD,93431371,5351.521599741911
3895,LOAD,92687439,5394.474217806363
3896,LOAD,94632107,5283.619015267197
3897,LOAD,93318912,5357.970740164652
3898,LOAD,93174220,5366.291233776897
3899,LOAD,101049936,4948.0486558645625
3900,LOAD,92556374,5402.113094879884
3901,LOAD,99438844,5028.21613654318
3902,LOAD,92181441,5424.08531018733
3903,LOAD,97892972,5107.618961655388
3904,LOAD,94472638,5292.537718699037
3905,LOAD,93122635,5369.263874459738
3906,LOAD,94570631,5287.053651994772
3907,LOAD,91490933,5465.02241921612
3908,LOAD,89714722,5573.221304748624
3909,LOAD,104335858,4792.216305922361
3910,LOAD,92985436,5377.1861649387765
3911,LOAD,106136600,4710.91027977154
3912,LOAD,95204864,5251.832511414543
3913,LOAD,96677469,5171.83584936424
3914,LOAD,96635460,5174.08413019403
3915,LOAD,97124451,5148.034247318423
3916,LOAD,92713293,5392.9699164067015
3917,LOAD,98330335,5084.9008090941625
3918,LOAD,105094354,4757.629510715676
3919,LOAD,98811263,5060.151897866137
3920,LOAD,96324491,5190.7878755362435
3921,LOAD,93515962,5346.680815837621
3922,LOAD,96023395,5207.064382591347
3923,LOAD,95762976,5221.2245367144815
3924,LOAD,92281681,5418.193454885158
3925,LOAD,97807773,5112.068137979177
3926,LOAD,94116866,5312.544087475246
3927,LOAD,95146792,5255.037920774039
3928,LOAD,97391597,5133.913144477958
3929,LOAD,91522827,5463.117960724706
3930,LOAD,99554434,5022.378008798683
3931,LOAD,96694473,5170.926367218527
3932,LOAD,92262209,5419.3369681837985
3933,LOAD,98100942,5096.791017562298
3934,LOAD,96822463,5164.0908990303205
3935,LOAD,95907369,5213.363740590153
3936,LOAD,94911736,5268.05241450857
3937,LOAD,97431638,5131.803285499521
3938,LOAD,94155172,5310.382737126751
3939,LOAD,93928051,5323.223410650776
3940,LOAD,95736216,5222.683963193198
3941,LOAD,91721969,5451.256721276884
3942,LOAD,97034654,5152.7982982244675
3943,LOAD,92833906,5385.963184614897
3944,LOAD,99906149,5004.696958142186
3945,LOAD,98003019,5101.883647074179
3946,LOAD,94870596,5270.3368702353255
3947,LOAD,92847312,5385.185518348662
3948,LOAD,96403430,5186.537449964177
3949,LOAD,92874936,5383.583790571872
3950,LOAD,96314359,5191.333931838762
3951,LOAD,101529020,4924.700346758001
3952,LOAD,98156536,5093.904291814047
3953,LOAD,90164199,5545.438273122129
3954,LOAD,94066961,5315.36253201589
3955,LOAD,94114975,5312.650829477456
3956,LOAD,94239864,5305.61037312193
3957,LOAD,94460006,5293.245482114409
3958,LOAD,94581322,5286.456029870253
3959,LOAD,90904434,5500.281757433306
3960,LOAD,95055008,5260.112123708411
3961,LOAD,92178348,5424.267312753316
3962,LOAD,94208224,5307.392271825441
3963,LOAD,92215338,5422.091496319192
3964,LOAD,94441522,5294.28147081323
3965,LOAD,93601529,5341.793081179262
3966,LOAD,94507926,5290.561555651956
3967,LOAD,93119260,5369.458477225871
3968,LOAD,97879821,5108.305214411865
3969,LOAD,94392799,5297.0142351642735
3970,LOAD,95277089,5247.851348607009
3971,LOAD,94329590,5300.563693746575
3972,LOAD,99324874,5033.98574661167
3973,LOAD,94946314,5266.133870136338
3974,LOAD,97678179,5118.850546957882
3975,LOAD,92076014,5430.295885745011
3976,LOAD,100655017,4967.462277613047
3977,LOAD,98901693,5055.525187015757
3978,LOAD,99887304,5005.6411573586975
3979,LOAD,98347167,5084.030534402684
3980,LOAD,103473826,4832.139868878532
3981,LOAD,95600308,5230.108672871639
3982,LOAD,95969752,5209.974909594432
3983,LOAD,98490376,5076.638147873453
3984,LOAD,94296914,5302.4004581952695
3985,LOAD,96590004,5176.519094046212
3986,LOAD,99987912,5000.6044730687045
3987,LOAD,98224621,5090.37342073328
3988,LOAD,118846856,4207.094885202516
3989,LOAD,117026846,4272.523930107456
3990,LOAD,727746484,687.0524433890636
3991,LOAD,420709227,1188.4692987729504
3992,LOAD,322309534,1551.3037848889696
3993,LOAD,276260418,1809.8864962985756
3994,LOAD,234461284,2132.54824621706
3995,LOAD,205084818,2438.0156701799347
3996,LOAD,201012417,2487.4085266085826
3997,LOAD,190761480,2621.0742336450735
3998,LOAD,204116763,2449.578332770249
3999,LOAD,212546268,2352.4289779578726
4000,LOAD,186904446,2675.163757206717
4001,LOAD,191823275,2606.5658612074058
4002,LOAD,174991371,2857.283745722525
4003,LOAD,174062704,2872.52805173014
4004,LOAD,169830275,2944.115823871804
4005,LOAD,175156395,2854.5917492764106
4006,LOAD,171819390,2910.0324474437953
4007,LOAD,173520580,2881.5025860333108
4008,LOAD,170331155,2935.4582841876463
4009,LOAD,172495144,2898.632323238038
4010,LOAD,170138411,2938.7837647079004
4011,LOAD,176851393,2827.2324663001095
4012,LOAD,571950464,874.2015812054661
4013,LOAD,174651771,2862.8395643351364
4014,LOAD,170437755,2933.622306865049
4015,LOAD,186975126,2674.1524966267434
4016,LOAD,170022416,2940.788701649787
4017,LOAD,169062431,2957.487343832173
4018,LOAD,175063876,2856.1003641893544
4019,LOAD,166873547,2996.2807706124922
4020,LOAD,174489120,2865.5081760971684
4021,LOAD,172580822,2897.1932930067974
4022,LOAD,171047870,2923.1582948095174
4023,LOAD,162750342,3072.190164737104
4024,LOAD,173117512,2888.211563484115
4025,LOAD,162722153,3072.722372349633
4026,LOAD,169428631,2951.095083805523
4027,LOAD,166561317,3001.8974934017842
4028,LOAD,167023580,2993.5892884106543
4029,LOAD,162290580,3080.8935429277535
4030,LOAD,169472978,2950.3228532397657
4031,LOAD,168816010,2961.8043928416505
4032,LOAD,173186881,2887.054707105673
4033,LOAD,162526575,3076.4199639351286
4034,LOAD,161323710,3099.3584266069756
4035,LOAD,165346566,3023.9515225251184
4036,LOAD,168330950,2970.3390849989264
4037,LOAD,172322806,2901.5312111387043
4038,LOAD,167370173,2987.390112812992
4039,LOAD,169479260,2950.2134951497897
4040,LOAD,168030951,2975.6422672392064
4041,LOAD,167731102,2980.9617538910584
4042,LOAD,165795497,3015.763449836035
4043,LOAD,167703717,2981.4485268683698
4044,LOAD,163397492,3060.0224879828634
4045,LOAD,168982989,2958.877712832976
4046,LOAD,167375161,2987.3010846573584
4047,LOAD,170414881,2934.0160733967828
4048,LOAD,170156288,2938.4750095159575
4049,LOAD,172431367,2899.704437186304
4050,LOAD,172837547,2892.889934384454
4051,LOAD,169633559,2947.529975480854
4052,LOAD,167043606,2993.2304023657152
4053,LOAD,163172112,3064.2491162950687
4054,LOAD,168277410,2971.2841432489363
4055,LOAD,165323207,3024.3787854901702
4056,LOAD,170790199,2927.568460763958
4057,LOAD,163216008,3063.425004243456
4058,LOAD,168341174,2970.158685004775
4059,LOAD,166884557,2996.083094734763
4060,LOAD,176701657,2829.628247345751
4061,LOAD,160361075,3117.9636330075737
4062,LOAD,170052727,2940.2645216033497
4063,LOAD,166740983,2998.6629022092307
4064,LOAD,176626003,2830.840258554682
4065,LOAD,163829335,3051.956476537001
4066,LOAD,165644511,3018.512336940643
4067,LOAD,159096632,3142.744090270874
4068,LOAD,168679017,2964.209828185091
4069,LOAD,169971925,2941.66227746141
4070,LOAD,175156908,2854.5833887407966
4071,LOAD,164323714,3042.7744591994797
4072,LOAD,167249109,2989.552548229121
4073,LOAD,159908118,3126.7956014590827
4074,LOAD,166763744,2998.253625200451
4075,LOAD,164215731,3044.77529013344
4076,LOAD,174168054,2870.7905297029956
4077,LOAD,168817247,2961.782690366939
4078,LOAD,172344945,2901.1584877061523
4079,LOAD,164542600,3038.7267491822786
4080,LOAD,166584967,3001.471315235786
4081,LOAD,160816522,3109.1332767413037
4082,LOAD,169619536,2947.7736573928605
4083,LOAD,159358388,3137.581938893609
4084,LOAD,164044508,3047.95330301457
4085,LOAD,167761103,2980.4286634906066
4086,LOAD,168388651,2969.321251941142
4087,LOAD,160337709,3118.418013569097
4088,LOAD,169224472,2954.6553999589373
4089,LOAD,170618025,2930.522727595751
4090,LOAD,167258547,2989.3838549249144
4091,LOAD,161743528,3091.313798966967
4092,LOAD,166723388,2998.979363351229
4093,LOAD,160439049,3116.4482905904038
4094,LOAD,169948987,2942.0593133632506
4095,LOAD,160722182,3110.9582621271284
4096,LOAD,171031506,2923.437977561865
4097,LOAD,168357273,2969.874666477878
4098,LOAD,185568388,2694.4244404386377
4099,LOAD,171370526,2917.6545796445766
4100,LOAD,164169134,3045.6395049266694
4101,LOAD,169862005,2943.5658668929523
4102,LOAD,158262591,3159.3062949411715
4103,LOAD,167967583,2976.764867778088
4104,LOAD,168218935,2972.316998677943
4105,LOAD,169731914,2945.8219625096554
4106,LOAD,167692234,2981.6526864326943
4107,LOAD,165222877,3026.215310365283
4108,LOAD,168829722,2961.5638412293306
4109,LOAD,164746590,3034.9641834771815
4110,LOAD,169713683,2946.138408887161
4111,LOAD,166908207,2995.658565788799
4112,LOAD,170185704,2937.9671044519696
4113,LOAD,163017350,3067.1581889903127
4114,LOAD,173588131,2880.381262933236
4115,LOAD,165477182,3021.564628771597
4116,LOAD,165686806,3017.7417989456567
4117,LOAD,156297755,3199.0222764236123
4118,LOAD,170273744,2936.4480292393173
4119,LOAD,165385917,3023.2320204144107
4120,LOAD,171503674,2915.3894394122426
4121,LOAD,161026748,3105.0741954994955
4122,LOAD,167919077,2977.6247519512035
4123,LOAD,168144842,2973.6267497280705
4124,LOAD,167159927,2991.147513482702
4125,LOAD,173371704,2883.976960854004
4126,LOAD,165521508,3020.7554658093136
4127,LOAD,164584538,3037.9524472705934
4128,LOAD,166208705,3008.266023130377
4129,LOAD,176613609,2831.0389150136216
4130,LOAD,160690241,3111.576638932292
4131,LOAD,169774094,2945.090079526503
4132,LOAD,159002844,3144.5978412813797
4133,LOAD,167311420,2988.439163327883
4134,LOAD,166564175,3001.845985188592
4135,LOAD,168279379,2971.2493769067214
4136,LOAD,166974405,2994.4709190609187
4137,LOAD,169866462,2943.488632853259
4138,LOAD,160725170,3110.9004271079634
4139,LOAD,168031194,2975.637963984235
4140,LOAD,164000555,3048.7701703204602
4141,LOAD,166357486,3005.5755951974415
4142,LOAD,156809336,3188.5856592110053
4143,LOAD,167617942,2982.9742212203037
4144,LOAD,161458459,3096.771783260981
4145,LOAD,164924122,3031.69720679186
4146,LOAD,164239352,3044.337388764174
4147,LOAD,173994968,2873.646322921247
4148,LOAD,164446022,3040.5113721753632
4149,LOAD,175469042,2849.505498525489
4150,LOAD,162510119,3076.7314864866967
4151,LOAD,171149390,2921.424376680513
4152,LOAD,165100413,3028.4600196608835
4153,LOAD,165069668,3029.0240845459266
4154,LOAD,169994993,2941.2630994372876
4155,LOAD,170060093,2940.13716668966
4156,LOAD,166525081,3002.5507088628888
4157,LOAD,168739452,2963.148179478502
4158,LOAD,162035442,3085.744660726756
4159,LOAD,167760173,2980.4451858785337
4160,LOAD,159624467,3132.3518843762217
4161,LOAD,167378576,2987.2401352010547
4162,LOAD,168671790,2964.3368342744216
4163,LOAD,160532047,3114.642897439662
4164,LOAD,166754624,2998.4176031004695
4165,LOAD,166162414,3009.1040925777597
4166,LOAD,168590149,2965.772335843893
4167,LOAD,161105132,3103.5634544528352
4168,LOAD,175335950,2851.6684684458605
4169,LOAD,162307655,3080.56942847212
4170,LOAD,166850130,2996.701291152725
4171,LOAD,158367120,3157.2210191105323
4172,LOAD,167256002,2989.429341973629
4173,LOAD,160955008,3106.4581724602194
4174,LOAD,170175805,2938.1380038131742
4175,LOAD,170028463,2940.684113576913
4176,LOAD,170787233,2927.61930278477
4177,LOAD,161220519,3101.342205702737
4178,LOAD,163453832,3058.967745705711
4179,LOAD,168442314,2968.3752741606245
4180,LOAD,158426229,3156.0430564815124
4181,LOAD,172165701,2904.1789223743235
4182,LOAD,168975394,2959.010706612112
4183,LOAD,160256945,3119.9895892187387
4184,LOAD,168214737,2972.3911764044788
4185,LOAD,159374313,3137.26842543315
4186,LOAD,172401460,2900.20745763986
4187,LOAD,159841108,3128.1064443071805
4188,LOAD,169422617,2951.199838921152
4189,LOAD,166349836,3005.7138138687437
4190,LOAD,175327839,2851.8003920643773
4191,LOAD,167873125,2978.439818761937
4192,LOAD,173704108,2878.4581191367106
4193,LOAD,167368037,2987.4282387622197
4194,LOAD,158986530,3144.9205162223493
4195,LOAD,172692196,2895.32481247734
4196,LOAD,161989774,3086.614590869174
4197,LOAD,172122169,2904.913428089557
4198,LOAD,156248587,3200.0289385016968
4199,LOAD,172092921,2905.407131766913
4200,LOAD,161188352,3101.9611144110463
4201,LOAD,168372978,2969.597651233561
4202,LOAD,156109254,3202.8850768833986
4203,LOAD,168168889,2973.2015414575285
4204,LOAD,159030068,3144.0595246428493
4205,LOAD,166989875,2994.1935102352763
4206,LOAD,163844461,3051.6747221622586
4207,LOAD,174048595,2872.760909101277
4208,LOAD,171741879,2911.3458110004726
4209,LOAD,166544557,3002.1995855439454
4210,LOAD,171779479,2910.7085602465936
4211,LOAD,166882310,2996.1234357314447
4212,LOAD,175339402,2851.6123261330617
4213,LOAD,163925257,3050.1706030572213
4214,LOAD,173192044,2886.968641584945
4215,LOAD,171435930,2916.5414741238897
4216,LOAD,171977406,2907.358656171381
4217,LOAD,177050292,2824.0563421380857
4218,LOAD,165753156,3016.533814897618
4219,LOAD,173997555,2873.6035974758383
4220,LOAD,158181083,3160.9342313075454
4221,LOAD,170382825,2934.5680821995998
4222,LOAD,169124278,2956.4058212860486
4223,LOAD,171894898,2908.754162092699
4224,LOAD,163224865,3063.258774942163
4225,LOAD,172881678,2892.151474837027
4226,LOAD,173749647,2877.703688226774
4227,LOAD,172446420,2899.451319430116
4228,LOAD,161399554,3097.901992963376
4229,LOAD,161772425,3090.7616053848487
4230,LOAD,163193782,3063.8422240866994
4231,LOAD,166417157,3004.4979076285986
4232,LOAD,168301632,2970.8565155208953
4233,LOAD,180796790,2765.5358261615156
4234,LOAD,165149835,3027.5537362783316
4235,LOAD,174601091,2863.6705368582147
4236,LOAD,171776910,2910.752091186179
4237,LOAD,173466494,2882.401024373041
4238,LOAD,158772377,3149.1624012154207
4239,LOAD,165268088,3025.387454110318
4240,LOAD,160283582,3119.471088436244
4241,LOAD,174970035,2857.63216541621
4242,LOAD,168691731,2963.986420887459
4243,LOAD,173705266,2878.438929997666
4244,LOAD,166141062,3009.4908144983447
4245,LOAD,168921680,2959.9516178148356
4246,LOAD,154116621,3244.296408497043
4247,LOAD,167294238,2988.746091781117
4248,LOAD,162313964,3080.4496894672598
4249,LOAD,169352533,2952.4211486107506
4250,LOAD,166484014,3003.2913550486596
4251,LOAD,175437868,2850.0118343891413
4252,LOAD,171998379,2907.004141009957
4253,LOAD,166072092,3010.740660748707
4254,LOAD,172697729,2895.232050214164
4255,LOAD,165305970,3024.6941474648497
4256,LOAD,172637375,2896.2442228978516
4257,LOAD,123506776,4048.360876977308
4258,LOAD,112895805,4428.862525051307
4259,LOAD,106089992,4712.979901063618
4260,LOAD,105009362,4761.480219258927
4261,LOAD,118033231,4236.095172214679
4262,LOAD,107734420,4641.04229641743
4263,LOAD,103668178,4823.080810776862
4264,LOAD,110248255,4535.219174217315
4265,LOAD,101730977,4914.923799463756
4266,LOAD,111990189,4464.676812001809
4267,LOAD,102740025,4866.6525047078785
4268,LOAD,114116534,4381.486034267392
4269,LOAD,100582993,4971.019305420748
4270,LOAD,114309250,4374.099208944158
4271,LOAD,107721935,4641.580194414442
4272,LOAD,107745980,4640.5443618406925
4273,LOAD,108811438,4595.105157970617
4274,LOAD,114447028,4368.833413481039
4275,LOAD,110492946,4525.175751943477
4276,LOAD,108709512,4599.413526941414
4277,LOAD,118066918,4234.886524267534
4278,LOAD,111243897,4494.628590726195
4279,LOAD,108113697,4624.760912578912
4280,LOAD,111417496,4487.6255341441165
4281,LOAD,105306831,4748.03006843877
4282,LOAD,104659080,4777.416350306156
4283,LOAD,108334141,4615.350206173694
4284,LOAD,108458743,4610.04789627702
4285,LOAD,109284417,4575.217709218323
4286,LOAD,107580029,4647.7027813405775
4287,LOAD,111389681,4488.746134392825
4288,LOAD,109755900,4555.563755570316
4289,LOAD,108438662,4610.90159891497
4290,LOAD,111597762,4480.376586763451
4291,LOAD,107707194,4642.21544941557
4292,LOAD,102394987,4883.0515501701275
4293,LOAD,109836630,4552.215413018408
4294,LOAD,109173730,4579.856344562011
4295,LOAD,110791222,4512.992915630085
4296,LOAD,109211913,4578.255121307142
4297,LOAD,107555147,4648.777989211432
4298,LOAD,112734859,4435.185393721032
4299,LOAD,103630238,4824.846585800566
4300,LOAD,111991927,4464.607524790604
4301,LOAD,109324480,4573.54107698477
4302,LOAD,111806413,4472.015393249401
4303,LOAD,109561926,4563.629157085099
4304,LOAD,112428200,4447.282799155372
4305,LOAD,111371352,4489.484872195859
4306,LOAD,100420703,4979.05297476358
4307,LOAD,109300540,4574.542815616464
4308,LOAD,110341338,4531.393302481069
4309,LOAD,111229389,4495.214839308341
4310,LOAD,108755017,4597.489051930358
4311,LOAD,109116172,4582.272186014737
4312,LOAD,112049346,4462.319664052301
4313,LOAD,108735771,4598.302797705826
4314,LOAD,111601283,4480.2352317042805
4315,LOAD,105139198,4755.600285252318
4316,LOAD,110158879,4538.898766389952
4317,LOAD,112933720,4427.375632362062
4318,LOAD,105058021,4759.274877260443
4319,LOAD,111773036,4473.3507999192225
4320,LOAD,111399476,4488.351453286908
4321,LOAD,106518495,4694.020507893958
4322,LOAD,118143375,4232.145898997722
4323,LOAD,104417205,4788.4828941743845
4324,LOAD,118507474,4219.1431740414955
4325,LOAD,107191259,4664.559448825953
4326,LOAD,109794545,4553.960308319507
4327,LOAD,106091980,4712.891587092634
4328,LOAD,104553708,4782.23115721539
4329,LOAD,112553889,4442.316515602584
4330,LOAD,113081595,4421.586023791051
4331,LOAD,107040715,4671.119769706322
4332,LOAD,110336432,4531.5947863893225
4333,LOAD,110061468,4542.915964013854
4334,LOAD,104386166,4789.906739174615
4335,LOAD,118163033,4231.441824957218
4336,LOAD,106751960,4683.754752605947
4337,LOAD,114514995,4366.24042117803
4338,LOAD,107399758,4655.5039723646305
4339,LOAD,115103919,4343.900749374137
4340,LOAD,109281740,4575.329785195588
4341,LOAD,111265012,4493.775635417179
4342,LOAD,105006794,4761.596663926336
4343,LOAD,108321224,4615.900573649353
4344,LOAD,115795415,4317.960257752865
4345,LOAD,116331179,4298.07386375754
4346,LOAD,109414750,4569.767787249891
4347,LOAD,111493776,4484.555263425646
4348,LOAD,111641530,4478.62009773603
4349,LOAD,111753788,4474.12127094967
4350,LOAD,101040286,4948.521226473963
4351,LOAD,109169648,4580.02759155182
4352,LOAD,101829854,4910.15139823337
4353,LOAD,113073591,4421.899009115223
4354,LOAD,110517975,4524.150935628344
4355,LOAD,109931159,4548.300996262579
4356,LOAD,110383538,4529.66093549203
4357,LOAD,113029012,4423.643020077005
4358,LOAD,110168273,4538.511736496042
4359,LOAD,108415483,4611.88739988365
4360,LOAD,129580005,3858.6200085422133
4361,LOAD,111254773,4494.1892066059945
4362,LOAD,114015531,4385.367463665981
4363,LOAD,106208839,4707.706107210154
4364,LOAD,104429538,4787.917380233933
4365,LOAD,113424159,4408.23193584358
4366,LOAD,113338716,4411.555182961487
4367,LOAD,107925862,4632.809882028091
4368,LOAD,103099682,4849.67548202525
4369,LOAD,104653867,4777.654322128394
4370,LOAD,100896958,4955.550790738409
4371,LOAD,116330339,4298.104899359057
4372,LOAD,104501539,4784.6185308333115
4373,LOAD,115562284,4326.6711481749535
4374,LOAD,98663486,5067.73093340732
4375,LOAD,108640955,4602.315949818372
4376,LOAD,110050267,4543.378345460988
4377,LOAD,111007737,4504.190550249665
4378,LOAD,102175427,4893.544511441092
4379,LOAD,112385484,4448.9731431863565
4380,LOAD,104276504,4794.944026892194
4381,LOAD,112043699,4462.544564866606
4382,LOAD,107079931,4669.409060414879
4383,LOAD,111068833,4501.712915269399
4384,LOAD,100396971,4980.229931438867
4385,LOAD,111820319,4471.45925241011
4386,LOAD,109770028,4554.977429722438
4387,LOAD,110753052,4514.548276285876
4388,LOAD,104199446,4798.490003488118
4389,LOAD,107496403,4651.318425975612
4390,LOAD,110216061,4536.543907153423
4391,LOAD,109706120,4557.630877839814
4392,LOAD,113346130,4411.266621983476
4393,LOAD,104561425,4781.878211778388
4394,LOAD,105781933,4726.7050792123455
4395,LOAD,113328923,4411.9363950895395
4396,LOAD,108804741,4595.3879895729915
4397,LOAD,109241907,4576.998092865589
4398,LOAD,108462237,4609.899388300464
4399,LOAD,110740785,4515.048362714785
4400,LOAD,106038600,4715.264064218124
4401,LOAD,115184361,4340.867073091633
4402,LOAD,109095641,4583.134536053553
4403,LOAD,111360092,4489.9388193752575
4404,LOAD,105084087,4758.0943440085275
4405,LOAD,116941225,4275.652149188621
4406,LOAD,110117221,4540.615858803774
4407,LOAD,110392349,4529.299399182093
4408,LOAD,103542282,4828.9451453272
4409,LOAD,110479639,4525.720798200653
4410,LOAD,111662001,4477.799032098664
4411,LOAD,104520571,4783.747306546957
4412,LOAD,117437005,4257.601767006916
4413,LOAD,109852579,4551.554497414212
4414,LOAD,110466069,4526.2767520042735
4415,LOAD,104720527,4774.613099492901
4416,LOAD,106872534,4678.470522650843
4417,LOAD,111578084,4481.1667495563015
4418,LOAD,109292275,4574.8887558612905
4419,LOAD,112295452,4452.540072593501
4420,LOAD,110678551,4517.5871520038245
4421,LOAD,103788665,4817.481754871787
4422,LOAD,118252344,4228.245995698826
4423,LOAD,109633411,4560.653503702443
4424,LOAD,112238083,4454.815929099573
4425,LOAD,104264939,4795.475879000898
4426,LOAD,110218628,4536.4382507102155
4427,LOAD,114477730,4367.661727743903
4428,LOAD,109875183,4550.618131848754
4429,LOAD,111244350,4494.610288073057
4430,LOAD,110701330,4516.657568612772
4431,LOAD,113630792,4400.215744338032
4432,LOAD,126328927,3957.9216880390345
4433,LOAD,118704049,4212.1562340304
4434,LOAD,111340716,4490.7201782320135
4435,LOAD,108593307,4604.335329800759
4436,LOAD,108270559,4618.060575451541
4437,LOAD,108162918,4622.65635252185
4438,LOAD,113785070,4394.24961464628
4439,LOAD,114469728,4367.967048895232
4440,LOAD,109933947,4548.18564824203
4441,LOAD,110656123,4518.502785426524
4442,LOAD,114090493,4382.486102501109
4443,LOAD,106368983,4700.618412418214
4444,LOAD,111265982,4493.736459360957
4445,LOAD,99541101,5023.050729567478
4446,LOAD,108161219,4622.728965360496
4447,LOAD,110099342,4541.353208087293
4448,LOAD,108728225,4598.621930965947
4449,LOAD,110698016,4516.792785157053
4450,LOAD,110816298,4511.971695715733
4451,LOAD,107962021,4631.258245897417
4452,LOAD,114056304,4383.799776643648
4453,LOAD,109472792,4567.344916168759
4454,LOAD,104803053,4770.853383441035
4455,LOAD,110802191,4512.546146312216
4456,LOAD,106600580,4690.405999667169
4457,LOAD,112608668,4440.155530478346
4458,LOAD,106966673,4674.353104354288
4459,LOAD,114505337,4366.608693531901
4460,LOAD,100257599,4987.153143374199
4461,LOAD,113434985,4407.811223318802
4462,LOAD,98435257,5079.480820576311
4463,LOAD,112759670,4434.209500613118
4464,LOAD,103850252,4814.624811887794
4465,LOAD,109266819,4575.954572265895
4466,LOAD,103363080,4837.317154248886
4467,LOAD,112825816,4431.609871981782
4468,LOAD,105867436,4722.887593121647
4469,LOAD,108940632,4589.655767739625
4470,LOAD,117573717,4252.651126101593
4471,LOAD,101952667,4904.2365904954695
4472,LOAD,115635826,4323.919474575293
4473,LOAD,111554995,4482.094235224519
4474,LOAD,99290760,5035.715307245106
4475,LOAD,112890621,4429.065900877629
4476,LOAD,101693240,4916.747661889817
4477,LOAD,109457770,4567.971739237882
4478,LOAD,103154897,4847.079630160457
4479,LOAD,109029994,4585.894043064884
4480,LOAD,111849119,4470.307897552595
4481,LOAD,100865372,4957.102621898822
4482,LOAD,113760147,4395.212323345539
4483,LOAD,101807429,4911.2329513792165
4484,LOAD,111330372,4491.137422948699
4485,LOAD,112598317,4440.563707537475
4486,LOAD,106588289,4690.946863777877
4487,LOAD,106841880,4679.8128224625025
4488,LOAD,99931704,5003.417133765677
4489,LOAD,109591399,4562.401835932398
4490,LOAD,111829691,4471.0845172593745
4491,LOAD,106724152,4684.9751497674115
4492,LOAD,110556916,4522.557412871393
4493,LOAD,111472697,4485.403273233804
4494,LOAD,101452228,4928.427988786998
4495,LOAD,115713934,4321.000788029556
4496,LOAD,98267228,5088.166321329426
4497,LOAD,109664291,4559.369284574137
4498,LOAD,106933704,4675.79426595005
4499,LOAD,105899570,4721.454487492253
4500,LOAD,102111361,4896.614785107016
4501,LOAD,102563291,4875.038574961484
4502,LOAD,115810620,4317.393344410038
4503,LOAD,102216306,4891.587453766916
4504,LOAD,111351320,4490.292526393041
4505,LOAD,107701084,4642.478807362793
4506,LOAD,108219601,4620.235108795126
4507,LOAD,111540415,4482.680111957626
4508,LOAD,104415379,4788.566634422693
4509,LOAD,117327327,4261.581788188186
4510,LOAD,103548111,4828.673311094974
4511,LOAD,110082452,4542.049989947535
4512,LOAD,1709536997,292.4768524328111
4513,LOAD,107083979,4669.232546915351
4514,LOAD,101457919,4928.151542315785
4515,LOAD,108917197,4590.643293914367
4516,LOAD,105026008,4760.725552855441
4517,LOAD,106806926,4681.344354016893
4518,LOAD,106649629,4688.248845197577
4519,LOAD,101385784,4931.657874243987
4520,LOAD,106951707,4675.007197407331
4521,LOAD,94107737,5313.059435272575
4522,LOAD,108125455,4624.257997342069
4523,LOAD,105974546,4718.114102607244
4524,LOAD,106959247,4674.677636801239
4525,LOAD,99487723,5025.745739501948
4526,LOAD,111124140,4499.47239186733
4527,LOAD,101379037,4931.986087025071
4528,LOAD,113598657,4401.460485575987
4529,LOAD,107687341,4643.071277988004
4530,LOAD,110132540,4539.984277126451
4531,LOAD,104146678,4800.921254540639
4532,LOAD,109705060,4557.674914903652
4533,LOAD,106032290,4715.544670401819
4534,LOAD,108637859,4602.447108240599
4535,LOAD,107569648,4648.151307513807
4536,LOAD,108265515,4618.275727040138
4537,LOAD,105889071,4721.922624101594
4538,LOAD,111254106,4494.216150548187
4539,LOAD,99967898,5001.605615434667
4540,LOAD,111811250,4471.821932050666
4541,LOAD,102335217,4885.903549703715
4542,LOAD,107928159,4632.711283438088
4543,LOAD,107062879,4670.152761350645
4544,LOAD,108816019,4594.911710563498
4545,LOAD,106650729,4688.2004904064
4546,LOAD,108674495,4600.89554591443
4547,LOAD,103241511,4843.013194566671
4548,LOAD,108402356,4612.445877098834
4549,LOAD,102226074,4891.120048296093
4550,LOAD,100110944,4994.458947465324
4551,LOAD,108014872,4628.992200259238
4552,LOAD,111062345,4501.975894710308
4553,LOAD,104357179,4791.237218093064
4554,LOAD,114124672,4381.173599342305
4555,LOAD,101742295,4914.377054301754
4556,LOAD,108454927,4610.210101381563
4557,LOAD,101350847,4933.357883037722
4558,LOAD,107238632,4662.498865147776
4559,LOAD,108041473,4627.852491422437
4560,LOAD,106393275,4699.5451545222195
4561,LOAD,106718439,4685.225952377358
4562,LOAD,107409671,4655.074308904643
4563,LOAD,100935773,4953.645126391413
4564,LOAD,108950341,4589.246765184516
4565,LOAD,110390136,4529.390198414105
4566,LOAD,104212216,4797.902004118212
4567,LOAD,108909379,4590.972830723789
4568,LOAD,103469789,4832.328400708346
4569,LOAD,110072818,4542.447527781109
4570,LOAD,109455562,4568.06388696812
4571,LOAD,105193062,4753.165184981496
4572,LOAD,107280041,4660.6991882115335
4573,LOAD,106319697,4702.797450598453
4574,LOAD,110358621,4530.683651800977
4575,LOAD,105137831,4755.6621174732045
4576,LOAD,105518256,4738.516527414933
4577,LOAD,111180554,4497.189319635879
4578,LOAD,111518599,4483.557043251592
4579,LOAD,106841456,4679.831394285754
4580,LOAD,113495790,4405.449752805809
4581,LOAD,106629900,4689.1162797676825
4582,LOAD,109184410,4579.408360589208
4583,LOAD,109536650,4564.682231928765
4584,LOAD,109404155,4570.2103361613645
4585,LOAD,105440190,4742.024838915788
4586,LOAD,104648490,4777.899805338806
4587,LOAD,106475183,4695.9299426609105
4588,LOAD,112500852,4444.410785440096
4589,LOAD,104303520,4793.702072566679
4590,LOAD,118146433,4232.036357796769
4591,LOAD,105227024,4751.631101911616
4592,LOAD,114215595,4377.685901824528
4593,LOAD,106653013,4688.10009146202
4594,LOAD,109660321,4559.534346064882
4595,LOAD,115712375,4321.05900514098
4596,LOAD,98988453,5051.094191763962
4597,LOAD,107328620,4658.5896660182525
4598,LOAD,106286061,4704.2857294335145
4599,LOAD,101622176,4920.185924772955
4600,LOAD,109461961,4567.796844056174
4601,LOAD,106469803,4696.167231567058
4602,LOAD,108985496,4587.766430865259
4603,LOAD,104428541,4787.963091431106
4604,LOAD,110976612,4505.453815800395
4605,LOAD,107732080,4641.14310240738
4606,LOAD,108855654,4593.238675503249
4607,LOAD,111028076,4503.365437044951
4608,LOAD,109299952,4574.567425244615
4609,LOAD,122678511,4075.693419526424
4610,LOAD,112263341,4453.8136451862765
4611,LOAD,103875101,4813.473057417292
4612,LOAD,112366348,4449.73080374562
4613,LOAD,104850821,4768.67987519144
4614,LOAD,108743780,4597.9641318335625
4615,LOAD,102565734,4874.922457045937
4616,LOAD,110624512,4519.79394946393
4617,LOAD,101493911,4926.403910082842
4618,LOAD,111790504,4472.651809495375
4619,LOAD,112505240,4444.237441740492
4620,LOAD,104699210,4775.585221703201
4621,LOAD,104838630,4769.234393848908
4622,LOAD,111835170,4470.865471032055
4623,LOAD,102046636,4899.720555217518
4624,LOAD,112560713,4442.047199896469
4625,LOAD,108743784,4597.963962703377
4626,LOAD,107416782,4654.766142593995
4627,LOAD,111247234,4494.493768716982
4628,LOAD,108440594,4610.8194501406
4629,LOAD,110882641,4509.272105089921
4630,LOAD,111014219,4503.927555442245
4631,LOAD,108276642,4617.801132029936
4632,LOAD,117577220,4252.524426075051
4633,LOAD,102083489,4897.951714796895
4634,LOAD,112070160,4461.490908909204
4635,LOAD,106095766,4712.723408773919
4636,LOAD,108785048,4596.21987756994
4637,LOAD,104802837,4770.863216231446
4638,LOAD,110751027,4514.630821436987
4639,LOAD,107458588,4652.955238905614
4640,LOAD,111955567,4466.057502973478
4641,LOAD,106321234,4702.729466063195
4642,LOAD,108890712,4591.759855514582
4643,LOAD,111772902,4473.3561628381085
4644,LOAD,109678104,4558.79507180394
4645,LOAD,104517195,4783.901825914865
4646,LOAD,107736632,4640.947008627483
4647,LOAD,111660518,4477.858503217762
4648,LOAD,111074176,4501.4963694171365
4649,LOAD,109574098,4563.122207951006
4650,LOAD,107742851,4640.679129606474
4651,LOAD,116639480,4286.713212370288
4652,LOAD,108757522,4597.383158472478
4653,LOAD,101789308,4912.107271620316
4654,LOAD,115978636,4311.138820428962
4655,LOAD,101928470,4905.400816866965
4656,LOAD,115073499,4345.04907163725
4657,LOAD,102469693,4879.491539025104
4658,LOAD,115969775,4311.468225233687
4659,LOAD,103055108,4851.773092120771
4660,LOAD,107582686,4647.587995711503
4661,LOAD,107311158,4659.347725983909
4662,LOAD,106828043,4680.4189794996055
4663,LOAD,108918135,4590.6037594198615
4664,LOAD,112152203,4458.2271825725975
4665,LOAD,104574274,4781.290664279438
4666,LOAD,114263376,4375.8553046778525
4667,LOAD,105989286,4717.4579513631215
4668,LOAD,111970933,4465.444616773891
4669,LOAD,110437825,4527.434327867286
4670,LOAD,107727948,4641.321117524674
4671,LOAD,106863212,4678.878639732446
4672,LOAD,111747383,4474.377713167565
4673,LOAD,103177426,4846.021260503242
4674,LOAD,108310272,4616.367319251123
4675,LOAD,107287294,4660.38410848539
4676,LOAD,111893665,4468.52822275506
4677,LOAD,113423160,4408.270762338132
4678,LOAD,117913458,4240.398072287898
4679,LOAD,106499108,4694.875003084533
4680,LOAD,111097796,4500.539326630746
4681,LOAD,103984786,4808.395720504728
4682,LOAD,110228213,4536.043780370458
4683,LOAD,108277495,4617.764753423599
4684,LOAD,113342211,4411.419149040599
4685,LOAD,104799216,4771.028058072496
4686,LOAD,113723512,4396.628201211373
4687,LOAD,107710322,4642.080635503067
4688,LOAD,110818980,4511.8624986441855
4689,LOAD,102513797,4877.392259697492
4690,LOAD,114928069,4350.5472975448665
4691,LOAD,104335890,4792.2148361412355
4692,LOAD,113641168,4399.813982904505
4693,LOAD,113272025,4414.152567679443
4694,LOAD,107254216,4661.821405696537
4695,LOAD,104497844,4784.787712940757
4696,LOAD,117780537,4245.183565430679
4697,LOAD,105030237,4760.533864167135
4698,LOAD,113287972,4413.5312087676875
4699,LOAD,112599441,4440.5193805535855
4700,LOAD,110019593,4544.645061539175
4701,LOAD,110381993,4529.72433646854
4702,LOAD,108510122,4607.865061657566
4703,LOAD,109715372,4557.2465451787375
4704,LOAD,112555445,4442.255103695783
4705,LOAD,105188918,4753.3524396552875
4706,LOAD,113536732,4403.861122231349
4707,LOAD,104737302,4773.848384981312
4708,LOAD,104629991,4778.744557093578
4709,LOAD,110784264,4513.276362065284
4710,LOAD,109984958,4546.07620071101
4711,LOAD,106884248,4677.957784761698
4712,LOAD,110013526,4544.895688553787
4713,LOAD,107221273,4663.253718317633
4714,LOAD,108501263,4608.241288398643
4715,LOAD,102690507,4868.999234758866
4716,LOAD,111377161,4489.250718107279
4717,LOAD,109310393,4574.130476321679
4718,LOAD,108703956,4599.648608924592
4719,LOAD,103423491,4834.491614675819
4720,LOAD,106783588,4682.367481414841
4721,LOAD,106882350,4678.040855202005
4722,LOAD,108715023,4599.180372707092
4723,LOAD,105976298,4718.0361027519575
4724,LOAD,105565565,4736.392970567628
4725,LOAD,107030040,4671.585659502696
4726,LOAD,105674240,4731.522081445772
4727,LOAD,107585319,4647.474252504657
4728,LOAD,107986312,4630.216466694408
4729,LOAD,101613931,4920.585150868733
4730,LOAD,115755872,4319.435302599595
4731,LOAD,103730479,4820.18404638814
4732,LOAD,108620578,4603.179334950694
4733,LOAD,103501247,4830.859670705224
4734,LOAD,117853457,4242.556923892355
4735,LOAD,106913396,4676.682424342783
4736,LOAD,109723422,4556.912196923643
4737,LOAD,108753448,4597.555380496993
4738,LOAD,101801795,4911.504752936821
4739,LOAD,105201401,4752.788415812067
4740,LOAD,102521777,4877.012617524178
4741,LOAD,110315340,4532.461215276135
4742,LOAD,102552177,4875.566902884958
4743,LOAD,112710411,4436.147429184692
4744,LOAD,104558177,4782.02675626221
4745,LOAD,105083508,4758.120560649726
4746,LOAD,109140035,4581.2702918777695
4747,LOAD,111219752,4495.604341933797
4748,LOAD,110915474,4507.937278436009
4749,LOAD,103717187,4820.801782832772
4750,LOAD,107637083,4645.239224849674
4751,LOAD,105432262,4742.381416420715
4752,LOAD,111996285,4464.433797960352
4753,LOAD,103220510,4843.998542537718
4754,LOAD,106142795,4710.635328568463
4755,LOAD,108095725,4625.529825531953
4756,LOAD,103853940,4814.453837764846
4757,LOAD,110278316,4533.982909205832
4758,LOAD,104937261,4764.751769154715
4759,LOAD,112122932,4459.39105481116
4760,LOAD,109952140,4547.433092252683
4761,LOAD,106138670,4710.818403886162
4762,LOAD,102962880,4856.119020757772
4763,LOAD,112261988,4453.867323283104
4764,LOAD,104278950,4794.831555170051
4765,LOAD,113538466,4403.793864891569
4766,LOAD,107363495,4657.076411307214
4767,LOAD,107730043,4641.230858879356
4768,LOAD,105837467,4724.224928776876
4769,LOAD,110661005,4518.303443927696
4770,LOAD,103590413,4826.701482501088
4771,LOAD,111322200,4491.4671107829345
4772,LOAD,102439780,4880.916378383476
4773,LOAD,106622409,4689.445724303602
4774,LOAD,107358407,4657.2971225253
4775,LOAD,110351420,4530.979302305308
4776,LOAD,118257869,4228.048452319059
4777,LOAD,107485703,4651.781455995129
4778,LOAD,107712527,4641.985606743772
4779,LOAD,109898960,4549.633590709139
4780,LOAD,106836004,4680.070213034175
4781,LOAD,111675747,4477.247866539903
4782,LOAD,105462872,4741.004967131939
4783,LOAD,110260432,4534.718311279607
4784,LOAD,107165893,4665.663542784083
4785,LOAD,109816155,4553.064164375452
4786,LOAD,103823904,4815.8466474156085
4787,LOAD,106758228,4683.479759517927
4788,LOAD,102308254,4887.191213330647
4789,LOAD,111932127,4466.992751777156
4790,LOAD,108588636,4604.53338782154
4791,LOAD,99982360,5000.88215561225
4792,LOAD,111098689,4500.503151751863
4793,LOAD,108298869,4616.853385606456
4794,LOAD,104070639,4804.4290378576425
4795,LOAD,113029876,4423.6092057643245
4796,LOAD,105976313,4718.035434956111
4797,LOAD,111689151,4476.710544607865
4798,LOAD,108780801,4596.399322339978
4799,LOAD,111226445,4495.333821017115
4800,LOAD,105615456,4734.1555766231795
4801,LOAD,109793883,4553.987766331208
4802,LOAD,108809732,4595.177203450882
4803,LOAD,109185956,4579.343519234287
4804,LOAD,106284665,4704.347518054462
4805,LOAD,110670254,4517.925837596795
4806,LOAD,104536901,4783.000024077622
4807,LOAD,112556999,4442.193772419252
4808,LOAD,108672034,4600.999738350347
4809,LOAD,108274470,4617.893765723351
4810,LOAD,105533954,4737.811680968573
4811,LOAD,111218504,4495.6547878040155
4812,LOAD,107609447,4646.432204042457
4813,LOAD,108453620,4610.265660104292
4814,LOAD,108263360,4618.367654578613
4815,LOAD,107920021,4633.060625516372
4816,LOAD,104264733,4795.485353614247
4817,LOAD,114075773,4383.051605532403
4818,LOAD,110070713,4542.534397864762
4819,LOAD,111989720,4464.695509552127
4820,LOAD,104268519,4795.311229077685
4821,LOAD,109484629,4566.851114780688
4822,LOAD,105582044,4735.653725362619
4823,LOAD,111436376,4486.865222537388
4824,LOAD,107246900,4662.1394184820265
4825,LOAD,110322512,4532.166562704809
4826,LOAD,108995809,4587.332344127103
4827,LOAD,109266190,4575.980914132725
4828,LOAD,105608364,4734.473493027503
4829,LOAD,112093534,4460.560588624139
4830,LOAD,110101156,4541.278385850917
4831,LOAD,107879955,4634.781317808299
4832,LOAD,109210905,4578.297377903791
4833,LOAD,108457402,4610.104896298364
4834,LOAD,110121242,4540.450061396874
4835,LOAD,103714785,4820.913431002147
4836,LOAD,109006546,4586.880497984039
4837,LOAD,114191234,4378.619815948395
4838,LOAD,110837901,4511.0922842178325
4839,LOAD,105588866,4735.347759109374
4840,LOAD,108131643,4623.993367047979
4841,LOAD,110411595,4528.5098906505245
4842,LOAD,104625364,4778.955894480807
4843,LOAD,110614329,4520.210035356269
4844,LOAD,108800382,4595.572100105311
4845,LOAD,105324278,4747.243555754543
4846,LOAD,111363986,4489.781822284988
4847,LOAD,107964281,4631.161300467513
4848,LOAD,105599375,4734.876508502063
4849,LOAD,110633610,4519.422262366744
4850,LOAD,106889501,4677.727890225626
4851,LOAD,107420749,4654.594244171581
4852,LOAD,108679683,4600.675914742961
4853,LOAD,106499225,4694.869845296997
4854,LOAD,109076677,4583.931356838089
4855,LOAD,107662877,4644.126312916568
4856,LOAD,109577344,4562.987034984167
4857,LOAD,102556779,4875.348123013887
4858,LOAD,110739902,4515.084364080438
4859,LOAD,105155027,4754.884424117927
4860,LOAD,109190271,4579.162551945677
4861,LOAD,106132426,4711.095551514106
4862,LOAD,107621855,4645.8965049431645
4863,LOAD,101587874,4921.847266928728
4864,LOAD,107515097,4650.5096860955255
4865,LOAD,106984198,4673.5874021320415
4866,LOAD,108306820,4616.514454029764
4867,LOAD,102897922,4859.184619879885
4868,LOAD,110367032,4530.338371335381
4869,LOAD,105956941,4718.898028586914
4870,LOAD,110197663,4537.301303749065
4871,LOAD,108222699,4620.102849218351
4872,LOAD,108005805,4629.380800411607
4873,LOAD,107988421,4630.12603916118
4874,LOAD,101677351,4917.515996261547
4875,LOAD,108699062,4599.855700686728
4876,LOAD,105440526,4742.009727834628
4877,LOAD,105958512,4718.828063572656
4878,LOAD,107798284,4638.292757981194
4879,LOAD,104533753,4783.144062568958
4880,LOAD,106404411,4699.053312742833
4881,LOAD,106749780,4683.850402314646
4882,LOAD,109114291,4582.3511789120275
4883,LOAD,106017292,4716.211766661612
4884,LOAD,106508941,4694.441568055775
4885,LOAD,107094769,4668.762112928223
4886,LOAD,107444392,4653.5700067063535
4887,LOAD,110180926,4537.990541121428
4888,LOAD,103180888,4845.85866328268
4889,LOAD,106559773,4692.202187780561
4890,LOAD,109510327,4565.7794447093565
4891,LOAD,109995161,4545.6545129289825
4892,LOAD,108598375,4604.1204576035325
4893,LOAD,108938412,4589.749297979486
4894,LOAD,109819366,4552.9310376823705
4895,LOAD,107080066,4669.403173509437
4896,LOAD,108056233,4627.220347390788
4897,LOAD,110318950,4532.312898192015
4898,LOAD,107666166,4643.984443543759
4899,LOAD,109297868,4574.6546492562875
4900,LOAD,110473483,4525.972988468192
4901,LOAD,104494670,4784.933049695262
4902,LOAD,109895490,4549.777247455742
4903,LOAD,112743411,4434.848968690507
4904,LOAD,113751954,4395.528889112533
4905,LOAD,119782159,4174.244346355454
4906,LOAD,110757202,4514.37911911137
4907,LOAD,112021862,4463.4144717216
4908,LOAD,111405910,4488.092238553592
4909,LOAD,109365113,4571.841845031514
4910,LOAD,109405072,4570.172030049941
4911,LOAD,109958635,4547.164485990573
4912,LOAD,108709214,4599.426135120432
4913,LOAD,102898339,4859.164927822596
4914,LOAD,108682883,4600.5404549306995
4915,LOAD,109297486,4574.6706378955505
4916,LOAD,111734919,4474.876828791544
4917,LOAD,110560094,4522.427413999847
4918,LOAD,114808901,4355.063027735106
4919,LOAD,108290319,4617.21790661638
4920,LOAD,110292498,4533.399905404264
4921,LOAD,107891275,4634.295034515071
4922,LOAD,112976211,4425.710471030047
4923,LOAD,109091578,4583.305230033431
4924,LOAD,113977841,4386.817609573776
4925,LOAD,108224036,4620.045772456684
4926,LOAD,110365227,4530.412464063523
4927,LOAD,110986298,4505.060615680685
4928,LOAD,109467331,4567.572767440543
4929,LOAD,107356144,4657.395295419701
4930,LOAD,112460191,4446.017702388573
4931,LOAD,108631293,4602.725293898509
4932,LOAD,110333643,4531.709335474403
4933,LOAD,108926959,4590.231881898034
4934,LOAD,106649845,4688.239349996243
4935,LOAD,104960293,4763.70621412042
4936,LOAD,109033102,4585.76332167455
4937,LOAD,107017312,4672.141270003119
4938,LOAD,111244450,4494.606247772361
4939,LOAD,105201154,4752.7995748031435
4940,LOAD,112812858,4432.118899070884
4941,LOAD,112115101,4459.702533738074
4942,LOAD,109046864,4585.184586326114
4943,LOAD,109049928,4585.055755378398
4944,LOAD,108168850,4622.402845181399
4945,LOAD,114004504,4385.791635039262
4946,LOAD,105342197,4746.436036453654
4947,LOAD,111917234,4467.587181434452
4948,LOAD,109999326,4545.482396864868
4949,LOAD,108646109,4602.097623210786
4950,LOAD,110799000,4512.676107185083
4951,LOAD,102590983,4873.722674048265
4952,LOAD,108306305,4616.536405706021
4953,LOAD,105779345,4726.820722892546
4954,LOAD,110400712,4528.956298760102
4955,LOAD,109894896,4549.801839750592
4956,LOAD,108846713,4593.615978095728
4957,LOAD,100540897,4973.100647789128
4958,LOAD,108521837,4607.367639749777
4959,LOAD,106055778,4714.500326422573
4960,LOAD,115076679,4344.929001644199
4961,LOAD,105118475,4756.537801751785
4962,LOAD,105819147,4725.042812904172
4963,LOAD,104281814,4794.6998697203335
4964,LOAD,110959817,4506.135766247704
4965,LOAD,107245645,4662.193975335782
4966,LOAD,108697383,4599.926752606362
4967,LOAD,105174346,4754.011020900477
4968,LOAD,106520691,4693.923737314096
4969,LOAD,108977920,4588.085366283372
4970,LOAD,110948383,4506.600154776478
4971,LOAD,98322143,5085.32447263685
4972,LOAD,112092774,4460.590831662352
4973,LOAD,108439110,4610.882549663124
4974,LOAD,108424835,4611.489609368555
4975,LOAD,99336650,5033.388985837553
4976,LOAD,109615711,4561.38992703336
4977,LOAD,101991959,4902.347252688813
4978,LOAD,107464356,4652.705497997866
4979,LOAD,104213136,4797.859647943038
4980,LOAD,107040236,4671.140672746648
4981,LOAD,106016902,4716.229115995108
4982,LOAD,107973361,4630.771843806919
4983,LOAD,102864203,4860.7774659956285
4984,LOAD,111094134,4500.687678073084
4985,LOAD,107312024,4659.310125396572
4986,LOAD,103480453,4831.83041342117
4987,LOAD,95752797,5221.779578929689
4988,LOAD,111057131,4502.187257115439
4989,LOAD,104133727,4801.51833997068
4990,LOAD,106243696,4706.161577812579
4991,LOAD,103828307,4815.642423987516
4992,LOAD,107232261,4662.77587861362
4993,LOAD,105833739,4724.391339892092
4994,LOAD,109179938,4579.595932725296
4995,LOAD,104531628,4783.24129803087
4996,LOAD,113571564,4402.510473484366
4997,LOAD,108206638,4620.788606333005
4998,LOAD,105842070,4724.01947543165
4999,LOAD,109344916,4572.68630578124
5000,LOAD,107113910,4667.927816284551
5001,LOAD,109821217,4552.8542995476
5002,LOAD,107593915,4647.102951872324
5003,LOAD,108645035,4602.143116802346
5004,LOAD,104599786,4780.124502357969
5005,LOAD,108559187,4605.78246592801
5006,LOAD,110891189,4508.92450977327
5007,LOAD,110140559,4539.6537346428395
5008,LOAD,114080715,4382.861730836802
5009,LOAD,108093169,4625.639202048003
5010,LOAD,105387423,4744.399149033182
5011,LOAD,110051664,4543.32067164382
5012,LOAD,364632778,1371.2426039767604
5013,LOAD,110925974,4507.5105673626995
5014,LOAD,107077470,4669.516379122518
5015,LOAD,105916766,4720.687940944118
5016,LOAD,106324733,4702.5747057366225
5017,LOAD,110983127,4505.189333870544
5018,LOAD,109433247,4568.995380352737
5019,LOAD,109364709,4571.858733698089
5020,LOAD,106664980,4687.574122265808
5021,LOAD,108034353,4628.157489868061
5022,LOAD,112615754,4439.8761473461345
5023,LOAD,109657799,4559.639209975388
5024,LOAD,109597421,4562.151147698995
5025,LOAD,109219023,4577.95708353846
5026,LOAD,112487977,4444.91947792785
5027,LOAD,106793153,4681.9481020473295
5028,LOAD,110994364,4504.733231319745
5029,LOAD,109642385,4560.2802237474125
5030,LOAD,106049892,4714.761991459643
5031,LOAD,109251863,4576.5809961519835
5032,LOAD,106227231,4706.891023074865
5033,LOAD,105338247,4746.614019502337
5034,LOAD,110892160,4508.885028481725
5035,LOAD,108360131,4614.243221983554
5036,LOAD,106803166,4681.509160505598
5037,LOAD,105744317,4728.3864909733165
5038,LOAD,109930543,4548.326482841079
5039,LOAD,104163268,4800.156615669931
5040,LOAD,104395720,4789.468380504488
5041,LOAD,111538520,4482.756271107058
5042,LOAD,104577956,4781.122323714188
5043,LOAD,104453198,4786.832855036186
5044,LOAD,107432329,4654.092531122545
5045,LOAD,108099108,4625.38506793229
5046,LOAD,107975149,4630.695161161574
5047,LOAD,102555667,4875.400985886036
5048,LOAD,121126375,4127.920116489906
5049,LOAD,108507360,4607.982352533506
5050,LOAD,107965785,4631.09678682001
5051,LOAD,104128568,4801.7562288958015
5052,LOAD,108386294,4613.129405457852
5053,LOAD,106646622,4688.381034703565
5054,LOAD,107788876,4638.697596215773
5055,LOAD,105551936,4737.004539641983
5056,LOAD,112974230,4425.788075740813
5057,LOAD,109656495,4559.693431747933
5058,LOAD,107028076,4671.671384618742
5059,LOAD,106705071,4685.812916988734
5060,LOAD,109092974,4583.246580114316
5061,LOAD,109551454,4564.065393417782
5062,LOAD,118796739,4208.869740102883
5063,LOAD,106516363,4694.114462019324
5064,LOAD,112783702,4433.264657334976
5065,LOAD,109212973,4578.210685648123
5066,LOAD,110360609,4530.602037544029
5067,LOAD,108248219,4619.013639383757
5068,LOAD,112591659,4440.826296022515
5069,LOAD,107797268,4638.336474352949
5070,LOAD,108665721,4601.267036179699
5071,LOAD,109949658,4547.535745859255
5072,LOAD,109783560,4554.415979951825
5073,LOAD,110273809,4534.168217586463
5074,LOAD,108822035,4594.657690420879
5075,LOAD,107002334,4672.795268185459
5076,LOAD,109722012,4556.9707562416925
5077,LOAD,113213463,4416.435879185146
5078,LOAD,106525209,4693.72465629239
5079,LOAD,111205438,4496.183001410417
5080,LOAD,104931309,4765.0220393228865
5081,LOAD,111022433,4503.59433214727
5082,LOAD,114585215,4363.564705970138
5083,LOAD,105320565,4747.410916377063
5084,LOAD,110320556,4532.246918697546
5085,LOAD,105863503,4723.063056018465
5086,LOAD,106303856,4703.498243751384
5087,LOAD,104410211,4788.803654462493
5088,LOAD,111358231,4490.01385447655
5089,LOAD,105626672,4733.652878886499
5090,LOAD,110726943,4515.612789924129
5091,LOAD,107290561,4660.242199684276
5092,LOAD,107267619,4661.238914979552
5093,LOAD,111018964,4503.735055571226
5094,LOAD,109435274,4568.910751756331
5095,LOAD,109753086,4555.680557355809
5096,LOAD,110228732,4536.022422901499
5097,LOAD,110154646,4539.073186254895
5098,LOAD,105963891,4718.588523707572
5099,LOAD,110489896,4525.300666406637
5100,LOAD,111128887,4499.280191657098
5101,LOAD,110550964,4522.800904748329
5102,LOAD,105343072,4746.396611634793
5103,LOAD,111957283,4465.98905048455
5104,LOAD,109363770,4571.897987788826
5105,LOAD,109678595,4558.774663369822
5106,LOAD,108978651,4588.0545906188545
5107,LOAD,107608951,4646.453620758742
5108,LOAD,105956699,4718.908806322855
5109,LOAD,109912540,4549.071470825804
5110,LOAD,108795252,4595.788794165393
5111,LOAD,108179020,4621.9682892302035
5112,LOAD,108498439,4608.361231814589
5113,LOAD,108790394,4595.9940176335795
5114,LOAD,103669499,4823.019353069315
5115,LOAD,111120172,4499.633063922903
5116,LOAD,107740084,4640.798312353274
5117,LOAD,107647867,4644.773871831571
5118,LOAD,101106878,4945.261983067067
5119,LOAD,102842992,4861.779983997354
5120,LOAD,107617278,4646.094096526024
5121,LOAD,110371439,4530.157480324235
5122,LOAD,105745490,4728.334040534494
5123,LOAD,110686616,4517.257985373769
5124,LOAD,106756119,4683.572283102573
5125,LOAD,111505281,4484.092551634392
5126,LOAD,109205111,4578.540284620928
5127,LOAD,107662932,4644.123940447767
5128,LOAD,110494818,4525.099086547209
5129,LOAD,106618996,4689.595839000397
5130,LOAD,106990906,4673.294382608556
5131,LOAD,109665353,4559.325131611987
5132,LOAD,107143136,4666.6545209205005
5133,LOAD,109769700,4554.991040332624
5134,LOAD,108616375,4603.357458762548
5135,LOAD,109829174,4552.524450379641
5136,LOAD,109347873,4572.5626505784885
5137,LOAD,116342938,4297.639449332112
5138,LOAD,110480833,4525.671887358054
5139,LOAD,109941042,4547.8921329488585
5140,LOAD,108926254,4590.261591112828
5141,LOAD,110404986,4528.780973714357
5142,LOAD,109164438,4580.246178705193
5143,LOAD,110351826,4530.962632190608
5144,LOAD,112291597,4452.692929462923
5145,LOAD,107056456,4670.432953618416
5146,LOAD,108243507,4619.214711881055
5147,LOAD,103892915,4812.647715197903
5148,LOAD,108616025,4603.372292440273
5149,LOAD,108011278,4629.146226748655
5150,LOAD,109746249,4555.964368312943
5151,LOAD,100701539,4965.167414174276
5152,LOAD,113953643,4387.74914813386
5153,LOAD,105369481,4745.207011126875
5154,LOAD,112966428,4426.093741761933
5155,LOAD,106340489,4701.877946038033
5156,LOAD,113554871,4403.157659348669
5157,LOAD,106377272,4700.252136565412
5158,LOAD,108553634,4606.01807213566
5159,LOAD,114051467,4383.985696562763
5160,LOAD,109551163,4564.077516913262
5161,LOAD,112370234,4449.576922657294
5162,LOAD,112045234,4462.483428790912
5163,LOAD,111324398,4491.378430809031
5164,LOAD,115648062,4323.46198762933
5165,LOAD,107674302,4643.633538483491
5166,LOAD,114684230,4359.797332205134
5167,LOAD,108150588,4623.183370949402
5168,LOAD,107873219,4635.070730576789
5169,LOAD,113242768,4415.2929924849595
5170,LOAD,118007656,4237.013232429597
5171,LOAD,112464412,4445.850835017925
5172,LOAD,108479324,4609.1732651283855
5173,LOAD,104782165,4771.804438283939
5174,LOAD,106683051,4686.780095931077
5175,LOAD,109526444,4565.107582603521
5176,LOAD,109313011,4574.020927847281
5177,LOAD,108649222,4601.965764651311
5178,LOAD,103746068,4819.459760152067
5179,LOAD,108283583,4617.505130025112
5180,LOAD,106197391,4708.213594437551
5181,LOAD,111429289,4487.150591080232
5182,LOAD,105805814,4725.638233830893
5183,LOAD,105100452,4757.353469802394
5184,LOAD,105660713,4732.127825031807
5185,LOAD,107882717,4634.662658709272
5186,LOAD,110787645,4513.138626604077
5187,LOAD,107402091,4655.402844996751
5188,LOAD,108322991,4615.825277571961
5189,LOAD,107416809,4654.764972584505
5190,LOAD,107457903,4652.984899584351
5191,LOAD,109970137,4546.6888888207895
5192,LOAD,110247618,4535.245378272028
5193,LOAD,109447608,4568.395866632371
5194,LOAD,112078041,4461.1771899189425
5195,LOAD,98205290,5091.375423869732
5196,LOAD,112380909,4449.154259821836
5197,LOAD,108310151,4616.3724764819135
5198,LOAD,107789974,4638.650344233314
5199,LOAD,110786355,4513.191177740255
5200,LOAD,109449697,4568.308672430587
5201,LOAD,119059462,4199.582222200869
5202,LOAD,102266177,4889.202028154431
5203,LOAD,112402200,4448.311509917066
5204,LOAD,109090880,4583.334555555882
5205,LOAD,110839197,4511.039537754862
5206,LOAD,111821986,4471.392593581731
5207,LOAD,107977162,4630.608831893544
5208,LOAD,109277208,4575.519535601605
5209,LOAD,108897579,4591.470302567516
5210,LOAD,105748737,4728.188857707114
5211,LOAD,104916655,4765.68758315827
5212,LOAD,105903228,4721.291403884308
5213,LOAD,116119905,4305.893980881228
5214,LOAD,111913730,4467.727060835163
5215,LOAD,118854476,4206.825159870294
5216,LOAD,109145979,4581.020799676001
5217,LOAD,104719686,4774.651444237524
5218,LOAD,114749971,4357.299576136712
5219,LOAD,118909830,4204.866830606014
5220,LOAD,109509963,4565.7946208967305
5221,LOAD,113461560,4406.778824475884
5222,LOAD,102573201,4874.567578328768
5223,LOAD,103869195,4813.746751382832
5224,LOAD,111313198,4491.830339830862
5225,LOAD,105942729,4719.531059087594
5226,LOAD,107049539,4670.734733383579
5227,LOAD,105405864,4743.569105415236
5228,LOAD,107333874,4658.361627756024
5229,LOAD,107553543,4648.847318772196
5230,LOAD,110576385,4521.761133717656
5231,LOAD,102125576,4895.93321853088
5232,LOAD,107480807,4651.993355427635
5233,LOAD,106943984,4675.344804809217
5234,LOAD,106502206,4694.73843574658
5235,LOAD,105183453,4753.599408834772
5236,LOAD,104887988,4766.990096139512
5237,LOAD,108501426,4608.234365509629
5238,LOAD,105694343,4730.6221488126375
5239,LOAD,107230484,4662.8531491100985
5240,LOAD,118717390,4211.68288824409
5241,LOAD,107939970,4632.20436322152
5242,LOAD,106129874,4711.208834564338
5243,LOAD,114111162,4381.692301056403
5244,LOAD,102708353,4868.153226057475
5245,LOAD,109119706,4582.123782481599
5246,LOAD,105598432,4734.918791218415
5247,LOAD,109676329,4558.868851272366
5248,LOAD,111307990,4492.040508502579
5249,LOAD,108708637,4599.45054779778
5250,LOAD,108083466,4626.0544605407085
5251,LOAD,109176943,4579.721562638001
5252,LOAD,107235955,4662.6152581007
5253,LOAD,116689308,4284.882724645175
5254,LOAD,108370756,4613.79082748117
5255,LOAD,110861491,4510.132377707242
5256,LOAD,108047967,4627.574343902278
5257,LOAD,107743473,4640.652339098072
5258,LOAD,110379761,4529.815932469722
5259,LOAD,116129014,4305.556232484674
5260,LOAD,111146206,4498.579105795117
5261,LOAD,107413437,4654.911098320035
5262,LOAD,111667238,4477.589031081794
5263,LOAD,115812259,4317.332243730778
5264,LOAD,104616233,4779.373006099349
5265,LOAD,114321836,4373.617652536651
5266,LOAD,107675239,4643.593129150147
5267,LOAD,104609726,4779.670295666389
5268,LOAD,108404615,4612.34976020163
5269,LOAD,107697855,4642.617998287895
5270,LOAD,115047498,4346.031062752882
5271,LOAD,108569592,4605.341060874577
5272,LOAD,104661159,4777.321451217638
5273,LOAD,114758960,4356.958271493572
5274,LOAD,100581867,4971.074955289903
5275,LOAD,111271196,4493.525889665103
5276,LOAD,101171328,4942.11166230812
5277,LOAD,103409867,4835.128547259422
5278,LOAD,110988313,4504.97882601387
5279,LOAD,107780242,4639.069190436592
5280,LOAD,115811201,4317.371684971991
5281,LOAD,112855705,4430.4361928357985
5282,LOAD,109400544,4570.361185772532
5283,LOAD,112897889,4428.780771977056
5284,LOAD,110663516,4518.200921792508
5285,LOAD,108490335,4608.705466712772
5286,LOAD,113773074,4394.712935329496
5287,LOAD,107347139,4657.785989061152
5288,LOAD,103498979,4830.965530587505
5289,LOAD,108927103,4590.225813680182
5290,LOAD,113907320,4389.533526028003
5291,LOAD,113925208,4388.844302131974
5292,LOAD,113743188,4395.867645278238
5293,LOAD,116090341,4306.990535930978
5294,LOAD,104822644,4769.961726971894
5295,LOAD,112709954,4436.1654162328905
5296,LOAD,106923281,4676.250067560123
5297,LOAD,109517507,4565.480110864832
5298,LOAD,112690495,4436.931437740157
5299,LOAD,110623832,4519.8217324455
5300,LOAD,114331403,4373.251677843925
5301,LOAD,116144234,4304.992015359109
5302,LOAD,112149002,4458.354431009559
5303,LOAD,114442588,4369.002910000602
5304,LOAD,101783994,4912.363725872262
5305,LOAD,112062337,4461.802362733163
5306,LOAD,106602345,4690.32834127617
5307,LOAD,113426599,4408.137107240605
5308,LOAD,111323269,4491.423980731289
5309,LOAD,118133003,4232.517478625342
5310,LOAD,107524757,4650.0918853506455
5311,LOAD,112334869,4450.977728028508
5312,LOAD,111288096,4492.843511313196
5313,LOAD,113554586,4403.168710420908
5314,LOAD,108992346,4587.478096856453
5315,LOAD,113265876,4414.392204056234
5316,LOAD,111539021,4482.736135903506
5317,LOAD,107329642,4658.54530661716
5318,LOAD,118792561,4209.017768376927
5319,LOAD,108332668,4615.412961120832
5320,LOAD,111302357,4492.267850176794
5321,LOAD,104747143,4773.399881655961
5322,LOAD,110004933,4545.25071162036
5323,LOAD,108764869,4597.072608067961
5324,LOAD,107692258,4642.859285205071
5325,LOAD,114064107,4383.499885726542
5326,LOAD,114197135,4378.393556020473
5327,LOAD,116857999,4278.697258884264
5328,LOAD,112362228,4449.893962586787
5329,LOAD,110444199,4527.173038757789
5330,LOAD,105156176,4754.832469373934
5331,LOAD,110379896,4529.8103922837545
5332,LOAD,110443376,4527.2067742659365
5333,LOAD,116602587,4288.069526279035
5334,LOAD,109054130,4584.879087110227
5335,LOAD,111191097,4496.762901799593
5336,LOAD,112961182,4426.299292795999
5337,LOAD,114506284,4366.572580418381
5338,LOAD,113583718,4402.039383849013
5339,LOAD,103281398,4841.142835808632
5340,LOAD,115928882,4312.989061690425
5341,LOAD,108211002,4620.602256321404
5342,LOAD,113626447,4400.384005670792
5343,LOAD,117910216,4240.514664140722
5344,LOAD,110417163,4528.281531739771
5345,LOAD,107424912,4654.413866310638
5346,LOAD,109729592,4556.655965694286
5347,LOAD,113464025,4406.683087436744
5348,LOAD,116941737,4275.633429320449
5349,LOAD,102823894,4862.682986894077
5350,LOAD,104188290,4799.003803594434
5351,LOAD,118934609,4203.990782867921
5352,LOAD,106905523,4677.026836115848
5353,LOAD,115406389,4332.515767389619
5354,LOAD,105241523,4750.976475321438
5355,LOAD,108917772,4590.619058935579
5356,LOAD,113854309,4391.5773095597115
5357,LOAD,111093988,4500.693592888213
5358,LOAD,114704548,4359.025066730571
5359,LOAD,115093789,4344.2830785595215
5360,LOAD,108310707,4616.3487788884995
5361,LOAD,129853492,3850.493292856537
5362,LOAD,107718774,4641.716401265391
5363,LOAD,118569975,4216.919165243984
5364,LOAD,125469233,3985.0406991808104
5365,LOAD,110458759,4526.57629441591
5366,LOAD,108135438,4623.8310885650635
5367,LOAD,102872447,4860.387932640506
5368,LOAD,121299734,4122.020580853046
5369,LOAD,111099825,4500.457133933379
5370,LOAD,108189460,4621.522281375654
5371,LOAD,110836368,4511.15467803853
5372,LOAD,113327313,4411.999073868451
5373,LOAD,109330133,4573.304598467835
5374,LOAD,124990857,4000.292597401744
5375,LOAD,104672921,4776.78462799371
5376,LOAD,117395647,4259.101702467724
5377,LOAD,116450690,4293.662837034284
5378,LOAD,105694949,4730.595025879619
5379,LOAD,109169930,4580.015760750235
5380,LOAD,111125904,4499.400967752757
5381,LOAD,111738458,4474.735099709359
5382,LOAD,110342613,4531.340942596674
5383,LOAD,106195262,4708.307984587863
5384,LOAD,112299938,4452.362208784122
5385,LOAD,108591812,4604.398718385876
5386,LOAD,107008593,4672.521953447234
5387,LOAD,115046684,4346.061812611652
5388,LOAD,111973385,4465.346832195883
5389,LOAD,117063466,4271.187391632501
5390,LOAD,113250005,4415.010842604378
5391,LOAD,105360714,4745.60185687428
5392,LOAD,113470166,4406.44459795714
5393,LOAD,109396436,4570.532809679467
5394,LOAD,113075211,4421.835657684513
5395,LOAD,109914119,4549.006119950795
5396,LOAD,112914606,4428.125091274729
5397,LOAD,117897345,4240.977606408354
5398,LOAD,110537264,4523.361461162997
5399,LOAD,111790293,4472.660251458505
5400,LOAD,123062609,4062.9725313234662
5401,LOAD,108574247,4605.143612002209
5402,LOAD,118225650,4229.200685299679
5403,LOAD,109464521,4567.690018942301
5404,LOAD,106837500,4680.00468000468
5405,LOAD,110607751,4520.478858665158
5406,LOAD,111878986,4469.114512711083
5407,LOAD,109189416,4579.198408754197
5408,LOAD,110676513,4517.670338963426
5409,LOAD,119901242,4170.098588303197
5410,LOAD,110891998,4508.8916154256685
5411,LOAD,111477392,4485.214365258922
5412,LOAD,108995092,4587.362520873875
5413,LOAD,113696413,4397.676116659898
5414,LOAD,106543867,4692.902689556031
5415,LOAD,111485351,4484.894163359632
5416,LOAD,109133370,4581.550079503639
5417,LOAD,109986842,4545.99832950927
5418,LOAD,106867426,4678.694142029771
5419,LOAD,122161734,4092.9346991751113
5420,LOAD,117993211,4237.531937324767
5421,LOAD,104819430,4770.107984750537
5422,LOAD,115728920,4320.441251849581
5423,LOAD,107932476,4632.525987822238
5424,LOAD,113012977,4424.270674685439
5425,LOAD,110945529,4506.716084070408
5426,LOAD,109413842,4569.805710688782
5427,LOAD,107062694,4670.160831185511
5428,LOAD,112671590,4437.675903925737
5429,LOAD,114383237,4371.269891583852
5430,LOAD,115836933,4316.412624633285
5431,LOAD,109870495,4550.812299516808
5432,LOAD,106923224,4676.252560435327
5433,LOAD,108144244,4623.45457794314
5434,LOAD,108650519,4601.910829344497
5435,LOAD,110656781,4518.475916988766
5436,LOAD,109955780,4547.282553040868
5437,LOAD,108370344,4613.8083680900745
5438,LOAD,105238759,4751.101255384436
5439,LOAD,112688390,4437.014318866389
5440,LOAD,104800119,4770.9869489747425
5441,LOAD,112355826,4450.147516159955
5442,LOAD,122272665,4089.221413469642
5443,LOAD,100266197,4986.725486357082
5444,LOAD,113819231,4392.930751746162
5445,LOAD,115482693,4329.653102218529
5446,LOAD,104057268,4805.046390416477
5447,LOAD,108753851,4597.538343722652
5448,LOAD,110470483,4526.095898394868
5449,LOAD,111057794,4502.160379666824
5450,LOAD,115609586,4324.900878029267
5451,LOAD,106865092,4678.796327616506
5452,LOAD,111093008,4500.733295474365
5453,LOAD,110099430,4541.349578285736
5454,LOAD,113342278,4411.416541319207
5455,LOAD,113799338,4393.698669846392
5456,LOAD,110006529,4545.1847680786295
5457,LOAD,108405994,4612.291087889476
5458,LOAD,124862164,4004.4156210523465
5459,LOAD,106902744,4677.148418192147
5460,LOAD,111799944,4472.274154269701
5461,LOAD,110821856,4511.745408775684
5462,LOAD,112953319,4426.607420008615
5463,LOAD,112831151,4431.400331988105
5464,LOAD,122895844,4068.4858309773276
5465,LOAD,110011588,4544.975752917957
5466,LOAD,104655806,4777.5658046147955
5467,LOAD,113663328,4398.956187522505
5468,LOAD,105646641,4732.75813851952
5469,LOAD,119275469,4191.97680958186
5470,LOAD,110877859,4509.466583405078
5471,LOAD,110611524,4520.324663459116
5472,LOAD,106419804,4698.373622263014
5473,LOAD,112002353,4464.191926396403
5474,LOAD,108874727,4592.434018227205
5475,LOAD,109309315,4574.175586042233
5476,LOAD,106663866,4687.623079403478
5477,LOAD,109678678,4558.771213489646
5478,LOAD,106243934,4706.15103540876
5479,LOAD,110080361,4542.136267158499
5480,LOAD,107571327,4648.0787580132765
5481,LOAD,107966016,4631.086878300668
5482,LOAD,106793789,4681.92021916181
5483,LOAD,112237918,4454.822478086237
5484,LOAD,110034640,4544.023591116397
5485,LOAD,115451817,4330.811008370704
5486,LOAD,108779113,4596.470647816369
5487,LOAD,112726465,4435.515652868206
5488,LOAD,115246649,4338.5209404223115
5489,LOAD,111880438,4469.056511916766
5490,LOAD,112900114,4428.693490956085
5491,LOAD,111098268,4500.520206129586
5492,LOAD,109215672,4578.0975462935385
5493,LOAD,111484463,4484.929886597741
5494,LOAD,103759947,4818.815105986899
5495,LOAD,118844960,4207.1620033361105
5496,LOAD,103221076,4843.971981070998
5497,LOAD,113373661,4410.195415670664
5498,LOAD,106611846,4689.910350112501
5499,LOAD,112873124,4429.752471456358
5500,LOAD,105818957,4725.051296810646
5501,LOAD,110527805,4523.748571682935
5502,LOAD,113984181,4386.573607086759
5503,LOAD,113683556,4398.173470224665
5504,LOAD,110722852,4515.779633277511
5505,LOAD,110964132,4505.960538672082
5506,LOAD,113033290,4423.475597321815
5507,LOAD,106379448,4700.155992537205
5508,LOAD,106964776,4674.436003119383
5509,LOAD,107326925,4658.663238511678
5510,LOAD,114858262,4353.191414301568
5511,LOAD,110898700,4508.61912718544
5512,LOAD,360652240,1386.3770817006432
5513,LOAD,108505159,4608.07582430251
5514,LOAD,107822943,4637.231985033092
5515,LOAD,111800334,4472.258553359957
5516,LOAD,110237109,4535.677727179874
5517,LOAD,116297944,4299.302144154844
5518,LOAD,111004126,4504.3370730201505
5519,LOAD,110437956,4527.42895748632
5520,LOAD,111731067,4475.031103032427
5521,LOAD,108368801,4613.874061409981
5522,LOAD,110580386,4521.597528154767
5523,LOAD,110854143,4510.431333179852
5524,LOAD,108865334,4592.830257609829
5525,LOAD,114658907,4360.760215514701
5526,LOAD,108354204,4614.495622154171
5527,LOAD,109856922,4551.374559720506
5528,LOAD,106389636,4699.705899924313
5529,LOAD,108257892,4618.600923801472
5530,LOAD,114833787,4354.119227993413
5531,LOAD,120179167,4160.4548648602295
5532,LOAD,113014636,4424.205728539443
5533,LOAD,112895494,4428.874725504988
5534,LOAD,113358257,4410.794707261598
5535,LOAD,112053162,4462.167698578644
5536,LOAD,113178672,4417.793486744569
5537,LOAD,112815700,4432.007247218251
5538,LOAD,105964631,4718.555571622762
5539,LOAD,105981325,4717.812312688108
5540,LOAD,116737963,4283.096836287952
5541,LOAD,113572136,4402.488300475391
5542,LOAD,111922109,4467.392586392381
5543,LOAD,115677825,4322.349594660861
5544,LOAD,118148847,4231.949889447504
5545,LOAD,109373328,4571.498455272385
5546,LOAD,116921827,4276.3615043408445
5547,LOAD,113031804,4423.533751615607
5548,LOAD,105977008,4718.004493955897
5549,LOAD,110456025,4526.688335923731
5550,LOAD,113823619,4392.76140042604
5551,LOAD,112528489,4443.319238028692
5552,LOAD,106514644,4694.190218576893
5553,LOAD,112785068,4433.21096370665
5554,LOAD,112046594,4462.4292640256435
5555,LOAD,102555001,4875.432647111963
5556,LOAD,114322057,4373.60919774213
5557,LOAD,112217292,4455.641292787568
5558,LOAD,106936904,4675.654346604237
5559,LOAD,112110183,4459.898169999419
5560,LOAD,108077679,4626.302161799756
5561,LOAD,121845936,4103.542690172284
5562,LOAD,110109683,4540.926704874811
5563,LOAD,109141404,4581.2128273519365
5564,LOAD,113923404,4388.91380036362
5565,LOAD,98781782,5061.662078539948
5566,LOAD,115836653,4316.423058252555
5567,LOAD,103882294,4813.139763740681
5568,LOAD,110780177,4513.442869837624
5569,LOAD,116996706,4273.6245924735695
5570,LOAD,107023910,4671.853233543795
5571,LOAD,103257651,4842.256192715444
5572,LOAD,112165687,4457.691236714843
5573,LOAD,104704669,4775.336236438511
5574,LOAD,115728824,4320.444835765375
5575,LOAD,108362464,4614.143879194183
5576,LOAD,113740822,4395.959086703277
5577,LOAD,110779530,4513.469230281082
5578,LOAD,116408875,4295.205155105227
5579,LOAD,113983740,4386.590578621126
5580,LOAD,114571265,4364.0960060971665
5581,LOAD,109424113,4569.376769816722
5582,LOAD,107303344,4659.687027088364
5583,LOAD,117056562,4271.439306409837
5584,LOAD,115336695,4335.133757734258
5585,LOAD,108014410,4629.011999417485
5586,LOAD,115175147,4341.214342014255
5587,LOAD,113370109,4410.333591546604
5588,LOAD,113477082,4406.176041784367
5589,LOAD,104487016,4785.2835609737385
5590,LOAD,106249843,4705.88930658467
5591,LOAD,111609912,4479.888847148271
5592,LOAD,114124458,4381.181814681652
5593,LOAD,106676709,4687.058728067811
5594,LOAD,121137748,4127.532567305115
5595,LOAD,102876017,4860.2192676258055
5596,LOAD,106998660,4672.955717389358
5597,LOAD,113585591,4401.966795242541
5598,LOAD,108333346,4615.384075739707
5599,LOAD,113446863,4407.349721076025
5600,LOAD,111784367,4472.897359610221
5601,LOAD,106284364,4704.360840885307
5602,LOAD,115283306,4337.141407100175
5603,LOAD,107098013,4668.620696072111
5604,LOAD,113722028,4396.685574407801
5605,LOAD,108999571,4587.174017409665
5606,LOAD,105399919,4743.836662720774
5607,LOAD,111446043,4486.476024994445
5608,LOAD,112142698,4458.605053357999
5609,LOAD,117429071,4257.889428419305
5610,LOAD,108941577,4589.61595534825
5611,LOAD,101627347,4919.935576001999
5612,LOAD,110327925,4531.9442017965985
5613,LOAD,105111320,4756.861582558377
5614,LOAD,110918591,4507.810597774363
5615,LOAD,105513950,4738.709905183154
5616,LOAD,106154429,4710.119066252055
5617,LOAD,113189946,4417.353463531116
5618,LOAD,109296990,4574.691398180315
5619,LOAD,112599477,4440.517960842749
5620,LOAD,113623765,4400.487873289536
5621,LOAD,108738224,4598.199065675378
5622,LOAD,109667148,4559.250505903555
5623,LOAD,108943712,4589.526011377325
5624,LOAD,113896431,4389.953184749046
5625,LOAD,111611454,4479.826953961195
5626,LOAD,115178374,4341.092712421865
5627,LOAD,106401866,4699.165708240493
5628,LOAD,104905517,4766.193564443327
5629,LOAD,109681449,4558.656040366498
5630,LOAD,105503535,4739.177696747318
5631,LOAD,103627970,4824.952182311397
5632,LOAD,112663891,4437.979156959881
5633,LOAD,107977643,4630.588204263729
5634,LOAD,110682932,4517.408338984009
5635,LOAD,111917275,4467.585544769563
5636,LOAD,112265324,4453.73497519145
5637,LOAD,116256785,4300.824248666433
5638,LOAD,107592025,4647.1845845451835
5639,LOAD,110431161,4527.7075371869
5640,LOAD,108898430,4591.434421965496
5641,LOAD,109733765,4556.4826833381685
5642,LOAD,111544725,4482.506904741574
5643,LOAD,114388975,4371.050619170248
5644,LOAD,114708234,4358.884995125983
5645,LOAD,114981060,4348.542272962172
5646,LOAD,108192763,4621.38119164218
5647,LOAD,108778559,4596.4940572525875
5648,LOAD,107717456,4641.773195980418
5649,LOAD,115242832,4338.6646381616165
5650,LOAD,111959495,4465.900815290386
5651,LOAD,107437452,4653.870607430266
5652,LOAD,112538561,4442.92156890117
5653,LOAD,104647446,4777.94747136017
5654,LOAD,117768590,4245.614216829801
5655,LOAD,107633506,4645.3936007622015
5656,LOAD,108183238,4621.788081440121
5657,LOAD,109791616,4554.081798012701
5658,LOAD,109873014,4550.707965470029
5659,LOAD,110021349,4544.572526555732
5660,LOAD,106111692,4712.0160896124435
5661,LOAD,110525778,4523.831535481252
5662,LOAD,104707283,4775.217020959278
5663,LOAD,110135973,4539.842763272269
5664,LOAD,112152408,4458.219033513752
5665,LOAD,108903810,4591.207598705683
5666,LOAD,108975945,4588.16851737326
5667,LOAD,112035154,4462.884926279478
5668,LOAD,101050435,4948.024221766092
5669,LOAD,111855278,4470.061752472691
5670,LOAD,111511044,4483.860809338311
5671,LOAD,108755593,4597.46470234409
5672,LOAD,111518360,4483.566652163823
5673,LOAD,118310495,4226.167763054325
5674,LOAD,110241773,4535.485836208385
5675,LOAD,110206658,4536.930971992636
5676,LOAD,108164351,4622.5951099175
5677,LOAD,110889020,4509.012704774557
5678,LOAD,108715510,4599.159770303244
5679,LOAD,105416654,4743.083573872493
5680,LOAD,119688216,4177.52070095188
5681,LOAD,114399948,4370.631357279988
5682,LOAD,106165847,4709.612499017692
5683,LOAD,103198202,4845.045653024072
5684,LOAD,113072621,4421.936942630879
5685,LOAD,111182936,4497.092971173202
5686,LOAD,116944304,4275.539576514988
5687,LOAD,114569711,4364.155199797964
5688,LOAD,107439291,4653.790948788
5689,LOAD,105319436,4747.461807524302
5690,LOAD,113641511,4399.800703107511
5691,LOAD,108176277,4622.085487375389
5692,LOAD,109406617,4570.107491761673
5693,LOAD,111958466,4465.94186097548
5694,LOAD,111454518,4486.134873419846
5695,LOAD,113547893,4403.428252076857
5696,LOAD,107247121,4662.1298113913945
5697,LOAD,109178579,4579.652937230479
5698,LOAD,123238259,4057.181625715761
5699,LOAD,108687040,4600.364496079753
5700,LOAD,109878171,4550.494383456747
5701,LOAD,106146162,4710.485905274653
5702,LOAD,109675549,4558.901273427863
5703,LOAD,109403447,4570.239912093446
5704,LOAD,115271454,4337.587344044432
5705,LOAD,106760069,4683.398996304508
5706,LOAD,106908334,4676.903860460496
5707,LOAD,107519288,4650.328413633096
5708,LOAD,112627848,4439.399392590721
5709,LOAD,107894617,4634.15148876241
5710,LOAD,115444188,4331.097205170692
5711,LOAD,107819394,4637.384624884832
5712,LOAD,106741787,4684.201136711343
5713,LOAD,109184058,4579.423124207382
5714,LOAD,113232902,4415.677697635975
5715,LOAD,112632232,4439.226597231954
5716,LOAD,110194469,4537.432817975647
5717,LOAD,104780108,4771.898116386748
5718,LOAD,104803274,4770.843323081682
5719,LOAD,105802138,4725.802421875444
5720,LOAD,113673140,4398.5764798966575
5721,LOAD,107656687,4644.3933389850645
5722,LOAD,109015377,4586.5089289192665
5723,LOAD,108241826,4619.286448475103
5724,LOAD,110264422,4534.55421912972
5725,LOAD,101429320,4929.541083386934
5726,LOAD,111626123,4479.238251426147
5727,LOAD,108880806,4592.177614849765
5728,LOAD,105944326,4719.459917088906
5729,LOAD,110343641,4531.298727037655
5730,LOAD,108488156,4608.798033215718
5731,LOAD,109763929,4555.23052568572
5732,LOAD,108970228,4588.40923045513
5733,LOAD,116608095,4287.866978703322
5734,LOAD,99212419,5039.691653924899
5735,LOAD,108276032,4617.827147562999
5736,LOAD,109352474,4572.370260228407
5737,LOAD,107777628,4639.181704759731
5738,LOAD,109930060,4548.346466835367
5739,LOAD,108529884,4607.026024279175
5740,LOAD,103925463,4811.140461313124
5741,LOAD,103865457,4813.919992668978
5742,LOAD,115975367,4311.26033858552
5743,LOAD,104198761,4798.5215486391435
5744,LOAD,107383860,4656.193211903539
5745,LOAD,109546333,4564.278751348072
5746,LOAD,108705743,4599.5729958811835
5747,LOAD,110819964,4511.822436614399
5748,LOAD,109982618,4546.172923434137
5749,LOAD,106688437,4686.543491118911
5750,LOAD,110470211,4526.1070425582875
5751,LOAD,106794876,4681.872564747395
5752,LOAD,114840330,4353.871153104489
5753,LOAD,113941514,4388.216221174664
5754,LOAD,111592346,4480.594036440456
5755,LOAD,107089495,4668.992042590172
5756,LOAD,111724364,4475.299586399972
5757,LOAD,108102113,4625.256492442474
5758,LOAD,118621554,4215.085565309657
5759,LOAD,112394038,4448.63454412057
5760,LOAD,112633269,4439.185725844466
5761,LOAD,110625994,4519.733400090398
5762,LOAD,117334906,4261.306520329083
5763,LOAD,101848112,4909.2711703875275
5764,LOAD,114239618,4376.7653354723225
5765,LOAD,108862366,4592.955475540555
5766,LOAD,112596045,4440.65331069133
5767,LOAD,115350912,4334.599452495009
5768,LOAD,106374417,4700.378287384644
5769,LOAD,109582637,4562.766636104952
5770,LOAD,107657207,4644.370905888353
5771,LOAD,112243456,4454.602680801276
5772,LOAD,115091887,4344.354871859908
5773,LOAD,109767670,4555.075278540576
5774,LOAD,111508753,4483.952932376529
5775,LOAD,107153568,4666.200195965476
5776,LOAD,113670500,4398.678636937464
5777,LOAD,105257315,4750.263675260954
5778,LOAD,117798420,4244.539103325834
5779,LOAD,105021149,4760.94581673259
5780,LOAD,111994988,4464.48550001184
5781,LOAD,113507761,4404.985135774108
5782,LOAD,112456307,4446.171258318131
5783,LOAD,118170216,4231.184615927249
5784,LOAD,110007582,4545.141261263247
5785,LOAD,113043959,4423.058113171709
5786,LOAD,112179233,4457.152956287372
5787,LOAD,114374280,4371.6122191108
5788,LOAD,107676967,4643.518608766162
5789,LOAD,115401091,4332.714670782445
5790,LOAD,107221614,4663.238887636964
5791,LOAD,112367373,4449.690213902215
5792,LOAD,105845487,4723.866970350847
5793,LOAD,109698060,4557.965747069729
5794,LOAD,110413434,4528.4344656828625
5795,LOAD,118684102,4212.864162716587
5796,LOAD,109737533,4556.32622978685
5797,LOAD,111724787,4475.28264251692
5798,LOAD,101332930,4934.230165850331
5799,LOAD,111397985,4488.411527371883
5800,LOAD,108099832,4625.354089356956
5801,LOAD,112090040,4460.699630404271
5802,LOAD,107412882,4654.935150143351
5803,LOAD,112517053,4443.770847784291
5804,LOAD,99703736,5014.857216584141
5805,LOAD,115058784,4345.604764952148
5806,LOAD,103429109,4834.229017674319
5807,LOAD,107260228,4661.560107815546
5808,LOAD,104735392,4773.93544294941
5809,LOAD,113960192,4387.496995442058
5810,LOAD,107391917,4655.843884414504
5811,LOAD,115148407,4342.2224677411305
5812,LOAD,109884677,4550.224959936862
5813,LOAD,105044066,4759.9071422083
5814,LOAD,109019044,4586.354655614115
5815,LOAD,108726886,4598.678564196164
5816,LOAD,112640312,4438.908159274275
5817,LOAD,115458370,4330.565207182467
5818,LOAD,111927178,4467.190265442054
5819,LOAD,112696545,4436.693245564893
5820,LOAD,105891971,4721.79330763425
5821,LOAD,113016845,4424.119254081106
5822,LOAD,107237239,4662.559430497833
5823,LOAD,108067405,4626.741985707901
5824,LOAD,102724010,4867.41123131778
5825,LOAD,113823439,4392.768347124005
5826,LOAD,107934163,4632.453581911781
5827,LOAD,113486719,4405.801880658829
5828,LOAD,105630843,4733.4659631562345
5829,LOAD,120720910,4141.784550828849
5830,LOAD,113789082,4394.0946812454295
5831,LOAD,119173487,4195.564068709344
5832,LOAD,111198756,4496.453179746004
5833,LOAD,119146581,4196.511522223202
5834,LOAD,111959955,4465.88246663729
5835,LOAD,114476981,4367.690304481388
5836,LOAD,108800525,4595.566059998332
5837,LOAD,109764346,4555.213220147096
5838,LOAD,109468650,4567.517732245716
5839,LOAD,113919609,4389.060008097465
5840,LOAD,106540993,4693.029283104204
5841,LOAD,113561220,4402.911486861448
5842,LOAD,119015381,4201.137666399606
5843,LOAD,107688754,4643.010355566004
5844,LOAD,111558184,4481.966110169022
5845,LOAD,119546400,4182.476427562855
5846,LOAD,110527543,4523.759295002152
5847,LOAD,112180651,4457.096616420955
5848,LOAD,108209910,4620.648885115976
5849,LOAD,111074194,4501.49563993235
5850,LOAD,113846033,4391.896553830734
5851,LOAD,114549746,4364.915833161253
5852,LOAD,115032293,4346.6055223292815
5853,LOAD,112364263,4449.813371712321
5854,LOAD,110552293,4522.746534076864
5855,LOAD,113858677,4391.408833952989
5856,LOAD,107978852,4630.536357248917
5857,LOAD,109649974,4559.964601541994
5858,LOAD,113528702,4404.1726117858725
5859,LOAD,107056309,4670.4393666327505
5860,LOAD,107635469,4645.308880476937
5861,LOAD,112926843,4427.6452499429215
5862,LOAD,110225159,4536.16946018649
5863,LOAD,111890827,4468.641562547393
5864,LOAD,98021511,5100.921164131004
5865,LOAD,109474495,4567.273865935623
5866,LOAD,108133736,4623.903866597192
5867,LOAD,114797686,4355.4884895502155
5868,LOAD,108527959,4607.10774078042
5869,LOAD,110137294,4539.788311850117
5870,LOAD,105247907,4750.688296347784
5871,LOAD,109579730,4562.887680048126
5872,LOAD,106415763,4698.552036881979
5873,LOAD,112448649,4446.474052347218
5874,LOAD,109042353,4585.374271958346
5875,LOAD,112778068,4433.486127816979
5876,LOAD,108430470,4611.249955847282
5877,LOAD,114299389,4374.476577473218
5878,LOAD,107792673,4638.534197959819
5879,LOAD,118803634,4208.625470160282
5880,LOAD,106795740,4681.834687413561
5881,LOAD,107709762,4642.1047704106895
5882,LOAD,109876386,4550.568308644589
5883,LOAD,116386258,4296.039829719416
5884,LOAD,104522651,4783.652110010106
5885,LOAD,117292279,4262.855187595084
5886,LOAD,111301803,4492.290210249334
5887,LOAD,109762923,4555.272275320146
5888,LOAD,111063281,4501.937953732881
5889,LOAD,108542506,4606.490290541108
5890,LOAD,114092316,4382.416077871537
5891,LOAD,111061291,4502.01861961068
5892,LOAD,109430309,4569.1180493696675
5893,LOAD,112657788,4438.219575197056
5894,LOAD,109631557,4560.730629776607
5895,LOAD,108676617,4600.805709658776
5896,LOAD,111821105,4471.427822145023
5897,LOAD,114916847,4350.972142491866
5898,LOAD,109197080,4578.87701759058
5899,LOAD,110717983,4515.978221893728
5900,LOAD,114450508,4368.700574050751
5901,LOAD,113999396,4385.988150323183
5902,LOAD,109895990,4549.756547076922
5903,LOAD,110956969,4506.251427974749
5904,LOAD,104563390,4781.788348675383
5905,LOAD,108908236,4591.021013323547
5906,LOAD,112521508,4443.59490809526
5907,LOAD,113780765,4394.415875126168
5908,LOAD,112841535,4430.992541886283
5909,LOAD,112321938,4451.490144338499
5910,LOAD,109274007,4575.653567824231
5911,LOAD,113315967,4412.440834573648
5912,LOAD,116022639,4309.5037684843555
5913,LOAD,110284372,4533.733936481952
5914,LOAD,113473675,4406.308335391447
5915,LOAD,113208568,4416.626840470237
5916,LOAD,117857969,4242.394504524339
5917,LOAD,116648301,4286.3890490783915
5918,LOAD,115781501,4318.4791670648665
5919,LOAD,110607683,4520.481637790025
5920,LOAD,115959877,4311.836239702117
5921,LOAD,122022069,4097.619423253674
5922,LOAD,109047918,4585.14026833598
5923,LOAD,110274829,4534.126278264282
5924,LOAD,113810753,4393.257990306065
5925,LOAD,113974785,4386.935233086862
5926,LOAD,116967487,4274.692162959781
5927,LOAD,109617693,4561.307452438357
5928,LOAD,113246453,4415.149320394167
5929,LOAD,114501219,4366.7657372276535
5930,LOAD,111484132,4484.943202499886
5931,LOAD,112446928,4446.542105623375
5932,LOAD,107597754,4646.937147033756
5933,LOAD,109640996,4560.337996199888
5934,LOAD,116899607,4277.174344991597
5935,LOAD,111014423,4503.919279029176
5936,LOAD,112233740,4454.98831278366
5937,LOAD,113035633,4423.3839076214135
5938,LOAD,106315762,4702.971512352045
5939,LOAD,114531732,4365.602364242601
5940,LOAD,108343526,4614.950412450117
5941,LOAD,110379810,4529.81392158584
5942,LOAD,117278385,4263.360209129756
5943,LOAD,108405340,4612.3189134409795
5944,LOAD,111253759,4494.230167989201
5945,LOAD,116774831,4281.744582443455
5946,LOAD,121201837,4125.350014290625
5947,LOAD,113538791,4403.78125921739
5948,LOAD,109884675,4550.225042755052
5949,LOAD,113612162,4400.937286978132
5950,LOAD,108696164,4599.978339621995
5951,LOAD,111511799,4483.830450982143
5952,LOAD,113919438,4389.066596343286
5953,LOAD,111880699,4469.04608631378
5954,LOAD,111680970,4477.038478444447
5955,LOAD,112350679,4450.351385949345
5956,LOAD,115818174,4317.111751390589
5957,LOAD,108157448,4622.890140677136
5958,LOAD,110276528,4534.056422233388
5959,LOAD,113204008,4416.804747761228
5960,LOAD,109765082,4555.182676399768
5961,LOAD,108671838,4601.008036691162
5962,LOAD,112415009,4447.804652135019
5963,LOAD,117867396,4242.055199047581
5964,LOAD,114002096,4385.884273566338
5965,LOAD,111762014,4473.791962983058
5966,LOAD,117102019,4269.781206761259
5967,LOAD,109654054,4559.7949347134945
5968,LOAD,112338578,4450.83077337867
5969,LOAD,109068925,4584.257156655757
5970,LOAD,111160983,4497.981094679597
5971,LOAD,112095513,4460.481839268625
5972,LOAD,110936669,4507.076014694474
5973,LOAD,110853990,4510.437558449632
5974,LOAD,112425850,4447.375759222634
5975,LOAD,113455308,4407.02166178069
5976,LOAD,115423112,4331.88805375478
5977,LOAD,112664558,4437.952883106327
5978,LOAD,107246514,4662.156198382355
5979,LOAD,111086626,4500.991865573449
5980,LOAD,108661082,4601.463475211852
5981,LOAD,112657216,4438.242109586659
5982,LOAD,113799018,4393.711024817455
5983,LOAD,106987937,4673.424070229525
5984,LOAD,120781302,4139.713612294062
5985,LOAD,111891124,4468.6297011369725
5986,LOAD,121605147,4111.668069444462
5987,LOAD,117685536,4248.610466455282
5988,LOAD,111898335,4468.341731805035
5989,LOAD,113028722,4423.654369904315
5990,LOAD,110108649,4540.969347466974
5991,LOAD,114424873,4369.679309148108
5992,LOAD,118428437,4221.958953996834
5993,LOAD,113016892,4424.11741423574
5994,LOAD,113841574,4392.068577688498
5995,LOAD,110971971,4505.642240057176
5996,LOAD,112157993,4457.997032810671
5997,LOAD,114622926,4362.129090998776
5998,LOAD,123769126,4039.7796781727297
5999,LOAD,115164726,4341.607168847863
6000,LOAD,115273399,4337.514156236514
6001,LOAD,112544416,4442.690430771794
6002,LOAD,110913979,4507.998040535539
6003,LOAD,115892248,4314.352414667114
6004,LOAD,113201940,4416.885435002262
6005,LOAD,110868955,4509.828743312318
6006,LOAD,111681995,4476.997388880813
6007,LOAD,111988392,4464.748453571867
6008,LOAD,110864833,4509.9964205962415
6009,LOAD,113656832,4399.207607686971
6010,LOAD,116178355,4303.72766080222
6011,LOAD,110116975,4540.626002485084
6012,LOAD,481433094,1038.565911299816
6013,LOAD,118607163,4215.596995604726
6014,LOAD,114834433,4354.094733937512
6015,LOAD,111221796,4495.521723098232
6016,LOAD,113059244,4422.460139570719
6017,LOAD,111429661,4487.135611047044
6018,LOAD,110105404,4541.103177824042
6019,LOAD,111401813,4488.257296135746
6020,LOAD,106426623,4698.0725865933
6021,LOAD,109688601,4558.358803391065
6022,LOAD,109816598,4553.045797321093
6023,LOAD,108428932,4611.315363689094
6024,LOAD,115091888,4344.35483411307
6025,LOAD,113730174,4396.370658854351
6026,LOAD,111776899,4473.196201300951
6027,LOAD,116167753,4304.12043865564
6028,LOAD,103538079,4829.141170370758
6029,LOAD,109067947,4584.298263173506
6030,LOAD,117326632,4261.607032238
6031,LOAD,109674394,4558.949284005162
6032,LOAD,112020243,4463.478980312514
6033,LOAD,108492270,4608.623268736104
6034,LOAD,107161815,4665.841092743717
6035,LOAD,111283104,4493.045053811583
6036,LOAD,113415934,4408.551623795648
6037,LOAD,112467929,4445.71180820801
6038,LOAD,109364453,4571.869435491988
6039,LOAD,108368917,4613.869122637813
6040,LOAD,114664961,4360.529979162509
6041,LOAD,118770324,4209.805809740824
6042,LOAD,119248987,4192.90773514076
6043,LOAD,110970291,4505.710451818135
6044,LOAD,110020061,4544.625729665792
6045,LOAD,111454337,4486.142158828687
6046,LOAD,111849611,4470.288233724836
6047,LOAD,108562210,4605.654214297959
6048,LOAD,115343534,4334.876717059839
6049,LOAD,109682389,4558.616971772924
6050,LOAD,111140440,4498.8124934542275
6051,LOAD,109624050,4561.042946324279
6052,LOAD,111330324,4491.139359299807
6053,LOAD,109702047,4557.800092827803
6054,LOAD,114909482,4351.251013384604
6055,LOAD,109071178,4584.162463157774
6056,LOAD,109754266,4555.631577910603
6057,LOAD,99114049,5044.69351262201
6058,LOAD,113604582,4401.230929224315
6059,LOAD,115946588,4312.330432698891
6060,LOAD,113041540,4423.152763134685
6061,LOAD,109537719,4564.637684303066
6062,LOAD,110536775,4523.381471912854
6063,LOAD,110652822,4518.637581606369
6064,LOAD,112922035,4427.833770441704
6065,LOAD,113282471,4413.74552996818
6066,LOAD,112213071,4455.808895917304
6067,LOAD,113697029,4397.652290456947
6068,LOAD,110428439,4527.819142675738
6069,LOAD,109125207,4581.892797692471
6070,LOAD,112183345,4456.989582544539
6071,LOAD,110584274,4521.438554635716
6072,LOAD,111932744,4466.968128646967
6073,LOAD,110396473,4529.130201469389
6074,LOAD,111439458,4486.741132570835
6075,LOAD,109170708,4579.983121479802
6076,LOAD,111974047,4465.320432689193
6077,LOAD,119402817,4187.505894437984
6078,LOAD,107499837,4651.1698431691575
6079,LOAD,109889789,4550.013286493798
6080,LOAD,108182500,4621.819610380607
6081,LOAD,113061921,4422.355427695235
6082,LOAD,107782179,4638.9858197244275
6083,LOAD,113714744,4396.967204182423
6084,LOAD,112048247,4462.363431709913
6085,LOAD,112842480,4430.955434513669
6086,LOAD,109277368,4575.512836290128
6087,LOAD,107825965,4637.1020189803085
6088,LOAD,108480443,4609.12572047664
6089,LOAD,114243669,4376.610138457651
6090,LOAD,115295037,4336.700113119353
6091,LOAD,111287939,4492.849849613982
6092,LOAD,110328175,4531.933932560744
6093,LOAD,116428138,4294.494514719458
6094,LOAD,111218152,4495.669016331075
6095,LOAD,113234429,4415.618150907088
6096,LOAD,110280755,4533.882634372607
6097,LOAD,110460798,4526.492738174859
6098,LOAD,111523904,4483.343768166509
6099,LOAD,116100897,4306.598940402674
6100,LOAD,111145399,4498.611768895625
6101,LOAD,113289782,4413.460694981301
6102,LOAD,110735800,4515.251616911604
6103,LOAD,118178786,4230.877782075033
6104,LOAD,110267942,4534.409465989671
6105,LOAD,111699723,4476.286839135671
6106,LOAD,113691678,4397.8592698754965
6107,LOAD,110042362,4543.704723459135
6108,LOAD,108276625,4617.801857049017
6109,LOAD,113076201,4421.796943814906
6110,LOAD,111421524,4487.463301973863
6111,LOAD,112358673,4450.034756106456
6112,LOAD,110149802,4539.27279869282
6113,LOAD,109486101,4566.789715162109
6114,LOAD,108134166,4623.885479451518
6115,LOAD,117280129,4263.296811346448
6116,LOAD,111746913,4474.39653209928
6117,LOAD,111260108,4493.9737070900555
6118,LOAD,111942452,4466.580739181951
6119,LOAD,109236670,4577.217522284413
6120,LOAD,111065174,4501.86122249266
6121,LOAD,112768934,4433.845229041537
6122,LOAD,113566253,4402.716359762262
6123,LOAD,115171013,4341.370167509076
6124,LOAD,111209882,4496.003331790245
6125,LOAD,112648652,4438.579522460686
6126,LOAD,111416343,4487.671974658153
6127,LOAD,110334287,4531.682884759114
6128,LOAD,113760490,4395.199071312017
6129,LOAD,110611581,4520.32233406012
6130,LOAD,112537141,4442.977629936413
6131,LOAD,107009714,4672.473005581531
6132,LOAD,112103273,4460.173076302599
6133,LOAD,112165456,4457.700417140906
6134,LOAD,116270390,4300.321001761497
6135,LOAD,111487612,4484.803208449743
6136,LOAD,109941000,4547.893870348641
6137,LOAD,110959313,4506.156234042292
6138,LOAD,108547272,4606.2880327384
6139,LOAD,116181293,4303.618827860695
6140,LOAD,119993110,4166.905916514707
6141,LOAD,114575160,4363.94764798932
6142,LOAD,114388763,4371.058720164672
6143,LOAD,113695526,4397.710425298529
6144,LOAD,113875812,4390.748054556133
6145,LOAD,113506413,4405.0374492937235
6146,LOAD,113376525,4410.084009895346
6147,LOAD,111641195,4478.633536661803
6148,LOAD,110330009,4531.858598869506
6149,LOAD,112980418,4425.545672879348
6150,LOAD,112163486,4457.778710622457
6151,LOAD,116880984,4277.855840091148
6152,LOAD,112311429,4451.906671047699
6153,LOAD,125014730,3999.528695538518
6154,LOAD,115169403,4341.4308572911505
6155,LOAD,116144866,4304.968589829877
6156,LOAD,113622889,4400.5217997933505
6157,LOAD,116011518,4309.916882563333
6158,LOAD,103970797,4809.0426776280265
6159,LOAD,110214285,4536.617009310545
6160,LOAD,110038626,4543.858990024102
6161,LOAD,111772238,4473.382737491576
6162,LOAD,115038434,4346.37349114123
6163,LOAD,121871510,4102.681586533226
6164,LOAD,114969550,4348.9776205960625
6165,LOAD,110616946,4520.103095234613
6166,LOAD,109704666,4557.6912836141355
6167,LOAD,115446115,4331.024911492257
6168,LOAD,117899601,4240.896455620745
6169,LOAD,115295992,4336.664192108256
6170,LOAD,116346147,4297.520914035941
6171,LOAD,105966987,4718.450662374688
6172,LOAD,109635478,4560.567519940945
6173,LOAD,113633776,4400.100195561573
6174,LOAD,105443597,4741.871618814369
6175,LOAD,115100428,4344.032500035534
6176,LOAD,106732454,4684.610737049108
6177,LOAD,107161566,4665.851934265313
6178,LOAD,115762946,4319.171352118147
6179,LOAD,118858108,4206.6966100453155
6180,LOAD,111232136,4495.103825031285
6181,LOAD,112334030,4451.010971474984
6182,LOAD,113003066,4424.658707932756
6183,LOAD,115052344,4345.848008103164
6184,LOAD,113896063,4389.9673687579525
6185,LOAD,112006350,4464.032619579158
6186,LOAD,111295541,4492.542967197581
6187,LOAD,114573493,4364.01114173939
6188,LOAD,114571117,4364.101643523298
6189,LOAD,112728464,4435.436998414171
6190,LOAD,114403350,4370.501388289766
6191,LOAD,115642723,4323.661593475276
6192,LOAD,115883746,4314.668944167545
6193,LOAD,113797593,4393.766043891632
6194,LOAD,113292880,4413.340008657207
6195,LOAD,109242855,4576.9583740739845
6196,LOAD,113778495,4394.503548319917
6197,LOAD,111572696,4481.38315130433
6198,LOAD,115385956,4333.282986362742
6199,LOAD,116805118,4280.63434686141
6200,LOAD,125274021,3991.2505083555993
6201,LOAD,110077850,4542.239878413323
6202,LOAD,118121494,4232.92986795443
6203,LOAD,114103052,4382.003734659087
6204,LOAD,118242470,4228.599081193077
6205,LOAD,111097874,4500.536166875705
6206,LOAD,113483940,4405.909770140162
6207,LOAD,114281427,4375.164128813338
6208,LOAD,111273322,4493.440035878501
6209,LOAD,114371272,4371.727193870852
6210,LOAD,115611114,4324.843717014957
6211,LOAD,110242078,4535.473288157721
6212,LOAD,111872314,4469.38104811169
6213,LOAD,110744478,4514.897799238352
6214,LOAD,128573382,3888.829804601391
6215,LOAD,115926417,4313.080770882447
6216,LOAD,109117649,4582.210161071193
6217,LOAD,117134795,4268.586460581589
6218,LOAD,122365839,4086.1077248855377
6219,LOAD,115950100,4312.19981699024
6220,LOAD,112705406,4436.344428766798
6221,LOAD,112704740,4436.370644216028
6222,LOAD,111895223,4468.466004129596
6223,LOAD,110378949,4529.849255948252
6224,LOAD,105965207,4718.529922750965
6225,LOAD,114727734,4358.144125813555
6226,LOAD,114261617,4375.922668764612
6227,LOAD,107584185,4647.523239591395
6228,LOAD,111388050,4488.811860877357
6229,LOAD,111392106,4488.6484146372095
6230,LOAD,115745158,4319.83513297377
6231,LOAD,110906018,4508.32163138343
6232,LOAD,114567621,4364.234812905821
6233,LOAD,108307405,4616.489518883773
6234,LOAD,111820520,4471.451214857523
6235,LOAD,110708916,4516.348078053623
6236,LOAD,110979277,4505.3456241204385
6237,LOAD,112937108,4427.2428155323405
6238,LOAD,114604065,4362.846989764282
6239,LOAD,109624068,4561.042197412342
6240,LOAD,114402166,4370.546620594579
6241,LOAD,113695719,4397.702960126405
6242,LOAD,116909811,4276.801029128342
6243,LOAD,113529466,4404.142973772113
6244,LOAD,117754436,4246.1245366586445
6245,LOAD,110888729,4509.024537561433
6246,LOAD,110369664,4530.230335756029
6247,LOAD,114419346,4369.890385494775
6248,LOAD,114733631,4357.920128928892
6249,LOAD,115260306,4338.006876365573
6250,LOAD,113129964,4419.695563590916
6251,LOAD,115888663,4314.485878571229
6252,LOAD,116815341,4280.259730611923
6253,LOAD,110825038,4511.6158678871825
6254,LOAD,117959895,4238.728764551714
6255,LOAD,111438605,4486.775476056973
6256,LOAD,112208801,4455.978457518675
6257,LOAD,110091340,4541.683296797005
6258,LOAD,114342946,4372.810195042552
6259,LOAD,124713661,4009.183885637035
6260,LOAD,121666279,4109.602135526805
6261,LOAD,112659238,4438.162452332583
6262,LOAD,113162524,4418.423894468809
6263,LOAD,112985799,4425.334904256419
6264,LOAD,113649698,4399.483754017542
6265,LOAD,114528265,4365.7345197711675
6266,LOAD,111672442,4477.380372858686
6267,LOAD,114516442,4366.185250498788
6268,LOAD,110049342,4543.416534012534
6269,LOAD,110458310,4526.594694414572
6270,LOAD,112356038,4450.139119359122
6271,LOAD,115499329,4329.029478604157
6272,LOAD,110806724,4512.361542247201
6273,LOAD,111131181,4499.187316294245
6274,LOAD,113943921,4388.123522623028
6275,LOAD,113991450,4386.293884322026
6276,LOAD,114063706,4383.515296267859
6277,LOAD,112122867,4459.393640014575
6278,LOAD,118900448,4205.198621286944
6279,LOAD,114324769,4373.505447450325
6280,LOAD,112866875,4429.997729626164
6281,LOAD,116998681,4273.552451416098
6282,LOAD,113313396,4412.540949703776
6283,LOAD,113504066,4405.12853521917
6284,LOAD,111818194,4471.544228303312
6285,LOAD,112290627,4452.73139315537
6286,LOAD,112596013,4440.654572733406
6287,LOAD,112731699,4435.309717100955
6288,LOAD,115220058,4339.5222036774185
6289,LOAD,112830811,4431.413685398397
6290,LOAD,113017925,4424.076977169772
6291,LOAD,113674925,4398.507410495323
6292,LOAD,110751074,4514.628905540004
6293,LOAD,113115772,4420.25007794669
6294,LOAD,112919575,4427.930232645668
6295,LOAD,125102764,3996.7142532518305
6296,LOAD,112678942,4437.3863574260395
6297,LOAD,116593384,4288.40799405908
6298,LOAD,113991338,4386.298193990845
6299,LOAD,116300932,4299.191686615202
6300,LOAD,117142239,4268.315206097434
6301,LOAD,113001652,4424.714074091589
6302,LOAD,109423701,4569.3939743456485
6303,LOAD,117557443,4253.239839522538
6304,LOAD,111716912,4475.5981081897435
6305,LOAD,114053088,4383.923388378576
6306,LOAD,115593296,4325.510365237791
6307,LOAD,110323324,4532.133205123515
6308,LOAD,127362687,3925.796571801284
6309,LOAD,111124930,4499.44040459688
6310,LOAD,118167949,4231.2657893385285
6311,LOAD,111949908,4466.283259473514
6312,LOAD,114749770,4357.307208546039
6313,LOAD,111750097,4474.269046943198
6314,LOAD,112337267,4450.88271552841
6315,LOAD,107860950,4635.597962005711
6316,LOAD,113356536,4410.861672766711
6317,LOAD,107664037,4644.076275906317
6318,LOAD,115232817,4339.041715868146
6319,LOAD,106358060,4701.101167132984
6320,LOAD,113191120,4417.30764745503
6321,LOAD,107027169,4671.71097462178
6322,LOAD,113832663,4392.412395728632
6323,LOAD,103285411,4840.954740452164
6324,LOAD,115170110,4341.404206351804
6325,LOAD,104385861,4789.920734571515
6326,LOAD,110942910,4506.822472927743
6327,LOAD,106060408,4714.294517893991
6328,LOAD,110810932,4512.190187155903
6329,LOAD,108085173,4625.981400797684
6330,LOAD,114876529,4352.499195027037
6331,LOAD,107851741,4635.993775937284
6332,LOAD,113401724,4409.104045014342
6333,LOAD,103329305,4838.898316406948
6334,LOAD,115965622,4311.622628989133
6335,LOAD,109810005,4553.319162493435
6336,LOAD,116100843,4306.600943457404
6337,LOAD,106545853,4692.815214497367
6338,LOAD,111114458,4499.864455082884
6339,LOAD,110619022,4520.018265936215
6340,LOAD,119516085,4183.537303786348
6341,LOAD,115976176,4311.230265084788
6342,LOAD,110851174,4510.552139032827
6343,LOAD,103985239,4808.374773269503
6344,LOAD,114845654,4353.669316907716
6345,LOAD,101127218,4944.267328702744
6346,LOAD,116545802,4290.15881670281
6347,LOAD,110178396,4538.094745906447
6348,LOAD,112598853,4440.542569292425
6349,LOAD,106165315,4709.636099134637
6350,LOAD,113610063,4401.018596389653
6351,LOAD,109709438,4557.493039021857
6352,LOAD,117282052,4263.226908751562
6353,LOAD,111732135,4474.988328111694
6354,LOAD,110393692,4529.244297762955
6355,LOAD,104820811,4770.045139223355
6356,LOAD,110480010,4525.705600497321
6357,LOAD,112782746,4433.302235787023
6358,LOAD,115693068,4321.780108726998
6359,LOAD,108572338,4605.224583079348
6360,LOAD,112583243,4441.158263668067
6361,LOAD,100222148,4988.917220173728
6362,LOAD,113453753,4407.082064530735
6363,LOAD,106714475,4685.399989083017
6364,LOAD,114499088,4366.847009296703
6365,LOAD,111717306,4475.582323834411
6366,LOAD,111352730,4490.235668222953
6367,LOAD,110022821,4544.511724526678
6368,LOAD,115725710,4320.561092258583
6369,LOAD,109361463,4571.994432810395
6370,LOAD,117333021,4261.3749798532845
6371,LOAD,108302633,4616.692929339954
6372,LOAD,112168446,4457.581591172262
6373,LOAD,102213010,4891.745189775744
6374,LOAD,111735816,4474.840905086334
6375,LOAD,103998180,4807.776443780073
6376,LOAD,114433180,4369.362102844647
6377,LOAD,104544400,4782.6569381047675
6378,LOAD,108840381,4593.883220603573
6379,LOAD,115089914,4344.429347649005
6380,LOAD,113435274,4407.79999350114
6381,LOAD,110069430,4542.58734691367
6382,LOAD,109761228,4555.342620620097
6383,LOAD,108093876,4625.608947541116
6384,LOAD,111055379,4502.258283230027
6385,LOAD,104196501,4798.625627553462
6386,LOAD,114988817,4348.2489258064115
6387,LOAD,109625753,4560.972092022939
6388,LOAD,113553219,4403.22171756311
6389,LOAD,105700938,4730.326991043354
6390,LOAD,116404225,4295.3767356812
6391,LOAD,109308196,4574.222412379763
6392,LOAD,115694033,4321.7440609058895
6393,LOAD,111117950,4499.723042046762
6394,LOAD,117699767,4248.096769809239
6395,LOAD,107083256,4669.26407243351
6396,LOAD,117141887,4268.3280319703235
6397,LOAD,107828861,4636.977478599166
6398,LOAD,113814037,4393.131226862641
6399,LOAD,105606152,4734.572660123058
6400,LOAD,110295518,4533.275776446329
6401,LOAD,107999883,4629.634645067162
6402,LOAD,112267008,4453.668169369936
6403,LOAD,105492116,4739.690689302317
6404,LOAD,114446660,4368.847461341379
6405,LOAD,107387909,4656.01765278808
6406,LOAD,113943678,4388.132880878217
6407,LOAD,103634914,4824.6288890633905
6408,LOAD,115840866,4316.266074875511
6409,LOAD,112473269,4445.500734934627
6410,LOAD,114549421,4364.9282173150405
6411,LOAD,112617472,4439.8084162287005
6412,LOAD,110515751,4524.241978865076
6413,LOAD,103984850,4808.392761060866
6414,LOAD,114091859,4382.433631833451
6415,LOAD,107543814,4649.267878857263
6416,LOAD,114934456,4350.305534138518
6417,LOAD,110886959,4509.09651152035
6418,LOAD,111055781,4502.241985943982
6419,LOAD,107302963,4659.703572211701
6420,LOAD,115775358,4318.708304058969
6421,LOAD,104036923,4805.986044012471
6422,LOAD,112726933,4435.497238268693
6423,LOAD,113237871,4415.48393293265
6424,LOAD,112525792,4443.425734786208
6425,LOAD,112895315,4428.8817476615395
6426,LOAD,109868614,4550.89021146658
6427,LOAD,114623477,4362.108122056008
6428,LOAD,105592955,4735.164386677123
6429,LOAD,112129664,4459.123323512322
6430,LOAD,102557095,4875.3331010399625
6431,LOAD,110815827,4511.990872928286
6432,LOAD,106294259,4703.9229089503315
6433,LOAD,119052222,4199.837614118618
6434,LOAD,110047276,4543.5018309767165
6435,LOAD,111397875,4488.415959460627
6436,LOAD,110287648,4533.599265803547
6437,LOAD,114168120,4379.506293000182
6438,LOAD,113539115,4403.768692401733
6439,LOAD,114572297,4364.056696881969
6440,LOAD,114437269,4369.205979565975
6441,LOAD,111719156,4475.508210964286
6442,LOAD,107964692,4631.143670562224
6443,LOAD,119414294,4187.1034300131605
6444,LOAD,107802979,4638.090752575586
6445,LOAD,114928141,4350.544572020877
6446,LOAD,107250742,4661.972408545202
6447,LOAD,111158817,4498.068740691978
6448,LOAD,109506168,4565.952851167251
6449,LOAD,117930167,4239.797269175409
6450,LOAD,113822652,4392.798719889254
6451,LOAD,117584297,4252.268481054065
6452,LOAD,113713900,4396.999839069806
6453,LOAD,113791173,4394.0139363885455
6454,LOAD,115134658,4342.741001584423
6455,LOAD,116617320,4287.52778746759
6456,LOAD,119360320,4188.996812340985
6457,LOAD,114326119,4373.453803675432
6458,LOAD,109264637,4576.045953458849
6459,LOAD,118683275,4212.893518484387
6460,LOAD,114054716,4383.860812910183
6461,LOAD,113703456,4397.403716558975
6462,LOAD,113029498,4423.623999462512
6463,LOAD,125294493,3990.5983737050597
6464,LOAD,115798053,4317.861890130397
6465,LOAD,113220115,4416.176401163345
6466,LOAD,111661929,4477.801919399046
6467,LOAD,113686869,4398.045301080461
6468,LOAD,111901241,4468.225691974229
6469,LOAD,110707158,4516.419796450741
6470,LOAD,111488528,4484.7663608941
6471,LOAD,108925465,4590.294840604995
6472,LOAD,114875023,4352.556255853808
6473,LOAD,107091660,4668.8976527210425
6474,LOAD,120782014,4139.689209024118
6475,LOAD,108618018,4603.287826518801
6476,LOAD,110290786,4533.470275567716
6477,LOAD,118143440,4232.143570561345
6478,LOAD,113653451,4399.338476752458
6479,LOAD,117671807,4249.1061601527035
6480,LOAD,119162818,4195.939709985711
6481,LOAD,107796617,4638.3644859652695
6482,LOAD,112104942,4460.10667397696
6483,LOAD,108829338,4594.349365609483
6484,LOAD,111269306,4493.602215870746
6485,LOAD,116865860,4278.409451656797
6486,LOAD,110957477,4506.230796866444
6487,LOAD,109741004,4556.182117670438
6488,LOAD,113694123,4397.764693606899
6489,LOAD,110720979,4515.856023997042
6490,LOAD,112633573,4439.1737444039
6491,LOAD,110460206,4526.5169974425
6492,LOAD,113337312,4411.609832426589
6493,LOAD,111547939,4482.377751506462
6494,LOAD,112544820,4442.674482930444
6495,LOAD,108065660,4626.816696441774
6496,LOAD,111925334,4467.263863603927
6497,LOAD,115180818,4341.000599596367
6498,LOAD,110702273,4516.619094171626
6499,LOAD,108821091,4594.697548106736
6500,LOAD,108731374,4598.488748978744
6501,LOAD,113676641,4398.441013048582
6502,LOAD,113305874,4412.833883616661
6503,LOAD,105777110,4726.92059747142
6504,LOAD,109739654,4556.238167107762
6505,LOAD,111874533,4469.292399191512
6506,LOAD,111583005,4480.969122493161
6507,LOAD,110115946,4540.668433253073
6508,LOAD,111816309,4471.619609622421
6509,LOAD,122699295,4075.003038933516
6510,LOAD,114216148,4377.664706395106
6511,LOAD,106899490,4677.290789694132
6512,LOAD,356899561,1400.9543710254102
6513,LOAD,113894839,4390.014546664401
6514,LOAD,107349722,4657.673915541206
6515,LOAD,111243786,4494.633075504999
6516,LOAD,119261976,4192.451079294544
6517,LOAD,117939105,4239.4759566812045
6518,LOAD,112622396,4439.61430193689
6519,LOAD,113798340,4393.737202141964
6520,LOAD,112468746,4445.679513489019
6521,LOAD,112504091,4444.282830568357
6522,LOAD,108400593,4612.520892759323
6523,LOAD,110610319,4520.373908333091
6524,LOAD,114401154,4370.585282732375
6525,LOAD,119953677,4168.275725303527
6526,LOAD,112822956,4431.722210859286
6527,LOAD,112838120,4431.1266440809195
6528,LOAD,103571847,4827.56670352707
6529,LOAD,112834834,4431.255688292145
6530,LOAD,110076053,4542.314030827395
6531,LOAD,119788766,4174.014114144894
6532,LOAD,129593628,3858.2143868987137
6533,LOAD,110547113,4522.958460253955
6534,LOAD,110837634,4511.1031511192305
6535,LOAD,111240332,4494.772633364669
6536,LOAD,115847943,4316.002399800918
6537,LOAD,110352083,4530.9520799892825
6538,LOAD,122116637,4094.4461973678494
6539,LOAD,112315033,4451.763816870356
6540,LOAD,120137610,4161.894014705304
6541,LOAD,112889620,4429.105173708619
6542,LOAD,115271737,4337.576694970772
6543,LOAD,116796263,4280.95888650136
6544,LOAD,107987625,4630.16016881564
6545,LOAD,111507026,4484.022379002378
6546,LOAD,115416695,4332.12890041601
6547,LOAD,111466287,4485.6612116271535
6548,LOAD,114494907,4367.006473047749
6549,LOAD,111064829,4501.875206596681
6550,LOAD,112473689,4445.484134516118
6551,LOAD,109051970,4584.969900131103
6552,LOAD,110476075,4525.866799666806
6553,LOAD,119747920,4175.437869818532
6554,LOAD,110654469,4518.570325433489
6555,LOAD,114139832,4380.591693879486
6556,LOAD,116278388,4300.025211907822
6557,LOAD,108694538,4600.04715232333
6558,LOAD,118437442,4221.637951282331
6559,LOAD,111638751,4478.731583086234
6560,LOAD,116391803,4295.835162893731
6561,LOAD,114536143,4365.434236771881
6562,LOAD,114147975,4380.279194615586
6563,LOAD,118780956,4209.428992977629
6564,LOAD,117384732,4259.497734339079
6565,LOAD,109995157,4545.654678232788
6566,LOAD,117528354,4254.29254288714
6567,LOAD,113652563,4399.372850042986
6568,LOAD,109454419,4568.111589903008
6569,LOAD,110741066,4515.03690600197
6570,LOAD,109701997,4557.802170182918
6571,LOAD,114403419,4370.498752314387
6572,LOAD,112136320,4458.85864633332
6573,LOAD,111669682,4477.491034674927
6574,LOAD,115468300,4330.192788843345
6575,LOAD,107022418,4671.918363870269
6576,LOAD,115350345,4334.620759044977
6577,LOAD,111511684,4483.835075076079
6578,LOAD,112004774,4464.095432217916
6579,LOAD,112253979,4454.185093964465
6580,LOAD,113856295,4391.500707097486
6581,LOAD,101842037,4909.564014317584
6582,LOAD,110577443,4521.717869710552
6583,LOAD,110090178,4541.731234188757
6584,LOAD,110514525,4524.292168834821
6585,LOAD,115888840,4314.4792889462005
6586,LOAD,111738763,4474.722885557629
6587,LOAD,111452552,4486.214007912533
6588,LOAD,106948911,4675.129417633808
6589,LOAD,113856246,4391.502597055588
6590,LOAD,113405110,4408.972399920956
6591,LOAD,106538527,4693.137910570136
6592,LOAD,105432967,4742.349705476846
6593,LOAD,106340914,4701.859154605348
6594,LOAD,111882035,4468.992720770586
6595,LOAD,112149401,4458.338569280455
6596,LOAD,114847156,4353.612378525072
6597,LOAD,110691691,4517.050877829664
6598,LOAD,116236761,4301.565147707445
6599,LOAD,108151770,4623.13284378055
6600,LOAD,112050187,4462.2861718204895
6601,LOAD,112144601,4458.52939456265
6602,LOAD,112956321,4426.4897756363725
6603,LOAD,115908613,4313.74327635169
6604,LOAD,119542584,4182.609939233035
6605,LOAD,113634123,4400.086759150682
6606,LOAD,116322650,4298.389006784147
6607,LOAD,112833459,4431.309688024366
6608,LOAD,110515280,4524.261260524337
6609,LOAD,108788471,4596.075258746858
6610,LOAD,108468756,4609.622332167247
6611,LOAD,114019037,4385.232616900632
6612,LOAD,111416807,4487.653285558614
6613,LOAD,110894183,4508.802774623444
6614,LOAD,113420368,4408.379278049953
6615,LOAD,108215328,4620.417543806733
6616,LOAD,114616752,4362.364063500944
6617,LOAD,117884936,4241.424027239579
6618,LOAD,114876171,4352.512759151765
6619,LOAD,109045614,4585.237146722838
6620,LOAD,117897589,4240.968829311683
6621,LOAD,111847381,4470.377361808766
6622,LOAD,111853441,4470.135165533263
6623,LOAD,112940423,4427.1128681712125
6624,LOAD,113648605,4399.526065454125
6625,LOAD,111185174,4497.002451064204
6626,LOAD,112027553,4463.187730254181
6627,LOAD,113226263,4415.936610042495
6628,LOAD,111121152,4499.593380745368
6629,LOAD,116617817,4287.509514948303
6630,LOAD,114596852,4363.121597790488
6631,LOAD,117026495,4272.536744777326
6632,LOAD,113961489,4387.447061173446
6633,LOAD,107137665,4666.892824292931
6634,LOAD,115285326,4337.065412817587
6635,LOAD,114140861,4380.55220207249
6636,LOAD,115667099,4322.750413235487
6637,LOAD,114007030,4385.694461122266
6638,LOAD,117618017,4251.049394923909
6639,LOAD,115492726,4329.276979746759
6640,LOAD,111874849,4469.279775296055
6641,LOAD,112265048,4453.7459245552545
6642,LOAD,113459067,4406.875653225669
6643,LOAD,116669943,4285.593933992065
6644,LOAD,111248168,4494.456034547913
6645,LOAD,112684664,4437.161031957286
6646,LOAD,110812625,4512.121249722222
6647,LOAD,115153588,4342.027102099502
6648,LOAD,112792049,4432.936580485385
6649,LOAD,112221205,4455.485930667025
6650,LOAD,114625245,4362.0408401308105
6651,LOAD,112264939,4453.7502487753545
6652,LOAD,118578009,4216.6334568832235
6653,LOAD,114203011,4378.168277892428
6654,LOAD,113644751,4399.675265248282
6655,LOAD,111818292,4471.540309344021
6656,LOAD,115017753,4347.154999628622
6657,LOAD,109489633,4566.642396180103
6658,LOAD,115577425,4326.104340877987
6659,LOAD,114955598,4349.505449921629
6660,LOAD,119249477,4192.890506345784
6661,LOAD,118575578,4216.719905004385
6662,LOAD,114546418,4365.042650220629
6663,LOAD,114352993,4372.426002002414
6664,LOAD,113120256,4420.074862631145
6665,LOAD,113025125,4423.795151741703
6666,LOAD,113116603,4420.217605014182
6667,LOAD,112553311,4442.33932842722
6668,LOAD,114717651,4358.527180791036
6669,LOAD,112462991,4445.907009533474
6670,LOAD,113382518,4409.850908409002
6671,LOAD,116382507,4296.178290780417
6672,LOAD,118375159,4223.859162883997
6673,LOAD,109227565,4577.59907034456
6674,LOAD,111611341,4479.831489525782
6675,LOAD,112790796,4432.9858262548305
6676,LOAD,115088433,4344.485253352959
6677,LOAD,104560675,4781.912511563262
6678,LOAD,117370565,4260.01186924507
6679,LOAD,111041929,4502.803621143866
6680,LOAD,114776966,4356.27475986776
6681,LOAD,112179954,4457.1243093931025
6682,LOAD,115236988,4338.88466435794
6683,LOAD,112603657,4440.353122811988
6684,LOAD,113112427,4420.380795118117
6685,LOAD,111645833,4478.4474849141925
6686,LOAD,112934267,4427.354188255368
6687,LOAD,116891501,4277.470951459508
6688,LOAD,114485477,4367.36617693439
6689,LOAD,116473496,4292.822119806552
6690,LOAD,111019078,4503.730430908461
6691,LOAD,109728316,4556.708953776343
6692,LOAD,110510493,4524.457238644298
6693,LOAD,113668444,4398.758198889394
6694,LOAD,112900529,4428.677211955313
6695,LOAD,109577336,4562.987368117801
6696,LOAD,116979893,4274.238821538331
6697,LOAD,112177186,4457.234290045393
6698,LOAD,113471623,4406.388018262504
6699,LOAD,113376454,4410.086771632495
6700,LOAD,110293818,4533.345649526794
6701,LOAD,117107037,4269.598247968652
6702,LOAD,113131105,4419.65098811684
6703,LOAD,115749603,4319.669243271616
6704,LOAD,112923222,4427.787226970906
6705,LOAD,118581387,4216.513338640575
6706,LOAD,113012534,4424.28801746893
6707,LOAD,112304978,4452.162396576935
6708,LOAD,110307515,4532.782739235853
6709,LOAD,117139721,4268.406956509653
6710,LOAD,120204060,4159.593278296923
6711,LOAD,113675942,4398.468059319007
6712,LOAD,112176659,4457.255229895909
6713,LOAD,115310813,4336.106796853475
6714,LOAD,106706579,4685.746696087033
6715,LOAD,114512357,4366.34100545149
6716,LOAD,111836236,4470.822855661916
6717,LOAD,114371734,4371.709534455427
6718,LOAD,113799396,4393.696430515325
6719,LOAD,113169759,4418.141422391825
6720,LOAD,110540906,4523.2124296140655
6721,LOAD,115137772,4342.623548421625
6722,LOAD,113723406,4396.632299247175
6723,LOAD,115448810,4330.923809435541
6724,LOAD,112485664,4445.010877119416
6725,LOAD,109994281,4545.690880055846
6726,LOAD,110219147,4536.416889526463
6727,LOAD,113312093,4412.591690456198
6728,LOAD,116166876,4304.152932545075
6729,LOAD,114729718,4358.068761225404
6730,LOAD,110576320,4521.763791741306
6731,LOAD,107997833,4629.72252415472
6732,LOAD,111085388,4501.042027237641
6733,LOAD,113243024,4415.283011163672
6734,LOAD,113169286,4418.159888364057
6735,LOAD,110664485,4518.16135953644
6736,LOAD,115204990,4340.089782569315
6737,LOAD,107650953,4644.640721387762
6738,LOAD,111349961,4490.347329353803
6739,LOAD,111280122,4493.1654550127105
6740,LOAD,107992738,4629.940950288713
6741,LOAD,110169491,4538.461560106509
6742,LOAD,112656167,4438.2834363608345
6743,LOAD,115811585,4317.357369731189
6744,LOAD,107444654,4653.558659139988
6745,LOAD,110834594,4511.226882826855
6746,LOAD,110733037,4515.364281032046
6747,LOAD,113737169,4396.100275715496
6748,LOAD,105449405,4741.610443415968
6749,LOAD,111355256,4490.133811016518
6750,LOAD,107908596,4633.5511584267115
6751,LOAD,111497082,4484.422291876661
6752,LOAD,109524656,4565.182108401235
6753,LOAD,114739070,4357.713549534609
6754,LOAD,109802069,4553.648255935869
6755,LOAD,110497442,4524.991628312989
6756,LOAD,111679489,4477.09784918518
6757,LOAD,111657112,4477.995096272954
6758,LOAD,113240460,4415.382982372202
6759,LOAD,126938802,3938.9059304341
6760,LOAD,113806791,4393.4109345021425
6761,LOAD,115028506,4346.748622467548
6762,LOAD,116119446,4305.911001332197
6763,LOAD,117241222,4264.711604592453
6764,LOAD,114847665,4353.593083498911
6765,LOAD,112606020,4440.259943473715
6766,LOAD,114349766,4372.5493937608935
6767,LOAD,110884561,4509.194025667829
6768,LOAD,112553585,4442.328514014014
6769,LOAD,121660449,4109.799068717887
6770,LOAD,109055922,4584.803748667588
6771,LOAD,113270730,4414.203033740491
6772,LOAD,114299760,4374.462378573673
6773,LOAD,113150030,4418.911775807748
6774,LOAD,113804676,4393.492583731797
6775,LOAD,118981641,4202.3289962860745
6776,LOAD,112944910,4426.936990786038
6777,LOAD,120286686,4156.7360164864795
6778,LOAD,111074082,4501.500178952638
6779,LOAD,115378692,4333.555800753921
6780,LOAD,110876507,4509.5215706966665
6781,LOAD,110701906,4516.634067709728
6782,LOAD,116170142,4304.031925862671
6783,LOAD,121945841,4100.180833555447
6784,LOAD,111647757,4478.3703088634375
6785,LOAD,118853555,4206.8577586930405
6786,LOAD,117807816,4244.200571547816
6787,LOAD,124824202,4005.63345880633
6788,LOAD,125797648,3974.637109272504
6789,LOAD,121939861,4100.381908750905
6790,LOAD,121812937,4104.654335688499
6791,LOAD,110872823,4509.671409737623
6792,LOAD,125350142,3988.8267537822176
6793,LOAD,115356890,4334.374825812311
6794,LOAD,121248575,4123.759805012141
6795,LOAD,117009793,4273.146607480966
6796,LOAD,123830059,4037.7918256503453
6797,LOAD,124231430,4024.7463946925513
6798,LOAD,119494866,4184.280184890956
6799,LOAD,121569827,4112.862643129369
6800,LOAD,118390249,4223.320790549228
6801,LOAD,119933516,4168.976418568434
6802,LOAD,118942465,4203.713114571822
6803,LOAD,115734232,4320.242951108882
6804,LOAD,125026082,3999.165550112976
6805,LOAD,120339048,4154.92733497443
6806,LOAD,123570831,4046.2623416362717
6807,LOAD,119854618,4171.720775915368
6808,LOAD,118566196,4217.053568961595
6809,LOAD,118689181,4212.6838839674865
6810,LOAD,123427360,4050.965685403949
6811,LOAD,128070220,3904.108230625355
6812,LOAD,112891336,4429.037849281897
6813,LOAD,116505395,4291.646751637552
6814,LOAD,115088716,4344.474570382729
6815,LOAD,115315738,4335.921606814847
6816,LOAD,117266171,4263.804264573455
6817,LOAD,115329200,4335.415488878792
6818,LOAD,114375982,4371.547166257335
6819,LOAD,108974221,4588.241103370677
6820,LOAD,111769411,4473.495883413038
6821,LOAD,113841058,4392.088485333648
6822,LOAD,114780382,4356.145111975668
6823,LOAD,109393255,4570.665714261816
6824,LOAD,116995879,4273.65480112338
6825,LOAD,110658704,4518.397396015049
6826,LOAD,112606480,4440.241804912115
6827,LOAD,112652188,4438.440201445533
6828,LOAD,115687937,4321.971788640331
6829,LOAD,109554861,4563.9234574903985
6830,LOAD,113258850,4414.6660503792855
6831,LOAD,110770421,4513.840387047007
6832,LOAD,113116571,4420.21885546725
6833,LOAD,112305508,4452.141385621087
6834,LOAD,113584401,4402.012913727476
6835,LOAD,115788512,4318.217682942502
6836,LOAD,114211377,4377.847576428398
6837,LOAD,112752896,4434.475900290845
6838,LOAD,113257473,4414.719724498886
6839,LOAD,113507883,4404.98040122905
6840,LOAD,116597230,4288.266539436658
6841,LOAD,113517236,4404.617462673245
6842,LOAD,117607815,4251.418156182903
6843,LOAD,112193210,4456.597685367947
6844,LOAD,114957620,4349.428946075955
6845,LOAD,115574818,4326.201924021199
6846,LOAD,117004290,4273.347584092857
6847,LOAD,114592064,4363.303902092207
6848,LOAD,113666124,4398.8479804237895
6849,LOAD,108948884,4589.308138300893
6850,LOAD,113202589,4416.860112625163
6851,LOAD,111202803,4496.289540471385
6852,LOAD,119231544,4193.521137325874
6853,LOAD,110903933,4508.406388076427
6854,LOAD,116735245,4283.196561586863
6855,LOAD,110407388,4528.682446504395
6856,LOAD,112214158,4455.7657332330555
6857,LOAD,113045819,4422.9853383609
6858,LOAD,114011403,4385.5262442476915
6859,LOAD,107451214,4653.274554906378
6860,LOAD,114889796,4351.99658636351
6861,LOAD,110225769,4536.144356588703
6862,LOAD,115500504,4328.98543888605
6863,LOAD,111482172,4485.022053571041
6864,LOAD,111747836,4474.35957507043
6865,LOAD,109211219,4578.2842145549175
6866,LOAD,109499682,4566.223306474991
6867,LOAD,118363427,4224.277825277904
6868,LOAD,112708162,4436.235948910248
6869,LOAD,119938306,4168.809921327386
6870,LOAD,115205285,4340.078669133973
6871,LOAD,115451187,4330.834640963891
6872,LOAD,110929332,4507.374118145775
6873,LOAD,116055148,4308.296603955906
6874,LOAD,110823683,4511.6710297382915
6875,LOAD,114962266,4349.253171471063
6876,LOAD,110858638,4510.248448118225
6877,LOAD,113026296,4423.74931936193
6878,LOAD,108167625,4622.455193963998
6879,LOAD,111856096,4470.029063056161
6880,LOAD,115098396,4344.109191582479
6881,LOAD,110837656,4511.102255717136
6882,LOAD,108415074,4611.904798404694
6883,LOAD,111490051,4484.705097139115
6884,LOAD,109260477,4576.220182527668
6885,LOAD,111380175,4489.129236868231
6886,LOAD,120646341,4144.344501919043
6887,LOAD,116328200,4298.183931325336
6888,LOAD,114122614,4381.252606078581
6889,LOAD,107417196,4654.748202513125
6890,LOAD,113588209,4401.865337977114
6891,LOAD,114150136,4380.19627063782
6892,LOAD,111148535,4498.484842827663
6893,LOAD,108056841,4627.194311556822
6894,LOAD,115395151,4332.937698569327
6895,LOAD,111406406,4488.072256814388
6896,LOAD,116133424,4305.392735169851
6897,LOAD,120100830,4163.16856428053
6898,LOAD,115845969,4316.075943911351
6899,LOAD,113132416,4419.599772358791
6900,LOAD,112106650,4460.038722056184
6901,LOAD,109479931,4567.0470873789645
6902,LOAD,116069026,4307.781474792422
6903,LOAD,116124119,4305.737725338523
6904,LOAD,114314734,4373.889371076173
6905,LOAD,108193526,4621.348600839573
6906,LOAD,114722695,4358.335549910155
6907,LOAD,109839187,4552.109439775806
6908,LOAD,112968524,4426.011620723662
6909,LOAD,110430970,4527.715368252221
6910,LOAD,118531818,4218.276648722287
6911,LOAD,108385621,4613.158049811792
6912,LOAD,117915705,4240.317267322448
6913,LOAD,119579616,4181.314648142038
6914,LOAD,112450833,4446.387693722108
6915,LOAD,113025078,4423.796991319042
6916,LOAD,112801581,4432.561986874989
6917,LOAD,111991191,4464.636865947788
6918,LOAD,114504785,4366.629743901096
6919,LOAD,104195465,4798.673339573848
6920,LOAD,118188748,4230.5211660250425
6921,LOAD,109334655,4573.115449991587
6922,LOAD,112568181,4441.752505532625
6923,LOAD,109387296,4570.914706585306
6924,LOAD,122496591,4081.7462422280796
6925,LOAD,115531331,4327.830344134095
6926,LOAD,126765928,3944.2775191138107
6927,LOAD,113276210,4413.989486406722
6928,LOAD,112638340,4438.98587283868
6929,LOAD,123784641,4039.2733376348365
6930,LOAD,114890570,4351.9672676356295
6931,LOAD,110120868,4540.465481982942
6932,LOAD,117076894,4270.697512696229
6933,LOAD,111538449,4482.759124613612
6934,LOAD,118476152,4220.258605292987
6935,LOAD,109849024,4551.7017975507915
6936,LOAD,118950560,4203.427037249761
6937,LOAD,109461571,4567.813118633206
6938,LOAD,119802302,4173.542508390198
6939,LOAD,115291924,4336.817208462928
6940,LOAD,115159525,4341.803250751512
6941,LOAD,114693331,4359.451379086723
6942,LOAD,116889680,4277.537589289319
6943,LOAD,111580899,4481.053697192384
6944,LOAD,119874866,4171.0161327729875
6945,LOAD,114176687,4379.1776862469305
6946,LOAD,117515084,4254.772944722568
6947,LOAD,113052456,4422.725677007848
6948,LOAD,114107100,4381.848281132375
6949,LOAD,109107218,4582.648235059939
6950,LOAD,112500842,4444.411180495876
6951,LOAD,109927613,4548.447713496698
6952,LOAD,113843044,4392.011865037622
6953,LOAD,113408477,4408.841501327983
6954,LOAD,120533354,4148.229377239432
6955,LOAD,112677624,4437.438261921461
6956,LOAD,115568184,4326.450262470162
6957,LOAD,113986811,4386.472396354698
6958,LOAD,110717807,4515.985400614013
6959,LOAD,114801618,4355.339312377984
6960,LOAD,113404834,4408.983130295839
6961,LOAD,111263561,4493.834239225904
6962,LOAD,112979370,4425.586724372777
6963,LOAD,111882700,4468.966158306869
6964,LOAD,112558903,4442.118630100722
6965,LOAD,111368216,4489.61129089111
6966,LOAD,115489886,4329.383440555132
6967,LOAD,112009354,4463.912897846014
6968,LOAD,111045955,4502.640370826654
6969,LOAD,118056730,4235.251984363788
6970,LOAD,117750740,4246.257815449822
6971,LOAD,114835211,4354.065235270044
6972,LOAD,115471590,4330.069413610741
6973,LOAD,112617920,4439.790754437659
6974,LOAD,114570495,4364.125336108568
6975,LOAD,112743809,4434.833313109015
6976,LOAD,112829686,4431.457870050263
6977,LOAD,109790319,4554.135597328941
6978,LOAD,113068394,4422.102254322282
6979,LOAD,110187752,4537.709418012267
6980,LOAD,113368771,4410.385643150353
6981,LOAD,112245574,4454.5186253847305
6982,LOAD,117576337,4252.556362595307
6983,LOAD,112244829,4454.54819125788
6984,LOAD,112664285,4437.963636834867
6985,LOAD,104554395,4782.199734406191
6986,LOAD,114066728,4383.399162637505
6987,LOAD,119429610,4186.566463710298
6988,LOAD,112902083,4428.616255025162
6989,LOAD,120382864,4153.415057478613
6990,LOAD,110343390,4531.309034460514
6991,LOAD,108127279,4624.179990694115
6992,LOAD,119545811,4182.497034546865
6993,LOAD,112395292,4448.584910478278
6994,LOAD,113250132,4415.005891560461
6995,LOAD,110999856,4504.510348193605
6996,LOAD,117931317,4239.7559250525455
6997,LOAD,113738364,4396.054087783433
6998,LOAD,114291054,4374.795598612644
6999,LOAD,113471704,4406.38487283138
7000,LOAD,112504307,4444.274297871992
7001,LOAD,112311917,4451.887327326093
7002,LOAD,112826683,4431.575817929523
7003,LOAD,108473699,4609.412277901577
7004,LOAD,114225245,4377.31606528837
7005,LOAD,106555658,4692.383392724204
7006,LOAD,117290095,4262.9345640823285
7007,LOAD,112389034,4448.832614754923
7008,LOAD,110945467,4506.71860257256
7009,LOAD,108515756,4607.625827165596
7010,LOAD,112282027,4453.072440525143
7011,LOAD,111622370,4479.388853685869
7012,LOAD,364317461,1372.4294153444378
7013,LOAD,108031342,4628.286483750244
7014,LOAD,110857848,4510.280589246149
7015,LOAD,110757318,4514.374391044753
7016,LOAD,111934311,4466.905594299857
7017,LOAD,109230581,4577.472676813831
7018,LOAD,110731668,4515.420105475157
7019,LOAD,109211326,4578.279728972433
7020,LOAD,109925885,4548.519213650179
7021,LOAD,107413528,4654.907154711463
7022,LOAD,117396508,4259.070465707549
7023,LOAD,116682559,4285.13056522869
7024,LOAD,109175019,4579.802271433541
7025,LOAD,111924134,4467.311759588866
7026,LOAD,108269308,4618.11393492974
7027,LOAD,116940414,4275.681801502772
7028,LOAD,112204768,4456.1386197064285
7029,LOAD,114070044,4383.2717378455645
7030,LOAD,108241810,4619.287131285037
7031,LOAD,113731361,4396.324774483267
7032,LOAD,110920388,4507.7375675966805
7033,LOAD,112796670,4432.754974060848
7034,LOAD,108209719,4620.657040981689
7035,LOAD,111209520,4496.017966807158
7036,LOAD,108708570,4599.453382562203
7037,LOAD,110059369,4543.0026043489315
7038,LOAD,112006975,4464.0077102341165
7039,LOAD,114756435,4357.054138184059
7040,LOAD,109627203,4560.911765668235
7041,LOAD,119157706,4196.119720532384
7042,LOAD,107656463,4644.403002539662
7043,LOAD,112797294,4432.730451849315
7044,LOAD,108765922,4597.028102239597
7045,LOAD,116132362,4305.432106857518
7046,LOAD,111825877,4471.2370107323195
7047,LOAD,113324187,4412.120777005884
7048,LOAD,112399930,4448.4013468691655
7049,LOAD,113512491,4404.801582585303
7050,LOAD,115949240,4312.231800743153
7051,LOAD,111148044,4498.504715026744
7052,LOAD,110754651,4514.483098321532
7053,LOAD,116584100,4288.749494999747
7054,LOAD,111297732,4492.454527285426
7055,LOAD,113374859,4410.148814385736
7056,LOAD,118480179,4220.115163735531
7057,LOAD,116904850,4276.982520400137
7058,LOAD,112995363,4424.960341071695
7059,LOAD,114005965,4385.735430597864
7060,LOAD,111051392,4502.4199246417365
7061,LOAD,113901192,4389.769687397126
7062,LOAD,114365269,4371.956664570955
7063,LOAD,113338236,4411.57386638698
7064,LOAD,105592882,4735.167660259524
7065,LOAD,112618850,4439.754090900414
7066,LOAD,104701008,4775.503211965256
7067,LOAD,124274768,4023.342855888494
7068,LOAD,113197020,4417.077410695088
7069,LOAD,112287198,4452.867369617684
7070,LOAD,110277530,4534.015225041765
7071,LOAD,112333678,4451.02491881375
7072,LOAD,105961607,4718.690232774594
7073,LOAD,117385230,4259.479663668078
7074,LOAD,107689046,4642.997765993767
7075,LOAD,115200920,4340.243116114004
7076,LOAD,110839931,4511.009664919405
7077,LOAD,112902481,4428.600643417216
7078,LOAD,107232995,4662.743962341068
7079,LOAD,111997718,4464.376675960487
7080,LOAD,119119508,4197.465288389203
7081,LOAD,112444480,4446.638910153704
7082,LOAD,113274434,4414.058692184682
7083,LOAD,113224598,4416.001547649566
7084,LOAD,114769983,4356.53981058793
7085,LOAD,116886779,4277.643753020177
7086,LOAD,115854693,4315.750938116939
7087,LOAD,111064852,4501.874274320377
7088,LOAD,108297428,4616.914817219851
7089,LOAD,112963620,4426.2037636541745
7090,LOAD,107662275,4644.152280824458
7091,LOAD,111488530,4484.766280441585
7092,LOAD,110229861,4535.975963899656
7093,LOAD,113841190,4392.083392663059
7094,LOAD,111621964,4479.405146463826
7095,LOAD,114839851,4353.889313214104
7096,LOAD,107191905,4664.531337510981
7097,LOAD,110105822,4541.085938216782
7098,LOAD,104572191,4781.385904021079
7099,LOAD,118758996,4210.2073682064465
7100,LOAD,109934362,4548.168478932911
7101,LOAD,114198033,4378.359126378297
7102,LOAD,107587241,4647.391227366821
7103,LOAD,110882098,4509.29418741698
7104,LOAD,110407670,4528.670879477848
7105,LOAD,116190497,4303.27791781457
7106,LOAD,115903212,4313.944293450642
7107,LOAD,112274975,4453.352138354963
7108,LOAD,108206939,4620.7757526529795
7109,LOAD,102424408,4881.648913216076
7110,LOAD,104536608,4783.013430089486
7111,LOAD,109583447,4562.732909834457
7112,LOAD,108503769,4608.134856587332
7113,LOAD,112005083,4464.083116656411
7114,LOAD,109094852,4583.167682376066
7115,LOAD,109632095,4560.708248802506
7116,LOAD,115775059,4318.719457530141
7117,LOAD,112136356,4458.857214871508
7118,LOAD,115721506,4320.7180521829705
7119,LOAD,116124385,4305.727862412361
7120,LOAD,112579062,4441.323200934114
7121,LOAD,108599024,4604.092942861071
7122,LOAD,108346993,4614.8027384571715
7123,LOAD,110794384,4512.864117733621
7124,LOAD,117837911,4243.116631624605
7125,LOAD,110988960,4504.952564651476
7126,LOAD,123637640,4044.075897922348
7127,LOAD,120422116,4152.06123765505
7128,LOAD,112834808,4431.2567093657835
7129,LOAD,126971759,3937.883541488938
7130,LOAD,112848105,4430.734570155166
7131,LOAD,111782970,4472.953259338162
7132,LOAD,106191424,4708.478153565395
7133,LOAD,110448613,4526.992113517985
7134,LOAD,109819197,4552.938044156342
7135,LOAD,111400216,4488.321638442783
7136,LOAD,115209596,4339.91626878025
7137,LOAD,113565628,4402.740589784789
7138,LOAD,111296391,4492.508656457692
7139,LOAD,112483351,4445.102280069874
7140,LOAD,111978109,4465.158453425928
7141,LOAD,114072932,4383.160765956292
7142,LOAD,112466472,4445.769402280174
7143,LOAD,109886600,4550.145331641893
7144,LOAD,120991530,4132.520681406377
7145,LOAD,110239086,4535.596385478015
7146,LOAD,112082967,4460.981123028265
7147,LOAD,107401605,4655.423911030008
7148,LOAD,114025757,4384.974177369417
7149,LOAD,113216278,4416.326069295442
7150,LOAD,118476450,4220.2479902124005
7151,LOAD,114326982,4373.420790553187
7152,LOAD,111999412,4464.309151908762
7153,LOAD,114013647,4385.43992895868
7154,LOAD,106340852,4701.861895934406
7155,LOAD,117139530,4268.413916292818
7156,LOAD,120411069,4152.442164598671
7157,LOAD,114100716,4382.093448037609
7158,LOAD,120607916,4145.664866641091
7159,LOAD,116231618,4301.755482746527
7160,LOAD,115930259,4312.9378327361455
7161,LOAD,112721310,4435.7184990131855
7162,LOAD,124873309,4004.0582251247943
7163,LOAD,116047688,4308.5735581393055
7164,LOAD,120057177,4164.682299667932
7165,LOAD,118416487,4222.385012992321
7166,LOAD,112394300,4448.624174001707
7167,LOAD,120720049,4141.814090880629
7168,LOAD,118747998,4210.597302027778
7169,LOAD,116556145,4289.778115087797
7170,LOAD,115577318,4326.108345929952
7171,LOAD,118697646,4212.383453670176
7172,LOAD,116508799,4291.521363978698
7173,LOAD,117634479,4250.454494723439
7174,LOAD,120079346,4163.913417716315
7175,LOAD,119402232,4187.526410729072
7176,LOAD,122499130,4081.661641188799
7177,LOAD,128173393,3900.9656239653423
7178,LOAD,116030932,4309.1957582483265
7179,LOAD,124451932,4017.615411547006
7180,LOAD,120428177,4151.852269589699
7181,LOAD,110737008,4515.202361255779
7182,LOAD,115664364,4322.852629008534
7183,LOAD,118425134,4222.076708817573
7184,LOAD,110889243,4509.003637079568
7185,LOAD,111145338,4498.614237872937
7186,LOAD,107238633,4662.498821669985
7187,LOAD,117018223,4272.838769735889
7188,LOAD,113087308,4421.362651943223
7189,LOAD,115838404,4316.3578116977515
7190,LOAD,114549196,4364.936791001134
7191,LOAD,105879433,4722.352451585191
7192,LOAD,117449774,4257.1388855971745
7193,LOAD,111701443,4476.217912422135
7194,LOAD,117535142,4254.046844985306
7195,LOAD,111652571,4478.177219940596
7196,LOAD,111719796,4475.482572488765
7197,LOAD,122407967,4084.7014475781625
7198,LOAD,106957467,4674.755433391107
7199,LOAD,117068226,4271.0137249367735
7200,LOAD,112890186,4429.082967406927
7201,LOAD,114625610,4362.026950172828
7202,LOAD,108933053,4589.975092316562
7203,LOAD,111330731,4491.122940708977
7204,LOAD,107072501,4669.733081139106
7205,LOAD,116673999,4285.444951621141
7206,LOAD,110373279,4530.081959420631
7207,LOAD,114761988,4356.84331296178
7208,LOAD,111555863,4482.059360698952
7209,LOAD,114405542,4370.417649872241
7210,LOAD,117536315,4254.00439004745
7211,LOAD,110590094,4521.200605905987
7212,LOAD,114474886,4367.770237395126
7213,LOAD,114131010,4380.930301063663
7214,LOAD,115281631,4337.204424180987
7215,LOAD,111173183,4497.487492104998
7216,LOAD,114542928,4365.175648382238
7217,LOAD,111576683,4481.223016819741
7218,LOAD,112962693,4426.240086184914
7219,LOAD,111142796,4498.71712782896
7220,LOAD,106750522,4683.817845874327
7221,LOAD,126361678,3956.895855719801
7222,LOAD,111102017,4500.368341647659
7223,LOAD,123532525,4047.51704055268
7224,LOAD,119205114,4194.4509192785135
7225,LOAD,114948205,4349.785192382952
7226,LOAD,116375966,4296.419760760568
7227,LOAD,115414574,4332.208512938756
7228,LOAD,113255407,4414.800257615956
7229,LOAD,118904516,4205.054751663091
7230,LOAD,110995003,4504.707297498789
7231,LOAD,111807756,4471.961676791009
7232,LOAD,118638105,4214.4975259002995
7233,LOAD,110211866,4536.716581860614
7234,LOAD,125564046,3982.0316079970858
7235,LOAD,114168309,4379.499042943695
7236,LOAD,117572657,4252.68946673545
7237,LOAD,111573060,4481.368531077304
7238,LOAD,110356229,4530.781855548906
7239,LOAD,112324704,4451.380526228673
7240,LOAD,107626306,4645.704368967193
7241,LOAD,113761499,4395.160088388076
7242,LOAD,107517415,4650.409424370927
7243,LOAD,113900734,4389.787338859467
7244,LOAD,108866054,4592.799882321445
7245,LOAD,109643918,4560.216463625461
7246,LOAD,107566832,4648.272991808479
7247,LOAD,113282137,4413.758543414484
7248,LOAD,107395272,4655.69843707831
7249,LOAD,108118251,4624.566115114089
7250,LOAD,101940919,4904.801770523572
7251,LOAD,117572333,4252.701186086016
7252,LOAD,105690353,4730.800738266055
7253,LOAD,111993664,4464.538279594103
7254,LOAD,108869754,4592.643793426777
7255,LOAD,120916524,4135.084134572046
7256,LOAD,109743933,4556.060515892027
7257,LOAD,113181138,4417.697231494527
7258,LOAD,105923907,4720.369689535715
7259,LOAD,112806062,4432.385912026607
7260,LOAD,113837871,4392.2114460485645
7261,LOAD,114873942,4352.597214780007
7262,LOAD,103864590,4813.960176418161
7263,LOAD,111842133,4470.58712658851
7264,LOAD,102817417,4862.989312404143
7265,LOAD,113484233,4405.898394713564
7266,LOAD,104808215,4770.61841001681
7267,LOAD,117743999,4246.500919337724
7268,LOAD,110005556,4545.22497027332
7269,LOAD,112237760,4454.828749255153
7270,LOAD,115598979,4325.2977173786285
7271,LOAD,123316580,4054.604822806471
7272,LOAD,121952129,4099.969423248035
7273,LOAD,118027848,4236.288371537537
7274,LOAD,113193778,4417.203920872754
7275,LOAD,108337654,4615.200546986185
7276,LOAD,119013136,4201.216914408506
7277,LOAD,109327587,4573.411100713309
7278,LOAD,120923653,4134.840352532188
7279,LOAD,117544568,4253.705709310191
7280,LOAD,112480551,4445.212932856277
7281,LOAD,110351827,4530.962591131363
7282,LOAD,115958395,4311.891346892133
7283,LOAD,108406888,4612.253051669558
7284,LOAD,115875440,4314.978221441921
7285,LOAD,106873148,4678.443644235126
7286,LOAD,112486650,4444.971914444958
7287,LOAD,113495902,4405.445405420894
7288,LOAD,113687730,4398.011993026865
7289,LOAD,113423658,4408.251407303404
7290,LOAD,122075766,4095.817019079773
7291,LOAD,112314799,4451.773091807786
7292,LOAD,114638892,4361.521568090522
7293,LOAD,112923171,4427.789226712382
7294,LOAD,115693416,4321.767109028919
7295,LOAD,114097927,4382.200563556252
7296,LOAD,112147511,4458.413704785656
7297,LOAD,115443144,4331.136373070366
7298,LOAD,110149071,4539.302923399146
7299,LOAD,115448300,4330.942941559122
7300,LOAD,113535090,4403.924813024766
7301,LOAD,115221493,4339.468158080542
7302,LOAD,114566112,4364.292296137273
7303,LOAD,115770373,4318.894264942896
7304,LOAD,111996984,4464.405934359804
7305,LOAD,111951349,4466.2257709820005
7306,LOAD,115145791,4342.321118797994
7307,LOAD,114952443,4349.624827025207
7308,LOAD,107270760,4661.102429030987
7309,LOAD,110770882,4513.821601601042
7310,LOAD,110234819,4535.771950603012
7311,LOAD,116808618,4280.506083891858
7312,LOAD,113414466,4408.608686655545
7313,LOAD,116282960,4299.856144012845
7314,LOAD,115923625,4313.184650669783
7315,LOAD,113378908,4409.99131866749
7316,LOAD,106280035,4704.552458982536
7317,LOAD,113207731,4416.659494747758
7318,LOAD,104271924,4795.154638174702
7319,LOAD,117082606,4270.489162156162
7320,LOAD,110530252,4523.648421610402
7321,LOAD,116721941,4283.684761547959
7322,LOAD,108716067,4599.13620679453
7323,LOAD,121364899,4119.807325839739
7324,LOAD,115694061,4321.743014967726
7325,LOAD,120227152,4158.794346222225
7326,LOAD,124636495,4011.6660854431125
7327,LOAD,123003903,4064.911663819318
7328,LOAD,110627528,4519.670727886101
7329,LOAD,111124955,4499.43939234891
7330,LOAD,110214270,4536.617626737445
7331,LOAD,117822542,4243.670111955317
7332,LOAD,115762366,4319.192992306325
7333,LOAD,111011623,4504.032879512085
7334,LOAD,106108517,4712.157083488407
7335,LOAD,111567401,4481.5958381965
7336,LOAD,115278626,4337.317483294779
7337,LOAD,114891732,4351.9232524060135
7338,LOAD,109095291,4583.149239686248
7339,LOAD,109946444,4547.668681308147
7340,LOAD,116708093,4284.193042208307
7341,LOAD,111617380,4479.5891105847495
7342,LOAD,112042436,4462.5948689655415
7343,LOAD,110463933,4526.364274934879
7344,LOAD,117426899,4257.968184955646
7345,LOAD,116304527,4299.058797599512
7346,LOAD,110038181,4543.877365620939
7347,LOAD,117177804,4267.0197164643905
7348,LOAD,117573321,4252.665449502783
7349,LOAD,116729661,4283.401456978446
7350,LOAD,114441005,4369.063344034772
7351,LOAD,118995298,4201.846698177939
7352,LOAD,115149384,4342.185625587021
7353,LOAD,116213274,4302.43450502909
7354,LOAD,118209242,4229.78771829025
7355,LOAD,124106574,4028.7954447924735
7356,LOAD,117673456,4249.046615916507
7357,LOAD,115695914,4321.673797399621
7358,LOAD,120152007,4161.395323175917
7359,LOAD,114702859,4359.089253389927
7360,LOAD,119879219,4170.864676720992
7361,LOAD,120129413,4162.178000486858
7362,LOAD,119069845,4199.216014768475
7363,LOAD,115260404,4338.00318798119
7364,LOAD,120317681,4155.66520102727
7365,LOAD,118034645,4236.044425770077
7366,LOAD,118444324,4221.392660403043
7367,LOAD,117874634,4241.794718955394
7368,LOAD,119590767,4180.924769886291
7369,LOAD,120098580,4163.24655961794
7370,LOAD,119134445,4196.939012894213
7371,LOAD,116513084,4291.363534759753
7372,LOAD,115783176,4318.416692939913
7373,LOAD,114342857,4372.813598666684
7374,LOAD,118900551,4205.194978448839
7375,LOAD,118722318,4211.508067084741
7376,LOAD,118608124,4215.562839523539
7377,LOAD,120446208,4151.230730319048
7378,LOAD,124331985,4021.49133225855
7379,LOAD,116492399,4292.125531726752
7380,LOAD,117182872,4266.835173659168
7381,LOAD,110707225,4516.417063113993
7382,LOAD,117103398,4269.730926168342
7383,LOAD,116182424,4303.576933461123
7384,LOAD,118064207,4234.98376607908
7385,LOAD,116189711,4303.307028623214
7386,LOAD,116522302,4291.024047911446
7387,LOAD,120787466,4139.502355318887
7388,LOAD,127859852,3910.5316655614465
7389,LOAD,118191982,4230.405409395707
7390,LOAD,126604357,3949.311159962686
7391,LOAD,111380293,4489.124480934881
7392,LOAD,119617590,4179.987241006946
7393,LOAD,126101436,3965.0619046082866
7394,LOAD,119781762,4174.258181308103
7395,LOAD,122726636,4074.0952110835988
7396,LOAD,122378843,4085.6735342725865
7397,LOAD,119947108,4168.50400428162
7398,LOAD,119057908,4199.637037129864
7399,LOAD,117875012,4241.781116425253
7400,LOAD,117339673,4261.13340199951
7401,LOAD,115140938,4342.504140447423
7402,LOAD,116755607,4282.449578631372
7403,LOAD,122146684,4093.4389999486193
7404,LOAD,121358586,4120.021635716817
7405,LOAD,119798534,4173.67377801134
7406,LOAD,120818938,4138.424060638573
7407,LOAD,109358678,4572.110866226821
7408,LOAD,117152542,4267.939828399114
7409,LOAD,125304038,3990.294390991614
7410,LOAD,124468761,4017.072203361934
7411,LOAD,125880318,3972.0268263065554
7412,LOAD,119054874,4199.7440608773395
7413,LOAD,112484697,4445.04908965528
7414,LOAD,118412443,4222.529215109598
7415,LOAD,118363450,4224.27700443
7416,LOAD,118887909,4205.64213977386
7417,LOAD,118847152,4207.084407037369
7418,LOAD,117094081,4270.070662239537
7419,LOAD,115974675,4311.286063099551
7420,LOAD,126911922,3939.740192414705
7421,LOAD,120294596,4156.46268931316
7422,LOAD,122747206,4073.4124734374814
7423,LOAD,117116826,4269.24138125123
7424,LOAD,122307921,4088.0426705969435
7425,LOAD,118002966,4237.18163151933
7426,LOAD,118999507,4201.698079303807
7427,LOAD,119900400,4170.127872801092
7428,LOAD,115927721,4313.032255675931
7429,LOAD,120023143,4165.863245224298
7430,LOAD,120090036,4163.542760533439
7431,LOAD,117770277,4245.553400540954
7432,LOAD,125441520,3985.9210889663964
7433,LOAD,116638739,4286.740445642164
7434,LOAD,122671727,4075.918813794804
7435,LOAD,112757246,4434.304825075277
7436,LOAD,114232517,4377.037406958301
7437,LOAD,122010360,4098.0126605642345
7438,LOAD,114336225,4373.067240937857
7439,LOAD,117616285,4251.111995247937
7440,LOAD,118626457,4214.911349834885
7441,LOAD,116833359,4279.599630444589
7442,LOAD,119160180,4196.03260082353
7443,LOAD,117911611,4240.464495052994
7444,LOAD,115377184,4333.61244108714
7445,LOAD,119908004,4169.863422962157
7446,LOAD,112781588,4433.347755309137
7447,LOAD,119828644,4172.62503613076
7448,LOAD,115411683,4332.317032409968
7449,LOAD,116890804,4277.496457291884
7450,LOAD,120808707,4138.774533858723
7451,LOAD,119673379,4178.0386262846305
7452,LOAD,123087806,4062.1408102765276
7453,LOAD,119508843,4183.790817889518
7454,LOAD,116899017,4277.195932280593
7455,LOAD,117891670,4241.181756098628
7456,LOAD,118663951,4213.579573125793
7457,LOAD,114833273,4354.138717268818
7458,LOAD,125013984,3999.5525620557773
7459,LOAD,128212156,3899.7862261983955
7460,LOAD,121185548,4125.904517921559
7461,LOAD,119109471,4197.8189962744445
7462,LOAD,121338333,4120.709322749638
7463,LOAD,117210189,4265.840745295616
7464,LOAD,121407473,4118.362631598468
7465,LOAD,117101326,4269.806475120529
7466,LOAD,118261269,4227.9268963366185
7467,LOAD,119171178,4195.645359820141
7468,LOAD,123746475,4040.519133979372
7469,LOAD,110125432,4540.277308514894
7470,LOAD,122248089,4090.0434852605345
7471,LOAD,123092746,4061.9777870582234
7472,LOAD,117502830,4255.216661590192
7473,LOAD,114234030,4376.9794342368905
7474,LOAD,119502918,4183.9982518251145
7475,LOAD,110960340,4506.11452704633
7476,LOAD,114850385,4353.489977417141
7477,LOAD,113026280,4423.749945587875
7478,LOAD,124686806,4010.0473822386634
7479,LOAD,119345398,4189.520571207949
7480,LOAD,117709960,4247.728909261375
7481,LOAD,125631299,3979.8999451561826
7482,LOAD,124418214,4018.7042067650964
7483,LOAD,110270025,4534.323811026614
7484,LOAD,116984864,4274.057197690122
7485,LOAD,109283986,4575.235753205415
7486,LOAD,117009723,4273.149163851965
7487,LOAD,123571921,4046.2266504702143
7488,LOAD,121402226,4118.540627088666
7489,LOAD,117931707,4239.741904185275
7490,LOAD,112980929,4425.525656635378
7491,LOAD,114653954,4360.948598423392
7492,LOAD,122649425,4076.6599598815887
7493,LOAD,125471843,3984.9578044374466
7494,LOAD,117705300,4247.897078551263
7495,LOAD,119862187,4171.457342089045
7496,LOAD,118232052,4228.971683583737
7497,LOAD,120305526,4156.085066283655
7498,LOAD,121883614,4102.2741580340735
7499,LOAD,122112380,4094.588935208699
7500,LOAD,120183224,4160.314421254001
7501,LOAD,120249487,4158.021896592374
7502,LOAD,121579547,4112.533829394841
7503,LOAD,118658259,4213.781697235251
7504,LOAD,117835115,4243.217312598202
7505,LOAD,126331958,3957.8267282139336
7506,LOAD,122719062,4074.3466569195252
7507,LOAD,125856375,3972.7824673164155
7508,LOAD,115154409,4341.99614536687
7509,LOAD,118293216,4226.785076161933
7510,LOAD,115491306,4329.330209496462
7511,LOAD,120621486,4145.198476496965
7512,LOAD,477019515,1048.1751464612512
7513,LOAD,107049962,4670.716277321051
7514,LOAD,114178170,4379.120807418791
7515,LOAD,121826339,4104.202786558332
7516,LOAD,118906957,4204.968427541207
7517,LOAD,118737097,4210.983867998726
7518,LOAD,119132686,4197.000980906281
7519,LOAD,115985808,4310.872240507218
7520,LOAD,115791779,4318.0958468562785
7521,LOAD,116351744,4297.314185509759
7522,LOAD,115821849,4316.9747704511265
7523,LOAD,121988518,4098.746408248029
7524,LOAD,121501065,4115.190266027709
7525,LOAD,121773895,4105.970331325939
7526,LOAD,119999898,4166.670208336343
7527,LOAD,120140985,4161.7770987977165
7528,LOAD,124980855,4000.612733846316
7529,LOAD,121753303,4106.664769497054
7530,LOAD,120880281,4136.32393855868
7531,LOAD,125882669,3971.9526442516085
7532,LOAD,123501885,4048.5212027330595
7533,LOAD,117199684,4266.223106881414
7534,LOAD,118736873,4210.9918121222545
7535,LOAD,122327276,4087.395847840182
7536,LOAD,114873590,4352.610552173045
7537,LOAD,118948947,4203.484037567815
7538,LOAD,117233301,4264.999754634565
7539,LOAD,123807113,4038.5401766052005
7540,LOAD,119069069,4199.243382007127
7541,LOAD,119985126,4167.183189022946
7542,LOAD,129307416,3866.7542471036622
7543,LOAD,116747340,4282.752823319143
7544,LOAD,122301123,4088.2699008413847
7545,LOAD,115810054,4317.414444863311
7546,LOAD,122129169,4094.026055315254
7547,LOAD,123053017,4063.289240604316
7548,LOAD,122161593,4092.93942327684
7549,LOAD,117412503,4258.49025635711
7550,LOAD,122209893,4091.3218048558474
7551,LOAD,114325163,4373.490374992948
7552,LOAD,118383781,4223.551535323913
7553,LOAD,113341937,4411.429813485542
7554,LOAD,115940732,4312.548242320913
7555,LOAD,118493539,4219.63935096917
7556,LOAD,118990170,4202.027780950309
7557,LOAD,113577495,4402.280575038215
7558,LOAD,123454947,4050.0604645676935
7559,LOAD,119623628,4179.7762562426215
7560,LOAD,117063694,4271.179072821673
7561,LOAD,112670948,4437.701189839993
7562,LOAD,116913525,4276.665167695525
7563,LOAD,117043594,4271.912566184527
7564,LOAD,119300795,4191.086907677355
7565,LOAD,123286418,4055.596781147458
7566,LOAD,122371700,4085.91202050801
7567,LOAD,117877812,4241.6803596592035
7568,LOAD,118723568,4211.463725551106
7569,LOAD,118977543,4202.473739098815
7570,LOAD,118641642,4214.3718813332
7571,LOAD,118841838,4207.2725263639895
7572,LOAD,121216001,4124.867970194793
7573,LOAD,120247034,4158.106718873416
7574,LOAD,119933404,4168.98031177369
7575,LOAD,119343833,4189.575509946962
7576,LOAD,122216803,4091.090486142073
7577,LOAD,119025676,4200.774293439005
7578,LOAD,116538124,4290.441469608692
7579,LOAD,122727554,4074.0647369212625
7580,LOAD,117287279,4263.036914685352
7581,LOAD,115116065,4343.442420482319
7582,LOAD,122204767,4091.4934194015527
7583,LOAD,117162163,4267.589358178715
7584,LOAD,121549075,4113.564829678877
7585,LOAD,120934139,4134.481827335786
7586,LOAD,116944154,4275.545060593623
7587,LOAD,123284387,4055.6635934767637
7588,LOAD,113561891,4402.885471500294
7589,LOAD,120301981,4156.207535767844
7590,LOAD,123684474,4042.5445800092903
7591,LOAD,117122825,4269.022711841181
7592,LOAD,111414787,4487.734648723064
7593,LOAD,116742680,4282.923777319485
7594,LOAD,126877581,3940.8065322430766
7595,LOAD,120242895,4158.249849190674
7596,LOAD,122284856,4088.813744851611
7597,LOAD,116469069,4292.98529036924
7598,LOAD,120245290,4158.16702675007
7599,LOAD,117712616,4247.633065940867
7600,LOAD,119845956,4172.0222916825
7601,LOAD,111729490,4475.094265623158
7602,LOAD,117136768,4268.514562395984
7603,LOAD,118745239,4210.695133638158
7604,LOAD,117909225,4240.550304694141
7605,LOAD,121595858,4111.982169655812
7606,LOAD,120756284,4140.571268324223
7607,LOAD,119876233,4170.968568890549
7608,LOAD,121088806,4129.200844543797
7609,LOAD,117083903,4270.441855700693
7610,LOAD,110071352,4542.508026975084
7611,LOAD,116803975,4280.676235547635
7612,LOAD,123240313,4057.1140061937367
7613,LOAD,121239098,4124.0821504627165
7614,LOAD,122109916,4094.671558041199
7615,LOAD,122331678,4087.2487664233627
7616,LOAD,114345202,4372.723920676619
7617,LOAD,117373910,4259.890464584506
7618,LOAD,115692030,4321.818884153039
7619,LOAD,119756777,4175.129061798314
7620,LOAD,120726706,4141.585706811217
7621,LOAD,122722152,4074.2440696444114
7622,LOAD,117625917,4250.763885649452
7623,LOAD,115746726,4319.776612947135
7624,LOAD,123699845,4042.0422515484966
7625,LOAD,122140745,4093.63804027886
7626,LOAD,118398750,4223.017557195493
7627,LOAD,121355143,4120.138525979077
7628,LOAD,119014351,4201.174024803109
7629,LOAD,112061960,4461.817373174626
7630,LOAD,124107376,4028.7694101275656
7631,LOAD,121475227,4116.065574423664
7632,LOAD,122383641,4085.5133571324295
7633,LOAD,118912372,4204.776942806254
7634,LOAD,118334083,4225.325344347326
7635,LOAD,113478371,4406.1259920624
7636,LOAD,120474483,4150.25644891126
7637,LOAD,114897827,4351.692395366189
7638,LOAD,119562158,4181.925187399177
7639,LOAD,121842486,4103.658882994229
7640,LOAD,112893496,4428.953108157799
7641,LOAD,109835513,4552.261707923193
7642,LOAD,119835183,4172.397350117119
7643,LOAD,127159121,3932.0812857773685
7644,LOAD,112428567,4447.268281912728
7645,LOAD,111762094,4473.788760615025
7646,LOAD,114701610,4359.1367200512705
7647,LOAD,116221295,4302.137572980923
7648,LOAD,119066931,4199.318784826998
7649,LOAD,125726560,3976.8844387375266
7650,LOAD,116552145,4289.9253377104305
7651,LOAD,125621966,3980.195629162499
7652,LOAD,112078124,4461.173886172471
7653,LOAD,120641730,4144.502901276366
7654,LOAD,126873857,3940.922202751352
7655,LOAD,120191281,4160.0355353563455
7656,LOAD,117912730,4240.424252750318
7657,LOAD,116184443,4303.502147873619
7658,LOAD,113858830,4391.402932912625
7659,LOAD,121222504,4124.646691013741
7660,LOAD,113282266,4413.753517253972
7661,LOAD,120250342,4157.992332362764
7662,LOAD,116265435,4300.504272830528
7663,LOAD,118632371,4214.7012302401
7664,LOAD,114291598,4374.774775657613
7665,LOAD,116608746,4287.843040521163
7666,LOAD,123898372,4035.5655359216507
7667,LOAD,118596939,4215.960413615734
7668,LOAD,119639338,4179.227404284033
7669,LOAD,114019900,4385.199425714283
7670,LOAD,116513934,4291.332228126465
7671,LOAD,109024273,4586.134685805242
7672,LOAD,118957530,4203.18074862516
7673,LOAD,119770456,4174.652219742738
7674,LOAD,117481588,4255.9860528953695
7675,LOAD,115262003,4337.943007983299
7676,LOAD,123369575,4052.8631147509427
7677,LOAD,117090973,4270.184004705469
7678,LOAD,116036501,4308.988944780402
7679,LOAD,112563470,4441.938401508056
7680,LOAD,119183186,4195.222638199989
7681,LOAD,120595982,4146.075115504263
7682,LOAD,130008452,3845.903803238885
7683,LOAD,119988649,4167.060835896235
7684,LOAD,122071875,4095.94757187108
7685,LOAD,116576203,4289.040019599884
7686,LOAD,122993861,4065.243549025589
7687,LOAD,119816820,4173.036807353092
7688,LOAD,125108002,3996.546919516787
7689,LOAD,121079431,4129.520562414932
7690,LOAD,120434778,4151.624707607299
7691,LOAD,118721426,4211.539709774039
7692,LOAD,119513031,4183.644208638638
7693,LOAD,123807004,4038.543732146204
7694,LOAD,117953035,4238.975283679644
7695,LOAD,128738796,3883.8331220683467
7696,LOAD,123287400,4055.5644777974067
7697,LOAD,119533432,4182.930178060979
7698,LOAD,122303802,4088.1803494547125
7699,LOAD,127816653,3911.853332601347
7700,LOAD,115658471,4323.072885858918
7701,LOAD,114135459,4380.759532407891
7702,LOAD,117520992,4254.559049331374
7703,LOAD,124110359,4028.6725784106384
7704,LOAD,121480322,4115.892942726971
7705,LOAD,122674188,4075.8370456872312
7706,LOAD,121427093,4117.697192997942
7707,LOAD,116977524,4274.325382370035
7708,LOAD,115410425,4332.364255655414
7709,LOAD,120550671,4147.633487664287
7710,LOAD,112483501,4445.096352397495
7711,LOAD,118585825,4216.355538277868
7712,LOAD,118568927,4216.956437499008
7713,LOAD,119300251,4191.106018712399
7714,LOAD,117266760,4263.782848609444
7715,LOAD,124395044,4019.4527363967977
7716,LOAD,124211134,4025.404035036022
7717,LOAD,120701955,4142.434975473264
7718,LOAD,119868853,4171.225364106888
7719,LOAD,121587950,4112.249610261543
7720,LOAD,115170856,4341.376085630553
7721,LOAD,118885041,4205.743597295811
7722,LOAD,120100190,4163.190749323544
7723,LOAD,119191388,4194.933949422588
7724,LOAD,114567316,4364.246431329508
7725,LOAD,119242332,4193.141744326167
7726,LOAD,116189379,4303.319324910068
7727,LOAD,118872254,4206.196006008265
7728,LOAD,127680261,3916.032095203815
7729,LOAD,121208060,4125.138212755818
7730,LOAD,114858198,4353.193839938182
7731,LOAD,119369468,4188.675784330378
7732,LOAD,116826002,4279.869133927908
7733,LOAD,123545448,4047.093665482519
7734,LOAD,121626994,4110.929519478217
7735,LOAD,118187448,4230.567699541156
7736,LOAD,120911423,4135.258585121441
7737,LOAD,114861252,4353.078094604088
7738,LOAD,112896987,4428.816156094582
7739,LOAD,118282852,4227.1554290895865
7740,LOAD,128062968,3904.329313998095
7741,LOAD,123490783,4048.885170644679
7742,LOAD,118212269,4229.6794083192835
7743,LOAD,116731734,4283.325389478066
7744,LOAD,118644329,4214.276436255121
7745,LOAD,118230071,4229.042541977328
7746,LOAD,120486179,4149.853569511902
7747,LOAD,120264462,4157.50415114317
7748,LOAD,127361079,3925.846137029037
7749,LOAD,110920880,4507.717573102557
7750,LOAD,123618590,4044.699102295213
7751,LOAD,117749625,4246.298024303686
7752,LOAD,123026088,4064.1786480278884
7753,LOAD,124101734,4028.9525688657986
7754,LOAD,122119022,4094.366232313914
7755,LOAD,119469923,4185.153781341267
7756,LOAD,122749311,4073.3426194139697
7757,LOAD,117723759,4247.23101137129
7758,LOAD,122773389,4072.543765978473
7759,LOAD,116096978,4306.744315084584
7760,LOAD,127226297,3930.005130936099
7761,LOAD,118927427,4204.24466090568
7762,LOAD,120842321,4137.623275210015
7763,LOAD,118735617,4211.036356512975
7764,LOAD,122127416,4094.0848203977393
7765,LOAD,117335135,4261.298203645481
7766,LOAD,121947603,4100.121590745823
7767,LOAD,113407852,4408.865798816118
7768,LOAD,120270263,4157.303622093185
7769,LOAD,126329079,3957.9169258409615
7770,LOAD,115615186,4324.691394779229
7771,LOAD,125319929,3989.788407875654
7772,LOAD,121322082,4121.261288608614
7773,LOAD,118622027,4215.0687578454545
7774,LOAD,123909524,4035.2023303713117
7775,LOAD,118647989,4214.146436143979
7776,LOAD,120100048,4163.195671662013
7777,LOAD,120454575,4150.9423780707375
7778,LOAD,122029857,4097.357911351154
7779,LOAD,117178858,4266.981335489718
7780,LOAD,126802517,3943.139393676231
7781,LOAD,123893191,4035.7342963262604
7782,LOAD,124897227,4003.29144217109
7783,LOAD,120024758,4165.807191213
7784,LOAD,121118388,4128.192326998275
7785,LOAD,120799701,4139.083092598052
7786,LOAD,123454462,4050.0763755302746
7787,LOAD,111754005,4474.112583258202
7788,LOAD,121227771,4124.467486909414
7789,LOAD,119794918,4173.7997600198705
7790,LOAD,120165090,4160.942250365726
7791,LOAD,114372080,4371.696309099214
7792,LOAD,117765841,4245.7133219131
7793,LOAD,118873272,4206.159985232003
7794,LOAD,123527720,4047.674481484804
7795,LOAD,123188176,4058.8311008030514
7796,LOAD,122557006,4079.7341279698035
7797,LOAD,115183202,4340.910751899396
7798,LOAD,123039785,4063.7262166867404
7799,LOAD,117452115,4257.054034318582
7800,LOAD,125577940,3981.5910342214565
7801,LOAD,118492756,4219.667234341313
7802,LOAD,127875014,3910.0679981157227
7803,LOAD,119751839,4175.301224392888
7804,LOAD,127246341,3929.3860716985178
7805,LOAD,118458884,4220.873801242295
7806,LOAD,123739528,4040.7459773080755
7807,LOAD,122564998,4079.468103936166
7808,LOAD,120516717,4148.802028850488
7809,LOAD,115898234,4314.129583717385
7810,LOAD,119784317,4174.169144363031
7811,LOAD,114677120,4360.067640345345
7812,LOAD,131554220,3800.7142606295715
7813,LOAD,118449122,4221.221665112891
7814,LOAD,124401567,4019.241976268675
7815,LOAD,115375785,4333.66498871492
7816,LOAD,121661136,4109.775861372854
7817,LOAD,122297121,4088.4036836811556
7818,LOAD,120603703,4145.809685462145
7819,LOAD,122315963,4087.773890967935
7820,LOAD,117213738,4265.711584080699
7821,LOAD,115805889,4317.569722209895
7822,LOAD,122166933,4092.760518101899
7823,LOAD,118467982,4220.549650284412
7824,LOAD,119467876,4185.2254910767815
7825,LOAD,121897777,4101.797524986859
7826,LOAD,121355299,4120.133229616945
7827,LOAD,114147947,4380.280269079215
7828,LOAD,121598902,4111.87923390953
7829,LOAD,121850296,4103.395858800376
7830,LOAD,117882672,4241.505486064992
7831,LOAD,118510294,4219.042777836667
7832,LOAD,123786669,4039.2071621217956
7833,LOAD,121467048,4116.342730252241
7834,LOAD,118357133,4224.502464080471
7835,LOAD,124556243,4014.2508151919774
7836,LOAD,122988080,4065.4346339905464
7837,LOAD,121109537,4128.494026031988
7838,LOAD,118066062,4234.917227949892
7839,LOAD,115423295,4331.881185682665
7840,LOAD,122108996,4094.7024083303413
7841,LOAD,123841201,4037.428545286799
7842,LOAD,123548506,4046.99349419895
7843,LOAD,119452554,4185.76232367539
7844,LOAD,122734335,4073.839647234818
7845,LOAD,124478391,4016.7614313073823
7846,LOAD,114439327,4369.127406699971
7847,LOAD,116039388,4308.8817393624995
7848,LOAD,123860063,4036.813706448704
7849,LOAD,131135125,3812.86097069721
7850,LOAD,122319329,4087.6614030477554
7851,LOAD,120659117,4143.905677678712
7852,LOAD,117931958,4239.732880547952
7853,LOAD,116677163,4285.328740809373
7854,LOAD,117229892,4265.123779180825
7855,LOAD,125385659,3987.6968705009554
7856,LOAD,119434174,4186.406480275905
7857,LOAD,119371791,4188.594271824237
7858,LOAD,119479534,4184.81712524925
7859,LOAD,116884588,4277.723937393696
7860,LOAD,124702072,4009.556473127407
7861,LOAD,128259273,3898.353610658623
7862,LOAD,117441921,4257.423548104258
7863,LOAD,123965685,4033.374235781458
7864,LOAD,117969710,4238.3761051883575
7865,LOAD,120033149,4165.51597759049
7866,LOAD,114328032,4373.380624622315
7867,LOAD,113527043,4404.236971097715
7868,LOAD,119790399,4173.957213382351
7869,LOAD,121358670,4120.01878398964
7870,LOAD,117763947,4245.78160580844
7871,LOAD,118315128,4226.002274197768
7872,LOAD,121470718,4116.218363013216
7873,LOAD,120472407,4150.32796680156
7874,LOAD,120062415,4164.5006057890805
7875,LOAD,124175816,4026.548937677204
7876,LOAD,114906615,4351.35958012513
7877,LOAD,117297184,4262.67692837366
7878,LOAD,115610442,4324.868855704228
7879,LOAD,115439496,4331.273241179085
7880,LOAD,118789427,4209.128814132591
7881,LOAD,119727406,4176.153286073866
7882,LOAD,119372449,4188.571183623786
7883,LOAD,116677285,4285.3242599877085
7884,LOAD,120435219,4151.609505521802
7885,LOAD,117030860,4272.377388323045
7886,LOAD,114106770,4381.8609535613
7887,LOAD,118983078,4202.278243297757
7888,LOAD,115574339,4326.219854045628
7889,LOAD,122567553,4079.3830647822433
7890,LOAD,115321025,4335.722822442829
7891,LOAD,118746589,4210.647263307917
7892,LOAD,117638529,4250.30816221784
7893,LOAD,119778371,4174.376357147152
7894,LOAD,119934517,4168.941623369359
7895,LOAD,117833517,4243.274857017125
7896,LOAD,115377804,4333.589153768258
7897,LOAD,120629844,4144.911270879203
7898,LOAD,117117011,4269.234637485753
7899,LOAD,115971352,4311.4095970873905
7900,LOAD,125001554,3999.950272618211
7901,LOAD,112191481,4456.6663666735985
7902,LOAD,111600019,4480.285975578553
7903,LOAD,119468223,4185.213334930076
7904,LOAD,120867503,4136.761226878328
7905,LOAD,115884192,4314.652338431113
7906,LOAD,122138164,4093.7245462442024
7907,LOAD,120345797,4154.694326383496
7908,LOAD,112132488,4459.011022746592
7909,LOAD,121180248,4126.084970547346
7910,LOAD,117458547,4256.820919128176
7911,LOAD,120045436,4165.08962489836
7912,LOAD,118717303,4211.685974705811
7913,LOAD,116363158,4296.892664257187
7914,LOAD,116727714,4283.472903444335
7915,LOAD,123580144,4045.9574152948067
7916,LOAD,118556444,4217.4004476719965
7917,LOAD,124034194,4031.146443375123
7918,LOAD,110460214,4526.516669612825
7919,LOAD,125027315,3999.1261109622324
7920,LOAD,114433518,4369.349197146941
7921,LOAD,116756110,4282.431129300215
7922,LOAD,129708691,3854.791811907192
7923,LOAD,118846366,4207.112230928457
7924,LOAD,122591781,4078.5768501071047
7925,LOAD,116979155,4274.265786925884
7926,LOAD,121849250,4103.431083900804
7927,LOAD,119509464,4183.76907790332
7928,LOAD,119507607,4183.834088486099
7929,LOAD,111786645,4472.8062104377495
7930,LOAD,126527804,3951.700608033947
7931,LOAD,108213140,4620.510965673854
7932,LOAD,125202799,3993.520943569321
7933,LOAD,119917342,4169.538714425475
7934,LOAD,118953509,4203.322829257605
7935,LOAD,118884839,4205.750743372752
7936,LOAD,128314104,3896.6877717511084
7937,LOAD,120213550,4159.264908157192
7938,LOAD,117792778,4244.742406873195
7939,LOAD,120741877,4141.0653240051915
7940,LOAD,130765352,3823.642825509314
7941,LOAD,119481542,4184.746795450631
7942,LOAD,123205790,4058.250833828508
7943,LOAD,113728251,4396.444995887609
7944,LOAD,123107081,4061.5047967874407
7945,LOAD,117110730,4269.463609355009
7946,LOAD,122268096,4089.3742223645977
7947,LOAD,130175287,3840.9748234317317
7948,LOAD,129118122,3872.423113465049
7949,LOAD,118470393,4220.4637575567085
7950,LOAD,115810642,4317.3925242552405
7951,LOAD,120775516,4139.911933806186
7952,LOAD,129593219,3858.2265635364765
7953,LOAD,116923372,4276.304997430283
7954,LOAD,122184104,4092.185346794375
7955,LOAD,116434054,4294.276311979998
7956,LOAD,125818008,3973.9939293904577
7957,LOAD,117273900,4263.523256240306
7958,LOAD,121482397,4115.822640542729
7959,LOAD,117494670,4255.5121862123615
7960,LOAD,128363104,3895.200290575709
7961,LOAD,113821228,4392.853677523141
7962,LOAD,123047020,4063.4872750270592
7963,LOAD,118346157,4224.894265049942
7964,LOAD,122080566,4095.655978528147
7965,LOAD,107991146,4630.009204643499
7966,LOAD,123743156,4040.627507512416
7967,LOAD,116991449,4273.816627401546
7968,LOAD,126411883,3955.3243582329987
7969,LOAD,113805220,4393.471582410719
7970,LOAD,124959246,4001.3045533261297
7971,LOAD,118765475,4209.977689223236
7972,LOAD,125454021,3985.5239075995823
7973,LOAD,115625477,4324.306484806977
7974,LOAD,125470045,3985.014909335531
7975,LOAD,117733565,4246.877260533137
7976,LOAD,121123570,4128.01571155804
7977,LOAD,118996410,4201.807432678011
7978,LOAD,119607390,4180.343706187386
7979,LOAD,117810193,4244.114938339842
7980,LOAD,121832769,4103.986177971544
7981,LOAD,114946414,4349.852967139976
7982,LOAD,120129228,4162.184410275241
7983,LOAD,110919172,4507.786985643925
7984,LOAD,126229078,3961.0524605115156
7985,LOAD,118529675,4218.352914576033
7986,LOAD,124068669,4030.026307447532
7987,LOAD,106406041,4698.981329452902
7988,LOAD,131738832,3795.3881358231565
7989,LOAD,118972448,4202.653710210283
7990,LOAD,129905142,3848.962345154898
7991,LOAD,121225533,4124.54363058977
7992,LOAD,124400099,4019.289405870971
7993,LOAD,110463484,4526.382673209909
7994,LOAD,123588216,4045.6931589659007
7995,LOAD,110730886,4515.45199412565
7996,LOAD,123684177,4042.554287279609
7997,LOAD,114975191,4348.764247758458
7998,LOAD,122794891,4071.830643182052
7999,LOAD,111396436,4488.473940045981
8000,LOAD,118230390,4229.03113150519
8001,LOAD,120279749,4156.975751587243
8002,LOAD,129151901,3871.410301579688
8003,LOAD,120724613,4141.657509392886
8004,LOAD,122995745,4065.1812792385626
8005,LOAD,116200156,4302.920212947046
8006,LOAD,123485002,4049.0747208312796
8007,LOAD,111794754,4472.481776738826
8008,LOAD,128847213,3880.5651155217456
8009,LOAD,114234467,4376.9626902535465
8010,LOAD,124088211,4029.391639790826
8011,LOAD,114621843,4362.1703064048625
8012,LOAD,371751952,1344.982850285074
8013,LOAD,117560032,4253.146171311012
8014,LOAD,113374201,4410.1744099612215
8015,LOAD,114063829,4383.510569332194
8016,LOAD,115870576,4315.159355037641
8017,LOAD,118849406,4207.0046189376835
8018,LOAD,118289705,4226.9105329157765
8019,LOAD,119774583,4174.508376288815
8020,LOAD,122482632,4082.2114273311827
8021,LOAD,118564782,4217.1038614147665
8022,LOAD,118753655,4210.396724210299
8023,LOAD,114828451,4354.321560951824
8024,LOAD,120490452,4149.706401632554
8025,LOAD,110649645,4518.767321847259
8026,LOAD,118482232,4220.042039721196
8027,LOAD,113290839,4413.419517530451
8028,LOAD,123276691,4055.916783165441
8029,LOAD,115488182,4329.447319553442
8030,LOAD,117958824,4238.767249832874
8031,LOAD,119788361,4174.028226331605
8032,LOAD,123686810,4042.468230848544
8033,LOAD,117748727,4246.330408310911
8034,LOAD,125304733,3990.2722589098053
8035,LOAD,120959522,4133.614218482114
8036,LOAD,116686526,4284.9848833446285
8037,LOAD,115988001,4310.790734293282
8038,LOAD,129133820,3871.9523669322257
8039,LOAD,120501648,4149.320845802872
8040,LOAD,127136751,3932.773144407316
8041,LOAD,120074071,4164.09634349784
8042,LOAD,119384697,4188.141466740917
8043,LOAD,113133120,4419.572270260027
8044,LOAD,121280544,4122.672800676092
8045,LOAD,113439154,4407.649231939794
8046,LOAD,112906033,4428.461320574428
8047,LOAD,121475649,4116.051275428872
8048,LOAD,118380396,4223.672304660985
8049,LOAD,126777979,3943.9025921055263
8050,LOAD,115501198,4328.959427762818
8051,LOAD,119556126,4182.13617928704
8052,LOAD,112137095,4458.827830344633
8053,LOAD,122129142,4094.0269604121186
8054,LOAD,119082220,4198.7796330972
8055,LOAD,125337774,3989.2203606552002
8056,LOAD,116104137,4306.478760528576
8057,LOAD,118919429,4204.527419989546
8058,LOAD,117605455,4251.503469800785
8059,LOAD,121384962,4119.126387336184
8060,LOAD,120429864,4151.794109806518
8061,LOAD,118711400,4211.895403474308
8062,LOAD,123261944,4056.4020311086447
8063,LOAD,119708016,4176.829728762692
8064,LOAD,120816529,4138.5065780196355
8065,LOAD,128122633,3902.5111199517733
8066,LOAD,119029155,4200.651512648308
8067,LOAD,121197975,4125.481469471747
8068,LOAD,107018996,4672.067751411161
8069,LOAD,123292101,4055.4098433280815
8070,LOAD,116024290,4309.442445198329
8071,LOAD,119787940,4174.042896137958
8072,LOAD,121558342,4113.251232070934
8073,LOAD,119986243,4167.144395045356
8074,LOAD,120903257,4135.537887122428
8075,LOAD,125598066,3980.953018814796
8076,LOAD,116898873,4277.201201075736
8077,LOAD,122039090,4097.047921284893
8078,LOAD,113778160,4394.516487171176
8079,LOAD,118791016,4209.072511005378
8080,LOAD,117035848,4272.195302075309
8081,LOAD,111181076,4497.168205135918
8082,LOAD,132473520,3774.339203789557
8083,LOAD,116701525,4284.43415799408
8084,LOAD,129289469,3867.291001094606
8085,LOAD,114923758,4350.7104945175915
8086,LOAD,120933008,4134.520494189642
8087,LOAD,118677670,4213.092488249896
8088,LOAD,125407684,3986.9965224778407
8089,LOAD,117247395,4264.487070267104
8090,LOAD,116645238,4286.50160583495
8091,LOAD,116910335,4276.781860217918
8092,LOAD,122485627,4082.111609715644
8093,LOAD,122962080,4066.2942591732344
8094,LOAD,117986198,4237.783812645612
8095,LOAD,119921988,4169.3771787705855
8096,LOAD,122690376,4075.2992720472225
8097,LOAD,121587161,4112.276295356546
8098,LOAD,119807631,4173.3568707322165
8099,LOAD,120242007,4158.280558307713
8100,LOAD,117281162,4263.259260681609
8101,LOAD,123775091,4039.5849921047525
8102,LOAD,122289112,4088.671442801874
8103,LOAD,118963438,4202.972008929331
8104,LOAD,119568912,4181.688966108515
8105,LOAD,123075118,4062.559582514477
8106,LOAD,116408919,4295.203531612557
8107,LOAD,116178053,4303.738848162656
8108,LOAD,124705863,4009.434584483009
8109,LOAD,121463722,4116.455446672381
8110,LOAD,119585992,4181.091711811865
8111,LOAD,120231967,4158.6277965493155
8112,LOAD,114875476,4352.539091981652
8113,LOAD,120732518,4141.386333050719
8114,LOAD,125392363,3987.483671553426
8115,LOAD,115058464,4345.616850925457
8116,LOAD,128598379,3888.0738924399666
8117,LOAD,120541001,4147.966217735325
8118,LOAD,116953969,4275.186248702685
8119,LOAD,118186860,4230.588747344671
8120,LOAD,119402504,4187.516871505475
8121,LOAD,121490187,4115.558732327904
8122,LOAD,121459477,4116.599316494669
8123,LOAD,117040715,4272.017647875784
8124,LOAD,119008747,4201.371853784832
8125,LOAD,120589808,4146.287387736781
8126,LOAD,121485596,4115.714261302221
8127,LOAD,117132380,4268.674469006777
8128,LOAD,121036428,4130.987738666577
8129,LOAD,114836757,4354.006618281636
8130,LOAD,121525616,4114.358901912499
8131,LOAD,119653630,4178.728217438952
8132,LOAD,121871443,4102.683842021957
8133,LOAD,116871464,4278.204301436662
8134,LOAD,117875494,4241.763771526591
8135,LOAD,117676442,4248.93879779268
8136,LOAD,116801446,4280.768921302567
8137,LOAD,119228441,4193.630276521019
8138,LOAD,116722291,4283.67191661788
8139,LOAD,117780772,4245.1750953033325
8140,LOAD,117524720,4254.424090523253
8141,LOAD,133243508,3752.5280406156826
8142,LOAD,120218548,4159.091989698628
8143,LOAD,123632888,4044.231337538601
8144,LOAD,119049044,4199.949728281733
8145,LOAD,133306168,3750.7641806941747
8146,LOAD,119074520,4199.0511488100055
8147,LOAD,113635848,4400.019965530596
8148,LOAD,118241423,4228.636524443722
8149,LOAD,116200848,4302.894588170303
8150,LOAD,112154858,4458.12164462818
8151,LOAD,119618040,4179.971516002101
8152,LOAD,113058770,4422.4786807781475
8153,LOAD,113662408,4398.991793311294
8154,LOAD,123390228,4052.184748374077
8155,LOAD,122635990,4077.1065655359407
8156,LOAD,117535819,4254.02234190413
8157,LOAD,120286732,4156.734426869291
8158,LOAD,114865782,4352.906420817299
8159,LOAD,122794127,4071.855977281389
8160,LOAD,118428163,4221.968722085135
8161,LOAD,116669689,4285.603264100584
8162,LOAD,119631997,4179.483854975689
8163,LOAD,114341349,4372.871269867562
8164,LOAD,119061942,4199.4947470284
8165,LOAD,112541852,4442.79164696881
8166,LOAD,112367761,4449.6748493547
8167,LOAD,120296106,4156.410515898162
8168,LOAD,117255640,4264.187206687883
8169,LOAD,112774963,4433.608193691006
8170,LOAD,117954608,4238.9187542380705
8171,LOAD,110159876,4538.857687167331
8172,LOAD,113933817,4388.512674862811
8173,LOAD,117255054,4264.208517613237
8174,LOAD,112690822,4436.918562897696
8175,LOAD,115209353,4339.925422547942
8176,LOAD,114435155,4369.286693411654
8177,LOAD,111607841,4479.971976162499
8178,LOAD,119460838,4185.472062400902
8179,LOAD,113907902,4389.5110981852695
8180,LOAD,113257357,4414.724246125574
8181,LOAD,113793514,4393.923541195854
8182,LOAD,117032136,4272.330806642716
8183,LOAD,114329105,4373.339579628477
8184,LOAD,112157738,4458.007168439863
8185,LOAD,114799522,4355.418831796182
8186,LOAD,115531929,4327.807943031921
8187,LOAD,121739752,4107.121887351964
8188,LOAD,119573327,4181.534565814999
8189,LOAD,114937904,4350.175030162373
8190,LOAD,116143861,4305.005840988875
8191,LOAD,119686366,4177.585273163027
8192,LOAD,112542564,4442.763539668423
8193,LOAD,116594021,4288.384564762545
8194,LOAD,115181400,4340.978664958057
8195,LOAD,117280789,4263.272819557856
8196,LOAD,114975166,4348.7651933461875
8197,LOAD,115862302,4315.467510735286
8198,LOAD,122265118,4089.4738268685924
8199,LOAD,115096884,4344.166259096988
8200,LOAD,116778276,4281.61826948019
8201,LOAD,108694020,4600.069074637225
8202,LOAD,121062266,4130.106072853452
8203,LOAD,118167812,4231.270694933405
8204,LOAD,114612630,4362.520954278773
8205,LOAD,115286608,4337.017184164183
8206,LOAD,112934659,4427.338820760065
8207,LOAD,110516036,4524.230311698838
8208,LOAD,117040451,4272.027283968685
8209,LOAD,111654285,4478.108475639784
8210,LOAD,114574110,4363.987640837881
8211,LOAD,109804226,4553.558803829645
8212,LOAD,114162403,4379.725608964275
8213,LOAD,111611838,4479.811541137778
8214,LOAD,115327730,4335.470749315885
8215,LOAD,110212291,4536.699087400334
8216,LOAD,114522475,4365.955241536651
8217,LOAD,110021427,4544.569304668263
8218,LOAD,117238498,4264.810693838811
8219,LOAD,116601069,4288.125351578037
8220,LOAD,116226898,4301.930177986855
8221,LOAD,111267569,4493.672365574915
8222,LOAD,116580231,4288.891827637569
8223,LOAD,119069751,4199.219329853138
8224,LOAD,116206125,4302.699190769849
8225,LOAD,116796819,4280.938507409179
8226,LOAD,112350718,4450.349841110939
8227,LOAD,115259861,4338.023624720491
8228,LOAD,118981457,4202.3354950175135
8229,LOAD,111486085,4484.864635797373
8230,LOAD,115636774,4323.884026719736
8231,LOAD,117493684,4255.547898217235
8232,LOAD,109588943,4562.504084011468
8233,LOAD,115742743,4319.925267366439
8234,LOAD,113379565,4409.965764112783
8235,LOAD,120068675,4164.283481932319
8236,LOAD,119512888,4183.649214467982
8237,LOAD,117069317,4270.973922227632
8238,LOAD,118523416,4218.5756779065505
8239,LOAD,115381975,4333.432496713633
8240,LOAD,108553315,4606.031607602218
8241,LOAD,117203882,4266.0702996168675
8242,LOAD,111921302,4467.424798185425
8243,LOAD,113143676,4419.159936079857
8244,LOAD,108721762,4598.895297521025
8245,LOAD,116830719,4279.696335687192
8246,LOAD,109838592,4552.134098732803
8247,LOAD,116680669,4285.199976013165
8248,LOAD,114040860,4384.393453363996
8249,LOAD,119458868,4185.541085154096
8250,LOAD,113544001,4403.579190414472
8251,LOAD,115718192,4320.8417912371115
8252,LOAD,110367557,4530.3168212738465
8253,LOAD,119860716,4171.508536625128
8254,LOAD,108160332,4622.766875382742
8255,LOAD,116132214,4305.437593741216
8256,LOAD,109090048,4583.369511396677
8257,LOAD,122531021,4080.5993120713483
8258,LOAD,116063424,4307.989397245423
8259,LOAD,116162347,4304.320745172272
8260,LOAD,119944639,4168.589810837648
8261,LOAD,121058657,4130.229199552412
8262,LOAD,112838354,4431.117454974574
8263,LOAD,110936872,4507.067767333479
8264,LOAD,118697789,4212.378378842423
8265,LOAD,108838095,4593.979709034782
8266,LOAD,119601381,4180.553734576024
8267,LOAD,117072644,4270.852548610758
8268,LOAD,114992837,4348.096916680123
8269,LOAD,113158125,4418.595659834413
8270,LOAD,116768026,4281.994113696844
8271,LOAD,120812113,4138.65785130337
8272,LOAD,116658534,4286.013057561653
8273,LOAD,119068103,4199.277450485627
8274,LOAD,115690688,4321.869016804533
8275,LOAD,108158541,4622.843423895669
8276,LOAD,117962513,4238.63469236197
8277,LOAD,111357336,4490.049941568286
8278,LOAD,114127004,4381.084077174233
8279,LOAD,116370865,4296.608090006033
8280,LOAD,113963740,4387.360400773088
8281,LOAD,113416780,4408.5187394669465
8282,LOAD,116289879,4299.600311734781
8283,LOAD,113986481,4386.485095543918
8284,LOAD,117743659,4246.513181656772
8285,LOAD,109962753,4546.994199026646
8286,LOAD,114868460,4352.804938796951
8287,LOAD,109379044,4571.25955498386
8288,LOAD,116851375,4278.939807083999
8289,LOAD,109733476,4556.494683536682
8290,LOAD,116866929,4278.370316379239
8291,LOAD,109772211,4554.886846544432
8292,LOAD,118674934,4213.189619300736
8293,LOAD,111629372,4479.107882108304
8294,LOAD,124191352,4026.0452273681663
8295,LOAD,117247485,4264.483796816622
8296,LOAD,124354778,4020.75423270025
8297,LOAD,127008881,3936.7325817160768
8298,LOAD,116327989,4298.191727529993
8299,LOAD,116946131,4275.472781566412
8300,LOAD,120500693,4149.353730272738
8301,LOAD,116707528,4284.2137826790395
8302,LOAD,116191673,4303.234363447026
8303,LOAD,120810308,4138.719686071821
8304,LOAD,117453334,4257.009852100069
8305,LOAD,115550372,4327.117181414181
8306,LOAD,111781141,4473.026447278794
8307,LOAD,125190553,3993.911585325452
8308,LOAD,123424009,4051.075670374635
8309,LOAD,113508588,4404.9530419671855
8310,LOAD,122622505,4077.554931698712
8311,LOAD,113851524,4391.684734936003
8312,LOAD,109908473,4549.239802467277
8313,LOAD,113867787,4391.057498992231
8314,LOAD,115551103,4327.089807182542
8315,LOAD,116003546,4310.213068831534
8316,LOAD,115347199,4334.738982261719
8317,LOAD,114890582,4351.966813084819
8318,LOAD,119463894,4185.364994045815
8319,LOAD,111052725,4502.365880711167
8320,LOAD,122766819,4072.761712592716
8321,LOAD,125208130,3993.3509109991496
8322,LOAD,114696213,4359.341838077949
8323,LOAD,122238175,4090.3752039818983
8324,LOAD,113714141,4396.9905202907
8325,LOAD,113784961,4394.253824105981
8326,LOAD,114460834,4368.306454939862
8327,LOAD,114249356,4376.39228355913
8328,LOAD,120926248,4134.7516215007345
8329,LOAD,115080936,4344.7682768238865
8330,LOAD,115017088,4347.180133790207
8331,LOAD,117886820,4241.356243217011
8332,LOAD,115952805,4312.09922002318
8333,LOAD,114769942,4356.541366902494
8334,LOAD,122805893,4071.4658538413946
8335,LOAD,114761230,4356.87208999067
8336,LOAD,115261589,4337.958589135883
8337,LOAD,113585985,4401.951525973913
8338,LOAD,113905450,4389.605589548173
8339,LOAD,114800681,4355.37486053763
8340,LOAD,122636395,4077.0931011140697
8341,LOAD,113018940,4424.037245438685
8342,LOAD,113539888,4403.738710751591
8343,LOAD,120245733,4158.15170755373
8344,LOAD,116112142,4306.18186339203
8345,LOAD,122865248,4069.4989684959573
8346,LOAD,117885430,4241.406253512415
8347,LOAD,113486199,4405.822068285149
8348,LOAD,122310022,4087.9724475889634
8349,LOAD,120791129,4139.376824601085
8350,LOAD,110840287,4510.995176329704
8351,LOAD,122389256,4085.3259210922893
8352,LOAD,114154150,4380.042249887542
8353,LOAD,113105203,4420.663123693787
8354,LOAD,117913128,4240.409939765147
8355,LOAD,115189353,4340.678951465245
8356,LOAD,118008301,4236.990074113514
8357,LOAD,114798923,4355.441557583254
8358,LOAD,118966057,4202.879481834049
8359,LOAD,126995516,3937.146883201766
8360,LOAD,115550288,4327.120327038908
8361,LOAD,116857917,4278.700261275409
8362,LOAD,121622963,4111.065769709951
8363,LOAD,114741817,4357.60922279974
8364,LOAD,114120500,4381.333765624932
8365,LOAD,114439060,4369.137600396229
8366,LOAD,115558839,4326.800133393517
8367,LOAD,116020029,4309.600715579893
8368,LOAD,109179616,4579.609439183226
8369,LOAD,110558611,4522.4880764827985
8370,LOAD,116204262,4302.768172134685
8371,LOAD,115731701,4320.337432869841
8372,LOAD,121295000,4122.1814584278
8373,LOAD,117448448,4257.186948949721
8374,LOAD,113680480,4398.292477301293
8375,LOAD,123063852,4062.9314934819367
8376,LOAD,124637607,4011.630293896769
8377,LOAD,128797776,3882.05460939015
8378,LOAD,116711285,4284.075871497773
8379,LOAD,119475959,4184.942344760757
8380,LOAD,115797398,4317.886313818554
8381,LOAD,108902409,4591.266663348099
8382,LOAD,120977148,4133.011963548686
8383,LOAD,116727789,4283.470151225087
8384,LOAD,120938841,4134.321082174089
8385,LOAD,113718925,4396.805544899409
8386,LOAD,113211881,4416.497593569707
8387,LOAD,114461748,4368.271573137255
8388,LOAD,119154841,4196.220613478894
8389,LOAD,112179898,4457.126534381409
8390,LOAD,123911431,4035.140228507247
8391,LOAD,115677052,4322.378478317376
8392,LOAD,122824256,4070.8571440481596
8393,LOAD,111579818,4481.097110231888
8394,LOAD,115131533,4342.85887603008
8395,LOAD,114660656,4360.693697758017
8396,LOAD,118306662,4226.304686037038
8397,LOAD,120106756,4162.963155877759
8398,LOAD,113678370,4398.3741146182865
8399,LOAD,111913001,4467.756163557798
8400,LOAD,114996362,4347.963633840868
8401,LOAD,115933239,4312.826971046673
8402,LOAD,115153257,4342.039582953351
8403,LOAD,121352088,4120.2422491486095
8404,LOAD,113871704,4390.906453810509
8405,LOAD,112598375,4440.561420180354
8406,LOAD,114642910,4361.368705661781
8407,LOAD,120153607,4161.339908838525
8408,LOAD,114441955,4369.027075778285
8409,LOAD,113114553,4420.297713593051
8410,LOAD,113506332,4405.040592801466
8411,LOAD,111313266,4491.827595823125
8412,LOAD,114760338,4356.905954738475
8413,LOAD,115461936,4330.431459247314
8414,LOAD,116294873,4299.4156758742065
8415,LOAD,115312307,4336.050617736752
8416,LOAD,115317465,4335.856671840644
8417,LOAD,118251976,4228.259153995025
8418,LOAD,113394488,4409.385401519693
8419,LOAD,115116686,4343.41898966758
8420,LOAD,125170112,3994.563814083669
8421,LOAD,113313984,4412.518052493856
8422,LOAD,118542763,4217.887177136237
8423,LOAD,113981731,4386.667895050655
8424,LOAD,114030137,4384.805746572066
8425,LOAD,118063504,4235.008982962254
8426,LOAD,117965872,4238.514000049099
8427,LOAD,117626361,4250.747840443691
8428,LOAD,113227223,4415.899169407343
8429,LOAD,120591351,4146.234334832189
8430,LOAD,110587627,4521.301465307688
8431,LOAD,112852416,4430.5653146140885
8432,LOAD,112756782,4434.3230724693785
8433,LOAD,111935132,4466.872831310906
8434,LOAD,115571229,4326.336271806887
8435,LOAD,120342789,4154.798174072565
8436,LOAD,116509125,4291.509356026835
8437,LOAD,114981321,4348.532402058591
8438,LOAD,113556217,4403.10546801678
8439,LOAD,116301934,4299.1546469038085
8440,LOAD,106733896,4684.547446857932
8441,LOAD,117389606,4259.3208805897175
8442,LOAD,105749664,4728.147410473096
8443,LOAD,115556893,4326.872997528585
8444,LOAD,116945784,4275.485467693303
8445,LOAD,119346059,4189.4973674832445
8446,LOAD,112472402,4445.535003333529
8447,LOAD,125122245,3996.0919818853954
8448,LOAD,111765590,4473.648821609585
8449,LOAD,118975988,4202.528664859668
8450,LOAD,124202731,4025.676375827839
8451,LOAD,112886950,4429.2099308201705
8452,LOAD,110828495,4511.475140035061
8453,LOAD,116783195,4281.437924352044
8454,LOAD,118777756,4209.5423995045
8455,LOAD,114451863,4368.648852836935
8456,LOAD,106044324,4715.009546385528
8457,LOAD,117006908,4273.251969020495
8458,LOAD,106007453,4716.649498219715
8459,LOAD,116934541,4275.896546256593
8460,LOAD,117783282,4245.084629243053
8461,LOAD,115404760,4332.57692317024
8462,LOAD,118377845,4223.763323280636
8463,LOAD,116383696,4296.134400131097
8464,LOAD,116132414,4305.430179036836
8465,LOAD,111577175,4481.203256848903
8466,LOAD,113315879,4412.444261231914
8467,LOAD,110911232,4508.109692623377
8468,LOAD,117259116,4264.0608001854625
8469,LOAD,115009536,4347.465587549193
8470,LOAD,115585850,4325.7890131015165
8471,LOAD,112444582,4446.634876547453
8472,LOAD,115019070,4347.1052235077195
8473,LOAD,112872719,4429.768365906025
8474,LOAD,107474992,4652.245054365763
8475,LOAD,116573829,4289.127364942263
8476,LOAD,120340724,4154.869468792626
8477,LOAD,115522650,4328.155560835906
8478,LOAD,110230558,4535.947282422357
8479,LOAD,111667110,4477.594163581381
8480,LOAD,107888385,4634.419173111174
8481,LOAD,119802485,4173.536133244648
8482,LOAD,117550952,4253.474697508192
8483,LOAD,112275324,4453.338295420996
8484,LOAD,107077256,4669.5257114171845
8485,LOAD,118215095,4229.57829539451
8486,LOAD,104962936,4763.586262487932
8487,LOAD,117690156,4248.443684618788
8488,LOAD,115833049,4316.557358340796
8489,LOAD,115669069,4322.6767909751225
8490,LOAD,104689799,4776.014518854889
8491,LOAD,116911292,4276.7468517925545
8492,LOAD,113654027,4399.316180851208
8493,LOAD,113619339,4400.659292693122
8494,LOAD,118306543,4226.308937114323
8495,LOAD,116470639,4292.927421820018
8496,LOAD,112366590,4449.721220515814
8497,LOAD,116378325,4296.332671912919
8498,LOAD,116173270,4303.9160385172945
8499,LOAD,109675840,4558.889177415919
8500,LOAD,116639467,4286.713690144006
8501,LOAD,122376794,4085.7419422182284
8502,LOAD,114660909,4360.684075860589
8503,LOAD,123073260,4062.620913754946
8504,LOAD,110365399,4530.405403599366
8505,LOAD,119699809,4177.1161055069015
8506,LOAD,120800876,4139.042832768862
8507,LOAD,120627346,4144.997105382722
8508,LOAD,115747588,4319.744442536461
8509,LOAD,113210515,4416.550883104806
8510,LOAD,114363439,4372.026622948966
8511,LOAD,119034359,4200.46786659304
8512,LOAD,480347627,1040.912813752695
8513,LOAD,113571159,4402.526173040111
8514,LOAD,112178019,4457.201191973269
8515,LOAD,114110785,4381.706777321705
8516,LOAD,118305857,4226.333443491306
8517,LOAD,114171247,4379.386344094148
8518,LOAD,116302554,4299.131728439945
8519,LOAD,111596511,4480.426811909917
8520,LOAD,120495532,4149.531453166247
8521,LOAD,118999503,4201.698220537946
8522,LOAD,115643405,4323.636094942033
8523,LOAD,115454383,4330.714755108085
8524,LOAD,114987631,4348.293774310387
8525,LOAD,113673813,4398.55043834942
8526,LOAD,114422222,4369.780548397321
8527,LOAD,110450828,4526.901328435491
8528,LOAD,114096354,4382.260979172043
8529,LOAD,111654479,4478.100694912561
8530,LOAD,120570706,4146.944283464675
8531,LOAD,120229750,4158.704480380272
8532,LOAD,118889889,4205.572098734149
8533,LOAD,116555414,4289.805019267487
8534,LOAD,107445268,4653.5320662050935
8535,LOAD,119451381,4185.803427421237
8536,LOAD,107980677,4630.458095757262
8537,LOAD,118500233,4219.400986325487
8538,LOAD,115134943,4342.730251753371
8539,LOAD,110629752,4519.579868533015
8540,LOAD,115889520,4314.453973059859
8541,LOAD,110406759,4528.708246928976
8542,LOAD,114757342,4357.019701623971
8543,LOAD,112989232,4425.200447419627
8544,LOAD,115007245,4347.552191168478
8545,LOAD,120391165,4153.128678503942
8546,LOAD,113629765,4400.25551403719
8547,LOAD,111801240,4472.222311666668
8548,LOAD,107796210,4638.381998773426
8549,LOAD,115683750,4322.128215933526
8550,LOAD,120573101,4146.861910767311
8551,LOAD,117801065,4244.443800232197
8552,LOAD,113506554,4405.0319772724315
8553,LOAD,108598813,4604.1018882959615
8554,LOAD,114322107,4373.607284897224
8555,LOAD,113400412,4409.155056685332
8556,LOAD,118676876,4213.120675674004
8557,LOAD,114623545,4362.105534251275
8558,LOAD,113960053,4387.502346984694
8559,LOAD,113110514,4420.45555552864
8560,LOAD,111756065,4474.030111922784
8561,LOAD,111580436,4481.072291203451
8562,LOAD,112214993,4455.732577553162
8563,LOAD,115093849,4344.280813825246
8564,LOAD,117540570,4253.850393953339
8565,LOAD,115951178,4312.15972639795
8566,LOAD,117123041,4269.014838847977
8567,LOAD,109575575,4563.06070034312
8568,LOAD,110598750,4520.846754597136
8569,LOAD,104906675,4766.140953375941
8570,LOAD,107351135,4657.612609312422
8571,LOAD,111152554,4498.322188800088
8572,LOAD,104507357,4784.352167666053
8573,LOAD,105352390,4745.976811726815
8574,LOAD,110349713,4531.049392036027
8575,LOAD,111815277,4471.660880471638
8576,LOAD,110539686,4523.2623512247
8577,LOAD,114020970,4385.158273956097
8578,LOAD,111120137,4499.634481192189
8579,LOAD,113017102,4424.10919366876
8580,LOAD,114928507,4350.530717326729
8581,LOAD,113877139,4390.6968895662185
8582,LOAD,116224181,4302.030745219879
8583,LOAD,104963750,4763.549320598778
8584,LOAD,116318216,4298.5528595108435
8585,LOAD,118259636,4227.985278087614
8586,LOAD,109423164,4569.416398889727
8587,LOAD,133983748,3731.7958891551534
8588,LOAD,118278306,4227.317898854588
8589,LOAD,115961640,4311.7706855473925
8590,LOAD,111679879,4477.082214603761
8591,LOAD,115079835,4344.809844400629
8592,LOAD,112061188,4461.848111051616
8593,LOAD,114846453,4353.639027928882
8594,LOAD,113814488,4393.113818690639
8595,LOAD,126015754,3967.7578725593307
8596,LOAD,116031856,4309.161442698977
8597,LOAD,113799666,4393.686006073163
8598,LOAD,116526550,4290.867617723171
8599,LOAD,123205302,4058.266908026409
8600,LOAD,117678879,4248.850806948968
8601,LOAD,117253173,4264.276924940871
8602,LOAD,115762883,4319.173702679813
8603,LOAD,115957498,4311.9247019282875
8604,LOAD,114342695,4372.819794041062
8605,LOAD,114397365,4370.730042601943
8606,LOAD,116084916,4307.191814654025
8607,LOAD,114966313,4349.100070731154
8608,LOAD,113701254,4397.488879058449
8609,LOAD,112531831,4443.187279161929
8610,LOAD,114038180,4384.49649056132
8611,LOAD,113739150,4396.023708635065
8612,LOAD,112071761,4461.427174326279
8613,LOAD,125346418,3988.9452604860235
8614,LOAD,117645981,4250.038936731718
8615,LOAD,115629084,4324.171589908989
8616,LOAD,118512436,4218.96652263565
8617,LOAD,115403629,4332.619384092332
8618,LOAD,118049254,4235.5202007460375
8619,LOAD,116997755,4273.586275223828
8620,LOAD,116488556,4292.267130515378
8621,LOAD,115503724,4328.864755910381
8622,LOAD,114441073,4369.060747971142
8623,LOAD,116475945,4292.731859784439
8624,LOAD,116605996,4287.944163694635
8625,LOAD,116507740,4291.560371868856
8626,LOAD,117840679,4243.016963607278
8627,LOAD,112709744,4436.173681665004
8628,LOAD,114927144,4350.582313260999
8629,LOAD,114619653,4362.253652957753
8630,LOAD,122539393,4080.320521907596
8631,LOAD,118838866,4207.377744583998
8632,LOAD,120116838,4162.613737800857
8633,LOAD,115422023,4331.928924863845
8634,LOAD,115317095,4335.870583628559
8635,LOAD,111302716,4492.253360645755
8636,LOAD,118291083,4226.861292663962
8637,LOAD,115887141,4314.542542731294
8638,LOAD,117860524,4242.302537192182
8639,LOAD,113992436,4386.255944210193
8640,LOAD,117302728,4262.475464338732
8641,LOAD,116578850,4288.942634105586
8642,LOAD,119538040,4182.768932801641
8643,LOAD,114523753,4365.906520719767
8644,LOAD,120375780,4153.659481998788
8645,LOAD,118112951,4233.23603183871
8646,LOAD,111045973,4502.639640971041
8647,LOAD,114491362,4367.1416888201575
8648,LOAD,113730772,4396.347542598233
8649,LOAD,115905271,4313.8676583569695
8650,LOAD,127107800,3933.6689015150914
8651,LOAD,116717312,4283.854652170194
8652,LOAD,113838778,4392.176451507587
8653,LOAD,114032167,4384.727688284657
8654,LOAD,120685256,4143.008156688171
8655,LOAD,126090426,3965.408127021476
8656,LOAD,115856901,4315.668688566079
8657,LOAD,113776008,4394.599606623568
8658,LOAD,116269854,4300.340826092376
8659,LOAD,113676818,4398.434164474941
8660,LOAD,112089459,4460.722751815583
8661,LOAD,116190208,4303.2886213612765
8662,LOAD,115862992,4315.4418107897645
8663,LOAD,114190505,4378.647769357006
8664,LOAD,112126408,4459.252810453002
8665,LOAD,115273710,4337.502453942013
8666,LOAD,114142150,4380.50273277663
8667,LOAD,121197727,4125.489911209309
8668,LOAD,114030702,4384.784020710493
8669,LOAD,116806571,4280.581098472619
8670,LOAD,118302033,4226.470055675205
8671,LOAD,112987244,4425.278308407983
8672,LOAD,110270327,4534.311392764801
8673,LOAD,116300087,4299.222923195234
8674,LOAD,114963183,4349.218479798006
8675,LOAD,115435207,4331.434169819611
8676,LOAD,113853286,4391.61676897055
8677,LOAD,114297704,4374.5410668966715
8678,LOAD,111309876,4491.964396762062
8679,LOAD,117808375,4244.1804328427415
8680,LOAD,113599432,4401.430457856514
8681,LOAD,114596507,4363.134733242785
8682,LOAD,112608073,4440.17899142986
8683,LOAD,110999087,4504.541555373334
8684,LOAD,111646717,4478.412025317323
8685,LOAD,113779409,4394.468246886394
8686,LOAD,112187194,4456.836668898234
8687,LOAD,110396529,4529.127904012272
8688,LOAD,115977947,4311.164431976021
8689,LOAD,116331776,4298.051806584643
8690,LOAD,114819072,4354.677243864156
8691,LOAD,117748975,4246.321464794068
8692,LOAD,113632984,4400.130863411982
8693,LOAD,117654266,4249.739656698891
8694,LOAD,114671331,4360.2877514345755
8695,LOAD,121526960,4114.313400088342
8696,LOAD,118904679,4205.048987180732
8697,LOAD,111446204,4486.469543637395
8698,LOAD,115254205,4338.236509461846
8699,LOAD,119125006,4197.271561942251
8700,LOAD,121583681,4112.393998007019
8701,LOAD,122284501,4088.825614948537
8702,LOAD,119822097,4172.853025598442
8703,LOAD,117447113,4257.235339620482
8704,LOAD,120056923,4164.691110732531
8705,LOAD,119645545,4179.010593332163
8706,LOAD,114109513,4381.755621023463
8707,LOAD,120586848,4146.389165093692
8708,LOAD,117380973,4259.6341401940845
8709,LOAD,114629181,4361.8910615788145
8710,LOAD,117234172,4264.968067501683
8711,LOAD,120379126,4153.544028887533
8712,LOAD,113614190,4400.858730762417
8713,LOAD,117809220,4244.149990976937
8714,LOAD,113613647,4400.87976403046
8715,LOAD,113745672,4395.7716474698045
8716,LOAD,112255211,4454.136209320385
8717,LOAD,122578876,4079.0062392153113
8718,LOAD,118792127,4209.033145774046
8719,LOAD,114335960,4373.077376531408
8720,LOAD,115372963,4333.770989308821
8721,LOAD,115583406,4325.88048149403
8722,LOAD,116724992,4283.572793048467
8723,LOAD,122062639,4096.2574961204955
8724,LOAD,114242345,4376.660860734257
8725,LOAD,120233358,4158.579684682848
8726,LOAD,123216785,4057.8887040430404
8727,LOAD,114779140,4356.1922488703085
8728,LOAD,122622086,4077.5688647149586
8729,LOAD,120406959,4152.583905054857
8730,LOAD,115348991,4334.6716400839605
8731,LOAD,114789183,4355.8111220288065
8732,LOAD,117725079,4247.183389021128
8733,LOAD,113500458,4405.26856728631
8734,LOAD,114644511,4361.307799550909
8735,LOAD,115094692,4344.248994558324
8736,LOAD,114798174,4355.469974635659
8737,LOAD,114170692,4379.407632915109
8738,LOAD,114939187,4350.1264716619235
8739,LOAD,114452366,4368.6296533179575
8740,LOAD,117292156,4262.859657895623
8741,LOAD,114195576,4378.453329925846
8742,LOAD,114542053,4365.208994464243
8743,LOAD,118485558,4219.923579209544
8744,LOAD,116444749,4293.881899303163
8745,LOAD,119791407,4173.922091089556
8746,LOAD,119194767,4194.815029085967
8747,LOAD,114076064,4383.040424676644
8748,LOAD,116581365,4288.850109106203
8749,LOAD,113949273,4387.917420061118
8750,LOAD,117671552,4249.115368173269
8751,LOAD,113674302,4398.531516824269
8752,LOAD,125706802,3977.5095066056965
8753,LOAD,116711067,4284.083873554167
8754,LOAD,118069350,4234.79929380487
8755,LOAD,115313480,4336.006510253615
8756,LOAD,111181431,4497.153845771242
8757,LOAD,118545932,4217.774423503625
8758,LOAD,115297565,4336.605027174685
8759,LOAD,117531718,4254.170776266539
8760,LOAD,114956850,4349.458079270613
8761,LOAD,117795492,4244.644608301309
8762,LOAD,112783632,4433.267408873657
8763,LOAD,118071707,4234.714756855341
8764,LOAD,120829307,4138.068920646876
8765,LOAD,125848688,3973.025129987847
8766,LOAD,122435285,4083.790061010598
8767,LOAD,123636455,4044.1146585770357
8768,LOAD,118075231,4234.588370189173
8769,LOAD,115479988,4329.75451989136
8770,LOAD,117065299,4271.120513688689
8771,LOAD,111080645,4501.2342159158325
8772,LOAD,116440275,4294.04688369209
8773,LOAD,117456561,4256.89289506782
8774,LOAD,124538332,4014.828141427171
8775,LOAD,118516629,4218.817259812546
8776,LOAD,117897572,4240.969440829536
8777,LOAD,118251556,4228.274171715761
8778,LOAD,113186647,4417.482214134323
8779,LOAD,120877032,4136.435116970774
8780,LOAD,116453578,4293.556355992771
8781,LOAD,118305435,4226.348518983934
8782,LOAD,123070635,4062.707566268753
8783,LOAD,110979625,4505.33149665986
8784,LOAD,116195304,4303.09989119698
8785,LOAD,118261709,4227.911166073205
8786,LOAD,118656128,4213.8573744796395
8787,LOAD,114362237,4372.072574970704
8788,LOAD,119665768,4178.30435851964
8789,LOAD,109425869,4569.303443228767
8790,LOAD,119732172,4175.9870521684015
8791,LOAD,121656054,4109.947541122779
8792,LOAD,116284905,4299.784223928291
8793,LOAD,114961661,4349.276059955328
8794,LOAD,120097779,4163.274326663443
8795,LOAD,116696589,4284.615379803432
8796,LOAD,125295607,3990.56289339817
8797,LOAD,121657513,4109.898251824366
8798,LOAD,125268358,3991.4309406051284
8799,LOAD,118699814,4212.3065163354
8800,LOAD,114486077,4367.343288389557
8801,LOAD,118719027,4211.624813939892
8802,LOAD,113677613,4398.403404195336
8803,LOAD,114551427,4364.851779629074
8804,LOAD,110386727,4529.530076564368
8805,LOAD,113573879,4402.420736197625
8806,LOAD,109963071,4546.981049665301
8807,LOAD,113701550,4397.4774310464545
8808,LOAD,114881320,4352.317678801045
8809,LOAD,121388408,4119.009452698317
8810,LOAD,116295012,4299.410537057255
8811,LOAD,113326912,4412.014685443825
8812,LOAD,112404834,4448.207271939924
8813,LOAD,113929718,4388.670566181863
8814,LOAD,113970716,4387.091856122059
8815,LOAD,119744909,4175.542861701118
8816,LOAD,114264994,4375.793342272437
8817,LOAD,116154023,4304.629207720167
8818,LOAD,116268588,4300.387650704075
8819,LOAD,116791939,4281.117380883624
8820,LOAD,115875640,4314.970773839954
8821,LOAD,115064540,4345.387379986919
8822,LOAD,112706251,4436.311167869473
8823,LOAD,114475177,4367.7591343667455
8824,LOAD,116135519,4305.315069027245
8825,LOAD,118608257,4215.558112450805
8826,LOAD,119930309,4169.08789920653
8827,LOAD,118961133,4203.053446036026
8828,LOAD,121691698,4108.743720545341
8829,LOAD,118054880,4235.318353633496
8830,LOAD,119316401,4190.538734067247
8831,LOAD,114694071,4359.4232521400345
8832,LOAD,115628236,4324.20330272962
8833,LOAD,116907132,4276.899034697045
8834,LOAD,114653055,4360.982792826584
8835,LOAD,117496830,4255.43395511181
8836,LOAD,114811031,4354.982231628945
8837,LOAD,115977205,4311.192013982402
8838,LOAD,116131855,4305.450903199643
8839,LOAD,118368808,4224.085791250006
8840,LOAD,115386484,4333.263157580917
8841,LOAD,115366228,4334.023991839275
8842,LOAD,119320382,4190.398921116428
8843,LOAD,118661174,4213.67818255363
8844,LOAD,116829912,4279.72589759376
8845,LOAD,116775497,4281.7201625782845
8846,LOAD,114364118,4372.000665453477
8847,LOAD,117479685,4256.054993678269
8848,LOAD,115917754,4313.403104756499
8849,LOAD,115112815,4343.565049642822
8850,LOAD,120708904,4142.196502753434
8851,LOAD,115547511,4327.224322469395
8852,LOAD,112054280,4462.123178159728
8853,LOAD,115973181,4311.341602331318
8854,LOAD,113696860,4397.658827165499
8855,LOAD,116903628,4277.027227931711
8856,LOAD,114687429,4359.675723483173
8857,LOAD,120187226,4160.1758909054115
8858,LOAD,117004640,4273.3348010813925
8859,LOAD,116122999,4305.779253944345
8860,LOAD,114527573,4365.760898469402
8861,LOAD,120731714,4141.41391217224
8862,LOAD,120016659,4166.088309457106
8863,LOAD,119481502,4184.7481964195595
8864,LOAD,119070145,4199.205434746048
8865,LOAD,119870564,4171.1658251645495
8866,LOAD,115763461,4319.152137305225
8867,LOAD,120266592,4157.430519025599
8868,LOAD,115741078,4319.987411902281
8869,LOAD,117221679,4265.422610095869
8870,LOAD,112492280,4444.749453029132
8871,LOAD,118425717,4222.055923883493
8872,LOAD,114077360,4382.990630217951
8873,LOAD,112329450,4451.192452201983
8874,LOAD,115234356,4338.983766264984
8875,LOAD,122323805,4087.5118297701747
8876,LOAD,114826248,4354.4051008267725
8877,LOAD,118128776,4232.668930726921
8878,LOAD,116510209,4291.469428228388
8879,LOAD,116213720,4302.417993331596
8880,LOAD,115657668,4323.102900535743
8881,LOAD,113396183,4409.31949182099
8882,LOAD,126638492,3948.246635785903
8883,LOAD,117807014,4244.229464979055
8884,LOAD,114732932,4357.946679162701
8885,LOAD,113624265,4400.468509081225
8886,LOAD,121610377,4111.4912422317375
8887,LOAD,119918682,4169.49212300382
8888,LOAD,115001159,4347.782268872612
8889,LOAD,114430939,4369.447671839868
8890,LOAD,115437964,4331.330722360973
8891,LOAD,113592968,4401.680920952784
8892,LOAD,117321472,4261.794465040466
8893,LOAD,118557961,4217.3464842230205
8894,LOAD,111812223,4471.783017854855
8895,LOAD,116027885,4309.308921730324
8896,LOAD,115755172,4319.461423287419
8897,LOAD,117319492,4261.866391306911
8898,LOAD,118530964,4218.307040850525
8899,LOAD,120959609,4133.611245386879
8900,LOAD,120141812,4161.748451072138
8901,LOAD,120742515,4141.043442734318
8902,LOAD,116289186,4299.625934263569
8903,LOAD,114084934,4382.699647264554
8904,LOAD,133166321,3754.703112959019
8905,LOAD,115535464,4327.675526537895
8906,LOAD,121563517,4113.0761295759485
8907,LOAD,119279774,4191.825514357531
8908,LOAD,114335303,4373.102505356547
8909,LOAD,122291396,4088.595079902432
8910,LOAD,116882582,4277.797353929091
8911,LOAD,116873816,4278.118205706572
8912,LOAD,122324659,4087.4832931273486
8913,LOAD,121510993,4114.854036292832
8914,LOAD,121513809,4114.7586773450585
8915,LOAD,113918723,4389.094143901174
8916,LOAD,119397017,4187.709312704185
8917,LOAD,125275354,3991.2080392125654
8918,LOAD,117090754,4270.191991418896
8919,LOAD,113817522,4392.996712755704
8920,LOAD,123961598,4033.507215678197
8921,LOAD,104211535,4797.9333573773765
8922,LOAD,117516362,4254.726673720549
8923,LOAD,113055982,4422.587740646931
8924,LOAD,124227059,4024.88800769243
8925,LOAD,116385659,4296.061940071156
8926,LOAD,125559882,3982.1636659390933
8927,LOAD,111643869,4478.526268200182
8928,LOAD,123252200,4056.7227197567263
8929,LOAD,115960756,4311.80355533384
8930,LOAD,113919685,4389.05707999456
8931,LOAD,114897319,4351.711635673588
8932,LOAD,121397852,4118.689019308184
8933,LOAD,107564868,4648.357863461517
8934,LOAD,113296575,4413.196074109036
8935,LOAD,111226458,4495.333295608496
8936,LOAD,115187116,4340.763249945419
8937,LOAD,123524169,4047.7908416449254
8938,LOAD,111807621,4471.967076376663
8939,LOAD,121494999,4115.395729169067
8940,LOAD,114466164,4368.103049211992
8941,LOAD,115627689,4324.223759241612
8942,LOAD,112903241,4428.570832612325
8943,LOAD,126687966,3946.7047722591115
8944,LOAD,111124244,4499.468180858895
8945,LOAD,123969271,4033.257564287847
8946,LOAD,108626926,4602.910331826936
8947,LOAD,118685508,4212.8142553006555
8948,LOAD,116185592,4303.459589034069
8949,LOAD,126285945,3959.268784820037
8950,LOAD,120288865,4156.660718346623
8951,LOAD,117925593,4239.961718912026
8952,LOAD,113574165,4402.4096501171725
8953,LOAD,122933925,4067.2255441286857
8954,LOAD,113090553,4421.2357861580185
8955,LOAD,115639581,4323.779070074631
8956,LOAD,112681875,4437.270856559673
8957,LOAD,121691109,4108.763607372499
8958,LOAD,117575357,4252.591807992554
8959,LOAD,121934557,4100.5602702111755
8960,LOAD,108945323,4589.458144981589
8961,LOAD,120920762,4134.93920919883
8962,LOAD,113965279,4387.301153362683
8963,LOAD,120329889,4155.243590393406
8964,LOAD,112751180,4434.543390144565
8965,LOAD,115266713,4337.765752025912
8966,LOAD,118522571,4218.605754004442
8967,LOAD,125771451,3975.4649884734176
8968,LOAD,114334325,4373.139912270441
8969,LOAD,123369422,4052.8681410212007
8970,LOAD,116508219,4291.542727985568
8971,LOAD,115785458,4318.331581846833
8972,LOAD,117271756,4263.601203345161
8973,LOAD,114394553,4370.837482095848
8974,LOAD,117703563,4247.959766519557
8975,LOAD,123389328,4052.214304951884
8976,LOAD,108944680,4589.485232321578
8977,LOAD,116445831,4293.842001093195
8978,LOAD,118523333,4218.578632107823
8979,LOAD,116028506,4309.285857735685
8980,LOAD,114012761,4385.474008475244
8981,LOAD,120500436,4149.362579899711
8982,LOAD,122835990,4070.4682723687088
8983,LOAD,119337302,4189.804793810405
8984,LOAD,118569066,4216.9514939082
8985,LOAD,113667582,4398.79155694541
8986,LOAD,126626743,3948.6129719059427
8987,LOAD,114200276,4378.273131318877
8988,LOAD,124903872,4003.078463412247
8989,LOAD,119664702,4178.341579791842
8990,LOAD,118010199,4236.921929095298
8991,LOAD,111883790,4468.922620515447
8992,LOAD,117032656,4272.311823804118
8993,LOAD,113615457,4400.809653918832
8994,LOAD,124905734,4003.018788552974
8995,LOAD,112203910,4456.17269487311
8996,LOAD,123572232,4046.2164671428777
8997,LOAD,114583964,4363.612346314009
8998,LOAD,119253253,4192.757743891481
8999,LOAD,111024795,4503.498520308009
9000,LOAD,123566477,4046.4049161165294
9001,LOAD,112033055,4462.968540847163
9002,LOAD,123079756,4062.4064935585343
9003,LOAD,110775012,4513.653313799687
9004,LOAD,120918726,4135.008832296166
9005,LOAD,113337721,4411.593912321565
9006,LOAD,117616695,4251.097176297974
9007,LOAD,108749500,4597.722288378337
9008,LOAD,114659119,4360.752152648233
9009,LOAD,113414342,4408.613506746793
9010,LOAD,116031852,4309.161591249961
9011,LOAD,112481546,4445.17361096726
9012,LOAD,359474588,1390.9189041201432
9013,LOAD,111700213,4476.267202820822
9014,LOAD,103226700,4843.708071652005
9015,LOAD,116830710,4279.696665371631
9016,LOAD,108813296,4595.026696002297
9017,LOAD,115407450,4332.4759363455305
9018,LOAD,108064589,4626.862551617163
9019,LOAD,119746515,4175.486860724089
9020,LOAD,109361440,4571.995394354719
9021,LOAD,121240451,4124.036127183328
9022,LOAD,114681613,4359.896821472157
9023,LOAD,118269640,4227.627648143683
9024,LOAD,114429420,4369.505674327459
9025,LOAD,115593889,4325.488175244282
9026,LOAD,116490356,4292.200806734593
9027,LOAD,121645664,4110.298579980623
9028,LOAD,112615431,4439.88888165779
9029,LOAD,122150512,4093.3107181736573
9030,LOAD,116988118,4273.938315684333
9031,LOAD,125651478,3979.2607930962818
9032,LOAD,109112737,4582.416441446245
9033,LOAD,137596699,3633.808104655185
9034,LOAD,111067426,4501.769942881363
9035,LOAD,119570561,4181.631296352285
9036,LOAD,116409264,4295.190801996652
9037,LOAD,115076986,4344.917410332592
9038,LOAD,116824132,4279.937641650956
9039,LOAD,113302387,4412.969693215731
9040,LOAD,116812466,4280.3650767889785
9041,LOAD,114834113,4354.106867181532
9042,LOAD,119368056,4188.725332010098
9043,LOAD,123019690,4064.390017565481
9044,LOAD,129346271,3865.592692656752
9045,LOAD,114139455,4380.606162873303
9046,LOAD,118411844,4222.550575261711
9047,LOAD,117033394,4272.2848830650855
9048,LOAD,113675828,4398.47247033028
9049,LOAD,122411504,4084.5834228129406
9050,LOAD,122191827,4091.926704721421
9051,LOAD,115129067,4342.951897629814
9052,LOAD,118474286,4220.325075434513
9053,LOAD,115166509,4341.539952383206
9054,LOAD,122231962,4090.5831160592843
9055,LOAD,113356512,4410.862606640543
9056,LOAD,123536469,4047.387820352871
9057,LOAD,120463016,4150.651516146665
9058,LOAD,127005839,3936.826872975502
9059,LOAD,121180965,4126.0605574481115
9060,LOAD,123131162,4060.7104804224946
9061,LOAD,121852319,4103.3277339596625
9062,LOAD,109902260,4549.496980316874
9063,LOAD,113246154,4415.160977563972
9064,LOAD,116216732,4302.306487158837
9065,LOAD,119890853,4170.459943261893
9066,LOAD,122065022,4096.177527416495
9067,LOAD,119200223,4194.6230251599445
9068,LOAD,122446780,4083.40668492875
9069,LOAD,125166919,3994.665715147946
9070,LOAD,111676533,4477.2163548451135
9071,LOAD,121962413,4099.623709478428
9072,LOAD,126555567,3950.8337076945813
9073,LOAD,116254550,4300.906932244802
9074,LOAD,113692543,4397.825809912617
9075,LOAD,116250735,4301.048075093891
9076,LOAD,112348066,4450.454892565752
9077,LOAD,120093387,4163.426584013323
9078,LOAD,119839308,4172.253731638704
9079,LOAD,121462982,4116.48052572923
9080,LOAD,121950621,4100.020122078755
9081,LOAD,118484795,4219.9507540186905
9082,LOAD,117792815,4244.741073553595
9083,LOAD,117391564,4259.249838429616
9084,LOAD,119285575,4191.621660875592
9085,LOAD,117939423,4239.464525784563
9086,LOAD,114172841,4379.325202216874
9087,LOAD,115256406,4338.153664100892
9088,LOAD,117504312,4255.162993507846
9089,LOAD,113378753,4409.997347562996
9090,LOAD,125425210,3986.439408791901
9091,LOAD,120182173,4160.350803442371
9092,LOAD,113064055,4422.271959023582
9093,LOAD,111635400,4478.866022784887
9094,LOAD,115036878,4346.432280611788
9095,LOAD,115016674,4347.1957813699255
9096,LOAD,122429786,4083.9734866480935
9097,LOAD,116895588,4277.321398990696
9098,LOAD,126946607,3938.6637564877965
9099,LOAD,113623448,4400.50015028588
9100,LOAD,120613252,4145.481460030611
9101,LOAD,122999233,4065.0659992326946
9102,LOAD,115918693,4313.368164011304
9103,LOAD,113518929,4404.5517730351385
9104,LOAD,118042897,4235.7482975023895
9105,LOAD,113592259,4401.708394583472
9106,LOAD,117670738,4249.144761886341
9107,LOAD,117681134,4248.769390682452
9108,LOAD,116137141,4305.25493993347
9109,LOAD,118091431,4234.007461557478
9110,LOAD,115534180,4327.723622567798
9111,LOAD,114291669,4374.772057970385
9112,LOAD,125151985,3995.142386275376
9113,LOAD,120032622,4165.534266176406
9114,LOAD,111692961,4476.5578378748505
9115,LOAD,119838250,4172.290566659643
9116,LOAD,122893228,4068.572435903466
9117,LOAD,113919890,4389.04918184173
9118,LOAD,124218226,4025.1742123575327
9119,LOAD,113447277,4407.3336374569835
9120,LOAD,123485468,4049.0594407432623
9121,LOAD,122125695,4094.1425143987917
9122,LOAD,115077558,4344.895813656387
9123,LOAD,108725602,4598.7328725022835
9124,LOAD,121591478,4112.130292552246
9125,LOAD,126591411,3949.7150403039586
9126,LOAD,108299195,4616.839488049749
9127,LOAD,119108336,4197.8589978790405
9128,LOAD,120411463,4152.428577335698
9129,LOAD,113074715,4421.855053979132
9130,LOAD,111964466,4465.702538160634
9131,LOAD,114789548,4355.7972717167595
9132,LOAD,121969153,4099.397164789691
9133,LOAD,122547058,4080.065308462974
9134,LOAD,116293979,4299.448727263859
9135,LOAD,115774953,4318.723411617364
9136,LOAD,119482214,4184.723259312888
9137,LOAD,118138541,4232.319070200808
9138,LOAD,115913962,4313.544213077627
9139,LOAD,113096656,4420.997204373575
9140,LOAD,122223732,4090.8585576490173
9141,LOAD,115272430,4337.550618131326
9142,LOAD,118288313,4226.960274596189
9143,LOAD,115319742,4335.771059910973
9144,LOAD,113883581,4390.448523040384
9145,LOAD,116538637,4290.422583198738
9146,LOAD,115182372,4340.942032345019
9147,LOAD,118083704,4234.284520749789
9148,LOAD,119530488,4183.033202374277
9149,LOAD,113506468,4405.0353148157155
9150,LOAD,123783447,4039.3122999717402
9151,LOAD,116709554,4284.13941158579
9152,LOAD,117500482,4255.301693145395
9153,LOAD,117776090,4245.343855446382
9154,LOAD,116769669,4281.933864178376
9155,LOAD,118411411,4222.566016040464
9156,LOAD,113990625,4386.325629848946
9157,LOAD,118673364,4213.24535807378
9158,LOAD,114302666,4374.351163427807
9159,LOAD,115203913,4340.130356509679
9160,LOAD,117615862,4251.127284175327
9161,LOAD,116046888,4308.603260433834
9162,LOAD,115723173,4320.655811952201
9163,LOAD,115079504,4344.822341257223
9164,LOAD,117229123,4265.151757554307
9165,LOAD,127240726,3929.5594713912587
9166,LOAD,115630886,4324.104201709567
9167,LOAD,119258161,4192.5851933940185
9168,LOAD,117016727,4272.893395830495
9169,LOAD,111656071,4478.036845842445
9170,LOAD,116918366,4276.488092555108
9171,LOAD,118310892,4226.153581869707
9172,LOAD,120474204,4150.266060276273
9173,LOAD,124741818,4008.2789237527386
9174,LOAD,114813952,4354.871435833861
9175,LOAD,118342127,4225.038138785523
9176,LOAD,119948340,4168.461189208621
9177,LOAD,118828049,4207.760745108253
9178,LOAD,118060798,4235.106051036518
9179,LOAD,119353966,4189.219820311627
9180,LOAD,116562036,4289.561311368995
9181,LOAD,118372757,4223.944872721009
9182,LOAD,118172996,4231.085078015624
9183,LOAD,116694321,4284.698652987578
9184,LOAD,116666383,4285.724706147786
9185,LOAD,114212270,4377.8133470247985
9186,LOAD,119924617,4169.285777247886
9187,LOAD,118142907,4232.162663815272
9188,LOAD,116226044,4301.961787497474
9189,LOAD,118892565,4205.4774409148295
9190,LOAD,118023710,4236.436898992584
9191,LOAD,122892223,4068.6057082717107
9192,LOAD,125403923,3987.1160968385334
9193,LOAD,120500037,4149.376319278641
9194,LOAD,110674608,4517.748099907433
9195,LOAD,111086350,4501.003048529365
9196,LOAD,115832015,4316.5958910410045
9197,LOAD,117814311,4243.9665924795845
9198,LOAD,114849268,4353.532318551652
9199,LOAD,106533939,4693.340025660743
9200,LOAD,120610019,4145.5925813261
9201,LOAD,121826676,4104.191433409872
9202,LOAD,126662103,3947.510645705922
9203,LOAD,114443192,4368.979851593094
9204,LOAD,116134707,4305.345171275973
9205,LOAD,111870210,4469.465106036719
9206,LOAD,120379417,4153.533988289709
9207,LOAD,109402358,4570.285404634514
9208,LOAD,128850904,3880.453954750679
9209,LOAD,119095331,4198.317396674434
9210,LOAD,112835763,4431.219204854405
9211,LOAD,124843628,4005.010171604433
9212,LOAD,112242934,4454.623397496006
9213,LOAD,114883636,4352.229938126262
9214,LOAD,116242550,4301.3509252851045
9215,LOAD,114536080,4365.4366379572275
9216,LOAD,113551747,4403.278797639283
9217,LOAD,123273879,4056.009302668248
9218,LOAD,114560382,4364.510586216446
9219,LOAD,122385873,4085.438847995144
9220,LOAD,111800332,4472.258633364345
9221,LOAD,125020142,3999.3555598425096
9222,LOAD,116218951,4302.224342052442
9223,LOAD,118990050,4202.032018643576
9224,LOAD,121822851,4104.320297018825
9225,LOAD,121833412,4103.964518370379
9226,LOAD,130734757,3824.5376476280135
9227,LOAD,113645952,4399.628769883506
9228,LOAD,120935896,4134.421760103385
9229,LOAD,119819696,4172.936643070769
9230,LOAD,113322251,4412.196153780955
9231,LOAD,124395718,4019.4309582263913
9232,LOAD,114656127,4360.865948315174
9233,LOAD,117946094,4239.224742788006
9234,LOAD,123064416,4062.9128732061754
9235,LOAD,112653891,4438.373105106508
9236,LOAD,122371794,4085.908881911137
9237,LOAD,116939652,4275.709662621538
9238,LOAD,112289505,4452.775884976962
9239,LOAD,117787407,4244.935963315671
9240,LOAD,120961605,4133.543036238648
9241,LOAD,112664311,4437.962612667999
9242,LOAD,127385997,3925.078201491802
9243,LOAD,115671624,4322.581310002184
9244,LOAD,119712635,4176.668569696089
9245,LOAD,114732095,4357.978471499191
9246,LOAD,118316684,4225.946697424347
9247,LOAD,119412229,4187.17583774439
9248,LOAD,115175430,4341.203675124113
9249,LOAD,113552035,4403.267629681845
9250,LOAD,112407735,4448.0924733515885
9251,LOAD,111621704,4479.415580324773
9252,LOAD,113904631,4389.637151802897
9253,LOAD,121539398,4113.89235283196
9254,LOAD,119493060,4184.343425467555
9255,LOAD,117058223,4271.378696736238
9256,LOAD,118437882,4221.622267780844
9257,LOAD,114521513,4365.991916296111
9258,LOAD,115352249,4334.549211953379
9259,LOAD,115460091,4330.500657582194
9260,LOAD,117934171,4239.653323208589
9261,LOAD,112623810,4439.55856226139
9262,LOAD,118076158,4234.555125006693
9263,LOAD,115375430,4333.678323019035
9264,LOAD,125001767,3999.943456799295
9265,LOAD,120348467,4154.602152098871
9266,LOAD,117177364,4267.035739086946
9267,LOAD,118809096,4208.431987395981
9268,LOAD,116495693,4292.004168772145
9269,LOAD,118708056,4212.0140523571545
9270,LOAD,122887603,4068.7586688463607
9271,LOAD,115577303,4326.108907386427
9272,LOAD,120326105,4155.374263963751
9273,LOAD,119388933,4187.99286865224
9274,LOAD,117698832,4248.130516707251
9275,LOAD,116671772,4285.526751063659
9276,LOAD,117636609,4250.377533408839
9277,LOAD,116839817,4279.363087328355
9278,LOAD,120959974,4133.598772102911
9279,LOAD,123174410,4059.2847166875003
9280,LOAD,117557259,4253.2464966710395
9281,LOAD,121077696,4129.579736964932
9282,LOAD,124965411,4001.1071543628977
9283,LOAD,122390781,4085.275017568521
9284,LOAD,119314289,4190.612911417508
9285,LOAD,115948642,4312.254040888207
9286,LOAD,127018625,3936.430582522839
9287,LOAD,115895645,4314.2259573256615
9288,LOAD,120372457,4153.77414785178
9289,LOAD,114912523,4351.135863582074
9290,LOAD,118364095,4224.253985129528
9291,LOAD,122609110,4078.0004030695595
9292,LOAD,121478379,4115.95877485326
9293,LOAD,117453946,4256.9876707250005
9294,LOAD,115956131,4311.97553495468
9295,LOAD,116302654,4299.128031936399
9296,LOAD,117750491,4246.266794760118
9297,LOAD,119004276,4201.529699655498
9298,LOAD,116018779,4309.647147725973
9299,LOAD,117050181,4271.672164266026
9300,LOAD,128876331,3879.688350221578
9301,LOAD,116505268,4291.65142987354
9302,LOAD,123121935,4061.014798053653
9303,LOAD,119924118,4169.303125498075
9304,LOAD,114538816,4365.332360341493
9305,LOAD,112126064,4459.266491330686
9306,LOAD,117084813,4270.408665212627
9307,LOAD,120764510,4140.289229012729
9308,LOAD,116906327,4276.928484803051
9309,LOAD,116481596,4292.52360175422
9310,LOAD,119213521,4194.155124400696
9311,LOAD,114153978,4380.048849458404
9312,LOAD,112772693,4433.697437729895
9313,LOAD,113551922,4403.272011547281
9314,LOAD,118695250,4212.468485470143
9315,LOAD,114302635,4374.352349794911
9316,LOAD,116216619,4302.310670386995
9317,LOAD,119642452,4179.118629230366
9318,LOAD,112087576,4460.797689121227
9319,LOAD,112708300,4436.2305171846265
9320,LOAD,109788452,4554.2130423698845
9321,LOAD,113800722,4393.645235396661
9322,LOAD,113691496,4397.866310071247
9323,LOAD,120461235,4150.712882862275
9324,LOAD,122942740,4066.9339238738294
9325,LOAD,115747039,4319.764931524512
9326,LOAD,111552028,4482.213447522443
9327,LOAD,115104526,4343.877841953842
9328,LOAD,113527556,4404.217069554461
9329,LOAD,116379032,4296.306571788636
9330,LOAD,113114525,4420.298807779107
9331,LOAD,113938552,4388.330299300275
9332,LOAD,120482796,4149.970091995541
9333,LOAD,109650311,4559.950586916257
9334,LOAD,105295774,4748.528654150926
9335,LOAD,113955474,4387.678647188111
9336,LOAD,112115777,4459.675644044281
9337,LOAD,115286978,4337.003265017494
9338,LOAD,125642158,3979.5559703773947
9339,LOAD,118122913,4232.879018146124
9340,LOAD,119988898,4167.052188444967
9341,LOAD,108983444,4587.85281184544
9342,LOAD,112043880,4462.537355900206
9343,LOAD,120767896,4140.1731466779875
9344,LOAD,116592388,4288.444628134729
9345,LOAD,119883126,4170.728747930714
9346,LOAD,116647206,4286.429286613175
9347,LOAD,114782299,4356.072359205839
9348,LOAD,111504922,4484.10698856863
9349,LOAD,113898486,4389.873979536479
9350,LOAD,116651453,4286.273227989711
9351,LOAD,111760732,4473.843281556173
9352,LOAD,115238622,4338.823142123306
9353,LOAD,116638132,4286.76275439665
9354,LOAD,129244127,3868.647741339922
9355,LOAD,119990885,4166.983183764333
9356,LOAD,114503936,4366.662120680288
9357,LOAD,116070840,4307.71415111668
9358,LOAD,113047295,4422.92758973136
9359,LOAD,121822319,4104.338220650684
9360,LOAD,127502144,3921.50268469211
9361,LOAD,123704117,4041.9026635952628
9362,LOAD,109689179,4558.3347834156
9363,LOAD,113494614,4405.495400865454
9364,LOAD,113569883,4402.575637063921
9365,LOAD,123949277,4033.9081606744667
9366,LOAD,113273808,4414.083086179993
9367,LOAD,123452617,4050.136903942668
9368,LOAD,113928439,4388.719834913212
9369,LOAD,112721152,4435.724716511059
9370,LOAD,116175620,4303.828978920018
9371,LOAD,116027097,4309.33818847506
9372,LOAD,119553496,4182.228180094374
9373,LOAD,120320215,4155.57768077459
9374,LOAD,111570132,4481.486138243522
9375,LOAD,111868571,4469.5305887119985
9376,LOAD,115645877,4323.543674626637
9377,LOAD,115440121,4331.2497913961815
9378,LOAD,118879551,4205.937823570683
9379,LOAD,118869525,4206.292571624224
9380,LOAD,112472803,4445.519153639303
9381,LOAD,111170332,4497.602831661959
9382,LOAD,119283431,4191.697001069662
9383,LOAD,108629569,4602.798341214076
9384,LOAD,118273073,4227.504936816853
9385,LOAD,115156479,4341.918095637502
9386,LOAD,113712791,4397.0427214296415
9387,LOAD,110340406,4531.431577295447
9388,LOAD,113562197,4402.873607667171
9389,LOAD,116724032,4283.608023410295
9390,LOAD,124698211,4009.6806200371234
9391,LOAD,114946736,4349.840781907891
9392,LOAD,122426066,4084.097580984102
9393,LOAD,112751178,4434.543468805266
9394,LOAD,115612844,4324.779001198171
9395,LOAD,113063636,4422.288347422332
9396,LOAD,119822959,4172.82300631551
9397,LOAD,122729534,4073.999009887873
9398,LOAD,126434388,3954.6203205412753
9399,LOAD,119616636,4180.020578408508
9400,LOAD,117854072,4242.534784882104
9401,LOAD,114902470,4351.51655138484
9402,LOAD,119873632,4171.059069937915
9403,LOAD,122325821,4087.4444652204706
9404,LOAD,111968419,4465.544878328594
9405,LOAD,108054196,4627.307578134218
9406,LOAD,111754765,4474.082156586343
9407,LOAD,111886923,4468.797484045566
9408,LOAD,118947781,4203.525242728151
9409,LOAD,112411827,4447.930554495836
9410,LOAD,120813519,4138.609686553373
9411,LOAD,120741011,4141.0950252851535
9412,LOAD,122672436,4075.8952565350537
9413,LOAD,113446232,4407.374235223608
9414,LOAD,113844566,4391.953147768159
9415,LOAD,121276216,4122.819927033343
9416,LOAD,118619831,4215.146791096002
9417,LOAD,118311496,4226.132006647942
9418,LOAD,123194324,4058.628545256679
9419,LOAD,113043484,4423.076698520721
9420,LOAD,118010873,4236.897730601484
9421,LOAD,115571124,4326.34020241942
9422,LOAD,119595373,4180.7637491126015
9423,LOAD,116194603,4303.125851723078
9424,LOAD,120489748,4149.730647623232
9425,LOAD,111892970,4468.555978092279
9426,LOAD,110289041,4533.542004413657
9427,LOAD,121962449,4099.6224993809365
9428,LOAD,111393029,4488.611221802757
9429,LOAD,115524642,4328.080930127444
9430,LOAD,115526864,4327.9976854560855
9431,LOAD,119256075,4192.658529135727
9432,LOAD,110666536,4518.077623754303
9433,LOAD,119417247,4186.999889555317
9434,LOAD,118650307,4214.064106888489
9435,LOAD,118712453,4211.858043233257
9436,LOAD,125706937,3977.505235053178
9437,LOAD,117428610,4257.9061439967645
9438,LOAD,111606359,4480.031464873789
9439,LOAD,113525174,4404.309479411148
9440,LOAD,115531125,4327.838060955435
9441,LOAD,121667481,4109.561535181287
9442,LOAD,114787016,4355.893352955529
9443,LOAD,120355406,4154.362621650746
9444,LOAD,119517311,4183.494389360885
9445,LOAD,112419292,4447.635197702543
9446,LOAD,112617674,4439.80045263588
9447,LOAD,120872853,4136.578128092997
9448,LOAD,112948108,4426.811646991023
9449,LOAD,113908525,4389.487090628203
9450,LOAD,117866439,4242.089641819076
9451,LOAD,110759343,4514.291855270395
9452,LOAD,110110604,4540.888723124251
9453,LOAD,111098742,4500.501004772854
9454,LOAD,116683390,4285.100047230372
9455,LOAD,114379351,4371.418404008955
9456,LOAD,112572314,4441.589430239482
9457,LOAD,120280919,4156.935315733662
9458,LOAD,121729572,4107.465357719322
9459,LOAD,111333821,4490.9982924236465
9460,LOAD,112247180,4454.454891428008
9461,LOAD,120355383,4154.363415552422
9462,LOAD,120375565,4153.666900753487
9463,LOAD,119953888,4168.268393267919
9464,LOAD,124874270,4004.0274109310108
9465,LOAD,112330952,4451.132934402621
9466,LOAD,122396644,4085.0793261945973
9467,LOAD,115452551,4330.783474849334
9468,LOAD,112428911,4447.254674556084
9469,LOAD,122792354,4071.914770849657
9470,LOAD,113832433,4392.421270658425
9471,LOAD,120835205,4137.866940350704
9472,LOAD,118837228,4207.435737225375
9473,LOAD,119103831,4198.017778286241
9474,LOAD,114801990,4355.325199502204
9475,LOAD,119241467,4193.172162164024
9476,LOAD,119179595,4195.349044440032
9477,LOAD,123873242,4036.3842257394053
9478,LOAD,114819651,4354.655284573196
9479,LOAD,123291296,4055.436322122853
9480,LOAD,115444913,4331.070005657157
9481,LOAD,124636922,4011.6523416712744
9482,LOAD,116347801,4297.45982049115
9483,LOAD,117959874,4238.7295191583535
9484,LOAD,117357528,4260.48510496915
9485,LOAD,121117548,4128.220957709613
9486,LOAD,113635405,4400.037118713133
9487,LOAD,116797172,4280.925568985524
9488,LOAD,115128744,4342.964082019344
9489,LOAD,117002721,4273.404889446972
9490,LOAD,115692892,4321.7866833167245
9491,LOAD,116733605,4283.256736566989
9492,LOAD,118947128,4203.54831938439
9493,LOAD,116307250,4298.9581474929555
9494,LOAD,120895209,4135.813190082661
9495,LOAD,117475767,4256.196939748434
9496,LOAD,117353721,4260.6233167502205
9497,LOAD,118215205,4229.574359745009
9498,LOAD,118708428,4212.000853048109
9499,LOAD,118658775,4213.763373168145
9500,LOAD,115156755,4341.907689218926
9501,LOAD,121401116,4118.57828390968
9502,LOAD,119613493,4180.130413882321
9503,LOAD,118474353,4220.322688742601
9504,LOAD,117782035,4245.129573453201
9505,LOAD,121307266,4121.76464351278
9506,LOAD,120735465,4141.285247048164
9507,LOAD,116949397,4275.3533821127785
9508,LOAD,115766551,4319.036852017816
9509,LOAD,119786980,4174.076347863515
9510,LOAD,119957721,4168.135204902734
9511,LOAD,113049631,4422.836196608196
9512,LOAD,492811154,1014.5874255110712
9513,LOAD,125302940,3990.3293569967313
9514,LOAD,119291480,4191.414173082604
9515,LOAD,113271430,4414.17575464528
9516,LOAD,122598201,4078.363270599705
9517,LOAD,108974335,4588.236303529634
9518,LOAD,115581321,4325.9585171206
9519,LOAD,115861995,4315.478945447125
9520,LOAD,112782060,4433.329201470518
9521,LOAD,114919091,4350.887182008775
9522,LOAD,113325388,4412.074018224407
9523,LOAD,113262390,4414.528070615497
9524,LOAD,117254503,4264.2285558960575
9525,LOAD,117858938,4242.3596248593385
9526,LOAD,114419571,4369.881792337781
9527,LOAD,120048776,4164.973743672323
9528,LOAD,119027162,4200.7218486819
9529,LOAD,119161147,4195.998549762197
9530,LOAD,116522194,4291.028025098807
9531,LOAD,117535646,4254.028603373652
9532,LOAD,121131777,4127.736027516545
9533,LOAD,113803486,4393.538524821639
9534,LOAD,116837049,4279.464470212698
9535,LOAD,121051305,4130.480047282431
9536,LOAD,118632359,4214.701656569098
9537,LOAD,115769001,4318.945448963493
9538,LOAD,119163490,4195.916047776042
9539,LOAD,117361040,4260.357611009582
9540,LOAD,116589990,4288.532832020999
9541,LOAD,114981514,4348.5251029135
9542,LOAD,115490970,4329.342804896348
9543,LOAD,119742985,4175.609953267826
9544,LOAD,120173597,4160.64770034303
9545,LOAD,116870961,4278.222714366146
9546,LOAD,120755268,4140.606105896763
9547,LOAD,120231127,4158.656850983357
9548,LOAD,120430975,4151.755808669655
9549,LOAD,115689570,4321.910782449964
9550,LOAD,119086035,4198.645122410869
9551,LOAD,117757198,4246.024943630197
9552,LOAD,115725657,4320.563070987792
9553,LOAD,115530932,4327.845290817874
9554,LOAD,123493275,4048.8034672333374
9555,LOAD,117691755,4248.385963825588
9556,LOAD,119174592,4195.525166975189
9557,LOAD,123190612,4058.7508405267117
9558,LOAD,117314539,4262.046326585318
9559,LOAD,118410712,4222.590942616745
9560,LOAD,122918260,4067.7438811776215
9561,LOAD,117651410,4249.842819563319
9562,LOAD,116369324,4296.664987071678
9563,LOAD,115350472,4334.615986660202
9564,LOAD,121151628,4127.0596875512065
9565,LOAD,118760543,4210.152525153072
9566,LOAD,129130266,3872.058933108679
9567,LOAD,118583696,4216.431236887743
9568,LOAD,117833798,4243.264738016846
9569,LOAD,116600705,4288.138738097682
9570,LOAD,119223305,4193.810933189615
9571,LOAD,119451330,4185.805214558934
9572,LOAD,115012956,4347.336312267289
9573,LOAD,119151331,4196.344227157647
9574,LOAD,123766049,4039.8801128409614
9575,LOAD,119625330,4179.716787406145
9576,LOAD,118568675,4216.965400009741
9577,LOAD,114630646,4361.835315836918
9578,LOAD,128387992,3894.4452063710132
9579,LOAD,117736997,4246.753465268016
9580,LOAD,115117743,4343.379108813834
9581,LOAD,119800286,4173.612740790953
9582,LOAD,126811453,3942.8615331771334
9583,LOAD,116775922,4281.704579476581
9584,LOAD,117099650,4269.867587136256
9585,LOAD,124971678,4000.9065093932722
9586,LOAD,113464896,4406.649260049558
9587,LOAD,115863347,4315.428588473282
9588,LOAD,116704892,4284.310549723999
9589,LOAD,120343169,4154.785054729613
9590,LOAD,131327661,3807.2710363736696
9591,LOAD,118941783,4203.737218232217
9592,LOAD,116746815,4282.772082476084
9593,LOAD,120944742,4134.119365023739
9594,LOAD,119353818,4189.225014988628
9595,LOAD,121596003,4111.977266226424
9596,LOAD,122084055,4095.5389301248224
9597,LOAD,122547362,4080.055187152866
9598,LOAD,112778740,4433.459710580203
9599,LOAD,113745498,4395.778371817406
9600,LOAD,119582646,4181.208701469944
9601,LOAD,120021793,4165.910102676104
9602,LOAD,119457145,4185.601455651732
9603,LOAD,113305920,4412.832092091923
9604,LOAD,122228929,4090.6846201687654
9605,LOAD,115945817,4312.359108220351
9606,LOAD,121948688,4100.085111206772
9607,LOAD,122593068,4078.534032609413
9608,LOAD,122572669,4079.2127974303967
9609,LOAD,114382665,4371.291751245698
9610,LOAD,121292156,4122.27811335137
9611,LOAD,119375850,4188.451851861159
9612,LOAD,121750405,4106.762519599011
9613,LOAD,121604306,4111.696505220794
9614,LOAD,121921759,4100.9907017499645
9615,LOAD,114281629,4375.1563954343
9616,LOAD,123385453,4052.3415673645095
9617,LOAD,113260222,4414.612572452842
9618,LOAD,116374840,4296.461331332443
9619,LOAD,117653796,4249.756633436629
9620,LOAD,117992386,4237.5615660488465
9621,LOAD,120083526,4163.768475619211
9622,LOAD,119090767,4198.4782917721905
9623,LOAD,121789595,4105.44102720762
9624,LOAD,125270337,3991.3678846413577
9625,LOAD,112605121,4440.29539295997
9626,LOAD,118779764,4209.471236194744
9627,LOAD,120128639,4162.204817787039
9628,LOAD,120821007,4138.353192172947
9629,LOAD,118515736,4218.8490480285245
9630,LOAD,119246075,4193.010126329105
9631,LOAD,120493833,4149.589962832371
9632,LOAD,113464547,4406.662814244523
9633,LOAD,123880493,4036.1479672186965
9634,LOAD,120733095,4141.366540798113
9635,LOAD,117429187,4257.885222351067
9636,LOAD,121484490,4115.751730941127
9637,LOAD,116208771,4302.6012210386425
9638,LOAD,122823502,4070.882134593426
9639,LOAD,116779225,4281.583475142947
9640,LOAD,122385126,4085.4637842183533
9641,LOAD,124218025,4025.1807255831027
9642,LOAD,123446074,4050.3515729467426
9643,LOAD,119961235,4168.013108567947
9644,LOAD,119893556,4170.365920250127
9645,LOAD,113301371,4413.009265351256
9646,LOAD,125860044,3972.6666550346986
9647,LOAD,121018813,4131.589028228198
9648,LOAD,120203979,4159.596081257842
9649,LOAD,119600963,4180.568345423774
9650,LOAD,119792137,4173.896655671148
9651,LOAD,117414696,4258.410718876281
9652,LOAD,122476012,4082.4320765767584
9653,LOAD,121847690,4103.483619590983
9654,LOAD,122842491,4070.252857376524
9655,LOAD,113344274,4411.338855988437
9656,LOAD,119191116,4194.94352246857
9657,LOAD,117330209,4261.477110298168
9658,LOAD,118646953,4214.183233175823
9659,LOAD,118954812,4203.27678715511
9660,LOAD,119017577,4201.06015097249
9661,LOAD,119568835,4181.691659034731
9662,LOAD,123678013,4042.755764518953
9663,LOAD,128985351,3876.409190063762
9664,LOAD,120548426,4147.710729960091
9665,LOAD,121960510,4099.687677593346
9666,LOAD,124151423,4027.3400652040855
9667,LOAD,122952022,4066.6268993933263
9668,LOAD,123306653,4054.9312452751433
9669,LOAD,114427378,4369.583649814995
9670,LOAD,118255028,4228.150028428389
9671,LOAD,119858907,4171.571496142544
9672,LOAD,121752338,4106.6973186174055
9673,LOAD,117886538,4241.36638909525
9674,LOAD,119993134,4166.905083085837
9675,LOAD,115128893,4342.958461348187
9676,LOAD,119862311,4171.453026631532
9677,LOAD,123082646,4062.3111076113846
9678,LOAD,122291439,4088.5936422745012
9679,LOAD,116248152,4301.143643126473
9680,LOAD,125306600,3990.212806029371
9681,LOAD,115757562,4319.372241098167
9682,LOAD,123655617,4043.487971921243
9683,LOAD,115120616,4343.270713561853
9684,LOAD,119381706,4188.24639681393
9685,LOAD,119463697,4185.37189586557
9686,LOAD,121637463,4110.575703145009
9687,LOAD,117751144,4246.243246689815
9688,LOAD,121564137,4113.055152112831
9689,LOAD,116771066,4281.882636919663
9690,LOAD,117083418,4270.459545347404
9691,LOAD,115096979,4344.162673461656
9692,LOAD,118740204,4210.873681840736
9693,LOAD,113992328,4386.260099890231
9694,LOAD,122426981,4084.0670570811517
9695,LOAD,121452543,4116.834342447651
9696,LOAD,122425257,4084.1245691646786
9697,LOAD,119938684,4168.796782862817
9698,LOAD,120172717,4160.67816790728
9699,LOAD,119650942,4178.822094020789
9700,LOAD,119664267,4178.356768775428
9701,LOAD,116030328,4309.218189920139
9702,LOAD,123399492,4051.8805377253907
9703,LOAD,115093524,4344.29308116415
9704,LOAD,119910189,4169.787439831322
9705,LOAD,116312016,4298.781993427059
9706,LOAD,115987441,4310.811547260535
9707,LOAD,115367768,4333.9661386185435
9708,LOAD,118624322,4214.9872097899115
9709,LOAD,113193923,4417.198262489763
9710,LOAD,121670146,4109.471521469202
9711,LOAD,112025119,4463.284703138766
9712,LOAD,117822368,4243.676379004707
9713,LOAD,119817425,4173.01573623369
9714,LOAD,121689154,4108.829616812029
9715,LOAD,122973905,4065.9032499618515
9716,LOAD,122130563,4093.979326043064
9717,LOAD,118715574,4211.747314636242
9718,LOAD,122102463,4094.9214922879974
9719,LOAD,123559599,4046.6301610447927
9720,LOAD,126217489,3961.4161552524624
9721,LOAD,115272870,4337.534061570602
9722,LOAD,123877665,4036.2401083359136
9723,LOAD,117167016,4267.412596732855
9724,LOAD,121415208,4118.10026302471
9725,LOAD,114171389,4379.380897257894
9726,LOAD,121566529,4112.974221711965
9727,LOAD,120627425,4144.994390786341
9728,LOAD,124330148,4021.5507505066266
9729,LOAD,111825225,4471.263080400688
9730,LOAD,125920929,3970.7458003268066
9731,LOAD,116820477,4280.071549442483
9732,LOAD,118980432,4202.371697557796
9733,LOAD,116932679,4275.9646343174945
9734,LOAD,122217313,4091.0734144515186
9735,LOAD,121071544,4129.789573014779
9736,LOAD,121198359,4125.468398462392
9737,LOAD,119145024,4196.566362687543
9738,LOAD,122086201,4095.466939789534
9739,LOAD,115968599,4311.511946436466
9740,LOAD,120405384,4152.638224217615
9741,LOAD,114490269,4367.183380449565
9742,LOAD,126492856,3952.792401177186
9743,LOAD,115600909,4325.225504930935
9744,LOAD,120278866,4157.006269081387
9745,LOAD,115016116,4347.216871764301
9746,LOAD,121798429,4105.143260920057
9747,LOAD,117939894,4239.44759523016
9748,LOAD,120319582,4155.599543223147
9749,LOAD,120239221,4158.376907648129
9750,LOAD,118976203,4202.5210705371055
9751,LOAD,121282527,4122.605393932797
9752,LOAD,117500648,4255.295681433178
9753,LOAD,119159042,4196.072674031737
9754,LOAD,118074138,4234.6275693327525
9755,LOAD,118858287,4206.690274780756
9756,LOAD,115091727,4344.360911362464
9757,LOAD,118898709,4205.26012607925
9758,LOAD,114148096,4380.274551403819
9759,LOAD,120820263,4138.378675768981
9760,LOAD,112683465,4437.20824523811
9761,LOAD,119550996,4182.3156370859515
9762,LOAD,117696003,4248.232626897278
9763,LOAD,123027692,4064.125660424484
9764,LOAD,120258488,4157.71068067977
9765,LOAD,120056327,4164.71178566041
9766,LOAD,120337011,4154.99766734276
9767,LOAD,118464865,4220.660699693533
9768,LOAD,113473752,4406.305345398291
9769,LOAD,117508847,4254.998774688002
9770,LOAD,116080794,4307.344761959503
9771,LOAD,122917716,4067.7618838931244
9772,LOAD,119963598,4167.931008538107
9773,LOAD,122048020,4096.748148802413
9774,LOAD,117265435,4263.831025740876
9775,LOAD,122095397,4095.1584767769746
9776,LOAD,107784828,4638.87180856289
9777,LOAD,123196383,4058.5607127767703
9778,LOAD,113745163,4395.791318176756
9779,LOAD,120045937,4165.072242303378
9780,LOAD,120771427,4140.0521002372525
9781,LOAD,118630689,4214.760988195896
9782,LOAD,116840599,4279.334446068699
9783,LOAD,120354497,4154.393998256667
9784,LOAD,121158768,4126.816476047363
9785,LOAD,122302657,4088.2186230835528
9786,LOAD,122104718,4094.8458682816827
9787,LOAD,120128006,4162.226750021972
9788,LOAD,120206315,4159.51524676553
9789,LOAD,124149542,4027.4010837671876
9790,LOAD,116820961,4280.053816711883
9791,LOAD,118432298,4221.821314317485
9792,LOAD,121992271,4098.620313413134
9793,LOAD,119647296,4178.949434845565
9794,LOAD,115902128,4313.98464055811
9795,LOAD,130848905,3821.2012549894857
9796,LOAD,121378959,4119.330105640468
9797,LOAD,121835398,4103.897620952492
9798,LOAD,119988480,4167.066705070354
9799,LOAD,118836469,4207.46260981551
9800,LOAD,117824359,4243.604669217849
9801,LOAD,119432534,4186.463966342705
9802,LOAD,117172482,4267.213525441921
9803,LOAD,127744113,3914.0746939939218
9804,LOAD,118893843,4205.432235881214
9805,LOAD,119368819,4188.69855787046
9806,LOAD,119614130,4180.108152774258
9807,LOAD,122985171,4065.5307947654924
9808,LOAD,121812731,4104.66127715337
9809,LOAD,126511113,3952.221968041654
9810,LOAD,120019295,4165.996809096405
9811,LOAD,120164119,4160.975873338696
9812,LOAD,119137896,4196.817442537343
9813,LOAD,120176463,4160.548476118822
9814,LOAD,117590413,4252.047316136222
9815,LOAD,133555509,3743.7617043562013
9816,LOAD,123423342,4051.0975630525386
9817,LOAD,122149252,4093.352941694641
9818,LOAD,123582480,4045.8809371684406
9819,LOAD,120556019,4147.449493998305
9820,LOAD,115964752,4311.654975987876
9821,LOAD,123146182,4060.2152001756745
9822,LOAD,117834042,4243.25595145077
9823,LOAD,122892225,4068.605642057502
9824,LOAD,106979860,4673.776914645429
9825,LOAD,127779136,3913.00188475214
9826,LOAD,118816615,4208.165667739314
9827,LOAD,122356518,4086.4190005799287
9828,LOAD,115586546,4325.762965527147
9829,LOAD,132869772,3763.083148814314
9830,LOAD,123733552,4040.9411345436843
9831,LOAD,125152001,3995.141875518235
9832,LOAD,118843869,4207.200625553515
9833,LOAD,117578831,4252.466160341397
9834,LOAD,118252302,4228.247497456752
9835,LOAD,118581410,4216.512520807435
9836,LOAD,117739811,4246.651967192303
9837,LOAD,118902151,4205.138391482927
9838,LOAD,115351255,4334.586563449179
9839,LOAD,118113574,4233.213703278507
9840,LOAD,116809550,4280.471930591291
9841,LOAD,119471633,4185.093879147027
9842,LOAD,119950652,4168.380843815671
9843,LOAD,115583950,4325.860121582625
9844,LOAD,119568679,4181.69711484393
9845,LOAD,115317401,4335.8590781975745
9846,LOAD,117283903,4263.159625579649
9847,LOAD,118871701,4206.215573545129
9848,LOAD,119408020,4187.323431039222
9849,LOAD,117197374,4266.307195586141
9850,LOAD,117839149,4243.072054092991
9851,LOAD,118739533,4210.89747759072
9852,LOAD,117638225,4250.319145838864
9853,LOAD,118874347,4206.121948245066
9854,LOAD,118562367,4217.189759715239
9855,LOAD,117774935,4245.385488856351
9856,LOAD,119333590,4189.935122206581
9857,LOAD,114273738,4375.458515236458
9858,LOAD,112781987,4433.332071015915
9859,LOAD,118366591,4224.164908153855
9860,LOAD,118406283,4222.748889094002
9861,LOAD,123089873,4062.0725963378
9862,LOAD,119216655,4194.044867304825
9863,LOAD,117397342,4259.040208934202
9864,LOAD,117561335,4253.099031241863
9865,LOAD,114745902,4357.454090168728
9866,LOAD,117014487,4272.975191524789
9867,LOAD,122897952,4068.416046509872
9868,LOAD,119909261,4169.819710589327
9869,LOAD,111642691,4478.573523456184
9870,LOAD,117428636,4257.905201249208
9871,LOAD,123363373,4053.0668693697276
9872,LOAD,121003083,4132.126121117096
9873,LOAD,120010473,4166.303052567754
9874,LOAD,117664340,4249.375809187389
9875,LOAD,124384877,4019.781279359226
9876,LOAD,116850470,4278.9729472204945
9877,LOAD,122279878,4088.980199996601
9878,LOAD,118163021,4231.44225467966
9879,LOAD,122599108,4078.333098475725
9880,LOAD,117157269,4267.767627802932
9881,LOAD,120997424,4132.31937896463
9882,LOAD,114975944,4348.735766848759
9883,LOAD,115167808,4341.490983313671
9884,LOAD,118204098,4229.971789979735
9885,LOAD,118426522,4222.027224611054
9886,LOAD,120224551,4158.88431972601
9887,LOAD,122875200,4069.1693685951277
9888,LOAD,115590252,4325.624274960487
9889,LOAD,117715278,4247.537010446512
9890,LOAD,116749429,4282.676191932382
9891,LOAD,117619487,4250.996265610307
9892,LOAD,118967686,4202.821932671701
9893,LOAD,117020110,4272.769868358524
9894,LOAD,115731873,4320.33101201084
9895,LOAD,119701005,4177.074369592803
9896,LOAD,115287651,4336.977947447294
9897,LOAD,119504768,4183.933481214741
9898,LOAD,115461260,4330.456812960469
9899,LOAD,119346981,4189.4650020514555
9900,LOAD,116563765,4289.497683950068
9901,LOAD,120127188,4162.255092494132
9902,LOAD,115572169,4326.30108378428
9903,LOAD,121088558,4129.209301509726
9904,LOAD,116381240,4296.225061702384
9905,LOAD,117761540,4245.868387930389
9906,LOAD,121417104,4118.03595644976
9907,LOAD,119814848,4173.105490231061
9908,LOAD,117134730,4268.588829290852
9909,LOAD,117644539,4250.091030574738
9910,LOAD,117517510,4254.685110329516
9911,LOAD,122131990,4093.9314916591466
9912,LOAD,118486351,4219.895336299115
9913,LOAD,111757374,4473.977708173422
9914,LOAD,117515119,4254.771677506449
9915,LOAD,116034652,4309.0576080669425
9916,LOAD,119418522,4186.955186064018
9917,LOAD,115427885,4331.708928046286
9918,LOAD,119412719,4187.158656022229
9919,LOAD,114950013,4349.716776456563
9920,LOAD,111102550,4500.34675171722
9921,LOAD,115040014,4346.313796519531
9922,LOAD,116743673,4282.887347565294
9923,LOAD,117339459,4261.14117332005
9924,LOAD,114464265,4368.175517485741
9925,LOAD,119203484,4194.508274607142
9926,LOAD,115966838,4311.577418365067
9927,LOAD,122804903,4071.498676237707
9928,LOAD,120376795,4153.624458933302
9929,LOAD,121608053,4111.569815199656
9930,LOAD,112360327,4449.9692493774955
9931,LOAD,126391764,3955.9539654814853
9932,LOAD,117003860,4273.363289040208
9933,LOAD,118732264,4211.155276210348
9934,LOAD,117041607,4271.985089883463
9935,LOAD,118002587,4237.195240473839
9936,LOAD,114978685,4348.632096462053
9937,LOAD,117312961,4262.103656219197
9938,LOAD,116482952,4292.473631677878
9939,LOAD,118121270,4232.937895097132
9940,LOAD,114879007,4352.4053093529965
9941,LOAD,125221543,3992.923166583246
9942,LOAD,128900014,3878.97552904843
9943,LOAD,113250904,4414.975795689896
9944,LOAD,118548196,4217.693873637689
9945,LOAD,120145054,4161.636150248848
9946,LOAD,117767972,4245.636496143451
9947,LOAD,123916983,4034.959437319419
9948,LOAD,125753615,3976.0288402047127
9949,LOAD,119889813,4170.4961204668825
9950,LOAD,122939755,4067.032669782041
9951,LOAD,123590626,4045.6142685125656
9952,LOAD,115378921,4333.5471996657
9953,LOAD,119213092,4194.1702174791335
9954,LOAD,122168283,4092.7152917422927
9955,LOAD,123013994,4064.5782137599726
9956,LOAD,117735467,4246.808652825066
9957,LOAD,120774351,4139.951867760398
9958,LOAD,117643541,4250.127085175038
9959,LOAD,119813088,4173.1667912607345
9960,LOAD,123258828,4056.5045775057997
9961,LOAD,115792793,4318.058033197282
9962,LOAD,130421209,3833.732288128076
9963,LOAD,118969724,4202.7499366141255
9964,LOAD,118209312,4229.785213537154
9965,LOAD,119209472,4194.297580648625
9966,LOAD,117900401,4240.867679491607
9967,LOAD,123656930,4043.4450378155116
9968,LOAD,122870647,4069.3201525991803
9969,LOAD,116687847,4284.936373879621
9970,LOAD,113990670,4386.323898262902
9971,LOAD,118797186,4208.853903323939
9972,LOAD,125158798,3994.9249113114683
9973,LOAD,116643800,4286.554450386561
9974,LOAD,118890101,4205.56459952877
9975,LOAD,118468786,4220.521007111527
9976,LOAD,113277629,4413.934193484929
9977,LOAD,117193555,4266.446222234662
9978,LOAD,117629537,4250.633070161621
9979,LOAD,119509447,4183.769673036811
9980,LOAD,118539355,4218.008441162853
9981,LOAD,127359168,3925.9050436007874
9982,LOAD,118325276,4225.639837087724
9983,LOAD,120767746,4140.17828899448
9984,LOAD,121782278,4105.687692917027
9985,LOAD,115940527,4312.555867544055
9986,LOAD,117966975,4238.474369627601
9987,LOAD,117865225,4242.133334917064
9988,LOAD,122236686,4090.42503001104
9989,LOAD,121232241,4124.315412102297
9990,LOAD,115791341,4318.11218077179
9991,LOAD,117960668,4238.700988027636
9992,LOAD,122169901,4092.6610884296288
9993,LOAD,116612097,4287.719823784662
9994,LOAD,115337917,4335.087827188695
9995,LOAD,116699380,4284.5129082948
9996,LOAD,107979820,4630.494846166626
9997,LOAD,116329470,4298.137006899455
9998,LOAD,117761513,4245.869361410124
9999,LOAD,118485966,4219.909048131489
10000,LOAD,116697823,4284.570072913871
10001,LOAD,119756491,4175.139032756062
10002,LOAD,115504313,4328.8426813984
10003,LOAD,119202632,4194.538254826453
10004,LOAD,117998259,4237.3506544702495
10005,LOAD,118157157,4231.652256155757
10006,LOAD,114204352,4378.116868961351
10007,LOAD,109147289,4580.9658176668045
10008,LOAD,116185443,4303.465107930948
10009,LOAD,115245763,4338.554294616453
10010,LOAD,120467685,4150.490648176728
10011,LOAD,116952797,4275.229090929736
10012,LOAD,375791936,1330.5234947883503
10013,LOAD,112742649,4434.878942750405
10014,LOAD,111619229,4479.51490508862
10015,LOAD,107299430,4659.857000172321
10016,LOAD,115085331,4344.602354230532
10017,LOAD,113655682,4399.252120100779
10018,LOAD,114700830,4359.166363486646
10019,LOAD,111428650,4487.1763231449
10020,LOAD,116488181,4292.280948227701
10021,LOAD,112050949,4462.255826142088
10022,LOAD,116153071,4304.664488810631
10023,LOAD,121067113,4129.940721391448
10024,LOAD,118143133,4232.154567967992
10025,LOAD,114920877,4350.819564316412
10026,LOAD,114767654,4356.6282186094
10027,LOAD,112896457,4428.8369474694855
10028,LOAD,126616266,3948.9397041609172
10029,LOAD,121191139,4125.714174532182
10030,LOAD,117904805,4240.709273892612
10031,LOAD,118741243,4210.836836195154
10032,LOAD,116808378,4280.514878821449
10033,LOAD,112354845,4450.186371580149
10034,LOAD,114273656,4375.461654959215
10035,LOAD,117050695,4271.6534062441915
10036,LOAD,111350802,4490.313415075358
10037,LOAD,118880935,4205.888858461619
10038,LOAD,108963289,4588.701429524581
10039,LOAD,108797495,4595.694046080748
10040,LOAD,116213809,4302.414698411615
10041,LOAD,108681386,4600.6038237311395
10042,LOAD,117306807,4262.327249261844
10043,LOAD,109757047,4555.516148316198
10044,LOAD,116154525,4304.610603848623
10045,LOAD,107797145,4638.34176684364
10046,LOAD,114731380,4358.005630194633
10047,LOAD,114542724,4365.183422737528
10048,LOAD,117083739,4270.447837338027
10049,LOAD,111623354,4479.349366262547
10050,LOAD,115843248,4316.1773226524165
10051,LOAD,112258546,4454.003884924716
10052,LOAD,114214412,4377.7312446348715
10053,LOAD,108371367,4613.764814833424
10054,LOAD,119594061,4180.8096139489735
10055,LOAD,113132301,4419.6042649216515
10056,LOAD,118405731,4222.7685752812085
10057,LOAD,115500739,4328.9766310499535
10058,LOAD,119134757,4196.928021601622
10059,LOAD,118137564,4232.3540715635545
10060,LOAD,120211304,4159.342618893811
10061,LOAD,118873020,4206.1689019089445
10062,LOAD,116098159,4306.700505044184
10063,LOAD,118980439,4202.371450318821
10064,LOAD,117533797,4254.09552624255
10065,LOAD,120087600,4163.627218796945
10066,LOAD,116994443,4273.707256335243
10067,LOAD,118182299,4230.752018117366
10068,LOAD,118562314,4217.191644893165
10069,LOAD,116558717,4289.68345627895
10070,LOAD,118994093,4201.889248401599
10071,LOAD,117528050,4254.303547110669
10072,LOAD,116086429,4307.135677332274
10073,LOAD,119239687,4193.234757484729
10074,LOAD,114324994,4373.49684006981
10075,LOAD,113253517,4414.8739327892135
10076,LOAD,115627718,4324.222674705039
10077,LOAD,114715354,4358.614453650206
10078,LOAD,116284185,4299.810847021028
10079,LOAD,114572445,4364.051059571959
10080,LOAD,113043916,4423.059795628453
10081,LOAD,115529195,4327.910360666843
10082,LOAD,116052096,4308.409905840908
10083,LOAD,116474480,4292.785853175734
10084,LOAD,112051805,4462.2217375257815
10085,LOAD,116185861,4303.449625423871
10086,LOAD,115510105,4328.6256211090795
10087,LOAD,114129042,4381.005844244272
10088,LOAD,114054997,4383.85001228837
10089,LOAD,113276106,4413.993538937506
10090,LOAD,114670301,4360.326916731473
10091,LOAD,116260424,4300.6896310648235
10092,LOAD,115192420,4340.563380819675
10093,LOAD,115161858,4341.715292575429
10094,LOAD,113189090,4417.38687005965
10095,LOAD,116993846,4273.729064347538
10096,LOAD,117337420,4261.215220174434
10097,LOAD,118780040,4209.461454971727
10098,LOAD,117983026,4237.897746409725
10099,LOAD,116886190,4277.665308450895
10100,LOAD,121599151,4111.870813966457
10101,LOAD,114903763,4351.4675842252445
10102,LOAD,117555178,4253.321789024045
10103,LOAD,114887946,4352.066665026808
10104,LOAD,120530850,4148.315555727019
10105,LOAD,116457718,4293.403722714195
10106,LOAD,116725318,4283.560829536571
10107,LOAD,107916505,4633.21157407757
10108,LOAD,118691351,4212.606864673738
10109,LOAD,119586853,4181.061608837553
10110,LOAD,124834459,4005.3043366815887
10111,LOAD,117244927,4264.576837512125
10112,LOAD,117624520,4250.8143710172
10113,LOAD,119069194,4199.23897360051
10114,LOAD,115972329,4311.373275947575
10115,LOAD,121361327,4119.928583180374
10116,LOAD,124631481,4011.827477200564
10117,LOAD,117561249,4253.1021425265735
10118,LOAD,119943719,4168.6217850223575
10119,LOAD,118076497,4234.542967513678
10120,LOAD,125726466,3976.8874120743994
10121,LOAD,124746537,4008.1272957501014
10122,LOAD,116299609,4299.240593319621
10123,LOAD,123415842,4051.343748884361
10124,LOAD,121273533,4122.9111384097305
10125,LOAD,123808372,4038.4991089294026
10126,LOAD,116436939,4294.169911148214
10127,LOAD,124112175,4028.613631176796
10128,LOAD,118001976,4237.217180159763
10129,LOAD,115389909,4333.134537787009
10130,LOAD,121804544,4104.937168846509
10131,LOAD,115064225,4345.399275926119
10132,LOAD,116730182,4283.382338939556
10133,LOAD,132099754,3785.0184035921825
10134,LOAD,117371948,4259.9616732952245
10135,LOAD,117680535,4248.791017138051
10136,LOAD,119768717,4174.712834237007
10137,LOAD,117608823,4251.381718189629
10138,LOAD,122449226,4083.3251163220907
10139,LOAD,117823987,4243.618067346508
10140,LOAD,111955242,4466.070467696368
10141,LOAD,119368582,4188.706874309691
10142,LOAD,116601747,4288.100417569215
10143,LOAD,121016922,4131.6535880824995
10144,LOAD,120090885,4163.513325761568
10145,LOAD,115475942,4329.906224103373
10146,LOAD,122577235,4079.0608468203745
10147,LOAD,119714940,4176.588151821318
10148,LOAD,115141025,4342.500859272358
10149,LOAD,118663011,4213.612951385499
10150,LOAD,121444493,4117.107228567375
10151,LOAD,118734542,4211.0744824366275
10152,LOAD,124078271,4029.714437268392
10153,LOAD,114896331,4351.749056286227
10154,LOAD,120763622,4140.3196734195335
10155,LOAD,118580326,4216.5510659837455
10156,LOAD,115615140,4324.693115451834
10157,LOAD,120602497,4145.851142700635
10158,LOAD,122360172,4086.2969692458423
10159,LOAD,121797405,4105.177774518266
10160,LOAD,117647962,4249.967373000478
10161,LOAD,119998342,4166.72423690654
10162,LOAD,119995533,4166.8217766073
10163,LOAD,117434001,4257.71067784704
10164,LOAD,116387558,4295.991844764025
10165,LOAD,115191235,4340.6080332414185
10166,LOAD,122207846,4091.3903351180907
10167,LOAD,113361798,4410.656930476703
10168,LOAD,118619602,4215.154928609523
10169,LOAD,121282095,4122.620078421303
10170,LOAD,114983929,4348.433771122919
10171,LOAD,118212497,4229.6712504093375
10172,LOAD,118541131,4217.945246363475
10173,LOAD,115274144,4337.4861235143935
10174,LOAD,109225084,4577.703048504865
10175,LOAD,118406265,4222.749531031994
10176,LOAD,117102983,4269.746057621777
10177,LOAD,121160799,4126.747298851999
10178,LOAD,114917159,4350.960329605782
10179,LOAD,120160757,4161.092294050711
10180,LOAD,120109264,4162.876229097532
10181,LOAD,119689711,4177.468521082818
10182,LOAD,119199028,4194.665077302476
10183,LOAD,116311338,4298.8070518112345
10184,LOAD,115788958,4318.20104987904
10185,LOAD,122520060,4080.964374323682
10186,LOAD,120866509,4136.795247391484
10187,LOAD,112003068,4464.163428094666
10188,LOAD,126911639,3939.7489776331704
10189,LOAD,115048698,4345.9857320593055
10190,LOAD,126681943,3946.89241544077
10191,LOAD,114748816,4357.343434375828
10192,LOAD,116924750,4276.254599646354
10193,LOAD,116688021,4284.929984372604
10194,LOAD,110573071,4521.896656013108
10195,LOAD,112687886,4437.034163547979
10196,LOAD,112347404,4450.48111659082
10197,LOAD,120370641,4153.836814742891
10198,LOAD,110707381,4516.410698939757
10199,LOAD,108404107,4612.371374453553
10200,LOAD,122590986,4078.6032995933324
10201,LOAD,121866096,4102.863851484994
10202,LOAD,114810296,4355.010111636678
10203,LOAD,119776323,4174.447732879561
10204,LOAD,117084283,4270.427995873708
10205,LOAD,122640782,4076.947258865326
10206,LOAD,108833070,4594.191820556013
10207,LOAD,113177536,4417.837829584839
10208,LOAD,119204603,4194.468899829313
10209,LOAD,117337850,4261.199604390229
10210,LOAD,119287477,4191.5548268323255
10211,LOAD,116626341,4287.196148938601
10212,LOAD,117352880,4260.653850165416
10213,LOAD,114886107,4352.136329243013
10214,LOAD,122085523,4095.489683899704
10215,LOAD,124875217,4003.997046107235
10216,LOAD,114910867,4351.198568539215
10217,LOAD,118536707,4218.102667555966
10218,LOAD,119448058,4185.9198748965855
10219,LOAD,114718813,4358.483032769874
10220,LOAD,119937306,4168.844679569507
10221,LOAD,119930850,4169.0690927313535
10222,LOAD,110692014,4517.0376970465095
10223,LOAD,120774157,4139.9585177812505
10224,LOAD,115515159,4328.436235801745
10225,LOAD,110649649,4518.7671584932
10226,LOAD,118430268,4221.89368008523
10227,LOAD,119787003,4174.0755464096555
10228,LOAD,109861280,4551.194014852184
10229,LOAD,113960357,4387.490642908393
10230,LOAD,110792047,4512.959310156983
10231,LOAD,114471594,4367.895846719842
10232,LOAD,119335927,4189.85306914321
10233,LOAD,118334716,4225.302742096411
10234,LOAD,114620667,4362.215061966093
10235,LOAD,117140010,4268.396425781421
10236,LOAD,121911916,4101.321810084586
10237,LOAD,113530694,4404.095336543966
10238,LOAD,117696274,4248.222845185396
10239,LOAD,114759728,4356.929113669562
10240,LOAD,119373891,4188.520586968218
10241,LOAD,109889762,4550.014404435602
10242,LOAD,129721779,3854.402890974845
10243,LOAD,117027171,4272.512064740931
10244,LOAD,111705488,4476.055822790014
10245,LOAD,120892595,4135.902616698731
10246,LOAD,114919081,4350.887560613193
10247,LOAD,118479706,4220.132011468698
10248,LOAD,121478588,4115.95169347869
10249,LOAD,113951521,4387.830856597342
10250,LOAD,122108650,4094.7140108419835
10251,LOAD,122111939,4094.603722572942
10252,LOAD,115324268,4335.600898849841
10253,LOAD,125932115,3970.3930963122475
10254,LOAD,117039741,4272.053199434199
10255,LOAD,116584894,4288.7202865235695
10256,LOAD,112050837,4462.260286373407
10257,LOAD,120433249,4151.6774159268925
10258,LOAD,110732311,4515.393885349327
10259,LOAD,115319148,4335.793393131902
10260,LOAD,122356114,4086.432493271239
10261,LOAD,111587663,4480.782073552343
10262,LOAD,127582381,3919.03643811131
10263,LOAD,114410265,4370.237233520961
10264,LOAD,125950775,3969.804870196313
10265,LOAD,114552366,4364.816000395836
10266,LOAD,113959015,4387.54231071583
10267,LOAD,125071403,3997.716408442304
10268,LOAD,113197620,4417.0539981317625
10269,LOAD,115351345,4334.583181496497
10270,LOAD,112506750,4444.177793776818
10271,LOAD,120124939,4162.33301895787
10272,LOAD,110131716,4540.018245062122
10273,LOAD,131611480,3799.060689842558
10274,LOAD,114429992,4369.483832525305
10275,LOAD,127352980,3926.0958008206794
10276,LOAD,115505806,4328.786727829076
10277,LOAD,116732431,4283.299814085085
10278,LOAD,111260013,4493.977544295271
10279,LOAD,124718072,4009.042089746224
10280,LOAD,113749323,4395.630556851754
10281,LOAD,118966765,4202.854469481456
10282,LOAD,121405871,4118.4169750736355
10283,LOAD,113586430,4401.9342803537365
10284,LOAD,123489321,4048.9331057217487
10285,LOAD,118079614,4234.43118640276
10286,LOAD,140582752,3556.6240729161427
10287,LOAD,119136660,4196.860983008924
10288,LOAD,120609537,4145.609148636397
10289,LOAD,121722416,4107.706833554799
10290,LOAD,121563883,4113.063746079911
10291,LOAD,116810857,4280.424036269163
10292,LOAD,123880316,4036.1537340605432
10293,LOAD,119701134,4177.0698680264795
10294,LOAD,113275018,4414.035935090295
10295,LOAD,124635663,4011.6928651472736
10296,LOAD,117462980,4256.660268622505
10297,LOAD,115607411,4324.982245299136
10298,LOAD,114407978,4370.324593971934
10299,LOAD,121981282,4098.989548248886
10300,LOAD,122731030,4073.9493508691326
10301,LOAD,125117371,3996.247651335321
10302,LOAD,121580412,4112.50457022633
10303,LOAD,117877518,4241.690938894726
10304,LOAD,119228742,4193.619689453739
10305,LOAD,119514994,4183.575493464862
10306,LOAD,110274613,4534.135159467755
10307,LOAD,123114312,4061.2662482327805
10308,LOAD,116202102,4302.848153297606
10309,LOAD,113180639,4417.7167085971305
10310,LOAD,115350903,4334.5997906925795
10311,LOAD,126122131,3964.411289561861
10312,LOAD,115828741,4316.717903374258
10313,LOAD,115523925,4328.107792390191
10314,LOAD,116531647,4290.67993864362
10315,LOAD,117603702,4251.566842683234
10316,LOAD,114973567,4348.825673991658
10317,LOAD,115478514,4329.809786087133
10318,LOAD,118815378,4208.209479416039
10319,LOAD,119501347,4184.053255901794
10320,LOAD,119355044,4189.1819837961775
10321,LOAD,118935010,4203.97660873783
10322,LOAD,111149571,4498.442913468374
10323,LOAD,121142370,4127.375087675765
10324,LOAD,117691454,4248.396829220922
10325,LOAD,117066735,4271.068121956249
10326,LOAD,117543497,4253.7444670375935
10327,LOAD,117920817,4240.133444801353
10328,LOAD,117728012,4247.077577424819
10329,LOAD,123655204,4043.5014768970013
10330,LOAD,113317895,4412.365760941818
10331,LOAD,122582895,4078.872505009773
10332,LOAD,121397455,4118.702488450026
10333,LOAD,116331292,4298.069688764395
10334,LOAD,115418122,4332.075339087565
10335,LOAD,116742405,4282.9338662330965
10336,LOAD,117936092,4239.584265688573
10337,LOAD,118573893,4216.779826905068
10338,LOAD,116377354,4296.368518569343
10339,LOAD,121332776,4120.898049839393
10340,LOAD,121024632,4131.390376795362
10341,LOAD,122665624,4076.1216035553693
10342,LOAD,118444508,4221.386102595825
10343,LOAD,118806021,4208.540912248884
10344,LOAD,117044487,4271.879973295966
10345,LOAD,114882737,4352.263995938746
10346,LOAD,119370479,4188.640308631081
10347,LOAD,117660066,4249.530167695129
10348,LOAD,119891825,4170.42613205696
10349,LOAD,115264362,4337.854227657982
10350,LOAD,119245596,4193.0269693146565
10351,LOAD,119620699,4179.878601110666
10352,LOAD,115658139,4323.085295363433
10353,LOAD,117360721,4260.369191153827
10354,LOAD,117316316,4261.981769014977
10355,LOAD,115333902,4335.238740123437
10356,LOAD,119807143,4173.373869703245
10357,LOAD,117658313,4249.5934817627385
10358,LOAD,117385490,4259.470229242132
10359,LOAD,116517174,4291.212898795503
10360,LOAD,115988916,4310.75672782389
10361,LOAD,113405223,4408.96800670283
10362,LOAD,118380062,4223.684221418975
10363,LOAD,118502914,4219.305526951009
10364,LOAD,123843536,4037.3524218494535
10365,LOAD,115150976,4342.125593446989
10366,LOAD,121416354,4118.061393937097
10367,LOAD,116709507,4284.141136848431
10368,LOAD,117713534,4247.5999403772885
10369,LOAD,118079588,4234.432118784154
10370,LOAD,118641564,4214.374652040156
10371,LOAD,118158324,4231.610461908718
10372,LOAD,118765116,4209.990415030622
10373,LOAD,112182440,4457.025538043209
10374,LOAD,116157761,4304.490683149445
10375,LOAD,122102761,4094.9114983566997
10376,LOAD,116524445,4290.94513172751
10377,LOAD,117399237,4258.971461628835
10378,LOAD,122931902,4067.292475471502
10379,LOAD,115506276,4328.769113809885
10380,LOAD,116845943,4279.138728847436
10381,LOAD,118411885,4222.549113207682
10382,LOAD,118357956,4224.473089075651
10383,LOAD,115898132,4314.133380510395
10384,LOAD,116194432,4303.132184509495
10385,LOAD,114512076,4366.351719970565
10386,LOAD,116556266,4289.773661760922
10387,LOAD,117853645,4242.550156170392
10388,LOAD,120231059,4158.659203026732
10389,LOAD,115069930,4345.183837341345
10390,LOAD,123636193,4044.1232285436026
10391,LOAD,114572286,4364.0571158718085
10392,LOAD,112574466,4441.504523770071
10393,LOAD,115577911,4326.086149800718
10394,LOAD,122394731,4085.143174995009
10395,LOAD,116346139,4297.521209534938
10396,LOAD,114454334,4368.5545363446
10397,LOAD,115681087,4322.227712123763
10398,LOAD,122234825,4090.487305888482
10399,LOAD,114597745,4363.087598276912
10400,LOAD,118229909,4229.048336660734
10401,LOAD,115061736,4345.493275018899
10402,LOAD,115770714,4318.8815437382555
10403,LOAD,121391255,4118.912849199887
10404,LOAD,115364368,4334.093868567806
10405,LOAD,122638635,4077.018632831326
10406,LOAD,119986448,4167.137275369631
10407,LOAD,121661662,4109.758092898649
10408,LOAD,114144188,4380.424520607216
10409,LOAD,125375882,3988.0078371053855
10410,LOAD,124265352,4023.6477179898066
10411,LOAD,113921797,4388.975711118743
10412,LOAD,115013555,4347.313670984259
10413,LOAD,117786491,4244.968975262197
10414,LOAD,122056161,4096.474900599242
10415,LOAD,119712541,4176.671849276008
10416,LOAD,117033544,4272.279407346666
10417,LOAD,118068429,4234.832327615708
10418,LOAD,123682819,4042.598673304818
10419,LOAD,125410203,3986.9164393267106
10420,LOAD,125253029,3991.9194289504967
10421,LOAD,119843854,4172.095466823021
10422,LOAD,116526307,4290.876565752658
10423,LOAD,126928491,3939.2259063412325
10424,LOAD,115818941,4317.08316172568
10425,LOAD,122601774,4078.2444143100247
10426,LOAD,116562075,4289.5598761432475
10427,LOAD,116667538,4285.682277790073
10428,LOAD,115283429,4337.136779649398
10429,LOAD,111896402,4468.418921995365
10430,LOAD,114236502,4376.884719386803
10431,LOAD,115934261,4312.788952007897
10432,LOAD,119748405,4175.420958634062
10433,LOAD,118444766,4221.37690744393
10434,LOAD,118393195,4223.215700868618
10435,LOAD,124924212,4002.4266873102233
10436,LOAD,115084058,4344.650411962359
10437,LOAD,115314314,4335.975150491725
10438,LOAD,109848171,4551.737142714921
10439,LOAD,129243618,3868.6629772311076
10440,LOAD,119192748,4194.886084848048
10441,LOAD,118826407,4207.818889954318
10442,LOAD,117250977,4264.356790818042
10443,LOAD,119431056,4186.515775260331
10444,LOAD,116605900,4287.94769389885
10445,LOAD,122693895,4075.182387844155
10446,LOAD,117048010,4271.751395004495
10447,LOAD,121413030,4118.174136663914
10448,LOAD,116806081,4280.599055454998
10449,LOAD,115258223,4338.0852748354455
10450,LOAD,116487501,4292.306004572971
10451,LOAD,113065468,4422.216693075556
10452,LOAD,118551805,4217.565476965956
10453,LOAD,110000143,4545.448636371319
10454,LOAD,114322790,4373.581155603358
10455,LOAD,116234022,4301.666512064772
10456,LOAD,116455101,4293.500204855775
10457,LOAD,124478605,4016.754525807869
10458,LOAD,114596515,4363.134428651691
10459,LOAD,125574110,3981.7124724196733
10460,LOAD,112686982,4437.069758421608
10461,LOAD,122152434,4093.246312226574
10462,LOAD,114959186,4349.369697172352
10463,LOAD,125747050,3976.236420655594
10464,LOAD,113200281,4416.950166404623
10465,LOAD,125992425,3968.4925502465726
10466,LOAD,110216897,4536.509497268826
10467,LOAD,114362752,4372.052886590207
10468,LOAD,117812237,4244.041304469925
10469,LOAD,122823483,4070.8827643326154
10470,LOAD,116417143,4294.900107624184
10471,LOAD,116655504,4286.124382095164
10472,LOAD,115608852,4324.928336802444
10473,LOAD,116169330,4304.062010170843
10474,LOAD,114419369,4369.88950708162
10475,LOAD,131330590,3807.186124725397
10476,LOAD,114986892,4348.321720009617
10477,LOAD,115821308,4316.994934990718
10478,LOAD,110010247,4545.031155143211
10479,LOAD,112539363,4442.889906885292
10480,LOAD,124209988,4025.441174666243
10481,LOAD,119831468,4172.526702251533
10482,LOAD,113629829,4400.253035670766
10483,LOAD,123905357,4035.3380362723137
10484,LOAD,110535717,4523.424767760814
10485,LOAD,123564609,4046.466088036583
10486,LOAD,117554883,4253.332462591112
10487,LOAD,116435972,4294.205574201759
10488,LOAD,121083947,4129.3665460046495
10489,LOAD,114783747,4356.017407237978
10490,LOAD,117404684,4258.77386629651
10491,LOAD,121474412,4116.093190062117
10492,LOAD,118456800,4220.948058701569
10493,LOAD,121193595,4125.630566532827
10494,LOAD,117848555,4242.733396264383
10495,LOAD,119563142,4181.890770317829
10496,LOAD,117578280,4252.48608841701
10497,LOAD,122274839,4089.1487086725997
10498,LOAD,116889874,4277.530489937905
10499,LOAD,122184505,4092.1719165617606
10500,LOAD,116842026,4279.282182251787
10501,LOAD,118077869,4234.493764449628
10502,LOAD,116826548,4279.849131551846
10503,LOAD,117800410,4244.4674004105755
10504,LOAD,114247597,4376.459664180071
10505,LOAD,116363757,4296.8705453537395
10506,LOAD,115991201,4310.671806907147
10507,LOAD,116919697,4276.439409520536
10508,LOAD,114699283,4359.22515749292
10509,LOAD,122252066,4089.9104314523406
10510,LOAD,112196597,4456.463149234374
10511,LOAD,121599310,4111.865437394341
10512,LOAD,524369007,953.5269882950959
10513,LOAD,121617207,4111.260341638992
10514,LOAD,117037576,4272.132225294891
10515,LOAD,115406259,4332.520647775265
10516,LOAD,121831607,4104.0253207855985
10517,LOAD,114598006,4363.077661229114
10518,LOAD,114310837,4374.0384824581415
10519,LOAD,113766849,4394.95340158362
10520,LOAD,113186040,4417.505904438392
10521,LOAD,117789911,4244.8457236715285
10522,LOAD,114398642,4370.681253366626
10523,LOAD,109851676,4551.591911988671
10524,LOAD,124085652,4029.474737337077
10525,LOAD,122129606,4094.0114062105463
10526,LOAD,116095385,4306.803409971895
10527,LOAD,119929954,4169.100239961736
10528,LOAD,114882039,4352.290439413249
10529,LOAD,121091261,4129.117129269965
10530,LOAD,108928601,4590.1626883099325
10531,LOAD,117606739,4251.457052984013
10532,LOAD,114766575,4356.669178286448
10533,LOAD,111907659,4467.9694354074545
10534,LOAD,110804908,4512.435496088315
10535,LOAD,115036214,4346.457368633499
10536,LOAD,120192481,4159.99400162145
10537,LOAD,124524648,4015.2693304541604
10538,LOAD,113820993,4392.862747208681
10539,LOAD,112004859,4464.092044435322
10540,LOAD,110249137,4535.182892179918
10541,LOAD,114968477,4349.018209574091
10542,LOAD,114351848,4372.469782910723
10543,LOAD,120979418,4132.934413686798
10544,LOAD,109549565,4564.144093132639
10545,LOAD,113494397,4405.503824122701
10546,LOAD,113822419,4392.8077121608185
10547,LOAD,118875436,4206.083416594157
10548,LOAD,115032785,4346.586931716902
10549,LOAD,110882554,4509.275643127773
10550,LOAD,116075110,4307.555685279987
10551,LOAD,121839748,4103.751100995382
10552,LOAD,113533543,4403.984820591743
10553,LOAD,119273143,4192.058559234915
10554,LOAD,109595180,4562.244434472392
10555,LOAD,115128643,4342.9678920127635
10556,LOAD,112361500,4449.922793839527
10557,LOAD,116056800,4308.235277898409
10558,LOAD,111776763,4473.20164388729
10559,LOAD,111983466,4464.944851769457
10560,LOAD,120501631,4149.321431176313
10561,LOAD,121183680,4125.96811715901
10562,LOAD,116454026,4293.539838631255
10563,LOAD,114847623,4353.594675616403
10564,LOAD,112734919,4435.183033217951
10565,LOAD,115179783,4341.039607619334
10566,LOAD,115860560,4315.532395148099
10567,LOAD,109952029,4547.437683028114
10568,LOAD,113421881,4408.320472131827
10569,LOAD,110544105,4523.081533836653
10570,LOAD,120401920,4152.757696887225
10571,LOAD,119019314,4200.998839566493
10572,LOAD,115857518,4315.6457054431285
10573,LOAD,114934848,4350.290696865062
10574,LOAD,116616704,4287.55043531328
10575,LOAD,112202232,4456.239337556137
10576,LOAD,121858255,4103.127851289188
10577,LOAD,113244181,4415.237900833068
10578,LOAD,123195391,4058.593393319398
10579,LOAD,111046344,4502.624597888608
10580,LOAD,115454052,4330.727171013452
10581,LOAD,121886929,4102.162587097423
10582,LOAD,119005641,4201.481507922806
10583,LOAD,117452946,4257.0239149216395
10584,LOAD,121846045,4103.53901925992
10585,LOAD,118542135,4217.9095222133465
10586,LOAD,120500892,4149.346877863775
10587,LOAD,110307020,4532.8030799852995
10588,LOAD,115581517,4325.951181277539
10589,LOAD,112456030,4446.182210060235
10590,LOAD,112352859,4450.265035089138
10591,LOAD,108820390,4594.727146263674
10592,LOAD,129203423,3869.866512747112
10593,LOAD,119727494,4176.15021659102
10594,LOAD,119564142,4181.855794189532
10595,LOAD,124509924,4015.744158674452
10596,LOAD,117133661,4268.627785824948
10597,LOAD,115670989,4322.605039713113
10598,LOAD,121060897,4130.152777572762
10599,LOAD,116687435,4284.951503133136
10600,LOAD,116005263,4310.149273141168
10601,LOAD,118920344,4204.49506940545
10602,LOAD,115574553,4326.211843536181
10603,LOAD,112431129,4447.166940750012
10604,LOAD,122924588,4067.534478944115
10605,LOAD,114557407,4364.623930428174
10606,LOAD,119262009,4192.4499192362255
10607,LOAD,116642285,4286.610125993331
10608,LOAD,122402361,4084.888525965606
10609,LOAD,114925740,4350.635462516926
10610,LOAD,116475187,4292.759796127222
10611,LOAD,113385377,4409.739714495988
10612,LOAD,114474625,4367.780195829425
10613,LOAD,112692954,4436.834622331402
10614,LOAD,114750154,4357.292627249982
10615,LOAD,120887372,4136.0813104614435
10616,LOAD,113990299,4386.3381742686715
10617,LOAD,111946144,4466.433430703964
10618,LOAD,116937916,4275.773137602349
10619,LOAD,112874360,4429.703964655923
10620,LOAD,118384122,4223.539369578633
10621,LOAD,116207857,4302.635061930451
10622,LOAD,119621927,4179.835691829308
10623,LOAD,117264550,4263.863205035111
10624,LOAD,114098946,4382.161426802313
10625,LOAD,113621403,4400.579352113791
10626,LOAD,120525571,4148.497251259651
10627,LOAD,118285975,4227.0438232427805
10628,LOAD,126635072,3948.353265041773
10629,LOAD,116955638,4275.125240221425
10630,LOAD,112829016,4431.48418488379
10631,LOAD,110583732,4521.460715397089
10632,LOAD,115829880,4316.675455417894
10633,LOAD,118757686,4210.253810435477
10634,LOAD,114283278,4375.093266050699
10635,LOAD,116331157,4298.074676589007
10636,LOAD,113395356,4409.351649286237
10637,LOAD,111324166,4491.387790859354
10638,LOAD,115556855,4326.874420388128
10639,LOAD,113694737,4397.740943804638
10640,LOAD,128685420,3885.4440541904437
10641,LOAD,113083577,4421.508527272709
10642,LOAD,117080642,4270.560798598969
10643,LOAD,122788795,4072.032794197549
10644,LOAD,119255716,4192.671150454541
10645,LOAD,114561790,4364.456945025038
10646,LOAD,117472296,4256.3226992686
10647,LOAD,122530270,4080.624322463339
10648,LOAD,112375029,4449.387060892326
10649,LOAD,113524815,4404.3234071775405
10650,LOAD,121456163,4116.711640231875
10651,LOAD,113013298,4424.2581081033495
10652,LOAD,114414413,4370.07879418129
10653,LOAD,118413270,4222.499724904143
10654,LOAD,113555573,4403.130439049434
10655,LOAD,121115262,4128.298876156499
10656,LOAD,114007403,4385.680112369545
10657,LOAD,114080218,4382.880825140079
10658,LOAD,118395488,4223.133908616517
10659,LOAD,116422781,4294.692118718586
10660,LOAD,116763045,4282.17677947676
10661,LOAD,112540795,4442.8333743332805
10662,LOAD,117955663,4238.880841185217
10663,LOAD,112043587,4462.54902567516
10664,LOAD,115377610,4333.596440418553
10665,LOAD,116082404,4307.285021423229
10666,LOAD,117396878,4259.057042385744
10667,LOAD,110350846,4531.002870607807
10668,LOAD,113332681,4411.790099627133
10669,LOAD,117135612,4268.556687952422
10670,LOAD,122217295,4091.0740169793485
10671,LOAD,126496905,3952.6658774773973
10672,LOAD,117902802,4240.781317478782
10673,LOAD,116847240,4279.091230567363
10674,LOAD,117302196,4262.4947959201045
10675,LOAD,113620904,4400.598678567106
10676,LOAD,118012209,4236.849765264542
10677,LOAD,115802915,4317.6806041540485
10678,LOAD,121012983,4131.788074342404
10679,LOAD,117418749,4258.263729244807
10680,LOAD,116050379,4308.473650051586
10681,LOAD,119610369,4180.239591101003
10682,LOAD,117935564,4239.603246396481
10683,LOAD,119573692,4181.5218016350955
10684,LOAD,113154680,4418.730184204489
10685,LOAD,121704108,4108.324757616234
10686,LOAD,116203661,4302.790425854138
10687,LOAD,116790187,4281.181603039989
10688,LOAD,116477359,4292.679747314669
10689,LOAD,116920003,4276.428217334205
10690,LOAD,113763981,4395.064198746702
10691,LOAD,112446006,4446.57856500479
10692,LOAD,115116071,4343.442194096427
10693,LOAD,114482164,4367.49256416921
10694,LOAD,117748023,4246.35579656399
10695,LOAD,118817626,4208.129861136932
10696,LOAD,118104471,4233.53998173363
10697,LOAD,117924930,4239.985556913199
10698,LOAD,115899609,4314.078402110917
10699,LOAD,111390105,4488.729048239968
10700,LOAD,116999786,4273.512090013566
10701,LOAD,114944654,4349.919570857119
10702,LOAD,117544141,4253.721161652795
10703,LOAD,110248016,4535.229005844422
10704,LOAD,116578572,4288.952861766054
10705,LOAD,119296574,4191.235198422379
10706,LOAD,113301367,4413.0094211484675
10707,LOAD,117911690,4240.4616539717135
10708,LOAD,123867397,4036.574692854812
10709,LOAD,118056561,4235.258047199935
10710,LOAD,113140035,4419.302150648973
10711,LOAD,116001005,4310.307483973954
10712,LOAD,119181714,4195.274452924884
10713,LOAD,114605587,4362.789049717096
10714,LOAD,118664441,4213.562174029877
10715,LOAD,120642713,4144.469131757672
10716,LOAD,120926906,4134.729123062158
10717,LOAD,119844316,4172.079383389363
10718,LOAD,113373599,4410.197827450111
10719,LOAD,113085173,4421.446125390815
10720,LOAD,118315469,4225.990094329931
10721,LOAD,117895701,4241.0367448428
10722,LOAD,119894044,4170.348945774154
10723,LOAD,118087754,4234.139299490784
10724,LOAD,121268268,4123.0901392934875
10725,LOAD,117588795,4252.105823518304
10726,LOAD,120811867,4138.6662785370245
10727,LOAD,123298737,4055.1915791319097
10728,LOAD,119430401,4186.538735644034
10729,LOAD,116939224,4275.7253118081235
10730,LOAD,116437216,4294.159695470562
10731,LOAD,121710470,4108.110008941712
10732,LOAD,130834420,3821.624309566244
10733,LOAD,114864432,4352.957580463202
10734,LOAD,119998961,4166.7027433679195
10735,LOAD,119127701,4197.176607983059
10736,LOAD,117687388,4248.543607748352
10737,LOAD,119867106,4171.286157521815
10738,LOAD,116955836,4275.118002662133
10739,LOAD,115168106,4341.479749610538
10740,LOAD,111930801,4467.045670476351
10741,LOAD,113874424,4390.801572792148
10742,LOAD,114699790,4359.205888694303
10743,LOAD,120134600,4161.998291915901
10744,LOAD,115987419,4310.812364916922
10745,LOAD,124232204,4024.721319441455
10746,LOAD,119273800,4192.035467973687
10747,LOAD,112257958,4454.0272147120295
10748,LOAD,116958543,4275.019055256186
10749,LOAD,115502031,4328.928207331696
10750,LOAD,114561476,4364.468907506045
10751,LOAD,118717724,4211.671039111228
10752,LOAD,117956193,4238.861795073362
10753,LOAD,113377428,4410.048885568299
10754,LOAD,113627844,4400.329905053905
10755,LOAD,118383409,4223.564807125971
10756,LOAD,113840590,4392.106541260899
10757,LOAD,117499288,4255.344934515689
10758,LOAD,109920017,4548.7620330335285
10759,LOAD,115295660,4336.676679764008
10760,LOAD,103834899,4815.33670100647
10761,LOAD,112866970,4429.994000902124
10762,LOAD,114224667,4377.338215396155
10763,LOAD,118994034,4201.891331795676
10764,LOAD,116146014,4304.926039045989
10765,LOAD,106853044,4679.323875883218
10766,LOAD,116710350,4284.110192455082
10767,LOAD,113278360,4413.9057097931145
10768,LOAD,119064695,4199.3976468003375
10769,LOAD,112187190,4456.836827805385
10770,LOAD,115095640,4344.213212594325
10771,LOAD,111916360,4467.622070624884
10772,LOAD,112174728,4457.331958050302
10773,LOAD,112962345,4426.253721981427
10774,LOAD,124978257,4000.6958970471155
10775,LOAD,114451615,4368.658319063476
10776,LOAD,114926599,4350.602944406281
10777,LOAD,113400145,4409.165438015974
10778,LOAD,118030857,4236.180374425308
10779,LOAD,120221477,4158.9906602129
10780,LOAD,112599663,4440.510625684555
10781,LOAD,111373984,4489.378776285851
10782,LOAD,117948290,4239.1458155094915
10783,LOAD,111450262,4486.306187418384
10784,LOAD,116294879,4299.415454054516
10785,LOAD,104866480,4767.967800578412
10786,LOAD,116106394,4306.395046598382
10787,LOAD,117309038,4262.24618771488
10788,LOAD,121212946,4124.971931628491
10789,LOAD,124396585,4019.4029442206956
10790,LOAD,116331677,4298.055464291123
10791,LOAD,117171307,4267.256317282524
10792,LOAD,114998705,4347.875047810321
10793,LOAD,117196101,4266.353536795563
10794,LOAD,112494401,4444.665650515353
10795,LOAD,119202724,4194.535017505137
10796,LOAD,111931785,4467.006400371441
10797,LOAD,116322385,4298.398799164924
10798,LOAD,110991204,4504.861484338886
10799,LOAD,116266101,4300.479638514756
10800,LOAD,109518159,4565.452930960974
10801,LOAD,115910247,4313.68246501968
10802,LOAD,119821354,4172.878901034619
10803,LOAD,115561817,4326.688632803342
10804,LOAD,118763111,4210.0614895478775
10805,LOAD,114646366,4361.237232761481
10806,LOAD,113749690,4395.616374866604
10807,LOAD,113959420,4387.526717843948
10808,LOAD,117256559,4264.153786058143
10809,LOAD,115934899,4312.765218348964
10810,LOAD,118799064,4208.787368897115
10811,LOAD,116983777,4274.096911745293
10812,LOAD,119105447,4197.960820381288
10813,LOAD,108412521,4612.013403876108
10814,LOAD,115682073,4322.190872219242
10815,LOAD,116448960,4293.726624952254
10816,LOAD,115359493,4334.277023911677
10817,LOAD,114812377,4354.93117610482
10818,LOAD,113754566,4395.427960227988
10819,LOAD,112205525,4456.108556151758
10820,LOAD,117578509,4252.477806126968
10821,LOAD,114350983,4372.502858152081
10822,LOAD,113284437,4413.668931417295
10823,LOAD,114193480,4378.5336956190495
10824,LOAD,116617395,4287.5250300351845
10825,LOAD,119615880,4180.046997104398
10826,LOAD,119651943,4178.787134279967
10827,LOAD,117539638,4253.8841237540655
10828,LOAD,121123161,4128.029650745327
10829,LOAD,111877573,4469.170957078234
10830,LOAD,113149980,4418.91372848674
10831,LOAD,113136391,4419.444491560634
10832,LOAD,120422032,4152.064133911974
10833,LOAD,115870073,4315.1780874428205
10834,LOAD,111269323,4493.60152932718
10835,LOAD,115631333,4324.087485872017
10836,LOAD,110146156,4539.42305530844
10837,LOAD,113788133,4394.131328264258
10838,LOAD,114586908,4363.500235122847
10839,LOAD,111941012,4466.638196910351
10840,LOAD,110233727,4535.816882976296
10841,LOAD,112345080,4450.57318041876
10842,LOAD,118811124,4208.36015321259
10843,LOAD,113101000,4420.82740205657
10844,LOAD,111749380,4474.297754493135
10845,LOAD,121151418,4127.0668412647055
10846,LOAD,122313427,4087.858645314549
10847,LOAD,113379948,4409.950867149807
10848,LOAD,109797225,4553.849152380672
10849,LOAD,115631591,4324.07783786353
10850,LOAD,112916669,4428.044188940785
10851,LOAD,113585767,4401.959974439403
10852,LOAD,121916657,4101.162321076438
10853,LOAD,112386844,4448.919305893134
10854,LOAD,115167227,4341.512885432242
10855,LOAD,108257356,4618.623791255349
10856,LOAD,113634979,4400.053613773273
10857,LOAD,119453507,4185.728929666335
10858,LOAD,114211899,4377.82756768627
10859,LOAD,115559783,4326.764788057797
10860,LOAD,114062911,4383.545848658903
10861,LOAD,114751759,4357.231683045486
10862,LOAD,117135400,4268.5644134907125
10863,LOAD,112174947,4457.323255967306
10864,LOAD,119420501,4186.885801123879
10865,LOAD,113216306,4416.324977075298
10866,LOAD,113866603,4391.103157788944
10867,LOAD,110276448,4534.059711462596
10868,LOAD,114083383,4382.759231464936
10869,LOAD,111743048,4474.551293786079
10870,LOAD,119503992,4183.9606496157885
10871,LOAD,115794525,4317.993445717749
10872,LOAD,112480047,4445.232850942888
10873,LOAD,119695115,4177.27991656134
10874,LOAD,115031487,4346.635978025739
10875,LOAD,117744729,4246.474591656668
10876,LOAD,114240166,4376.744340515052
10877,LOAD,117626589,4250.739601060777
10878,LOAD,114482657,4367.473756308783
10879,LOAD,116066025,4307.892856673605
10880,LOAD,112976324,4425.706044392097
10881,LOAD,117671757,4249.107965643786
10882,LOAD,117911347,4240.473989326914
10883,LOAD,113462688,4406.735014069119
10884,LOAD,111068720,4501.717495258791
10885,LOAD,132829161,3764.233668539094
10886,LOAD,118927515,4204.241549989504
10887,LOAD,114579993,4363.763576072133
10888,LOAD,119203823,4194.496345977092
10889,LOAD,112131531,4459.049078710965
10890,LOAD,119655730,4178.654879294122
10891,LOAD,115099758,4344.057786811332
10892,LOAD,117517712,4254.67779699455
10893,LOAD,113320798,4412.252726988386
10894,LOAD,125735352,3976.6063565002787
10895,LOAD,114315688,4373.852869607888
10896,LOAD,122461024,4082.931725281017
10897,LOAD,117830327,4243.389734461146
10898,LOAD,109356816,4572.188714784819
10899,LOAD,126341916,3957.514780763654
10900,LOAD,120416696,4152.248123466201
10901,LOAD,119139012,4196.778130072121
10902,LOAD,117058395,4271.372420576927
10903,LOAD,125492532,3984.3008347301497
10904,LOAD,119344146,4189.56452208389
10905,LOAD,116582826,4288.796361824339
10906,LOAD,116893714,4277.389971542867
10907,LOAD,121125296,4127.956888542918
10908,LOAD,113293283,4413.324309791606
10909,LOAD,116690569,4284.836420670808
10910,LOAD,116591510,4288.476922547791
10911,LOAD,119753748,4175.234665724199
10912,LOAD,120807748,4138.807388413531
10913,LOAD,116376728,4296.39162908928
10914,LOAD,117052327,4271.5938487920885
10915,LOAD,126773452,3944.0434263792076
10916,LOAD,117333700,4261.350319643888
10917,LOAD,116058490,4308.172542999655
10918,LOAD,125694772,3977.890186236226
10919,LOAD,115004826,4347.643637146149
10920,LOAD,123882701,4036.0760296952194
10921,LOAD,117538970,4253.908299519726
10922,LOAD,118512000,4218.98204401242
10923,LOAD,116807565,4280.544671914015
10924,LOAD,118269002,4227.650454004845
10925,LOAD,115774285,4318.748329994005
10926,LOAD,121940145,4100.3723589142855
10927,LOAD,118210843,4229.730431750665
10928,LOAD,122512088,4081.2299272868486
10929,LOAD,117227228,4265.220704527791
10930,LOAD,116893326,4277.404169336409
10931,LOAD,117500282,4255.308936194723
10932,LOAD,116599714,4288.175183688701
10933,LOAD,118091221,4234.014990834924
10934,LOAD,117093770,4270.082003508812
10935,LOAD,123150660,4060.0675627722985
10936,LOAD,117853486,4242.555879933836
10937,LOAD,125037143,3998.811777073314
10938,LOAD,116254703,4300.901271925317
10939,LOAD,118128373,4232.683370658123
10940,LOAD,117649882,4249.89801519733
10941,LOAD,118538375,4218.043312977759
10942,LOAD,121684414,4108.989668964507
10943,LOAD,120370452,4153.843336901319
10944,LOAD,121513125,4114.7818394103515
10945,LOAD,121236426,4124.173043504268
10946,LOAD,121299150,4122.0404264992785
10947,LOAD,121639086,4110.520856758164
10948,LOAD,121658706,4109.857949664532
10949,LOAD,125254043,3991.887112178886
10950,LOAD,119532534,4182.9616027382135
10951,LOAD,119022649,4200.881128095209
10952,LOAD,119313337,4190.646348278734
10953,LOAD,122037554,4097.099487916646
10954,LOAD,120049816,4164.937662211827
10955,LOAD,121135986,4127.592604892819
10956,LOAD,117963251,4238.608174676366
10957,LOAD,120599824,4145.943032222004
10958,LOAD,120474666,4150.2501447067725
10959,LOAD,124436041,4018.128477745447
10960,LOAD,118673741,4213.2319735332185
10961,LOAD,121804254,4104.946942165091
10962,LOAD,113881047,4390.5462161759015
10963,LOAD,118676081,4213.148898976535
10964,LOAD,122681244,4075.602624309874
10965,LOAD,115808856,4317.459106927021
10966,LOAD,117285610,4263.097578637311
10967,LOAD,117496839,4255.433629154909
10968,LOAD,117157007,4267.777171876711
10969,LOAD,119188167,4195.047315393314
10970,LOAD,117645148,4250.069029621179
10971,LOAD,122661149,4076.27031114799
10972,LOAD,116922640,4276.331769450297
10973,LOAD,113281988,4413.764348838934
10974,LOAD,115469873,4330.133800355007
10975,LOAD,117770350,4245.550768932928
10976,LOAD,117177331,4267.036940788487
10977,LOAD,116216411,4302.318370509652
10978,LOAD,116420292,4294.783936807167
10979,LOAD,115869773,4315.189259928903
10980,LOAD,120077439,4163.97954656578
10981,LOAD,117125345,4268.930862060641
10982,LOAD,123235076,4057.2864173833104
10983,LOAD,117676169,4248.948655016124
10984,LOAD,119840628,4172.207775813725
10985,LOAD,117742058,4246.570923705105
10986,LOAD,113894986,4390.008880636765
10987,LOAD,121994143,4098.557420088602
10988,LOAD,122443123,4083.528643744247
10989,LOAD,117176179,4267.078891521118
10990,LOAD,121672905,4109.378336943628
10991,LOAD,116439632,4294.070596169524
10992,LOAD,113024736,4423.810377225743
10993,LOAD,111778213,4473.1436169944855
10994,LOAD,116413050,4295.051113255773
10995,LOAD,125464680,3985.1853127111153
10996,LOAD,113676078,4398.462797071517
10997,LOAD,118882349,4205.838833147552
10998,LOAD,118302034,4226.470019949108
10999,LOAD,119134103,4196.951061108002
11000,LOAD,115562999,4326.644378621569
11001,LOAD,115277522,4337.359021301655
11002,LOAD,117219698,4265.494695268709
11003,LOAD,117354904,4260.58036739564
11004,LOAD,112481287,4445.183846447276
11005,LOAD,123855906,4036.9491948167574
11006,LOAD,116773579,4281.7904896106675
11007,LOAD,113355469,4410.903191622805
11008,LOAD,116696637,4284.613617442978
11009,LOAD,116175328,4303.839796346432
11010,LOAD,134710871,3711.6529370521253
11011,LOAD,126638101,3948.258826149012
11012,LOAD,361336469,1383.751829378728
11013,LOAD,112933606,4427.380101543911
11014,LOAD,116855992,4278.770745448808
11015,LOAD,116177910,4303.744145509245
11016,LOAD,112207193,4456.0423145065215
11017,LOAD,118806354,4208.529116212084
11018,LOAD,116105676,4306.42167743806
11019,LOAD,114140467,4380.567323243912
11020,LOAD,116820358,4280.075909371892
11021,LOAD,112615674,4439.879301348407
11022,LOAD,120998253,4132.291067045406
11023,LOAD,116473503,4292.821861810064
11024,LOAD,115963335,4311.707661736358
11025,LOAD,117840662,4243.017575715928
11026,LOAD,115084118,4344.648146845076
11027,LOAD,117076698,4270.7046623402375
11028,LOAD,115884098,4314.655838284214
11029,LOAD,115543140,4327.388021478385
11030,LOAD,116376068,4296.415995082425
11031,LOAD,124982320,4000.565840032414
11032,LOAD,123535012,4047.435556164434
11033,LOAD,118960487,4203.076270190454
11034,LOAD,114957362,4349.438707544455
11035,LOAD,115458925,4330.544390570067
11036,LOAD,120470569,4150.391287684546
11037,LOAD,115648007,4323.4640437859
11038,LOAD,115609000,4324.922800128018
11039,LOAD,131910206,3790.457275155798
11040,LOAD,120850579,4137.340541827276
11041,LOAD,122745848,4073.4575396798755
11042,LOAD,120974403,4133.105744692123
11043,LOAD,115960399,4311.816829812737
11044,LOAD,114817736,4354.727914161275
11045,LOAD,121177224,4126.187937759657
11046,LOAD,118161468,4231.497868662228
11047,LOAD,117848199,4242.7462128632105
11048,LOAD,115169320,4341.433986065039
11049,LOAD,117249781,4264.4002891570435
11050,LOAD,117206606,4265.971151830811
11051,LOAD,117144135,4268.246122607846
11052,LOAD,127360469,3925.8649400859226
11053,LOAD,115630800,4324.107417746829
11054,LOAD,111580357,4481.0754638471
11055,LOAD,122641060,4076.9380173328577
11056,LOAD,120835693,4137.850229402003
11057,LOAD,125115586,3996.3046650319006
11058,LOAD,108388272,4613.045219504929
11059,LOAD,111407064,4488.045749055913
11060,LOAD,113257284,4414.7270916367725
11061,LOAD,122754476,4073.171230025046
11062,LOAD,125251263,3991.975713650089
11063,LOAD,115481123,4329.711965132171
11064,LOAD,126560092,3950.692450508016
11065,LOAD,115977504,4311.180899357862
11066,LOAD,118779822,4209.46918071657
11067,LOAD,125924478,3970.633890576859
11068,LOAD,119527340,4183.143371215322
11069,LOAD,120967422,4133.344265202246
11070,LOAD,115121882,4343.222950437867
11071,LOAD,118002206,4237.208921331521
11072,LOAD,119535551,4182.856027492608
11073,LOAD,116133208,4305.400742912398
11074,LOAD,116872200,4278.177359543159
11075,LOAD,120187103,4160.180148447375
11076,LOAD,124130437,4028.0209438076818
11077,LOAD,120407987,4152.548451789997
11078,LOAD,118182033,4230.761540546523
11079,LOAD,119873543,4171.062166736825
11080,LOAD,124003008,4032.1602521125938
11081,LOAD,116642099,4286.616961514042
11082,LOAD,116256301,4300.842153923339
11083,LOAD,116933679,4275.928066883109
11084,LOAD,116329523,4298.135048658284
11085,LOAD,116388905,4295.942126098704
11086,LOAD,116365137,4296.8195878117685
11087,LOAD,119917045,4169.549041172587
11088,LOAD,118256916,4228.082525000061
11089,LOAD,116721451,4283.702744579486
11090,LOAD,121990341,4098.685157376517
11091,LOAD,116756720,4282.408755573127
11092,LOAD,118105408,4233.506394559003
11093,LOAD,114878672,4352.418001489432
11094,LOAD,116922258,4276.345740774182
11095,LOAD,117077339,4270.681280174978
11096,LOAD,119787271,4174.066207752575
11097,LOAD,111428849,4487.168309528172
11098,LOAD,127171490,3931.6988422483687
11099,LOAD,116076281,4307.51222982411
11100,LOAD,116514101,4291.326077347497
11101,LOAD,119282392,4191.73351252044
11102,LOAD,117068579,4271.00084643549
11103,LOAD,116760282,4282.2781123464565
11104,LOAD,117471545,4256.349910099505
11105,LOAD,117921857,4240.096049369371
11106,LOAD,116832023,4279.648568612049
11107,LOAD,114159856,4379.823324234046
11108,LOAD,117470705,4256.380346061599
11109,LOAD,121723549,4107.668599113883
11110,LOAD,120150928,4161.432694052934
11111,LOAD,123152939,4059.992429413317
11112,LOAD,121256462,4123.491579360117
11113,LOAD,121187730,4125.830230502708
11114,LOAD,117557802,4253.226850906926
11115,LOAD,120122033,4162.433714387767
11116,LOAD,111728927,4475.116815540527
11117,LOAD,121509244,4114.913265364403
11118,LOAD,118009527,4236.946056058678
11119,LOAD,118261904,4227.904194743897
11120,LOAD,120254953,4157.832900238213
11121,LOAD,122683011,4075.5439235184735
11122,LOAD,120657627,4143.956850734351
11123,LOAD,127322867,3927.0243576905946
11124,LOAD,122523805,4080.8396376524547
11125,LOAD,113084763,4421.462155781323
11126,LOAD,121497180,4115.321853560716
11127,LOAD,122845535,4070.152000233464
11128,LOAD,115550093,4327.127629399658
11129,LOAD,114733527,4357.924079157786
11130,LOAD,116838762,4279.401727998453
11131,LOAD,113870591,4390.949371642411
11132,LOAD,112348779,4450.42664860648
11133,LOAD,118711021,4211.9088504849105
11134,LOAD,115020823,4347.03897050015
11135,LOAD,116407371,4295.260649774489
11136,LOAD,120070731,4164.212175904884
11137,LOAD,124045715,4030.7720423877604
11138,LOAD,117760002,4245.923840932
11139,LOAD,120172980,4160.669062213486
11140,LOAD,118014814,4236.756243161134
11141,LOAD,120770563,4140.081718423388
11142,LOAD,121439440,4117.278538175077
11143,LOAD,119592041,4180.880230984601
11144,LOAD,117941961,4239.373296497927
11145,LOAD,116246610,4301.200697379477
11146,LOAD,116118182,4305.957873160639
11147,LOAD,119705160,4176.929382158631
11148,LOAD,115636541,4323.892739060743
11149,LOAD,118647221,4214.1737141909125
11150,LOAD,116518341,4291.169919763962
11151,LOAD,121869894,4102.735988266307
11152,LOAD,113459808,4406.846872154058
11153,LOAD,121244158,4123.910036143762
11154,LOAD,118708808,4211.9873699683685
11155,LOAD,123895836,4035.648139135201
11156,LOAD,119246435,4192.997467806899
11157,LOAD,117556749,4253.264948658966
11158,LOAD,114614875,4362.435504117593
11159,LOAD,129413155,3863.59485633435
11160,LOAD,116070732,4307.718159303071
11161,LOAD,118694562,4212.492902581333
11162,LOAD,117432706,4257.757630144366
11163,LOAD,122839381,4070.355906466185
11164,LOAD,110104355,4541.146442390948
11165,LOAD,121970694,4099.345372258028
11166,LOAD,118330123,4225.466747803516
11167,LOAD,126018557,3967.669618689571
11168,LOAD,123708461,4041.760732921897
11169,LOAD,123907010,4035.284202241665
11170,LOAD,115311458,4336.082542638564
11171,LOAD,118798329,4208.813408478161
11172,LOAD,121515390,4114.705141463974
11173,LOAD,114364989,4371.967368440004
11174,LOAD,120924845,4134.799593913062
11175,LOAD,121637131,4110.586922672485
11176,LOAD,118265078,4227.79072618546
11177,LOAD,118744250,4210.730203778288
11178,LOAD,116955941,4275.114164572452
11179,LOAD,121453191,4116.812377535639
11180,LOAD,115538017,4327.579899523462
11181,LOAD,121599300,4111.865775543115
11182,LOAD,121132422,4127.7140483494995
11183,LOAD,117954152,4238.935141511593
11184,LOAD,116247237,4301.177498093998
11185,LOAD,119318773,4190.455428166362
11186,LOAD,115660714,4322.98904881393
11187,LOAD,119935711,4168.900120165211
11188,LOAD,116098021,4306.705624206979
11189,LOAD,118845571,4207.140373788098
11190,LOAD,118387989,4223.401412790279
11191,LOAD,118463732,4220.701066550901
11192,LOAD,122340356,4086.958844553305
11193,LOAD,125151415,3995.1605820837103
11194,LOAD,119341479,4189.658148949201
11195,LOAD,118243985,4228.544902305178
11196,LOAD,116384069,4296.12063142422
11197,LOAD,118448833,4221.231964353757
11198,LOAD,113223071,4416.06110471955
11199,LOAD,116394777,4295.725400118255
11200,LOAD,114669387,4360.361671768595
11201,LOAD,120666220,4143.661747256191
11202,LOAD,119447422,4185.942162904111
11203,LOAD,118974881,4202.5677672247475
11204,LOAD,113280470,4413.823494906051
11205,LOAD,117798711,4244.528617974435
11206,LOAD,123539202,4047.298281884644
11207,LOAD,121200562,4125.393411954641
11208,LOAD,116868432,4278.315293902463
11209,LOAD,120900313,4135.638590116801
11210,LOAD,114935844,4350.252998533686
11211,LOAD,116505762,4291.633232697967
11212,LOAD,118184199,4230.684002012824
11213,LOAD,117853039,4242.571971351541
11214,LOAD,112592956,4440.775140498133
11215,LOAD,117430445,4257.839608799915
11216,LOAD,115228159,4339.217117926878
11217,LOAD,119515690,4183.551130399699
11218,LOAD,115545630,4327.294766578364
11219,LOAD,116469504,4292.969256570372
11220,LOAD,120579176,4146.652984259902
11221,LOAD,111120875,4499.604597246017
11222,LOAD,122175368,4092.477953493866
11223,LOAD,120759432,4140.463330433685
11224,LOAD,122987074,4065.4678881131845
11225,LOAD,131665851,3797.4918796522265
11226,LOAD,121954771,4099.8806024571195
11227,LOAD,117383583,4259.539428098732
11228,LOAD,118354302,4224.603512933564
11229,LOAD,117448304,4257.192168564648
11230,LOAD,120084964,4163.718615096557
11231,LOAD,116457088,4293.426948817405
11232,LOAD,119626968,4179.659556363578
11233,LOAD,118130884,4232.5934003846105
11234,LOAD,118891219,4205.525052274887
11235,LOAD,119844701,4172.065980622706
11236,LOAD,119062007,4199.492454381355
11237,LOAD,117189576,4266.591083152311
11238,LOAD,120663586,4143.752200436013
11239,LOAD,113432959,4407.889950221611
11240,LOAD,120263336,4157.543076969027
11241,LOAD,115689524,4321.9125009106265
11242,LOAD,116160725,4304.380848173942
11243,LOAD,115241992,4338.696262730342
11244,LOAD,117425009,4258.036718566485
11245,LOAD,119440342,4186.1902907143385
11246,LOAD,120925821,4134.766221682298
11247,LOAD,122467139,4082.727857307094
11248,LOAD,123614938,4044.8185962767707
11249,LOAD,116257318,4300.804530859727
11250,LOAD,120928377,4134.678827286337
11251,LOAD,115745950,4319.8055741907165
11252,LOAD,116896349,4277.293553453924
11253,LOAD,114883024,4352.253123142023
11254,LOAD,122321237,4087.5976425908775
11255,LOAD,117388897,4259.346605837859
11256,LOAD,117258703,4264.075818747544
11257,LOAD,118811765,4208.337448736663
11258,LOAD,116196608,4303.051600267023
11259,LOAD,117648101,4249.962351708507
11260,LOAD,117192475,4266.485540133869
11261,LOAD,116302092,4299.148806368848
11262,LOAD,110874461,4509.604786263628
11263,LOAD,116233687,4301.678910004807
11264,LOAD,125668751,3978.7138490777234
11265,LOAD,118647441,4214.165900130961
11266,LOAD,117520299,4254.584137843284
11267,LOAD,115176310,4341.170506330685
11268,LOAD,121141422,4127.407386715338
11269,LOAD,114906185,4351.3758637100345
11270,LOAD,124452397,4017.6004002558507
11271,LOAD,114574726,4363.964178277852
11272,LOAD,116096732,4306.753440742845
11273,LOAD,117472464,4256.316612206244
11274,LOAD,115892202,4314.354127122375
11275,LOAD,114468514,4368.013373529074
11276,LOAD,118914248,4204.710607933205
11277,LOAD,113514254,4404.733171219184
11278,LOAD,114111095,4381.694873754388
11279,LOAD,112839219,4431.08348702768
11280,LOAD,122638061,4077.0377150695494
11281,LOAD,118765227,4209.986480302016
11282,LOAD,121055424,4130.339504655322
11283,LOAD,114720535,4358.4176102386555
11284,LOAD,121269401,4123.051617942765
11285,LOAD,116226040,4301.96193555248
11286,LOAD,122189666,4091.9990729821616
11287,LOAD,110780624,4513.424658088223
11288,LOAD,124001314,4032.2153360407133
11289,LOAD,106657452,4687.904976391148
11290,LOAD,116272498,4300.24303769581
11291,LOAD,112705201,4436.35249805375
11292,LOAD,120499161,4149.406484249297
11293,LOAD,112076792,4461.226905923574
11294,LOAD,125794720,3974.7296229921258
11295,LOAD,114239673,4376.763228305109
11296,LOAD,108425190,4611.474510674134
11297,LOAD,109776831,4554.695152386026
11298,LOAD,104736639,4773.878604219866
11299,LOAD,117396440,4259.072932705625
11300,LOAD,113013112,4424.265389665581
11301,LOAD,122145562,4093.47660130296
11302,LOAD,111071982,4501.585287277939
11303,LOAD,126318664,3958.24325691095
11304,LOAD,111663271,4477.748103940105
11305,LOAD,117921303,4240.115969546232
11306,LOAD,112546644,4442.6024822206155
11307,LOAD,113707757,4397.237384605168
11308,LOAD,114159719,4379.828580341898
11309,LOAD,124193862,4025.963859631002
11310,LOAD,109135755,4581.44995652433
11311,LOAD,110491295,4525.243368719681
11312,LOAD,109087806,4583.463709958563
11313,LOAD,118388200,4223.393885539268
11314,LOAD,108795056,4595.797073719968
11315,LOAD,116450663,4293.663832553706
11316,LOAD,110592377,4521.107273062772
11317,LOAD,122114625,4094.5136587857514
11318,LOAD,109422589,4569.440410517064
11319,LOAD,111548505,4482.355007805797
11320,LOAD,108275194,4617.862887412605
11321,LOAD,115552592,4327.0340487039875
11322,LOAD,107088263,4669.045757143339
11323,LOAD,115927607,4313.036496992472
11324,LOAD,115971647,4311.3986300461875
11325,LOAD,113230559,4415.769068136457
11326,LOAD,108488561,4608.780828054305
11327,LOAD,118125082,4232.801294478678
11328,LOAD,113871339,4390.920528299048
11329,LOAD,122069635,4096.022733253852
11330,LOAD,116804323,4280.663481950065
11331,LOAD,116058956,4308.155244822296
11332,LOAD,109003019,4587.028915226651
11333,LOAD,119473084,4185.043051203064
11334,LOAD,112352719,4450.270580456536
11335,LOAD,116547303,4290.103564215467
11336,LOAD,116275545,4300.130349851294
11337,LOAD,128098959,3903.2323439880565
11338,LOAD,114052943,4383.928961833102
11339,LOAD,119973587,4167.58398663199
11340,LOAD,113086881,4421.379346380594
11341,LOAD,116291004,4299.558717370778
11342,LOAD,121402847,4118.519559924323
11343,LOAD,117646292,4250.027701680559
11344,LOAD,119930119,4169.094504108681
11345,LOAD,125175005,3994.407669486412
11346,LOAD,120376481,4153.635293591943
11347,LOAD,112694570,4436.770999703002
11348,LOAD,121899720,4101.732145077938
11349,LOAD,115554401,4326.966309141268
11350,LOAD,121249711,4123.721169116849
11351,LOAD,113103485,4420.7302719275185
11352,LOAD,121416818,4118.045656574528
11353,LOAD,111136451,4498.9739684957185
11354,LOAD,121058408,4130.23769484892
11355,LOAD,117164163,4267.516510146537
11356,LOAD,118998843,4201.72152430087
11357,LOAD,109899528,4549.6100765783085
11358,LOAD,121327819,4121.0664142903615
11359,LOAD,123073047,4062.6279448496957
11360,LOAD,118869458,4206.294942473784
11361,LOAD,111583698,4480.941293055192
11362,LOAD,118637124,4214.532375211657
11363,LOAD,116588569,4288.585101340424
11364,LOAD,120255012,4157.830860305432
11365,LOAD,114956469,4349.472494671004
11366,LOAD,119793786,4173.839200641008
11367,LOAD,112941215,4427.081823052815
11368,LOAD,119311715,4190.703318613768
11369,LOAD,115785352,4318.335535223834
11370,LOAD,113391751,4409.49183331687
11371,LOAD,114710986,4358.780422304103
11372,LOAD,116576322,4289.035641388652
11373,LOAD,119154790,4196.22240952294
11374,LOAD,116199544,4302.942875576173
11375,LOAD,119819993,4172.926299536673
11376,LOAD,117293845,4262.79827385657
11377,LOAD,113846016,4391.897209648514
11378,LOAD,118113151,4233.228863735927
11379,LOAD,115303550,4336.37992932568
11380,LOAD,119590267,4180.942250091306
11381,LOAD,116515370,4291.279339369561
11382,LOAD,118680358,4212.997065613839
11383,LOAD,122021995,4097.6219082469515
11384,LOAD,115457236,4330.607741207316
11385,LOAD,123371321,4052.805757020304
11386,LOAD,116455266,4293.494121596872
11387,LOAD,117737340,4246.741093352372
11388,LOAD,120420515,4152.1164396282475
11389,LOAD,120529317,4148.368317726384
11390,LOAD,115305925,4336.290611258702
11391,LOAD,118550377,4217.61627970192
11392,LOAD,109213666,4578.181635254327
11393,LOAD,119253801,4192.738477157638
11394,LOAD,114882014,4352.291386535058
11395,LOAD,119207146,4194.3794208444515
11396,LOAD,113853783,4391.597598474176
11397,LOAD,121317996,4121.400093024946
11398,LOAD,116479616,4292.596568999678
11399,LOAD,119637849,4179.27941850576
11400,LOAD,114710439,4358.801207272862
11401,LOAD,121740254,4107.104951497801
11402,LOAD,115112541,4343.575388540854
11403,LOAD,117173109,4267.190691338573
11404,LOAD,122566757,4079.409558009273
11405,LOAD,121729392,4107.471431386102
11406,LOAD,118781674,4209.403548227481
11407,LOAD,111311791,4491.887117331532
11408,LOAD,120689953,4142.8469194946165
11409,LOAD,114865319,4352.923966545551
11410,LOAD,116325557,4298.28158914382
11411,LOAD,115409326,4332.405511145607
11412,LOAD,119716406,4176.53700696628
11413,LOAD,120940318,4134.270591218389
11414,LOAD,116252790,4300.972045488113
11415,LOAD,115693714,4321.755977165708
11416,LOAD,124437749,4018.073325964776
11417,LOAD,116239139,4301.477147039089
11418,LOAD,119835108,4172.3999614537
11419,LOAD,113295524,4413.2370136705495
11420,LOAD,122833018,4070.5667591754527
11421,LOAD,114380247,4371.384160413642
11422,LOAD,117870827,4241.931720730186
11423,LOAD,115236629,4338.898181410705
11424,LOAD,118972027,4202.668581918
11425,LOAD,112416373,4447.750684857979
11426,LOAD,116569649,4289.281166146429
11427,LOAD,115252822,4338.288567025284
11428,LOAD,117740657,4246.621453793994
11429,LOAD,119403611,4187.4780487166345
11430,LOAD,114932898,4350.364505730987
11431,LOAD,114556864,4364.644618763306
11432,LOAD,121164943,4126.606158680734
11433,LOAD,113562736,4402.852710417263
11434,LOAD,114835262,4354.063301566726
11435,LOAD,113546453,4403.484096504538
11436,LOAD,112379210,4449.221524159139
11437,LOAD,112831768,4431.37609968143
11438,LOAD,120196670,4159.8490207757
11439,LOAD,113003117,4424.65671101798
11440,LOAD,119482638,4184.708409266959
11441,LOAD,118190356,4230.463609061301
11442,LOAD,113627984,4400.324483447669
11443,LOAD,116820902,4280.055978338533
11444,LOAD,114723236,4358.314997321031
11445,LOAD,124307417,4022.286135991387
11446,LOAD,117146915,4268.1448333487915
11447,LOAD,112570736,4441.651691786043
11448,LOAD,119368994,4188.692417061
11449,LOAD,113293082,4413.332139732945
11450,LOAD,114784104,4356.003859210331
11451,LOAD,111688217,4476.747981391806
11452,LOAD,120328346,4155.2968741047935
11453,LOAD,114772320,4356.451102495794
11454,LOAD,125328113,3989.52787232981
11455,LOAD,114652149,4361.017254024606
11456,LOAD,116829635,4279.736044711601
11457,LOAD,113699203,4397.568204589789
11458,LOAD,120928206,4134.6846739792045
11459,LOAD,108348289,4614.747538837461
11460,LOAD,117972770,4238.266169388072
11461,LOAD,119775756,4174.46749407284
11462,LOAD,114431551,4369.424303267549
11463,LOAD,120055767,4164.731211954191
11464,LOAD,115745925,4319.806507226928
11465,LOAD,117045447,4271.8449355830135
11466,LOAD,109572020,4563.208746174434
11467,LOAD,116434264,4294.26856685417
11468,LOAD,115723564,4320.641213573408
11469,LOAD,118781328,4209.415809865335
11470,LOAD,116891556,4277.468938817103
11471,LOAD,124759114,4007.7232353541717
11472,LOAD,114749021,4357.335649948595
11473,LOAD,124015951,4031.739433260485
11474,LOAD,119072178,4199.133738865514
11475,LOAD,119255267,4192.686935999229
11476,LOAD,115854815,4315.746393449423
11477,LOAD,116247003,4301.1861561712685
11478,LOAD,111916260,4467.626062557845
11479,LOAD,121330778,4120.965910232604
11480,LOAD,119674966,4177.9832216538925
11481,LOAD,112712412,4436.068673608013
11482,LOAD,115504614,4328.831400622663
11483,LOAD,124243689,4024.349277008348
11484,LOAD,112932243,4427.433536408199
11485,LOAD,122875253,4069.1676134331133
11486,LOAD,114951341,4349.666525421395
11487,LOAD,118242557,4228.595969892634
11488,LOAD,115667615,4322.731129192903
11489,LOAD,118690419,4212.639943582978
11490,LOAD,116270068,4300.332911132382
11491,LOAD,118425749,4222.054783035403
11492,LOAD,113696605,4397.6686902832325
11493,LOAD,119233811,4193.441405642901
11494,LOAD,115226079,4339.295447170428
11495,LOAD,123015657,4064.5232663351135
11496,LOAD,115509889,4328.6337155081155
11497,LOAD,125507358,3983.830175120091
11498,LOAD,113315824,4412.446402896034
11499,LOAD,127691452,3915.688890435673
11500,LOAD,120167120,4160.87195898512
11501,LOAD,119081668,4198.799096431871
11502,LOAD,116194423,4303.13251781456
11503,LOAD,116025652,4309.391857586804
11504,LOAD,111861125,4469.828101585784
11505,LOAD,119982033,4167.290614253886
11506,LOAD,114829014,4354.300211965593
11507,LOAD,120841848,4137.6394707237505
11508,LOAD,114659407,4360.741199367968
11509,LOAD,119842983,4172.125788958374
11510,LOAD,117796719,4244.600395024585
11511,LOAD,115429124,4331.662432091229
11512,LOAD,481228591,1039.0072604809136
11513,LOAD,127352147,3926.121481092894
11514,LOAD,113454195,4407.064895220489
11515,LOAD,121443024,4117.157029950111
11516,LOAD,114958156,4349.408666576037
11517,LOAD,116552436,4289.914626923799
11518,LOAD,113695218,4397.7223386827045
11519,LOAD,117653073,4249.7827489809815
11520,LOAD,112088337,4460.76740348106
11521,LOAD,117916020,4240.305939769677
11522,LOAD,109831803,4552.4154784202165
11523,LOAD,117652206,4249.814066384782
11524,LOAD,110644960,4518.958658397092
11525,LOAD,122732592,4073.897502303219
11526,LOAD,117107392,4269.585305084755
11527,LOAD,120031226,4165.582712618465
11528,LOAD,115265559,4337.809180277346
11529,LOAD,116188645,4303.346510323793
11530,LOAD,105939172,4719.689521454821
11531,LOAD,120819156,4138.416593474631
11532,LOAD,119113691,4197.670274527888
11533,LOAD,117760818,4245.894419653233
11534,LOAD,111960133,4465.875366546768
11535,LOAD,120875076,4136.502052747416
11536,LOAD,110990915,4504.873214172529
11537,LOAD,116601983,4288.091738542731
11538,LOAD,109924255,4548.586660878439
11539,LOAD,114367298,4371.879101314434
11540,LOAD,108045742,4627.669640141858
11541,LOAD,114075228,4383.072545776547
11542,LOAD,111596182,4480.4400207885255
11543,LOAD,116938367,4275.756647089146
11544,LOAD,116507074,4291.5849041063375
11545,LOAD,115526473,4328.012333588683
11546,LOAD,107877655,4634.880133425222
11547,LOAD,116402777,4295.4301683026
11548,LOAD,108641054,4602.311755922397
11549,LOAD,115894363,4314.273680420505
11550,LOAD,114386936,4371.128535167687
11551,LOAD,115731224,4320.355239654253
11552,LOAD,109330239,4573.300164467764
11553,LOAD,121126033,4127.931771694364
11554,LOAD,114551095,4364.864430147962
11555,LOAD,122050566,4096.662689790394
11556,LOAD,121769717,4106.1112098995845
11557,LOAD,114548896,4364.948222634986
11558,LOAD,123651890,4043.6098469663502
11559,LOAD,112189419,4456.748278552009
11560,LOAD,124730130,4008.654524772803
11561,LOAD,119655441,4178.664971867012
11562,LOAD,117449894,4257.134536026061
11563,LOAD,116159615,4304.421980048746
11564,LOAD,122170848,4092.6293644126954
11565,LOAD,113315153,4412.472531365686
11566,LOAD,116832986,4279.613293458065
11567,LOAD,118391014,4223.29350097466
11568,LOAD,119946924,4168.510398816063
11569,LOAD,113820508,4392.881465614263
11570,LOAD,121347741,4120.389847224268
11571,LOAD,115916127,4313.463647728672
11572,LOAD,130681345,3826.1008103337163
11573,LOAD,118324073,4225.682799137585
11574,LOAD,117827845,4243.479119897339
11575,LOAD,119656031,4178.644367704291
11576,LOAD,115837456,4316.393136258103
11577,LOAD,115989090,4310.75026108059
11578,LOAD,121248858,4123.750179981077
11579,LOAD,117301223,4262.530152818611
11580,LOAD,124190510,4026.072523576882
11581,LOAD,116438814,4294.100762654624
11582,LOAD,118378776,4223.730105133035
11583,LOAD,115711670,4321.085332188189
11584,LOAD,117921529,4240.107843242094
11585,LOAD,122786851,4072.0972639000242
11586,LOAD,116442362,4293.969921359032
11587,LOAD,117668493,4249.22583142116
11588,LOAD,113725386,4396.555752292632
11589,LOAD,117059611,4271.328050116278
11590,LOAD,115495727,4329.164489349463
11591,LOAD,117364807,4260.220868424382
11592,LOAD,115806887,4317.53251427957
11593,LOAD,116551391,4289.953090306747
11594,LOAD,118359423,4224.420729053402
11595,LOAD,116961710,4274.903299549912
11596,LOAD,116605877,4287.948539677807
11597,LOAD,120145447,4161.622537390035
11598,LOAD,117085127,4270.397212790314
11599,LOAD,120605798,4145.737670091117
11600,LOAD,119224371,4193.773435801981
11601,LOAD,119513647,4183.6226452030205
11602,LOAD,114763889,4356.771144275182
11603,LOAD,116072935,4307.636401198953
11604,LOAD,115591358,4325.582886568389
11605,LOAD,115490363,4329.365559271816
11606,LOAD,120981304,4132.869984605225
11607,LOAD,117606487,4251.466162746618
11608,LOAD,116238203,4301.51178438297
11609,LOAD,113379550,4409.966347546802
11610,LOAD,116355958,4297.158552035642
11611,LOAD,116227237,4301.917630546443
11612,LOAD,115704360,4321.358330835588
11613,LOAD,117560697,4253.122112741472
11614,LOAD,116656158,4286.100353142095
11615,LOAD,118295698,4226.696392627904
11616,LOAD,122258622,4089.691113973132
11617,LOAD,118875532,4206.08001989846
11618,LOAD,119527448,4183.139591502028
11619,LOAD,116954506,4275.166619061261
11620,LOAD,116951695,4275.269375103969
11621,LOAD,112786536,4433.153262194345
11622,LOAD,123764920,4039.916965162665
11623,LOAD,109882555,4550.312831732025
11624,LOAD,115113270,4343.547881143503
11625,LOAD,119276942,4191.925041136618
11626,LOAD,114091507,4382.44715270524
11627,LOAD,120874217,4136.531449051703
11628,LOAD,118884718,4205.755023955223
11629,LOAD,116339392,4297.770440471272
11630,LOAD,112908225,4428.375346437339
11631,LOAD,120660560,4143.856120011377
11632,LOAD,121210035,4125.070997628208
11633,LOAD,114146855,4380.32217357193
11634,LOAD,117105733,4269.6457909537185
11635,LOAD,117534744,4254.061250178074
11636,LOAD,112189699,4456.7371555208465
11637,LOAD,118413100,4222.505786944181
11638,LOAD,114454819,4368.536024682368
11639,LOAD,120638108,4144.627334506937
11640,LOAD,110149012,4539.305354822429
11641,LOAD,117500964,4255.28423749783
11642,LOAD,109376947,4571.347196224082
11643,LOAD,118065413,4234.940507089913
11644,LOAD,113491463,4405.6177159334
11645,LOAD,113599440,4401.430147895096
11646,LOAD,115387012,4333.243328980561
11647,LOAD,119066897,4199.319983958262
11648,LOAD,112198397,4456.391654151707
11649,LOAD,116609132,4287.828846886538
11650,LOAD,111891784,4468.603342672595
11651,LOAD,122073106,4095.906267839208
11652,LOAD,122811377,4071.2840472426265
11653,LOAD,119616002,4180.042733747279
11654,LOAD,117371832,4259.965883466827
11655,LOAD,124454131,4017.544423655974
11656,LOAD,116353663,4297.24331068116
11657,LOAD,120078913,4163.928432629966
11658,LOAD,116049468,4308.507472003233
11659,LOAD,119713214,4176.648368992916
11660,LOAD,112471240,4445.58093251217
11661,LOAD,117108686,4269.53812802579
11662,LOAD,117620873,4250.946173473819
11663,LOAD,123934579,4034.386561316354
11664,LOAD,111688180,4476.749464446461
11665,LOAD,121541959,4113.805669365589
11666,LOAD,120184180,4160.281328208089
11667,LOAD,122408919,4084.6696799928445
11668,LOAD,117274103,4263.515876135075
11669,LOAD,127384429,3925.1265160516596
11670,LOAD,116968533,4274.653936200089
11671,LOAD,114004084,4385.807792640131
11672,LOAD,116631943,4286.990228740337
11673,LOAD,121379580,4119.309030398688
11674,LOAD,122289574,4088.6559961358603
11675,LOAD,120568182,4147.031096479501
11676,LOAD,112329307,4451.19811875987
11677,LOAD,115818719,4317.091436661461
11678,LOAD,110841927,4510.928432343116
11679,LOAD,121252789,4123.616488524647
11680,LOAD,116757633,4282.37526877579
11681,LOAD,119383300,4188.1904755522755
11682,LOAD,113546486,4403.482816720545
11683,LOAD,120550885,4147.6261248517585
11684,LOAD,115697238,4321.6243416286225
11685,LOAD,120864770,4136.854767522414
11686,LOAD,120926925,4134.728473414833
11687,LOAD,125230332,3992.6429325444897
11688,LOAD,117721772,4247.30269945308
11689,LOAD,117087189,4270.322007645089
11690,LOAD,112114435,4459.729025972436
11691,LOAD,117718809,4247.409604696221
11692,LOAD,124039788,4030.964644989557
11693,LOAD,118216003,4229.545808616114
11694,LOAD,117441614,4257.434677285685
11695,LOAD,122067654,4096.089206400247
11696,LOAD,120393958,4153.032330742046
11697,LOAD,119851850,4171.817122555889
11698,LOAD,116900915,4277.126487846566
11699,LOAD,116398982,4295.570213835718
11700,LOAD,115634317,4323.975900683532
11701,LOAD,122933582,4067.236892194356
11702,LOAD,111402563,4488.22707965884
11703,LOAD,114046564,4384.174169420834
11704,LOAD,116967770,4274.681820470716
11705,LOAD,119849576,4171.8962777139905
11706,LOAD,125702386,3977.649238893524
11707,LOAD,117422726,4258.119505759048
11708,LOAD,115629454,4324.15775309291
11709,LOAD,116182181,4303.585934576318
11710,LOAD,116496767,4291.964600184999
11711,LOAD,121609027,4111.536884511049
11712,LOAD,121996347,4098.483375080075
11713,LOAD,120369853,4153.864007792715
11714,LOAD,118052578,4235.4009414347565
11715,LOAD,120318293,4155.644063201595
11716,LOAD,125200218,3993.603269924019
11717,LOAD,118371418,4223.992653361642
11718,LOAD,121570963,4112.82421115641
11719,LOAD,114107840,4381.8198644370095
11720,LOAD,123184886,4058.9395033413434
11721,LOAD,111996360,4464.430808286984
11722,LOAD,118418186,4222.324432498906
11723,LOAD,115434729,4331.452105717682
11724,LOAD,127985641,3906.688251067165
11725,LOAD,117048883,4271.719534478599
11726,LOAD,119566740,4181.7649289426145
11727,LOAD,116138161,4305.217128416559
11728,LOAD,118128267,4232.687168770537
11729,LOAD,118063757,4234.9999077193515
11730,LOAD,126981695,3937.575411952093
11731,LOAD,122752090,4073.250402498238
11732,LOAD,117605419,4251.504771221469
11733,LOAD,115267326,4337.742683473026
11734,LOAD,124489026,4016.4182825239554
11735,LOAD,117512468,4254.8676622126595
11736,LOAD,122822036,4070.930724515916
11737,LOAD,114919404,4350.875331723788
11738,LOAD,118912055,4204.78815205069
11739,LOAD,116851745,4278.926258225754
11740,LOAD,117705195,4247.900867926857
11741,LOAD,119557015,4182.105081830623
11742,LOAD,117797866,4244.559065272031
11743,LOAD,117728955,4247.043558655558
11744,LOAD,119669542,4178.172587975644
11745,LOAD,115602701,4325.158458019073
11746,LOAD,116232169,4301.735090222743
11747,LOAD,114480196,4367.567644625626
11748,LOAD,116994850,4273.692389023961
11749,LOAD,118918067,4204.5755755515265
11750,LOAD,116705409,4284.291570410416
11751,LOAD,122273410,4089.196498241114
11752,LOAD,113763373,4395.08768784484
11753,LOAD,118774378,4209.662120899509
11754,LOAD,132345322,3777.9952660510357
11755,LOAD,113721736,4396.696863649708
11756,LOAD,121916452,4101.1692170963115
11757,LOAD,117381502,4259.614943417575
11758,LOAD,117562008,4253.0746837873
11759,LOAD,117048975,4271.716176925087
11760,LOAD,113603856,4401.2590558545835
11761,LOAD,122736336,4073.7732304474202
11762,LOAD,116949658,4275.343840680577
11763,LOAD,123245974,4056.927652663121
11764,LOAD,114304191,4374.292802614736
11765,LOAD,123177704,4059.1761638940766
11766,LOAD,114767716,4356.625865064701
11767,LOAD,124405590,4019.11200292527
11768,LOAD,116199013,4302.962538933098
11769,LOAD,118195483,4230.28010300529
11770,LOAD,119952279,4168.324305034672
11771,LOAD,118231513,4228.990962840846
11772,LOAD,120461581,4150.700960831653
11773,LOAD,121555842,4113.335827989246
11774,LOAD,118516457,4218.823382477592
11775,LOAD,122350295,4086.6268446675995
11776,LOAD,122140818,4093.6355936309515
11777,LOAD,122344555,4086.8185756203047
11778,LOAD,111683692,4476.929362256398
11779,LOAD,120922268,4134.887711500747
11780,LOAD,119731782,4176.000654529638
11781,LOAD,116741874,4282.953347142603
11782,LOAD,122734901,4073.8208604576134
11783,LOAD,112164320,4457.745564721473
11784,LOAD,115580617,4325.984866476358
11785,LOAD,114541582,4365.226944394744
11786,LOAD,117897083,4240.987031036213
11787,LOAD,125421353,3986.562001129106
11788,LOAD,116727144,4283.493820426207
11789,LOAD,115740797,4319.99790013542
11790,LOAD,116300662,4299.201667484919
11791,LOAD,121363300,4119.861605608944
11792,LOAD,121658788,4109.8551795534895
11793,LOAD,119873734,4171.055520803247
11794,LOAD,123311804,4054.7618620517464
11795,LOAD,120231133,4158.656643450246
11796,LOAD,121363522,4119.854069495445
11797,LOAD,120736420,4141.252490342185
11798,LOAD,116400462,4295.515596836721
11799,LOAD,116784366,4281.39499425805
11800,LOAD,120811366,4138.683441423881
11801,LOAD,121779943,4105.766415081997
11802,LOAD,115048651,4345.987507493678
11803,LOAD,123341184,4053.7960135034864
11804,LOAD,121822508,4104.331853026701
11805,LOAD,130333445,3836.3138486825083
11806,LOAD,120135951,4161.951487777376
11807,LOAD,118873252,4206.160692903396
11808,LOAD,115107738,4343.756629115585
11809,LOAD,114674408,4360.170754053511
11810,LOAD,112009731,4463.89787330174
11811,LOAD,123897152,4035.6052736385736
11812,LOAD,110192311,4537.521678803887
11813,LOAD,116584461,4288.736215026117
11814,LOAD,113800621,4393.64913483205
11815,LOAD,116446977,4293.799743723703
11816,LOAD,113546361,4403.487664391112
11817,LOAD,122012558,4097.93883675482
11818,LOAD,114646964,4361.214484493458
11819,LOAD,130937220,3818.6239176301438
11820,LOAD,116206462,4302.686712895536
11821,LOAD,121491294,4115.521232327973
11822,LOAD,121243023,4123.948641564307
11823,LOAD,115620719,4324.484437776243
11824,LOAD,117259153,4264.059454702014
11825,LOAD,118473639,4220.348123180381
11826,LOAD,116252898,4300.968049845949
11827,LOAD,127565847,3919.5443902786933
11828,LOAD,112410971,4447.9644251093605
11829,LOAD,119007026,4201.432611214063
11830,LOAD,113871650,4390.908536057921
11831,LOAD,120598402,4145.991917869691
11832,LOAD,117225007,4265.301515401061
11833,LOAD,120644636,4144.403071513267
11834,LOAD,117508617,4255.0071030110075
11835,LOAD,124056973,4030.406255358173
11836,LOAD,113091872,4421.184220913771
11837,LOAD,122790962,4071.9609314568283
11838,LOAD,114998211,4347.8937250597755
11839,LOAD,122995374,4065.1935413440833
11840,LOAD,112500685,4444.417382880824
11841,LOAD,121183628,4125.969887615513
11842,LOAD,116777931,4281.630918773513
11843,LOAD,117953866,4238.9454195592025
11844,LOAD,113033454,4423.469179310401
11845,LOAD,119676307,4177.936406410001
11846,LOAD,116446931,4293.801439902267
11847,LOAD,118681337,4212.962312684428
11848,LOAD,121257980,4123.439958343361
11849,LOAD,115202124,4340.197755381663
11850,LOAD,115288035,4336.963501893323
11851,LOAD,117676355,4248.9419391006795
11852,LOAD,116365366,4296.8111319307845
11853,LOAD,116703919,4284.346269468466
11854,LOAD,109127553,4581.794297174427
11855,LOAD,115476854,4329.872027861099
11856,LOAD,122127046,4094.0972239678995
11857,LOAD,115748709,4319.702606791062
11858,LOAD,115881477,4314.753426900142
11859,LOAD,115921506,4313.263494006022
11860,LOAD,113370520,4410.317602847725
11861,LOAD,116957492,4275.057471307609
11862,LOAD,107419190,4654.661797393929
11863,LOAD,119084492,4198.69952503975
11864,LOAD,114032722,4384.7063477095635
11865,LOAD,118873616,4206.147813321335
11866,LOAD,113237639,4415.492979326423
11867,LOAD,120697128,4142.600642494161
11868,LOAD,117756712,4246.0424676259645
11869,LOAD,117170821,4267.274016967074
11870,LOAD,107188486,4664.680122452704
11871,LOAD,117253511,4264.264632553306
11872,LOAD,107819472,4637.381270054819
11873,LOAD,120235836,4158.493978450817
11874,LOAD,116252044,4300.999645219142
11875,LOAD,116043319,4308.7357747842425
11876,LOAD,115852481,4315.833339814277
11877,LOAD,125235874,3992.4662481295095
11878,LOAD,112351723,4450.3100321834845
11879,LOAD,120833181,4137.936251136184
11880,LOAD,112946476,4426.875611417925
11881,LOAD,120038787,4165.320331002678
11882,LOAD,120897694,4135.7281802248435
11883,LOAD,117668840,4249.213300649518
11884,LOAD,115838697,4316.3468939917375
11885,LOAD,119860708,4171.508815048882
11886,LOAD,109059588,4584.649632089203
11887,LOAD,118155988,4231.69412285732
11888,LOAD,113748200,4395.673953521902
11889,LOAD,115382687,4333.405756099266
11890,LOAD,113954907,4387.700478751653
11891,LOAD,128016098,3905.758789804701
11892,LOAD,113961037,4387.464462963776
11893,LOAD,121586377,4112.302811687529
11894,LOAD,116730803,4283.35955163437
11895,LOAD,125379158,3987.9036354670684
11896,LOAD,116161956,4304.335233473514
11897,LOAD,117042426,4271.955196827516
11898,LOAD,112258569,4454.002972369975
11899,LOAD,118014354,4236.77275732069
11900,LOAD,113595912,4401.56684511675
11901,LOAD,115944727,4312.399648843021
11902,LOAD,116734768,4283.2140635256155
11903,LOAD,113901320,4389.764754262725
11904,LOAD,124968134,4001.019972019427
11905,LOAD,113229850,4415.796717914931
11906,LOAD,116792610,4281.092784894524
11907,LOAD,113581033,4402.143445904388
11908,LOAD,122430219,4083.9590428242227
11909,LOAD,115091439,4344.371782509384
11910,LOAD,120421086,4152.0967515606035
11911,LOAD,114951728,4349.651881701161
11912,LOAD,120981859,4132.851025210317
11913,LOAD,115746728,4319.776538305256
11914,LOAD,121400203,4118.609258009231
11915,LOAD,117622276,4250.895468133945
11916,LOAD,118533316,4218.223338997789
11917,LOAD,125016227,3999.480803400026
11918,LOAD,124393748,4019.4946131858655
11919,LOAD,116221567,4302.127504441581
11920,LOAD,111650644,4478.254509664987
11921,LOAD,118917472,4204.596613019153
11922,LOAD,115190545,4340.6340338089385
11923,LOAD,119566650,4181.768076633409
11924,LOAD,120786458,4139.5369007343525
11925,LOAD,116406528,4295.291755458938
11926,LOAD,119101109,4198.113722014125
11927,LOAD,121315552,4121.483121966094
11928,LOAD,114940154,4350.08987372681
11929,LOAD,115997240,4310.447386506782
11930,LOAD,116516925,4291.222069240156
11931,LOAD,121466337,4116.366825155845
11932,LOAD,116080827,4307.343537447403
11933,LOAD,116876395,4278.023804550098
11934,LOAD,113116759,4420.211509065602
11935,LOAD,118250609,4228.3080334918195
11936,LOAD,123738895,4040.7666481909346
11937,LOAD,121022623,4131.458958710555
11938,LOAD,116115821,4306.04542683292
11939,LOAD,122349163,4086.664654992368
11940,LOAD,117070790,4270.920184274831
11941,LOAD,120867473,4136.7622536461895
11942,LOAD,117427770,4257.93660221939
11943,LOAD,122809221,4071.355521422939
11944,LOAD,114963790,4349.1955162577715
11945,LOAD,122046761,4096.790409702065
11946,LOAD,116097019,4306.7427941453
11947,LOAD,117517440,4254.687644659381
11948,LOAD,116047054,4308.597097174048
11949,LOAD,119180345,4195.322643175769
11950,LOAD,118030348,4236.198642742289
11951,LOAD,115828501,4316.726847738451
11952,LOAD,121769851,4106.106691384553
11953,LOAD,115560781,4326.727421477015
11954,LOAD,120614468,4145.439666491751
11955,LOAD,120447610,4151.182410344215
11956,LOAD,116444636,4293.886066164525
11957,LOAD,112930080,4427.518337009945
11958,LOAD,118686455,4212.780641228184
11959,LOAD,131905260,3790.5994044513463
11960,LOAD,120576119,4146.758115510419
11961,LOAD,122014030,4097.889398456882
11962,LOAD,114526820,4365.789602819671
11963,LOAD,123216029,4057.9136014844303
11964,LOAD,111187876,4496.893168460201
11965,LOAD,127291961,3927.9778241455488
11966,LOAD,119057738,4199.64303370185
11967,LOAD,115280395,4337.250926317523
11968,LOAD,117204265,4266.05635895588
11969,LOAD,117476370,4256.17509291443
11970,LOAD,118645510,4214.234487255354
11971,LOAD,113519732,4404.520616732957
11972,LOAD,119747990,4175.435429020562
11973,LOAD,120178084,4160.492357325317
11974,LOAD,119774211,4174.521341660101
11975,LOAD,120242206,4158.273676382817
11976,LOAD,118322757,4225.7297976922555
11977,LOAD,119596387,4180.728302436093
11978,LOAD,119960008,4168.055740709854
11979,LOAD,118639468,4214.4491072734745
11980,LOAD,115343274,4334.8864884830655
11981,LOAD,118862792,4206.530837673744
11982,LOAD,115731516,4320.344339047628
11983,LOAD,121456333,4116.705878152933
11984,LOAD,112339896,4450.77855510922
11985,LOAD,128675340,3885.748427010179
11986,LOAD,114283149,4375.098204548074
11987,LOAD,121749384,4106.796959235539
11988,LOAD,113985343,4386.528889069536
11989,LOAD,115182796,4340.926052880328
11990,LOAD,120004132,4166.523199384501
11991,LOAD,114881870,4352.296841964707
11992,LOAD,114881752,4352.301312396419
11993,LOAD,129223558,3869.2635285587785
11994,LOAD,116461989,4293.24627110739
11995,LOAD,122650627,4076.620007821077
11996,LOAD,115217963,4339.601108900008
11997,LOAD,123336046,4053.9648887398257
11998,LOAD,113666742,4398.8240641224675
11999,LOAD,121715704,4107.933352626379
12000,LOAD,115470610,4330.1061629448395
12001,LOAD,122762850,4072.8933875353987
12002,LOAD,115359118,4334.291113425468
12003,LOAD,123628459,4044.3762224683237
12004,LOAD,122361225,4086.2618039333947
12005,LOAD,114287807,4374.919889748169
12006,LOAD,120395083,4152.993523830205
12007,LOAD,115701392,4321.4691833612505
12008,LOAD,117729552,4247.022022134255
12009,LOAD,120787259,4139.509449419661
12010,LOAD,120733080,4141.367055325682
12011,LOAD,115140012,4342.539064526066
12012,LOAD,380651227,1313.5383903543807
12013,LOAD,114800492,4355.382030941121
12014,LOAD,113261587,4414.559368658678
12015,LOAD,111982112,4464.998838385902
12016,LOAD,118876401,4206.049272975551
12017,LOAD,122089944,4095.3413820879464
12018,LOAD,116495730,4292.002805596394
12019,LOAD,114612993,4362.507137388864
12020,LOAD,120488593,4149.770426815425
12021,LOAD,117026010,4272.554451783839
12022,LOAD,116748365,4282.715222607187
12023,LOAD,118344160,4224.96555808077
12024,LOAD,120947442,4134.027075992231
12025,LOAD,117660963,4249.497770981187
12026,LOAD,118612006,4215.424870227724
12027,LOAD,117071817,4270.8827180840635
12028,LOAD,120204389,4159.581893469797
12029,LOAD,117735645,4246.802232238164
12030,LOAD,122172890,4092.560960127897
12031,LOAD,118334472,4225.311454467807
12032,LOAD,117611354,4251.290228322684
12033,LOAD,116264411,4300.542149566301
12034,LOAD,118242444,4228.600011007891
12035,LOAD,118171333,4231.144621174748
12036,LOAD,117135920,4268.545464106996
12037,LOAD,117921130,4240.122190145227
12038,LOAD,117122385,4269.038749509755
12039,LOAD,118010153,4236.923580634625
12040,LOAD,116329996,4298.117572358552
12041,LOAD,114355690,4372.322881353783
12042,LOAD,113264884,4414.430866322169
12043,LOAD,115770171,4318.901800706505
12044,LOAD,109637890,4560.467188852321
12045,LOAD,117770765,4245.535808483541
12046,LOAD,115375019,4333.693760865166
12047,LOAD,121687169,4108.896641354192
12048,LOAD,115684366,4322.105201319943
12049,LOAD,118459773,4220.842125030917
12050,LOAD,110915294,4507.944594187345
12051,LOAD,114629624,4361.874204525001
12052,LOAD,104497347,4784.810469877289
12053,LOAD,118369326,4224.0673060857
12054,LOAD,118751891,4210.459267549685
12055,LOAD,117421707,4258.156458243278
12056,LOAD,118268051,4227.68444877814
12057,LOAD,113630948,4400.209703433962
12058,LOAD,113372625,4410.235716073435
12059,LOAD,120786454,4139.537037820483
12060,LOAD,124183468,4026.3008277398085
12061,LOAD,114528783,4365.714774075614
12062,LOAD,120602807,4145.840486117376
12063,LOAD,115076131,4344.94969247793
12064,LOAD,112962746,4426.23800947615
12065,LOAD,115194401,4340.48873608015
12066,LOAD,115986047,4310.863357555413
12067,LOAD,116970371,4274.586766934338
12068,LOAD,118879010,4205.956964143628
12069,LOAD,116264220,4300.549214539091
12070,LOAD,117892013,4241.169416625366
12071,LOAD,122091634,4095.2846941175344
12072,LOAD,121626770,4110.937090576359
12073,LOAD,112224847,4455.341338090664
12074,LOAD,117143523,4268.268421464497
12075,LOAD,118757120,4210.273876631565
12076,LOAD,122570833,4079.2739003413644
12077,LOAD,120270203,4157.305696075029
12078,LOAD,119881385,4170.789318124745
12079,LOAD,119400667,4187.581297179856
12080,LOAD,115206455,4340.0345926797245
12081,LOAD,115471310,4330.079913356833
12082,LOAD,120332845,4155.141516017509
12083,LOAD,119933998,4168.959663964508
12084,LOAD,126313784,3958.396179470009
12085,LOAD,116869906,4278.261334444815
12086,LOAD,116378196,4296.3374342046
12087,LOAD,116489184,4292.243990652385
12088,LOAD,111428215,4487.193840446964
12089,LOAD,118817942,4208.1186694851185
12090,LOAD,115544985,4327.3189225824035
12091,LOAD,109914093,4549.007196010797
12092,LOAD,120283268,4156.854135356549
12093,LOAD,120204336,4159.583727495487
12094,LOAD,112930265,4427.511083941936
12095,LOAD,115870801,4315.150975783796
12096,LOAD,118765232,4209.986303062163
12097,LOAD,114575250,4363.944220064979
12098,LOAD,116632709,4286.962073392294
12099,LOAD,115337350,4335.109138540118
12100,LOAD,122371841,4085.9073126145095
12101,LOAD,118235921,4228.833300160955
12102,LOAD,115525017,4328.0668809596455
12103,LOAD,123113493,4061.293265393745
12104,LOAD,115106598,4343.799649087014
12105,LOAD,115920742,4313.2919214751055
12106,LOAD,120251206,4157.9624573578085
12107,LOAD,120541248,4147.957718174612
12108,LOAD,113932230,4388.573803918347
12109,LOAD,118558943,4217.311552786026
12110,LOAD,120292320,4156.541331981958
12111,LOAD,113337120,4411.617305962954
12112,LOAD,129400116,3863.984171389769
12113,LOAD,113502093,4405.205109301376
12114,LOAD,117848900,4242.72097575794
12115,LOAD,116454856,4293.5092376053435
12116,LOAD,115020186,4347.06304509019
12117,LOAD,116716747,4283.875389364647
12118,LOAD,115097485,4344.143575335291
12119,LOAD,114772471,4356.4453709461395
12120,LOAD,124583606,4013.3691426462647
12121,LOAD,123482749,4049.1485980766433
12122,LOAD,120481281,4150.022276074571
12123,LOAD,118353060,4224.647846029498
12124,LOAD,119408013,4187.323676510721
12125,LOAD,114204457,4378.112843704515
12126,LOAD,133333950,3749.9826563302145
12127,LOAD,124986546,4000.4305743435775
12128,LOAD,118341897,4225.046350237229
12129,LOAD,115852670,4315.826299039979
12130,LOAD,118481343,4220.073703924845
12131,LOAD,117763099,4245.8121792464035
12132,LOAD,109392138,4570.712385199016
12133,LOAD,125138453,3995.5744058942455
12134,LOAD,112050198,4462.285733756579
12135,LOAD,120539996,4148.000801327386
12136,LOAD,114003677,4385.823450238364
12137,LOAD,121878556,4102.4444037554895
12138,LOAD,120065343,4164.399047275449
12139,LOAD,119463980,4185.361981075803
12140,LOAD,116822713,4279.989628386733
12141,LOAD,117825200,4243.574379674297
12142,LOAD,119967170,4167.806909173568
12143,LOAD,120550505,4147.639199022849
12144,LOAD,119428217,4186.615295445632
12145,LOAD,116390949,4295.866682898169
12146,LOAD,118548640,4217.678077116701
12147,LOAD,119354334,4189.206903873302
12148,LOAD,116111958,4306.188687301268
12149,LOAD,119545575,4182.505291392007
12150,LOAD,119666071,4178.293778860677
12151,LOAD,119648259,4178.91580018728
12152,LOAD,112773376,4433.670585511247
12153,LOAD,119763741,4174.886287160986
12154,LOAD,122254872,4089.816559621444
12155,LOAD,115274018,4337.490864593616
12156,LOAD,116833138,4279.607725677966
12157,LOAD,120249540,4158.020063943696
12158,LOAD,116089866,4307.008158662186
12159,LOAD,118967029,4202.845142917708
12160,LOAD,113957221,4387.611382695968
12161,LOAD,119613597,4180.126779399503
12162,LOAD,122464430,4082.8181701413223
12163,LOAD,118911133,4204.820754672315
12164,LOAD,114982449,4348.489742117077
12165,LOAD,118037100,4235.95632220717
12166,LOAD,121949661,4100.052397849634
12167,LOAD,118405488,4222.777241541372
12168,LOAD,118252125,4228.253826305447
12169,LOAD,124236262,4024.589857669736
12170,LOAD,116567775,4289.350122707583
12171,LOAD,118677412,4213.101647346338
12172,LOAD,116355991,4297.157333308261
12173,LOAD,118423749,4222.126087225966
12174,LOAD,118751540,4210.471712619475
12175,LOAD,115815771,4317.201324852381
12176,LOAD,119641559,4179.149822011263
12177,LOAD,115446606,4331.006491433797
12178,LOAD,119546875,4182.459809175271
12179,LOAD,120663681,4143.748938008944
12180,LOAD,121162046,4126.704826361219
12181,LOAD,113755161,4395.404969801766
12182,LOAD,118714863,4211.772539382874
12183,LOAD,115617877,4324.590737814707
12184,LOAD,121907042,4101.485786194369
12185,LOAD,118579730,4216.572259019312
12186,LOAD,113213001,4416.453901791721
12187,LOAD,115711743,4321.082606110254
12188,LOAD,119482082,4184.727882461907
12189,LOAD,114797958,4355.478169742358
12190,LOAD,115036590,4346.443162127806
12191,LOAD,120741912,4141.064123615998
12192,LOAD,115320590,4335.7391771929015
12193,LOAD,127619779,3917.8879944620494
12194,LOAD,116244547,4301.277031085166
12195,LOAD,114353673,4372.400001528591
12196,LOAD,119423244,4186.789633683037
12197,LOAD,113273974,4414.076617458482
12198,LOAD,124214213,4025.304254030897
12199,LOAD,119690463,4177.442274577884
12200,LOAD,116239060,4301.480070468567
12201,LOAD,109695426,4558.075192670294
12202,LOAD,123646546,4043.7846116623427
12203,LOAD,119256088,4192.658072097754
12204,LOAD,114360939,4372.122198122211
12205,LOAD,114291906,4374.762986278311
12206,LOAD,118459811,4220.840771052724
12207,LOAD,116405748,4295.320536920565
12208,LOAD,117017136,4272.878461151195
12209,LOAD,113908872,4389.473718956676
12210,LOAD,119013469,4201.205159392505
12211,LOAD,117696788,4248.204292541951
12212,LOAD,119458120,4185.567293374448
12213,LOAD,113381836,4409.877433983342
12214,LOAD,120308572,4155.979841569394
12215,LOAD,108794085,4595.838091749198
12216,LOAD,118018326,4236.630165386349
12217,LOAD,117383947,4259.526219543462
12218,LOAD,118973521,4202.615807260172
12219,LOAD,119844887,4172.059505550704
12220,LOAD,118271337,4227.566988610267
12221,LOAD,119103569,4198.027012943667
12222,LOAD,119865060,4171.357358015755
12223,LOAD,119578302,4181.360595001592
12224,LOAD,119136509,4196.866302335584
12225,LOAD,121584120,4112.379149513933
12226,LOAD,116703065,4284.377621101897
12227,LOAD,121161852,4126.711433892576
12228,LOAD,118976053,4202.52636889879
12229,LOAD,122916301,4067.808711555679
12230,LOAD,116686317,4284.992558296274
12231,LOAD,114459024,4368.375533238865
12232,LOAD,115296383,4336.649485352893
12233,LOAD,103298813,4840.326674421709
12234,LOAD,121679143,4109.167665653267
12235,LOAD,115504179,4328.847703423787
12236,LOAD,117536020,4254.015067040726
12237,LOAD,118489212,4219.79344414916
12238,LOAD,115371482,4333.826621036211
12239,LOAD,114408963,4370.286967813877
12240,LOAD,125798910,3974.5972361763706
12241,LOAD,117554089,4253.361191034367
12242,LOAD,119088919,4198.543442988176
12243,LOAD,115349323,4334.659163972727
12244,LOAD,118610332,4215.484364380668
12245,LOAD,129656616,3856.3400420692765
12246,LOAD,123487102,4049.005862976686
12247,LOAD,122608973,4078.004959718568
12248,LOAD,122676488,4075.7606298608744
12249,LOAD,121249324,4123.7343310879
12250,LOAD,120084075,4163.749439715466
12251,LOAD,115196904,4340.394425877973
12252,LOAD,121154066,4126.976638159218
12253,LOAD,121113013,4128.3755363265545
12254,LOAD,118589732,4216.216628265928
12255,LOAD,119069556,4199.226206907163
12256,LOAD,122728468,4074.03439599686
12257,LOAD,116826714,4279.843050280435
12258,LOAD,112987986,4425.249247296079
12259,LOAD,125533657,3982.9955722551767
12260,LOAD,120329281,4155.264586015435
12261,LOAD,119124876,4197.276142390276
12262,LOAD,118621399,4215.0910730702135
12263,LOAD,118517369,4218.79091831679
12264,LOAD,116484223,4292.426795000384
12265,LOAD,127835691,3911.27075771038
12266,LOAD,120116473,4162.626386807079
12267,LOAD,118287871,4226.976069253964
12268,LOAD,120276059,4157.103285201588
12269,LOAD,117803800,4244.345258811685
12270,LOAD,119601391,4180.553385035463
12271,LOAD,117624129,4250.828501352814
12272,LOAD,115191258,4340.607166561199
12273,LOAD,122836323,4070.4572376364604
12274,LOAD,117726807,4247.121048649523
12275,LOAD,120638188,4144.624586039041
12276,LOAD,116827551,4279.812387747475
12277,LOAD,121103942,4128.684762383706
12278,LOAD,118893594,4205.441043358484
12279,LOAD,130397782,3834.4210486647694
12280,LOAD,117608260,4251.402069888629
12281,LOAD,120051565,4164.876984319197
12282,LOAD,118846594,4207.104159838186
12283,LOAD,116840457,4279.339646882758
12284,LOAD,115056214,4345.701832323459
12285,LOAD,123763082,4039.9769617889765
12286,LOAD,118493077,4219.6558031824925
12287,LOAD,119643118,4179.095365936551
12288,LOAD,116730150,4283.383513171189
12289,LOAD,118978233,4202.449367356128
12290,LOAD,118387978,4223.401805206944
12291,LOAD,117900544,4240.862535799665
12292,LOAD,117398782,4258.987968035308
12293,LOAD,120551096,4147.618865281822
12294,LOAD,117596241,4251.836587191592
12295,LOAD,117839527,4243.058443369346
12296,LOAD,116539241,4290.400346781047
12297,LOAD,125764019,3975.699917796043
12298,LOAD,118159201,4231.5790540932985
12299,LOAD,118544022,4217.842380951103
12300,LOAD,113689856,4397.929750214478
12301,LOAD,110458175,4526.600226737405
12302,LOAD,120435514,4151.5993363884345
12303,LOAD,117766699,4245.682389382418
12304,LOAD,117463400,4256.645048585347
12305,LOAD,117983165,4237.892753597515
12306,LOAD,115332917,4335.275765200667
12307,LOAD,119050760,4199.8891901236075
12308,LOAD,115373035,4333.768284764286
12309,LOAD,114152956,4380.088063597757
12310,LOAD,118303958,4226.401284055095
12311,LOAD,117128891,4268.8016229915465
12312,LOAD,114135964,4380.74014952903
12313,LOAD,118939459,4203.819356534992
12314,LOAD,120715097,4141.983997246011
12315,LOAD,120023504,4165.850715373215
12316,LOAD,115585421,4325.80506844371
12317,LOAD,120947844,4134.01333553329
12318,LOAD,115301172,4336.4693639020425
12319,LOAD,116802411,4280.733554378428
12320,LOAD,122777965,4072.391980108157
12321,LOAD,119707264,4176.855967571024
12322,LOAD,116203597,4302.792795648142
12323,LOAD,118585726,4216.359058256303
12324,LOAD,117290995,4262.901853633351
12325,LOAD,123924365,4034.719080464927
12326,LOAD,114638315,4361.543520593442
12327,LOAD,118005972,4237.0736965752885
12328,LOAD,117906657,4240.642663628399
12329,LOAD,115437272,4331.356686945964
12330,LOAD,115045479,4346.107333778844
12331,LOAD,120814974,4138.559844411339
12332,LOAD,118738015,4210.951311591321
12333,LOAD,121236035,4124.18634443134
12334,LOAD,128088113,3903.5628544235014
12335,LOAD,121365998,4119.770019935897
12336,LOAD,115058539,4345.614018269431
12337,LOAD,121428627,4117.645174395327
12338,LOAD,119110038,4197.799013379544
12339,LOAD,115172810,4341.302430669183
12340,LOAD,113499221,4405.316579221279
12341,LOAD,113947192,4387.997555920466
12342,LOAD,118878841,4205.962943397135
12343,LOAD,117614079,4251.19173020094
12344,LOAD,123363698,4053.0561916196775
12345,LOAD,116458101,4293.389602840939
12346,LOAD,120338987,4154.929441112879
12347,LOAD,117937124,4239.5471675229255
12348,LOAD,119177939,4195.407339608381
12349,LOAD,119294335,4191.313862473016
12350,LOAD,118868707,4206.321517403231
12351,LOAD,116099798,4306.639706642728
12352,LOAD,118973720,4202.608777804039
12353,LOAD,117966148,4238.504083391788
12354,LOAD,116328988,4298.154815891633
12355,LOAD,118945567,4203.603485281633
12356,LOAD,119334664,4189.897413210968
12357,LOAD,110930558,4507.324302830966
12358,LOAD,116677187,4285.327859335519
12359,LOAD,113576440,4402.321467374748
12360,LOAD,122373713,4085.844808843873
12361,LOAD,113218217,4416.250434327189
12362,LOAD,119570674,4181.627344510913
12363,LOAD,118630339,4214.773423179715
12364,LOAD,117217036,4265.591564693719
12365,LOAD,114565763,4364.30559101675
12366,LOAD,116913854,4276.65313299825
12367,LOAD,123346583,4053.6185749061246
12368,LOAD,116229991,4301.815699185591
12369,LOAD,113549479,4403.366747283799
12370,LOAD,120517753,4148.7663647363215
12371,LOAD,116515194,4291.285821486938
12372,LOAD,114966849,4349.07979429792
12373,LOAD,112360326,4449.969288981949
12374,LOAD,120023598,4165.847452765081
12375,LOAD,115236311,4338.91015480355
12376,LOAD,119110341,4197.788334767675
12377,LOAD,116233792,4301.675024075615
12378,LOAD,118145403,4232.073252989792
12379,LOAD,114561817,4364.4559164071225
12380,LOAD,120677994,4143.257469128961
12381,LOAD,113120653,4420.059350258524
12382,LOAD,117971495,4238.311975278435
12383,LOAD,112645685,4438.696431203734
12384,LOAD,115643444,4323.634636823856
12385,LOAD,116323497,4298.357708417243
12386,LOAD,116524914,4290.927861143927
12387,LOAD,114757584,4357.010513570938
12388,LOAD,123265742,4056.2770473567584
12389,LOAD,110221553,4536.317865163813
12390,LOAD,121583322,4112.406140704068
12391,LOAD,114474767,4367.774777825055
12392,LOAD,118573378,4216.798141653686
12393,LOAD,115855254,4315.730040175822
12394,LOAD,118949490,4203.464848819444
12395,LOAD,123578380,4046.015168672708
12396,LOAD,117131613,4268.702421096174
12397,LOAD,105760379,4727.668383260994
12398,LOAD,118994939,4201.859374876439
12399,LOAD,118052450,4235.405533726746
12400,LOAD,117290139,4262.932964893153
12401,LOAD,123720331,4041.3729575295106
12402,LOAD,113937335,4388.37717241675
12403,LOAD,119149867,4196.395787835835
12404,LOAD,114890016,4351.988252834781
12405,LOAD,114879632,4352.381630191851
12406,LOAD,117214511,4265.683452793656
12407,LOAD,114098717,4382.170221949121
12408,LOAD,117362908,4260.289801271795
12409,LOAD,119983433,4167.241989150285
12410,LOAD,120314982,4155.758424166992
12411,LOAD,114762581,4356.820800326894
12412,LOAD,126461981,3953.757453791587
12413,LOAD,122178190,4092.3834278442005
12414,LOAD,117370855,4260.001343604424
12415,LOAD,116007883,4310.051929833079
12416,LOAD,123138284,4060.4756194263678
12417,LOAD,118485892,4219.911683662726
12418,LOAD,124384165,4019.804289396484
12419,LOAD,117518749,4254.640253190579
12420,LOAD,116206497,4302.68541697802
12421,LOAD,115778358,4318.596399510175
12422,LOAD,117181310,4266.8920495939155
12423,LOAD,115796761,4317.910066586404
12424,LOAD,122308192,4088.0336126626744
12425,LOAD,114157710,4379.905658584076
12426,LOAD,117623028,4250.868290858827
12427,LOAD,116889479,4277.544944827755
12428,LOAD,120988386,4132.628068945394
12429,LOAD,127008403,3936.7473977292666
12430,LOAD,117792703,4244.745109550632
12431,LOAD,121162820,4126.678464565285
12432,LOAD,128625915,3887.2415407112944
12433,LOAD,114809676,4355.033629743891
12434,LOAD,137300757,3641.6405191414933
12435,LOAD,114337281,4373.026852020384
12436,LOAD,117082333,4270.499119623795
12437,LOAD,120126050,4162.294523127997
12438,LOAD,113221793,4416.110951360751
12439,LOAD,120498644,4149.424287297374
12440,LOAD,123494302,4048.769796682603
12441,LOAD,119342288,4189.6297480068415
12442,LOAD,117787968,4244.915745553909
12443,LOAD,126008715,3967.979516337421
12444,LOAD,114629901,4361.863664176069
12445,LOAD,121469114,4116.272717688548
12446,LOAD,119437998,4186.272445725355
12447,LOAD,117625549,4250.777184470357
12448,LOAD,123179157,4059.1282825551402
12449,LOAD,119873874,4171.050649451773
12450,LOAD,120811900,4138.665148052469
12451,LOAD,123341133,4053.7976896969153
12452,LOAD,115577062,4326.1179281404475
12453,LOAD,116396412,4295.665058816418
12454,LOAD,112147871,4458.399393065607
12455,LOAD,118454299,4221.037178228542
12456,LOAD,118061232,4235.090482538756
12457,LOAD,126609121,3949.1625567797755
12458,LOAD,116942612,4275.601437737683
12459,LOAD,119892047,4170.418409821629
12460,LOAD,120716261,4141.944058389947
12461,LOAD,116426270,4294.563417689152
12462,LOAD,124195590,4025.9078442318287
12463,LOAD,123470018,4049.5661059999193
12464,LOAD,116241079,4301.405357739324
12465,LOAD,121509644,4114.89971940005
12466,LOAD,120382083,4153.442003491499
12467,LOAD,119625420,4179.713642802675
12468,LOAD,121911390,4101.339505685236
12469,LOAD,125126933,3995.942264484338
12470,LOAD,124294113,4022.716667200481
12471,LOAD,122215445,4091.1359443972083
12472,LOAD,128819927,3881.387077637453
12473,LOAD,118036137,4235.990881334926
12474,LOAD,120866282,4136.803016742088
12475,LOAD,120513323,4148.918870986572
12476,LOAD,116587921,4288.60893745588
12477,LOAD,124882727,4003.7562600630913
12478,LOAD,117117976,4269.199460892323
12479,LOAD,116150150,4304.7727445896535
12480,LOAD,116446264,4293.826034642038
12481,LOAD,120984605,4132.757221466318
12482,LOAD,119368159,4188.721717656716
12483,LOAD,120944778,4134.118134476215
12484,LOAD,118215720,4229.555933847038
12485,LOAD,123979485,4032.925285985823
12486,LOAD,124925375,4002.3894264876126
12487,LOAD,119698126,4177.174837306977
12488,LOAD,116091435,4306.949948547022
12489,LOAD,118796138,4208.891033141162
12490,LOAD,119683507,4177.685067333463
12491,LOAD,118015445,4236.7335902516825
12492,LOAD,119152647,4196.297879979116
12493,LOAD,116998436,4273.561400427609
12494,LOAD,120229502,4158.713058630152
12495,LOAD,117513494,4254.830513336621
12496,LOAD,120425469,4151.945632032373
12497,LOAD,118288553,4226.951698360872
12498,LOAD,116254024,4300.926392018912
12499,LOAD,117721081,4247.327630299284
12500,LOAD,121954551,4099.887998439681
12501,LOAD,121091158,4129.120641492254
12502,LOAD,115815003,4317.229953359325
12503,LOAD,117603907,4251.5594316097
12504,LOAD,116999998,4273.50434655563
12505,LOAD,119495988,4184.240896857558
12506,LOAD,119740369,4175.701178939911
12507,LOAD,117914424,4240.363333327227
12508,LOAD,118565246,4217.087357959853
12509,LOAD,116541880,4290.303194010599
12510,LOAD,112318838,4451.613005469305
12511,LOAD,118770548,4209.797870091497
12512,LOAD,502020360,995.9755417091053
12513,LOAD,116935367,4275.866342472761
12514,LOAD,114900639,4351.585895009688
12515,LOAD,116997376,4273.600119031729
12516,LOAD,115042879,4346.205556973239
12517,LOAD,122928609,4067.4014297192607
12518,LOAD,116104918,4306.449792247388
12519,LOAD,115621224,4324.465549681432
12520,LOAD,121475340,4116.061745536173
12521,LOAD,121138310,4127.513418339748
12522,LOAD,111807467,4471.973235919922
12523,LOAD,119036530,4200.391258044904
12524,LOAD,116809071,4280.489483560742
12525,LOAD,121285186,4122.5150118498395
12526,LOAD,115390691,4333.105172236121
12527,LOAD,118556831,4217.386680991836
12528,LOAD,115824390,4316.880062998821
12529,LOAD,120380416,4153.499519390263
12530,LOAD,117701341,4248.039960734178
12531,LOAD,121388620,4119.0022590255985
12532,LOAD,115005775,4347.6077614363285
12533,LOAD,136421815,3665.102974916438
12534,LOAD,122644931,4076.809338332948
12535,LOAD,121084453,4129.349289788674
12536,LOAD,116792602,4281.0930781386305
12537,LOAD,117648687,4249.941182938999
12538,LOAD,118700608,4212.278339804291
12539,LOAD,113990801,4386.318857431312
12540,LOAD,121472282,4116.165365198293
12541,LOAD,120459074,4150.787345418245
12542,LOAD,123545151,4047.103394612388
12543,LOAD,116341224,4297.7027644130685
12544,LOAD,117455390,4256.935335194068
12545,LOAD,115567398,4326.4796876364735
12546,LOAD,119498959,4184.136867669283
12547,LOAD,116201838,4302.857928976993
12548,LOAD,121859638,4103.081284387206
12549,LOAD,114058620,4383.710762062526
12550,LOAD,119556387,4182.1270493896745
12551,LOAD,114012744,4385.474662376339
12552,LOAD,123287273,4055.5686554929316
12553,LOAD,118503150,4219.297124169273
12554,LOAD,119719405,4176.432383705883
12555,LOAD,113635657,4400.027361130142
12556,LOAD,121381440,4119.245907776346
12557,LOAD,116418422,4294.8529228475545
12558,LOAD,120229022,4158.72966179497
12559,LOAD,115886141,4314.579773607269
12560,LOAD,124258634,4023.865255109757
12561,LOAD,113977269,4386.839625013299
12562,LOAD,120477712,4150.145215241139
12563,LOAD,116540242,4290.3634952122375
12564,LOAD,120490270,4149.712669745035
12565,LOAD,115280814,4337.2351621320095
12566,LOAD,123389099,4052.2218255277157
12567,LOAD,116978117,4274.303714428914
12568,LOAD,124109146,4028.711953267328
12569,LOAD,119342744,4189.613739734357
12570,LOAD,119407408,4187.344892370496
12571,LOAD,127604641,3918.3527815418565
12572,LOAD,121468709,4116.286442132187
12573,LOAD,115161949,4341.711861788654
12574,LOAD,122551799,4079.9074683514027
12575,LOAD,118691868,4212.588515331144
12576,LOAD,119418960,4186.939829320235
12577,LOAD,117504718,4255.14829115202
12578,LOAD,118760843,4210.1418899493665
12579,LOAD,115835111,4316.480518588186
12580,LOAD,117754725,4246.114115590691
12581,LOAD,117928619,4239.852923233164
12582,LOAD,118577857,4216.638862009456
12583,LOAD,112451651,4446.355349642666
12584,LOAD,117858418,4242.378342461716
12585,LOAD,130583072,3828.9802218774576
12586,LOAD,117375507,4259.832504919446
12587,LOAD,124138942,4027.744976270218
12588,LOAD,123976785,4033.0131161249265
12589,LOAD,115703355,4321.395866178643
12590,LOAD,114189603,4378.6823569217595
12591,LOAD,121382441,4119.211937746415
12592,LOAD,117201538,4266.155619903213
12593,LOAD,125351137,3988.7950916631894
12594,LOAD,117462843,4256.6652332772155
12595,LOAD,117933911,4239.662670052551
12596,LOAD,115398041,4332.8291855491725
12597,LOAD,122802617,4071.574468156489
12598,LOAD,116389356,4295.925479646095
12599,LOAD,120883114,4136.2270002409105
12600,LOAD,113202763,4416.853323624266
12601,LOAD,118305051,4226.362237061206
12602,LOAD,119836932,4172.336454674924
12603,LOAD,122248599,4090.026422306893
12604,LOAD,118596569,4215.973566655203
12605,LOAD,119304969,4190.940278438864
12606,LOAD,117827504,4243.491400785338
12607,LOAD,119292674,4191.372221231289
12608,LOAD,116571338,4289.219018829483
12609,LOAD,117582076,4252.348801870108
12610,LOAD,116701567,4284.432616059045
12611,LOAD,116461317,4293.271043809336
12612,LOAD,117527470,4254.324542168737
12613,LOAD,116610019,4287.796231299817
12614,LOAD,116646771,4286.445271596931
12615,LOAD,115405906,4332.533899954826
12616,LOAD,114836487,4354.016855287466
12617,LOAD,113484222,4405.898821776299
12618,LOAD,119018536,4201.026300642784
12619,LOAD,116385140,4296.08109763841
12620,LOAD,124190899,4026.05991281213
12621,LOAD,117061076,4271.274595152363
12622,LOAD,119670991,4178.121997836552
12623,LOAD,115279913,4337.269060916103
12624,LOAD,119295202,4191.283401322376
12625,LOAD,118933702,4204.022842911255
12626,LOAD,114159706,4379.829079097313
12627,LOAD,116613865,4287.654817032263
12628,LOAD,116875989,4278.03866540971
12629,LOAD,115720063,4320.7719304473585
12630,LOAD,116958686,4275.013828387231
12631,LOAD,116301810,4299.159230625904
12632,LOAD,117920246,4240.153976612294
12633,LOAD,114292306,4374.747675490947
12634,LOAD,116634616,4286.891980679217
12635,LOAD,115781917,4318.463650934368
12636,LOAD,115660413,4323.000299160267
12637,LOAD,113994339,4386.182720880553
12638,LOAD,114613034,4362.505576809004
12639,LOAD,113826313,4392.657434138274
12640,LOAD,118086076,4234.199466497642
12641,LOAD,113174717,4417.947870812878
12642,LOAD,115440802,4331.224240801792
12643,LOAD,115264214,4337.859797491006
12644,LOAD,117733537,4246.8782705475
12645,LOAD,114580499,4363.744305215498
12646,LOAD,121404532,4118.462398092354
12647,LOAD,111847874,4470.357657401696
12648,LOAD,116787909,4281.265109387308
12649,LOAD,117151937,4267.961869038495
12650,LOAD,116989191,4273.8991160303
12651,LOAD,112776930,4433.530864867486
12652,LOAD,120974226,4133.111791928307
12653,LOAD,120834900,4137.877384762184
12654,LOAD,127621507,3917.8349461113944
12655,LOAD,119009925,4201.330267202504
12656,LOAD,116001981,4310.271218557897
12657,LOAD,119645896,4178.9983335491925
12658,LOAD,119934498,4168.9422838122855
12659,LOAD,120337320,4154.986998214686
12660,LOAD,118747472,4210.6159531547755
12661,LOAD,118399296,4222.998082691302
12662,LOAD,114431272,4369.434956556282
12663,LOAD,114577932,4363.842070391007
12664,LOAD,115192200,4340.571670651311
12665,LOAD,116262141,4300.626116974742
12666,LOAD,119570798,4181.623007985611
12667,LOAD,116905429,4276.961337698012
12668,LOAD,116274868,4300.15538697494
12669,LOAD,118458912,4220.872803559094
12670,LOAD,118227185,4229.145775567607
12671,LOAD,115378774,4333.552720884346
12672,LOAD,117054751,4271.505391524005
12673,LOAD,118045194,4235.66587556288
12674,LOAD,118396157,4223.110045708662
12675,LOAD,118975941,4202.530325017559
12676,LOAD,123392860,4052.0983142784758
12677,LOAD,121383227,4119.185264369352
12678,LOAD,117205953,4265.994919217115
12679,LOAD,122274980,4089.1439933173574
12680,LOAD,122947066,4066.7908252483226
12681,LOAD,120122455,4162.4190914180035
12682,LOAD,118437239,4221.645187118892
12683,LOAD,118707644,4212.02867104329
12684,LOAD,121349841,4120.318542485771
12685,LOAD,119594158,4180.806222992933
12686,LOAD,118615203,4215.311253145181
12687,LOAD,118483519,4219.996200484221
12688,LOAD,118491254,4219.7207230164
12689,LOAD,117537877,4253.9478571660775
12690,LOAD,120595307,4146.09832205162
12691,LOAD,123813681,4038.3259423488103
12692,LOAD,115481627,4329.693068837694
12693,LOAD,120700222,4142.494452081455
12694,LOAD,120837069,4137.803110732519
12695,LOAD,115597084,4325.368622620273
12696,LOAD,120388340,4153.226134690452
12697,LOAD,119748273,4175.425561252145
12698,LOAD,118293987,4226.757527413461
12699,LOAD,123469264,4049.590835821294
12700,LOAD,115536156,4327.649606067905
12701,LOAD,114665873,4360.495297497975
12702,LOAD,115730943,4320.365729673524
12703,LOAD,120065105,4164.407302188259
12704,LOAD,119266261,4192.3004528497795
12705,LOAD,123911489,4035.138339754758
12706,LOAD,113360917,4410.691208505309
12707,LOAD,111535528,4482.876523433861
12708,LOAD,120612851,4145.495242459695
12709,LOAD,117523025,4254.485450829741
12710,LOAD,119779047,4174.3527981150155
12711,LOAD,122551251,4079.925712059847
12712,LOAD,121367834,4119.707697840269
12713,LOAD,120792683,4139.323571445135
12714,LOAD,117106993,4269.599852162543
12715,LOAD,118215924,4229.548635089128
12716,LOAD,119140148,4196.738113838837
12717,LOAD,116063743,4307.977556781018
12718,LOAD,117697810,4248.167404304294
12719,LOAD,124113756,4028.5623134312364
12720,LOAD,119623488,4179.781147996621
12721,LOAD,119409287,4187.279001171827
12722,LOAD,112587304,4440.998072038389
12723,LOAD,111017600,4503.790389992218
12724,LOAD,114588541,4363.438050930415
12725,LOAD,129924358,3848.393078070857
12726,LOAD,117726679,4247.125666392067
12727,LOAD,124899313,4003.224581387409
12728,LOAD,115360449,4334.241105458943
12729,LOAD,112107525,4460.00391142343
12730,LOAD,118931337,4204.106441685761
12731,LOAD,117928463,4239.85853186266
12732,LOAD,117337813,4261.200948069485
12733,LOAD,119905833,4169.938921987224
12734,LOAD,117700141,4248.083271200159
12735,LOAD,113737039,4396.105300402624
12736,LOAD,119909015,4169.828265205914
12737,LOAD,115770499,4318.889564430399
12738,LOAD,134736737,3710.940394823425
12739,LOAD,120194970,4159.907856377018
12740,LOAD,122885129,4068.840583631564
12741,LOAD,124341359,4021.188155101313
12742,LOAD,117103145,4269.740150872976
12743,LOAD,120874545,4136.5202243367285
12744,LOAD,119268087,4192.236268533426
12745,LOAD,119468959,4185.187551521228
12746,LOAD,118666779,4213.479157464955
12747,LOAD,117274692,4263.4944630679565
12748,LOAD,119581792,4181.238561803791
12749,LOAD,117653875,4249.753779890378
12750,LOAD,120731087,4141.435420025664
12751,LOAD,118305187,4226.35737856532
12752,LOAD,119502329,4184.0188738078905
12753,LOAD,118059326,4235.158855641782
12754,LOAD,118105761,4233.493741257888
12755,LOAD,117018390,4272.8326718561075
12756,LOAD,119156263,4196.170536163928
12757,LOAD,119348875,4189.398517581334
12758,LOAD,121862583,4102.982127007763
12759,LOAD,117575701,4252.579365867442
12760,LOAD,120458936,4150.7921006375145
12761,LOAD,122311397,4087.9264914290857
12762,LOAD,114937832,4350.1777552233625
12763,LOAD,118066859,4234.888640511729
12764,LOAD,119837979,4172.300001821626
12765,LOAD,118751602,4210.469514339689
12766,LOAD,118374854,4223.870045913636
12767,LOAD,121254141,4123.570509645522
12768,LOAD,118382165,4223.609189779559
12769,LOAD,118531316,4218.294513831264
12770,LOAD,121762464,4106.355797793317
12771,LOAD,121584538,4112.365011412882
12772,LOAD,119329170,4190.090319072863
12773,LOAD,114389533,4371.029296885057
12774,LOAD,124650342,4011.220442539981
12775,LOAD,117508228,4255.021188814114
12776,LOAD,116153768,4304.638657955547
12777,LOAD,118015679,4236.72518970975
12778,LOAD,121573865,4112.726036965264
12779,LOAD,115366956,4333.996642851529
12780,LOAD,119122406,4197.363172802268
12781,LOAD,120089201,4163.571710332222
12782,LOAD,123206800,4058.2175659135696
12783,LOAD,119347766,4189.437446194008
12784,LOAD,119536544,4182.821280160149
12785,LOAD,115562310,4326.670174730844
12786,LOAD,122436150,4083.76120941405
12787,LOAD,119183587,4195.208523133307
12788,LOAD,123622650,4044.5662667804
12789,LOAD,119039371,4200.291011282309
12790,LOAD,117522118,4254.518285655811
12791,LOAD,120186279,4160.2086707418575
12792,LOAD,115750323,4319.642373697739
12793,LOAD,114052871,4383.931729346822
12794,LOAD,118087089,4234.1631437794185
12795,LOAD,119406784,4187.366774738694
12796,LOAD,121724395,4107.640050295588
12797,LOAD,118545581,4217.786911854606
12798,LOAD,121279622,4122.704142333161
12799,LOAD,115808337,4317.478455804093
12800,LOAD,123628641,4044.3702685367225
12801,LOAD,118311518,4226.131220799652
12802,LOAD,121175348,4126.251818150338
12803,LOAD,117958830,4238.767034227111
12804,LOAD,120894978,4135.8210925850035
12805,LOAD,116208983,4302.593371805
12806,LOAD,118937505,4203.888420225395
12807,LOAD,117158660,4267.716957500197
12808,LOAD,120568230,4147.0294454849345
12809,LOAD,110801768,4512.563373537505
12810,LOAD,118801287,4208.708614410885
12811,LOAD,120091022,4163.508576019945
12812,LOAD,118951078,4203.408732453859
12813,LOAD,119589423,4180.971757008979
12814,LOAD,116962676,4274.867992931352
12815,LOAD,119376701,4188.421993668597
12816,LOAD,117512357,4254.871681281995
12817,LOAD,118009116,4236.960812417237
12818,LOAD,124491233,4016.347078834057
12819,LOAD,122288085,4088.705780289224
12820,LOAD,118267261,4227.712688805738
12821,LOAD,117710775,4247.69949904756
12822,LOAD,120183601,4160.3013709000115
12823,LOAD,117768873,4245.604014568434
12824,LOAD,119810082,4173.271494797909
12825,LOAD,115816109,4317.1887254475105
12826,LOAD,122477065,4082.396977752528
12827,LOAD,113264274,4414.454640834055
12828,LOAD,118733042,4211.127682553606
12829,LOAD,118107342,4233.437071168701
12830,LOAD,120202650,4159.642071119065
12831,LOAD,121182333,4126.013979281946
12832,LOAD,118592942,4216.102506336338
12833,LOAD,118320141,4225.823226495309
12834,LOAD,115714931,4320.963558280996
12835,LOAD,125566932,3981.9400859455577
12836,LOAD,123739275,4040.7542391047627
12837,LOAD,120067992,4164.307170224018
12838,LOAD,111935001,4466.878058990682
12839,LOAD,118673408,4213.243795947951
12840,LOAD,117926305,4239.93611942645
12841,LOAD,118262670,4227.876810154887
12842,LOAD,114775139,4356.344103403787
12843,LOAD,121273471,4122.913246211943
12844,LOAD,116110824,4306.230743827983
12845,LOAD,120082676,4163.797948673296
12846,LOAD,113162220,4418.435764162279
12847,LOAD,117871537,4241.906169425788
12848,LOAD,118405661,4222.771071731106
12849,LOAD,118390424,4223.314547804981
12850,LOAD,115104451,4343.880672346893
12851,LOAD,120654691,4144.0576893939415
12852,LOAD,117935622,4239.6011613861665
12853,LOAD,118809118,4208.431208116535
12854,LOAD,119239908,4193.226985716897
12855,LOAD,117897122,4240.985628130939
12856,LOAD,114082298,4382.80091447667
12857,LOAD,118018141,4236.636806539767
12858,LOAD,117931063,4239.765056641608
12859,LOAD,118599962,4215.852952802801
12860,LOAD,116217364,4302.283090846907
12861,LOAD,118876146,4206.058295328652
12862,LOAD,115940294,4312.564534293832
12863,LOAD,123099469,4061.7559446986725
12864,LOAD,114496556,4366.943578634802
12865,LOAD,119779711,4174.329657549432
12866,LOAD,113674368,4398.528963011257
12867,LOAD,118967975,4202.811723070852
12868,LOAD,115807545,4317.507982748447
12869,LOAD,117805074,4244.299358446989
12870,LOAD,117236116,4264.897346138625
12871,LOAD,116808563,4280.508099393363
12872,LOAD,115575314,4326.183357805975
12873,LOAD,121272972,4122.930210698555
12874,LOAD,121460248,4116.573185327268
12875,LOAD,120999003,4132.265453459976
12876,LOAD,113973042,4387.002322882634
12877,LOAD,114214792,4377.716679639884
12878,LOAD,121350810,4120.285641274252
12879,LOAD,119428547,4186.60372716416
12880,LOAD,119048652,4199.963557756201
12881,LOAD,117301740,4262.511365986557
12882,LOAD,118416983,4222.3673271594835
12883,LOAD,115101535,4343.9907208883005
12884,LOAD,121555289,4113.354541076365
12885,LOAD,115327435,4335.481839165156
12886,LOAD,114192201,4378.582737011961
12887,LOAD,106802234,4681.550013270321
12888,LOAD,119033743,4200.489604027658
12889,LOAD,121331420,4120.9441049976995
12890,LOAD,115618224,4324.577758606637
12891,LOAD,115681362,4322.217437239371
12892,LOAD,132787604,3765.411717196132
12893,LOAD,119504909,4183.928544726142
12894,LOAD,120489474,4149.740084349609
12895,LOAD,120870256,4136.667005983672
12896,LOAD,119493197,4184.338628081062
12897,LOAD,120305999,4156.068726049148
12898,LOAD,117582417,4252.336469661106
12899,LOAD,119158333,4196.097640942996
12900,LOAD,115332673,4335.284936992659
12901,LOAD,121189690,4125.763503479545
12902,LOAD,115274317,4337.479613954251
12903,LOAD,118347122,4224.859815348953
12904,LOAD,114929714,4350.4850277448695
12905,LOAD,119577675,4181.38251977219
12906,LOAD,116555304,4289.809067805271
12907,LOAD,120943566,4134.159563312363
12908,LOAD,117785426,4245.007357701453
12909,LOAD,121227416,4124.479564919539
12910,LOAD,118191704,4230.415359778551
12911,LOAD,122793661,4071.8714299103763
12912,LOAD,116302346,4299.139417187681
12913,LOAD,119267266,4192.2651266274515
12914,LOAD,115750665,4319.629610767247
12915,LOAD,119929241,4169.125025980945
12916,LOAD,114910790,4351.201484212231
12917,LOAD,124926041,4002.3680891320328
12918,LOAD,112092492,4460.602053525583
12919,LOAD,120080159,4163.8852260347185
12920,LOAD,118534220,4218.191168761224
12921,LOAD,120964173,4133.455283491253
12922,LOAD,113860993,4391.319510097721
12923,LOAD,119795497,4173.779587057434
12924,LOAD,117159803,4267.6753220556375
12925,LOAD,121798439,4105.14292387606
12926,LOAD,116418371,4294.8548043160645
12927,LOAD,118447751,4221.270524587672
12928,LOAD,113270935,4414.195044827696
12929,LOAD,119575906,4181.444378937007
12930,LOAD,116523433,4290.9823983644565
12931,LOAD,121430877,4117.568878301027
12932,LOAD,121428295,4117.656432547291
12933,LOAD,118709610,4211.958913857101
12934,LOAD,114929292,4350.501001955185
12935,LOAD,119124205,4197.299784707902
12936,LOAD,113119616,4420.099870211723
12937,LOAD,123235341,4057.2776927683426
12938,LOAD,114753385,4357.169943178583
12939,LOAD,118756225,4210.305607137647
12940,LOAD,113741366,4395.93806179539
12941,LOAD,119698569,4177.159377736587
12942,LOAD,113918878,4389.088172023604
12943,LOAD,116233393,4301.689790643899
12944,LOAD,117258078,4264.09854679692
12945,LOAD,120015255,4166.137046494631
12946,LOAD,115332152,4335.304521153823
12947,LOAD,117147248,4268.1327008211065
12948,LOAD,115469222,4330.158213069107
12949,LOAD,119923747,4169.316023789684
12950,LOAD,112369380,4449.610739153317
12951,LOAD,120394885,4153.0003537941
12952,LOAD,116786666,4281.310676340397
12953,LOAD,122568935,4079.3370685647224
12954,LOAD,116314146,4298.703272085237
12955,LOAD,122748879,4073.3569550561842
12956,LOAD,114147802,4380.285833274302
12957,LOAD,122055577,4096.494501025545
12958,LOAD,116529702,4290.751554483509
12959,LOAD,117980509,4237.988157857498
12960,LOAD,120906768,4135.417795635725
12961,LOAD,120003864,4166.532504320027
12962,LOAD,112416600,4447.7417036274
12963,LOAD,122669988,4075.9765950250194
12964,LOAD,116314332,4298.696397964096
12965,LOAD,120969590,4133.270187986915
12966,LOAD,118069217,4234.8040641279085
12967,LOAD,123955526,4033.7047982838617
12968,LOAD,122380149,4085.629933331753
12969,LOAD,121090924,4129.128620737917
12970,LOAD,121665362,4109.633109873951
12971,LOAD,122025134,4097.516500166269
12972,LOAD,120989234,4132.599103817783
12973,LOAD,123107187,4061.501299676355
12974,LOAD,114005329,4385.759897241294
12975,LOAD,121001735,4132.17215439101
12976,LOAD,121040696,4130.842076453361
12977,LOAD,122815612,4071.143658837119
12978,LOAD,119300047,4191.113185395476
12979,LOAD,124438348,4018.053984451803
12980,LOAD,114189959,4378.66870588858
12981,LOAD,127967564,3907.240119066422
12982,LOAD,121032422,4131.124468450281
12983,LOAD,123504937,4048.421157447334
12984,LOAD,118173134,4231.080137047054
12985,LOAD,119411272,4187.209395106352
12986,LOAD,111780780,4473.040893076609
12987,LOAD,118029039,4236.245624265398
12988,LOAD,120251087,4157.966572061007
12989,LOAD,119622955,4179.799771707696
12990,LOAD,117018967,4272.8116032677
12991,LOAD,122452949,4083.2009688880585
12992,LOAD,116310246,4298.847411946837
12993,LOAD,117235387,4264.92386637492
12994,LOAD,109975746,4546.456997891153
12995,LOAD,127532803,3920.5599519364446
12996,LOAD,114603694,4362.861113359924
12997,LOAD,117379525,4259.686687265092
12998,LOAD,119506194,4183.883556696652
12999,LOAD,120922588,4134.876769260016
13000,LOAD,118694103,4212.509192642873
13001,LOAD,122958871,4066.400381961868
13002,LOAD,116384556,4296.102654719927
13003,LOAD,121319527,4121.34808273692
13004,LOAD,116504513,4291.679241644485
13005,LOAD,119213639,4194.150972943625
13006,LOAD,121910165,4101.380717514408
13007,LOAD,122170888,4092.6280244439245
13008,LOAD,115305653,4336.30084034128
13009,LOAD,119055144,4199.734536459845
13010,LOAD,121159172,4126.802715356952
13011,LOAD,118309391,4226.2071993929885
13012,LOAD,376942942,1326.4607034345265
13013,LOAD,127450943,3923.078074047675
13014,LOAD,116126407,4305.652890819226
13015,LOAD,108302511,4616.698129926092
13016,LOAD,118916801,4204.6203378780765
13017,LOAD,111146091,4498.583760359148
13018,LOAD,120238517,4158.40125506538
13019,LOAD,116489944,4292.215987330203
13020,LOAD,115451769,4330.812808940156
13021,LOAD,115255212,4338.19860571685
13022,LOAD,120217582,4159.125409792388
13023,LOAD,117531846,4254.166143191523
13024,LOAD,115094918,4344.240464205379
13025,LOAD,113260757,4414.5917195308875
13026,LOAD,115758735,4319.328472274684
13027,LOAD,110844947,4510.805530900745
13028,LOAD,118693653,4212.525163413751
13029,LOAD,110165681,4538.618519500642
13030,LOAD,116325560,4298.281478292475
13031,LOAD,127820834,3911.7253764750117
13032,LOAD,116895507,4277.324362860242
13033,LOAD,120990143,4132.568055564659
13034,LOAD,117908077,4240.591592380902
13035,LOAD,114367717,4371.86308440519
13036,LOAD,119020332,4200.962907749241
13037,LOAD,117045301,4271.850264198132
13038,LOAD,118738558,4210.932054606895
13039,LOAD,108335176,4615.306112577876
13040,LOAD,119412730,4187.1582703117165
13041,LOAD,116769869,4281.926530207891
13042,LOAD,116397747,4295.615790570242
13043,LOAD,119141687,4196.68390292308
13044,LOAD,111102666,4500.34205299808
13045,LOAD,130904461,3819.5795328930767
13046,LOAD,120399686,4152.834750748436
13047,LOAD,123825501,4037.9404562231493
13048,LOAD,117484912,4255.865638304262
13049,LOAD,119259140,4192.550776401708
13050,LOAD,110673429,4517.7962273130615
13051,LOAD,117494255,4255.527217054144
13052,LOAD,113454182,4407.065400198293
13053,LOAD,122562064,4079.565761882078
13054,LOAD,111933820,4466.925188472975
13055,LOAD,120707018,4142.261222955571
13056,LOAD,122074802,4095.8493629176646
13057,LOAD,124303473,4022.4137583026336
13058,LOAD,111459429,4485.937210390697
13059,LOAD,119819713,4172.936051015245
13060,LOAD,120670113,4143.528066473262
13061,LOAD,118702626,4212.206729108082
13062,LOAD,117752302,4246.20148827324
13063,LOAD,119824222,4172.779022925765
13064,LOAD,119380709,4188.281374673357
13065,LOAD,122499699,4081.642682240387
13066,LOAD,119832967,4172.474507787159
13067,LOAD,116872138,4278.179629091751
13068,LOAD,121031634,4131.151364939848
13069,LOAD,115845062,4316.109736295881
13070,LOAD,119254823,4192.7025458752305
13071,LOAD,119146374,4196.518813069376
13072,LOAD,122039918,4097.020124185924
13073,LOAD,119109891,4197.804194111805
13074,LOAD,118168567,4231.243660592076
13075,LOAD,117913401,4240.4001221201315
13076,LOAD,116176739,4303.787524970899
13077,LOAD,119049218,4199.943589717658
13078,LOAD,120110544,4162.831865951752
13079,LOAD,118860857,4206.599318058089
13080,LOAD,123230776,4057.427991851646
13081,LOAD,115554540,4326.961104254319
13082,LOAD,119367987,4188.727753279445
13083,LOAD,120244397,4158.197907549905
13084,LOAD,132087333,3785.374332601598
13085,LOAD,128247485,3898.7119318558175
13086,LOAD,125127172,3995.934632007826
13087,LOAD,125210699,3993.268977757244
13088,LOAD,124738658,4008.3804653405846
13089,LOAD,128867821,3879.9445518676066
13090,LOAD,125826294,3973.7322311980356
13091,LOAD,126300826,3958.8022963523613
13092,LOAD,127386194,3925.0721314430666
13093,LOAD,125420067,3986.6028775124164
13094,LOAD,127407871,3924.4043250671693
13095,LOAD,122822966,4070.8998999421656
13096,LOAD,123210235,4058.104426146091
13097,LOAD,121378423,4119.348296360713
13098,LOAD,125838508,3973.3465371347215
13099,LOAD,124336719,4021.338217875928
13100,LOAD,124914225,4002.746684775093
13101,LOAD,126992924,3937.227242676923
13102,LOAD,127921894,3908.6350613289073
13103,LOAD,125219651,3992.9834974544056
13104,LOAD,128606003,3887.843400280467
13105,LOAD,123164706,4059.6045428793536
13106,LOAD,119828559,4172.627995968807
13107,LOAD,125226784,3992.7560544875123
13108,LOAD,126760237,3944.454600538495
13109,LOAD,125426180,3986.4085791339576
13110,LOAD,128755118,3883.3407771798247
13111,LOAD,126334677,3957.741547081329
13112,LOAD,123590167,4045.629293469601
13113,LOAD,124453908,4017.551622404658
13114,LOAD,123756386,4040.1955499896385
13115,LOAD,123134323,4060.6062373039563
13116,LOAD,128838425,3880.8298067909477
13117,LOAD,124394995,4019.4543196854506
13118,LOAD,127955775,3907.6001063648746
13119,LOAD,125240480,3992.3194162143104
13120,LOAD,127336366,3926.6080516228967
13121,LOAD,127061196,3935.111707904906
13122,LOAD,128449290,3892.5867165166896
13123,LOAD,134674642,3712.6514136194996
13124,LOAD,126221943,3961.276368562953
13125,LOAD,127260190,3928.9584590436334
13126,LOAD,127080341,3934.518872592575
13127,LOAD,128895057,3879.1247053019265
13128,LOAD,125658684,3979.0325991317877
13129,LOAD,125826540,3973.7244622636845
13130,LOAD,122974701,4065.876931873979
13131,LOAD,122983467,4065.587124812476
13132,LOAD,127165721,3931.8772076949886
13133,LOAD,123214660,4057.9586877081024
13134,LOAD,125306689,3990.209971951298
13135,LOAD,128330741,3896.1825989923955
13136,LOAD,126647877,3947.954058479796
13137,LOAD,125937496,3970.223451163425
13138,LOAD,125566588,3981.9509947980746
13139,LOAD,125988083,3968.629318695166
13140,LOAD,127670901,3916.319193204409
13141,LOAD,127177113,3931.5250063901044
13142,LOAD,126447048,3954.2243801531854
13143,LOAD,125227472,3992.7341182771784
13144,LOAD,126795703,3943.3512979536854
13145,LOAD,130448703,3832.9242721562364
13146,LOAD,126152929,3963.443448863561
13147,LOAD,127606024,3918.3103142528757
13148,LOAD,122111600,4094.615089803098
13149,LOAD,130246352,3838.879111178484
13150,LOAD,125151009,3995.173542707914
13151,LOAD,125463298,3985.2292102189117
13152,LOAD,127124527,3933.151310761613
13153,LOAD,125103775,3996.681954641257
13154,LOAD,125930351,3970.4487125585792
13155,LOAD,127032938,3935.987058726454
13156,LOAD,126793588,3943.417075633194
13157,LOAD,128628151,3887.1739670735064
13158,LOAD,126830188,3942.2791047191386
13159,LOAD,127971724,3907.113105704507
13160,LOAD,124241653,4024.4152257053433
13161,LOAD,126061496,3966.3181531655
13162,LOAD,126595376,3949.591334204813
13163,LOAD,125716178,3977.2128611800467
13164,LOAD,127396689,3924.748782128867
13165,LOAD,126906397,3939.9117130399663
13166,LOAD,126240568,3960.691938585067
13167,LOAD,125588829,3981.2458160590063
13168,LOAD,124361879,4020.524649679827
13169,LOAD,127432855,3923.6349213081667
13170,LOAD,127057737,3935.2188367718218
13171,LOAD,129329297,3866.1000376426696
13172,LOAD,125187072,3994.022641571168
13173,LOAD,125444862,3985.814899298147
13174,LOAD,126363242,3956.8468811523526
13175,LOAD,126564748,3950.547114430315
13176,LOAD,128486633,3891.4553858688164
13177,LOAD,126297234,3958.914888033098
13178,LOAD,128707668,3884.7724286326124
13179,LOAD,122994833,4065.211422336742
13180,LOAD,125357164,3988.6033158822893
13181,LOAD,129812381,3851.71272684691
13182,LOAD,125696471,3977.8364183350864
13183,LOAD,127526156,3920.7643018738836
13184,LOAD,141591553,3531.284101389862
13185,LOAD,123112981,4061.3101554254463
13186,LOAD,127181411,3931.3921434634813
13187,LOAD,131017727,3816.2774721316914
13188,LOAD,126086929,3965.518106956193
13189,LOAD,128339590,3895.9139576493894
13190,LOAD,126389477,3956.0255479180437
13191,LOAD,122352957,4086.5379330390847
13192,LOAD,123397481,4051.9465709352685
13193,LOAD,126932236,3939.1096836898073
13194,LOAD,125991358,3968.5261587544755
13195,LOAD,126673249,3947.163303595379
13196,LOAD,124898584,4003.2479471504657
13197,LOAD,123354162,4053.369516628065
13198,LOAD,133916004,3733.68369026304
13199,LOAD,128341932,3895.842864512901
13200,LOAD,130187409,3840.617182879798
13201,LOAD,126700181,3946.3242755746337
13202,LOAD,126947850,3938.6251913679516
13203,LOAD,126546153,3951.1276174472096
13204,LOAD,126434342,3954.6217593318115
13205,LOAD,126312572,3958.4341612488106
13206,LOAD,123576089,4046.0901784972334
13207,LOAD,127135979,3932.7970251442357
13208,LOAD,128335637,3896.0339597644256
13209,LOAD,127227961,3929.9537308469485
13210,LOAD,124975749,4000.776182585631
13211,LOAD,127475502,3922.3222670658715
13212,LOAD,127407302,3924.4218514257523
13213,LOAD,125272847,3991.287912535428
13214,LOAD,127239014,3929.612343585121
13215,LOAD,126829103,3942.312830202702
13216,LOAD,122407920,4084.7030159486408
13217,LOAD,121203688,4125.2870127186225
13218,LOAD,125525371,3983.2584920223017
13219,LOAD,126600583,3949.428890070751
13220,LOAD,126764753,3944.3140791667856
13221,LOAD,126754594,3944.6302040934315
13222,LOAD,124835777,4005.262049196041
13223,LOAD,127352118,3926.1223751300313
13224,LOAD,127058555,3935.1935019251555
13225,LOAD,126032659,3967.225669657577
13226,LOAD,127890439,3909.5964007129573
13227,LOAD,125507838,3983.8149391116117
13228,LOAD,122897892,4068.4180327519366
13229,LOAD,128540043,3889.8384373498307
13230,LOAD,121771258,4106.0592475771255
13231,LOAD,124743537,4008.2236885747434
13232,LOAD,125012083,3999.613381372103
13233,LOAD,126029253,3967.3328858023146
13234,LOAD,125686714,3978.1452158897237
13235,LOAD,125796126,3974.6851981753393
13236,LOAD,130906856,3819.5096519620024
13237,LOAD,124497552,4016.143225049116
13238,LOAD,126435355,3954.590074904286
13239,LOAD,134245514,3724.5192416634495
13240,LOAD,124574411,4013.6653746651064
13241,LOAD,122409935,4084.635777316604
13242,LOAD,128195616,3900.2893827508115
13243,LOAD,122250593,4089.959710870278
13244,LOAD,126632714,3948.426786462146
13245,LOAD,125638041,3979.6863754028127
13246,LOAD,128955389,3877.309850152908
13247,LOAD,124306738,4022.3081069024593
13248,LOAD,128302421,3897.042597504844
13249,LOAD,124424259,4018.5089629507056
13250,LOAD,128557163,3889.320426276053
13251,LOAD,125692244,3977.970192019167
13252,LOAD,125585812,3981.3414591769333
13253,LOAD,127779582,3912.988226867106
13254,LOAD,125766536,3975.62035102883
13255,LOAD,126579856,3950.075594966706
13256,LOAD,125648519,3979.3545039715113
13257,LOAD,128335509,3896.0378456129397
13258,LOAD,125695443,3977.8689510645186
13259,LOAD,125410974,3986.891928612244
13260,LOAD,130419207,3833.7911378344756
13261,LOAD,123938196,4034.2688221797252
13262,LOAD,127082898,3934.4397072216593
13263,LOAD,125024737,3999.2085726203127
13264,LOAD,127261140,3928.9291295048906
13265,LOAD,126732963,3945.303480358145
13266,LOAD,123734147,4040.921702882875
13267,LOAD,124868579,4004.209898152201
13268,LOAD,121898124,4101.785848648499
13269,LOAD,132401462,3776.3933452638157
13270,LOAD,122629136,4077.334443586066
13271,LOAD,123459964,4049.8958836566644
13272,LOAD,126687327,3946.724679099118
13273,LOAD,126436975,3954.5394058976817
13274,LOAD,125810134,3974.2426472576526
13275,LOAD,128998894,3876.002223708988
13276,LOAD,125313977,3989.977909646902
13277,LOAD,124280465,4023.1584263866407
13278,LOAD,128755938,3883.316045586962
13279,LOAD,126034123,3967.1795867536603
13280,LOAD,124721558,4008.9300359766194
13281,LOAD,127302369,3927.6566801360937
13282,LOAD,126208494,3961.698489168249
13283,LOAD,127345817,3926.3166374754187
13284,LOAD,127192313,3931.05517312198
13285,LOAD,132822986,3764.4086694452117
13286,LOAD,123302891,4055.0549621744067
13287,LOAD,124288704,4022.891734392854
13288,LOAD,125141889,3995.4647000733703
13289,LOAD,128418088,3893.5325061061494
13290,LOAD,126006259,3968.0568566042425
13291,LOAD,125918219,3970.831258342369
13292,LOAD,126061208,3966.3272146337035
13293,LOAD,127652865,3916.872527694541
13294,LOAD,125460243,3985.3262519187056
13295,LOAD,130086315,3843.601842361358
13296,LOAD,122524023,4080.8323768474365
13297,LOAD,127882920,3909.826269215623
13298,LOAD,124103414,4028.8980285425505
13299,LOAD,127799552,3912.376782040676
13300,LOAD,126792879,3943.43912641971
13301,LOAD,124517979,4015.484382379833
13302,LOAD,127240980,3929.5516271565966
13303,LOAD,129784018,3852.5544801671963
13304,LOAD,122888575,4068.726486575339
13305,LOAD,131516893,3801.7929757510315
13306,LOAD,123023781,4064.254861423906
13307,LOAD,126615252,3948.9713292992537
13308,LOAD,126614390,3948.9982141840273
13309,LOAD,123554178,4046.8077089226394
13310,LOAD,127652826,3916.8737243623577
13311,LOAD,123152709,4060.0000118552002
13312,LOAD,123794675,4038.9459401222225
13313,LOAD,121183847,4125.962431280135
13314,LOAD,129720436,3854.4427957365174
13315,LOAD,127052605,3935.377790955172
13316,LOAD,127939180,3908.106961448401
13317,LOAD,123345927,4053.64013357328
13318,LOAD,125597067,3980.9846833445563
13319,LOAD,121790208,4105.420363515595
13320,LOAD,127066684,3934.9417507424687
13321,LOAD,124275815,4023.3089599935433
13322,LOAD,124242619,4024.383935435231
13323,LOAD,126228273,3961.0777214705304
13324,LOAD,125998607,3968.297839991199
13325,LOAD,130158610,3841.4669609640114
13326,LOAD,123356203,4053.3024512760007
13327,LOAD,126623843,3948.703404934567
13328,LOAD,125388584,3987.6038475719606
13329,LOAD,126788461,3943.576537300188
13330,LOAD,128259085,3898.3593247994863
13331,LOAD,124847622,4004.882047332868
13332,LOAD,131412875,3804.8022311360287
13333,LOAD,120977072,4133.014559982076
13334,LOAD,126732258,3945.3254277218034
13335,LOAD,125487856,3984.449300018322
13336,LOAD,127861505,3910.4811100103975
13337,LOAD,136814902,3654.572657589595
13338,LOAD,127131335,3932.9406868888777
13339,LOAD,129560214,3859.20943292051
13340,LOAD,127834062,3911.3205993563747
13341,LOAD,124610915,4012.4895961160387
13342,LOAD,131708360,3796.2662354918093
13343,LOAD,123222668,4057.6949689159464
13344,LOAD,120850741,4137.3349957366
13345,LOAD,135088077,3701.2889005741044
13346,LOAD,129655372,3856.3770423642763
13347,LOAD,124332087,4021.488033093179
13348,LOAD,127764252,3913.457733075446
13349,LOAD,119340073,4189.70750922869
13350,LOAD,120829717,4138.05487933072
13351,LOAD,126655445,3947.718157715209
13352,LOAD,128353336,3895.496724759846
13353,LOAD,128537920,3889.902683970614
13354,LOAD,124828317,4005.5014119913194
13355,LOAD,117427679,4257.939901886334
13356,LOAD,136591541,3660.5487890351865
13357,LOAD,125432679,3986.202032725459
13358,LOAD,130805276,3822.4757845394556
13359,LOAD,125496659,3984.1698096520636
13360,LOAD,124534930,4014.9378170445834
13361,LOAD,127422196,3923.9631374741025
13362,LOAD,126152013,3963.4722277479627
13363,LOAD,125771468,3975.464451126546
13364,LOAD,125509704,3983.75571023576
13365,LOAD,127773064,3913.1878374615794
13366,LOAD,130294360,3837.4646454382214
13367,LOAD,122868721,4069.383940278828
13368,LOAD,124219320,4025.138762633703
13369,LOAD,127840161,3911.1339980242983
13370,LOAD,125863096,3972.5703235521873
13371,LOAD,133585800,3742.9127946233807
13372,LOAD,123697552,4042.1171794895345
13373,LOAD,127821950,3911.6912236122203
13374,LOAD,123526135,4047.7264183810166
13375,LOAD,125334594,3989.321575494153
13376,LOAD,125692635,3977.957817496626
13377,LOAD,127762312,3913.5171567652906
13378,LOAD,120116350,4162.630649366219
13379,LOAD,132162666,3783.216661201432
13380,LOAD,126081703,3965.682474958321
13381,LOAD,120085817,4163.689039147729
13382,LOAD,124712344,4009.2262238291346
13383,LOAD,128560705,3889.213270882421
13384,LOAD,127736717,3914.301320269567
13385,LOAD,125459388,3985.3534117351182
13386,LOAD,127601154,3918.4598596968804
13387,LOAD,122038883,4097.054870618571
13388,LOAD,129075830,3873.6919220275395
13389,LOAD,125004741,3999.8482937539143
13390,LOAD,130109422,3842.9192314757956
13391,LOAD,123128025,4060.813937363163
13392,LOAD,125869207,3972.377453684919
13393,LOAD,125754982,3975.9856194007484
13394,LOAD,126890583,3940.402732644077
13395,LOAD,126780271,3943.831292173212
13396,LOAD,125671375,3978.630774112243
13397,LOAD,118153065,4231.798811143833
13398,LOAD,126145476,3963.6776193226306
13399,LOAD,125312398,3990.0281853995007
13400,LOAD,125157084,3994.979620969757
13401,LOAD,124903884,4003.078078820992
13402,LOAD,125248253,3992.071649893592
13403,LOAD,126617028,3948.9159388577655
13404,LOAD,123649712,4043.681072221179
13405,LOAD,119544329,4182.548885275854
13406,LOAD,134441591,3719.08719824656
13407,LOAD,128056108,3904.5384699650563
13408,LOAD,128213478,3899.746015781586
13409,LOAD,125841069,3973.2656752939693
13410,LOAD,125874473,3972.2112679669376
13411,LOAD,125121185,3996.1258359245876
13412,LOAD,126908941,3939.832734086088
13413,LOAD,126529805,3951.638114039613
13414,LOAD,128039085,3905.0575845649
13415,LOAD,126713048,3945.9235484572987
13416,LOAD,126431965,3954.6961086937154
13417,LOAD,121218561,4124.780857611401
13418,LOAD,123370330,4052.8383120965955
13419,LOAD,123963417,4033.4480292681833
13420,LOAD,128550199,3889.531123946374
13421,LOAD,125663609,3978.8766531446663
13422,LOAD,125744355,3976.3216408402586
13423,LOAD,123423157,4051.1036352764822
13424,LOAD,126991155,3937.2820886620016
13425,LOAD,125141067,3995.490944631309
13426,LOAD,125844479,3973.158011961733
13427,LOAD,124459066,4017.385121627058
13428,LOAD,123946540,4033.997237841411
13429,LOAD,124857889,4004.5527279417643
13430,LOAD,126897882,3940.1760858388475
13431,LOAD,131184584,3811.423452011709
13432,LOAD,125679521,3978.372896567612
13433,LOAD,138998350,3597.165002318373
13434,LOAD,125633779,3979.8213822733132
13435,LOAD,121546910,4113.638100713543
13436,LOAD,125480031,3984.697772349132
13437,LOAD,126817586,3942.6708532363955
13438,LOAD,127431096,3923.6890813526393
13439,LOAD,126184624,3962.4479128296966
13440,LOAD,127801462,3912.318311350773
13441,LOAD,131805458,3793.469614892579
13442,LOAD,127750423,3913.8813653869465
13443,LOAD,126474144,3953.377221513356
13444,LOAD,131949671,3789.323582322536
13445,LOAD,127901756,3909.2504719012613
13446,LOAD,128201546,3900.1089737248567
13447,LOAD,128587366,3888.4068906116327
13448,LOAD,134177556,3726.4056292693244
13449,LOAD,128441128,3892.834077259116
13450,LOAD,130014203,3845.7336849574813
13451,LOAD,126407018,3955.4765859598083
13452,LOAD,126088454,3965.4701452680197
13453,LOAD,122075323,4095.8318824190214
13454,LOAD,129834869,3851.045592382429
13455,LOAD,126362701,3956.863821706376
13456,LOAD,125608022,3980.6374787113523
13457,LOAD,128130002,3902.286679118291
13458,LOAD,128345220,3895.743059227293
13459,LOAD,123414809,4051.3776592240233
13460,LOAD,128919338,3878.394100968778
13461,LOAD,124828417,4005.4982031855775
13462,LOAD,128388410,3894.4325270481972
13463,LOAD,127330286,3926.7955465049376
13464,LOAD,125896803,3971.5067268229204
13465,LOAD,131601204,3799.357337186672
13466,LOAD,120506650,4149.1486154498525
13467,LOAD,114657900,4360.798514537594
13468,LOAD,121849619,4103.4186573862
13469,LOAD,118266075,4227.755085302358
13470,LOAD,124568129,4013.8677847525514
13471,LOAD,117387214,4259.407672798164
13472,LOAD,119355008,4189.183247342248
13473,LOAD,115483394,4329.626820631891
13474,LOAD,119190990,4194.947957056151
13475,LOAD,118380331,4223.674623785264
13476,LOAD,119534424,4182.895464489794
13477,LOAD,115467672,4330.2163396868345
13478,LOAD,118213404,4229.638797982672
13479,LOAD,123949350,4033.905784903269
13480,LOAD,123608428,4045.0316219538036
13481,LOAD,117513717,4254.822439154061
13482,LOAD,116257186,4300.809414052049
13483,LOAD,110624682,4519.787003771907
13484,LOAD,117882986,4241.494188143487
13485,LOAD,123201586,4058.3893132674443
13486,LOAD,117832707,4243.304025935685
13487,LOAD,120921472,4134.91493057577
13488,LOAD,118147922,4231.983022096656
13489,LOAD,121330504,4120.975216586919
13490,LOAD,128982103,3876.5068049789825
13491,LOAD,118758356,4210.230057411707
13492,LOAD,120697986,4142.571194187118
13493,LOAD,113423604,4408.253506033894
13494,LOAD,116307543,4298.947317630122
13495,LOAD,113332875,4411.782547650009
13496,LOAD,113181377,4417.687902842886
13497,LOAD,123022148,4064.30881047533
13498,LOAD,116343001,4297.637122150562
13499,LOAD,114704749,4359.017428301944
13500,LOAD,115390318,4333.119179028522
13501,LOAD,111796152,4472.4258487895
13502,LOAD,115941361,4312.524846072835
13503,LOAD,119624865,4179.733034599454
13504,LOAD,125337898,3989.2164140170917
13505,LOAD,117963323,4238.605587602851
13506,LOAD,119652850,4178.755457976972
13507,LOAD,118510810,4219.024407984385
13508,LOAD,116717146,4283.860744847206
13509,LOAD,114040593,4384.403718419809
13510,LOAD,115519745,4328.264401899432
13511,LOAD,121483838,4115.77382005333
13512,LOAD,510482880,979.4647765660624
13513,LOAD,125067877,3997.8291148253843
13514,LOAD,118762029,4210.099845970129
13515,LOAD,116018797,4309.64647909597
13516,LOAD,120731285,4141.428628047817
13517,LOAD,113186120,4417.502782143252
13518,LOAD,115900856,4314.031986096807
13519,LOAD,115872431,4315.090273716619
13520,LOAD,111892451,4468.576704964663
13521,LOAD,113717552,4396.858630935003
13522,LOAD,116058530,4308.1710581721145
13523,LOAD,120704808,4142.337064154064
13524,LOAD,113063622,4422.288895008158
13525,LOAD,119378137,4188.371611126751
13526,LOAD,115843651,4316.162307418988
13527,LOAD,114538229,4365.354732348795
13528,LOAD,121406897,4118.38217066037
13529,LOAD,115728858,4320.443566461185
13530,LOAD,117631030,4250.579120152225
13531,LOAD,114136658,4380.713512743644
13532,LOAD,117250672,4264.367883537589
13533,LOAD,108313404,4616.233831964139
13534,LOAD,115433377,4331.502837346602
13535,LOAD,115773112,4318.792087060768
13536,LOAD,121305938,4121.809766641432
13537,LOAD,117483582,4255.9138178132835
13538,LOAD,122597274,4078.394108501956
13539,LOAD,115509388,4328.65249013353
13540,LOAD,114323965,4373.536204766866
13541,LOAD,116204684,4302.752546532462
13542,LOAD,116705011,4284.306181163035
13543,LOAD,118052507,4235.40348872049
13544,LOAD,115966703,4311.5824375898665
13545,LOAD,117056003,4271.459704633858
13546,LOAD,112404614,4448.215978038055
13547,LOAD,110994057,4504.745691023799
13548,LOAD,113522670,4404.406626447388
13549,LOAD,120244888,4158.180928240376
13550,LOAD,116858967,4278.661816341402
13551,LOAD,116116623,4306.015685626682
13552,LOAD,113661873,4399.0124991165685
13553,LOAD,117594666,4251.8935340145445
13554,LOAD,116843985,4279.210436035711
13555,LOAD,117350900,4260.725737936395
13556,LOAD,112706249,4436.311246592902
13557,LOAD,113009309,4424.414275464688
13558,LOAD,110727258,4515.599943782588
13559,LOAD,113239332,4415.42696489944
13560,LOAD,114993403,4348.0755152536885
13561,LOAD,118354016,4224.613721599443
13562,LOAD,113138389,4419.366445106444
13563,LOAD,115784899,4318.352430397681
13564,LOAD,111487709,4484.7993064419325
13565,LOAD,115223365,4339.397656022284
13566,LOAD,118120024,4232.982546634092
13567,LOAD,117151815,4267.966313624761
13568,LOAD,116209470,4302.575340890893
13569,LOAD,119671382,4178.108346739072
13570,LOAD,111652971,4478.1611767411005
13571,LOAD,117738478,4246.70004652175
13572,LOAD,117231467,4265.0664774159995
13573,LOAD,120574380,4146.81792267976
13574,LOAD,120291981,4156.553045709672
13575,LOAD,118617201,4215.240250020737
13576,LOAD,115985190,4310.895209983274
13577,LOAD,125291391,3990.6971740779863
13578,LOAD,121730303,4107.440692068268
13579,LOAD,123804540,4038.6241086150803
13580,LOAD,115289634,4336.903350738367
13581,LOAD,121295026,4122.180574824231
13582,LOAD,120691364,4142.798485565214
13583,LOAD,121668695,4109.520530322118
13584,LOAD,118801478,4208.701847968592
13585,LOAD,119738091,4175.780621055667
13586,LOAD,118817662,4208.12858613562
13587,LOAD,123774943,4039.5898223116124
13588,LOAD,116803280,4280.7017063219455
13589,LOAD,119647410,4178.945453144368
13590,LOAD,118282237,4227.177407880779
13591,LOAD,122558384,4079.6882569861564
13592,LOAD,123223157,4057.6788663189336
13593,LOAD,116477426,4292.677278084768
13594,LOAD,120695623,4142.652298169918
13595,LOAD,120782674,4139.666588272421
13596,LOAD,118795880,4208.900173979097
13597,LOAD,117284691,4263.130982712824
13598,LOAD,119534148,4182.90512264328
13599,LOAD,113312230,4412.586355418122
13600,LOAD,122882678,4068.9217401333
13601,LOAD,119801873,4173.557453479881
13602,LOAD,126814887,3942.754765061613
13603,LOAD,121164788,4126.611437639787
13604,LOAD,119119949,4197.449748740239
13605,LOAD,120374343,4153.709067388223
13606,LOAD,113508683,4404.949355284124
13607,LOAD,124924476,4002.4182290746608
13608,LOAD,117184087,4266.790933823634
13609,LOAD,118444377,4221.390771467352
13610,LOAD,117329118,4261.516736195017
13611,LOAD,117303766,4262.437746457347
13612,LOAD,120004227,4166.519901003154
13613,LOAD,116998795,4273.548287399028
13614,LOAD,120395502,4152.97907059684
13615,LOAD,115712648,4321.048810498227
13616,LOAD,121756311,4106.563313995281
13617,LOAD,115812204,4317.334294061099
13618,LOAD,128279495,3897.739073575243
13619,LOAD,118674933,4213.18965480267
13620,LOAD,119444996,4186.027181917274
13621,LOAD,113092331,4421.166276960018
13622,LOAD,121601881,4111.7785011894675
13623,LOAD,117768202,4245.628204462186
13624,LOAD,117233569,4264.990004697374
13625,LOAD,119327208,4190.159213312022
13626,LOAD,115230319,4339.135779013161
13627,LOAD,121274486,4122.878739721065
13628,LOAD,115797948,4317.865805359522
13629,LOAD,118424887,4222.085514846217
13630,LOAD,111763869,4473.717709253605
13631,LOAD,112274841,4453.357453429838
13632,LOAD,118047927,4235.567813062909
13633,LOAD,117498460,4255.3749215096095
13634,LOAD,116914289,4276.637220964497
13635,LOAD,115390125,4333.126426546466
13636,LOAD,113514358,4404.7291356746255
13637,LOAD,131822078,3792.9913379153377
13638,LOAD,129120223,3872.3601027238005
13639,LOAD,123261367,4056.421019572175
13640,LOAD,116996293,4273.639678481096
13641,LOAD,118074369,4234.619284732319
13642,LOAD,116330311,4298.105933886827
13643,LOAD,126470365,3953.4953504720256
13644,LOAD,115651971,4323.31585598312
13645,LOAD,116424665,4294.622621417893
13646,LOAD,118173404,4231.070469968015
13647,LOAD,112905227,4428.492934166812
13648,LOAD,117147233,4268.133247329879
13649,LOAD,110165553,4538.623792865634
13650,LOAD,121290877,4122.321582356107
13651,LOAD,114800690,4355.374519090434
13652,LOAD,115901315,4314.014901383992
13653,LOAD,111970039,4465.480270128332
13654,LOAD,117993128,4237.534918135232
13655,LOAD,114527342,4365.769704146282
13656,LOAD,120192552,4159.991544234787
13657,LOAD,123171611,4059.376961465577
13658,LOAD,122639195,4077.00001618569
13659,LOAD,114244858,4376.56458901634
13660,LOAD,119327994,4190.131613207208
13661,LOAD,115767621,4318.996932657016
13662,LOAD,121755938,4106.5758944750605
13663,LOAD,122106767,4094.7771551432525
13664,LOAD,118856242,4206.762653660209
13665,LOAD,120466174,4150.542707532158
13666,LOAD,122798139,4071.7229436188773
13667,LOAD,115964792,4311.653488758899
13668,LOAD,121775467,4105.91732733819
13669,LOAD,121183042,4125.989839403438
13670,LOAD,118431305,4221.85671263185
13671,LOAD,120335260,4155.058126770159
13672,LOAD,123500871,4048.554442988503
13673,LOAD,117303750,4262.438327845443
13674,LOAD,116943345,4275.574638300282
13675,LOAD,120063983,4164.446218646603
13676,LOAD,121161563,4126.721277109969
13677,LOAD,119360234,4188.999830546579
13678,LOAD,124195015,4025.9264834421897
13679,LOAD,118619424,4215.161253860077
13680,LOAD,118361062,4224.362231558889
13681,LOAD,115596942,4325.373935929897
13682,LOAD,120522734,4148.594903265304
13683,LOAD,119691225,4177.415679386688
13684,LOAD,118166007,4231.335328103284
13685,LOAD,110421196,4528.116141759594
13686,LOAD,120801165,4139.032930684071
13687,LOAD,118110206,4233.334416502499
13688,LOAD,118083723,4234.283839441614
13689,LOAD,123284135,4055.671883490929
13690,LOAD,120631607,4144.850694063953
13691,LOAD,120517003,4148.792183290519
13692,LOAD,122136137,4093.792486657737
13693,LOAD,129793711,3852.2667712305415
13694,LOAD,123609825,4044.985906257856
13695,LOAD,124120578,4028.340892837286
13696,LOAD,120526413,4148.468269772535
13697,LOAD,130042105,3844.908539430364
13698,LOAD,124861833,4004.4262364785245
13699,LOAD,119553528,4182.22706066859
13700,LOAD,115883602,4314.67430568822
13701,LOAD,121379007,4119.328476628582
13702,LOAD,118022765,4236.470819845646
13703,LOAD,117538940,4253.909385264152
13704,LOAD,117147993,4268.105557728163
13705,LOAD,118197916,4230.193026415119
13706,LOAD,117441154,4257.45135304103
13707,LOAD,118065252,4234.946282077982
13708,LOAD,118636766,4214.545093044765
13709,LOAD,118293712,4226.767353449861
13710,LOAD,113609175,4401.052995939808
13711,LOAD,119323526,4190.288510247343
13712,LOAD,122528433,4080.68550097266
13713,LOAD,119250728,4192.846520819563
13714,LOAD,120268382,4157.368642408443
13715,LOAD,119526966,4183.156460275249
13716,LOAD,116673701,4285.455897212003
13717,LOAD,117322775,4261.7471330694325
13718,LOAD,117399059,4258.977919064922
13719,LOAD,121424025,4117.801234146208
13720,LOAD,117670539,4249.151947880514
13721,LOAD,116634174,4286.908226400265
13722,LOAD,108758929,4597.323682729534
13723,LOAD,115490137,4329.374031307972
13724,LOAD,120355663,4154.35375068309
13725,LOAD,117508560,4255.00916699175
13726,LOAD,118174664,4231.025357516566
13727,LOAD,118864023,4206.487273276961
13728,LOAD,118381194,4223.643833158162
13729,LOAD,114189618,4378.68178173606
13730,LOAD,122718011,4074.381551050399
13731,LOAD,116994552,4273.703274661883
13732,LOAD,118184033,4230.689944385295
13733,LOAD,120045092,4165.101560337011
13734,LOAD,114395073,4370.817613797056
13735,LOAD,121331702,4120.934527070262
13736,LOAD,116464403,4293.157283431918
13737,LOAD,120493503,4149.601327467423
13738,LOAD,120793941,4139.280462751025
13739,LOAD,116303191,4299.108181821081
13740,LOAD,116652526,4286.2338017438215
13741,LOAD,120998754,4132.2739571351285
13742,LOAD,116308707,4298.904294413659
13743,LOAD,120851010,4137.325786520112
13744,LOAD,121616344,4111.289515494726
13745,LOAD,116114454,4306.096121332147
13746,LOAD,116681369,4285.174268053025
13747,LOAD,115774082,4318.755902551661
13748,LOAD,119312305,4190.682595562964
13749,LOAD,133346997,3749.6157487521073
13750,LOAD,107770657,4639.481783988754
13751,LOAD,119881878,4170.772166248514
13752,LOAD,116689255,4284.884670829375
13753,LOAD,113852252,4391.65665339672
13754,LOAD,119422873,4186.802640395363
13755,LOAD,120379155,4153.543028275951
13756,LOAD,120352566,4154.460653543523
13757,LOAD,122200683,4091.630158891992
13758,LOAD,123174841,4059.2705128801426
13759,LOAD,116690472,4284.839982479461
13760,LOAD,120505239,4149.1971979741065
13761,LOAD,121760239,4106.430835767331
13762,LOAD,119563537,4181.876954677244
13763,LOAD,120088910,4163.581799518373
13764,LOAD,117732859,4246.902727470501
13765,LOAD,123528886,4047.636275130013
13766,LOAD,120720119,4141.811689234666
13767,LOAD,119728018,4176.13193930931
13768,LOAD,119472452,4185.065189756046
13769,LOAD,120260178,4157.6522529344675
13770,LOAD,117333359,4261.362704190545
13771,LOAD,115754116,4319.500828808541
13772,LOAD,122948285,4066.7505040838914
13773,LOAD,116765854,4282.073764475701
13774,LOAD,120647317,4144.3109754359475
13775,LOAD,120029337,4165.648269805906
13776,LOAD,117854511,4242.51898172994
13777,LOAD,116346896,4297.493248122408
13778,LOAD,117917907,4240.23808360167
13779,LOAD,121004670,4132.0719274718895
13780,LOAD,116221970,4302.11258680265
13781,LOAD,120499249,4149.403453958456
13782,LOAD,120331062,4155.203084636617
13783,LOAD,118536001,4218.127790560439
13784,LOAD,112268403,4453.612829960714
13785,LOAD,120438226,4151.505851638831
13786,LOAD,124963682,4001.1625137613987
13787,LOAD,120140027,4161.810284926938
13788,LOAD,117841158,4242.999716618535
13789,LOAD,119005357,4201.49153453655
13790,LOAD,117124009,4268.9795565314025
13791,LOAD,123213665,4057.9914573598635
13792,LOAD,116046240,4308.627319592604
13793,LOAD,118003836,4237.150392297416
13794,LOAD,120682839,4143.091131623113
13795,LOAD,118275954,4227.40196202518
13796,LOAD,126568801,3950.4206095781847
13797,LOAD,119998346,4166.724098013818
13798,LOAD,124054174,4030.4971922992286
13799,LOAD,121636256,4110.616492503683
13800,LOAD,123056401,4063.1775018351136
13801,LOAD,113741103,4395.948226385672
13802,LOAD,120905705,4135.454154127798
13803,LOAD,123082561,4062.313913016483
13804,LOAD,120336508,4155.015035005004
13805,LOAD,118638705,4214.476211620819
13806,LOAD,120468305,4150.469287336616
13807,LOAD,116757828,4282.368116679937
13808,LOAD,118925877,4204.299456206659
13809,LOAD,119489747,4184.4594415284855
13810,LOAD,124154766,4027.231624760986
13811,LOAD,115410012,4332.37975921881
13812,LOAD,118218497,4229.456579878528
13813,LOAD,117615204,4251.151067169853
13814,LOAD,126152960,3963.4424749129944
13815,LOAD,119249578,4192.886955121971
13816,LOAD,123844977,4037.3054451776434
13817,LOAD,120490537,4149.703474223872
13818,LOAD,119742966,4175.610615825233
13819,LOAD,120562167,4147.237997140513
13820,LOAD,128126501,3902.393307376746
13821,LOAD,117152583,4267.938334744186
13822,LOAD,122537324,4080.389416697234
13823,LOAD,124190525,4026.072037299142
13824,LOAD,120902798,4135.553587436413
13825,LOAD,120641998,4144.493694476115
13826,LOAD,117787442,4244.934701952352
13827,LOAD,120907991,4135.375965348725
13828,LOAD,123185305,4058.925697346773
13829,LOAD,116165708,4304.19620909124
13830,LOAD,121871897,4102.668558609537
13831,LOAD,127960091,3907.4683058798387
13832,LOAD,121009380,4131.911096478637
13833,LOAD,110507167,4524.593413927623
13834,LOAD,122156270,4093.117774470357
13835,LOAD,124754117,4007.8837638680893
13836,LOAD,117315734,4262.002912584598
13837,LOAD,114544966,4365.097982568696
13838,LOAD,121135753,4127.600544159742
13839,LOAD,121748176,4106.837707367377
13840,LOAD,122538202,4080.3601802481153
13841,LOAD,119053695,4199.7856513399265
13842,LOAD,118750788,4210.498375808673
13843,LOAD,116565503,4289.433727232318
13844,LOAD,117267892,4263.741689839534
13845,LOAD,118035048,4236.0299628971225
13846,LOAD,120071265,4164.193656159115
13847,LOAD,118204578,4229.954613094596
13848,LOAD,126481738,3953.139859605661
13849,LOAD,119663566,4178.381245967549
13850,LOAD,117342710,4261.023117669602
13851,LOAD,117737077,4246.750579683578
13852,LOAD,118226562,4229.168061234835
13853,LOAD,118170076,4231.189628751699
13854,LOAD,121556490,4113.313900393142
13855,LOAD,117738436,4246.701561417038
13856,LOAD,123252633,4056.7084680454655
13857,LOAD,123686043,4042.4932989407707
13858,LOAD,122332587,4087.2183958637283
13859,LOAD,125243953,3992.2087096692007
13860,LOAD,122296767,4088.4155179670447
13861,LOAD,120671053,4143.495789334001
13862,LOAD,117613042,4251.2292131683835
13863,LOAD,117131780,4268.69633501685
13864,LOAD,126114540,3964.64991269048
13865,LOAD,119351891,4189.292652263046
13866,LOAD,123262839,4056.372577951089
13867,LOAD,118016054,4236.711727372278
13868,LOAD,120273050,4157.207287916953
13869,LOAD,118475539,4220.280441180352
13870,LOAD,122983193,4065.596182723927
13871,LOAD,119785931,4174.112901455848
13872,LOAD,116564158,4289.4832217635885
13873,LOAD,122460918,4082.9352593943486
13874,LOAD,116057952,4308.192514029543
13875,LOAD,118244971,4228.509642071796
13876,LOAD,119965974,4167.848460097527
13877,LOAD,110166306,4538.592770824139
13878,LOAD,122623243,4077.5303911999786
13879,LOAD,123117905,4061.147726644634
13880,LOAD,123681601,4042.6384842802927
13881,LOAD,115827177,4316.77619148052
13882,LOAD,121132278,4127.718955306033
13883,LOAD,120103067,4163.091022479884
13884,LOAD,125779617,3975.206889046259
13885,LOAD,118444183,4221.397685693015
13886,LOAD,122575059,4079.133259890986
13887,LOAD,124666225,4010.709396229813
13888,LOAD,118559658,4217.28611936448
13889,LOAD,121008752,4131.932539887694
13890,LOAD,123571846,4046.2291062642216
13891,LOAD,117746145,4246.423524099239
13892,LOAD,119574495,4181.493720713602
13893,LOAD,112732379,4435.282963380024
13894,LOAD,117110235,4269.481655467603
13895,LOAD,117018778,4272.818504394227
13896,LOAD,122119228,4094.359325625609
13897,LOAD,117764843,4245.749302276911
13898,LOAD,115670905,4322.608178781
13899,LOAD,114699391,4359.221052882486
13900,LOAD,124888660,4003.566056357719
13901,LOAD,119366501,4188.779898976849
13902,LOAD,115907192,4313.796162019006
13903,LOAD,124551823,4014.3932698600483
13904,LOAD,121779599,4105.778012949443
13905,LOAD,114708340,4358.880967155483
13906,LOAD,125376950,3987.973866009661
13907,LOAD,117332274,4261.402110045186
13908,LOAD,123269825,4056.1426934774995
13909,LOAD,116913428,4276.668715932271
13910,LOAD,117214557,4265.681778757224
13911,LOAD,112188622,4456.77993976965
13912,LOAD,126363218,3956.847632671083
13913,LOAD,119598275,4180.662304702973
13914,LOAD,120625941,4145.04538455787
13915,LOAD,118329214,4225.499207659742
13916,LOAD,117320191,4261.8409988780195
13917,LOAD,117530126,4254.228400980358
13918,LOAD,117529311,4254.257901673566
13919,LOAD,115469203,4330.15892557949
13920,LOAD,129166859,3870.961977948229
13921,LOAD,116546547,4290.131392738732
13922,LOAD,117299585,4262.589675828776
13923,LOAD,116790070,4281.18589191701
13924,LOAD,117974268,4238.212353222653
13925,LOAD,116969463,4274.619949311044
13926,LOAD,118458105,4220.901558403286
13927,LOAD,115674383,4322.478210236055
13928,LOAD,117826269,4243.535879083127
13929,LOAD,113973096,4387.0002443383655
13930,LOAD,120846306,4137.4868338962715
13931,LOAD,117369710,4260.042902040058
13932,LOAD,112288934,4452.7985277694415
13933,LOAD,126013077,3967.842162920917
13934,LOAD,122250723,4089.9553616545886
13935,LOAD,117296164,4262.713996341773
13936,LOAD,116825417,4279.890565252594
13937,LOAD,122286895,4088.7455683620065
13938,LOAD,121460316,4116.570880648787
13939,LOAD,120203281,4159.620235324525
13940,LOAD,119302954,4191.0110624754525
13941,LOAD,115789033,4318.198252851805
13942,LOAD,114876293,4352.508136731049
13943,LOAD,117983912,4237.865921923321
13944,LOAD,117496758,4255.436562768821
13945,LOAD,139311932,3589.0680203903853
13946,LOAD,118338027,4225.184521624651
13947,LOAD,117113102,4269.377135958707
13948,LOAD,111198772,4496.452532767178
13949,LOAD,126750247,3944.765488307096
13950,LOAD,119579221,4181.32846006749
13951,LOAD,119446221,4185.984251439818
13952,LOAD,122975729,4065.8429436917586
13953,LOAD,117830130,4243.396828977444
13954,LOAD,114220272,4377.506647856696
13955,LOAD,118467449,4220.568639069792
13956,LOAD,112052637,4462.188605164196
13957,LOAD,121047251,4130.618381412065
13958,LOAD,116024553,4309.432676719728
13959,LOAD,115192631,4340.555430147263
13960,LOAD,118696907,4212.409679723162
13961,LOAD,119314658,4190.599951264999
13962,LOAD,119847396,4171.972163667202
13963,LOAD,121696027,4108.597563337051
13964,LOAD,125323622,3989.6708379526413
13965,LOAD,118408611,4222.665866758626
13966,LOAD,118415330,4222.426268625862
13967,LOAD,123045210,4063.5470490887046
13968,LOAD,117349580,4260.773664464755
13969,LOAD,118072076,4234.701522483606
13970,LOAD,119261119,4192.481205882363
13971,LOAD,118707668,4212.027819466557
13972,LOAD,116916258,4276.565197630598
13973,LOAD,118694285,4212.5027333877115
13974,LOAD,115026050,4346.841432875423
13975,LOAD,119076081,4198.996102332256
13976,LOAD,122081876,4095.6120300772573
13977,LOAD,120072534,4164.149646412892
13978,LOAD,114569397,4364.1671606249265
13979,LOAD,128288154,3897.4759898719876
13980,LOAD,117514229,4254.803901236505
13981,LOAD,118097312,4233.79661681038
13982,LOAD,121239467,4124.069598557374
13983,LOAD,120888249,4136.051304705389
13984,LOAD,109674947,4558.926296996524
13985,LOAD,120169703,4160.782522696258
13986,LOAD,113569632,4402.58536718689
13987,LOAD,115324252,4335.601500367849
13988,LOAD,115800813,4317.7589780824765
13989,LOAD,118519469,4218.716167214688
13990,LOAD,114627237,4361.965036285399
13991,LOAD,111925675,4467.2502533489305
13992,LOAD,113619419,4400.65619416695
13993,LOAD,117021377,4272.7236067304175
13994,LOAD,116312211,4298.774786423757
13995,LOAD,122424952,4084.13474403486
13996,LOAD,116500131,4291.84066754397
13997,LOAD,121905205,4101.547591835803
13998,LOAD,119742737,4175.618601402105
13999,LOAD,118343507,4224.988870745566
14000,LOAD,118257815,4228.050382970462
14001,PUT,0.090992134,54949.80478202654
14002,PUT,0.10487787600000001,47674.49714561343
14003,PUT,0.10561626,47341.19538033254
14004,PUT,0.10421593600000001,47977.307424461455
14005,PUT,0.10336310500000001,48373.15984267306
14006,PUT,0.10171447,49157.2143078561
14007,PUT,0.10328295500000001,48410.69855137278
14008,PUT,0.10108534000000001,49463.156576413545
14009,PUT,0.104948962,47642.20536073525
14010,PUT,0.367313514,13612.349694272343
14011,PUT,0.103072572,48509.51036712269
14012,PUT,0.104618156,47792.85155819416
14013,PUT,0.103989233,48081.900940648346
14014,PUT,0.104939507,47646.49790092877
14015,PUT,0.10405607400000001,48051.01526317435
14016,PUT,0.105421446,47428.67973941469
14017,PUT,0.10338777,48361.61956099836
14018,PUT,0.103609694,48258.03268948946
14019,PUT,0.10407698900000001,48041.35907505933
14020,PUT,0.10267037200000001,48699.54109058843
14020,GET,0.027730193,180308.87848490634
14020,GET,0.021054891000000003,237474.5136415097
14020,GET,0.020710350000000002,241425.18112924212
14020,GET,0.020287478,246457.4453266197
14020,GET,0.020214594000000002,247346.05107577227
14020,GET,0.020224508000000002,247224.80269977392
14020,GET,0.020294122,246376.75874817348
14020,GET,0.020247083000000003,246949.15311998274
14020,GET,0.020108219,248654.54270216572
14020,GET,0.020121447,248491.07521939153
14020,GET,0.020302864,246270.67393053512
14020,GET,0.020204724,247466.87952777775
14020,GET,0.020110828,248622.2844728223
14020,GET,0.020168827,247907.32748116684
14020,GET,0.020189986,247647.52189526035
14020,GET,0.020956538,238589.02648901264
14020,GET,0.020031175000000002,249610.91898003983
14020,GET,0.020223254,247240.13257213702
14020,GET,0.020227615,247186.82850153118
14020,GET,0.0201408,248252.30378137907
