height,operation,latency,throughput
1,LOAD,22294,22427558.98448013
2,LOAD,21202,23582680.87916234
3,LOAD,50652321,9871.215970537658
4,LOAD,39385712,12694.959024734655
5,LOAD,37174426,13450.106801918071
6,LOAD,50691504,9863.585819035869
7,LOAD,50579126,9885.500987106814
8,LOAD,53908446,9274.98448016847
9,LOAD,42649029,11723.596333224843
10,LOAD,56647156,8826.568451203446
11,LOAD,53530458,9340.476780527451
12,LOAD,55934829,8938.974319560359
13,LOAD,57727921,8661.3200568924
14,LOAD,59809438,8359.884605503232
15,LOAD,46564682,10737.751843768632
16,LOAD,60095635,8320.07183217217
17,LOAD,51153131,9774.572743162094
18,LOAD,63472528,7877.423757251326
19,LOAD,61562073,8121.883744882989
20,LOAD,65502576,7633.287582460879
21,LOAD,61405116,8142.644010313408
22,LOAD,58634394,8527.418224873272
23,LOAD,55643444,8985.78456071123
24,LOAD,59433842,8412.715435761329
25,LOAD,57566006,8685.68161563962
26,LOAD,60483260,8266.750171865737
27,LOAD,60688219,8238.83132902615
28,LOAD,60480076,8267.185378536891
29,LOAD,59122713,8456.986742134111
30,LOAD,60651788,8243.780051463611
31,LOAD,63094522,7924.618241818204
32,LOAD,60399360,8278.23341174476
33,LOAD,63177403,7914.222115144556
34,LOAD,63964874,7816.79019644438
35,LOAD,61300816,8156.498275651013
36,LOAD,63599665,7861.676629900487
37,LOAD,59036527,8469.332892837683
38,LOAD,67010585,7461.507760303838
39,LOAD,64012080,7811.025668904994
40,LOAD,66337006,7537.271127370445
41,LOAD,60709333,8235.965959303161
42,LOAD,65939759,7582.678608212687
43,LOAD,66347696,7536.056715518803
44,LOAD,66113732,7562.72539568633
45,LOAD,62464781,8004.510573726337
46,LOAD,67143885,7446.694512836128
47,LOAD,65288544,7658.31138767622
48,LOAD,67725377,7382.756983397819
49,LOAD,66117783,7562.262031683669
50,LOAD,67694623,7386.1110061873005
51,LOAD,64373295,7767.1960088418655
52,LOAD,69085605,7237.3977183814195
53,LOAD,64216941,7786.107407389585
54,LOAD,68547688,7294.192037519923
55,LOAD,64165109,7792.396955173878
56,LOAD,71015741,7040.692569834623
57,LOAD,69826414,7160.614033537509
58,LOAD,70754296,7066.708712641279
59,LOAD,71731627,6970.426029790179
60,LOAD,64896886,7704.52992151272
61,LOAD,70292337,7113.150897230804
62,LOAD,67182851,7442.375435957608
63,LOAD,68920104,7254.777212756382
64,LOAD,70968085,7045.420487251417
65,LOAD,68487506,7300.601660104253
66,LOAD,65855607,7592.367951296843
67,LOAD,71387398,7004.037323226153
68,LOAD,68037383,7348.901118080923
69,LOAD,70640447,7078.097906147168
70,LOAD,69726090,7170.916940846676
71,LOAD,68177213,7333.828679679235
72,LOAD,67618729,7394.401039392503
73,LOAD,71779540,6965.773255164355
74,LOAD,68981911,7248.277015694738
75,LOAD,72542721,6892.49028858457
76,LOAD,73331339,6818.367246778352
77,LOAD,70937032,7048.504651280025
78,LOAD,68339702,7316.391283064126
79,LOAD,71250634,7017.481416375888
80,LOAD,67400299,7418.364716749996
81,LOAD,71680421,6975.405459741929
82,LOAD,71033763,7038.906273344973
83,LOAD,72284453,6917.116741548836
84,LOAD,69788848,7164.468454902709
85,LOAD,74333430,6726.4486517035475
86,LOAD,69875841,7155.548940012042
87,LOAD,76660572,6522.257621558055
88,LOAD,81517000,6133.689905173154
89,LOAD,73088025,6841.065961215944
90,LOAD,70118230,7130.813199363418
91,LOAD,76933277,6499.138207774511
92,LOAD,69756550,7167.785677474015
93,LOAD,73978484,6758.721900816459
94,LOAD,71407343,7002.081004470367
95,LOAD,74592194,6703.114269570889
96,LOAD,67888739,7364.991710922779
97,LOAD,76283184,6554.524520109177
98,LOAD,73474519,6805.0802755170125
99,LOAD,73214385,6829.259031541411
100,LOAD,69588139,7185.1325123093175
101,LOAD,76725605,6516.729323932995
102,LOAD,73134130,6836.753236826636
103,LOAD,80663829,6198.5651586165095
104,LOAD,73473342,6805.189288926043
105,LOAD,77915907,6417.174865204354
106,LOAD,70533239,7088.856361750238
107,LOAD,75239201,6645.4719528454325
108,LOAD,73698581,6784.391140448145
109,LOAD,83105050,6016.481549556856
110,LOAD,77525508,6449.4901471654985
111,LOAD,80021720,6248.303585576516
112,LOAD,75419553,6629.580528009759
113,LOAD,76811571,6509.435928605079
114,LOAD,75283471,6641.564122355623
115,LOAD,74829631,6681.845056806441
116,LOAD,74712404,6692.329161299642
117,LOAD,81355214,6145.88758871681
118,LOAD,72876943,6860.880539404624
119,LOAD,81537987,6132.111159428059
120,LOAD,72489977,6897.505292352348
121,LOAD,81468801,6137.318751014882
122,LOAD,74072442,6750.1487260268805
123,LOAD,79643148,6278.003978446457
124,LOAD,76730783,6516.289557477864
125,LOAD,82751523,6042.184867099062
126,LOAD,77215677,6475.3689849795655
127,LOAD,77245196,6472.89444381758
128,LOAD,74803569,6684.173050620085
129,LOAD,78485173,6370.630029700005
130,LOAD,75110261,6656.8800766116365
131,LOAD,78385398,6378.739060558192
132,LOAD,78067863,6404.6840887651815
133,LOAD,80188149,6235.33534861866
134,LOAD,75424515,6629.144383626464
135,LOAD,80844637,6184.702146661874
136,LOAD,75894376,6588.103445240791
137,LOAD,80594636,6203.886819465255
138,LOAD,81967756,6099.959598747586
139,LOAD,79025246,6327.091977670022
140,LOAD,75513482,6621.334187714983
141,LOAD,82269304,6077.600948222438
142,LOAD,73248530,6826.075554007705
143,LOAD,79775592,6267.581192001684
144,LOAD,76696921,6519.166525602768
145,LOAD,77101196,6484.983708942726
146,LOAD,78443447,6374.018724597862
147,LOAD,81614572,6126.356945178858
148,LOAD,76158283,6565.274062179159
149,LOAD,79760988,6268.728767502228
150,LOAD,76982308,6494.998824924813
151,LOAD,80823360,6186.330288669018
152,LOAD,77936105,6415.511783659192
153,LOAD,81355534,6145.863414773972
154,LOAD,78617045,6359.943953629903
155,LOAD,83849839,5963.04066845018
156,LOAD,76179361,6563.457522307124
157,LOAD,78227963,6391.576372760722
158,LOAD,74971079,6669.238413922254
159,LOAD,80600037,6203.471097662152
160,LOAD,77002630,6493.284709885884
161,LOAD,84662064,5905.832865118903
162,LOAD,86330376,5791.704185326379
163,LOAD,81987976,6098.455217384559
164,LOAD,72681563,6879.323715149053
165,LOAD,80577465,6205.208863296953
166,LOAD,78409628,6376.767914266855
167,LOAD,81500784,6134.910309574446
168,LOAD,76810409,6509.5344043800105
169,LOAD,81943326,6101.778197287233
170,LOAD,79105530,6320.6706282101895
171,LOAD,84018673,5951.058046346436
172,LOAD,76606408,6526.869136064963
173,LOAD,78590130,6362.122062910445
174,LOAD,78454014,6373.160205671567
175,LOAD,83004766,6023.750491628397
176,LOAD,83382421,5996.467768667931
177,LOAD,84746436,5899.9531260524045
178,LOAD,79416522,6295.919128767689
179,LOAD,85756350,5830.472029185011
180,LOAD,83058562,6019.84898317888
181,LOAD,83321687,6000.838653206817
182,LOAD,77291973,6468.977056647266
183,LOAD,81322971,6148.32431540161
184,LOAD,80338918,6223.633731288241
185,LOAD,84920229,5887.878611349482
186,LOAD,81395714,6142.829584368534
187,LOAD,81524897,6133.095758465049
188,LOAD,80202873,6234.190638033628
189,LOAD,86019334,5812.646724281776
190,LOAD,77427073,6457.689547427422
191,LOAD,81661339,6122.848414229406
192,LOAD,81968358,6099.9147988300565
193,LOAD,82187044,6083.683944150614
194,LOAD,82009602,6096.847049690596
195,LOAD,84548838,5913.741830490917
196,LOAD,83454661,5991.277107937686
197,LOAD,84098680,5945.3965270322915
198,LOAD,83065096,6019.3754546434275
199,LOAD,86252234,5796.9512998353175
200,LOAD,83356446,5998.336349416817
201,LOAD,84687838,5904.03547673516
202,LOAD,78158760,6397.23557538528
203,LOAD,82872018,6033.399596954427
204,LOAD,79374830,6299.226089681074
205,LOAD,83698786,5973.802296248358
206,LOAD,79771546,6267.8990827130265
207,LOAD,87626206,5706.055560593369
208,LOAD,79986561,6251.050098278384
209,LOAD,88288176,5663.272508880465
210,LOAD,83415964,5994.056485398886
211,LOAD,84022991,5950.752217330611
212,LOAD,80361588,6221.878044520474
213,LOAD,88498202,5649.8322982878235
214,LOAD,82746811,6042.528938063849
215,LOAD,84540428,5914.330123807748
216,LOAD,83599038,5980.930067640253
217,LOAD,84790113,5896.913947974099
218,LOAD,81472041,6137.074680625713
219,LOAD,85819285,5826.196291427969
220,LOAD,82151617,6086.3074673259325
221,LOAD,87858438,5690.973017298577
222,LOAD,84453304,5920.431484835691
223,LOAD,85180265,5869.9042554047
224,LOAD,80144761,6238.7109745077405
225,LOAD,89664922,5576.3166782211665
226,LOAD,84055230,5948.469833465449
227,LOAD,83770777,5968.668525063341
228,LOAD,83651844,5977.1545502332265
229,LOAD,86041942,5811.119418945705
230,LOAD,78643096,6357.837183826028
231,LOAD,85753913,5830.637722619142
232,LOAD,84464019,5919.680426288974
233,LOAD,84587865,5911.01335871286
234,LOAD,84140931,5942.411072204562
235,LOAD,84239766,5935.439089420073
236,LOAD,81934378,6102.444568505786
237,LOAD,87399312,5720.868832468613
238,LOAD,84570526,5912.225259187817
239,LOAD,85898962,5820.792106894144
240,LOAD,85613727,5840.184950714738
241,LOAD,82011293,6096.72133812108
242,LOAD,87091602,5741.081671686324
243,LOAD,83166196,6012.058072248489
244,LOAD,86479623,5781.708830992476
245,LOAD,84373831,5926.008029669768
246,LOAD,82615966,6052.098936905247
247,LOAD,84043283,5949.31542595736
248,LOAD,83650471,5977.252656473387
249,LOAD,84085410,5946.3348040997835
250,LOAD,85550888,5844.4746944064445
251,LOAD,81978965,6099.12555007251
252,LOAD,87736726,5698.867769467486
253,LOAD,84803569,5895.978269499483
254,LOAD,85687250,5835.1738444167595
255,LOAD,84544329,5914.057227895202
256,LOAD,86629742,5771.689819877335
257,LOAD,85078715,5876.910576282211
258,LOAD,85298074,5861.79706707094
259,LOAD,82783665,6039.838898169101
260,LOAD,84624539,5908.4516844458085
261,LOAD,84188620,5939.044968310444
262,LOAD,85546912,5844.74633052798
263,LOAD,85884374,5821.7808049692485
264,LOAD,85314978,5860.635631881661
265,LOAD,81453118,6138.5004316225195
266,LOAD,86630736,5771.623595579287
267,LOAD,84511891,5916.327206546592
268,LOAD,85219132,5867.227091681713
269,LOAD,86331805,5791.608318626027
270,LOAD,88485135,5650.666634570881
271,LOAD,85790455,5828.154192677962
272,LOAD,87420755,5719.465589149853
273,LOAD,82095828,6090.443475398043
274,LOAD,86443941,5784.095382694318
275,LOAD,85432285,5852.588397934107
276,LOAD,93940714,5322.50585193551
277,LOAD,84946903,5886.029770855802
278,LOAD,86617798,5772.485696299968
279,LOAD,85610069,5840.434493750963
280,LOAD,87551175,5710.945626943328
281,LOAD,83015780,6022.951299138549
282,LOAD,90937011,5498.311353118918
283,LOAD,83333114,6000.015792041565
284,LOAD,85931996,5818.554476495577
285,LOAD,83065270,6019.3628456273
286,LOAD,85939134,5818.071194433958
287,LOAD,85006000,5881.937745570901
288,LOAD,85390740,5855.435847025099
289,LOAD,84684871,5904.2423291877
290,LOAD,86580184,5774.993501977311
291,LOAD,86261714,5796.314225798945
292,LOAD,90923730,5499.114477595673
293,LOAD,83161806,6012.375440716139
294,LOAD,90012289,5554.797078874419
295,LOAD,75593728,6614.3053561269
296,LOAD,79233513,6310.461079770627
297,LOAD,86535650,5777.965497456828
298,LOAD,80008232,6249.356941170754
299,LOAD,82127214,6088.1159319491835
300,LOAD,85317794,5860.442195680775
301,LOAD,82847599,6035.177917467469
302,LOAD,83288342,6003.2411258708935
303,LOAD,83678403,5975.257438887786
304,LOAD,85724648,5832.628207467239
305,LOAD,80222546,6232.661825517231
306,LOAD,82379618,6069.462473108336
307,LOAD,78529148,6367.062584201219
308,LOAD,82523593,6058.873369704103
309,LOAD,82398488,6068.0725112334585
310,LOAD,80167427,6236.947083258641
311,LOAD,80401170,6218.814974956211
312,LOAD,77321880,6466.4749486173905
313,LOAD,84479103,5918.623449399078
314,LOAD,87534993,5712.001370697544
315,LOAD,83191360,6010.239524873737
316,LOAD,82777829,6040.264718708678
317,LOAD,82069850,6092.371315409983
318,LOAD,81343153,6146.798858411599
319,LOAD,78763782,6348.095372058187
320,LOAD,80419389,6217.406103396284
321,LOAD,79412148,6296.265906319522
322,LOAD,82719713,6044.508399104334
323,LOAD,80916395,6179.217450307815
324,LOAD,87826060,5693.071054308937
325,LOAD,78073431,6404.227322864804
326,LOAD,81887139,6105.964942797672
327,LOAD,78073211,6404.245369131801
328,LOAD,80831981,6185.670495938978
329,LOAD,78073232,6404.243646529198
330,LOAD,85804423,5827.205434386523
331,LOAD,77866362,6421.258000983788
332,LOAD,85699426,5834.344794794775
333,LOAD,78540015,6366.181620922787
334,LOAD,83410349,5994.459992008905
335,LOAD,76334115,6550.151265918259
336,LOAD,81839728,6109.502221219504
337,LOAD,78277925,6387.496858149983
338,LOAD,79265490,6307.915336169624
339,LOAD,89142951,5608.968453377766
340,LOAD,80625375,6201.521543310651
341,LOAD,78537789,6366.362057887827
342,LOAD,81644462,6124.114088717983
343,LOAD,79979097,6251.633473681254
344,LOAD,81027756,6170.725004404664
345,LOAD,80435029,6216.197174492223
346,LOAD,81975785,6099.362147004752
347,LOAD,83795557,5966.903471982411
348,LOAD,85539296,5845.266718117484
349,LOAD,77338233,6465.107626650844
350,LOAD,85979308,5815.352689277285
351,LOAD,81362315,6145.3511985247715
352,LOAD,79451318,6293.161807586376
353,LOAD,77869058,6421.035682748339
354,LOAD,80972767,6174.915573775564
355,LOAD,77029753,6490.998354882431
356,LOAD,81306267,6149.587460459843
357,LOAD,83815097,5965.512394503343
358,LOAD,85445313,5851.696043292626
359,LOAD,80936181,6177.706852760943
360,LOAD,83188378,6010.454970044013
361,LOAD,81165228,6160.273460945616
362,LOAD,79821878,6263.946834225073
363,LOAD,79875418,6259.748149299199
364,LOAD,82158341,6085.8093519682925
365,LOAD,78398736,6377.653843806869
366,LOAD,81020018,6171.31435344781
367,LOAD,80681174,6197.232578693017
368,LOAD,81764414,6115.129743362436
369,LOAD,79428159,6294.996715207764
370,LOAD,79548787,6285.450964827409
371,LOAD,79229401,6310.7885922297955
372,LOAD,81185280,6158.751931384606
373,LOAD,77912960,6417.417590090276
374,LOAD,79401682,6297.09582222704
375,LOAD,72859634,6862.5104540053
376,LOAD,85876245,5822.331891665734
377,LOAD,88646673,5640.369605298103
378,LOAD,85653855,5837.448880730471
379,LOAD,80630994,6201.0893726548875
380,LOAD,78521026,6367.721175726868
381,LOAD,77772769,6428.985446049889
382,LOAD,82134876,6087.547998489704
383,LOAD,78512676,6368.39839722187
384,LOAD,82361610,6070.789534104542
385,LOAD,81614124,6126.390574258936
386,LOAD,86277101,5795.280488156412
387,LOAD,82245929,6079.328254654404
388,LOAD,79345968,6301.517425560931
389,LOAD,78546613,6365.646854817279
390,LOAD,79583855,6282.6813302773535
391,LOAD,72814494,6866.764740547397
392,LOAD,84047634,5949.0074402332375
393,LOAD,84729120,5901.15889318808
394,LOAD,82812657,6037.724402442492
395,LOAD,77570262,6445.769127349344
396,LOAD,82214998,6081.6154249617575
397,LOAD,77958157,6413.697029805361
398,LOAD,84385529,5925.186532871056
399,LOAD,80648952,6199.708583937954
400,LOAD,84069657,5947.449030272599
401,LOAD,76621296,6525.600924317438
402,LOAD,78114412,6400.867486527326
403,LOAD,79154340,6316.77302849092
404,LOAD,77746482,6431.159161645411
405,LOAD,78669794,6355.679538197342
406,LOAD,84446269,5920.924700651961
407,LOAD,82771474,6040.728476093104
408,LOAD,85504137,5847.670271205708
409,LOAD,81692687,6120.498888719379
410,LOAD,84225233,5936.463244928037
411,LOAD,90013991,5554.692047817322
412,LOAD,86098871,5807.277078000245
413,LOAD,81204878,6157.265577075308
414,LOAD,81603308,6127.202588404872
415,LOAD,85557598,5844.016331547784
416,LOAD,83515365,5986.922286695389
417,LOAD,79257702,6308.535162929655
418,LOAD,81727298,6117.906895686187
419,LOAD,85388489,5855.590207246787
420,LOAD,81998399,6097.6800290942265
421,LOAD,79646233,6277.760807595257
422,LOAD,85085900,5876.414306013099
423,LOAD,83364051,5997.789142948439
424,LOAD,81487782,6135.889181521716
425,LOAD,86479337,5781.7279519615195
426,LOAD,82341508,6072.27159356858
427,LOAD,84350001,5927.6822059551605
428,LOAD,83991313,5952.996591445118
429,LOAD,82629991,6051.071698652369
430,LOAD,80352678,6222.567964691855
431,LOAD,82778218,6040.236333669323
432,LOAD,80142656,6238.874838388186
433,LOAD,86390079,5787.701617913788
434,LOAD,82275306,6077.157586019795
435,LOAD,88274469,5664.151885184378
436,LOAD,82030808,6095.270937718911
437,LOAD,103708786,4821.192295125314
438,LOAD,79339433,6302.036466532349
439,LOAD,82361807,6070.77501347196
440,LOAD,83172903,6011.573264432047
441,LOAD,82956800,6027.233451627835
442,LOAD,86031535,5811.8223742026685
443,LOAD,84548122,5913.791911309396
444,LOAD,84196207,5938.509795340306
445,LOAD,91041183,5492.020023509581
446,LOAD,83370817,5997.30238939604
447,LOAD,89293869,5599.488583029144
448,LOAD,84715464,5902.110150751226
449,LOAD,84790063,5896.91742533556
450,LOAD,90026274,5553.934177038139
451,LOAD,81433929,6139.946901002407
452,LOAD,88597844,5643.478186670095
453,LOAD,83611335,5980.050432157314
454,LOAD,84124808,5943.549969231431
455,LOAD,78566479,6364.037263271019
456,LOAD,83863889,5962.041660147671
457,LOAD,85968964,5816.052407005859
458,LOAD,78035701,6407.323745320107
459,LOAD,82259761,6078.306014042516
460,LOAD,86943147,5750.884540675759
461,LOAD,85668953,5836.4201089279095
462,LOAD,81212953,6156.653360455936
463,LOAD,82793441,6039.125732194172
464,LOAD,86380781,5788.324604289002
465,LOAD,88218734,5667.730393863962
466,LOAD,74205849,6738.013333692874
467,LOAD,81731062,6117.62514477054
468,LOAD,88228941,5667.074707379747
469,LOAD,83110911,6016.0572659346735
470,LOAD,91795943,5446.863811835345
471,LOAD,87366814,5722.996834930938
472,LOAD,88223254,5667.440015304808
473,LOAD,79882369,6259.203454519482
474,LOAD,82511226,6059.781489612093
475,LOAD,83116582,6015.646793560399
476,LOAD,88906817,5623.86571549401
477,LOAD,89390214,5593.453439992883
478,LOAD,86826612,5758.603134255659
479,LOAD,83153412,6012.98236565446
480,LOAD,90934585,5498.458039919576
481,LOAD,84313781,5930.228653842483
482,LOAD,91216951,5481.43732627064
483,LOAD,83515240,5986.931247518417
484,LOAD,94076669,5314.814026844424
485,LOAD,89504716,5586.2978214466375
486,LOAD,91317673,5475.391384535171
487,LOAD,87342592,5724.58394639811
488,LOAD,86642258,5770.856064254465
489,LOAD,87022345,5745.650729131696
490,LOAD,88726002,5635.326609216541
491,LOAD,81337922,6147.19417100427
492,LOAD,87035493,5744.782763510054
493,LOAD,82895965,6031.656667486771
494,LOAD,88217196,5667.82920645086
495,LOAD,86755341,5763.333925458261
496,LOAD,87053978,5743.5629190891195
497,LOAD,77543670,6447.979570737366
498,LOAD,84209246,5937.590273638123
499,LOAD,85283228,5862.817481533415
500,LOAD,86835206,5758.033210631181
501,LOAD,82851469,6034.896013732719
502,LOAD,85498072,5848.085088983059
503,LOAD,83646220,5977.556427534921
504,LOAD,91558547,5460.986618758815
505,LOAD,88267863,5664.575792437618
506,LOAD,87789180,5695.462698250513
507,LOAD,87930198,5686.328603513437
508,LOAD,83783649,5967.751535863519
509,LOAD,88575221,5644.919587612432
510,LOAD,83340881,5999.456617215265
511,LOAD,84717852,5901.943783938243
512,LOAD,90081495,5550.529551047082
513,LOAD,81997165,6097.771794915105
514,LOAD,84860716,5892.007793099459
515,LOAD,83885991,5960.47080137612
516,LOAD,81564515,6130.116754816724
517,LOAD,87542907,5711.484997865105
518,LOAD,87076350,5742.087260203259
519,LOAD,86024355,5812.307456417429
520,LOAD,89509472,5586.000998866354
521,LOAD,90403418,5530.764334596287
522,LOAD,88853102,5627.265551179068
523,LOAD,89870834,5563.540224852036
524,LOAD,83252450,6005.829257877696
525,LOAD,86355122,5790.044509461755
526,LOAD,84501904,5917.026437652813
527,LOAD,82078511,6091.7284427832765
528,LOAD,81581389,6128.848823596274
529,LOAD,88093578,5675.782631964387
530,LOAD,85330963,5859.5377623946415
531,LOAD,84141238,5942.389390562568
532,LOAD,82231464,6080.397644385852
533,LOAD,93132706,5368.683263643172
534,LOAD,86448688,5783.777771155995
535,LOAD,85810983,5826.759961484184
536,LOAD,83601297,5980.768456259716
537,LOAD,90803796,5506.3777289663085
538,LOAD,84276375,5932.860780972129
539,LOAD,82688987,6046.754448690973
540,LOAD,79132832,6318.48990315423
541,LOAD,81578594,6129.058806774728
542,LOAD,77376715,6461.892314761618
543,LOAD,92844351,5385.3572631467905
544,LOAD,83079424,6018.337344274318
545,LOAD,94077752,5314.752844009283
546,LOAD,86770679,5762.31517100379
547,LOAD,93442273,5350.897232561969
548,LOAD,78514830,6368.223684621109
549,LOAD,89706292,5573.745038976754
550,LOAD,83769992,5968.724456843687
551,LOAD,86878426,5755.168722785103
552,LOAD,84187784,5939.103944106666
553,LOAD,85447730,5851.530520471404
554,LOAD,83667533,5976.033738200455
555,LOAD,83803583,5966.332012319807
556,LOAD,86077093,5808.746352528425
557,LOAD,82477232,6062.279102674057
558,LOAD,86139843,5804.514874725277
559,LOAD,88260325,5665.059583680437
560,LOAD,88659008,5639.584868804307
561,LOAD,80134557,6239.505385922331
562,LOAD,83126072,6014.960023613289
563,LOAD,82799298,6038.698540656709
564,LOAD,81124009,6163.403487616101
565,LOAD,85025316,5880.601490501958
566,LOAD,81643840,6124.160745011503
567,LOAD,86538208,5777.79470543231
568,LOAD,83178920,6011.138399007826
569,LOAD,83018182,6022.777034553707
570,LOAD,83601017,5980.7884872979475
571,LOAD,90341134,5534.577416307393
572,LOAD,89715589,5573.167445849349
573,LOAD,83862179,5962.163229743887
574,LOAD,81911055,6104.182152213764
575,LOAD,84389685,5924.894730914092
576,LOAD,85604639,5840.804959179841
577,LOAD,83891277,5960.095231355222
578,LOAD,81146083,6161.726869798509
579,LOAD,89321210,5597.7745935148
580,LOAD,93408552,5352.828935834484
581,LOAD,91965090,5436.845655237221
582,LOAD,88080792,5676.606540958442
583,LOAD,83005853,6023.671607832282
584,LOAD,82896355,6031.628290532195
585,LOAD,85277268,5863.227231904287
586,LOAD,80622505,6201.742305079705
587,LOAD,89737631,5571.798524523118
588,LOAD,85808513,5826.927684902313
589,LOAD,83792296,5967.135689896837
590,LOAD,85899871,5820.730510759439
591,LOAD,86689797,5767.691438936003
592,LOAD,80395385,6219.262461396261
593,LOAD,85191915,5869.101545610285
594,LOAD,83632778,5978.517178994102
595,LOAD,84237794,5935.578037573016
596,LOAD,80099602,6242.228269748456
597,LOAD,87704910,5700.935101580972
598,LOAD,89195033,5605.693312541293
599,LOAD,83854866,5962.683191217549
600,LOAD,78488409,6370.3673748820665
601,LOAD,95484027,5236.477929444681
602,LOAD,87118816,5739.288284175028
603,LOAD,88259750,5665.096490755978
604,LOAD,84220616,5936.788683663866
605,LOAD,88937617,5621.918113681863
606,LOAD,85309152,5861.035871039956
607,LOAD,79206655,6312.600879307427
608,LOAD,86050736,5810.525548555447
609,LOAD,80632252,6200.992625134667
610,LOAD,82458529,6063.654130914705
611,LOAD,83746649,5970.388140545182
612,LOAD,81204868,6157.26633531379
613,LOAD,89467611,5588.614632841823
614,LOAD,85612991,5840.235157769455
615,LOAD,86812287,5759.55336829221
616,LOAD,88188487,5669.674319279341
617,LOAD,83247345,6006.197555009111
618,LOAD,79569284,6283.83183641567
619,LOAD,92149472,5425.967063598585
620,LOAD,85509069,5847.332988738306
621,LOAD,83835432,5964.065408525598
622,LOAD,83803100,5966.366399333676
623,LOAD,82439221,6065.074292732582
624,LOAD,80887622,6181.415495191589
625,LOAD,90546267,5522.038804758235
626,LOAD,84399591,5924.199324615211
627,LOAD,80809787,6187.36935910993
628,LOAD,83073509,6018.765861930787
629,LOAD,88878903,5625.631990529856
630,LOAD,81754363,6115.881546285182
631,LOAD,88470105,5651.6266144365945
632,LOAD,86478867,5781.75937480772
633,LOAD,91051900,5491.373601209859
634,LOAD,86782523,5761.528735457484
635,LOAD,84994255,5882.750545904543
636,LOAD,81347791,6146.448402022374
637,LOAD,82618034,6051.947447696468
638,LOAD,85456493,5850.930484591732
639,LOAD,84496284,5917.41998973588
640,LOAD,87147949,5737.369676938696
641,LOAD,94655747,5282.299446646382
642,LOAD,85764023,5829.950397732625
643,LOAD,84494975,5917.511662675798
644,LOAD,84307431,5930.67531615333
645,LOAD,93353706,5355.973762841296
646,LOAD,89771029,5569.725618272683
647,LOAD,85725929,5832.541050677911
648,LOAD,86162874,5802.963350549333
649,LOAD,86360154,5789.707137391163
650,LOAD,86843324,5757.494957240467
651,LOAD,86867052,5755.92227994568
652,LOAD,82837479,6035.915216589341
653,LOAD,89967524,5557.560970556442
654,LOAD,92545569,5402.743809376762
655,LOAD,92696182,5393.965417043822
656,LOAD,85936260,5818.265770467554
657,LOAD,88267559,5664.595301655504
658,LOAD,86142996,5804.302418272056
659,LOAD,88787515,5631.422390862049
660,LOAD,91524212,5463.035289503503
661,LOAD,86222366,5798.959402250688
662,LOAD,83885046,5960.537948563561
663,LOAD,91607826,5458.048966253167
664,LOAD,87183404,5735.036452579897
665,LOAD,87735905,5698.921097354612
666,LOAD,96057085,5205.238114398328
667,LOAD,89495991,5586.842431858205
668,LOAD,87304018,5727.113269861188
669,LOAD,93965826,5321.083433034473
670,LOAD,93279471,5360.236230327679
671,LOAD,89346751,5596.174392508128
672,LOAD,86497055,5780.543626600929
673,LOAD,85163999,5871.025384799039
674,LOAD,83358953,5998.155950927071
675,LOAD,85146605,5872.224735208174
676,LOAD,85616942,5839.96564605169
677,LOAD,85826087,5825.734546187571
678,LOAD,80395126,6219.2824972996505
679,LOAD,92743980,5391.185497969787
680,LOAD,80848005,6184.44450175363
681,LOAD,91246597,5479.656408446662
682,LOAD,85760183,5830.21143973072
683,LOAD,89387043,5593.651867418861
684,LOAD,88644874,5640.484073563012
685,LOAD,83775567,5968.327257039036
686,LOAD,80791441,6188.774377721521
687,LOAD,84172205,5940.203182273768
688,LOAD,80582150,6204.8480960113375
689,LOAD,83440130,5992.320481763391
690,LOAD,78617186,6359.932547064201
691,LOAD,93738995,5333.959469055541
692,LOAD,89699030,5574.196287295415
693,LOAD,88510084,5649.073838863377
694,LOAD,93394814,5353.616315355583
695,LOAD,89774707,5569.497430941211
696,LOAD,86551611,5776.899981676829
697,LOAD,89199644,5605.403537260754
698,LOAD,89405316,5592.5086154832225
699,LOAD,89580920,5581.545713082652
700,LOAD,89911100,5561.048635819159
701,LOAD,89195934,5605.636687430169
702,LOAD,86313597,5792.830068245215
703,LOAD,90121126,5548.088691213202
704,LOAD,88184673,5669.919533522566
705,LOAD,83994507,5952.770221033621
706,LOAD,88060762,5677.897722483936
707,LOAD,88794520,5630.978127929516
708,LOAD,88614000,5642.449274381023
709,LOAD,85938317,5818.126505782048
710,LOAD,92172949,5424.585037416997
711,LOAD,88413454,5655.247899262029
712,LOAD,90529041,5523.08954648045
713,LOAD,85421131,5853.352608969787
714,LOAD,91459281,5466.913740553022
715,LOAD,87889127,5688.985851458054
716,LOAD,88498624,5649.80535742567
717,LOAD,85441383,5851.965200516476
718,LOAD,90144036,5546.678651042427
719,LOAD,82700745,6045.894749799412
720,LOAD,89202657,5605.21420342894
721,LOAD,85236709,5866.017187500752
722,LOAD,88761271,5633.087430665566
723,LOAD,88011125,5681.099974577078
724,LOAD,82338635,6072.483470244557
725,LOAD,85402480,5854.630919383138
726,LOAD,90395267,5531.2630472124165
727,LOAD,90797640,5506.751056525258
728,LOAD,86992303,5747.634937311637
729,LOAD,85229177,5866.535587924309
730,LOAD,85186568,5869.4699380306065
731,LOAD,89650174,5577.234016299845
732,LOAD,87312393,5726.56392546703
733,LOAD,86350190,5790.3752151558665
734,LOAD,85079845,5876.832521262821
735,LOAD,85049546,5878.926149705725
736,LOAD,90158390,5545.795571549137
737,LOAD,85328801,5859.6862271626205
738,LOAD,83017557,6022.822377199079
739,LOAD,85093814,5875.867780471093
740,LOAD,90050935,5552.413198152801
741,LOAD,89462676,5588.922915741979
742,LOAD,86732503,5764.851499788954
743,LOAD,85598742,5841.2073392387
744,LOAD,85559821,5843.8644933583955
745,LOAD,84673482,5905.036478835252
746,LOAD,79274904,6307.166262856654
747,LOAD,85093663,5875.878207287891
748,LOAD,84702999,5902.978712713583
749,LOAD,88374167,5657.761956613407
750,LOAD,84674753,5904.947842009058
751,LOAD,90041497,5552.995192872016
752,LOAD,84887857,5890.123954949175
753,LOAD,92318949,5416.006198250806
754,LOAD,87334924,5725.086564453872
755,LOAD,86226694,5798.668333497745
756,LOAD,84651378,5906.57839025373
757,LOAD,86291504,5794.3131921770655
758,LOAD,85687337,5835.167919852614
759,LOAD,91408667,5469.940831759422
760,LOAD,88417976,5654.95867039526
761,LOAD,88468062,5651.757127900009
762,LOAD,91236181,5480.281994705588
763,LOAD,92232601,5421.0766537962
764,LOAD,91707160,5452.136997809113
765,LOAD,87712168,5700.463361024208
766,LOAD,90243439,5540.5689936085
767,LOAD,85147657,5872.152183823449
768,LOAD,91602795,5458.348732699696
769,LOAD,91908273,5440.206672145825
770,LOAD,88320992,5661.16829847201
771,LOAD,88556056,5646.141241881865
772,LOAD,88861762,5626.717147472273
773,LOAD,90246244,5540.396783715453
774,LOAD,84058601,5948.2312821266205
775,LOAD,84581821,5911.435744567381
776,LOAD,84372109,5926.128977053306
777,LOAD,83997545,5952.554922884949
778,LOAD,82117198,6088.8585117090815
779,LOAD,83970262,5954.488983254571
780,LOAD,88740654,5634.396158495744
781,LOAD,87732584,5699.1368224148055
782,LOAD,89567843,5582.360624671959
783,LOAD,85794406,5827.885794791796
784,LOAD,91897622,5440.837195983157
785,LOAD,84137280,5942.6689334383045
786,LOAD,86056002,5810.169986748861
787,LOAD,86232847,5798.254579255628
788,LOAD,85205762,5868.147743341583
789,LOAD,84739609,5900.428452531566
790,LOAD,87179329,5735.304523851061
791,LOAD,87822996,5693.269676201891
792,LOAD,85995361,5814.267120757828
793,LOAD,81795705,6112.790396512873
794,LOAD,87233326,5731.754398542594
795,LOAD,81481572,6136.356819429061
796,LOAD,87509912,5713.638473319456
797,LOAD,77508181,6450.931934527015
798,LOAD,89600441,5580.329677172012
799,LOAD,87666886,5703.407783869499
800,LOAD,90770263,5508.4119344239425
801,LOAD,82712642,6045.025136544423
802,LOAD,85310310,5860.956313486612
803,LOAD,83610780,5980.090127134325
804,LOAD,86685363,5767.986459259564
805,LOAD,83274941,6004.2071960159055
806,LOAD,91033813,5492.464651568533
807,LOAD,82864011,6033.982593480781
808,LOAD,86924052,5752.147863516532
809,LOAD,86784344,5761.4078410271795
810,LOAD,90545941,5522.058686208805
811,LOAD,84065697,5947.729190896972
812,LOAD,81869892,6107.251246893058
813,LOAD,93337271,5356.916852647213
814,LOAD,84483028,5918.348475861921
815,LOAD,92036632,5432.619481338691
816,LOAD,87566218,5709.964543632569
817,LOAD,87786551,5695.633263915334
818,LOAD,84223603,5936.578134753983
819,LOAD,93224895,5363.374236034269
820,LOAD,85238863,5865.868952287644
821,LOAD,91292701,5476.889110773489
822,LOAD,81904822,6104.6466836836535
823,LOAD,88654526,5639.8699824981295
824,LOAD,83959392,5955.259895164558
825,LOAD,88440174,5653.53930669562
826,LOAD,85252640,5864.921015935694
827,LOAD,88002310,5681.669038005934
828,LOAD,85807711,5826.982146161666
829,LOAD,103505388,4830.666399704719
830,LOAD,81445619,6139.065626108139
831,LOAD,92017358,5433.757400424385
832,LOAD,85232254,5866.323798030731
833,LOAD,93300004,5359.056576246234
834,LOAD,84892857,5889.777039780862
835,LOAD,91287462,5477.203430192855
836,LOAD,86977188,5748.633768201382
837,LOAD,90151222,5546.236522451132
838,LOAD,81632378,6125.020638257041
839,LOAD,89681279,5575.299611862137
840,LOAD,86664724,5769.360091656209
841,LOAD,88123384,5673.862910212345
842,LOAD,88623645,5641.835200978249
843,LOAD,87234467,5731.679428957822
844,LOAD,85482263,5849.166627701468
845,LOAD,88045203,5678.901098109797
846,LOAD,87484290,5715.311857706109
847,LOAD,87906445,5687.865093395598
848,LOAD,89813944,5567.064285697108
849,LOAD,88067437,5677.467370828562
850,LOAD,91810658,5445.990812962042
851,LOAD,95560997,5232.260186653348
852,LOAD,87485949,5715.203477989363
853,LOAD,92613492,5398.781421609716
854,LOAD,86919612,5752.441692905854
855,LOAD,85867640,5822.91536136314
856,LOAD,88087180,5676.194878755342
857,LOAD,88823162,5629.162357449063
858,LOAD,84656777,5906.201697236832
859,LOAD,87893427,5688.70752985886
860,LOAD,89978518,5556.881921527091
861,LOAD,89389993,5593.467268757924
862,LOAD,89989234,5556.22020296339
863,LOAD,92747352,5390.989491538259
864,LOAD,87470077,5716.240537892747
865,LOAD,86204932,5800.132178052179
866,LOAD,85943985,5817.742800732361
867,LOAD,86274494,5795.45560707664
868,LOAD,85856529,5823.668925632901
869,LOAD,84527193,5915.256170875094
870,LOAD,88555946,5646.148255250981
871,LOAD,94626431,5283.935943859068
872,LOAD,85403350,5854.571278527131
873,LOAD,86511795,5779.558729535088
874,LOAD,87788588,5695.501105451201
875,LOAD,90481343,5526.001089528479
876,LOAD,93587553,5342.590803715105
877,LOAD,87474284,5715.965620250176
878,LOAD,87014127,5746.193373864453
879,LOAD,88241974,5666.237702252672
880,LOAD,84736948,5900.613744077731
881,LOAD,90035864,5553.342610229186
882,LOAD,87844281,5691.890175525485
883,LOAD,84858312,5892.174711182094
884,LOAD,82034378,6095.005681642397
885,LOAD,84999306,5882.400969250266
886,LOAD,82099507,6090.170553642911
887,LOAD,86061877,5809.773356442132
888,LOAD,86630296,5771.652909970433
889,LOAD,85732197,5832.114625500615
890,LOAD,87500151,5714.275853078242
891,LOAD,93652121,5338.907380431886
892,LOAD,84827290,5894.329525321391
893,LOAD,89584151,5581.3444054406455
894,LOAD,90346538,5534.246370347915
895,LOAD,89746765,5571.231453300851
896,LOAD,83518627,5986.688454540806
897,LOAD,86874299,5755.442124488394
898,LOAD,86833961,5758.115767631515
899,LOAD,88910255,5623.648250699539
900,LOAD,80162053,6237.365203209054
901,LOAD,90629355,5516.976260064965
902,LOAD,87489051,5715.000840505174
903,LOAD,88640896,5640.737205544492
904,LOAD,93105485,5370.252891115921
905,LOAD,86705504,5766.646601812037
906,LOAD,88031145,5679.807981595604
907,LOAD,89553567,5583.250525353166
908,LOAD,87426346,5719.099823753357
909,LOAD,89836770,5565.649789056307
910,LOAD,90287470,5537.866993061163
911,LOAD,86300071,5793.737991246843
912,LOAD,89516472,5585.564185326696
913,LOAD,85327912,5859.747277069196
914,LOAD,89980937,5556.732533247569
915,LOAD,84346543,5927.925226289357
916,LOAD,85242792,5865.59858339694
917,LOAD,88544070,5646.905546582623
918,LOAD,89703791,5573.90043861134
919,LOAD,90076000,5550.8681557795635
920,LOAD,88739208,5634.487970638638
921,LOAD,88799540,5630.65979846292
922,LOAD,95178950,5253.262407286485
923,LOAD,83781347,5967.915507493572
924,LOAD,83923751,5957.788993487672
925,LOAD,88894800,5624.625962373502
926,LOAD,82703672,6045.680777027651
927,LOAD,84743738,5900.140963807851
928,LOAD,83435213,5992.673620908717
929,LOAD,91000864,5494.453327388189
930,LOAD,83309073,6001.747252667185
931,LOAD,87290105,5728.026103302316
932,LOAD,85066721,5877.739192509842
933,LOAD,84566334,5912.5183314674605
934,LOAD,83935054,5956.986695928021
935,LOAD,89691019,5574.694161965091
936,LOAD,79202948,6312.896333101137
937,LOAD,85488146,5848.764108184075
938,LOAD,92223289,5421.624032515258
939,LOAD,89845738,5565.094250770137
940,LOAD,84961038,5885.0505098584135
941,LOAD,86140308,5804.483540968997
942,LOAD,85569770,5843.185040698368
943,LOAD,90525770,5523.289114248904
944,LOAD,89330490,5597.193074839285
945,LOAD,86137068,5804.701873530221
946,LOAD,89427018,5591.1514347934535
947,LOAD,89653925,5577.00067230743
948,LOAD,84096766,5945.531841260103
949,LOAD,89733536,5572.052794174968
950,LOAD,84527114,5915.26169934064
951,LOAD,84157377,5941.249808676903
952,LOAD,89926448,5560.099515995561
953,LOAD,87058323,5743.2762632011645
954,LOAD,91279079,5477.706452318608
955,LOAD,89400601,5592.803565157241
956,LOAD,85513251,5847.047026664908
957,LOAD,84888034,5890.11167345447
958,LOAD,88282457,5663.639379678796
959,LOAD,84005345,5952.002220811069
960,LOAD,86262935,5796.232182454724
961,LOAD,85391496,5855.384006857076
962,LOAD,85729332,5832.309529718486
963,LOAD,83868581,5961.708115700681
964,LOAD,85083269,5876.5960203057075
965,LOAD,91110369,5487.849577252837
966,LOAD,90113467,5548.560239059496
967,LOAD,84474851,5918.921360393994
968,LOAD,86967115,5749.299605948754
969,LOAD,89129542,5609.812288724652
970,LOAD,83691559,5974.318150770737
971,LOAD,85208429,5867.964071958186
972,LOAD,88952818,5620.95739339028
973,LOAD,88955200,5620.806878068961
974,LOAD,84138433,5942.587497440082
975,LOAD,85034950,5879.935250153025
976,LOAD,95328077,5245.044437432635
977,LOAD,89071853,5613.445585329858
978,LOAD,85358106,5857.674489637809
979,LOAD,85479020,5849.388540018357
980,LOAD,87993217,5682.256167540732
981,LOAD,86944521,5750.793658406606
982,LOAD,87079093,5741.906383889414
983,LOAD,87110087,5739.8633983685495
984,LOAD,86498198,5780.467241641265
985,LOAD,90808517,5506.091460562008
986,LOAD,86940713,5751.045542955232
987,LOAD,91839257,5444.294916279648
988,LOAD,94545690,5288.448368191083
989,LOAD,93988537,5319.797668517811
990,LOAD,86698119,5767.137808376212
991,LOAD,91439502,5468.096272002881
992,LOAD,87610934,5707.050218183954
993,LOAD,86893496,5754.170599834078
994,LOAD,88323768,5660.990368979729
995,LOAD,88818209,5629.476271020056
996,LOAD,86686151,5767.93402673975
997,LOAD,88507517,5649.237680004061
998,LOAD,88957775,5620.644176408414
999,LOAD,89037467,5615.613481007945
1000,LOAD,89033363,5615.872333161222
1001,LOAD,85339517,5858.950432072401
1002,LOAD,93259429,5361.388176631448
1003,LOAD,86311283,5792.985373650396
1004,LOAD,87465634,5716.530906298581
1005,LOAD,86948708,5750.516729932318
1006,LOAD,88113163,5674.521070137955
1007,LOAD,90204593,5542.955002302378
1008,LOAD,92818533,5386.855230732854
1009,LOAD,91115989,5487.5110887508445
1010,LOAD,88267273,5664.613655845015
1011,LOAD,85011328,5881.569101002634
1012,LOAD,100862069,4957.2649555701655
1013,LOAD,85592554,5841.629635213362
1014,LOAD,87813476,5693.886892713369
1015,LOAD,91359060,5472.910951579405
1016,LOAD,93323026,5357.734542383999
1017,LOAD,87949637,5685.071787163829
1018,LOAD,85633283,5838.851232645138
1019,LOAD,86889959,5754.404832899047
1020,LOAD,87747288,5698.1818059151865
1021,LOAD,93162703,5366.954627754843
1022,LOAD,88336937,5660.146445874618
1023,LOAD,86483245,5781.466687564742
1024,LOAD,84840928,5893.382024298461
1025,LOAD,93679388,5337.353399447913
1026,LOAD,85159906,5871.307561095711
1027,LOAD,91329503,5474.682151724838
1028,LOAD,87010023,5746.464404451427
1029,LOAD,84500865,5917.099191824841
1030,LOAD,80752650,6191.747267736725
1031,LOAD,85982067,5815.16608573739
1032,LOAD,84396903,5924.388007460416
1033,LOAD,101599656,4921.276505109427
1034,LOAD,87347542,5724.259533256242
1035,LOAD,84753705,5899.447109716324
1036,LOAD,79782232,6267.059562835996
1037,LOAD,86166454,5802.7222519798715
1038,LOAD,83567359,5983.197339047175
1039,LOAD,89527463,5584.878463494492
1040,LOAD,86863628,5756.149167520381
1041,LOAD,84229950,5936.13079433147
1042,LOAD,90900359,5500.5283312467445
1043,LOAD,90016890,5554.513158586128
1044,LOAD,80137400,6239.284029679026
1045,LOAD,86155865,5803.43543646158
1046,LOAD,84969567,5884.4597854664835
1047,LOAD,86117112,5806.047002598043
1048,LOAD,84094825,5945.669070599766
1049,LOAD,89099951,5611.675364445487
1050,LOAD,86448987,5783.7577668781705
1051,LOAD,84666616,5905.515345032805
1052,LOAD,82997708,6024.26274229163
1053,LOAD,87817225,5693.643815322108
1054,LOAD,83795831,5966.883961088708
1055,LOAD,89025918,5616.341973581222
1056,LOAD,84510484,5916.4257064247795
1057,LOAD,84758326,5899.125473525751
1058,LOAD,86119547,5805.882838654505
1059,LOAD,85093211,5875.909418907697
1060,LOAD,88155882,5671.77128350891
1061,LOAD,88075397,5676.954257725344
1062,LOAD,86375033,5788.709799971943
1063,LOAD,86246428,5797.341543234695
1064,LOAD,83409004,5994.556654818705
1065,LOAD,90028631,5553.788771929676
1066,LOAD,84094447,5945.695796061303
1067,LOAD,86381281,5788.291099781212
1068,LOAD,85450150,5851.364801583145
1069,LOAD,83514423,5986.989816118349
1070,LOAD,85094313,5875.833323902621
1071,LOAD,86031599,5811.818050714133
1072,LOAD,84541338,5914.266462165527
1073,LOAD,83766093,5969.002278762124
1074,LOAD,83470030,5990.173958245852
1075,LOAD,84717667,5901.956672154345
1076,LOAD,83627008,5978.929677838049
1077,LOAD,92328055,5415.47203609997
1078,LOAD,85681508,5835.564892251897
1079,LOAD,82912282,6030.46964742811
1080,LOAD,84159294,5941.114477505004
1081,LOAD,88500827,5649.66472008222
1082,LOAD,85936746,5818.232866299127
1083,LOAD,98075428,5098.116930980918
1084,LOAD,92485536,5406.2507676876085
1085,LOAD,90241930,5540.661641434309
1086,LOAD,89630932,5578.431338859669
1087,LOAD,87355989,5723.706018599366
1088,LOAD,87972001,5683.626543859108
1089,LOAD,87208738,5733.370433591184
1090,LOAD,89451878,5589.597571109686
1091,LOAD,90359926,5533.426399663054
1092,LOAD,85537450,5845.392865931823
1093,LOAD,89068913,5613.630874781193
1094,LOAD,85712395,5833.462009782833
1095,LOAD,89219354,5604.1652128528085
1096,LOAD,89885217,5562.649973910616
1097,LOAD,86278145,5795.210362948809
1098,LOAD,85721553,5832.838796096006
1099,LOAD,92897498,5382.276280465594
1100,LOAD,87958907,5684.472636750705
1101,LOAD,91649561,5455.563502371822
1102,LOAD,91661903,5454.828927127991
1103,LOAD,91805704,5446.284688367512
1104,LOAD,80119556,6240.673625300669
1105,LOAD,94743510,5277.406336328472
1106,LOAD,83662399,5976.400461574141
1107,LOAD,90177200,5544.6387778728995
1108,LOAD,91847340,5443.815792596715
1109,LOAD,90392604,5531.426000295333
1110,LOAD,85188942,5869.306370772864
1111,LOAD,86734356,5764.728339021737
1112,LOAD,87027513,5745.3095321705905
1113,LOAD,88274914,5664.123331799564
1114,LOAD,83645743,5977.590515275834
1115,LOAD,89578012,5581.726908607885
1116,LOAD,84728664,5901.190652551774
1117,LOAD,92644762,5396.959193440424
1118,LOAD,85208530,5867.957116499956
1119,LOAD,87251124,5730.585201400958
1120,LOAD,84689348,5903.9302085546815
1121,LOAD,86188602,5801.231118704071
1122,LOAD,81233291,6155.111947883535
1123,LOAD,89152031,5608.397188393835
1124,LOAD,83258226,6005.4126063171225
1125,LOAD,85317741,5860.445836230006
1126,LOAD,87181737,5735.146112080791
1127,LOAD,92819839,5386.779436236687
1128,LOAD,86486199,5781.269217300208
1129,LOAD,83610247,5980.128249112816
1130,LOAD,89558922,5582.916685843985
1131,LOAD,91137437,5486.219675016756
1132,LOAD,88997110,5618.159960475122
1133,LOAD,92390927,5411.786808893042
1134,LOAD,87228253,5732.087744552215
1135,LOAD,91205857,5482.104071452341
1136,LOAD,89054523,5614.537961199343
1137,LOAD,84159361,5941.109747732044
1138,LOAD,89228468,5603.592790587865
1139,LOAD,81647735,6123.868592313062
1140,LOAD,92190133,5423.573908934484
1141,LOAD,92225858,5421.473010313442
1142,LOAD,93680109,5337.312321017902
1143,LOAD,91713884,5451.737274587564
1144,LOAD,93132601,5368.6893164295925
1145,LOAD,97140579,5147.179532458829
1146,LOAD,86055393,5810.211104375528
1147,LOAD,92659219,5396.117141889573
1148,LOAD,85381263,5856.085778445325
1149,LOAD,81136015,6162.491465719631
1150,LOAD,89105751,5611.3100937783465
1151,LOAD,89833041,5565.880821066717
1152,LOAD,93335274,5357.031469152809
1153,LOAD,91027399,5492.8516632667925
1154,LOAD,90073095,5551.047180070808
1155,LOAD,85073623,5877.262333120572
1156,LOAD,91851257,5443.5836408858295
1157,LOAD,83003135,6023.868857483515
1158,LOAD,90341941,5534.527977431878
1159,LOAD,88355502,5658.957152436303
1160,LOAD,88532644,5647.6343347432385
1161,LOAD,89971514,5557.314507345069
1162,LOAD,89081138,5612.860491297271
1163,LOAD,84567227,5912.455897365537
1164,LOAD,93401329,5353.242885869428
1165,LOAD,91688801,5453.228688201518
1166,LOAD,92055748,5431.491361082635
1167,LOAD,87133359,5738.3303678215825
1168,LOAD,92328635,5415.438016602325
1169,LOAD,85874741,5822.433863293981
1170,LOAD,94641569,5283.090773780388
1171,LOAD,89161068,5607.828744267622
1172,LOAD,86929721,5751.772745250155
1173,LOAD,85844651,5824.474724697757
1174,LOAD,90140922,5546.8702660929075
1175,LOAD,87905739,5687.910774517236
1176,LOAD,87993437,5682.241960840784
1177,LOAD,86073184,5809.010155822747
1178,LOAD,87073977,5742.243747520571
1179,LOAD,90833329,5504.587418567473
1180,LOAD,86328460,5791.832728164038
1181,LOAD,86322279,5792.2474451815615
1182,LOAD,86301357,5793.651657180779
1183,LOAD,92042700,5432.261330882297
1184,LOAD,86452227,5783.541006988749
1185,LOAD,86369445,5789.084322586536
1186,LOAD,87308994,5726.786864592667
1187,LOAD,86094900,5807.544930071352
1188,LOAD,87867412,5690.391791669021
1189,LOAD,87453713,5717.310138678731
1190,LOAD,86957257,5749.951381286095
1191,LOAD,88174253,5670.589576755473
1192,LOAD,86477836,5781.828305694421
1193,LOAD,88021965,5680.400340983071
1194,LOAD,85173606,5870.36317330512
1195,LOAD,94057317,5315.907533275695
1196,LOAD,88110422,5674.697597067462
1197,LOAD,88477727,5651.139749555275
1198,LOAD,91057333,5491.045954530648
1199,LOAD,91320748,5475.207014292087
1200,LOAD,86241196,5797.693250914563
1201,LOAD,89145915,5608.781961573898
1202,LOAD,86021687,5812.487727658724
1203,LOAD,85552092,5844.39244337824
1204,LOAD,91256289,5479.074433982298
1205,LOAD,86521243,5778.927609720077
1206,LOAD,85777901,5829.007170506538
1207,LOAD,88503921,5649.467214000609
1208,LOAD,100286312,4985.725270264202
1209,LOAD,83513728,5987.039639758388
1210,LOAD,89152842,5608.346170276882
1211,LOAD,91979802,5435.976041783608
1212,LOAD,86690061,5767.6738744018185
1213,LOAD,90960610,5496.884860380774
1214,LOAD,88440069,5653.546018829994
1215,LOAD,87109498,5739.902209056468
1216,LOAD,95577032,5231.382368098645
1217,LOAD,92446227,5408.549556057058
1218,LOAD,87161630,5736.469132116965
1219,LOAD,90270361,5538.916588579944
1220,LOAD,93707425,5335.756478208637
1221,LOAD,85138913,5872.75526996686
1222,LOAD,89951554,5558.547659999293
1223,LOAD,90967791,5496.450936134088
1224,LOAD,93738893,5333.965273091075
1225,LOAD,95114202,5256.838510825124
1226,LOAD,89940478,5559.232184645494
1227,LOAD,92416077,5410.314051742318
1228,LOAD,93453019,5350.281942202423
1229,LOAD,87470573,5716.20812407391
1230,LOAD,88331064,5660.522780524867
1231,LOAD,88680345,5638.227952315702
1232,LOAD,91311726,5475.747988817997
1233,LOAD,89188006,5606.1349773869815
1234,LOAD,91531872,5462.578106126793
1235,LOAD,91885066,5441.580680803995
1236,LOAD,94690603,5280.355010517781
1237,LOAD,95506289,5235.257334729025
1238,LOAD,91881334,5441.801704794578
1239,LOAD,84866784,5891.586512810477
1240,LOAD,91579731,5459.723396654223
1241,LOAD,87426661,5719.07921772284
1242,LOAD,88985074,5618.919865145024
1243,LOAD,96860419,5162.067283644519
1244,LOAD,93789164,5331.106267244263
1245,LOAD,90202142,5543.105617159291
1246,LOAD,87148309,5737.345976500817
1247,LOAD,89124118,5610.153695995062
1248,LOAD,87899827,5688.293334183695
1249,LOAD,84697872,5903.336036588971
1250,LOAD,97342548,5136.500022580054
1251,LOAD,88851837,5627.345667597171
1252,LOAD,87113155,5739.661248636902
1253,LOAD,94383201,5297.552898211197
1254,LOAD,95165327,5254.014416406093
1255,LOAD,91614080,5457.676374635864
1256,LOAD,89853013,5564.643669767645
1257,LOAD,91798861,5446.690672992119
1258,LOAD,94461863,5293.141423645223
1259,LOAD,89561693,5582.7439528192035
1260,LOAD,96979579,5155.72458816304
1261,LOAD,92160534,5425.315786473199
1262,LOAD,90468615,5526.778540823246
1263,LOAD,86847352,5757.2279233107765
1264,LOAD,88251475,5665.62768497637
1265,LOAD,83699188,5973.773604589808
1266,LOAD,97880094,5108.290966700543
1267,LOAD,92676359,5395.119158705836
1268,LOAD,99711499,5014.466786824657
1269,LOAD,91423606,5469.04702052553
1270,LOAD,94293214,5302.608520693759
1271,LOAD,84301624,5931.0838424654785
1272,LOAD,94073444,5314.9962278408775
1273,LOAD,86691475,5767.579799513159
1274,LOAD,84758820,5899.091091640964
1275,LOAD,86113486,5806.291479130226
1276,LOAD,93982783,5320.123367702358
1277,LOAD,89606091,5579.977816463393
1278,LOAD,93099712,5370.585893971402
1279,LOAD,91177808,5483.790529379693
1280,LOAD,92521352,5404.157950480448
1281,LOAD,91926348,5439.136992584541
1282,LOAD,90700096,5512.6733272696865
1283,LOAD,88003787,5681.57368045991
1284,LOAD,86905945,5753.346333211151
1285,LOAD,93160452,5367.084307405465
1286,LOAD,92160501,5425.317729121286
1287,LOAD,88839416,5628.132449677517
1288,LOAD,94390112,5297.165025082288
1289,LOAD,86583901,5774.745584632414
1290,LOAD,89105998,5611.294539341785
1291,LOAD,91625275,5457.009542399736
1292,LOAD,88258242,5665.193285857654
1293,LOAD,89654817,5576.9451852207785
1294,LOAD,86606793,5773.219197713509
1295,LOAD,94694178,5280.155660678526
1296,LOAD,86174715,5802.16598337459
1297,LOAD,89014674,5617.051408849737
1298,LOAD,89198520,5605.47417154455
1299,LOAD,88468172,5651.750100589848
1300,LOAD,89581033,5581.538672366058
1301,LOAD,87321299,5725.979866607344
1302,LOAD,90853506,5503.36494444144
1303,LOAD,93750312,5333.31558405907
1304,LOAD,88085212,5676.321696313792
1305,LOAD,88251596,5665.61991694745
1306,LOAD,88193887,5669.327172301636
1307,LOAD,88337769,5660.093136379752
1308,LOAD,86797075,5760.56278394174
1309,LOAD,90226826,5541.589149994038
1310,LOAD,88335670,5660.227629450254
1311,LOAD,87254938,5730.334711830293
1312,LOAD,96561612,5178.041145377731
1313,LOAD,85112448,5874.5813538344
1314,LOAD,86886665,5754.622990766189
1315,LOAD,92530655,5403.614618312169
1316,LOAD,87180303,5735.240447604317
1317,LOAD,86188208,5801.257638399908
1318,LOAD,89277654,5600.505586761946
1319,LOAD,88333852,5660.344122658661
1320,LOAD,86514507,5779.377555720222
1321,LOAD,90911746,5499.839371691311
1322,LOAD,95514970,5234.781521681889
1323,LOAD,92593758,5399.932034295444
1324,LOAD,86712577,5766.176226085404
1325,LOAD,91796044,5446.857818840211
1326,LOAD,91045874,5491.737055541913
1327,LOAD,91523558,5463.074326721433
1328,LOAD,90445866,5528.168639570547
1329,LOAD,88478238,5651.107111784934
1330,LOAD,89634699,5578.196898948699
1331,LOAD,93448998,5350.512158514531
1332,LOAD,88387501,5656.908435503793
1333,LOAD,96373051,5188.172365737389
1334,LOAD,87881783,5689.461261840807
1335,LOAD,90687996,5513.408852920292
1336,LOAD,87347633,5724.2535696416635
1337,LOAD,91021065,5493.233901405131
1338,LOAD,96158944,5199.724323095728
1339,LOAD,94958117,5265.479305997611
1340,LOAD,90267907,5539.067168135403
1341,LOAD,95454070,5238.121328928143
1342,LOAD,87816818,5693.670203354442
1343,LOAD,94716357,5278.919247284817
1344,LOAD,87529253,5712.375952757188
1345,LOAD,92246408,5420.265253038363
1346,LOAD,91059846,5490.894416843183
1347,LOAD,89949785,5558.656977334632
1348,LOAD,88371883,5657.90818330758
1349,LOAD,92005830,5434.438230707771
1350,LOAD,91254316,5479.192896476261
1351,LOAD,91605675,5458.177127126676
1352,LOAD,91076199,5489.908510564873
1353,LOAD,87109024,5739.933442486969
1354,LOAD,84429342,5922.111770100021
1355,LOAD,97005271,5154.359086322227
1356,LOAD,86104402,5806.9040419094945
1357,LOAD,84593849,5910.59522542827
1358,LOAD,85475879,5849.6034887222395
1359,LOAD,83616901,5979.6523671691675
1360,LOAD,84722452,5901.623338285818
1361,LOAD,82420892,6066.423061764486
1362,LOAD,88845564,5627.742990072076
1363,LOAD,81110960,6164.39504599625
1364,LOAD,96155511,5199.909966678873
1365,LOAD,90955590,5497.188243185493
1366,LOAD,88024917,5680.209843310616
1367,LOAD,84032520,5950.077422407421
1368,LOAD,86847400,5757.224741327893
1369,LOAD,81245288,6154.2030597516
1370,LOAD,88837423,5628.258712547301
1371,LOAD,89994128,5555.918048341999
1372,LOAD,85281321,5862.948581671243
1373,LOAD,87224949,5732.3048707084945
1374,LOAD,93550512,5344.706183970431
1375,LOAD,89925313,5560.169693265343
1376,LOAD,87104042,5740.26174353654
1377,LOAD,87070132,5742.497323881397
1378,LOAD,99708192,5014.633100558077
1379,LOAD,87160559,5736.539619944383
1380,LOAD,92314097,5416.290861838794
1381,LOAD,92438823,5408.98276041442
1382,LOAD,90720877,5511.410565398304
1383,LOAD,86887948,5754.538017171265
1384,LOAD,88119456,5674.115827496711
1385,LOAD,92118720,5427.778414637111
1386,LOAD,87591873,5708.292138016046
1387,LOAD,86319972,5792.402249620748
1388,LOAD,87986025,5682.720636601097
1389,LOAD,86547301,5777.187667585382
1390,LOAD,89352445,5595.817775327805
1391,LOAD,85979901,5815.312581018207
1392,LOAD,88809995,5629.996938970664
1393,LOAD,85403491,5854.561612709719
1394,LOAD,90837842,5504.313939998707
1395,LOAD,85914514,5819.738443727913
1396,LOAD,92297560,5417.261301382182
1397,LOAD,86718475,5765.784050053924
1398,LOAD,92538028,5403.184083412713
1399,LOAD,97925969,5105.897905386058
1400,LOAD,88706396,5636.572136241451
1401,LOAD,86919104,5752.475313137144
1402,LOAD,90687030,5513.467581858177
1403,LOAD,86819886,5759.049257447769
1404,LOAD,93973929,5320.624617067996
1405,LOAD,90285315,5537.999175170403
1406,LOAD,89323287,5597.644430617516
1407,LOAD,81577540,6129.137995580646
1408,LOAD,98467725,5077.805951137797
1409,LOAD,86118831,5805.931109306395
1410,LOAD,89575416,5581.888673561951
1411,LOAD,88023797,5680.2821173460625
1412,LOAD,86352731,5790.204828611616
1413,LOAD,86640106,5770.99940297857
1414,LOAD,87949256,5685.096415141931
1415,LOAD,86686113,5767.936555189642
1416,LOAD,87255863,5730.273964512849
1417,LOAD,87815904,5693.72946385657
1418,LOAD,87506110,5713.8867217386305
1419,LOAD,84785478,5897.2363168135935
1420,LOAD,95879655,5214.870662603031
1421,LOAD,88975835,5619.503317951442
1422,LOAD,86662194,5769.528521283456
1423,LOAD,87400197,5720.810903893042
1424,LOAD,90112904,5548.594904898415
1425,LOAD,85496247,5848.2099220097925
1426,LOAD,97888757,5107.838891038325
1427,LOAD,88087343,5676.1843753193925
1428,LOAD,88232729,5666.831409011502
1429,LOAD,86178818,5801.889740469635
1430,LOAD,93163409,5366.913956529865
1431,LOAD,90461746,5527.198203757862
1432,LOAD,91815068,5445.729234770049
1433,LOAD,89337120,5596.777688826324
1434,LOAD,92780358,5389.071682607648
1435,LOAD,83581804,5982.1632947764565
1436,LOAD,92931558,5380.303642385938
1437,LOAD,83081467,6018.189351422983
1438,LOAD,83045996,6020.7598690248715
1439,LOAD,85343562,5858.672737376488
1440,LOAD,86036803,5811.466518578101
1441,LOAD,87217559,5732.790572595594
1442,LOAD,94363735,5298.645713843353
1443,LOAD,86382528,5788.207541228708
1444,LOAD,91044602,5491.813781557307
1445,LOAD,87570310,5709.697727460369
1446,LOAD,91430476,5468.636081474628
1447,LOAD,90398231,5531.0816867644235
1448,LOAD,95205048,5251.8223613521
1449,LOAD,86010150,5813.267387628088
1450,LOAD,87959120,5684.458871348417
1451,LOAD,87013758,5746.217741796648
1452,LOAD,95767691,5220.967476390341
1453,LOAD,91518792,5463.358825802683
1454,LOAD,89199331,5605.423206593332
1455,LOAD,85681436,5835.569796005753
1456,LOAD,87861387,5690.782004158436
1457,LOAD,87573442,5709.4935243038635
1458,LOAD,90213350,5542.416948267634
1459,LOAD,86509575,5779.707043989061
1460,LOAD,94643819,5282.965177049755
1461,LOAD,88818287,5629.471327227916
1462,LOAD,91843544,5444.040791805682
1463,LOAD,85327020,5859.808534272028
1464,LOAD,93347429,5356.333916813071
1465,LOAD,94970416,5264.797408068635
1466,LOAD,93322184,5357.782882578059
1467,LOAD,98002694,5101.900566121172
1468,LOAD,89556647,5583.058508208776
1469,LOAD,99428013,5028.763875629296
1470,LOAD,88731563,5634.973431043923
1471,LOAD,86067371,5809.4024970275905
1472,LOAD,88500861,5649.662549610676
1473,LOAD,95438144,5238.995427237143
1474,LOAD,89301426,5599.014734658324
1475,LOAD,98727480,5064.4460893765345
1476,LOAD,88123879,5673.831039598245
1477,LOAD,98671581,5067.3151776092445
1478,LOAD,87341210,5724.674526492134
1479,LOAD,94336439,5300.178863016019
1480,LOAD,88768359,5632.637638372926
1481,LOAD,94058390,5315.846890426255
1482,LOAD,89824441,5566.413711386192
1483,LOAD,90312428,5536.336593674572
1484,LOAD,88166300,5671.101089645364
1485,LOAD,93685301,5337.0165294126555
1486,LOAD,91841823,5444.142806268121
1487,LOAD,92361067,5413.536420058898
1488,LOAD,85410194,5854.102146167705
1489,LOAD,88822517,5629.203234580708
1490,LOAD,82170682,6084.895340165243
1491,LOAD,96168704,5199.1966118208275
1492,LOAD,91599450,5458.548058967603
1493,LOAD,96573156,5177.422181377194
1494,LOAD,92087662,5429.609017546781
1495,LOAD,96199991,5197.505683758328
1496,LOAD,84425818,5922.358963699943
1497,LOAD,90333432,5535.0493048907965
1498,LOAD,89328557,5597.314193712991
1499,LOAD,92072834,5430.483436623662
1500,LOAD,87054264,5743.544049720529
1501,LOAD,95262896,5248.633213922029
1502,LOAD,85877286,5822.261313660983
1503,LOAD,90113448,5548.56140894753
1504,LOAD,84815806,5895.12761336018
1505,LOAD,97119791,5148.281260201641
1506,LOAD,86796698,5760.587804849442
1507,LOAD,89157589,5608.047566203253
1508,LOAD,86733852,5764.761837165955
1509,LOAD,94138219,5311.339064105303
1510,LOAD,92646117,5396.880259968154
1511,LOAD,89916699,5560.702356299802
1512,LOAD,96181299,5198.515773840817
1513,LOAD,87576717,5709.280013316782
1514,LOAD,93535401,5345.569641594844
1515,LOAD,85884120,5821.7980227310945
1516,LOAD,97327886,5137.273812769344
1517,LOAD,85249662,5865.125893402369
1518,LOAD,94933278,5266.857002451764
1519,LOAD,85939358,5818.0560296948
1520,LOAD,92276899,5418.474238064719
1521,LOAD,85891674,5821.28600730264
1522,LOAD,97961413,5104.050510173837
1523,LOAD,91082436,5489.532581232237
1524,LOAD,100871475,4956.802703638467
1525,LOAD,97545695,5125.802835276329
1526,LOAD,91601141,5458.447291611793
1527,LOAD,97927013,5105.8434714025225
1528,LOAD,89829469,5566.102144052527
1529,LOAD,94586938,5286.142152101382
1530,LOAD,89499892,5586.598920141714
1531,LOAD,98587185,5071.653075397172
1532,LOAD,90949813,5497.537416596997
1533,LOAD,96198373,5197.593102744056
1534,LOAD,91890936,5441.233072215087
1535,LOAD,99809508,5009.5427782291035
1536,LOAD,90281276,5538.246933948962
1537,LOAD,94827035,5272.7579218310475
1538,LOAD,88498962,5649.783779384893
1539,LOAD,89318672,5597.9336549025265
1540,LOAD,87353002,5723.901738374144
1541,LOAD,93330546,5357.302849165802
1542,LOAD,85424272,5853.137384653392
1543,LOAD,99907866,5004.610948251061
1544,LOAD,83376088,5996.923242548871
1545,LOAD,93326665,5357.52563321533
1546,LOAD,82934721,6028.838030334725
1547,LOAD,90394486,5531.310836813653
1548,LOAD,84512243,5916.302564588186
1549,LOAD,94580690,5286.491354630633
1550,LOAD,81912808,6104.0515178041505
1551,LOAD,88381766,5657.275506352747
1552,LOAD,86966665,5749.329355104051
1553,LOAD,87714616,5700.304268561125
1554,LOAD,81967344,6099.990259535554
1555,LOAD,99160794,5042.315413488925
1556,LOAD,86502585,5780.174083814952
1557,LOAD,87152414,5737.075739519963
1558,LOAD,89699852,5574.145205947497
1559,LOAD,94000674,5319.110797014072
1560,LOAD,88162370,5671.353889420168
1561,LOAD,91923420,5439.310243243778
1562,LOAD,94399545,5296.635698826726
1563,LOAD,93552109,5344.6149460938395
1564,LOAD,98234376,5089.867929735717
1565,LOAD,87747011,5698.199793950816
1566,LOAD,88655218,5639.825960385096
1567,LOAD,84537244,5914.5528803848865
1568,LOAD,98123401,5095.624437232867
1569,LOAD,93181890,5365.849522906221
1570,LOAD,97512785,5127.532764037043
1571,LOAD,87974446,5683.468583593013
1572,LOAD,91794306,5446.96094766488
1573,LOAD,87606857,5707.315809765895
1574,LOAD,84239189,5935.47974446905
1575,LOAD,85977160,5815.497976439324
1576,LOAD,90428907,5529.205390041925
1577,LOAD,86083195,5808.3346000343045
1578,LOAD,88678708,5638.332033434677
1579,LOAD,86150570,5803.7921281310155
1580,LOAD,96757827,5167.540606301544
1581,LOAD,99361252,5032.142710923167
1582,LOAD,91123753,5487.043537374937
1583,LOAD,86734484,5764.7198316185295
1584,LOAD,91491657,5464.979172909722
1585,LOAD,88215884,5667.913501836018
1586,LOAD,95529999,5233.957973766963
1587,LOAD,84684886,5904.2412833855615
1588,LOAD,88808985,5630.060967367209
1589,LOAD,90480278,5526.066133439598
1590,LOAD,85715227,5833.269274314586
1591,LOAD,88000370,5681.794292455816
1592,LOAD,86699280,5767.060579972522
1593,LOAD,91890396,5441.265047981728
1594,LOAD,89293510,5599.511095487231
1595,LOAD,88075219,5676.965730848764
1596,LOAD,90048115,5552.587080806745
1597,LOAD,92462399,5407.6035816462
1598,LOAD,93801852,5330.385161265259
1599,LOAD,85842799,5824.600383778259
1600,LOAD,87627239,5705.988294347606
1601,LOAD,89688716,5574.837307292926
1602,LOAD,98760249,5062.765688247708
1603,LOAD,82777917,6040.2582973910785
1604,LOAD,93808604,5330.001499649222
1605,LOAD,87014142,5746.192383302475
1606,LOAD,98740536,5063.7764413188925
1607,LOAD,94435689,5294.608482180926
1608,LOAD,94053896,5316.100887516664
1609,LOAD,92427606,5409.6391937274675
1610,LOAD,94808810,5273.771498661358
1611,LOAD,88224810,5667.340060012597
1612,LOAD,94783346,5275.188322640562
1613,LOAD,87642920,5704.967383560474
1614,LOAD,93874267,5326.273279982042
1615,LOAD,87863200,5690.664578572144
1616,LOAD,91405235,5470.146212085117
1617,LOAD,85118848,5874.139650010301
1618,LOAD,88870127,5626.187526433939
1619,LOAD,88154731,5671.845337489602
1620,LOAD,95012511,5262.4648558125145
1621,LOAD,86378421,5788.482750801846
1622,LOAD,98780998,5061.70225168205
1623,LOAD,90458278,5527.410106126495
1624,LOAD,94826781,5272.772045272738
1625,LOAD,85466075,5850.2745095056725
1626,LOAD,91976636,5436.163157782809
1627,LOAD,86769168,5762.415516073636
1628,LOAD,89498264,5586.700542035095
1629,LOAD,92994940,5376.636621304341
1630,LOAD,94727471,5278.299892541204
1631,LOAD,90689534,5513.315351251005
1632,LOAD,92300886,5417.066094035111
1633,LOAD,84791284,5896.832509341409
1634,LOAD,91325401,5474.928054244186
1635,LOAD,91931978,5438.803894766628
1636,LOAD,96689128,5171.212217365328
1637,LOAD,92388967,5411.90161807957
1638,LOAD,93551855,5344.62945710697
1639,LOAD,93865092,5326.793905448897
1640,LOAD,94545777,5288.443501818172
1641,LOAD,86993669,5747.544686269066
1642,LOAD,96610885,5175.400266750481
1643,LOAD,83106381,6016.38519189038
1644,LOAD,93513510,5346.821010140674
1645,LOAD,89486777,5587.417680714995
1646,LOAD,90839984,5504.184148689414
1647,LOAD,87041375,5744.394547995134
1648,LOAD,95066899,5259.454187098288
1649,LOAD,83224425,6007.851661336201
1650,LOAD,91282150,5477.522166162826
1651,LOAD,87199684,5733.965733178575
1652,LOAD,90947049,5497.704493963295
1653,LOAD,88889053,5624.989614862923
1654,LOAD,88750009,5633.802245586252
1655,LOAD,89196846,5605.579372167486
1656,LOAD,88127403,5673.604156927216
1657,LOAD,94899167,5268.750146141957
1658,LOAD,83760552,5969.397145329224
1659,LOAD,92104383,5428.623304495727
1660,LOAD,86446213,5783.943363719126
1661,LOAD,86640468,5770.975290669021
1662,LOAD,84296453,5931.447673130446
1663,LOAD,92783716,5388.876642966099
1664,LOAD,88709238,5636.391555973009
1665,LOAD,97611835,5122.329684714973
1666,LOAD,84798148,5896.355189266633
1667,LOAD,89542062,5583.967901029574
1668,LOAD,85591389,5841.709146699325
1669,LOAD,100115778,4994.217794521858
1670,LOAD,86764534,5762.723280459272
1671,LOAD,92702838,5393.578134037277
1672,LOAD,94665141,5281.775262976686
1673,LOAD,90509945,5524.254820837644
1674,LOAD,95819509,5218.144042044715
1675,LOAD,84086487,5946.258642009862
1676,LOAD,92347625,5414.3244073683545
1677,LOAD,85097432,5875.617962243561
1678,LOAD,91829061,5444.899409349291
1679,LOAD,87501860,5714.164247479996
1680,LOAD,93494254,5347.922237017903
1681,LOAD,87508501,5713.730600870423
1682,LOAD,97573766,5124.32819288742
1683,LOAD,93863734,5326.8709723395405
1684,LOAD,86517480,5779.178958980313
1685,LOAD,94435261,5294.632478434089
1686,LOAD,85258959,5864.486335095881
1687,LOAD,95376634,5242.374143755168
1688,LOAD,89091778,5612.190161924931
1689,LOAD,94877581,5269.948861786433
1690,LOAD,86615835,5772.616519831507
1691,LOAD,95532141,5233.840619148272
1692,LOAD,85457941,5850.831346381257
1693,LOAD,94956527,5265.5674738398975
1694,LOAD,85022926,5880.766794593731
1695,LOAD,91870913,5442.418973239115
1696,LOAD,83909666,5958.789062513966
1697,LOAD,96722544,5169.425651169804
1698,LOAD,86223087,5798.9109111809
1699,LOAD,89753447,5570.816684065628
1700,LOAD,87239165,5731.370766788059
1701,LOAD,89897675,5561.879103102499
1702,LOAD,86093147,5807.663181367967
1703,LOAD,88822358,5629.213311360187
1704,LOAD,89126586,5609.998345499288
1705,LOAD,85906821,5820.259604298476
1706,LOAD,89632416,5578.338979504915
1707,LOAD,90364125,5533.169274864334
1708,LOAD,86347504,5790.555335565924
1709,LOAD,89689065,5574.815614367259
1710,LOAD,85496157,5848.216078296946
1711,LOAD,88205697,5668.568097137762
1712,LOAD,86589838,5774.34964135168
1713,LOAD,90135185,5547.223317952917
1714,LOAD,85767869,5829.688971285972
1715,LOAD,93784123,5331.392820083203
1716,LOAD,86431915,5784.900172580927
1717,LOAD,93860176,5327.072900438628
1718,LOAD,84551319,5913.5683028197345
1719,LOAD,92950824,5379.188462062477
1720,LOAD,85878628,5822.170330900023
1721,LOAD,93990206,5319.703203969997
1722,LOAD,90071689,5551.13383074231
1723,LOAD,90210376,5542.599667248921
1724,LOAD,87713010,5700.40863949373
1725,LOAD,94305732,5301.904660471752
1726,LOAD,85634327,5838.780049033374
1727,LOAD,93125769,5369.083180403052
1728,LOAD,87155533,5736.870429098289
1729,LOAD,94416534,5295.682639652924
1730,LOAD,92406106,5410.8978469453095
1731,LOAD,96147796,5200.32721290876
1732,LOAD,88829427,5628.765341467304
1733,LOAD,93145417,5367.950631430423
1734,LOAD,86841316,5757.628085691378
1735,LOAD,92466066,5407.389128028871
1736,LOAD,84283585,5932.3532571615215
1737,LOAD,95123149,5256.344068256193
1738,LOAD,86180241,5801.793940214207
1739,LOAD,95530472,5233.932058872273
1740,LOAD,89300294,5599.085709617037
1741,LOAD,93139447,5368.294703317275
1742,LOAD,85073701,5877.256944540358
1743,LOAD,94148636,5310.751395272471
1744,LOAD,85980214,5815.291411114655
1745,LOAD,94578198,5286.630646103027
1746,LOAD,92582329,5400.598639077226
1747,LOAD,93273220,5360.595463521041
1748,LOAD,86846134,5757.308667303486
1749,LOAD,99820216,5009.005390250808
1750,LOAD,88094591,5675.717366120696
1751,LOAD,95415576,5240.2345713450395
1752,LOAD,87112001,5739.7372837297125
1753,LOAD,91869703,5442.4906543999605
1754,LOAD,90492016,5525.349330265777
1755,LOAD,90148886,5546.3802403503905
1756,LOAD,91273404,5478.047033284745
1757,LOAD,86318044,5792.531628728751
1758,LOAD,94548034,5288.317258928938
1759,LOAD,93031717,5374.511146558759
1760,LOAD,88559270,5645.936331679338
1761,LOAD,87962055,5684.269199940815
1762,LOAD,86211505,5799.689960174109
1763,LOAD,87888471,5689.028314077736
1764,LOAD,96244232,5195.116523969977
1765,LOAD,89490630,5587.177115637693
1766,LOAD,90710842,5512.020272064061
1767,LOAD,92831366,5386.110552332064
1768,LOAD,98056374,5099.107580706584
1769,LOAD,91395210,5470.746224008894
1770,LOAD,90139402,5546.963801690187
1771,LOAD,97955442,5104.361634139735
1772,LOAD,92717657,5392.716082115837
1773,LOAD,93128343,5368.934782829756
1774,LOAD,91871468,5442.386095321782
1775,LOAD,90264102,5539.300662405083
1776,LOAD,99629604,5018.588651622062
1777,LOAD,88915437,5623.3205039525365
1778,LOAD,93141251,5368.190727865573
1779,LOAD,93198994,5364.864775257123
1780,LOAD,101219752,4939.747333109451
1781,LOAD,89121736,5610.303641302498
1782,LOAD,88651592,5640.056638802381
1783,LOAD,91372964,5472.078152132616
1784,LOAD,94180777,5308.938999303435
1785,LOAD,87291122,5727.959367964132
1786,LOAD,93948542,5322.062368993444
1787,LOAD,90186811,5544.047898533634
1788,LOAD,95540482,5233.383687555605
1789,LOAD,95340676,5244.351319682272
1790,LOAD,94381336,5297.657579248507
1791,LOAD,89627931,5578.618120728459
1792,LOAD,102631381,4871.804268131206
1793,LOAD,93558498,5344.2499686132205
1794,LOAD,91528413,5462.78454538483
1795,LOAD,94856761,5271.105556724628
1796,LOAD,95553492,5232.671140893522
1797,LOAD,92039981,5432.421808083598
1798,LOAD,92560218,5401.888746631949
1799,LOAD,96977524,5155.833840426777
1800,LOAD,97504842,5127.950466295817
1801,LOAD,100167818,4991.623157848961
1802,LOAD,91185000,5483.358008444371
1803,LOAD,91694912,5452.8652582162895
1804,LOAD,84625865,5908.359105103386
1805,LOAD,90163041,5545.509495403998
1806,LOAD,89559213,5582.898545568953
1807,LOAD,89428112,5591.083036618284
1808,LOAD,94561696,5287.55321816563
1809,LOAD,89032202,5615.945565403403
1810,LOAD,92769266,5389.716029444493
1811,LOAD,93435875,5351.263634016377
1812,LOAD,89396431,5593.064447953185
1813,LOAD,92168624,5424.839585323526
1814,LOAD,89193954,5605.761125916673
1815,LOAD,88145076,5672.466604941154
1816,LOAD,93666533,5338.085909510497
1817,LOAD,91990425,5435.348298477804
1818,LOAD,94867078,5270.532312590043
1819,LOAD,92386133,5412.067631405245
1820,LOAD,96957149,5156.917309934516
1821,LOAD,87906975,5687.830800684474
1822,LOAD,90272208,5538.803260467496
1823,LOAD,91575962,5459.948102974883
1824,LOAD,95274062,5248.018080723797
1825,LOAD,88018155,5680.646225770126
1826,LOAD,91637269,5456.295298368178
1827,LOAD,94570723,5287.048508659493
1828,LOAD,95359307,5243.326694897227
1829,LOAD,89039194,5615.504560834187
1830,LOAD,88257716,5665.227049383422
1831,LOAD,91076941,5489.863784511604
1832,LOAD,94131694,5311.707234334909
1833,LOAD,90474253,5526.434133697683
1834,LOAD,91966557,5436.75892966179
1835,LOAD,92630366,5397.797953211153
1836,LOAD,91161324,5484.782120979287
1837,LOAD,88523764,5648.200860505661
1838,LOAD,91059496,5490.9155218693495
1839,LOAD,91690351,5453.136502880221
1840,LOAD,94938554,5266.564308531601
1841,LOAD,92420630,5410.047518611375
1842,LOAD,92270942,5418.8240540559345
1843,LOAD,89603908,5580.113760216797
1844,LOAD,92543871,5402.842939215283
1845,LOAD,90865201,5502.656622087921
1846,LOAD,86792057,5760.895838659521
1847,LOAD,91385641,5471.319066416571
1848,LOAD,88730828,5635.020108231155
1849,LOAD,94732010,5278.046987496624
1850,LOAD,86202532,5800.29366190775
1851,LOAD,89844042,5565.19930392268
1852,LOAD,93136430,5368.468600310319
1853,LOAD,95297391,5246.733354956171
1854,LOAD,89244995,5602.555078859044
1855,LOAD,87859900,5690.878318777964
1856,LOAD,90590522,5519.3411955391975
1857,LOAD,90142553,5546.769903443937
1858,LOAD,92094999,5429.1764528929525
1859,LOAD,93137450,5368.409807225772
1860,LOAD,89147974,5608.652418730234
1861,LOAD,91308405,5475.947148567539
1862,LOAD,93840417,5328.19456673983
1863,LOAD,97810114,5111.945785074946
1864,LOAD,89824944,5566.382540689366
1865,LOAD,87794040,5695.147415473762
1866,LOAD,92278624,5418.372948430614
1867,LOAD,91046240,5491.714979113909
1868,LOAD,91253313,5479.25312037712
1869,LOAD,92784020,5388.858986709134
1870,LOAD,93863743,5326.870461579611
1871,LOAD,88318255,5661.343739185065
1872,LOAD,87226231,5732.220620652519
1873,LOAD,88067766,5677.446161175475
1874,LOAD,87854227,5691.245795151097
1875,LOAD,90320255,5535.856824142049
1876,LOAD,92302047,5416.997956719204
1877,LOAD,89850826,5564.779115107968
1878,LOAD,94610042,5284.851263463132
1879,LOAD,92135289,5426.802318924729
1880,LOAD,89264336,5601.341167204784
1881,LOAD,91204051,5482.212626717644
1882,LOAD,93939699,5322.563360566016
1883,LOAD,87889725,5688.947143707641
1884,LOAD,88679995,5638.250205133639
1885,LOAD,92037039,5432.595457574424
1886,LOAD,97083786,5150.190578682212
1887,LOAD,91769684,5448.422378789056
1888,LOAD,87735519,5698.946170250614
1889,LOAD,88789168,5631.317549906538
1890,LOAD,89484463,5587.5621670769815
1891,LOAD,92665366,5395.759187958099
1892,LOAD,94858375,5271.01586971103
1893,LOAD,94613446,5284.661125227381
1894,LOAD,92422887,5409.915403313467
1895,LOAD,91795799,5446.872356326458
1896,LOAD,91002870,5494.332211720356
1897,LOAD,88058535,5678.041316494761
1898,LOAD,92105890,5428.534483516744
1899,LOAD,92002563,5434.631206958876
1900,LOAD,92582323,5400.598989074836
1901,LOAD,95212083,5251.434316377681
1902,LOAD,92068109,5430.762132846673
1903,LOAD,93046773,5373.641491038061
1904,LOAD,94307567,5301.8014980706685
1905,LOAD,89666107,5576.242983315869
1906,LOAD,90081787,5550.511559012478
1907,LOAD,92173563,5424.548902378874
1908,LOAD,92068379,5430.7462065776135
1909,LOAD,93681743,5337.219227443281
1910,LOAD,92296628,5417.316004220653
1911,LOAD,93157743,5367.240380651987
1912,LOAD,92384907,5412.139452605608
1913,LOAD,93838496,5328.303642036206
1914,LOAD,88824912,5629.051453493137
1915,LOAD,90594653,5519.0895206585765
1916,LOAD,88000324,5681.797262473715
1917,LOAD,88289296,5663.2006670434885
1918,LOAD,92813297,5387.159126563514
1919,LOAD,94801625,5274.171196959967
1920,LOAD,94580635,5286.494428801414
1921,LOAD,94769058,5275.983644366287
1922,LOAD,94255186,5304.747900025363
1923,LOAD,91007908,5494.02805742991
1924,LOAD,93219763,5363.669504287412
1925,LOAD,94427236,5295.082448457985
1926,LOAD,92684228,5394.661106741914
1927,LOAD,96838206,5163.251372087583
1928,LOAD,86402515,5786.8685882581085
1929,LOAD,93602544,5341.735156258146
1930,LOAD,90267304,5539.104169988283
1931,LOAD,88045850,5678.8593670229775
1932,LOAD,89863986,5563.964189169174
1933,LOAD,94752548,5276.902949353932
1934,LOAD,85230100,5866.472056233655
1935,LOAD,94898397,5268.792896470106
1936,LOAD,91892166,5441.160239927308
1937,LOAD,88016037,5680.782923684691
1938,LOAD,91512905,5463.710282172771
1939,LOAD,97047487,5152.116921894124
1940,LOAD,86048438,5810.6807238034935
1941,LOAD,90146332,5546.537378803166
1942,LOAD,93588335,5342.546162403681
1943,LOAD,88021484,5680.431381956705
1944,LOAD,87195551,5734.237518609178
1945,LOAD,93256659,5361.547425798301
1946,LOAD,92166368,5424.972371700705
1947,LOAD,103016195,4853.60578499332
1948,LOAD,91092800,5488.908014683926
1949,LOAD,91062062,5490.7607956428665
1950,LOAD,90017146,5554.49736209144
1951,LOAD,87502009,5714.154517297997
1952,LOAD,86743429,5764.125372539746
1953,LOAD,87465511,5716.538945276385
1954,LOAD,89360494,5595.313741215441
1955,LOAD,90604180,5518.509190194094
1956,LOAD,91341877,5473.940501573008
1957,LOAD,98947245,5053.197792419587
1958,LOAD,92994575,5376.657724388761
1959,LOAD,89678615,5575.4652321515
1960,LOAD,97221552,5142.892596489305
1961,LOAD,91438051,5468.183043402795
1962,LOAD,93553338,5344.544734470084
1963,LOAD,91633873,5456.497511569766
1964,LOAD,93777757,5331.754735827175
1965,LOAD,95652393,5227.260754469572
1966,LOAD,91398481,5470.550435077799
1967,LOAD,89060983,5614.130713109241
1968,LOAD,89000496,5617.94621908624
1969,LOAD,90170288,5545.06380194771
1970,LOAD,90653080,5515.532401105401
1971,LOAD,93835479,5328.474957750255
1972,LOAD,88229585,5667.033342614045
1973,LOAD,91405546,5470.127600353703
1974,LOAD,86831750,5758.262386742176
1975,LOAD,88696413,5637.206546334631
1976,LOAD,91116054,5487.507174092504
1977,LOAD,92354739,5413.907346974366
1978,LOAD,89724110,5572.638168269376
1979,LOAD,92361049,5413.53747508866
1980,LOAD,88727750,5635.215589260406
1981,LOAD,92314589,5416.26199516525
1982,LOAD,91488083,5465.192663398577
1983,LOAD,90722764,5511.295930093135
1984,LOAD,88670228,5638.87125676501
1985,LOAD,88988735,5618.688702564431
1986,LOAD,88350910,5659.2512742653125
1987,LOAD,90196786,5543.434773828859
1988,LOAD,94442554,5294.223618730175
1989,LOAD,91518661,5463.366646065769
1990,LOAD,90499419,5524.897347683525
1991,LOAD,93038512,5374.118623049345
1992,LOAD,91834073,5444.602244746348
1993,LOAD,94240975,5305.547825667126
1994,LOAD,93726752,5334.6562142684725
1995,LOAD,93221220,5363.585672875768
1996,LOAD,92261539,5419.376323215245
1997,LOAD,90888636,5501.237800510066
1998,LOAD,94413136,5295.873235266754
1999,LOAD,88889480,5624.96259399875
2000,LOAD,94564334,5287.405714716925
2001,LOAD,92590382,5400.1289248380035
2002,LOAD,93536065,5345.531694111784
2003,LOAD,87481728,5715.479236989923
2004,LOAD,92484785,5406.294667820226
2005,LOAD,87255728,5730.282830257287
2006,LOAD,95538112,5233.513511340898
2007,LOAD,90570137,5520.5834567745
2008,LOAD,90496856,5525.053820654278
2009,LOAD,87406103,5720.424350688647
2010,LOAD,93007053,5375.936381942991
2011,LOAD,87356393,5723.679547986831
2012,LOAD,94021916,5317.909071327583
2013,LOAD,92213315,5422.210447591001
2014,LOAD,92805332,5387.621478472811
2015,LOAD,89589860,5580.988741359793
2016,LOAD,91799540,5446.650386265552
2017,LOAD,87611750,5706.997063750011
2018,LOAD,88332302,5660.443446837829
2019,LOAD,89496265,5586.825327291592
2020,LOAD,91794116,5446.972222053972
2021,LOAD,87703089,5701.053471446142
2022,LOAD,90148042,5546.432167655955
2023,LOAD,94293158,5302.611669873227
2024,LOAD,98675652,5067.106118538745
2025,LOAD,96806619,5164.936087686318
2026,LOAD,91899504,5440.725773666853
2027,LOAD,86856408,5756.627651468157
2028,LOAD,92234600,5420.959162830434
2029,LOAD,87192321,5734.4499408382535
2030,LOAD,92806274,5387.566793167453
2031,LOAD,86369368,5789.08948366972
2032,LOAD,92525472,5403.917312629326
2033,LOAD,88590283,5643.9598460251
2034,LOAD,96907564,5159.555966136967
2035,LOAD,87231599,5731.867875080451
2036,LOAD,94271425,5303.83411516268
2037,LOAD,91296792,5476.643691927314
2038,LOAD,93539343,5345.344364883983
2039,LOAD,90884101,5501.512305216069
2040,LOAD,97292100,5139.163405867485
2041,LOAD,93154835,5367.407928960424
2042,LOAD,84392972,5924.6639637243725
2043,LOAD,89619663,5579.132784732744
2044,LOAD,85260799,5864.359774531317
2045,LOAD,97359774,5135.591214498916
2046,LOAD,88962693,5620.333458205902
2047,LOAD,94034257,5317.211152101728
2048,LOAD,86994960,5747.459393049896
2049,LOAD,96233016,5195.722017067406
2050,LOAD,88138881,5672.865304473289
2051,LOAD,89257615,5601.762942019009
2052,LOAD,87382580,5721.964263357754
2053,LOAD,96963597,5156.574379145609
2054,LOAD,87636029,5705.415976801049
2055,LOAD,93902969,5324.645272930615
2056,LOAD,90764364,5508.769939708937
2057,LOAD,93662474,5338.317243253686
2058,LOAD,86491194,5780.935340076355
2059,LOAD,95121103,5256.457129181944
2060,LOAD,85831575,5825.362053533329
2061,LOAD,96750044,5167.956306045711
2062,LOAD,96462092,5183.3833336312055
2063,LOAD,88677497,5638.409031774995
2064,LOAD,93026250,5374.82699775601
2065,LOAD,93922571,5323.533999085267
2066,LOAD,95432280,5239.317346289956
2067,LOAD,98455545,5078.43412984002
2068,LOAD,87460161,5716.888630012926
2069,LOAD,97207689,5143.6260355906625
2070,LOAD,91252469,5479.303798344349
2071,LOAD,95904016,5213.546010419418
2072,LOAD,92235523,5420.904915343734
2073,LOAD,95318203,5245.58777088989
2074,LOAD,95838400,5217.115477720829
2075,LOAD,99240588,5038.261159839158
2076,LOAD,90634686,5516.651759570282
2077,LOAD,96381455,5187.719982023513
2078,LOAD,92332659,5415.202003442791
2079,LOAD,95115941,5256.742400309114
2080,LOAD,101726799,4915.125659267033
2081,LOAD,93320568,5357.875661451182
2082,LOAD,89587535,5581.133580692895
2083,LOAD,95910614,5213.187353800071
2084,LOAD,93739131,5333.951730361145
2085,LOAD,91326321,5474.872901099345
2086,LOAD,96510820,5180.766260197562
2087,LOAD,91371639,5472.157503927449
2088,LOAD,90332930,5535.080064379624
2089,LOAD,92576497,5400.938858163968
2090,LOAD,97749202,5115.131272376014
2091,LOAD,94762738,5276.335514915156
2092,LOAD,88530243,5647.787502401863
2093,LOAD,95578163,5231.320463859512
2094,LOAD,87894180,5688.658794017988
2095,LOAD,92602452,5399.425060580469
2096,LOAD,90432504,5528.985463014493
2097,LOAD,94079644,5314.645961032761
2098,LOAD,91665010,5454.644034839466
2099,LOAD,93959345,5321.450463495675
2100,LOAD,92131801,5427.0077711820695
2101,LOAD,94537896,5288.884364424612
2102,LOAD,90622274,5517.407342923219
2103,LOAD,93945778,5322.218950595097
2104,LOAD,91011730,5493.797337991487
2105,LOAD,94611661,5284.760828794666
2106,LOAD,89553696,5583.242482811653
2107,LOAD,94264650,5304.215312951355
2108,LOAD,98693242,5066.203013170852
2109,LOAD,93121145,5369.349786238131
2110,LOAD,86595701,5773.958686471053
2111,LOAD,95663345,5226.662312508516
2112,LOAD,90669544,5514.530877093635
2113,LOAD,93752550,5333.188270612372
2114,LOAD,87103407,5740.303591109818
2115,LOAD,96441415,5184.494648901616
2116,LOAD,86249380,5797.143121492583
2117,LOAD,95544659,5233.15489565984
2118,LOAD,85362514,5857.3720075770025
2119,LOAD,99539152,5023.149082081793
2120,LOAD,86654268,5770.05624235381
2121,LOAD,91825705,5445.098406813212
2122,LOAD,98975426,5051.759009352483
2123,LOAD,92474646,5406.887418633644
2124,LOAD,90124079,5547.906902882192
2125,LOAD,94216823,5306.9078756773615
2126,LOAD,90430953,5529.08029178903
2127,LOAD,95195716,5252.337195509933
2128,LOAD,93218615,5363.735558611335
2129,LOAD,97676856,5118.919880058384
2130,LOAD,91545711,5461.75232611389
2131,LOAD,96171201,5199.06161928871
2132,LOAD,95822798,5217.964935651326
2133,LOAD,92923247,5380.7848535469275
2134,LOAD,96298281,5192.200679054697
2135,LOAD,90550147,5521.802189895948
2136,LOAD,89822112,5566.558043079637
2137,LOAD,91030440,5492.668166824196
2138,LOAD,92104886,5428.593657886944
2139,LOAD,93219865,5363.663635427921
2140,LOAD,99050515,5047.929331816195
2141,LOAD,96598386,5176.069919015003
2142,LOAD,93466110,5349.532573892291
2143,LOAD,94916838,5267.76924448326
2144,LOAD,95423366,5239.806778561971
2145,LOAD,90547339,5521.973428727707
2146,LOAD,101776277,4912.736196864423
2147,LOAD,91232668,5480.493018136881
2148,LOAD,93143077,5368.085488522137
2149,LOAD,97711597,5117.099866866366
2150,LOAD,95579505,5231.247012631003
2151,LOAD,92637459,5397.384658402601
2152,LOAD,95163653,5254.106838458587
2153,LOAD,97784641,5113.2774522330155
2154,LOAD,95038894,5261.0039843266695
2155,LOAD,94872376,5270.237987926011
2156,LOAD,94368690,5298.367498796476
2157,LOAD,96736262,5168.692583966083
2158,LOAD,91183723,5483.43480118705
2159,LOAD,89700136,5574.12755762154
2160,LOAD,98454043,5078.511605663568
2161,LOAD,91893517,5441.080245084101
2162,LOAD,97484710,5129.009462099236
2163,LOAD,90648240,5515.826893053853
2164,LOAD,101366615,4932.590478630464
2165,LOAD,87078828,5741.92385777172
2166,LOAD,98097684,5096.960291131848
2167,LOAD,90565218,5520.883304228341
2168,LOAD,97995594,5102.270210230064
2169,LOAD,100165828,4991.722326700079
2170,LOAD,95216681,5251.180725360507
2171,LOAD,95471082,5237.187947655186
2172,LOAD,89099338,5611.713972554992
2173,LOAD,88177011,5670.412212090065
2174,LOAD,91149663,5485.483802611536
2175,LOAD,88497992,5649.845704973736
2176,LOAD,98553784,5073.371916394402
2177,LOAD,100073856,4996.30992534154
2178,LOAD,95710449,5224.090005052635
2179,LOAD,90272355,5538.794241049765
2180,LOAD,92516496,5404.4416035817
2181,LOAD,98579588,5072.0439204919385
2182,LOAD,90260727,5539.507786149341
2183,LOAD,89131604,5609.6825094721735
2184,LOAD,90988419,5495.204834804306
2185,LOAD,88988971,5618.673801723136
2186,LOAD,89585847,5581.238741874037
2187,LOAD,88589587,5644.0041875350435
2188,LOAD,89203075,5605.187937747662
2189,LOAD,88472907,5651.447623395035
2190,LOAD,89057325,5614.361311660776
2191,LOAD,89616603,5579.323286779795
2192,LOAD,89728143,5572.387695575066
2193,LOAD,89667294,5576.169165983753
2194,LOAD,91057534,5491.033833619962
2195,LOAD,90596169,5518.997166425437
2196,LOAD,93149307,5367.7264609172025
2197,LOAD,96125055,5201.557491956702
2198,LOAD,90120387,5548.134186330115
2199,LOAD,94501776,5290.9058555682595
2200,LOAD,91907141,5440.273677972422
2201,LOAD,89747344,5571.195510810882
2202,LOAD,85036204,5879.848540746245
2203,LOAD,94816967,5273.317801865567
2204,LOAD,89050553,5614.788265267706
2205,LOAD,87115906,5739.479998061433
2206,LOAD,89754597,5570.745306783562
2207,LOAD,91740681,5450.144849044667
2208,LOAD,95561397,5232.238285507693
2209,LOAD,92596102,5399.795339116975
2210,LOAD,96192963,5197.885421202796
2211,LOAD,91377613,5471.799750339287
2212,LOAD,95532054,5233.845385549859
2213,LOAD,90520642,5523.602008920794
2214,LOAD,88799349,5630.67190954294
2215,LOAD,88139377,5672.833380703382
2216,LOAD,91035058,5492.389536347634
2217,LOAD,93948555,5322.0616325605015
2218,LOAD,92322838,5415.778054829727
2219,LOAD,96577333,5177.198256240934
2220,LOAD,93072209,5372.172911464904
2221,LOAD,95817091,5218.275724943476
2222,LOAD,92545842,5402.727871879971
2223,LOAD,93698103,5336.287331238713
2224,LOAD,106188722,4708.597962032164
2225,LOAD,92470553,5407.126742283027
2226,LOAD,100547444,4972.776831602005
2227,LOAD,93767652,5332.329319710384
2228,LOAD,92924539,5380.710040433991
2229,LOAD,92192205,5423.452015276129
2230,LOAD,98023086,5100.839204348249
2231,LOAD,92712037,5393.042976717252
2232,LOAD,88178087,5670.343018441758
2233,LOAD,96066984,5204.701752685397
2234,LOAD,103011055,4853.847968065175
2235,LOAD,93722651,5334.889641565944
2236,LOAD,102317909,4886.730044492993
2237,LOAD,95433394,5239.256187409619
2238,LOAD,92214964,5422.113486917372
2239,LOAD,100337448,4983.1843440945395
2240,LOAD,94900081,5268.699401847718
2241,LOAD,91927933,5439.043212251928
2242,LOAD,97137985,5147.31698418492
2243,LOAD,94934023,5266.815670499922
2244,LOAD,95063966,5259.616456565677
2245,LOAD,95254812,5249.078650220841
2246,LOAD,90161256,5545.619284629309
2247,LOAD,91301930,5476.3354947699345
2248,LOAD,100835093,4958.591152387789
2249,LOAD,89077947,5613.061558322624
2250,LOAD,98569297,5072.57346067914
2251,LOAD,94244732,5305.336323732132
2252,LOAD,91756462,5449.207490149304
2253,LOAD,95393668,5241.438037585472
2254,LOAD,96676088,5171.909728080846
2255,LOAD,94415246,5295.75488263834
2256,LOAD,93925038,5323.394173127724
2257,LOAD,95930365,5212.114016245012
2258,LOAD,101302788,4935.698314640659
2259,LOAD,93253120,5361.750899058391
2260,LOAD,94472979,5292.518615296338
2261,LOAD,94985135,5263.981569326611
2262,LOAD,93373401,5354.84404172019
2263,LOAD,93379742,5354.480418247461
2264,LOAD,95331296,5244.867330871071
2265,LOAD,91917114,5439.683408684916
2266,LOAD,94738580,5277.680961652582
2267,LOAD,93254681,5361.661148141186
2268,LOAD,95028918,5261.5562770061215
2269,LOAD,90767045,5508.607226334183
2270,LOAD,95994918,5208.609064075663
2271,LOAD,92155564,5425.608376722647
2272,LOAD,94055227,5316.025657989215
2273,LOAD,92518486,5404.325358285694
2274,LOAD,92382659,5412.2711492857115
2275,LOAD,87722148,5699.814828975688
2276,LOAD,93984279,5320.038684342091
2277,LOAD,92502188,5405.277548678091
2278,LOAD,96041012,5206.109240081726
2279,LOAD,98507669,5075.7469451439365
2280,LOAD,92142593,5426.372144747435
2281,LOAD,92668202,5395.594057171844
2282,LOAD,97159840,5146.159153823226
2283,LOAD,89749676,5571.050752316922
2284,LOAD,97006993,5154.267589760256
2285,LOAD,96699400,5170.6628996663885
2286,LOAD,96755239,5167.678827189916
2287,LOAD,91031678,5492.593468396793
2288,LOAD,96890220,5160.47956130144
2289,LOAD,88232494,5666.846502151464
2290,LOAD,89231149,5603.424427494484
2291,LOAD,103784694,4817.666080896283
2292,LOAD,92659672,5396.090761037876
2293,LOAD,89621661,5579.008405122061
2294,LOAD,91791359,5447.135824625932
2295,LOAD,94083286,5314.440229054074
2296,LOAD,89972142,5557.275717632687
2297,LOAD,92501676,5405.307467077678
2298,LOAD,94620727,5284.254474180905
2299,LOAD,88911673,5623.558562439827
2300,LOAD,94889917,5269.2637511739
2301,LOAD,94201014,5307.798491426005
2302,LOAD,94052774,5316.164305797084
2303,LOAD,100462139,4976.999344997024
2304,LOAD,95531642,5233.8679575925225
2305,LOAD,89959749,5558.041296891569
2306,LOAD,94066133,5315.409319526295
2307,LOAD,97666609,5119.456947665706
2308,LOAD,88484506,5650.706802838454
2309,LOAD,90003970,5555.310504636629
2310,LOAD,90963316,5496.721337643408
2311,LOAD,85486547,5848.873507547334
2312,LOAD,106087309,4713.099094633459
2313,LOAD,94134210,5311.565264105366
2314,LOAD,100588587,4970.742853759344
2315,LOAD,99733202,5013.37558579539
2316,LOAD,95099718,5257.639144629219
2317,LOAD,92587079,5400.321571868576
2318,LOAD,96461093,5183.437015377795
2319,LOAD,93009721,5375.782172274229
2320,LOAD,95823772,5217.911897686516
2321,LOAD,94036494,5317.084662896938
2322,LOAD,97242151,5141.803167229405
2323,LOAD,88800476,5630.600448583181
2324,LOAD,94200314,5307.837933533852
2325,LOAD,92934794,5380.116299606798
2326,LOAD,94832055,5272.478804767017
2327,LOAD,91920853,5439.462142502093
2328,LOAD,102714572,4867.858476789447
2329,LOAD,97185076,5144.822853253724
2330,LOAD,95756713,5221.56603266029
2331,LOAD,92369145,5413.062987645929
2332,LOAD,96260714,5194.227003136502
2333,LOAD,94705027,5279.55078878759
2334,LOAD,99696292,5015.2316597692525
2335,LOAD,88315897,5661.494894854547
2336,LOAD,96539540,5179.225009773198
2337,LOAD,94022547,5317.873382009105
2338,LOAD,96598983,5176.037929923134
2339,LOAD,94809540,5273.730892481916
2340,LOAD,97731886,5116.037564239781
2341,LOAD,88269559,5664.466954003928
2342,LOAD,94644089,5282.950105843377
2343,LOAD,86828052,5758.507630690598
2344,LOAD,95482367,5236.568967755062
2345,LOAD,91180058,5483.6552089054385
2346,LOAD,95667100,5226.45716238916
2347,LOAD,92976471,5377.704645296765
2348,LOAD,97582737,5123.85710189703
2349,LOAD,87772995,5696.512919491924
2350,LOAD,96319957,5191.032217757323
2351,LOAD,89718309,5572.998483509091
2352,LOAD,102060227,4899.06807673473
2353,LOAD,91680485,5453.723330543026
2354,LOAD,90982085,5495.587400530555
2355,LOAD,95874199,5215.167429977693
2356,LOAD,96940094,5157.824583912617
2357,LOAD,92519917,5404.241769909932
2358,LOAD,98026415,5100.665978654835
2359,LOAD,93815353,5329.618063687294
2360,LOAD,96471094,5182.89965696875
2361,LOAD,92574809,5401.037338354109
2362,LOAD,96382456,5187.66610388098
2363,LOAD,88566937,5645.447578253723
2364,LOAD,96788009,5165.929180338858
2365,LOAD,95439041,5238.946187650817
2366,LOAD,96254351,5194.570373239543
2367,LOAD,95132586,5255.822647352402
2368,LOAD,98877927,5056.740317785991
2369,LOAD,97971369,5103.5318287733635
2370,LOAD,96099114,5202.961600665746
2371,LOAD,98994546,5050.7833027488205
2372,LOAD,94790602,5274.784519250125
2373,LOAD,89828084,5566.187964111536
2374,LOAD,95279464,5247.720537134844
2375,LOAD,97103321,5149.1544763953025
2376,LOAD,89671227,5575.92459396145
2377,LOAD,102831368,4862.329556872179
2378,LOAD,93739088,5333.954177151798
2379,LOAD,91033918,5492.458316470571
2380,LOAD,98653877,5068.224536173069
2381,LOAD,94447231,5293.96145028328
2382,LOAD,98984739,5051.283713542953
2383,LOAD,96859677,5162.106828004393
2384,LOAD,97432573,5131.754038764839
2385,LOAD,93136657,5368.455515855588
2386,LOAD,97374484,5134.8153998947
2387,LOAD,85574049,5842.892861128962
2388,LOAD,98628712,5069.517687709437
2389,LOAD,90344761,5534.355223984709
2390,LOAD,95997151,5208.487906062962
2391,LOAD,92371272,5412.938342994779
2392,LOAD,96591843,5176.42053894758
2393,LOAD,86632179,5771.527459790663
2394,LOAD,93948715,5322.05256878713
2395,LOAD,88446815,5653.114812557128
2396,LOAD,96464816,5183.236963827309
2397,LOAD,88452294,5652.764641694878
2398,LOAD,98827947,5059.297649884399
2399,LOAD,87309546,5726.750657940656
2400,LOAD,92082795,5429.895997401035
2401,LOAD,86321426,5792.304682269731
2402,LOAD,89141952,5609.031312215375
2403,LOAD,89817912,5566.818342425951
2404,LOAD,97894657,5107.531047378816
2405,LOAD,91221894,5481.140306076083
2406,LOAD,91477124,5465.847395901952
2407,LOAD,89290690,5599.687940590447
2408,LOAD,97800788,5112.4332454253845
2409,LOAD,89835683,5565.717132689913
2410,LOAD,97761833,5114.470388459267
2411,LOAD,90964633,5496.641755263279
2412,LOAD,97329974,5137.163603886302
2413,LOAD,91702734,5452.400143271628
2414,LOAD,97114960,5148.537362317814
2415,LOAD,90062175,5551.720242154934
2416,LOAD,103871696,4813.630847040372
2417,LOAD,93369618,5355.0610006779725
2418,LOAD,94762287,5276.36062645892
2419,LOAD,89220540,5604.090717227221
2420,LOAD,97724236,5116.43805534586
2421,LOAD,92137903,5426.64835773395
2422,LOAD,97416602,5132.595366034221
2423,LOAD,90721639,5511.364273301985
2424,LOAD,96441047,5184.51443190989
2425,LOAD,93110623,5369.9565515741415
2426,LOAD,94036502,5317.084210554748
2427,LOAD,93014746,5375.491752673281
2428,LOAD,99068467,5047.014606575067
2429,LOAD,94690075,5280.384454231344
2430,LOAD,94661316,5281.988684797072
2431,LOAD,92612265,5398.8529489047705
2432,LOAD,97546396,5125.765999596746
2433,LOAD,91286989,5477.23181011042
2434,LOAD,98341551,5084.3208686021235
2435,LOAD,92186877,5423.765467182493
2436,LOAD,94057110,5315.919232474823
2437,LOAD,98359683,5083.3836054554995
2438,LOAD,101234850,4939.010627269167
2439,LOAD,96036239,5206.367983652504
2440,LOAD,97837676,5110.505691079579
2441,LOAD,90024841,5554.022583611117
2442,LOAD,94568055,5287.197669445564
2443,LOAD,88828383,5628.831496347288
2444,LOAD,93608436,5341.398931181801
2445,LOAD,91222667,5481.093860147719
2446,LOAD,91610580,5457.884886221657
2447,LOAD,87430127,5718.8524957764275
2448,LOAD,90315869,5536.125661371868
2449,LOAD,88927992,5622.52659432589
2450,LOAD,98810845,5060.173303851414
2451,LOAD,94689106,5280.438490991773
2452,LOAD,97385982,5134.209151374579
2453,LOAD,96686568,5171.3491371417795
2454,LOAD,94225763,5306.404364165244
2455,LOAD,88224218,5667.3780888599085
2456,LOAD,97849780,5109.873522454522
2457,LOAD,92636595,5397.434998555377
2458,LOAD,90267535,5539.089995090705
2459,LOAD,90760337,5509.014361636846
2460,LOAD,94815829,5273.381093361531
2461,LOAD,93690156,5336.739966576638
2462,LOAD,97859093,5109.387228839327
2463,LOAD,85259164,5864.472234327796
2464,LOAD,90378435,5532.293184762493
2465,LOAD,96563599,5177.934596244699
2466,LOAD,97030188,5153.035465622307
2467,LOAD,88035097,5679.553008273508
2468,LOAD,100675264,4966.463261521719
2469,LOAD,96143026,5200.585219774547
2470,LOAD,90452490,5527.763801748299
2471,LOAD,89071365,5613.476340011181
2472,LOAD,96262005,5194.157341725845
2473,LOAD,100338207,4983.1466492121
2474,LOAD,99421188,5029.109086887998
2475,LOAD,94865231,5270.634928407016
2476,LOAD,98159214,5093.765318862476
2477,LOAD,91311142,5475.783010139114
2478,LOAD,94796748,5274.442536784068
2479,LOAD,88068321,5677.410382332599
2480,LOAD,93982347,5320.148048654286
2481,LOAD,89734028,5572.022243334491
2482,LOAD,100301473,4984.971656398307
2483,LOAD,85147851,5872.138804771479
2484,LOAD,97711655,5117.096829441688
2485,LOAD,93053094,5373.276465154399
2486,LOAD,97560529,5125.023461076149
2487,LOAD,92207183,5422.571037659832
2488,LOAD,93555903,5344.398204354888
2489,LOAD,92338597,5414.853769112389
2490,LOAD,95488421,5236.236967411996
2491,LOAD,91850926,5443.603257739612
2492,LOAD,99564114,5021.889714199636
2493,LOAD,97381679,5134.436016450281
2494,LOAD,104503963,4784.507550206493
2495,LOAD,89584710,5581.3095783867575
2496,LOAD,97126213,5147.940855060416
2497,LOAD,92536224,5403.289418855043
2498,LOAD,95381430,5242.11054499812
2499,LOAD,97030033,5153.043697305555
2500,LOAD,90587156,5519.546280931924
2501,LOAD,93752760,5333.176324622336
2502,LOAD,96119139,5201.877640622644
2503,LOAD,95750751,5221.891157804078
2504,LOAD,95255417,5249.04531151231
2505,LOAD,94414520,5295.795604320183
2506,LOAD,93211160,5364.164548536892
2507,LOAD,88943273,5621.560609760786
2508,LOAD,95472380,5237.116745178029
2509,LOAD,96635201,5174.097997685129
2510,LOAD,93675413,5337.579883421491
2511,LOAD,101077765,4946.686345904068
2512,LOAD,95255200,5249.057269314431
2513,LOAD,97968755,5103.668001088714
2514,LOAD,89247334,5602.408246727011
2515,LOAD,96119372,5201.86503091177
2516,LOAD,96028949,5206.763223036003
2517,LOAD,91452636,5467.310969582113
2518,LOAD,100082392,4995.883791426568
2519,LOAD,97639446,5120.8811651799015
2520,LOAD,96821844,5164.12391402089
2521,LOAD,95692694,5225.059292405333
2522,LOAD,92730111,5391.991820219001
2523,LOAD,93841085,5328.156638427614
2524,LOAD,88867131,5626.377203512961
2525,LOAD,94538749,5288.836644115102
2526,LOAD,88188795,5669.654517901055
2527,LOAD,94471940,5292.576822281833
2528,LOAD,89106612,5611.255874030987
2529,LOAD,93586977,5342.623685772007
2530,LOAD,87678442,5702.656075937115
2531,LOAD,92225797,5421.476596184904
2532,LOAD,90049135,5552.524185823661
2533,LOAD,98809335,5060.250633201812
2534,LOAD,89629071,5578.547165796241
2535,LOAD,98448494,5078.79785342374
2536,LOAD,85835384,5825.103549370735
2537,LOAD,93749277,5333.374464317202
2538,LOAD,90866903,5502.5535535199215
2539,LOAD,92456130,5407.9702449150745
2540,LOAD,90817685,5505.535623375557
2541,LOAD,96943227,5157.657893934148
2542,LOAD,92013494,5433.985584766512
2543,LOAD,96865076,5161.819105990275
2544,LOAD,88625695,5641.704699748758
2545,LOAD,96487920,5181.99583947918
2546,LOAD,89133013,5609.593832534304
2547,LOAD,93432581,5351.45229478355
2548,LOAD,92814717,5387.076706811486
2549,LOAD,90325258,5535.55020014446
2550,LOAD,95042432,5260.808140936461
2551,LOAD,94224156,5306.494865286987
2552,LOAD,99120437,5044.368398012612
2553,LOAD,89799467,5567.9617786595545
2554,LOAD,98613354,5070.307212144919
2555,LOAD,94978791,5264.33317097077
2556,LOAD,95915005,5212.948693481276
2557,LOAD,90205695,5542.88728666189
2558,LOAD,94935891,5266.712038337535
2559,LOAD,87110200,5739.855952575014
2560,LOAD,98393064,5081.659007996743
2561,LOAD,89394391,5593.1920829350465
2562,LOAD,96439938,5184.574050638647
2563,LOAD,89969251,5557.454290688715
2564,LOAD,92005991,5434.428721060132
2565,LOAD,91336979,5474.234044898726
2566,LOAD,98936584,5053.742304262294
2567,LOAD,95546167,5233.072301058398
2568,LOAD,96446001,5184.248126576032
2569,LOAD,90353306,5533.831822379581
2570,LOAD,96065078,5204.805017698523
2571,LOAD,90564833,5520.906774045507
2572,LOAD,95401625,5241.000873936896
2573,LOAD,92588411,5400.243881493981
2574,LOAD,92847295,5385.186504356427
2575,LOAD,87719197,5700.006578947593
2576,LOAD,96910013,5159.425579687003
2577,LOAD,89126198,5610.022767940803
2578,LOAD,93767141,5332.358379146913
2579,LOAD,88828945,5628.795884044328
2580,LOAD,93751050,5333.273600669006
2581,LOAD,88135008,5673.114592557818
2582,LOAD,96143922,5200.536753638988
2583,LOAD,89639559,5577.894465098831
2584,LOAD,95767703,5220.96682218639
2585,LOAD,89891953,5562.23314004536
2586,LOAD,94204416,5307.606811128684
2587,LOAD,89880080,5562.967901230172
2588,LOAD,95010835,5262.557686183897
2589,LOAD,86477480,5781.8521076238585
2590,LOAD,96305973,5191.785975725514
2591,LOAD,89019135,5616.769922556538
2592,LOAD,94638086,5283.285209297238
2593,LOAD,87264697,5729.6938760928715
2594,LOAD,97248954,5141.443475062981
2595,LOAD,92293091,5417.5236150667015
2596,LOAD,97643265,5120.680878501963
2597,LOAD,88618488,5642.163517842913
2598,LOAD,94456059,5293.466668983087
2599,LOAD,86830203,5758.364978140152
2600,LOAD,100486877,4975.7741003335195
2601,LOAD,96723732,5169.3621581929865
2602,LOAD,95977060,5209.578205458679
2603,LOAD,92396911,5411.436319554016
2604,LOAD,94830111,5272.586889622011
2605,LOAD,88830714,5628.68379060873
2606,LOAD,95923254,5212.500401623156
2607,LOAD,89446808,5589.9143991812425
2608,LOAD,92161703,5425.246970533954
2609,LOAD,97403868,5133.266370900179
2610,LOAD,96645824,5173.529277374675
2611,LOAD,90293995,5537.4668049630545
2612,LOAD,89738138,5571.76704513303
2613,LOAD,90472005,5526.571451577755
2614,LOAD,94559488,5287.676684543808
2615,LOAD,90237851,5540.912094637538
2616,LOAD,91630180,5456.717426507293
2617,LOAD,96047455,5205.760006863274
2618,LOAD,95913373,5213.037393648955
2619,LOAD,96063479,5204.891652945445
2620,LOAD,89165550,5607.54686086723
2621,LOAD,96406988,5186.346035413948
2622,LOAD,89294847,5599.42725474405
2623,LOAD,93292160,5359.507165446699
2624,LOAD,85940783,5817.9595594329185
2625,LOAD,92041515,5432.331269210421
2626,LOAD,97065009,5151.186871058756
2627,LOAD,95924704,5212.421609348933
2628,LOAD,91096823,5488.66561460656
2629,LOAD,95746526,5222.1215838160015
2630,LOAD,92412417,5410.528327594765
2631,LOAD,99043218,5048.301237546623
2632,LOAD,92333608,5415.146346279461
2633,LOAD,95608707,5229.649220128037
2634,LOAD,91895753,5440.947853161397
2635,LOAD,96880444,5161.000294342169
2636,LOAD,92375497,5412.690770150877
2637,LOAD,95731087,5222.963779780334
2638,LOAD,96524965,5180.007058277618
2639,LOAD,91384762,5471.371693236997
2640,LOAD,93184203,5365.71633284238
2641,LOAD,93925475,5323.369405371653
2642,LOAD,91177591,5483.803580640774
2643,LOAD,99818848,5009.074037800958
2644,LOAD,95877935,5214.96421465481
2645,LOAD,91489404,5465.113752407875
2646,LOAD,95648287,5227.485150884092
2647,LOAD,90680008,5513.894528990337
2648,LOAD,92850624,5384.993427723221
2649,LOAD,91222218,5481.12083834664
2650,LOAD,96667993,5172.3428249927565
2651,LOAD,95586578,5230.859922613821
2652,LOAD,95896093,5213.976757113556
2653,LOAD,89381854,5593.976602901971
2654,LOAD,94265849,5304.147846798685
2655,LOAD,90972400,5496.172465495029
2656,LOAD,107501421,4651.1013096282695
2657,LOAD,94249075,5305.091853686628
2658,LOAD,96143337,5200.5683971630815
2659,LOAD,85476267,5849.576935782654
2660,LOAD,89966053,5557.651840077946
2661,LOAD,93990404,5319.691997493701
2662,LOAD,94398909,5296.671384200002
2663,LOAD,90031417,5553.6169113055275
2664,LOAD,94870537,5270.340147858549
2665,LOAD,92150113,5425.929320347116
2666,LOAD,93905597,5324.496259791629
2667,LOAD,90538037,5522.5407637234275
2668,LOAD,91104269,5488.21702306837
2669,LOAD,89958459,5558.120998937966
2670,LOAD,96281805,5193.089182322662
2671,LOAD,90822456,5505.246411746452
2672,LOAD,95417128,5240.149336710281
2673,LOAD,90024178,5554.063487255613
2674,LOAD,88397702,5656.255634337644
2675,LOAD,91986813,5435.561725570382
2676,LOAD,107309728,4659.409816042027
2677,LOAD,89968680,5557.489561923105
2678,LOAD,86696748,5767.229008405252
2679,LOAD,97064981,5151.188357003851
2680,LOAD,96639066,5173.891063889214
2681,LOAD,91271360,5478.169712821195
2682,LOAD,90124426,5547.88554215036
2683,LOAD,93824708,5329.086662332059
2684,LOAD,89715687,5573.161358057705
2685,LOAD,92494458,5405.729281639771
2686,LOAD,93145692,5367.934783285523
2687,LOAD,97932359,5105.564750053657
2688,LOAD,97859692,5109.35595423701
2689,LOAD,98377357,5082.470349350817
2690,LOAD,94985624,5263.954469573207
2691,LOAD,96019286,5207.287211029668
2692,LOAD,90134098,5547.290216406226
2693,LOAD,90034777,5553.409656359786
2694,LOAD,92983358,5377.306334752935
2695,LOAD,93766583,5332.390111730957
2696,LOAD,91531436,5462.604126521079
2697,LOAD,93898855,5324.878562150731
2698,LOAD,88765771,5632.8018600773485
2699,LOAD,90095341,5549.6765365481
2700,LOAD,88886978,5625.120926037107
2701,LOAD,94262504,5304.33606983324
2702,LOAD,90504376,5524.594744457439
2703,LOAD,91390725,5471.014700890052
2704,LOAD,91657060,5455.117150822861
2705,LOAD,90919435,5499.374253700543
2706,LOAD,93833369,5328.594777408024
2707,LOAD,97825621,5111.135456017192
2708,LOAD,90631296,5516.858106056434
2709,LOAD,89004332,5617.704091077275
2710,LOAD,94806380,5273.906671681801
2711,LOAD,87742886,5698.467679761525
2712,LOAD,96109219,5202.41455713005
2713,LOAD,95926550,5212.32130207956
2714,LOAD,95630274,5228.469804447072
2715,LOAD,87270302,5729.325882245715
2716,LOAD,96247890,5194.919078226027
2717,LOAD,95449659,5238.363397400927
2718,LOAD,92169121,5424.810333170043
2719,LOAD,89106753,5611.246994938756
2720,LOAD,94316222,5301.314974215146
2721,LOAD,89938840,5559.3334314741
2722,LOAD,95648984,5227.447057879883
2723,LOAD,94945357,5266.186950036957
2724,LOAD,95466708,5237.4278999963
2725,LOAD,97084828,5150.135302294608
2726,LOAD,92275824,5418.537362505698
2727,LOAD,95586861,5230.8444358268025
2728,LOAD,92079288,5430.102804443927
2729,LOAD,96306311,5191.767754451731
2730,LOAD,91298150,5476.562230450453
2731,LOAD,93663192,5338.276320969288
2732,LOAD,98003963,5101.834504386317
2733,LOAD,96042179,5206.045981110028
2734,LOAD,93648734,5339.100473050709
2735,LOAD,97977769,5103.198461275435
2736,LOAD,94405453,5296.304229375394
2737,LOAD,89568310,5582.331518815081
2738,LOAD,95750562,5221.90146518409
2739,LOAD,96119559,5201.854910715934
2740,LOAD,97316422,5137.8789902489425
2741,LOAD,93003450,5376.144648397451
2742,LOAD,91269399,5478.287415916917
2743,LOAD,91810054,5446.026641047395
2744,LOAD,100548815,4972.709026953724
2745,LOAD,90639551,5516.355658028358
2746,LOAD,95387107,5241.798558792647
2747,LOAD,90412248,5530.224179361186
2748,LOAD,90839290,5504.226199918559
2749,LOAD,90015655,5554.589365594241
2750,LOAD,94347301,5299.56866492662
2751,LOAD,92583919,5400.505891309267
2752,LOAD,92449589,5408.352870016545
2753,LOAD,94868553,5270.450367257104
2754,LOAD,91565737,5460.5578066826465
2755,LOAD,90841663,5504.082416456863
2756,LOAD,95756325,5221.5871901934415
2757,LOAD,94776628,5275.562240935603
2758,LOAD,88734055,5634.815178907354
2759,LOAD,94208055,5307.401792766022
2760,LOAD,91521460,5463.199559972054
2761,LOAD,94825052,5272.868186774103
2762,LOAD,92941028,5379.755429432091
2763,LOAD,92591133,5400.085124781874
2764,LOAD,92258160,5419.5748105099865
2765,LOAD,93020363,5375.167155604413
2766,LOAD,91785038,5447.5109548900555
2767,LOAD,94825088,5272.866184948861
2768,LOAD,95417367,5240.136211262254
2769,LOAD,93170737,5366.491841746406
2770,LOAD,89352174,5595.834747120983
2771,LOAD,94850269,5271.46633606279
2772,LOAD,93164547,5366.848399960556
2773,LOAD,84610843,5909.4080885117755
2774,LOAD,88483809,5650.75131428847
2775,LOAD,94743053,5277.4317922813825
2776,LOAD,94357359,5299.0037586787475
2777,LOAD,95215193,5251.262789542421
2778,LOAD,91046197,5491.717572783408
2779,LOAD,93827431,5328.932004969847
2780,LOAD,93066427,5372.506672035449
2781,LOAD,95587870,5230.789220431421
2782,LOAD,89996834,5555.75099452943
2783,LOAD,93713020,5335.437914603542
2784,LOAD,94797693,5274.38995799191
2785,LOAD,95717489,5223.70577439615
2786,LOAD,89883436,5562.760195326757
2787,LOAD,92501440,5405.321257701502
2788,LOAD,105977177,4717.99697023445
2789,LOAD,97771022,5113.989705456899
2790,LOAD,94234175,5305.930677485106
2791,LOAD,97477828,5129.3715736054355
2792,LOAD,97151168,5146.618515178326
2793,LOAD,96406568,5186.368629987948
2794,LOAD,91533369,5462.488767347785
2795,LOAD,96959667,5156.783387055156
2796,LOAD,97368051,5135.15465149857
2797,LOAD,96760838,5167.379802973596
2798,LOAD,93635761,5339.84019203945
2799,LOAD,98104249,5096.619209632806
2800,LOAD,96940829,5157.785477572097
2801,LOAD,97621596,5121.817512592193
2802,LOAD,91554152,5461.2487700175525
2803,LOAD,100211094,4989.467533405034
2804,LOAD,99732171,5013.427412504637
2805,LOAD,99814263,5009.304131214193
2806,LOAD,97696460,5117.8927056313
2807,LOAD,97899730,5107.266383676441
2808,LOAD,96009795,5207.8019747880935
2809,LOAD,93997978,5319.263356920294
2810,LOAD,95662195,5226.725144661378
2811,LOAD,97804526,5112.237852878096
2812,LOAD,90189044,5543.910632870219
2813,LOAD,91964791,5436.863331750517
2814,LOAD,94780067,5275.370822432527
2815,LOAD,96463098,5183.329276859841
2816,LOAD,91364290,5472.597663704277
2817,LOAD,97249838,5141.39673939611
2818,LOAD,94483713,5291.917348760416
2819,LOAD,93621564,5340.649938298403
2820,LOAD,94091083,5313.999839921069
2821,LOAD,99497714,5025.24108242326
2822,LOAD,96126902,5201.4575482730115
2823,LOAD,101001589,4950.417166209138
2824,LOAD,93603202,5341.697605601142
2825,LOAD,97104346,5149.100123695802
2826,LOAD,91135232,5486.352413082132
2827,LOAD,92249010,5420.1123676015595
2828,LOAD,96871914,5161.454743218968
2829,LOAD,92947742,5379.366827437292
2830,LOAD,97685374,5118.473518870901
2831,LOAD,95939316,5211.627733514381
2832,LOAD,91400936,5470.403497837266
2833,LOAD,94828358,5272.684358828611
2834,LOAD,91986371,5435.587843768725
2835,LOAD,98638409,5069.019310723067
2836,LOAD,93006225,5375.98424191499
2837,LOAD,100621651,4969.109481218908
2838,LOAD,109703091,4557.756718085546
2839,LOAD,93946832,5322.159240026316
2840,LOAD,90964657,5496.640305036273
2841,LOAD,96662674,5172.627440453385
2842,LOAD,92757816,5390.381334549748
2843,LOAD,98183700,5092.494986438686
2844,LOAD,90483839,5525.848654586815
2845,LOAD,91934176,5438.673861611595
2846,LOAD,88999917,5617.982767332243
2847,LOAD,92427430,5409.649494744146
2848,LOAD,91827237,5445.007563496656
2849,LOAD,90752915,5509.464902587426
2850,LOAD,95111621,5256.981163216638
2851,LOAD,91225541,5480.921181930837
2852,LOAD,96459335,5183.531485055334
2853,LOAD,97514866,5127.423340765294
2854,LOAD,98040429,5099.936884201108
2855,LOAD,91449871,5467.476274515467
2856,LOAD,90558736,5521.278477208428
2857,LOAD,95681378,5225.677247248676
2858,LOAD,92783771,5388.873448568931
2859,LOAD,109386303,4570.956200978838
2860,LOAD,94069753,5315.204771506097
2861,LOAD,100261499,4986.959151687927
2862,LOAD,98485989,5076.864283710448
2863,LOAD,102978508,4855.382057001641
2864,LOAD,90928685,5498.814812949291
2865,LOAD,90741513,5510.157186821428
2866,LOAD,97037979,5152.621737927992
2867,LOAD,97347939,5136.215570008112
2868,LOAD,97489819,5128.740673936424
2869,LOAD,100470527,4976.583829405015
2870,LOAD,90890591,5501.119472311496
2871,LOAD,89377902,5594.223950345131
2872,LOAD,95651854,5227.290210182439
2873,LOAD,90077451,5550.778740397528
2874,LOAD,96442638,5184.428903738613
2875,LOAD,93208761,5364.302610995977
2876,LOAD,95723179,5223.395265633624
2877,LOAD,95338951,5244.446207510717
2878,LOAD,91665899,5454.591134266845
2879,LOAD,91949810,5437.7491372739105
2880,LOAD,96039773,5206.17640360312
2881,LOAD,91413687,5469.640448918771
2882,LOAD,98933318,5053.909139082953
2883,LOAD,96620757,5174.8714823254795
2884,LOAD,91844481,5443.985251547124
2885,LOAD,94337645,5300.111106229119
2886,LOAD,92489779,5406.002754098915
2887,LOAD,96659261,5172.810083867701
2888,LOAD,95253023,5249.17723608625
2889,LOAD,90931946,5498.617614539999
2890,LOAD,91649454,5455.569871698308
2891,LOAD,98650587,5068.39356161155
2892,LOAD,98456617,5078.378835624629
2893,LOAD,93073604,5372.092392597153
2894,LOAD,94040747,5316.844197335013
2895,LOAD,89865369,5563.878561495697
2896,LOAD,91812175,5445.900829601303
2897,LOAD,99666815,5016.714941678431
2898,LOAD,96330508,5190.463648338697
2899,LOAD,94389387,5297.205712332891
2900,LOAD,95430784,5239.399479312671
2901,LOAD,94077587,5314.7621654029035
2902,LOAD,103397766,4835.694419161821
2903,LOAD,94758959,5276.545935883487
2904,LOAD,99489480,5025.656984034895
2905,LOAD,95157429,5254.450495925021
2906,LOAD,94683066,5280.7753394889005
2907,LOAD,98993032,5050.860549457663
2908,LOAD,96955419,5157.009326111004
2909,LOAD,96161055,5199.610174825973
2910,LOAD,98244165,5089.3607778131145
2911,LOAD,95144697,5255.153631946508
2912,LOAD,95490194,5236.13974435951
2913,LOAD,89181379,5606.551564985332
2914,LOAD,96811892,5164.654771957147
2915,LOAD,94524802,5289.617004434455
2916,LOAD,94113944,5312.709028536728
2917,LOAD,91228122,5480.766117272478
2918,LOAD,96644300,5173.610859616139
2919,LOAD,92886826,5382.894663663069
2920,LOAD,98616015,5070.1703977797115
2921,LOAD,96284040,5192.968637377493
2922,LOAD,103174365,4846.165033339435
2923,LOAD,98666158,5067.593693067485
2924,LOAD,91524913,5462.993447478065
2925,LOAD,96754082,5167.740623077794
2926,LOAD,95949242,5211.088587859818
2927,LOAD,93501069,5347.532443719975
2928,LOAD,97970074,5103.5992889012205
2929,LOAD,92027238,5433.174034843901
2930,LOAD,97710320,5117.166743492397
2931,LOAD,102071521,4898.526005113611
2932,LOAD,107496224,4651.326171233698
2933,LOAD,94555323,5287.909597643699
2934,LOAD,98721470,5064.754404487697
2935,LOAD,97887103,5107.925198276631
2936,LOAD,100386471,4980.750842411822
2937,LOAD,98523918,5074.909830524604
2938,LOAD,98138758,5094.827061088342
2939,LOAD,91874150,5442.227220605578
2940,LOAD,93923553,5323.4783398792415
2941,LOAD,99471883,5026.5460441721
2942,LOAD,97611325,5122.356447881432
2943,LOAD,92496606,5405.603747233709
2944,LOAD,100580698,4971.132731649963
2945,LOAD,94358712,5298.927776801362
2946,LOAD,100524340,4973.919749187113
2947,LOAD,92079800,5430.072610930953
2948,LOAD,100687847,4965.84260064673
2949,LOAD,93806066,5330.145707208317
2950,LOAD,94235448,5305.859001169072
2951,LOAD,92876841,5383.473367704227
2952,LOAD,95429330,5239.479308929445
2953,LOAD,91498275,5464.583895160865
2954,LOAD,96956381,5156.95815832895
2955,LOAD,91745130,5449.880554967877
2956,LOAD,96982710,5155.558140208704
2957,LOAD,91497187,5464.648874943008
2958,LOAD,102780293,4864.7458127016625
2959,LOAD,92788742,5388.584748783424
2960,LOAD,97817551,5111.557127411624
2961,LOAD,91288046,5477.168390700355
2962,LOAD,97225831,5142.666252963166
2963,LOAD,97983220,5102.914560268585
2964,LOAD,93336271,5356.974246378452
2965,LOAD,98986580,5051.189767340178
2966,LOAD,97718793,5116.723044256185
2967,LOAD,99835182,5008.254504909903
2968,LOAD,93754038,5333.103625893959
2969,LOAD,96066354,5204.7358849488555
2970,LOAD,93117314,5369.570690151136
2971,LOAD,97777765,5113.637031895748
2972,LOAD,94106293,5313.140960721936
2973,LOAD,101810808,4911.069952416054
2974,LOAD,92039404,5432.455864229629
2975,LOAD,101519890,4925.143240403432
2976,LOAD,96079511,5204.023155363478
2977,LOAD,101343344,4933.723126404829
2978,LOAD,95855606,5216.179009916227
2979,LOAD,98960019,5052.545513355247
2980,LOAD,92055681,5431.495314232698
2981,LOAD,99463744,5026.957360462924
2982,LOAD,97276340,5139.996015475089
2983,LOAD,94443388,5294.176867098415
2984,LOAD,101525282,4924.881666420783
2985,LOAD,101339444,4933.912998378006
2986,LOAD,98482628,5077.03754615484
2987,LOAD,95398810,5241.1555238477295
2988,LOAD,99660649,5017.02532561272
2989,LOAD,101218079,4939.828980551982
2990,LOAD,100390144,4980.568610400639
2991,LOAD,100947462,4953.071529425871
2992,LOAD,100495666,4975.338936506973
2993,LOAD,101853236,4909.024196344631
2994,LOAD,100880400,4956.364169848652
2995,LOAD,95900743,5213.723943723772
2996,LOAD,99320937,5034.185289653479
2997,LOAD,98511570,5075.545948562184
2998,LOAD,98859727,5057.671259804309
2999,LOAD,97666403,5119.4677457303305
3000,LOAD,92015831,5433.8475734680915
3001,LOAD,97205021,5143.767213424088
3002,LOAD,100149158,4992.553207486777
3003,LOAD,99411288,5029.609917135365
3004,LOAD,95760403,5221.364826545268
3005,LOAD,100944417,4953.22093940074
3006,LOAD,93418457,5352.261384492787
3007,LOAD,98971398,5051.964609007544
3008,LOAD,92224985,5421.524329876552
3009,LOAD,97134907,5147.4800917861585
3010,LOAD,93208719,5364.305028159437
3011,LOAD,99892468,5005.382387789237
3012,LOAD,95261660,5248.701313833918
3013,LOAD,101654124,4918.639601871932
3014,LOAD,97665883,5119.495003183456
3015,LOAD,101820071,4910.623171732025
3016,LOAD,95537317,5233.55706126853
3017,LOAD,99740785,5012.994433520851
3018,LOAD,101206716,4940.383600629824
3019,LOAD,97964033,5103.9140048470645
3020,LOAD,107975968,4630.660037240879
3021,LOAD,94337722,5300.1067801912795
3022,LOAD,104750027,4773.268459396197
3023,LOAD,100999720,4950.508773687689
3024,LOAD,99584902,5020.841412285569
3025,LOAD,96853877,5162.41595573918
3026,LOAD,101406423,4930.654146039645
3027,LOAD,103395047,4835.8215843743465
3028,LOAD,101424240,4929.787987565891
3029,LOAD,99203040,5040.168123880075
3030,LOAD,99068548,5047.010480056698
3031,LOAD,103920718,4811.360137061409
3032,LOAD,97015631,5153.808668213476
3033,LOAD,103075767,4850.800673644271
3034,LOAD,101613941,4920.584666625616
3035,LOAD,101306456,4935.5196079507505
3036,LOAD,99168976,5041.899394020162
3037,LOAD,102726708,4867.283394304819
3038,LOAD,103061823,4851.456974519071
3039,LOAD,103082212,4850.497387463901
3040,LOAD,99197596,5040.444730132372
3041,LOAD,122803689,4071.538925837969
3042,LOAD,103334053,4838.675978382461
3043,LOAD,100453005,4977.451894047371
3044,LOAD,98324973,5085.178106278249
3045,LOAD,98991370,5050.945350084558
3046,LOAD,103774471,4818.140677392612
3047,LOAD,105170025,4754.206343489982
3048,LOAD,103796812,4817.103631275304
3049,LOAD,105372650,4745.064302738898
3050,LOAD,104186184,4799.100809758039
3051,LOAD,101913507,4906.121030650039
3052,LOAD,102568015,4874.81404412477
3053,LOAD,106143032,4710.624810491564
3054,LOAD,101516247,4925.319983509635
3055,LOAD,104380367,4790.172849267717
3056,LOAD,100972721,4951.832485528444
3057,LOAD,101291636,4936.241724835009
3058,LOAD,91734822,5450.492943671924
3059,LOAD,97307198,5138.366023035624
3060,LOAD,103242333,4842.974635220613
3061,LOAD,104991648,4762.283567546249
3062,LOAD,103159559,4846.860580317138
3063,LOAD,106314837,4703.012430898991
3064,LOAD,96422799,5185.495600475153
3065,LOAD,99966643,5001.668406530366
3066,LOAD,97476422,5129.4455596657
3067,LOAD,103552009,4828.491545731382
3068,LOAD,109338570,4572.9517040510045
3069,LOAD,100168081,4991.610051908651
3070,LOAD,104521278,4783.714948452888
3071,LOAD,94430103,5294.921684031203
3072,LOAD,100350817,4982.520471158696
3073,LOAD,95384040,5241.967104769309
3074,LOAD,111102970,4500.329739159988
3075,LOAD,103738856,4819.794812466411
3076,LOAD,105173025,4754.07073249058
3077,LOAD,99308483,5034.81661279631
3078,LOAD,102399272,4882.847213991912
3079,LOAD,93179763,5365.972008321162
3080,LOAD,99909647,5004.521735523697
3081,LOAD,98528101,5074.6943757700155
3082,LOAD,104594326,4780.374032908821
3083,LOAD,101669405,4917.900326061709
3084,LOAD,100918377,4954.499020530225
3085,LOAD,103953492,4809.843232587126
3086,LOAD,102411746,4882.252471313203
3087,LOAD,97936613,5105.342983425412
3088,LOAD,92562728,5401.742264985967
3089,LOAD,102370703,4884.209889620471
3090,LOAD,101590229,4921.733171799426
3091,LOAD,100588297,4970.757184605681
3092,LOAD,96002827,5208.17996328379
3093,LOAD,95888591,5214.384681072225
3094,LOAD,100990198,4950.975539230055
3095,LOAD,98144985,5094.503809848256
3096,LOAD,100175264,4991.25213186361
3097,LOAD,93985642,5319.961531996557
3098,LOAD,105749951,4728.134578520987
3099,LOAD,95677975,5225.86311008359
3100,LOAD,100393044,4980.424739387323
3101,LOAD,99686356,5015.731541034563
3102,LOAD,99193564,5040.649613114012
3103,LOAD,97293591,5139.0846494708985
3104,LOAD,104622808,4779.072647333266
3105,LOAD,93294289,5359.384860095777
3106,LOAD,103542899,4828.916370209028
3107,LOAD,100812927,4959.681410698452
3108,LOAD,100118990,4994.057570896391
3109,LOAD,96870561,5161.526833730219
3110,LOAD,100831560,4958.764894642114
3111,LOAD,86151348,5803.739716295559
3112,LOAD,98698157,5065.9507248955015
3113,LOAD,94465977,5292.910906960714
3114,LOAD,101905720,4906.495925842043
3115,LOAD,93512665,5346.86932513366
3116,LOAD,105741602,4728.507896069137
3117,LOAD,99838963,5008.064837372159
3118,LOAD,99267801,5036.879984880496
3119,LOAD,102696470,4868.716519662263
3120,LOAD,97059349,5151.487261675328
3121,LOAD,92275409,5418.56173186943
3122,LOAD,103241598,4843.009113438946
3123,LOAD,90127232,5547.712815589411
3124,LOAD,97279189,5139.845481236485
3125,LOAD,98893617,5055.938038953515
3126,LOAD,93401272,5353.246152793294
3127,LOAD,98271470,5087.946684831315
3128,LOAD,96303817,5191.902206742231
3129,LOAD,90631183,5516.864984538489
3130,LOAD,97937730,5105.284755936246
3131,LOAD,91711742,5451.864604207387
3132,LOAD,97366343,5135.244732360956
3133,LOAD,90119760,5548.172786967031
3134,LOAD,96015556,5207.489503055109
3135,LOAD,90769180,5508.477657284113
3136,LOAD,97267249,5140.4764207940125
3137,LOAD,94524727,5289.621201444993
3138,LOAD,96354960,5189.146464281652
3139,LOAD,90834330,5504.526757669705
3140,LOAD,98186456,5092.352044970438
3141,LOAD,101600838,4921.219252148295
3142,LOAD,98723958,5064.626764660307
3143,LOAD,98278293,5087.593452605043
3144,LOAD,94145214,5310.944431014836
3145,LOAD,94697229,5279.985542132389
3146,LOAD,95778626,5220.371401026363
3147,LOAD,96934258,5158.135114625832
3148,LOAD,90785121,5507.510421228606
3149,LOAD,95401954,5240.982799995899
3150,LOAD,98380591,5082.303276669684
3151,LOAD,98173332,5093.032800394306
3152,LOAD,95172781,5253.602918254537
3153,LOAD,97867271,5108.960277435344
3154,LOAD,93876286,5326.158727668455
3155,LOAD,96013100,5207.622709817723
3156,LOAD,93248235,5362.031785373739
3157,LOAD,99351214,5032.651135999204
3158,LOAD,97107385,5148.938981314345
3159,LOAD,98437611,5079.359351782725
3160,LOAD,91020525,5493.266491266667
3161,LOAD,101954551,4904.14596598047
3162,LOAD,96263027,5194.102196682429
3163,LOAD,101233051,4939.098397814761
3164,LOAD,95319349,5245.524704538215
3165,LOAD,103046698,4852.169062224584
3166,LOAD,94388494,5297.255828660642
3167,LOAD,95730615,5222.989531614311
3168,LOAD,90360804,5533.372633559126
3169,LOAD,96008205,5207.88822163689
3170,LOAD,93087089,5371.314167961574
3171,LOAD,97526544,5126.809374071535
3172,LOAD,101605295,4921.00337881013
3173,LOAD,97732750,5115.99233624348
3174,LOAD,94709034,5279.327418755005
3175,LOAD,102883046,4859.887216014191
3176,LOAD,92670541,5395.4578726372165
3177,LOAD,100649369,4967.741029752506
3178,LOAD,92269303,5418.920309823951
3179,LOAD,100299543,4985.067579021771
3180,LOAD,97157796,5146.267418416943
3181,LOAD,97745886,5115.30480167728
3182,LOAD,90952126,5497.3976089354965
3183,LOAD,97816272,5111.6239637511435
3184,LOAD,90887211,5501.324053171794
3185,LOAD,95388896,5241.70024989072
3186,LOAD,93951187,5321.912537411582
3187,LOAD,96490931,5181.834135272256
3188,LOAD,89644552,5577.583788917815
3189,LOAD,96948549,5157.37476380384
3190,LOAD,92371279,5412.937932796189
3191,LOAD,96128894,5201.349762746671
3192,LOAD,91399114,5470.512547856864
3193,LOAD,97403146,5133.304421193952
3194,LOAD,91753848,5449.362734083915
3195,LOAD,96520052,5180.27072757897
3196,LOAD,90709337,5512.111724507478
3197,LOAD,96699076,5170.680224493562
3198,LOAD,90908657,5500.026251625299
3199,LOAD,98719429,5064.8591170437185
3200,LOAD,92325725,5415.60870494112
3201,LOAD,94308944,5301.724086741974
3202,LOAD,91923211,5439.322610259992
3203,LOAD,102440686,4880.8732108646755
3204,LOAD,91348910,5473.5190600522765
3205,LOAD,96324797,5190.771385690021
3206,LOAD,88422666,5654.658727435339
3207,LOAD,96302414,5191.977845955139
3208,LOAD,88925846,5622.6622797606
3209,LOAD,94112295,5312.802115812818
3210,LOAD,90534079,5522.782200059714
3211,LOAD,94106958,5313.103415796311
3212,LOAD,91757880,5449.1232796572895
3213,LOAD,101051177,4947.987889344426
3214,LOAD,95567243,5231.9182211838
3215,LOAD,87629150,5705.863859229492
3216,LOAD,108324601,4615.756673777178
3217,LOAD,98881378,5056.563835508037
3218,LOAD,95921257,5212.608921503187
3219,LOAD,94374497,5298.041482541624
3220,LOAD,96807215,5164.904289416858
3221,LOAD,89332284,5597.08067018638
3222,LOAD,89076555,5613.14927367813
3223,LOAD,99994857,5000.257163225904
3224,LOAD,96950218,5157.285979491042
3225,LOAD,96567972,5177.7001177988905
3226,LOAD,98979898,5051.5307663784415
3227,LOAD,95106874,5257.243551081282
3228,LOAD,96909110,5159.473655263164
3229,LOAD,93255008,5361.642347400796
3230,LOAD,92923569,5380.766207978947
3231,LOAD,91729849,5450.788434198775
3232,LOAD,97759504,5114.5922344286855
3233,LOAD,93010412,5375.742234106005
3234,LOAD,94563107,5287.474321248772
3235,LOAD,93176054,5366.185608160655
3236,LOAD,95712819,5223.960648364145
3237,LOAD,91643804,5455.906217074969
3238,LOAD,97505552,5127.913126423817
3239,LOAD,89849794,5564.843031248352
3240,LOAD,92249493,5420.083988971083
3241,LOAD,87505113,5713.951823592297
3242,LOAD,89948705,5558.723719257548
3243,LOAD,94211015,5307.235040403715
3244,LOAD,95305738,5246.273839251945
3245,LOAD,90555956,5521.447976320851
3246,LOAD,92129016,5427.171826083543
3247,LOAD,93224678,5363.386720413237
3248,LOAD,92204810,5422.710593948407
3249,LOAD,95240356,5249.875378458266
3250,LOAD,94093462,5313.86548408645
3251,LOAD,96393191,5187.0883701733665
3252,LOAD,91282052,5477.528046805959
3253,LOAD,95779104,5220.345347979033
3254,LOAD,90475258,5526.3727460163755
3255,LOAD,94315163,5301.374499029387
3256,LOAD,90714146,5511.819512692099
3257,LOAD,95366769,5242.916429306732
3258,LOAD,90603068,5518.5769205961105
3259,LOAD,96724618,5169.314806702055
3260,LOAD,95990078,5208.871691926326
3261,LOAD,96856129,5162.295924504685
3262,LOAD,92443237,5408.72449111664
3263,LOAD,95714862,5223.849144764999
3264,LOAD,91773524,5448.19440517507
3265,LOAD,93038822,5374.100716795404
3266,LOAD,92426332,5409.713759927204
3267,LOAD,94749913,5277.049700298933
3268,LOAD,95388180,5241.739594989652
3269,LOAD,94331383,5300.462943493578
3270,LOAD,94397056,5296.7753570619825
3271,LOAD,96192330,5197.919626232154
3272,LOAD,91099198,5488.522522448551
3273,LOAD,96400980,5186.669264150634
3274,LOAD,92837025,5385.782235051156
3275,LOAD,97075673,5150.62100058786
3276,LOAD,93766741,5332.381126480656
3277,LOAD,100697608,4965.361242741735
3278,LOAD,96917330,5159.036056812543
3279,LOAD,92668223,5395.592834449842
3280,LOAD,95327350,5245.084437991825
3281,LOAD,98762925,5062.628511660626
3282,LOAD,90955016,5497.222934906636
3283,LOAD,97534542,5126.388966895441
3284,LOAD,98098954,5096.894305315427
3285,LOAD,94263749,5304.2660121655035
3286,LOAD,96638503,5173.921206126299
3287,LOAD,97772206,5113.927776161663
3288,LOAD,93863271,5326.897248232485
3289,LOAD,93205908,5364.466810408628
3290,LOAD,93213635,5364.022119725296
3291,LOAD,94928224,5267.137411103362
3292,LOAD,92104419,5428.621182660085
3293,LOAD,95766997,5221.00531146445
3294,LOAD,96538387,5179.286867513127
3295,LOAD,97703449,5117.526608502838
3296,LOAD,90435634,5528.794103439359
3297,LOAD,91677170,5453.920534414402
3298,LOAD,96880126,5161.017234845463
3299,LOAD,97934032,5105.47753205954
3300,LOAD,93395898,5353.554178578593
3301,LOAD,96991486,5155.09165412725
3302,LOAD,92803741,5387.713842268492
3303,LOAD,96966914,5156.397985399432
3304,LOAD,95770105,5220.83587566287
3305,LOAD,97140944,5147.160192307787
3306,LOAD,93174149,5366.295322965601
3307,LOAD,97074708,5150.672201867453
3308,LOAD,93302212,5358.929753991256
3309,LOAD,96819056,5164.27262005116
3310,LOAD,98557245,5073.193756582787
3311,LOAD,97186842,5144.7293657303935
3312,LOAD,92035631,5432.678567716887
3313,LOAD,97525274,5126.876136743794
3314,LOAD,92317259,5416.105346022026
3315,LOAD,97292229,5139.1565918383885
3316,LOAD,91432004,5468.544690325282
3317,LOAD,99165323,5042.085124857607
3318,LOAD,96613012,5175.286326856262
3319,LOAD,94929840,5267.047748105338
3320,LOAD,97958164,5104.21979734124
3321,LOAD,103072078,4850.9742861689465
3322,LOAD,91533635,5462.472893161076
3323,LOAD,92821705,5386.671145504169
3324,LOAD,95935120,5211.8556791298115
3325,LOAD,95939549,5211.615076489467
3326,LOAD,93291206,5359.561972004092
3327,LOAD,96648166,5173.403911254767
3328,LOAD,94902610,5268.558999589158
3329,LOAD,99570475,5021.568893791056
3330,LOAD,95034350,5261.255535498481
3331,LOAD,97366653,5135.228382555165
3332,LOAD,92301640,5417.021842732155
3333,LOAD,99469247,5026.679250924661
3334,LOAD,100253888,4987.3377479385135
3335,LOAD,99946015,5002.700707977201
3336,LOAD,95949927,5211.051385166765
3337,LOAD,103233207,4843.402762833862
3338,LOAD,95788292,5219.84461316003
3339,LOAD,97626682,5121.5506842688765
3340,LOAD,96859251,5162.129531643807
3341,LOAD,89730512,5572.240577430339
3342,LOAD,99840788,5007.973294441546
3343,LOAD,97302823,5138.59705797025
3344,LOAD,99766096,5011.722619676328
3345,LOAD,96538506,5179.280483168033
3346,LOAD,95657545,5226.9792205099975
3347,LOAD,94675412,5281.202261892454
3348,LOAD,95217519,5251.134510236504
3349,LOAD,96320486,5191.003708183117
3350,LOAD,88937966,5621.896052806064
3351,LOAD,97363039,5135.418996114121
3352,LOAD,97386809,5134.165552133452
3353,LOAD,92828058,5386.3024905680995
3354,LOAD,92238522,5420.728662586333
3355,LOAD,96365894,5188.55768618719
3356,LOAD,96496677,5181.525577300449
3357,LOAD,98864462,5057.429028440978
3358,LOAD,96865413,5161.801147743004
3359,LOAD,96252655,5194.661903092439
3360,LOAD,100992811,4950.8474420025805
3361,LOAD,95835808,5217.256581172666
3362,LOAD,98525670,5074.81958762625
3363,LOAD,98479431,5077.202365233
3364,LOAD,96811506,5164.675364103931
3365,LOAD,94473904,5292.466795910117
3366,LOAD,93081637,5371.628777865177
3367,LOAD,98562444,5072.926154306807
3368,LOAD,100923355,4954.2546420499
3369,LOAD,102249677,4889.990997233174
3370,LOAD,96535230,5179.456246180798
3371,LOAD,96522705,5180.128343895874
3372,LOAD,95637470,5228.076401435546
3373,LOAD,95496659,5235.78526448763
3374,LOAD,102043731,4899.86004137775
3375,LOAD,92461689,5407.64510585568
3376,LOAD,94250257,5305.025322106018
3377,LOAD,86736568,5764.581323992436
3378,LOAD,97459623,5130.329716132804
3379,LOAD,98365127,5083.102266517685
3380,LOAD,95402982,5240.926326600566
3381,LOAD,99721235,5013.977213579435
3382,LOAD,96014559,5207.543576802764
3383,LOAD,96042741,5206.015517612102
3384,LOAD,98700589,5065.825898972092
3385,LOAD,109490643,4566.600271038686
3386,LOAD,100149487,4992.536806504062
3387,LOAD,97690214,5118.219927330695
3388,LOAD,94677287,5281.0976723488075
3389,LOAD,93185421,5365.646199098032
3390,LOAD,95899284,5213.803264683394
3391,LOAD,95745524,5222.176234577817
3392,LOAD,95715811,5223.797351515937
3393,LOAD,94593872,5285.754662839047
3394,LOAD,95930906,5212.084622655393
3395,LOAD,97744623,5115.370898714295
3396,LOAD,98222139,5090.502050662936
3397,LOAD,95807966,5218.77272710288
3398,LOAD,103342817,4838.265633885324
3399,LOAD,93183411,5365.761938034228
3400,LOAD,104379241,4790.224523667498
3401,LOAD,93009232,5375.81043567804
3402,LOAD,91601317,5458.436803916258
3403,LOAD,94340166,5299.969474295816
3404,LOAD,98285212,5087.235300464123
3405,LOAD,98652708,5068.284592856792
3406,LOAD,103402935,4835.452688069251
3407,LOAD,98994976,5050.761363889819
3408,LOAD,99841507,5007.937229953871
3409,LOAD,97976409,5103.269298224636
3410,LOAD,92923282,5380.782826848496
3411,LOAD,91234089,5480.40765771224
3412,LOAD,99009787,5050.005814071694
3413,LOAD,95200085,5252.096150964571
3414,LOAD,98639484,5068.964067168072
3415,LOAD,102126038,4895.911070201313
3416,LOAD,97787600,5113.122727216947
3417,LOAD,93123726,5369.20097033059
3418,LOAD,96429460,5185.137405104208
3419,LOAD,94030976,5317.3966842586005
3420,LOAD,92526204,5403.874560767672
3421,LOAD,100052038,4997.399453272506
3422,LOAD,96665223,5172.491041581728
3423,LOAD,95579336,5231.256262336872
3424,LOAD,95225960,5250.669040249109
3425,LOAD,96162114,5199.552913323016
3426,LOAD,92779991,5389.092999588672
3427,LOAD,98773084,5062.107810666314
3428,LOAD,96535792,5179.426093070227
3429,LOAD,98399169,5081.343725575568
3430,LOAD,93620833,5340.691638580059
3431,LOAD,98506987,5075.782086401648
3432,LOAD,96301291,5192.038391261027
3433,LOAD,94897949,5268.817769707542
3434,LOAD,87018513,5745.903748090938
3435,LOAD,97293539,5139.087396132235
3436,LOAD,96231603,5195.798307547678
3437,LOAD,98751400,5063.21935689013
3438,LOAD,98024430,5100.769267416296
3439,LOAD,96483352,5182.241180841229
3440,LOAD,94630153,5283.728115709588
3441,LOAD,94732670,5278.010215483211
3442,LOAD,97961940,5104.0230522180345
3443,LOAD,94827610,5272.725949752397
3444,LOAD,95667794,5226.419248258197
3445,LOAD,97024987,5153.311692791054
3446,LOAD,99861262,5006.946537487179
3447,LOAD,94195272,5308.122046720137
3448,LOAD,95557660,5232.442904106275
3449,LOAD,97752414,5114.963196714508
3450,LOAD,97889852,5107.781754537743
3451,LOAD,97110137,5148.7930657537845
3452,LOAD,103331442,4838.798243036229
3453,LOAD,94177528,5309.12215066847
3454,LOAD,100282921,4985.893859234516
3455,LOAD,101404428,4930.7511502357665
3456,LOAD,96957814,5156.881940428236
3457,LOAD,100177715,4991.13001329687
3458,LOAD,97210156,5143.4955006141545
3459,LOAD,95851184,5216.419653199067
3460,LOAD,97509652,5127.69751244728
3461,LOAD,97054757,5151.730996554862
3462,LOAD,99732558,5013.407958512405
3463,LOAD,93925620,5323.36118728841
3464,LOAD,97437511,5131.493968477909
3465,LOAD,95705136,5224.38001655418
3466,LOAD,106053106,4714.619107902413
3467,LOAD,92721989,5392.464132752803
3468,LOAD,95365373,5242.993177408323
3469,LOAD,93299742,5359.071625299885
3470,LOAD,93003691,5376.130717220674
3471,LOAD,95179169,5253.250319930824
3472,LOAD,95835510,5217.272804203786
3473,LOAD,97885822,5107.992044036776
3474,LOAD,94361712,5298.759310344009
3475,LOAD,97914855,5106.4774594212495
3476,LOAD,93773280,5332.009288786741
3477,LOAD,94269663,5303.933249448446
3478,LOAD,96716026,5169.77403517386
3479,LOAD,96440992,5184.517388622464
3480,LOAD,92597401,5399.719588242007
3481,LOAD,95535885,5233.635507746644
3482,LOAD,98045298,5099.683617668234
3483,LOAD,97124098,5148.052957979595
3484,LOAD,89628449,5578.585879579374
3485,LOAD,98211772,5091.03939189693
3486,LOAD,94574537,5286.835292675026
3487,LOAD,94928739,5267.108836239781
3488,LOAD,95503614,5235.4039712046915
3489,LOAD,95752735,5221.782960037643
3490,LOAD,98354831,5083.634376841133
3491,LOAD,97161111,5146.091835034698
3492,LOAD,98683470,5066.704687218639
3493,LOAD,92148047,5426.0509720840855
3494,LOAD,104048147,4805.46760722226
3495,LOAD,92532185,5403.525270693651
3496,LOAD,100435200,4978.3342891735165
3497,LOAD,98454357,5078.495408791304
3498,LOAD,92637916,5397.358032104263
3499,LOAD,103368135,4837.080595485253
3500,LOAD,95218374,5251.087358412568
3501,LOAD,95948511,5211.128289421813
3502,LOAD,99293198,5035.59166258297
3503,LOAD,95119176,5256.563618675586
3504,LOAD,94665616,5281.748760817233
3505,LOAD,101020553,4949.487853229233
3506,LOAD,94221655,5306.635719782252
3507,LOAD,104216034,4797.726230879213
3508,LOAD,95626687,5228.665926698894
3509,LOAD,101477394,4927.205757767095
3510,LOAD,93321956,5357.795972471901
3511,LOAD,104522586,4783.655084844533
3512,LOAD,99666927,5016.709304180714
3513,LOAD,95890733,5214.268202538404
3514,LOAD,90900262,5500.534200880521
3515,LOAD,98198367,5091.734366621392
3516,LOAD,92174311,5424.504881842839
3517,LOAD,99377507,5031.319612394785
3518,LOAD,96200040,5197.503036381274
3519,LOAD,98080620,5097.847056839567
3520,LOAD,95025278,5261.757824060247
3521,LOAD,95348561,5243.917629758461
3522,LOAD,96051117,5205.561534490015
3523,LOAD,99277583,5036.383691976062
3524,LOAD,95537157,5233.565826121453
3525,LOAD,100464607,4976.877080701664
3526,LOAD,92980836,5377.452188104654
3527,LOAD,93640142,5339.590364995388
3528,LOAD,96605779,5175.673807257431
3529,LOAD,97109871,5148.807169149674
3530,LOAD,90206395,5542.844273956408
3531,LOAD,97690817,5118.18833493838
3532,LOAD,95781908,5220.192523205948
3533,LOAD,98582456,5071.896362573884
3534,LOAD,96805029,5165.020920555687
3535,LOAD,96532204,5179.618606864088
3536,LOAD,92668938,5395.551204007539
3537,LOAD,96849500,5162.649265096878
3538,LOAD,95554576,5232.61177989006
3539,LOAD,97151433,5146.604476745083
3540,LOAD,98992542,5050.885550549859
3541,LOAD,96828208,5163.7845037884
3542,LOAD,102827425,4862.51600679488
3543,LOAD,93380695,5354.425772907345
3544,LOAD,95203993,5251.880559253434
3545,LOAD,99704964,5014.7954519094965
3546,LOAD,97365662,5135.280649557952
3547,LOAD,93349654,5356.206247963169
3548,LOAD,88563135,5645.689936337507
3549,LOAD,96944287,5157.601499508682
3550,LOAD,95050700,5260.350528717831
3551,LOAD,94165217,5309.816256250968
3552,LOAD,95465739,5237.481061137545
3553,LOAD,97942694,5105.026006329783
3554,LOAD,92283609,5418.08025735101
3555,LOAD,94708671,5279.347653394904
3556,LOAD,102821919,4862.776389147143
3557,LOAD,86922906,5752.223700390321
3558,LOAD,97889997,5107.774188612959
3559,LOAD,102518855,4877.1516224991
3560,LOAD,93176855,5366.139477448557
3561,LOAD,94716443,5278.914454167161
3562,LOAD,93528112,5345.986242083022
3563,LOAD,96365218,5188.594083811444
3564,LOAD,93669677,5337.906737951066
3565,LOAD,97313012,5138.0590295571155
3566,LOAD,93185678,5365.63140099705
3567,LOAD,112691028,4436.910452179032
3568,LOAD,95012911,5262.442701076699
3569,LOAD,101845261,4909.408597813894
3570,LOAD,96401594,5186.636229272309
3571,LOAD,95796828,5219.379497617604
3572,LOAD,93946281,5322.190454777023
3573,LOAD,97696115,5117.910778744887
3574,LOAD,92435858,5409.156260549883
3575,LOAD,94251137,5304.975790371632
3576,LOAD,93708193,5335.7127481905445
3577,LOAD,93044697,5373.7613869600755
3578,LOAD,95691276,5225.136719882385
3579,LOAD,96342030,5189.842896189752
3580,LOAD,92433586,5409.28921658411
3581,LOAD,104869324,4767.838495840786
3582,LOAD,93663817,5338.2406997143835
3583,LOAD,98535659,5074.305130490881
3584,LOAD,93159165,5367.158454028651
3585,LOAD,98389363,5081.850158944519
3586,LOAD,94618390,5284.384991120648
3587,LOAD,94512367,5290.312959784406
3588,LOAD,102826825,4862.544379834736
3589,LOAD,98612172,5070.367986621368
3590,LOAD,98237248,5089.719125682348
3591,LOAD,95449983,5238.345616048984
3592,LOAD,93559281,5344.205242449437
3593,LOAD,106853700,4679.295148413204
3594,LOAD,94027027,5317.620007277269
3595,LOAD,96070023,5204.537111435895
3596,LOAD,95790277,5219.736445693752
3597,LOAD,102387602,4883.403754294392
3598,LOAD,98849771,5058.180660833296
3599,LOAD,102951362,4856.6623139963895
3600,LOAD,97471273,5129.716526837605
3601,LOAD,95965807,5210.189083284633
3602,LOAD,94471373,5292.608587365402
3603,LOAD,94535126,5289.039335495253
3604,LOAD,94543501,5288.5708135559735
3605,LOAD,94877765,5269.938641577402
3606,LOAD,93698902,5336.2418270387
3607,LOAD,95732950,5222.862138897841
3608,LOAD,92064319,5430.985700334133
3609,LOAD,95933513,5211.942983887185
3610,LOAD,97200169,5144.023977983002
3611,LOAD,95521790,5234.407772299912
3612,LOAD,92085486,5429.737320385104
3613,LOAD,97996689,5102.213198243871
3614,LOAD,94971474,5264.738757239885
3615,LOAD,96836703,5163.3315107805765
3616,LOAD,95252217,5249.221653287083
3617,LOAD,103750859,4819.237207472182
3618,LOAD,92890206,5382.698796038842
3619,LOAD,97065783,5151.145795630166
3620,LOAD,96440914,5184.521581784262
3621,LOAD,92139389,5426.560838166618
3622,LOAD,104605079,4779.882628834877
3623,LOAD,96146530,5200.395687707087
3624,LOAD,103162774,4846.709531095005
3625,LOAD,95873307,5215.215951609972
3626,LOAD,98280211,5087.494165025755
3627,LOAD,95846263,5216.687477945802
3628,LOAD,92506463,5405.027754655369
3629,LOAD,98619092,5070.012204127777
3630,LOAD,95561119,5232.25350678449
3631,LOAD,94074238,5314.951368513875
3632,LOAD,96621647,5174.823815619702
3633,LOAD,100492457,4975.497812736333
3634,LOAD,97337729,5136.7543206190885
3635,LOAD,98713231,5065.177129092249
3636,LOAD,95716735,5223.74692367014
3637,LOAD,97310993,5138.165633557968
3638,LOAD,91883758,5441.658143760294
3639,LOAD,101046138,4948.234637131803
3640,LOAD,97647875,5120.439128859691
3641,LOAD,94121759,5312.267910335165
3642,LOAD,94994996,5263.435139257231
3643,LOAD,99176625,5041.510537387212
3644,LOAD,97149941,5146.683516771256
3645,LOAD,95635153,5228.203064619974
3646,LOAD,91508246,5463.988458482747
3647,LOAD,96645002,5173.573280075053
3648,LOAD,94714129,5279.043425506241
3649,LOAD,94825217,5272.859011754225
3650,LOAD,96985422,5155.413975514794
3651,LOAD,99413966,5029.474430182174
3652,LOAD,97458575,5130.384884039193
3653,LOAD,99718491,5014.115185517599
3654,LOAD,97939621,5105.186184047006
3655,LOAD,95588835,5230.736413933699
3656,LOAD,94641811,5283.077264867638
3657,LOAD,97928379,5105.772250146201
3658,LOAD,96363609,5188.680718672544
3659,LOAD,97404878,5133.21314359636
3660,LOAD,95596779,5230.301744789957
3661,LOAD,95599344,5230.161411986258
3662,LOAD,97907887,5106.840881981244
3663,LOAD,99894162,5005.29750677522
3664,LOAD,97534474,5126.392540959415
3665,LOAD,94596764,5285.593067433047
3666,LOAD,96292296,5192.5233977181315
3667,LOAD,99177510,5041.465550002213
3668,LOAD,100049222,4997.540110806659
3669,LOAD,99331168,5033.666774158943
3670,LOAD,99008078,5050.092983322027
3671,LOAD,95615931,5229.254108292896
3672,LOAD,92842160,5385.48435322918
3673,LOAD,95812787,5218.510134769381
3674,LOAD,94314059,5301.436554649822
3675,LOAD,98933769,5053.886100306155
3676,LOAD,98369094,5082.897276658866
3677,LOAD,100330311,4983.538823078102
3678,LOAD,97212261,5143.384125177378
3679,LOAD,100607757,4969.7957186343
3680,LOAD,97659291,5119.840568983856
3681,LOAD,93057551,5373.019111581821
3682,LOAD,96662630,5172.629794989025
3683,LOAD,95354003,5243.618351292499
3684,LOAD,93901262,5324.742067896808
3685,LOAD,94675774,5281.1820688151965
3686,LOAD,95131070,5255.906403659708
3687,LOAD,100515202,4974.37193629676
3688,LOAD,92539265,5403.111857436948
3689,LOAD,96241802,5195.247694967307
3690,LOAD,95767232,5220.992499814551
3691,LOAD,92726702,5392.190051146216
3692,LOAD,93941418,5322.465964905916
3693,LOAD,99173514,5041.668685854976
3694,LOAD,97562529,5124.918399768009
3695,LOAD,101636891,4919.473579726086
3696,LOAD,97505131,5127.935267324548
3697,LOAD,99202436,5040.1988112469335
3698,LOAD,94520607,5289.851767456381
3699,LOAD,96823551,5164.032870473838
3700,LOAD,94419151,5295.53586009262
3701,LOAD,94653460,5282.42707662245
3702,LOAD,93916065,5323.90278489628
3703,LOAD,98834346,5058.970087180017
3704,LOAD,96173366,5198.944580976816
3705,LOAD,95118318,5256.6110346905
3706,LOAD,94325783,5300.777625137763
3707,LOAD,93453411,5350.259499891341
3708,LOAD,92832337,5386.054215138417
3709,LOAD,94590643,5285.935100367169
3710,LOAD,97388549,5134.073822169791
3711,LOAD,101500001,4926.108325851149
3712,LOAD,95448810,5238.409991701311
3713,LOAD,104696009,4775.731231550574
3714,LOAD,98298227,5086.56173422131
3715,LOAD,94343833,5299.76347261617
3716,LOAD,100857803,4957.4746338664545
3717,LOAD,99873978,5006.309050791989
3718,LOAD,94369439,5298.325446228413
3719,LOAD,94757221,5276.642716231621
3720,LOAD,96886072,5160.700497797041
3721,LOAD,104163727,4800.135463662893
3722,LOAD,96287656,5192.773619912401
3723,LOAD,95526331,5234.158946186261
3724,LOAD,95676425,5225.947771355379
3725,LOAD,96952711,5157.1533672740725
3726,LOAD,99322981,5034.081689513528
3727,LOAD,97802420,5112.347935766825
3728,LOAD,97713886,5116.9799960672935
3729,LOAD,95033002,5261.330164020284
3730,LOAD,97896924,5107.4127722337835
3731,LOAD,100720410,4964.237139225307
3732,LOAD,97289822,5139.283737203261
3733,LOAD,98080731,5097.841287500191
3734,LOAD,93523729,5346.23678232505
3735,LOAD,96073956,5204.324052191626
3736,LOAD,95968858,5210.023443229886
3737,LOAD,94724584,5278.460763680947
3738,LOAD,98256771,5088.707830628792
3739,LOAD,97894855,5107.520716997845
3740,LOAD,96425051,5185.374493605402
3741,LOAD,98939881,5053.573897061792
3742,LOAD,93129472,5368.869695728545
3743,LOAD,99636246,5018.254100018983
3744,LOAD,99501659,5025.041843774685
3745,LOAD,98221121,5090.55481050761
3746,LOAD,94519536,5289.9117067184925
3747,LOAD,102431822,4881.295580195772
3748,LOAD,96688560,5171.242595814851
3749,LOAD,107169287,4665.515783453891
3750,LOAD,96237570,5195.476153439868
3751,LOAD,94320408,5301.079698467802
3752,LOAD,98058645,5098.989487362383
3753,LOAD,97467615,5129.909047225584
3754,LOAD,97283256,5139.630606113759
3755,LOAD,92424414,5409.826022808216
3756,LOAD,94736821,5277.778953549645
3757,LOAD,94265699,5304.1562870074295
3758,LOAD,97431337,5131.819139462285
3759,LOAD,93569370,5343.629010219905
3760,LOAD,98263532,5088.357703242338
3761,LOAD,96798345,5165.377569213606
3762,LOAD,98155571,5093.954371677997
3763,LOAD,96657505,5172.9040595450915
3764,LOAD,96204087,5197.284393957192
3765,LOAD,96528244,5179.831096896365
3766,LOAD,96886462,5160.679724273552
3767,LOAD,98830551,5059.164346862743
3768,LOAD,96887083,5160.646646777465
3769,LOAD,94771993,5275.8202520865
3770,LOAD,103989442,4808.1804304710095
3771,LOAD,101170668,4942.143902815784
3772,LOAD,100613739,4969.500238928602
3773,LOAD,97894569,5107.535638672663
3774,LOAD,96005879,5208.014396701686
3775,LOAD,94631297,5283.664240594737
3776,LOAD,95633454,5228.295947566633
3777,LOAD,97730062,5116.1330481914565
3778,LOAD,96596116,5176.191556190521
3779,LOAD,92945124,5379.518348913064
3780,LOAD,97870208,5108.8069619715125
3781,LOAD,99090987,5045.867592377498
3782,LOAD,96244228,5195.116739883872
3783,LOAD,94253839,5304.8237112124425
3784,LOAD,102536718,4876.301970187889
3785,LOAD,96286964,5192.810939599259
3786,LOAD,95879095,5214.901121042079
3787,LOAD,96941816,5157.7329642762215
3788,LOAD,94822666,5273.000866691515
3789,LOAD,94963723,5265.168468595108
3790,LOAD,101062440,4947.436456115645
3791,LOAD,96345817,5189.638902537928
3792,LOAD,95563651,5232.114875979361
3793,LOAD,93898356,5324.90685992415
3794,LOAD,101248539,4938.342863396775
3795,LOAD,100802400,4960.199360332691
3796,LOAD,95111063,5257.01200500724
3797,LOAD,96992949,5155.013896938014
3798,LOAD,97260549,5140.830533457096
3799,LOAD,100391659,4980.493449161947
3800,LOAD,95809644,5218.68132606776
3801,LOAD,94402531,5296.468163549555
3802,LOAD,97819470,5111.456850052448
3803,LOAD,95060442,5259.811436601567
3804,LOAD,95883124,5214.681991379422
3805,LOAD,102595548,4873.505817230977
3806,LOAD,93278831,5360.273007709541
3807,LOAD,92700793,5393.697117564032
3808,LOAD,96804273,5165.061257161655
3809,LOAD,95820811,5218.073138621212
3810,LOAD,98244857,5089.324930260726
3811,LOAD,103209784,4844.501951481654
3812,LOAD,97795058,5112.732792693881
3813,LOAD,91052566,5491.333434798532
3814,LOAD,105738717,4728.636909789628
3815,LOAD,101744643,4914.263643344839
3816,LOAD,94844211,5271.803041305283
3817,LOAD,100122246,4993.895162919138
3818,LOAD,98942722,5053.428790851337
3819,LOAD,98313868,5085.752500349187
3820,LOAD,93630055,5340.165612420072
3821,LOAD,98713639,5065.156193866989
3822,LOAD,102635541,4871.606805287849
3823,LOAD,94022812,5317.858393769376
3824,LOAD,102460122,4879.9473418546195
3825,LOAD,98557144,5073.198955521682
3826,LOAD,96425336,5185.359167428775
3827,LOAD,95330972,5244.885156526045
3828,LOAD,94201316,5307.781475154763
3829,LOAD,96595883,5176.204041739543
3830,LOAD,94344874,5299.7049951012705
3831,LOAD,98926356,5054.26481088619
3832,LOAD,100574289,4971.449512310248
3833,LOAD,98359806,5083.377248629385
3834,LOAD,96600417,5175.961093418468
3835,LOAD,97684313,5118.529113267143
3836,LOAD,94947789,5266.052061517725
3837,LOAD,98676191,5067.078440431492
3838,LOAD,97671796,5119.185071604498
3839,LOAD,97048598,5152.057941115234
3840,LOAD,93900075,5324.809378480262
3841,LOAD,101904883,4906.536225550644
3842,LOAD,99747259,5012.6690699340415
3843,LOAD,97556036,5125.259497013593
3844,LOAD,94821809,5273.048524100611
3845,LOAD,93939256,5322.588460781508
3846,LOAD,96218096,5196.52768851298
3847,LOAD,93350512,5356.157018185396
3848,LOAD,100475243,4976.350243810806
3849,LOAD,99043665,5048.278453750676
3850,LOAD,93660342,5338.438759918258
3851,LOAD,97538662,5126.172429964233
3852,LOAD,96445101,5184.296504599026
3853,LOAD,93557687,5344.296294969327
3854,LOAD,97553486,5125.393468768507
3855,LOAD,97982857,5102.933465187691
3856,LOAD,97663704,5119.609225552207
3857,LOAD,96794317,5165.592521304738
3858,LOAD,95565217,5232.029138802667
3859,LOAD,96075684,5204.23044815377
3860,LOAD,96263591,5194.071764889802
3861,LOAD,96116280,5202.032371623204
3862,LOAD,97281358,5139.730882457459
3863,LOAD,92074562,5430.381520576769
3864,LOAD,94678374,5281.037040200965
3865,LOAD,100089612,4995.523411560433
3866,LOAD,94283826,5303.136510391507
3867,LOAD,102977642,4855.422888785898
3868,LOAD,98230894,5090.0483507764875
3869,LOAD,97288280,5139.365193834242
3870,LOAD,92371243,5412.9400423895995
3871,LOAD,96577974,5177.163894533551
3872,LOAD,100678563,4966.300522187628
3873,LOAD,97339509,5136.66038730481
3874,LOAD,96044339,5205.928899151463
3875,LOAD,98214026,5090.922553159567
3876,LOAD,92937180,5379.978174504542
3877,LOAD,94151981,5310.5627166782615
3878,LOAD,95562587,5232.173130683455
3879,LOAD,94313044,5301.493608879807
3880,LOAD,95605320,5229.834490381916
3881,LOAD,96934279,5158.133997159044
3882,LOAD,97690108,5118.225480925868
3883,LOAD,92430930,5409.444652347434
3884,LOAD,98656677,5068.080693615902
3885,LOAD,100033227,4998.339201833407
3886,LOAD,97445623,5131.066789936784
3887,LOAD,92795028,5388.219722289432
3888,LOAD,97573945,5124.318792275951
3889,LOAD,100179399,4991.04611318341
3890,LOAD,87339618,5724.7788741187305
3891,LOAD,105982288,4717.769444645317
3892,LOAD,98028344,5100.565607840932
3893,LOAD,101092304,4945.974918130267
3894,LOAD,96522251,5180.152709037007
3895,LOAD,97841077,5110.328047594979
3896,LOAD,97303167,5138.578891270826
3897,LOAD,97143390,5147.03059055279
3898,LOAD,98694041,5066.161998574969
3899,LOAD,102584204,4874.0447408452865
3900,LOAD,92857680,5384.584236866568
3901,LOAD,96133693,5201.090111039425
3902,LOAD,99288122,5035.849101869406
3903,LOAD,91902549,5440.545506523437
3904,LOAD,96050730,5205.58250832659
3905,LOAD,99815994,5009.21726031201
3906,LOAD,104184173,4799.193443710496
3907,LOAD,103215440,4844.2364824487495
3908,LOAD,101686235,4917.086368671236
3909,LOAD,100113451,4994.333878271762
3910,LOAD,100903082,4955.250028933705
3911,LOAD,105474042,4740.50288126817
3912,LOAD,97790165,5112.988611891595
3913,LOAD,95755027,5221.657971022242
3914,LOAD,104535317,4783.072499794495
3915,LOAD,98090322,5097.342834698819
3916,LOAD,94693732,5280.1805297947285
3917,LOAD,93816255,5329.566821868982
3918,LOAD,99835711,5008.227967645766
3919,LOAD,93202693,5364.651856143256
3920,LOAD,96630840,5174.331507415231
3921,LOAD,103818382,4816.102797672189
3922,LOAD,96774265,5166.662851947261
3923,LOAD,94391359,5297.095044473297
3924,LOAD,96070055,5204.535377855254
3925,LOAD,96151446,5200.129803560104
3926,LOAD,101167350,4942.305991013899
3927,LOAD,99977700,5001.11524870046
3928,LOAD,98901251,5055.547780684797
3929,LOAD,101888669,4907.3170246242
3930,LOAD,94861379,5270.848951078395
3931,LOAD,97778328,5113.6075879718455
3932,LOAD,110327284,4531.970532329972
3933,LOAD,100515598,4974.352338828049
3934,LOAD,101367090,4932.567364812387
3935,LOAD,101172574,4942.050797284252
3936,LOAD,97627689,5121.497857027016
3937,LOAD,98756953,5062.934657370403
3938,LOAD,95701803,5224.56196567164
3939,LOAD,95389180,5241.684643897767
3940,LOAD,100809639,4959.84317531382
3941,LOAD,98634630,5069.213520646856
3942,LOAD,98726800,5064.480971732093
3943,LOAD,96887503,5160.6242757644395
3944,LOAD,93668909,5337.95050393936
3945,LOAD,99496305,5025.3122465201095
3946,LOAD,95762946,5221.226172386133
3947,LOAD,94843318,5271.852678119085
3948,LOAD,97757370,5114.703883707182
3949,LOAD,96798451,5165.371912821208
3950,LOAD,97980094,5103.077365898424
3951,LOAD,96861256,5162.022677054693
3952,LOAD,97139706,5147.225790450714
3953,LOAD,109540658,4564.515214067822
3954,LOAD,92966936,5378.256200677626
3955,LOAD,97726200,5116.335230470437
3956,LOAD,96732261,5168.906369303205
3957,LOAD,100613787,4969.497868120201
3958,LOAD,94876425,5270.013072267426
3959,LOAD,94970116,5264.814038976218
3960,LOAD,95962972,5210.343006050292
3961,LOAD,92919908,5380.978207597881
3962,LOAD,98156259,5093.918666969572
3963,LOAD,97254665,5141.141558608011
3964,LOAD,93663339,5338.267942807378
3965,LOAD,93441159,5350.961025643956
3966,LOAD,101466942,4927.713303905424
3967,LOAD,97576773,5124.170277695082
3968,LOAD,93721326,5334.965064408073
3969,LOAD,96490997,5181.830590889221
3970,LOAD,97715022,5116.920507882606
3971,LOAD,94435703,5294.607697260431
3972,LOAD,93279012,5360.262606555052
3973,LOAD,98083571,5097.693680014974
3974,LOAD,97224399,5142.741998333155
3975,LOAD,99618063,5019.170067581017
3976,LOAD,98445871,5078.933173337457
3977,LOAD,97067064,5151.077815643008
3978,LOAD,94143516,5311.040220762521
3979,LOAD,101920408,4905.788838678903
3980,LOAD,97782745,5113.376598294515
3981,LOAD,88020853,5680.47210358209
3982,LOAD,97855545,5109.57248258134
3983,LOAD,92687420,5394.475323619969
3984,LOAD,99406248,5029.864923581061
3985,LOAD,94038251,5316.985319091058
3986,LOAD,106910926,4676.790471349954
3987,LOAD,95612546,5229.43924116402
3988,LOAD,96236325,5195.543366810817
3989,LOAD,114641277,4361.430830886506
3990,LOAD,732771657,682.3408018358984
3991,LOAD,416473050,1200.5578752334634
3992,LOAD,308758492,1619.3886579806199
3993,LOAD,271698087,1840.2779552879222
3994,LOAD,235205615,2125.7995902861417
3995,LOAD,213938332,2337.122082451311
3996,LOAD,206269637,2424.0116348292213
3997,LOAD,185341679,2697.7202467233506
3998,LOAD,181793087,2750.379611519551
3999,LOAD,170961617,2924.6330771426897
4000,LOAD,176685953,2829.8797471466223
4001,LOAD,169028521,2958.0806661616593
4002,LOAD,184660640,2707.669593260372
4003,LOAD,179654174,2783.12487189972
4004,LOAD,169205737,2954.9825488482106
4005,LOAD,176249655,2836.8849856755746
4006,LOAD,173123044,2888.119273133853
4007,LOAD,176907232,2826.3400786238067
4008,LOAD,166074327,3010.7001427138102
4009,LOAD,181317747,2757.5899671861685
4010,LOAD,174233280,2869.715820077542
4011,LOAD,177425697,2818.081081005983
4012,LOAD,583530692,856.8529588157464
4013,LOAD,167718765,2981.1810264641526
4014,LOAD,168048700,2975.3279852804576
4015,LOAD,171127791,2921.7931060653964
4016,LOAD,167793815,2979.847618340402
4017,LOAD,175270661,2852.7307259941244
4018,LOAD,174631160,2863.177453554108
4019,LOAD,179315156,2788.3867217559678
4020,LOAD,175010791,2856.9666884140875
4021,LOAD,170716798,2928.8271913347394
4022,LOAD,173288274,2885.3654575611963
4023,LOAD,170992471,2924.1053543228813
4024,LOAD,173151214,2887.649404525688
4025,LOAD,170334442,2935.4016376793606
4026,LOAD,170856175,2926.4379821215125
4027,LOAD,174013837,2873.3347222267157
4028,LOAD,170944940,2924.918397701623
4029,LOAD,168239365,2971.9560579653876
4030,LOAD,172446328,2899.452866285445
4031,LOAD,170771783,2927.884169248265
4032,LOAD,171608240,2913.6130059955162
4033,LOAD,171130402,2921.7485271845503
4034,LOAD,169750452,2945.5002570479164
4035,LOAD,166119052,3009.8895580020526
4036,LOAD,168658842,2964.564407480042
4037,LOAD,169803714,2944.576347723466
4038,LOAD,165029487,3029.761584364617
4039,LOAD,167523353,2984.6585031043405
4040,LOAD,171643437,2913.015543961637
4041,LOAD,171494348,2915.547980624994
4042,LOAD,162749227,3072.211212407172
4043,LOAD,172201935,2903.567837376508
4044,LOAD,176417319,2834.188858748046
4045,LOAD,171004595,2923.8980391140954
4046,LOAD,174601921,2863.65692391208
4047,LOAD,171089944,2922.439439222682
4048,LOAD,169562621,2948.7631003297597
4049,LOAD,174265222,2869.1898145919213
4050,LOAD,178656337,2798.6692685857543
4051,LOAD,171667466,2912.6077972165094
4052,LOAD,175153427,2854.6401207439694
4053,LOAD,179105210,2791.6552511230693
4054,LOAD,177621612,2814.9727635621275
4055,LOAD,177723167,2813.364225047824
4056,LOAD,167655677,2982.302830103391
4057,LOAD,175009830,2856.9823763613736
4058,LOAD,175178805,2854.2265715307285
4059,LOAD,172443840,2899.4946992597706
4060,LOAD,174462200,2865.9503319343676
4061,LOAD,169886236,2943.146023907434
4062,LOAD,169341015,2952.6219622576377
4063,LOAD,180042324,2777.1247831704286
4064,LOAD,175395454,2850.7010221599016
4065,LOAD,172697816,2895.2305916827577
4066,LOAD,172673532,2895.6377634066116
4067,LOAD,175899203,2842.537040943841
4068,LOAD,174934241,2858.216877049245
4069,LOAD,172708695,2895.0482197783963
4070,LOAD,175961775,2841.5262348882306
4071,LOAD,170579257,2931.1887552658295
4072,LOAD,170622584,2930.444424637245
4073,LOAD,173240782,2886.156447850715
4074,LOAD,167528524,2984.5663774844693
4075,LOAD,175551694,2848.163914613094
4076,LOAD,175759901,2844.7899501263373
4077,LOAD,174340683,2867.947924696383
4078,LOAD,169303470,2953.276740281815
4079,LOAD,173024216,2889.76890957275
4080,LOAD,173789537,2877.043167449143
4081,LOAD,165909461,3013.69190753986
4082,LOAD,164631516,3037.0855602155784
4083,LOAD,170202609,2937.6752973275516
4084,LOAD,158924168,3146.154586129405
4085,LOAD,169866974,2943.47976081566
4086,LOAD,169915377,2942.6412654812284
4087,LOAD,173869093,2875.7267400020314
4088,LOAD,174155717,2870.9938933557946
4089,LOAD,175811033,2843.962585670036
4090,LOAD,166830560,2997.052818140753
4091,LOAD,171511541,2915.255714482794
4092,LOAD,175663031,2846.3587196101607
4093,LOAD,175791369,2844.2807109602745
4094,LOAD,174068628,2872.4302922638076
4095,LOAD,171318378,2918.5426913159313
4096,LOAD,166704905,2999.3118678781525
4097,LOAD,173620111,2879.850710382278
4098,LOAD,172775321,2893.9318249045537
4099,LOAD,175146905,2854.7464198696516
4100,LOAD,172618771,2896.5563658195665
4101,LOAD,174028484,2873.0928897823414
4102,LOAD,178437361,2802.1037589767984
4103,LOAD,171125969,2921.8242147689457
4104,LOAD,171111096,2922.0781801315793
4105,LOAD,177718284,2813.4415252400254
4106,LOAD,175601438,2847.3570928274517
4107,LOAD,176252491,2836.8393386281277
4108,LOAD,173793342,2876.9801779863346
4109,LOAD,181284444,2758.0965523991676
4110,LOAD,173668461,2879.048948329196
4111,LOAD,172725861,2894.760501439909
4112,LOAD,175082523,2855.796177897208
4113,LOAD,169743679,2945.6177864508286
4114,LOAD,174019236,2873.245576138491
4115,LOAD,176530405,2832.3732673700033
4116,LOAD,177767233,2812.666831575198
4117,LOAD,173212259,2886.6317135209233
4118,LOAD,173974862,2873.9784256877297
4119,LOAD,177038017,2824.2521491866914
4120,LOAD,173487621,2882.0500109342097
4121,LOAD,173547983,2881.047600535928
4122,LOAD,173448247,2882.704257022557
4123,LOAD,174209842,2870.101908478856
4124,LOAD,166122942,3009.8190772470184
4125,LOAD,174344437,2867.8861717853374
4126,LOAD,165805171,3015.5874933478403
4127,LOAD,177368283,2818.993292053236
4128,LOAD,175835100,2843.5733252348364
4129,LOAD,171421539,2916.7863205335007
4130,LOAD,174258079,2869.3074253389423
4131,LOAD,168048361,2975.3339873395134
4132,LOAD,164791754,3034.132399610238
4133,LOAD,173607447,2880.0607844892734
4134,LOAD,170741202,2928.408574750458
4135,LOAD,173734674,2877.9516977710505
4136,LOAD,161448261,3096.9673931638076
4137,LOAD,172553294,2897.6554918737165
4138,LOAD,168059695,2975.133329856394
4139,LOAD,169821691,2944.2646404928328
4140,LOAD,171154025,2921.3452619650634
4141,LOAD,171239161,2919.892839232026
4142,LOAD,173451237,2882.6545641758667
4143,LOAD,171076389,2922.670994651401
4144,LOAD,179884783,2779.5569567438065
4145,LOAD,169619822,2947.768687081867
4146,LOAD,168554487,2966.399820611124
4147,LOAD,173495590,2881.9176326038028
4148,LOAD,171346137,2918.0698716306633
4149,LOAD,173762098,2877.497485095973
4150,LOAD,172873705,2892.2848619458928
4151,LOAD,171623460,2913.354619467525
4152,LOAD,174984292,2857.399337307374
4153,LOAD,174445817,2866.2194863634936
4154,LOAD,183441509,2725.6644514410314
4155,LOAD,177196613,2821.7243633206463
4156,LOAD,177992343,2809.1096031024213
4157,LOAD,165786882,3015.9201618859083
4158,LOAD,173210006,2886.6692608970866
4159,LOAD,170023923,2940.7626360909226
4160,LOAD,173464819,2882.4288572312753
4161,LOAD,176656152,2830.357133557398
4162,LOAD,171541404,2914.7482085432853
4163,LOAD,170281264,2936.3183491520244
4164,LOAD,177345764,2819.3512420178245
4165,LOAD,172240646,2902.9152619411334
4166,LOAD,177034052,2824.3154034569575
4167,LOAD,171377898,2917.529073673199
4168,LOAD,175592597,2847.50045584211
4169,LOAD,172775478,2893.929195206741
4170,LOAD,171951520,2907.796337014061
4171,LOAD,171810068,2910.1903387873635
4172,LOAD,178236576,2805.260352398152
4173,LOAD,169189779,2955.261263152309
4174,LOAD,173217336,2886.547106347369
4175,LOAD,179094394,2791.8238468145464
4176,LOAD,173525198,2881.4259010383034
4177,LOAD,172163609,2904.2142117269395
4178,LOAD,170260717,2936.6727029582516
4179,LOAD,170016797,2940.885893762603
4180,LOAD,163347331,3060.9621653383488
4181,LOAD,179031923,2792.7980196023477
4182,LOAD,175878032,2842.8792061989866
4183,LOAD,186886985,2675.4136998892673
4184,LOAD,173385491,2883.7476372230017
4185,LOAD,174185478,2870.5033607910755
4186,LOAD,172201943,2903.5677024852152
4187,LOAD,170059953,2940.1395871254886
4188,LOAD,170122569,2939.0574274716014
4189,LOAD,177623547,2814.9420977388772
4190,LOAD,180427943,2771.189382788674
4191,LOAD,171232867,2920.000165622409
4192,LOAD,172240638,2902.915396771812
4193,LOAD,174541462,2864.6488591919783
4194,LOAD,176697941,2829.687755105194
4195,LOAD,174580157,2864.0139211239225
4196,LOAD,171095261,2922.3486207487654
4197,LOAD,174881408,2859.080366050118
4198,LOAD,172757499,2894.230368546838
4199,LOAD,180950009,2763.194115121597
4200,LOAD,164690734,3035.993512543335
4201,LOAD,173976891,2873.944908005052
4202,LOAD,172923129,2891.4582039514216
4203,LOAD,174514362,2865.0937050097914
4204,LOAD,173633461,2879.6292898866996
4205,LOAD,178061814,2808.0136260995296
4206,LOAD,169573665,2948.571053176211
4207,LOAD,176216871,2837.4127696320293
4208,LOAD,172151902,2904.4117096074838
4209,LOAD,172824188,2893.1135495917965
4210,LOAD,176820073,2827.733251755868
4211,LOAD,176806459,2827.9509856594095
4212,LOAD,170184150,2937.9939318673332
4213,LOAD,174849516,2859.601853287372
4214,LOAD,173832027,2876.3399278546062
4215,LOAD,176244876,2836.961909746528
4216,LOAD,167456702,2985.846454804777
4217,LOAD,165361211,3023.6837102021464
4218,LOAD,174529058,2864.8524533948953
4219,LOAD,167701406,2981.4896125557825
4220,LOAD,185942966,2688.996581887373
4221,LOAD,172742549,2894.480849648687
4222,LOAD,173279039,2885.5192346721174
4223,LOAD,170718976,2928.789825918356
4224,LOAD,173391914,2883.640813838643
4225,LOAD,173527113,2881.394102372924
4226,LOAD,169905375,2942.814493067097
4227,LOAD,176868770,2826.954696411356
4228,LOAD,168017342,2975.8832870954475
4229,LOAD,172090552,2905.4471276261584
4230,LOAD,172344555,2901.1650527630536
4231,LOAD,162368422,3079.4165136371157
4232,LOAD,178484402,2801.365241989045
4233,LOAD,172145328,2904.5226252088587
4234,LOAD,170783386,2927.6852491963123
4235,LOAD,179922093,2778.980566883468
4236,LOAD,175246425,2853.1252492026583
4237,LOAD,170423588,2933.866173501757
4238,LOAD,165723457,3017.0744024486526
4239,LOAD,174164712,2870.8456165333882
4240,LOAD,173033284,2889.6174680473614
4241,LOAD,173596601,2880.2407254506093
4242,LOAD,169734089,2945.784214271772
4243,LOAD,190309703,2627.29641273204
4244,LOAD,173922372,2874.8457961463405
4245,LOAD,180517867,2769.8089297720317
4246,LOAD,171700880,2912.0409866274417
4247,LOAD,175347730,2851.476891089494
4248,LOAD,166697046,2999.4532716554554
4249,LOAD,170138058,2938.789862054262
4250,LOAD,175354004,2851.374867949978
4251,LOAD,172600671,2896.8601170733573
4252,LOAD,171525504,2915.0183986633265
4253,LOAD,173508309,2881.706374073417
4254,LOAD,171240284,2919.8736904687685
4255,LOAD,171512324,2915.2424055544834
4256,LOAD,175162094,2854.498873483438
4257,LOAD,137698042,3631.1336946969805
4258,LOAD,110987579,4505.00861902754
4259,LOAD,104989011,4762.403181414862
4260,LOAD,115001750,4347.75992539244
4261,LOAD,104699394,4775.576829031121
4262,LOAD,104179721,4799.39853169697
4263,LOAD,105876028,4722.504323641609
4264,LOAD,108476229,4609.3047722003685
4265,LOAD,108233740,4619.631549274746
4266,LOAD,110005439,4545.229804500848
4267,LOAD,108566373,4605.477609535689
4268,LOAD,111816873,4471.597054945366
4269,LOAD,109386390,4570.952565488266
4270,LOAD,111489295,4484.735507565995
4271,LOAD,106636114,4688.843031170472
4272,LOAD,107954507,4631.580597186184
4273,LOAD,113057858,4422.514355437373
4274,LOAD,106741622,4684.2083774968305
4275,LOAD,112529165,4443.292545536973
4276,LOAD,107701616,4642.455875499583
4277,LOAD,108862041,4592.969187487492
4278,LOAD,106334675,4702.135027920102
4279,LOAD,109752071,4555.722688822883
4280,LOAD,107808234,4637.864673676038
4281,LOAD,109544768,4564.34395844446
4282,LOAD,105965636,4718.510819866168
4283,LOAD,108741155,4598.075126202219
4284,LOAD,107103074,4668.400087190775
4285,LOAD,111554884,4482.098695024415
4286,LOAD,108598159,4604.129615125428
4287,LOAD,115085756,4344.586310055607
4288,LOAD,106400554,4699.223652538501
4289,LOAD,110145870,4539.434842177922
4290,LOAD,110030076,4544.212075251134
4291,LOAD,110423847,4528.007433032106
4292,LOAD,114411514,4370.189524806044
4293,LOAD,103861950,4814.082539370771
4294,LOAD,114920932,4350.817482058012
4295,LOAD,104878226,4767.433804610691
4296,LOAD,105056785,4759.330870443066
4297,LOAD,113061476,4422.372833696245
4298,LOAD,106361739,4700.93855836637
4299,LOAD,112647791,4438.613447821626
4300,LOAD,108020199,4628.763922199402
4301,LOAD,111982126,4464.9982801719625
4302,LOAD,109019311,4586.343423139044
4303,LOAD,109194046,4579.00424350976
4304,LOAD,112330877,4451.135906292266
4305,LOAD,106409557,4698.826065030982
4306,LOAD,114289387,4374.859408424336
4307,LOAD,104184790,4799.1650220728
4308,LOAD,110933559,4507.202369663449
4309,LOAD,121850757,4103.380334354427
4310,LOAD,105007222,4761.577256086252
4311,LOAD,110871895,4509.709155778387
4312,LOAD,107794283,4638.46491747619
4313,LOAD,108322447,4615.848458445552
4314,LOAD,104461907,4786.433776285551
4315,LOAD,112930753,4427.491951638717
4316,LOAD,105062336,4759.079409770596
4317,LOAD,108811191,4595.115588800053
4318,LOAD,106342573,4701.785803132674
4319,LOAD,106849349,4679.485693450505
4320,LOAD,117516112,4254.735725089339
4321,LOAD,112817374,4431.941484473836
4322,LOAD,108609204,4603.661398715342
4323,LOAD,106688185,4686.554560844765
4324,LOAD,111615867,4479.649833298343
4325,LOAD,104077900,4804.093856620858
4326,LOAD,108671492,4601.022685876072
4327,LOAD,107309637,4659.413767283548
4328,LOAD,110866593,4509.924824694486
4329,LOAD,111367776,4489.629028777588
4330,LOAD,109122245,4582.017167993565
4331,LOAD,108341168,4615.050854906788
4332,LOAD,113664919,4398.89461408933
4333,LOAD,107765112,4639.7205062061275
4334,LOAD,108853657,4593.32294182822
4335,LOAD,109940152,4547.928949561576
4336,LOAD,109688498,4558.363083793891
4337,LOAD,110149562,4539.28268911319
4338,LOAD,115501960,4328.93086835929
4339,LOAD,118624771,4214.971255877072
4340,LOAD,107831605,4636.8594810399045
4341,LOAD,106790181,4682.078401945962
4342,LOAD,114287947,4374.914530576002
4343,LOAD,109710247,4557.459432207823
4344,LOAD,107495745,4651.346897498129
4345,LOAD,110399699,4528.997855329298
4346,LOAD,107619244,4646.009221176094
4347,LOAD,115066029,4345.331148952746
4348,LOAD,100701937,4965.147790553424
4349,LOAD,113136690,4419.432811760712
4350,LOAD,103136564,4847.941220923357
4351,LOAD,107286497,4660.418729115557
4352,LOAD,115267988,4337.717771216758
4353,LOAD,100716461,4964.431782407445
4354,LOAD,113781306,4394.39498084158
4355,LOAD,110074157,4542.3922710577735
4356,LOAD,112106674,4460.03776724301
4357,LOAD,112812006,4432.152372150887
4358,LOAD,112177210,4457.233336432596
4359,LOAD,101089484,4946.112891425976
4360,LOAD,105549973,4737.092637626728
4361,LOAD,108232396,4619.688914583393
4362,LOAD,115198887,4340.319711595825
4363,LOAD,107210627,4663.716778748062
4364,LOAD,108795087,4595.795764196595
4365,LOAD,110110423,4540.896187457203
4366,LOAD,110655613,4518.523610727275
4367,LOAD,105186574,4753.458364372624
4368,LOAD,118734474,4211.076894146177
4369,LOAD,108408655,4612.177874543319
4370,LOAD,111435390,4486.9049231128465
4371,LOAD,115362861,4334.150485397549
4372,LOAD,116083248,4307.253704686141
4373,LOAD,103532541,4829.399483202098
4374,LOAD,108252449,4618.833149908692
4375,LOAD,103059641,4851.559690567911
4376,LOAD,111832289,4470.980648531659
4377,LOAD,119790336,4173.959408545277
4378,LOAD,105838508,4724.178462530859
4379,LOAD,118614301,4215.343308392467
4380,LOAD,110441326,4527.290807790555
4381,LOAD,107941805,4632.125616205881
4382,LOAD,108865405,4592.827262251034
4383,LOAD,107558397,4648.637521066811
4384,LOAD,109740386,4556.2077756861545
4385,LOAD,114028700,4384.861004291025
4386,LOAD,108173079,4622.222133475558
4387,LOAD,107008088,4672.544004337317
4388,LOAD,112310129,4451.958202273991
4389,LOAD,111117005,4499.761310161302
4390,LOAD,107245846,4662.185237458987
4391,LOAD,114763239,4356.795820306187
4392,LOAD,107847633,4636.17036453642
4393,LOAD,111800194,4472.264153674009
4394,LOAD,107504115,4650.984755327738
4395,LOAD,121170586,4126.413979709565
4396,LOAD,111535119,4482.892962170956
4397,LOAD,112823176,4431.713569204966
4398,LOAD,118027011,4236.318413587547
4399,LOAD,106191521,4708.473852634618
4400,LOAD,109036716,4585.611327472481
4401,LOAD,108959352,4588.86723188295
4402,LOAD,111005878,4504.26598130236
4403,LOAD,107639032,4645.155114364091
4404,LOAD,111618942,4479.526423033109
4405,LOAD,107875418,4634.976246395634
4406,LOAD,112702068,4436.475824028358
4407,LOAD,108973564,4588.268765808192
4408,LOAD,110921798,4507.68026677678
4409,LOAD,103976127,4808.7961576026
4410,LOAD,107461055,4652.848420295149
4411,LOAD,107853840,4635.903552437261
4412,LOAD,113405142,4408.971155822899
4413,LOAD,106296746,4703.812852370853
4414,LOAD,108311708,4616.306115309344
4415,LOAD,107804503,4638.025185274497
4416,LOAD,109198793,4578.805188808268
4417,LOAD,108649784,4601.941960602517
4418,LOAD,105692013,4730.726436253986
4419,LOAD,101824866,4910.391927252818
4420,LOAD,104943999,4764.445845064471
4421,LOAD,109116078,4582.276133495194
4422,LOAD,110597606,4520.893517351542
4423,LOAD,116259072,4300.739644644678
4424,LOAD,112451941,4446.3438830282175
4425,LOAD,106867570,4678.687837666749
4426,LOAD,112609449,4440.12473589139
4427,LOAD,110821006,4511.780013980382
4428,LOAD,115454889,4330.695775039895
4429,LOAD,114645052,4361.287218919836
4430,LOAD,108117927,4624.579973680035
4431,LOAD,108921586,4590.458313745083
4432,LOAD,115795573,4317.954366010175
4433,LOAD,111920355,4467.462598738183
4434,LOAD,110369028,4530.25644114579
4435,LOAD,112629100,4439.35004363881
4436,LOAD,103748368,4819.352917435772
4437,LOAD,114290990,4374.7980483850915
4438,LOAD,112672988,4437.620843071988
4439,LOAD,112600698,4440.469809521074
4440,LOAD,107522721,4650.179937317621
4441,LOAD,108895499,4591.558003696737
4442,LOAD,108977766,4588.091849854951
4443,LOAD,114571383,4364.091511402982
4444,LOAD,105257480,4750.256228820983
4445,LOAD,109374316,4571.45716001552
4446,LOAD,107669935,4643.82188026769
4447,LOAD,111945366,4466.464471606623
4448,LOAD,105486336,4739.95039509193
4449,LOAD,113599248,4401.437586981209
4450,LOAD,103978964,4808.664952653308
4451,LOAD,111254303,4494.208192558629
4452,LOAD,105219083,4751.989712740607
4453,LOAD,112741913,4434.907894458027
4454,LOAD,105660531,4732.135976110133
4455,LOAD,109883459,4550.275396772866
4456,LOAD,106607774,4690.089486344588
4457,LOAD,111217829,4495.682072700772
4458,LOAD,110613842,4520.229936502884
4459,LOAD,107565736,4648.320353611488
4460,LOAD,116765554,4282.084766197401
4461,LOAD,107757574,4640.045070056978
4462,LOAD,106639935,4688.675025917823
4463,LOAD,109528629,4565.01651271468
4464,LOAD,103867754,4813.81353446807
4465,LOAD,108965026,4588.628281518512
4466,LOAD,107380479,4656.339817593847
4467,LOAD,110843953,4510.845981828165
4468,LOAD,105843331,4723.963194242252
4469,LOAD,112797860,4432.708209180564
4470,LOAD,112862169,4430.18244669744
4471,LOAD,103813080,4816.348768382558
4472,LOAD,104698367,4775.623673289957
4473,LOAD,106721882,4685.074800311337
4474,LOAD,104766665,4772.510416361922
4475,LOAD,108079511,4626.223743739922
4476,LOAD,107620695,4645.946581184967
4477,LOAD,106381371,4700.071030293452
4478,LOAD,101165486,4942.397054268093
4479,LOAD,110532698,4523.548316897141
4480,LOAD,107934171,4632.453238557788
4481,LOAD,115014110,4347.292693044358
4482,LOAD,108354167,4614.497197878878
4483,LOAD,106528725,4693.56973905395
4484,LOAD,105471458,4740.619021309064
4485,LOAD,105773631,4727.07607059457
4486,LOAD,112942421,4427.034550640632
4487,LOAD,108837150,4594.019597168798
4488,LOAD,110843205,4510.876422239866
4489,LOAD,114443362,4368.973361687854
4490,LOAD,116300180,4299.219485300882
4491,LOAD,105306144,4748.061043807663
4492,LOAD,114549869,4364.911146253689
4493,LOAD,109551940,4564.045146074091
4494,LOAD,114577637,4363.8533058593275
4495,LOAD,106432880,4697.796395249287
4496,LOAD,106325694,4702.532202611346
4497,LOAD,109356857,4572.187000582871
4498,LOAD,112854816,4430.471093054637
4499,LOAD,104720879,4774.59705050795
4500,LOAD,108405571,4612.309085111502
4501,LOAD,109254980,4576.450428163549
4502,LOAD,109345096,4572.678778388014
4503,LOAD,108286992,4617.359765612476
4504,LOAD,106364662,4700.809372195438
4505,LOAD,105983499,4717.715537963131
4506,LOAD,110971851,4505.647112257324
4507,LOAD,107918768,4633.114418059331
4508,LOAD,107873183,4635.072277416715
4509,LOAD,105680036,4731.262582083148
4510,LOAD,109462255,4567.784575605537
4511,LOAD,112649242,4438.556275416394
4512,LOAD,1781731713,280.62586322725457
4513,LOAD,111615407,4479.668295256049
4514,LOAD,103237086,4843.220778238549
4515,LOAD,104251408,4796.098293463816
4516,LOAD,113910939,4389.394068641643
4517,LOAD,103201222,4844.9038713902055
4518,LOAD,112542964,4442.74774920625
4519,LOAD,107643657,4644.955531378872
4520,LOAD,104711410,4775.028814911383
4521,LOAD,108436741,4610.983282870886
4522,LOAD,107720884,4641.625480904891
4523,LOAD,108625183,4602.984190139408
4524,LOAD,115236745,4338.893813774417
4525,LOAD,106473022,4696.025252293487
4526,LOAD,110981237,4505.266056820036
4527,LOAD,104679955,4776.463650562326
4528,LOAD,112065503,4461.6763108625855
4529,LOAD,106659352,4687.821467357124
4530,LOAD,109030784,4585.860815235447
4531,LOAD,106532142,4693.41919361764
4532,LOAD,109393076,4570.67319324671
4533,LOAD,114200389,4378.268799066875
4534,LOAD,106721470,4685.0928871200895
4535,LOAD,120161293,4161.073732786814
4536,LOAD,108598667,4604.108078048508
4537,LOAD,109066837,4584.344918703382
4538,LOAD,111215267,4495.785637056466
4539,LOAD,108473200,4609.433482187305
4540,LOAD,109399373,4570.4101064637725
4541,LOAD,108823171,4594.60972700382
4542,LOAD,106805878,4681.390288276081
4543,LOAD,108507467,4607.977808568695
4544,LOAD,113053991,4422.665627080782
4545,LOAD,103058580,4851.609637936017
4546,LOAD,108551978,4606.088338620601
4547,LOAD,106116075,4711.821465315223
4548,LOAD,113730992,4396.339038351129
4549,LOAD,105892560,4721.767043879193
4550,LOAD,112391967,4448.716517257857
4551,LOAD,106585294,4691.078677326724
4552,LOAD,109110734,4582.500563143494
4553,LOAD,114482541,4367.478181673134
4554,LOAD,112690283,4436.939784772748
4555,LOAD,108678220,4600.7378479331
4556,LOAD,112429579,4447.228251206028
4557,LOAD,107698845,4642.575321954474
4558,LOAD,104497237,4784.815506653061
4559,LOAD,111113953,4499.884906443748
4560,LOAD,107284869,4660.489448889573
4561,LOAD,105929967,4720.099648478131
4562,LOAD,106158234,4709.9502427668485
4563,LOAD,116572738,4289.167506728718
4564,LOAD,109221798,4577.840771308306
4565,LOAD,107782219,4638.984098109911
4566,LOAD,107643051,4644.981681167696
4567,LOAD,110602067,4520.711172604035
4568,LOAD,103946259,4810.177920881212
4569,LOAD,102956602,4856.415133048
4570,LOAD,120334999,4155.067138862901
4571,LOAD,107767472,4639.618900961136
4572,LOAD,103798750,4817.01369236142
4573,LOAD,109340710,4572.86220292515
4574,LOAD,109417708,4569.644248077286
4575,LOAD,112385489,4448.972945252745
4576,LOAD,114573149,4364.024244458883
4577,LOAD,108501976,4608.211006221675
4578,LOAD,108877568,4592.314185416045
4579,LOAD,105355301,4745.845678899442
4580,LOAD,109611313,4561.572946398333
4581,LOAD,110646272,4518.905074361655
4582,LOAD,111747786,4474.361577060686
4583,LOAD,107737435,4640.912418232344
4584,LOAD,107156445,4666.0749150459405
4585,LOAD,107160565,4665.8955185613295
4586,LOAD,108614437,4603.43959615608
4587,LOAD,110154472,4539.080356174736
4588,LOAD,108495039,4608.505647894186
4589,LOAD,108242998,4619.236433196354
4590,LOAD,107511273,4650.6750971128395
4591,LOAD,108331795,4615.450154776813
4592,LOAD,109676726,4558.852349403646
4593,LOAD,107553619,4648.844033783745
4594,LOAD,108403779,4612.3853302198995
4595,LOAD,109187592,4579.27490515589
4596,LOAD,105201745,4752.77287463245
4597,LOAD,109891706,4549.9339140298725
4598,LOAD,106999801,4672.905886993192
4599,LOAD,107518799,4650.349563521445
4600,LOAD,113231498,4415.732449287211
4601,LOAD,109441264,4568.660683597368
4602,LOAD,109102988,4582.825907572761
4603,LOAD,112766792,4433.929449726654
4604,LOAD,108342092,4615.011495255233
4605,LOAD,112790078,4433.01404579222
4606,LOAD,106165596,4709.6236336298625
4607,LOAD,118413541,4222.49006133513
4608,LOAD,109575068,4563.081813465085
4609,LOAD,112117838,4459.593664301661
4610,LOAD,109300956,4574.525404883009
4611,LOAD,105230035,4751.495141097312
4612,LOAD,111069299,4501.694027977974
4613,LOAD,108724505,4598.779272437248
4614,LOAD,110456477,4526.669812219341
4615,LOAD,116521895,4291.039036054125
4616,LOAD,114789395,4355.803077453279
4617,LOAD,107889612,4634.366467088602
4618,LOAD,112070752,4461.467341630759
4619,LOAD,114209912,4377.903732208462
4620,LOAD,116968780,4274.644909522011
4621,LOAD,108719111,4599.0074366962035
4622,LOAD,113736310,4396.133477514788
4623,LOAD,107864305,4635.4537768541695
4624,LOAD,112269852,4453.555349836926
4625,LOAD,112075478,4461.279210426387
4626,LOAD,107592593,4647.160051249996
4627,LOAD,109851471,4551.600405969984
4628,LOAD,112736570,4435.118081027301
4629,LOAD,114085929,4382.661423566092
4630,LOAD,110116887,4540.629631130056
4631,LOAD,108127692,4624.162328370054
4632,LOAD,112623088,4439.587023222094
4633,LOAD,118517348,4218.79166584119
4634,LOAD,109359467,4572.077879640727
4635,LOAD,112979479,4425.582454668604
4636,LOAD,112909197,4428.3372239375685
4637,LOAD,115935388,4312.747027680624
4638,LOAD,117534255,4254.0789491540145
4639,LOAD,120177759,4160.503608658571
4640,LOAD,114788374,4355.84182070564
4641,LOAD,117981021,4237.969766340639
4642,LOAD,105773386,4727.087019791538
4643,LOAD,107193654,4664.455229784405
4644,LOAD,111611948,4479.807126025611
4645,LOAD,114808429,4355.080932254547
4646,LOAD,106257591,4705.546166579289
4647,LOAD,108915104,4590.731511398089
4648,LOAD,108523925,4607.278994009846
4649,LOAD,109317743,4573.822933757423
4650,LOAD,107316797,4659.102898868665
4651,LOAD,109705217,4557.668392379188
4652,LOAD,111375540,4489.316056290277
4653,LOAD,103966410,4809.245601536112
4654,LOAD,103993571,4807.989524660135
4655,LOAD,109925568,4548.532330531147
4656,LOAD,107305773,4659.581549261101
4657,LOAD,112715568,4435.944465098201
4658,LOAD,106853581,4679.300359620142
4659,LOAD,111057926,4502.15502853889
4660,LOAD,104795414,4771.201151989342
4661,LOAD,111086954,4500.978575756069
4662,LOAD,109073518,4584.06411719479
4663,LOAD,113440929,4407.5802658491975
4664,LOAD,105985433,4717.629450077351
4665,LOAD,109510036,4565.791577312603
4666,LOAD,107872472,4635.102827716787
4667,LOAD,114086370,4382.64448242152
4668,LOAD,111571223,4481.44231599935
4669,LOAD,116110987,4306.2246986152995
4670,LOAD,115093190,4344.305688286162
4671,LOAD,108942296,4589.585664689865
4672,LOAD,110251646,4535.079684887426
4673,LOAD,111863325,4469.740194116347
4674,LOAD,118359334,4224.423905595819
4675,LOAD,106969452,4674.231667560567
4676,LOAD,108151668,4623.13720394955
4677,LOAD,113685689,4398.090950568106
4678,LOAD,115938800,4312.620106469965
4679,LOAD,105974717,4718.106489494093
4680,LOAD,108681421,4600.602342142729
4681,LOAD,113337780,4411.59161578778
4682,LOAD,115839776,4316.306688990835
4683,LOAD,113543443,4403.600831445635
4684,LOAD,110659244,4518.375346934415
4685,LOAD,115342826,4334.903325500279
4686,LOAD,110341388,4531.391249129474
4687,LOAD,109839735,4552.086728905528
4688,LOAD,117727238,4247.10549991838
4689,LOAD,113842622,4392.028145662352
4690,LOAD,111824811,4471.279633998219
4691,LOAD,106098589,4712.598015794536
4692,LOAD,112650551,4438.504699368937
4693,LOAD,107915044,4633.274300476586
4694,LOAD,110428793,4527.804627910767
4695,LOAD,114900373,4351.595969144504
4696,LOAD,124274306,4023.357812997966
4697,LOAD,105498183,4739.4181186987835
4698,LOAD,113635589,4400.029994124464
4699,LOAD,109966273,4546.848650585803
4700,LOAD,108605730,4603.808657241197
4701,LOAD,108166349,4622.50972342609
4702,LOAD,113424217,4408.229681673712
4703,LOAD,107934035,4632.4590755826
4704,LOAD,110349183,4531.071154373657
4705,LOAD,108568394,4605.391878597744
4706,LOAD,106312591,4703.111788518069
4707,LOAD,113232756,4415.6833911204985
4708,LOAD,111657502,4477.979455424321
4709,LOAD,114668440,4360.397682221891
4710,LOAD,106952522,4674.971572900357
4711,LOAD,121166706,4126.546115729185
4712,LOAD,110857368,4510.300118256461
4713,LOAD,113439963,4407.617798676468
4714,LOAD,108422452,4611.5909645725405
4715,LOAD,106607972,4690.080775572768
4716,LOAD,110705092,4516.5040827570965
4717,LOAD,105346899,4746.224186437609
4718,LOAD,111325019,4491.353376728371
4719,LOAD,109665136,4559.334153381254
4720,LOAD,110424728,4527.971307296315
4721,LOAD,110918181,4507.827260528191
4722,LOAD,109595816,4562.217959123549
4723,LOAD,109054872,4584.847891985972
4724,LOAD,108061855,4626.979612741239
4725,LOAD,102798814,4863.869343862275
4726,LOAD,116532819,4290.636786191537
4727,LOAD,107204984,4663.962265037976
4728,LOAD,106319116,4702.823149883977
4729,LOAD,111830243,4471.062447749488
4730,LOAD,117187128,4266.680210816328
4731,LOAD,112454958,4446.224594205975
4732,LOAD,108447555,4610.523492207823
4733,LOAD,114326561,4373.436895386016
4734,LOAD,112534013,4443.101127123228
4735,LOAD,120058490,4164.636753302495
4736,LOAD,105917773,4720.64305959303
4737,LOAD,104758149,4772.898383303813
4738,LOAD,108387820,4613.064456873475
4739,LOAD,112851102,4430.616902615625
4740,LOAD,113458482,4406.898375389863
4741,LOAD,111829184,4471.10478781639
4742,LOAD,109747398,4555.916669659904
4743,LOAD,108644078,4602.183655145935
4744,LOAD,108946921,4589.390828218083
4745,LOAD,110026337,4544.366500177135
4746,LOAD,110451575,4526.870712346112
4747,LOAD,112141309,4458.660278345778
4748,LOAD,109474243,4567.28437939507
4749,LOAD,106524970,4693.735187158467
4750,LOAD,103720677,4820.639572184821
4751,LOAD,113961353,4387.452297095841
4752,LOAD,111845056,4470.470290613472
4753,LOAD,118222664,4229.307504016319
4754,LOAD,113682583,4398.211113834385
4755,LOAD,107472197,4652.366044029043
4756,LOAD,105944772,4719.440049387242
4757,LOAD,114028117,4384.883423094674
4758,LOAD,105157966,4754.751532565778
4759,LOAD,111733077,4474.95060034908
4760,LOAD,106960450,4674.625060010499
4761,LOAD,106541759,4692.995541776253
4762,LOAD,114011040,4385.5402073343075
4763,LOAD,107798720,4638.273998058604
4764,LOAD,111803915,4472.115310094463
4765,LOAD,109297988,4574.649626670163
4766,LOAD,114957216,4349.444231495655
4767,LOAD,116262539,4300.611394698683
4768,LOAD,116652317,4286.2414811700655
4769,LOAD,110305991,4532.845364672895
4770,LOAD,106070766,4713.834158603135
4771,LOAD,109170025,4580.011775210274
4772,LOAD,111296768,4492.4934388031825
4773,LOAD,113978784,4386.781315371815
4774,LOAD,114396905,4370.7476176912305
4775,LOAD,100461806,4977.015842219679
4776,LOAD,113400837,4409.138532196195
4777,LOAD,107528378,4649.935294290406
4778,LOAD,111767272,4473.581497095142
4779,LOAD,113885702,4390.366755609059
4780,LOAD,123569689,4046.299736175592
4781,LOAD,115564700,4326.580694623878
4782,LOAD,109313082,4574.017956972433
4783,LOAD,110753012,4514.549906778156
4784,LOAD,112414896,4447.80912308988
4785,LOAD,110837381,4511.113448268866
4786,LOAD,114264085,4375.828152826848
4787,LOAD,103635340,4824.609057103494
4788,LOAD,117560135,4253.142444928291
4789,LOAD,111371842,4489.465119917833
4790,LOAD,107299430,4659.857000172321
4791,LOAD,110951107,4506.48951163687
4792,LOAD,108986414,4587.727787795642
4793,LOAD,116866318,4278.392684537216
4794,LOAD,110868665,4509.840539705245
4795,LOAD,107049402,4670.740710910276
4796,LOAD,109855524,4551.4324796266055
4797,LOAD,109410941,4569.926877788209
4798,LOAD,107811272,4637.733983882501
4799,LOAD,110900691,4508.53818395054
4800,LOAD,103781425,4817.817832044608
4801,LOAD,110166781,4538.573202025391
4802,LOAD,109408475,4570.029881140377
4803,LOAD,104866295,4767.976211994521
4804,LOAD,113239898,4415.404895543088
4805,LOAD,111029666,4503.300946613674
4806,LOAD,111105707,4500.218877145528
4807,LOAD,113116851,4420.207914026885
4808,LOAD,115665289,4322.818058233529
4809,LOAD,104777526,4772.015708788543
4810,LOAD,115004990,4347.637437297286
4811,LOAD,107141740,4666.715324951788
4812,LOAD,110662696,4518.234401229481
4813,LOAD,112846763,4430.7872614830785
4814,LOAD,106935236,4675.727278518373
4815,LOAD,105889502,4721.903404550906
4816,LOAD,115099736,4344.058617128366
4817,LOAD,114286289,4374.977999329386
4818,LOAD,103631034,4824.809525687064
4819,LOAD,106389997,4699.689952994359
4820,LOAD,112559083,4442.1115264416285
4821,LOAD,105694774,4730.602858377842
4822,LOAD,108720657,4598.942039137972
4823,LOAD,101278120,4936.900487489302
4824,LOAD,108076897,4626.335635820485
4825,LOAD,102995782,4854.567733657287
4826,LOAD,108608736,4603.681236102407
4827,LOAD,101579969,4922.23028735124
4828,LOAD,109773560,4554.8308718419985
4829,LOAD,106983802,4673.604701392085
4830,LOAD,108389716,4612.983763145943
4831,LOAD,108036637,4628.059646099498
4832,LOAD,117904376,4240.72470389055
4833,LOAD,109447038,4568.419658830785
4834,LOAD,110604462,4520.613282310437
4835,LOAD,109245886,4576.831387499571
4836,LOAD,106849675,4679.471416267761
4837,LOAD,110553604,4522.692901083532
4838,LOAD,108908358,4591.0158704256655
4839,LOAD,109231810,4577.421174289798
4840,LOAD,107618520,4646.040477048003
4841,LOAD,107920409,4633.043968541669
4842,LOAD,106665103,4687.568716827658
4843,LOAD,110123456,4540.358776971185
4844,LOAD,110718617,4515.952362374614
4845,LOAD,108012920,4629.075854999568
4846,LOAD,107635488,4645.308060479087
4847,LOAD,116760201,4282.281083089262
4848,LOAD,106755176,4683.613654479854
4849,LOAD,112914568,4428.1265815054085
4850,LOAD,123240384,4057.111668850366
4851,LOAD,108619630,4603.219510138269
4852,LOAD,112503613,4444.301713225867
4853,LOAD,104682420,4776.351177208169
4854,LOAD,106881704,4678.069129586482
4855,LOAD,114012537,4385.482624599434
4856,LOAD,106706303,4685.758815952981
4857,LOAD,110015663,4544.807406196333
4858,LOAD,107796184,4638.383117532249
4859,LOAD,108434584,4611.075005369135
4860,LOAD,109668727,4559.184862244275
4861,LOAD,111240629,4494.760632825979
4862,LOAD,106715069,4685.3739090961935
4863,LOAD,100893725,4955.709584515786
4864,LOAD,114071658,4383.209718929482
4865,LOAD,114727678,4358.146253077657
4866,LOAD,107563619,4648.411838950863
4867,LOAD,111499614,4484.320456930012
4868,LOAD,116460244,4293.310599624023
4869,LOAD,113831711,4392.44913045364
4870,LOAD,110405091,4528.776666648461
4871,LOAD,118633925,4214.646021363619
4872,LOAD,107949997,4631.774098150276
4873,LOAD,111381597,4489.071924511911
4874,LOAD,107044942,4670.935316121709
4875,LOAD,108765583,4597.042430232733
4876,LOAD,109166879,4580.143763201291
4877,LOAD,107645604,4644.8715174657755
4878,LOAD,109047832,4585.143884382773
4879,LOAD,106155691,4710.063071418375
4880,LOAD,115890171,4314.429737099966
4881,LOAD,111430771,4487.090913155398
4882,LOAD,113020144,4423.990116310593
4883,LOAD,106485079,4695.493534826603
4884,LOAD,109047021,4585.177984825464
4885,LOAD,103193267,4845.277357097339
4886,LOAD,112066963,4461.618184477793
4887,LOAD,107720501,4641.6419841938905
4888,LOAD,120911312,4135.262381405637
4889,LOAD,110292193,4533.412441984901
4890,LOAD,114555373,4364.701426968423
4891,LOAD,107420137,4654.620762585696
4892,LOAD,112105935,4460.067167719532
4893,LOAD,114258873,4376.027759349596
4894,LOAD,115993042,4310.603389468827
4895,LOAD,102755453,4865.9218114682435
4896,LOAD,109633106,4560.666191469573
4897,LOAD,110755249,4514.4587233061975
4898,LOAD,111577306,4481.197995585231
4899,LOAD,112847796,4430.746702399044
4900,LOAD,109843673,4551.923532272996
4901,LOAD,108707344,4599.505255137132
4902,LOAD,103120523,4848.695346512158
4903,LOAD,115774997,4318.72177029726
4904,LOAD,101792297,4911.963033902261
4905,LOAD,108659046,4601.549695181384
4906,LOAD,106591142,4690.821306708582
4907,LOAD,110203851,4537.046532067196
4908,LOAD,115477838,4329.8351325212725
4909,LOAD,113061174,4422.384646386212
4910,LOAD,108000404,4629.6123114502425
4911,LOAD,106742150,4684.185207062065
4912,LOAD,109712624,4557.3606916921435
4913,LOAD,109335416,4573.083620041287
4914,LOAD,107484143,4651.848970875639
4915,LOAD,111322044,4491.473404854119
4916,LOAD,106908064,4676.915672142374
4917,LOAD,105168140,4754.291556359179
4918,LOAD,102447974,4880.525992637004
4919,LOAD,106892696,4677.588073931637
4920,LOAD,109486022,4566.793010344279
4921,LOAD,110884849,4509.18231398773
4922,LOAD,113710877,4397.116733168807
4923,LOAD,112076641,4461.232916500416
4924,LOAD,113751006,4395.565521416136
4925,LOAD,117418055,4258.288897733828
4926,LOAD,109703831,4557.725974036403
4927,LOAD,106096148,4712.7064405769
4928,LOAD,108069795,4626.639663746933
4929,LOAD,115024069,4346.916296275347
4930,LOAD,115716950,4320.888167204545
4931,LOAD,111272413,4493.476743422469
4932,LOAD,105712406,4729.813830932956
4933,LOAD,110911755,4508.088434810179
4934,LOAD,109891154,4549.956769040755
4935,LOAD,111932715,4466.9692859679135
4936,LOAD,117350946,4260.724067788939
4937,LOAD,114944777,4349.914916099232
4938,LOAD,106561303,4692.134817458079
4939,LOAD,111913673,4467.729336343023
4940,LOAD,114272983,4375.487423829656
4941,LOAD,113262531,4414.522574989958
4942,LOAD,112028145,4463.164145045873
4943,LOAD,111046764,4502.607568105271
4944,LOAD,109601795,4561.969080889597
4945,LOAD,105138497,4755.631992722894
4946,LOAD,108078459,4626.268773872877
4947,LOAD,116317969,4298.56198744323
4948,LOAD,114376185,4371.539407438708
4949,LOAD,106306803,4703.367855018648
4950,LOAD,108354514,4614.482420178638
4951,LOAD,107649540,4644.701686602656
4952,LOAD,112349657,4450.391869020125
4953,LOAD,109893892,4549.843407129488
4954,LOAD,109329857,4573.3161436404325
4955,LOAD,109509214,4565.8258491381375
4956,LOAD,109527190,4565.0764892260995
4957,LOAD,105105597,4757.120593682562
4958,LOAD,118333699,4225.339055783255
4959,LOAD,108277956,4617.74509300859
4960,LOAD,125388959,3987.5919218692934
4961,LOAD,109375529,4571.406461494691
4962,LOAD,112249200,4454.374730510329
4963,LOAD,115178815,4341.0760911197085
4964,LOAD,123181369,4059.055391728923
4965,LOAD,115706535,4321.2770998630285
4966,LOAD,109839302,4552.104673789715
4967,LOAD,110840685,4510.978978522192
4968,LOAD,105189117,4753.343447117252
4969,LOAD,111529618,4483.114072891382
4970,LOAD,110727117,4515.605693951194
4971,LOAD,105954164,4719.021708292654
4972,LOAD,110716225,4516.0499285448
4973,LOAD,111199158,4496.436924459446
4974,LOAD,117231400,4265.068914983529
4975,LOAD,109406216,4570.124242300822
4976,LOAD,112765069,4433.997198192643
4977,LOAD,109942714,4547.822968969094
4978,LOAD,115149373,4342.186040387732
4979,LOAD,114277369,4375.319491298404
4980,LOAD,111408188,4488.0004690499045
4981,LOAD,115272397,4337.551859878476
4982,LOAD,111271178,4493.526616569117
4983,LOAD,109500501,4566.189153782959
4984,LOAD,108121295,4624.435917087379
4985,LOAD,116964531,4274.800195625116
4986,LOAD,117158059,4267.738850128953
4987,LOAD,105488128,4739.869874266799
4988,LOAD,110569551,4522.040611343353
4989,LOAD,112419442,4447.629263272806
4990,LOAD,114579327,4363.788940739721
4991,LOAD,113788120,4394.131830282458
4992,LOAD,111590586,4480.66470409968
4993,LOAD,107318700,4659.020282578898
4994,LOAD,109330683,4573.281591957127
4995,LOAD,106214186,4707.469113400728
4996,LOAD,106154214,4710.128605916671
4997,LOAD,113625341,4400.426837882933
4998,LOAD,118452465,4221.102532564434
4999,LOAD,114614832,4362.437140770751
5000,LOAD,124596823,4012.9434118877975
5001,LOAD,116049774,4308.496111332367
5002,LOAD,117207441,4265.940760535844
5003,LOAD,110549382,4522.86562759799
5004,LOAD,114990421,4348.188272134424
5005,LOAD,107455763,4653.077564578831
5006,LOAD,116511491,4291.4222083039
5007,LOAD,123513267,4048.1481232295473
5008,LOAD,113432169,4407.920649035636
5009,LOAD,123531115,4047.5632394316203
5010,LOAD,115980557,4311.067414515003
5011,LOAD,116729327,4283.4137131622465
5012,LOAD,353374907,1414.9278573421739
5013,LOAD,116403232,4295.413378212728
5014,LOAD,121031527,4131.155017155158
5015,LOAD,110570799,4521.989571586618
5016,LOAD,118500189,4219.402553020401
5017,LOAD,113002917,4424.664542066645
5018,LOAD,117727560,4247.09388353925
5019,LOAD,105118757,4756.525041482368
5020,LOAD,106657000,4687.924843188914
5021,LOAD,110627986,4519.652016443651
5022,LOAD,110218615,4536.438785771351
5023,LOAD,104799177,4771.0298335644375
5024,LOAD,107274520,4660.939056171028
5025,LOAD,122534270,4080.491114853012
5026,LOAD,113210307,4416.558997583144
5027,LOAD,109088245,4583.44526488624
5028,LOAD,112381244,4449.140997229039
5029,LOAD,117046119,4271.820409525923
5030,LOAD,110210967,4536.753588234101
5031,LOAD,109165822,4580.18811052419
5032,LOAD,116721615,4283.696725752124
5033,LOAD,111138416,4498.8944236887455
5034,LOAD,117882590,4241.508436487526
5035,LOAD,112484114,4445.07212814069
5036,LOAD,112005992,4464.046887777218
5037,LOAD,115254414,4338.2286425923785
5038,LOAD,110261542,4534.672660391418
5039,LOAD,111242260,4494.694732020007
5040,LOAD,115015310,4347.247336028569
5041,LOAD,111297671,4492.456989508792
5042,LOAD,114706830,4358.93834743755
5043,LOAD,109819128,4552.940904793926
5044,LOAD,110541990,4523.16807395995
5045,LOAD,116595721,4288.322038850808
5046,LOAD,113078646,4421.701335192854
5047,LOAD,115128694,4342.965968153864
5048,LOAD,116617976,4287.50366924564
5049,LOAD,107427790,4654.289174151307
5050,LOAD,118111666,4233.282087478133
5051,LOAD,110963083,4506.0031361962065
5052,LOAD,107163565,4665.764898732139
5053,LOAD,109651410,4559.904884032043
5054,LOAD,114508438,4366.490441516633
5055,LOAD,109808680,4553.374104852185
5056,LOAD,110159534,4538.871778451786
5057,LOAD,113130997,4419.655207316877
5058,LOAD,110505436,4524.664288913353
5059,LOAD,109896094,4549.752241421793
5060,LOAD,116213131,4302.439799165208
5061,LOAD,112778330,4433.475828202102
5062,LOAD,114659996,4360.718798559875
5063,LOAD,108289708,4617.243958216232
5064,LOAD,110188750,4537.668319134213
5065,LOAD,104464265,4786.32573540818
5066,LOAD,117339209,4261.150252001443
5067,LOAD,106588460,4690.939338085943
5068,LOAD,109057073,4584.755360158988
5069,LOAD,110516288,4524.219995517765
5070,LOAD,108181186,4621.8757483394575
5071,LOAD,110950603,4506.50998264516
5072,LOAD,110151920,4539.185517601509
5073,LOAD,108837476,4594.005836739543
5074,LOAD,107089735,4668.981578860009
5075,LOAD,109337430,4572.999383651143
5076,LOAD,108107297,4625.034700479098
5077,LOAD,112288567,4452.8130811394185
5078,LOAD,115708876,4321.189672605583
5079,LOAD,122378576,4085.682448208908
5080,LOAD,114976741,4348.705622122304
5081,LOAD,107149681,4666.369468706118
5082,LOAD,121117389,4128.226377138959
5083,LOAD,108627814,4602.872704406995
5084,LOAD,109460008,4567.87834329411
5085,LOAD,111972789,4465.3705999946105
5086,LOAD,108364601,4614.0528861449875
5087,LOAD,111096333,4500.59859311468
5088,LOAD,109718538,4557.115042856294
5089,LOAD,106847804,4679.553357970744
5090,LOAD,114674534,4360.165963264346
5091,LOAD,113726522,4396.511835647273
5092,LOAD,113903401,4389.6845538440075
5093,LOAD,112293204,4452.6292080863595
5094,LOAD,117099564,4269.870723002863
5095,LOAD,110568205,4522.095660321156
5096,LOAD,113432138,4407.921853681361
5097,LOAD,112921685,4427.84749448257
5098,LOAD,112591584,4440.829254165214
5099,LOAD,114454591,4368.544727052496
5100,LOAD,111939882,4466.683286301838
5101,LOAD,109081370,4583.734142686327
5102,LOAD,108807520,4595.270621001196
5103,LOAD,108637706,4602.453590100659
5104,LOAD,109183597,4579.442459658111
5105,LOAD,113587291,4401.900913368909
5106,LOAD,117769182,4245.59287505283
5107,LOAD,107826440,4637.081591490918
5108,LOAD,113929365,4388.684164087108
5109,LOAD,121709136,4108.155036118242
5110,LOAD,120284864,4156.798980127708
5111,LOAD,111323658,4491.408286278196
5112,LOAD,114750053,4357.296462425163
5113,LOAD,111812686,4471.7645008545815
5114,LOAD,120879635,4136.346043731849
5115,LOAD,115291213,4336.8439535804
5116,LOAD,110711596,4516.238750636383
5117,LOAD,111812040,4471.790336711502
5118,LOAD,118782476,4209.375127017895
5119,LOAD,115623194,4324.391868987809
5120,LOAD,108279102,4617.696219904004
5121,LOAD,114619720,4362.251103038813
5122,LOAD,103648873,4823.979128070211
5123,LOAD,110766473,4514.0012718469425
5124,LOAD,105649522,4732.629079003311
5125,LOAD,122814162,4071.1917246156027
5126,LOAD,109317545,4573.831218035494
5127,LOAD,110825334,4511.603817950145
5128,LOAD,109706868,4557.599803140857
5129,LOAD,109524053,4565.20724265016
5130,LOAD,110051831,4543.313777305531
5131,LOAD,112410582,4447.979817416122
5132,LOAD,111799391,4472.29627574626
5133,LOAD,115989270,4310.743571366558
5134,LOAD,108806465,4595.315177273704
5135,LOAD,108143857,4623.471123283498
5136,LOAD,109369737,4571.648553932245
5137,LOAD,107268039,4661.220664246505
5138,LOAD,111497618,4484.400734013887
5139,LOAD,114511584,4366.370480038072
5140,LOAD,106698022,4686.122485007267
5141,LOAD,108757613,4597.379311736089
5142,LOAD,110028948,4544.258661820524
5143,LOAD,116784388,4281.3941877231055
5144,LOAD,116293774,4299.4563062335565
5145,LOAD,108850313,4593.46405370465
5146,LOAD,111448390,4486.3815439594955
5147,LOAD,114054133,4383.883221487467
5148,LOAD,115616613,4324.6380172025965
5149,LOAD,108271163,4618.034813203217
5150,LOAD,106042747,4715.079664995853
5151,LOAD,112349875,4450.383233626206
5152,LOAD,108234732,4619.589209127436
5153,LOAD,110961240,4506.0779782201425
5154,LOAD,107902842,4633.798246018395
5155,LOAD,109396161,4570.54429908194
5156,LOAD,108304791,4616.600940580735
5157,LOAD,114209770,4377.909175370899
5158,LOAD,109015865,4586.488397812557
5159,LOAD,111131397,4499.178571470671
5160,LOAD,111125541,4499.415665386952
5161,LOAD,109408895,4570.012337662308
5162,LOAD,108780445,4596.414364732559
5163,LOAD,112989830,4425.177026994376
5164,LOAD,119636705,4179.319381957234
5165,LOAD,108646461,4602.0827130301095
5166,LOAD,118504620,4219.244785561947
5167,LOAD,108599611,4604.06805692886
5168,LOAD,107071641,4669.7705884604875
5169,LOAD,111016925,4503.817773731348
5170,LOAD,110577367,4521.720977494427
5171,LOAD,110249723,4535.158786748153
5172,LOAD,111862448,4469.7752368158435
5173,LOAD,105158870,4754.710658264015
5174,LOAD,109625712,4560.973797825824
5175,LOAD,108198047,4621.155500154268
5176,LOAD,112543485,4442.72718229758
5177,LOAD,105884316,4722.134673845369
5178,LOAD,110115532,4540.6855047478675
5179,LOAD,108928566,4590.164163181951
5180,LOAD,108090151,4625.768355157539
5181,LOAD,108736225,4598.28359868112
5182,LOAD,127096808,3934.009105877781
5183,LOAD,114718175,4358.507272278347
5184,LOAD,116626407,4287.193722773265
5185,LOAD,110387968,4529.479154829628
5186,LOAD,109966483,4546.83996759267
5187,LOAD,117034212,4272.255022317748
5188,LOAD,109646465,4560.110533431242
5189,LOAD,107737767,4640.898116999214
5190,LOAD,105929424,4720.123843966148
5191,LOAD,109601541,4561.97965318754
5192,LOAD,110765174,4514.054209854805
5193,LOAD,117900487,4240.864586080972
5194,LOAD,111172155,4497.529080011087
5195,LOAD,104585586,4780.773518828876
5196,LOAD,108869436,4592.657208217741
5197,LOAD,108181331,4621.869553444484
5198,LOAD,108859271,4593.08605878869
5199,LOAD,111701296,4476.223803168765
5200,LOAD,112915128,4428.104620312701
5201,LOAD,109767425,4555.085445431557
5202,LOAD,114368879,4371.818665810303
5203,LOAD,116824963,4279.907197573861
5204,LOAD,115150370,4342.148444681506
5205,LOAD,112509635,4444.063835066215
5206,LOAD,108388089,4613.053008066227
5207,LOAD,119507049,4183.853623563243
5208,LOAD,115305257,4336.315732768368
5209,LOAD,114387516,4371.10637143305
5210,LOAD,115570140,4326.377038221119
5211,LOAD,113398540,4409.227843674177
5212,LOAD,109683374,4558.57603359284
5213,LOAD,112163204,4457.789918340777
5214,LOAD,120806332,4138.855900367871
5215,LOAD,117179133,4266.971321591874
5216,LOAD,117467236,4256.50604394914
5217,LOAD,111091205,4500.806341960194
5218,LOAD,116168144,4304.1059518003485
5219,LOAD,101973122,4903.252839508042
5220,LOAD,114312540,4373.973319112671
5221,LOAD,115189760,4340.663614543515
5222,LOAD,115227057,4339.258617010413
5223,LOAD,105849480,4723.688770129054
5224,LOAD,117519945,4254.596953734108
5225,LOAD,113239687,4415.4131227861835
5226,LOAD,110821335,4511.766619667594
5227,LOAD,110223515,4536.2371178237245
5228,LOAD,108647106,4602.055392069072
5229,LOAD,109791846,4554.072257788615
5230,LOAD,113749611,4395.6194276567685
5231,LOAD,116252985,4300.964831139605
5232,LOAD,114514614,4366.254948036589
5233,LOAD,108289157,4617.267451809603
5234,LOAD,110723759,4515.742642010555
5235,LOAD,109568380,4563.360341733628
5236,LOAD,107607889,4646.499477375679
5237,LOAD,109024797,4586.112643713522
5238,LOAD,107188025,4664.700184558862
5239,LOAD,104683048,4776.322523585672
5240,LOAD,112850525,4430.639556173974
5241,LOAD,112600759,4440.467403954177
5242,LOAD,120830310,4138.03457096154
5243,LOAD,113555011,4403.152230772097
5244,LOAD,108377693,4613.495509634073
5245,LOAD,106901636,4677.196895284184
5246,LOAD,118125206,4232.796851164856
5247,LOAD,111019408,4503.71704378031
5248,LOAD,108417206,4611.8141063329
5249,LOAD,110067883,4542.651192809804
5250,LOAD,115120505,4343.2749013739995
5251,LOAD,111234864,4494.993584025958
5252,LOAD,117449783,4257.138559379033
5253,LOAD,109324891,4573.523883046909
5254,LOAD,122580179,4078.9628802875222
5255,LOAD,107817512,4637.465572383084
5256,LOAD,115453906,4330.732647538144
5257,LOAD,110815681,4511.996817490117
5258,LOAD,117105562,4269.652025580134
5259,LOAD,117427947,4257.93018420053
5260,LOAD,116349006,4297.415312684321
5261,LOAD,110063376,4542.837210445007
5262,LOAD,116748825,4282.698348355968
5263,LOAD,109066151,4584.373753136297
5264,LOAD,107240549,4662.415519711672
5265,LOAD,109478330,4567.113875412604
5266,LOAD,112905177,4428.494895322648
5267,LOAD,112450342,4446.407108303859
5268,LOAD,113199628,4416.975645891698
5269,LOAD,115694150,4321.739690381924
5270,LOAD,116487264,4292.314737514996
5271,LOAD,105541229,4737.485101675289
5272,LOAD,119755743,4175.1651108707165
5273,LOAD,111019642,4503.707551137663
5274,LOAD,118909679,4204.872170246124
5275,LOAD,108168482,4622.418571058435
5276,LOAD,117036659,4272.165698099772
5277,LOAD,109932831,4548.231819846429
5278,LOAD,116426581,4294.551946002778
5279,LOAD,116649348,4286.350576087232
5280,LOAD,120178534,4160.476778656661
5281,LOAD,116729921,4283.391916285114
5282,LOAD,115941093,4312.53481455449
5283,LOAD,111357714,4490.034700245373
5284,LOAD,110679592,4517.544661711438
5285,LOAD,112541574,4442.8026215449945
5286,LOAD,110756910,4514.391020840145
5287,LOAD,109983324,4546.143740845658
5288,LOAD,107884395,4634.590572621741
5289,LOAD,114293763,4374.691906854095
5290,LOAD,112847900,4430.742619047408
5291,LOAD,119690903,4177.426917733254
5292,LOAD,114919070,4350.88797707813
5293,LOAD,108955541,4589.027739305154
5294,LOAD,116097947,4306.708369270303
5295,LOAD,109534131,4564.78720774258
5296,LOAD,117002057,4273.429141506461
5297,LOAD,119247507,4192.959773993431
5298,LOAD,111128589,4499.292256828709
5299,LOAD,109843707,4551.922123312899
5300,LOAD,111532009,4483.017964824789
5301,LOAD,108910827,4590.911792452003
5302,LOAD,116912818,4276.691029720967
5303,LOAD,117447556,4257.219281770324
5304,LOAD,109843512,4551.930204125302
5305,LOAD,104789856,4771.4542140414815
5306,LOAD,111998345,4464.351683053888
5307,LOAD,107134178,4667.044722180069
5308,LOAD,110637221,4519.2747565487025
5309,LOAD,111409762,4487.937062463162
5310,LOAD,113911336,4389.378770871409
5311,LOAD,116152700,4304.678238215728
5312,LOAD,110902582,4508.461308862945
5313,LOAD,109967948,4546.7793943013285
5314,LOAD,112853667,4430.516201126189
5315,LOAD,110180263,4538.017848078653
5316,LOAD,111096904,4500.575461580819
5317,LOAD,117371782,4259.967698198533
5318,LOAD,115298930,4336.553687011666
5319,LOAD,113047307,4422.927120236486
5320,LOAD,119511352,4183.7029841315825
5321,LOAD,107229335,4662.903113219903
5322,LOAD,113047739,4422.91021848743
5323,LOAD,108613634,4603.473630207419
5324,LOAD,107215022,4663.525601850831
5325,LOAD,109577446,4562.982787534581
5326,LOAD,114123228,4381.22903428564
5327,LOAD,112275231,4453.341984217339
5328,LOAD,114756750,4357.042178346807
5329,LOAD,112301919,4452.283669346737
5330,LOAD,108607390,4603.738290736937
5331,LOAD,115151236,4342.115789360698
5332,LOAD,110973913,4505.563393083202
5333,LOAD,110983075,4505.19144473155
5334,LOAD,115474771,4329.950132570517
5335,LOAD,110975193,4505.511425422797
5336,LOAD,109837294,4552.187893485431
5337,LOAD,110631910,4519.491709037655
5338,LOAD,112732801,4435.266360497864
5339,LOAD,111656082,4478.03640468058
5340,LOAD,111627197,4479.19515528102
5341,LOAD,112764413,4434.022992697173
5342,LOAD,121028767,4131.249226062098
5343,LOAD,112478892,4445.278497231285
5344,LOAD,110470210,4526.107083529578
5345,LOAD,115796388,4317.923975314325
5346,LOAD,115833534,4316.539284729067
5347,LOAD,114760419,4356.902879554666
5348,LOAD,107964762,4631.140667915333
5349,LOAD,108006402,4629.355211740133
5350,LOAD,108769178,4596.890490429191
5351,LOAD,107399276,4655.524865921814
5352,LOAD,109228712,4577.55100142534
5353,LOAD,109647533,4560.066116581027
5354,LOAD,109662933,4559.425745069211
5355,LOAD,106591437,4690.808324499838
5356,LOAD,110132155,4540.000148004005
5357,LOAD,108648923,4601.978429183325
5358,LOAD,109330059,4573.307693906942
5359,LOAD,109775394,4554.754775009052
5360,LOAD,108057210,4627.17851034651
5361,LOAD,110223201,4536.250040497372
5362,LOAD,116228501,4301.870846635113
5363,LOAD,111899315,4468.30259863521
5364,LOAD,107322660,4658.848373679893
5365,LOAD,110005676,4545.220012101921
5366,LOAD,108028361,4628.414199489706
5367,LOAD,111000215,4504.4957795802475
5368,LOAD,110644836,4518.963722807633
5369,LOAD,112637166,4439.0321397113275
5370,LOAD,107985209,4630.263761400878
5371,LOAD,108437531,4610.949690472019
5372,LOAD,117892572,4241.149306675572
5373,LOAD,112537987,4442.944230022526
5374,LOAD,108389463,4612.994530658391
5375,LOAD,111961394,4465.82506823736
5376,LOAD,115987236,4310.819166343441
5377,LOAD,115410226,4332.371725881552
5378,LOAD,103425908,4834.378635573593
5379,LOAD,113350628,4411.091573308267
5380,LOAD,113841402,4392.075213550163
5381,LOAD,109512954,4565.669920656144
5382,LOAD,114918802,4350.89812370303
5383,LOAD,116994108,4273.7194936346705
5384,LOAD,113206327,4416.714270749196
5385,LOAD,115763804,4319.1393399615645
5386,LOAD,111743743,4474.523463922271
5387,LOAD,113176317,4417.885413253021
5388,LOAD,109274830,4575.619106431005
5389,LOAD,114611298,4362.571655021306
5390,LOAD,110819385,4511.846009612848
5391,LOAD,112398677,4448.450936837985
5392,LOAD,113871366,4390.919487169408
5393,LOAD,105251982,4750.504365799022
5394,LOAD,108138257,4623.710552316374
5395,LOAD,108070923,4626.591372778412
5396,LOAD,106944631,4675.316519629676
5397,LOAD,112926013,4427.67779289259
5398,LOAD,114819444,4354.663135278725
5399,LOAD,109833362,4552.350860387939
5400,LOAD,108873613,4592.481008231076
5401,LOAD,118746457,4210.6519439144195
5402,LOAD,112624202,4439.543109925876
5403,LOAD,113212205,4416.484954073635
5404,LOAD,110842780,4510.893718111364
5405,LOAD,110950896,4506.498081818105
5406,LOAD,110649774,4518.762053684809
5407,LOAD,109398713,4570.437679646195
5408,LOAD,116687476,4284.9499975472945
5409,LOAD,113130787,4419.66341134001
5410,LOAD,111093686,4500.705827692133
5411,LOAD,118769942,4209.819349747599
5412,LOAD,113135138,4419.493438015694
5413,LOAD,116494394,4292.052027842644
5414,LOAD,110997868,4504.591025117708
5415,LOAD,105809238,4725.485311594437
5416,LOAD,110489540,4525.315247036055
5417,LOAD,110651787,4518.679847438885
5418,LOAD,116689286,4284.883532495005
5419,LOAD,115817643,4317.13154445735
5420,LOAD,109935790,4548.109400951228
5421,LOAD,108332953,4615.400818991799
5422,LOAD,117412331,4258.496494716556
5423,LOAD,109838487,4552.138450341181
5424,LOAD,109116261,4582.268448512912
5425,LOAD,111484888,4484.912789256244
5426,LOAD,106486328,4695.438460419069
5427,LOAD,110498864,4524.933396600349
5428,LOAD,106538644,4693.132756598629
5429,LOAD,110547764,4522.931825197297
5430,LOAD,116008401,4310.0326846156595
5431,LOAD,110175838,4538.200108811516
5432,LOAD,106534033,4693.3358845055645
5433,LOAD,106754277,4683.65309616588
5434,LOAD,108026424,4628.497190650317
5435,LOAD,111287538,4492.866038603532
5436,LOAD,116508301,4291.539707544101
5437,LOAD,117056487,4271.442043190652
5438,LOAD,110636072,4519.32169103039
5439,LOAD,115757151,4319.387577187348
5440,LOAD,113081608,4421.585515480112
5441,LOAD,108683257,4600.524623585765
5442,LOAD,108982895,4587.87592309784
5443,LOAD,106304294,4703.478864174574
5444,LOAD,113580008,4402.183172940083
5445,LOAD,107001682,4672.82374121932
5446,LOAD,106760968,4683.359558897968
5447,LOAD,111966068,4465.638643307542
5448,LOAD,110075878,4542.32125225474
5449,LOAD,107216656,4663.454528930654
5450,LOAD,110769943,4513.859865396879
5451,LOAD,112720845,4435.736797395371
5452,LOAD,104452208,4786.878224728385
5453,LOAD,98798271,5060.817309242183
5454,LOAD,114857713,4353.212221803511
5455,LOAD,110464393,4526.345426077704
5456,LOAD,112607369,4440.206750590186
5457,LOAD,110524724,4523.874676221765
5458,LOAD,111953804,4466.12783251206
5459,LOAD,118776786,4209.576777064838
5460,LOAD,121954452,4099.89132664054
5461,LOAD,109383113,4571.089506293353
5462,LOAD,116647496,4286.4186300235715
5463,LOAD,110146551,4539.406776341095
5464,LOAD,109985917,4546.036562117312
5465,LOAD,109273479,4575.675676986545
5466,LOAD,109031028,4585.8505525601395
5467,LOAD,109721048,4557.0107934076605
5468,LOAD,118213575,4229.632679664751
5469,LOAD,112816134,4431.990197430449
5470,LOAD,115390685,4333.105397545737
5471,LOAD,112785944,4433.176531288332
5472,LOAD,101187121,4941.340311480944
5473,LOAD,107981842,4630.408138434978
5474,LOAD,107173418,4665.33595112176
5475,LOAD,109100626,4582.92512455428
5476,LOAD,114344317,4372.757764603203
5477,LOAD,110526620,4523.797072596629
5478,LOAD,118708190,4212.009297757804
5479,LOAD,113227305,4415.895971382522
5480,LOAD,112645402,4438.7075825784705
5481,LOAD,116652405,4286.238247724083
5482,LOAD,108299033,4616.846394187102
5483,LOAD,108951057,4589.21660576455
5484,LOAD,107047580,4670.820209107016
5485,LOAD,115475072,4329.93884602211
5486,LOAD,113705229,4397.335148060781
5487,LOAD,107594068,4647.096343638573
5488,LOAD,108593407,4604.331089823897
5489,LOAD,110494107,4525.128204348491
5490,LOAD,107513247,4650.5897082617175
5491,LOAD,109993423,4545.726338564807
5492,LOAD,112052159,4462.207640282951
5493,LOAD,106475710,4695.9067002229895
5494,LOAD,114535945,4365.441783363292
5495,LOAD,105837537,4724.221804216778
5496,LOAD,112359786,4449.990675489538
5497,LOAD,110230309,4535.957528704741
5498,LOAD,116497638,4291.932511112371
5499,LOAD,110293237,4533.36953017346
5500,LOAD,106207731,4707.755219815401
5501,LOAD,107142766,4666.670636447821
5502,LOAD,115083640,4344.6661923449765
5503,LOAD,119058517,4199.615555433133
5504,LOAD,122450274,4083.2901688729585
5505,LOAD,114861468,4353.069908526679
5506,LOAD,116295533,4299.391275845479
5507,LOAD,105894238,4721.692222762867
5508,LOAD,114272096,4375.5213871284905
5509,LOAD,117627135,4250.71987003679
5510,LOAD,117235105,4264.934125320227
5511,LOAD,112775566,4433.584487618533
5512,LOAD,355620549,1405.9929928289944
5513,LOAD,116021758,4309.53649228449
5514,LOAD,110154635,4539.073639525019
5515,LOAD,107072816,4669.7193431430815
5516,LOAD,103596928,4826.3979410663605
5517,LOAD,110146702,4539.400553273034
5518,LOAD,103703950,4821.41712056291
5519,LOAD,110004899,4545.252116453468
5520,LOAD,113085476,4421.434278615939
5521,LOAD,110022922,4544.507552707971
5522,LOAD,106290177,4704.103559823783
5523,LOAD,113800013,4393.672608807171
5524,LOAD,115975482,4311.256063587647
5525,LOAD,111034898,4503.088749628969
5526,LOAD,110121701,4540.431136275311
5527,LOAD,112148402,4458.378283446251
5528,LOAD,114780218,4356.151336112639
5529,LOAD,110066152,4542.72263465702
5530,LOAD,110754268,4514.498709882674
5531,LOAD,115204230,4340.118414054762
5532,LOAD,110058128,4543.0538306084945
5533,LOAD,110012316,4544.945676809494
5534,LOAD,109277623,4575.502159303008
5535,LOAD,111563730,4481.743304925355
5536,LOAD,110806516,4512.370012608283
5537,LOAD,115235404,4338.944305692719
5538,LOAD,107853803,4635.905142816337
5539,LOAD,112409995,4448.003044569124
5540,LOAD,110431279,4527.7026991600815
5541,LOAD,109832772,4552.375314719363
5542,LOAD,116924725,4276.255513964219
5543,LOAD,116305755,4299.013406516298
5544,LOAD,118067770,4234.855964502421
5545,LOAD,109361583,4571.989416063957
5546,LOAD,116425341,4294.597685567441
5547,LOAD,114593277,4363.257715371906
5548,LOAD,112878555,4429.53933986841
5549,LOAD,114487223,4367.299571935639
5550,LOAD,111110203,4500.036778800593
5551,LOAD,109391304,4570.7472323394195
5552,LOAD,118247840,4228.407047435285
5553,LOAD,108309221,4616.412115086674
5554,LOAD,113363653,4410.584757708893
5555,LOAD,101000765,4950.457553465065
5556,LOAD,110632880,4519.452083322788
5557,LOAD,107353440,4657.512605092114
5558,LOAD,109369172,4571.672171020917
5559,LOAD,110467808,4526.2054987096335
5560,LOAD,103958802,4809.597555770218
5561,LOAD,112415856,4447.771140042735
5562,LOAD,109722225,4556.961909950332
5563,LOAD,114195277,4378.464794126293
5564,LOAD,116199536,4302.943171821271
5565,LOAD,104718056,4774.725764580657
5566,LOAD,111603276,4480.155224117257
5567,LOAD,107593587,4647.117118606707
5568,LOAD,107286752,4660.407652195492
5569,LOAD,109139557,4581.290356529485
5570,LOAD,114146177,4380.348191599969
5571,LOAD,109142287,4581.175763707425
5572,LOAD,106347173,4701.582429464298
5573,LOAD,109316765,4573.863853362291
5574,LOAD,108200356,4621.056884507848
5575,LOAD,111121100,4499.595486365776
5576,LOAD,113559606,4402.974064563064
5577,LOAD,105508831,4738.939814431268
5578,LOAD,107527796,4649.96046231618
5579,LOAD,112479973,4445.235775438886
5580,LOAD,114027071,4384.923646771564
5581,LOAD,106683010,4686.7818971361985
5582,LOAD,106591335,4690.812813255412
5583,LOAD,107025036,4671.804081430068
5584,LOAD,109562599,4563.6011245041755
5585,LOAD,108398224,4612.62169756582
5586,LOAD,108532539,4606.913323938731
5587,LOAD,110052192,4543.298874046961
5588,LOAD,105647192,4732.7334549507
5589,LOAD,110124513,4540.315197580034
5590,LOAD,101541529,4924.093668118785
5591,LOAD,111337494,4490.850135355122
5592,LOAD,116999361,4273.527613539702
5593,LOAD,109953242,4547.387515867881
5594,LOAD,107990138,4630.052422009128
5595,LOAD,108027820,4628.437378445663
5596,LOAD,110839220,4511.038601679081
5597,LOAD,117120785,4269.097069320361
5598,LOAD,110839061,4511.04507281959
5599,LOAD,109065321,4584.408640763089
5600,LOAD,104533971,4783.134087578094
5601,LOAD,110617636,4520.074900172337
5602,LOAD,111813896,4471.716109418099
5603,LOAD,115078217,4344.870932437196
5604,LOAD,112586848,4441.016058998294
5605,LOAD,115266998,4337.755026811751
5606,LOAD,116347758,4297.461408753575
5607,LOAD,120268801,4157.354158706546
5608,LOAD,112469086,4445.666073964539
5609,LOAD,113154549,4418.735299806639
5610,LOAD,109802731,4553.620802018121
5611,LOAD,116929369,4276.085676986762
5612,LOAD,110219082,4536.419564808206
5613,LOAD,110278632,4533.969917218415
5614,LOAD,114973431,4348.830818139192
5615,LOAD,111149936,4498.428141245173
5616,LOAD,110003636,4545.304302486874
5617,LOAD,115818700,4317.092144878159
5618,LOAD,111622998,4479.36365228248
5619,LOAD,114195419,4378.459349582141
5620,LOAD,112314023,4451.8038499965405
5621,LOAD,108237519,4619.47025966107
5622,LOAD,115828454,4316.728599347445
5623,LOAD,110553619,4522.692287441084
5624,LOAD,116831718,4279.6597410302575
5625,LOAD,109575881,4563.047957606656
5626,LOAD,113857114,4391.469118038597
5627,LOAD,106054718,4714.547447101787
5628,LOAD,109014724,4586.536402183617
5629,LOAD,112940200,4427.121609488915
5630,LOAD,109899880,4549.595504562881
5631,LOAD,113119695,4420.096783323187
5632,LOAD,122676568,4075.757971970654
5633,LOAD,109408255,4570.039070635026
5634,LOAD,108496333,4608.450683766428
5635,LOAD,109433429,4568.987781603737
5636,LOAD,110304592,4532.902855032545
5637,LOAD,106441869,4697.399667042675
5638,LOAD,109057879,4584.721476198891
5639,LOAD,106385299,4699.897492415752
5640,LOAD,111895234,4468.465564851493
5641,LOAD,108446419,4610.571788451585
5642,LOAD,110002575,4545.348142986652
5643,LOAD,104743221,4773.578616605651
5644,LOAD,108043837,4627.751233973669
5645,LOAD,112024258,4463.319007210028
5646,LOAD,107753510,4640.220072645429
5647,LOAD,109561280,4563.656065354476
5648,LOAD,103652826,4823.795156342384
5649,LOAD,116865231,4278.432479203331
5650,LOAD,123171183,4059.3910671459575
5651,LOAD,111018748,4503.743818116198
5652,LOAD,111659079,4477.916211363341
5653,LOAD,110998565,4504.562739166943
5654,LOAD,116400800,4295.503123689871
5655,LOAD,112482341,4445.142193475507
5656,LOAD,111769685,4473.484916773274
5657,LOAD,110839795,4511.015199910827
5658,LOAD,108448707,4610.474516768559
5659,LOAD,108032090,4628.254438102605
5660,LOAD,109463235,4567.743681246036
5661,LOAD,111394331,4488.558757985628
5662,LOAD,105891862,4721.798168021637
5663,LOAD,110410255,4528.564851154451
5664,LOAD,112189018,4456.764208418332
5665,LOAD,117679073,4248.843802500041
5666,LOAD,118528506,4218.394518530419
5667,LOAD,109549273,4564.156258709266
5668,LOAD,107764295,4639.75568160122
5669,LOAD,109103301,4582.812760174874
5670,LOAD,109838397,4552.142180297842
5671,LOAD,109665433,4559.321805623108
5672,LOAD,108582097,4604.810680714703
5673,LOAD,107809248,4637.821052234777
5674,LOAD,112794906,4432.824297934164
5675,LOAD,114450886,4368.686145426606
5676,LOAD,111203382,4496.266129747744
5677,LOAD,116595225,4288.340281516675
5678,LOAD,112099852,4460.309189346654
5679,LOAD,114820356,4354.628546875434
5680,LOAD,118314490,4226.025062526153
5681,LOAD,118470616,4220.455813279472
5682,LOAD,110366653,4530.353928554851
5683,LOAD,109487979,4566.711382991187
5684,LOAD,111783809,4472.919687322517
5685,LOAD,113624783,4400.44844794115
5686,LOAD,112830919,4431.40944371817
5687,LOAD,113015669,4424.165289859055
5688,LOAD,115840049,4316.296516759933
5689,LOAD,110870951,4509.747553261268
5690,LOAD,107983611,4630.332282553507
5691,LOAD,109925665,4548.528316840294
5692,LOAD,113954548,4387.714301670522
5693,LOAD,109754029,4555.6414152231255
5694,LOAD,106162828,4709.746428382635
5695,LOAD,112173142,4457.394979628903
5696,LOAD,114992829,4348.097219175293
5697,LOAD,118582693,4216.466900443896
5698,LOAD,118770353,4209.804781838107
5699,LOAD,115911163,4313.648375696135
5700,LOAD,119440980,4186.167929968425
5701,LOAD,110894941,4508.771955611573
5702,LOAD,109190935,4579.134705642003
5703,LOAD,109561373,4563.652191543821
5704,LOAD,107666977,4643.949462795821
5705,LOAD,114856503,4353.258082391731
5706,LOAD,111589971,4480.68939815389
5707,LOAD,107895516,4634.112876386819
5708,LOAD,111511050,4483.860568078231
5709,LOAD,109163115,4580.301688899222
5710,LOAD,110290554,4533.479811879447
5711,LOAD,109334027,4573.141717353921
5712,LOAD,108838611,4593.957929139688
5713,LOAD,110756850,4514.393466408624
5714,LOAD,107666754,4643.959081370653
5715,LOAD,106935078,4675.734187055065
5716,LOAD,105684976,4731.041430146135
5717,LOAD,105131259,4755.959404994855
5718,LOAD,110119742,4540.511909299606
5719,LOAD,110564324,4522.254393740968
5720,LOAD,107572878,4648.011741398236
5721,LOAD,113537002,4403.850649500151
5722,LOAD,109714013,4557.302994650283
5723,LOAD,109902360,4549.492840736086
5724,LOAD,109815270,4553.100857467272
5725,LOAD,105422195,4742.834276975545
5726,LOAD,114586917,4363.499892400456
5727,LOAD,108799104,4595.626081626554
5728,LOAD,106762296,4683.30130329906
5729,LOAD,115440185,4331.247390152744
5730,LOAD,110582421,4521.514319170133
5731,LOAD,112922172,4427.8283984831605
5732,LOAD,108699522,4599.836234790435
5733,LOAD,111023462,4503.552591433331
5734,LOAD,108410998,4612.078195239933
5735,LOAD,108306804,4616.515136020448
5736,LOAD,104706511,4775.252228583951
5737,LOAD,114140423,4380.569011909129
5738,LOAD,106125376,4711.408513643334
5739,LOAD,108345237,4614.877532641329
5740,LOAD,109215860,4578.089665731699
5741,LOAD,110629184,4519.603073272239
5742,LOAD,111287207,4492.879401672827
5743,LOAD,112702688,4436.451418088626
5744,LOAD,116392310,4295.816450416699
5745,LOAD,104807815,4770.636617126309
5746,LOAD,110350279,4531.026151732702
5747,LOAD,112577508,4441.384508173693
5748,LOAD,109319212,4573.761472045738
5749,LOAD,107120396,4667.645179355013
5750,LOAD,105426692,4742.631970279405
5751,LOAD,107814524,4637.594096320455
5752,LOAD,117338460,4261.177451962468
5753,LOAD,110689414,4517.143798412376
5754,LOAD,115393329,4333.0061133776635
5755,LOAD,109508610,4565.851032169981
5756,LOAD,105255205,4750.358901490905
5757,LOAD,113357507,4410.823890119602
5758,LOAD,108763006,4597.151351260004
5759,LOAD,112122316,4459.415554705452
5760,LOAD,113485975,4405.830764550421
5761,LOAD,111411500,4487.867051426469
5762,LOAD,118136802,4232.381370878822
5763,LOAD,107673145,4643.683436570929
5764,LOAD,108984819,4587.794929493804
5765,LOAD,107349981,4657.662678114493
5766,LOAD,109758492,4555.456173723669
5767,LOAD,109119787,4582.1203811550695
5768,LOAD,108919232,4590.557524313062
5769,LOAD,107952903,4631.649414745243
5770,LOAD,117561414,4253.0961732052665
5771,LOAD,110359590,4530.643870641418
5772,LOAD,109188262,4579.246805851713
5773,LOAD,109122532,4582.005116963379
5774,LOAD,112245620,4454.516799853749
5775,LOAD,115266611,4337.7695905365
5776,LOAD,110303333,4532.954593493562
5777,LOAD,108547929,4606.260152600424
5778,LOAD,101955962,4904.078095992071
5779,LOAD,117914608,4240.356716446871
5780,LOAD,113036584,4423.346692783993
5781,LOAD,111506523,4484.042606189057
5782,LOAD,110861430,4510.134859346484
5783,LOAD,114646459,4361.233694971774
5784,LOAD,116689069,4284.891500848293
5785,LOAD,117147850,4268.110767717888
5786,LOAD,106553019,4692.499609044395
5787,LOAD,109341632,4572.823643239567
5788,LOAD,116438594,4294.108875962553
5789,LOAD,115333145,4335.267194872731
5790,LOAD,112515955,4443.814212837637
5791,LOAD,111136176,4498.9851009449885
5792,LOAD,106736966,4684.412708526866
5793,LOAD,107916021,4633.232353887473
5794,LOAD,111253365,4494.2460841521515
5795,LOAD,107749974,4640.3723494169935
5796,LOAD,111439263,4486.74898361451
5797,LOAD,111491551,4484.644760211471
5798,LOAD,108367414,4613.933114616909
5799,LOAD,108256651,4618.653869128097
5800,LOAD,105334253,4746.793998719486
5801,LOAD,109121390,4582.053069521934
5802,LOAD,108167716,4622.451305156522
5803,LOAD,112715073,4435.963946011018
5804,LOAD,116484564,4292.414229236417
5805,LOAD,109976997,4546.405281460813
5806,LOAD,117127364,4268.85727574301
5807,LOAD,116138431,4305.207119596786
5808,LOAD,118457273,4220.931204452089
5809,LOAD,117616714,4251.09648956865
5810,LOAD,107787379,4638.76202055159
5811,LOAD,110507118,4524.595420179177
5812,LOAD,107447366,4653.441202085865
5813,LOAD,109097545,4583.054549944272
5814,LOAD,109307238,4574.262502177578
5815,LOAD,108882964,4592.086600434573
5816,LOAD,112806929,4432.35184604662
5817,LOAD,107823485,4637.208674900463
5818,LOAD,106179987,4708.985319427474
5819,LOAD,109255159,4576.442930260163
5820,LOAD,109016867,4586.446242304873
5821,LOAD,110264648,4534.544925042522
5822,LOAD,110431018,4527.713400233257
5823,LOAD,112314777,4451.773963812438
5824,LOAD,117148037,4268.103954656961
5825,LOAD,108435104,4611.052892981962
5826,LOAD,109522919,4565.254510793307
5827,LOAD,110988777,4504.959992486448
5828,LOAD,117620711,4250.952028337934
5829,LOAD,108725257,4598.7474649059695
5830,LOAD,111372017,4489.458065574946
5831,LOAD,116584920,4288.719330081454
5832,LOAD,111347455,4490.448389682548
5833,LOAD,113522004,4404.432465797556
5834,LOAD,112580922,4441.249823837826
5835,LOAD,108857949,4593.1418384522385
5836,LOAD,109216749,4578.052401101959
5837,LOAD,115262318,4337.931152833487
5838,LOAD,116876303,4278.02717202648
5839,LOAD,117251300,4264.345043509113
5840,LOAD,112532363,4443.16627386559
5841,LOAD,116115454,4306.059036723915
5842,LOAD,113782493,4394.349137700823
5843,LOAD,110772441,4513.758074537692
5844,LOAD,116806557,4280.581611527168
5845,LOAD,114005322,4385.760166529769
5846,LOAD,110279011,4533.9543351544935
5847,LOAD,107889927,4634.352936396
5848,LOAD,114609671,4362.63358613079
5849,LOAD,116168140,4304.106100002979
5850,LOAD,117180782,4266.911275604903
5851,LOAD,115838559,4316.352036112604
5852,LOAD,110612745,4520.274765805695
5853,LOAD,115054064,4345.7830398759315
5854,LOAD,112715891,4435.931753402899
5855,LOAD,115536319,4327.643500568856
5856,LOAD,118040576,4235.831583878411
5857,LOAD,114052377,4383.950717660185
5858,LOAD,110052303,4543.294291624228
5859,LOAD,108248653,4618.995120428888
5860,LOAD,109690068,4558.297839691375
5861,LOAD,113729988,4396.377848909999
5862,LOAD,109329244,4573.341785844599
5863,LOAD,116586722,4288.653042325009
5864,LOAD,109829454,4552.5128441410625
5865,LOAD,112100835,4460.270077381671
5866,LOAD,110287420,4533.608638229093
5867,LOAD,108022741,4628.654997747188
5868,LOAD,109767061,4555.100550610533
5869,LOAD,110316246,4532.423991294991
5870,LOAD,108399348,4612.573868986739
5871,LOAD,115636521,4323.89348690281
5872,LOAD,115312536,4336.042006742441
5873,LOAD,117568205,4252.85050494732
5874,LOAD,114611460,4362.565488651833
5875,LOAD,106739786,4684.288949202128
5876,LOAD,109496180,4566.369347314217
5877,LOAD,108263112,4618.378233945464
5878,LOAD,108642882,4602.234318489453
5879,LOAD,109501488,4566.147996089332
5880,LOAD,106118864,4711.697629933166
5881,LOAD,104469677,4786.077782168313
5882,LOAD,117442343,4257.408250106182
5883,LOAD,105753385,4727.981047604292
5884,LOAD,116639887,4286.698254431608
5885,LOAD,116308721,4298.903776957533
5886,LOAD,102530050,4876.6190984984405
5887,LOAD,108441034,4610.8007417192275
5888,LOAD,111292021,4492.685059605486
5889,LOAD,117277779,4263.382238846798
5890,LOAD,112193728,4456.577109194553
5891,LOAD,104976251,4762.982057722751
5892,LOAD,107457658,4652.995508240092
5893,LOAD,105166209,4754.378851861057
5894,LOAD,110805052,4512.4296318185925
5895,LOAD,110249445,4535.170222398851
5896,LOAD,110922258,4507.661573207426
5897,LOAD,109106338,4582.685196528179
5898,LOAD,117803756,4244.346844085345
5899,LOAD,116105177,4306.440185694734
5900,LOAD,107741438,4640.73999086591
5901,LOAD,109631824,4560.719522462748
5902,LOAD,116719811,4283.762933783366
5903,LOAD,100242103,4987.924086149709
5904,LOAD,101759569,4913.542823672927
5905,LOAD,113335737,4411.671139527684
5906,LOAD,105893619,4721.719823363484
5907,LOAD,116386589,4296.027611909823
5908,LOAD,107308955,4659.443380098148
5909,LOAD,110114036,4540.747194117924
5910,LOAD,115192777,4340.549928751175
5911,LOAD,113345857,4411.27724677224
5912,LOAD,105922659,4720.425305788443
5913,LOAD,111282994,4493.049495055821
5914,LOAD,101564410,4922.98434067603
5915,LOAD,108561513,4605.683784086539
5916,LOAD,108296030,4616.974417252415
5917,LOAD,110906279,4508.3110217772255
5918,LOAD,113898558,4389.8712045151615
5919,LOAD,106956330,4674.80512841082
5920,LOAD,111191193,4496.759019394639
5921,LOAD,107602074,4646.75058214956
5922,LOAD,105739607,4728.597109312123
5923,LOAD,108674155,4600.909940362545
5924,LOAD,104810935,4770.494605357732
5925,LOAD,105346993,4746.219951432311
5926,LOAD,106806594,4681.358905612138
5927,LOAD,108877811,4592.303936015025
5928,LOAD,104115668,4802.351169662572
5929,LOAD,108962021,4588.754828620516
5930,LOAD,110985521,4505.0921552190575
5931,LOAD,115522612,4328.156984539096
5932,LOAD,115058856,4345.602045617418
5933,LOAD,109968688,4546.748798166984
5934,LOAD,116520092,4291.105434417267
5935,LOAD,109359935,4572.058313677673
5936,LOAD,114165408,4379.61032820029
5937,LOAD,107700254,4642.514584970245
5938,LOAD,110731226,4515.438129439658
5939,LOAD,111862150,4469.787144266403
5940,LOAD,111657098,4477.995657741347
5941,LOAD,114579766,4363.772221353637
5942,LOAD,109123822,4581.950951094804
5943,LOAD,122062979,4096.246086210955
5944,LOAD,107366988,4656.924901348634
5945,LOAD,116317824,4298.567345964106
5946,LOAD,110375996,4529.970447559993
5947,LOAD,107048363,4670.78604462172
5948,LOAD,109492160,4566.5370013706915
5949,LOAD,111425605,4487.298947131587
5950,LOAD,111950807,4466.247393821824
5951,LOAD,109442034,4568.628539926442
5952,LOAD,112461988,4445.946660661912
5953,LOAD,113025236,4423.7908072140635
5954,LOAD,109983691,4546.128571007859
5955,LOAD,109354531,4572.284252218135
5956,LOAD,112481471,4445.176574904502
5957,LOAD,109811488,4553.257670090036
5958,LOAD,114499116,4366.845941413208
5959,LOAD,110685261,4517.313285280143
5960,LOAD,114825377,4354.438130867186
5961,LOAD,125112862,3996.391673943164
5962,LOAD,112841742,4430.984413551503
5963,LOAD,120480836,4150.037604320741
5964,LOAD,120266058,4157.448978663623
5965,LOAD,115852647,4315.827155852555
5966,LOAD,117213412,4265.723448098243
5967,LOAD,111526687,4483.231892291394
5968,LOAD,116044833,4308.679560080025
5969,LOAD,116759615,4282.302575252582
5970,LOAD,118619376,4215.162959548868
5971,LOAD,111748963,4474.314450685328
5972,LOAD,114512825,4366.323160746406
5973,LOAD,117652563,4249.801170927318
5974,LOAD,111522592,4483.39651216141
5975,LOAD,118037699,4235.934826211751
5976,LOAD,116723070,4283.643327750033
5977,LOAD,116369180,4296.670303941301
5978,LOAD,111208636,4496.053705757168
5979,LOAD,110545062,4523.042377053441
5980,LOAD,108836564,4594.044332380798
5981,LOAD,108078281,4626.276393126571
5982,LOAD,111470535,4485.490268796145
5983,LOAD,109886919,4550.132122641458
5984,LOAD,109652594,4559.855647373011
5985,LOAD,111776250,4473.222173762316
5986,LOAD,115864154,4315.398531283455
5987,LOAD,113541557,4403.6739781540955
5988,LOAD,110997698,4504.597924183977
5989,LOAD,105575969,4735.926221998493
5990,LOAD,121857330,4103.158997493217
5991,LOAD,110762223,4514.174476256223
5992,LOAD,112856400,4430.408909020667
5993,LOAD,116622275,4287.345620722971
5994,LOAD,112577257,4441.394410595739
5995,LOAD,112137288,4458.820156235632
5996,LOAD,112106999,4460.024837521518
5997,LOAD,109784141,4554.391877056269
5998,LOAD,114629306,4361.886305060593
5999,LOAD,112758225,4434.266325139474
6000,LOAD,117852483,4242.591986797597
6001,LOAD,112186147,4456.878263231556
6002,LOAD,110246972,4535.27195286597
6003,LOAD,108460456,4609.975086219442
6004,LOAD,117852956,4242.574959256855
6005,LOAD,108527898,4607.110330285766
6006,LOAD,111452051,4486.2341743715415
6007,LOAD,114313894,4373.92151123817
6008,LOAD,114979204,4348.612467346704
6009,LOAD,116301658,4299.164849395354
6010,LOAD,107686492,4643.107883948898
6011,LOAD,109718917,4557.099301299155
6012,LOAD,490496656,1019.3749414674908
6013,LOAD,109313104,4574.017036420446
6014,LOAD,108985381,4587.771271818558
6015,LOAD,113018157,4424.06789556832
6016,LOAD,104782098,4771.807489481647
6017,LOAD,110300630,4533.065676959415
6018,LOAD,107978511,4630.550980648363
6019,LOAD,106125381,4711.408291669643
6020,LOAD,115329969,4335.38658108891
6021,LOAD,117569030,4252.820662039994
6022,LOAD,108217713,4620.31571485899
6023,LOAD,108512200,4607.7768214081
6024,LOAD,111555130,4482.088811155524
6025,LOAD,106094390,4712.784530831461
6026,LOAD,122496294,4081.756138679591
6027,LOAD,114960695,4349.312606365158
6028,LOAD,112945253,4426.923546755878
6029,LOAD,110767247,4513.969729698166
6030,LOAD,112091179,4460.654303582622
6031,LOAD,119724059,4176.270034413049
6032,LOAD,113682552,4398.212313178895
6033,LOAD,110649481,4518.774019373846
6034,LOAD,116739794,4283.02965825004
6035,LOAD,116832899,4279.616480286088
6036,LOAD,117676715,4248.928940614972
6037,LOAD,116901542,4277.103547530622
6038,LOAD,117717815,4247.445469489899
6039,LOAD,109120113,4582.106691916641
6040,LOAD,119066799,4199.323440281619
6041,LOAD,117478487,4256.098395274702
6042,LOAD,124387935,4019.682455537187
6043,LOAD,108813778,4595.006341935853
6044,LOAD,116944237,4275.542026068373
6045,LOAD,116207201,4302.659350688604
6046,LOAD,116169282,4304.063788566757
6047,LOAD,103655772,4823.658059292636
6048,LOAD,117148763,4268.077504155976
6049,LOAD,113545777,4403.510312849416
6050,LOAD,112275084,4453.347814907892
6051,LOAD,112742475,4434.885787277599
6052,LOAD,113106995,4420.593085334819
6053,LOAD,112482433,4445.138557769283
6054,LOAD,112660613,4438.108285457314
6055,LOAD,111887959,4468.756106275922
6056,LOAD,110277553,4534.014279406435
6057,LOAD,111218169,4495.668329155823
6058,LOAD,110922171,4507.665108718436
6059,LOAD,113084550,4421.4704838105645
6060,LOAD,118152534,4231.817829653996
6061,LOAD,117127100,4268.866897583906
6062,LOAD,113021582,4423.933828850493
6063,LOAD,107881219,4634.727013976362
6064,LOAD,111789238,4472.702461752177
6065,LOAD,103423823,4834.476095512346
6066,LOAD,110168422,4538.505598273887
6067,LOAD,117151240,4267.9872615945
6068,LOAD,110728077,4515.566544156637
6069,LOAD,115393829,4332.987338517036
6070,LOAD,117082146,4270.50594033355
6071,LOAD,112988733,4425.219990740138
6072,LOAD,107593316,4647.12882350424
6073,LOAD,108865294,4592.831945137631
6074,LOAD,112598887,4440.541228440385
6075,LOAD,112361339,4449.9291700324075
6076,LOAD,114556394,4364.662525952065
6077,LOAD,118922917,4204.404101524015
6078,LOAD,109748372,4555.8762365969305
6079,LOAD,107484154,4651.848494802313
6080,LOAD,113179508,4417.760854729992
6081,LOAD,116758537,4282.342112594302
6082,LOAD,108307099,4616.5025618496165
6083,LOAD,106260769,4705.40543518935
6084,LOAD,110429908,4527.758911109479
6085,LOAD,103989935,4808.157635640411
6086,LOAD,116628857,4287.103662518102
6087,LOAD,118261197,4227.929470390867
6088,LOAD,110491460,4525.236611046682
6089,LOAD,105856025,4723.3967079341965
6090,LOAD,111214534,4495.815268173493
6091,LOAD,112353008,4450.259133249017
6092,LOAD,112997847,4424.863068408728
6093,LOAD,108817304,4594.857450245229
6094,LOAD,112827153,4431.557357474047
6095,LOAD,113024970,4423.801218438723
6096,LOAD,115587819,4325.715324726389
6097,LOAD,117158519,4267.722093687442
6098,LOAD,109354678,4572.278105926113
6099,LOAD,117410746,4258.553982784506
6100,LOAD,111461161,4485.867503210378
6101,LOAD,110641010,4519.119989956707
6102,LOAD,121925884,4100.851956915071
6103,LOAD,114523485,4365.91673751458
6104,LOAD,116291493,4299.540637938151
6105,LOAD,116277745,4300.048990458149
6106,LOAD,110373368,4530.078306571201
6107,LOAD,102830744,4862.359062577628
6108,LOAD,105618598,4734.014742365734
6109,LOAD,111930780,4467.046508565383
6110,LOAD,116455159,4293.498066496135
6111,LOAD,115777462,4318.629821061373
6112,LOAD,108474382,4609.383255117324
6113,LOAD,116662390,4285.871393514225
6114,LOAD,115577876,4326.08745985261
6115,LOAD,119039692,4200.2796848634325
6116,LOAD,115368734,4333.929849659267
6117,LOAD,124647530,4011.3109341195927
6118,LOAD,109401728,4570.311723047007
6119,LOAD,113938214,4388.343317370238
6120,LOAD,116857140,4278.7287109713625
6121,LOAD,110143046,4539.551230497112
6122,LOAD,115988456,4310.773823905372
6123,LOAD,117478100,4256.112415846017
6124,LOAD,112837872,4431.136383004458
6125,LOAD,100370249,4981.555839320475
6126,LOAD,112879922,4429.485697199543
6127,LOAD,119768530,4174.719352404175
6128,LOAD,108381120,4613.349631374911
6129,LOAD,106082984,4713.291247538813
6130,LOAD,108084909,4625.992699868952
6131,LOAD,105689346,4730.845812973429
6132,LOAD,112108007,4459.98473596984
6133,LOAD,107986232,4630.219896921674
6134,LOAD,115034124,4346.536337339345
6135,LOAD,110618003,4520.059903811498
6136,LOAD,109169824,4580.02020778196
6137,LOAD,111286074,4492.925143535929
6138,LOAD,110924547,4507.568554686097
6139,LOAD,112959476,4426.366142137557
6140,LOAD,108484644,4608.947234965347
6141,LOAD,109496420,4566.359338506228
6142,LOAD,115937583,4312.66537616193
6143,LOAD,113410586,4408.759513860549
6144,LOAD,114552214,4364.821792095612
6145,LOAD,112179635,4457.136983909781
6146,LOAD,113420009,4408.393231568161
6147,LOAD,104723134,4774.494239257583
6148,LOAD,109770046,4554.976682801062
6149,LOAD,108018492,4628.837069860224
6150,LOAD,110715773,4516.068365435158
6151,LOAD,106994320,4673.145266029075
6152,LOAD,109591742,4562.387556536878
6153,LOAD,111342028,4490.667261781867
6154,LOAD,119787003,4174.0755464096555
6155,LOAD,111365950,4489.702642504284
6156,LOAD,108522965,4607.319750248254
6157,LOAD,111270167,4493.567444722177
6158,LOAD,109220710,4577.886373381019
6159,LOAD,110948374,4506.600520346517
6160,LOAD,111046579,4502.615069303485
6161,LOAD,115780522,4318.515682629242
6162,LOAD,111331323,4491.099059336608
6163,LOAD,111384142,4488.96935436285
6164,LOAD,114163583,4379.680339920656
6165,LOAD,108199593,4621.08947119607
6166,LOAD,115862511,4315.459726226717
6167,LOAD,110654242,4518.579594987421
6168,LOAD,118187146,4230.578509781428
6169,LOAD,111313932,4491.800720865741
6170,LOAD,108720185,4598.96200507753
6171,LOAD,112920138,4427.90815576226
6172,LOAD,110010337,4545.027436830777
6173,LOAD,108597839,4604.1431818914925
6174,LOAD,118669603,4213.37888861059
6175,LOAD,106281047,4704.507662593877
6176,LOAD,103914978,4811.625904400423
6177,LOAD,113279722,4413.852639927912
6178,LOAD,109969758,4546.704558538721
6179,LOAD,119621491,4179.850926619866
6180,LOAD,111773918,4473.315501027709
6181,LOAD,117727463,4247.097382876585
6182,LOAD,120563202,4147.2023943093345
6183,LOAD,119267544,4192.255354901917
6184,LOAD,117921512,4240.1084545116755
6185,LOAD,117184317,4266.78255930783
6186,LOAD,106211007,4707.610012585607
6187,LOAD,115471349,4330.078450889147
6188,LOAD,111633106,4478.958061061205
6189,LOAD,116278901,4300.0062410290575
6190,LOAD,118357443,4224.491399328388
6191,LOAD,119220720,4193.901865380448
6192,LOAD,112405735,4448.171616866346
6193,LOAD,112271171,4453.50302795007
6194,LOAD,110256024,4534.899607843649
6195,LOAD,118458661,4220.88174709319
6196,LOAD,111433192,4486.993426518734
6197,LOAD,116458848,4293.362063825326
6198,LOAD,111498815,4484.352591549964
6199,LOAD,116028415,4309.289237468252
6200,LOAD,116135930,4305.299832704659
6201,LOAD,119324386,4190.258309814391
6202,LOAD,119319946,4190.414233006776
6203,LOAD,116540211,4290.364636460114
6204,LOAD,116739062,4283.056514536668
6205,LOAD,116849588,4279.005245615414
6206,LOAD,110438612,4527.402064777852
6207,LOAD,117629555,4250.632419717987
6208,LOAD,117655306,4249.702091633674
6209,LOAD,110235373,4535.749155581848
6210,LOAD,116018996,4309.6390870336445
6211,LOAD,108963432,4588.695407464772
6212,LOAD,112769354,4433.828715556888
6213,LOAD,111491383,4484.651517866632
6214,LOAD,110220968,4536.341941761933
6215,LOAD,116730497,4283.370780131263
6216,LOAD,117682534,4248.718845568026
6217,LOAD,118063155,4235.021501839418
6218,LOAD,121357032,4120.074393381671
6219,LOAD,123569020,4046.3216427547936
6220,LOAD,118453822,4221.054175862726
6221,LOAD,106687808,4686.571121603698
6222,LOAD,115601364,4325.208481104081
6223,LOAD,128022101,3905.575647442312
6224,LOAD,113449086,4407.263360411735
6225,LOAD,112152780,4458.20424602939
6226,LOAD,108374201,4613.644164260089
6227,LOAD,118967420,4202.8313297876
6228,LOAD,107059221,4670.312331153615
6229,LOAD,118571735,4216.856572099582
6230,LOAD,118815118,4208.218688130243
6231,LOAD,108616791,4603.3398280013635
6232,LOAD,109658057,4559.62848220081
6233,LOAD,110125457,4540.2762778092265
6234,LOAD,114461071,4368.297410042581
6235,LOAD,111592356,4480.593634926034
6236,LOAD,110332539,4531.754680276143
6237,LOAD,107298332,4659.904685191193
6238,LOAD,106413704,4698.642949220149
6239,LOAD,106377157,4700.257217816039
6240,LOAD,116517282,4291.208921265431
6241,LOAD,114121114,4381.310192958684
6242,LOAD,108757021,4597.404336773807
6243,LOAD,110655660,4518.521691524862
6244,LOAD,103105635,4849.395476784562
6245,LOAD,114616523,4362.372779359221
6246,LOAD,117667561,4249.259487922929
6247,LOAD,113773716,4394.688136933139
6248,LOAD,112325001,4451.368756275373
6249,LOAD,107704318,4642.339409270481
6250,LOAD,110157729,4538.946150569244
6251,LOAD,116298164,4299.294011210701
6252,LOAD,112171268,4457.469447523764
6253,LOAD,105702463,4730.25874524797
6254,LOAD,121535932,4114.009674110205
6255,LOAD,116102650,4306.533916323185
6256,LOAD,109396704,4570.521612790089
6257,LOAD,110951869,4506.458561775106
6258,LOAD,117934718,4239.633659021426
6259,LOAD,115186789,4340.775572795939
6260,LOAD,117449725,4257.140661674602
6261,LOAD,108709571,4599.411030699403
6262,LOAD,114762417,4356.827026394887
6263,LOAD,114645625,4361.26542116195
6264,LOAD,114417899,4369.9456498497675
6265,LOAD,121604354,4111.694882240812
6266,LOAD,120783068,4139.653084486975
6267,LOAD,116616061,4287.574076095745
6268,LOAD,111728116,4475.149299035885
6269,LOAD,112108960,4459.946823162038
6270,LOAD,123365760,4052.9884467132533
6271,LOAD,113262801,4414.512051489879
6272,LOAD,122538107,4080.363343625016
6273,LOAD,116509990,4291.477494762466
6274,LOAD,119885067,4170.661221718298
6275,LOAD,118064998,4234.955392960749
6276,LOAD,111548699,4482.347212314865
6277,LOAD,116654913,4286.146096564317
6278,LOAD,117814187,4243.97105927489
6279,LOAD,110804017,4512.471781596149
6280,LOAD,109753337,4555.670138758514
6281,LOAD,117898222,4240.946059390107
6282,LOAD,117909937,4240.52469810072
6283,LOAD,113679581,4398.327259844493
6284,LOAD,109526017,4565.125380209891
6285,LOAD,108111750,4624.844200560994
6286,LOAD,113029770,4423.613354251716
6287,LOAD,116197137,4303.032010160457
6288,LOAD,116335261,4297.923051893957
6289,LOAD,117629029,4250.6514272085
6290,LOAD,117278965,4263.339124795311
6291,LOAD,117263351,4263.906802390458
6292,LOAD,112767891,4433.886238060442
6293,LOAD,112088480,4460.761712532813
6294,LOAD,124019534,4031.622953848544
6295,LOAD,114617997,4362.316678767297
6296,LOAD,108511080,4607.824380699188
6297,LOAD,100581753,4971.080589537945
6298,LOAD,104276629,4794.938279027029
6299,LOAD,118684177,4212.8615004846015
6300,LOAD,118292464,4226.811946363718
6301,LOAD,111586730,4480.8195383089005
6302,LOAD,117562697,4253.049757781586
6303,LOAD,108802795,4595.470180706295
6304,LOAD,104789429,4771.473656946828
6305,LOAD,119160560,4196.019219782116
6306,LOAD,116771437,4281.86903274985
6307,LOAD,107740296,4640.789180679437
6308,LOAD,105074640,4758.522132457461
6309,LOAD,110099957,4541.32784084557
6310,LOAD,110555443,4522.6176697605015
6311,LOAD,118607257,4215.593654610864
6312,LOAD,112888574,4429.1462127956365
6313,LOAD,110325960,4532.024919610943
6314,LOAD,107586078,4647.441465428269
6315,LOAD,109310870,4574.110516181968
6316,LOAD,107760951,4639.899660870662
6317,LOAD,110087281,4541.850752041009
6318,LOAD,110462649,4526.416888662519
6319,LOAD,108747406,4597.810820425455
6320,LOAD,107794102,4638.472706048426
6321,LOAD,113973828,4386.972068710371
6322,LOAD,116649108,4286.359395049982
6323,LOAD,108678440,4600.728534564905
6324,LOAD,112080313,4461.086756601046
6325,LOAD,116305355,4299.028191780163
6326,LOAD,111813069,4471.749183451891
6327,LOAD,116999518,4273.521878953382
6328,LOAD,110648047,4518.8325827386725
6329,LOAD,112419355,4447.632705240126
6330,LOAD,111473941,4485.353218112205
6331,LOAD,108411901,4612.039779654819
6332,LOAD,110835187,4511.202746470758
6333,LOAD,117430110,4257.851755397317
6334,LOAD,118150023,4231.907766958285
6335,LOAD,119128133,4197.161387562415
6336,LOAD,117197170,4266.314621760918
6337,LOAD,118203789,4229.982847673352
6338,LOAD,118055894,4235.281975841037
6339,LOAD,117931379,4239.75369608796
6340,LOAD,118828641,4207.739782196112
6341,LOAD,111459643,4485.928597492457
6342,LOAD,118079631,4234.430576768995
6343,LOAD,116277422,4300.060935303502
6344,LOAD,117211993,4265.775090096796
6345,LOAD,118440665,4221.523072333307
6346,LOAD,117400221,4258.935764695026
6347,LOAD,112012230,4463.798283455298
6348,LOAD,111842555,4470.570258342184
6349,LOAD,106083908,4713.250194365011
6350,LOAD,113862490,4391.2617754977955
6351,LOAD,117451814,4257.06494409699
6352,LOAD,117864605,4242.15564969653
6353,LOAD,114579178,4363.794615457967
6354,LOAD,108821709,4594.671454755411
6355,LOAD,109759846,4555.399977510901
6356,LOAD,111527435,4483.201823838233
6357,LOAD,118758640,4210.219989046691
6358,LOAD,116967943,4274.675498055052
6359,LOAD,116899381,4277.182613995194
6360,LOAD,118804818,4208.583527311157
6361,LOAD,106695173,4686.247614969424
6362,LOAD,107238240,4662.51590850428
6363,LOAD,118390908,4223.297282254141
6364,LOAD,116639936,4286.696453605736
6365,LOAD,117333810,4261.3463246441925
6366,LOAD,117162557,4267.57500691966
6367,LOAD,118315296,4225.996273550294
6368,LOAD,118506696,4219.170872842493
6369,LOAD,115285815,4337.047016582222
6370,LOAD,118856253,4206.762264329501
6371,LOAD,117557556,4253.235751175364
6372,LOAD,112297331,4452.465571065086
6373,LOAD,117615077,4251.155657535301
6374,LOAD,118237702,4228.769601763742
6375,LOAD,119082984,4198.752695011405
6376,LOAD,113365590,4410.509397075426
6377,LOAD,112206664,4456.063322584833
6378,LOAD,116766137,4282.063386236713
6379,LOAD,115840501,4316.279674929928
6380,LOAD,119540649,4182.677642983183
6381,LOAD,115541528,4327.448395870271
6382,LOAD,109709210,4557.502510500258
6383,LOAD,110885780,4509.144454771387
6384,LOAD,120223570,4158.918255380372
6385,LOAD,119821079,4172.888478161676
6386,LOAD,118521292,4218.651278286774
6387,LOAD,112203144,4456.203116732629
6388,LOAD,119898571,4170.19148626884
6389,LOAD,119662162,4178.430271049257
6390,LOAD,115566795,4326.502262176606
6391,LOAD,119140218,4196.735648074775
6392,LOAD,121219025,4124.765068849548
6393,LOAD,114207428,4377.998951171548
6394,LOAD,112584019,4441.127652406866
6395,LOAD,116987182,4273.972510937138
6396,LOAD,118805081,4208.57421072757
6397,LOAD,120890291,4135.981441222604
6398,LOAD,111262762,4493.866510342426
6399,LOAD,115809870,4317.421304419045
6400,LOAD,107935997,4632.374869340392
6401,LOAD,115463740,4330.363800791486
6402,LOAD,119354534,4189.199884103272
6403,LOAD,118552045,4217.556938811136
6404,LOAD,117852205,4242.601994591446
6405,LOAD,122043239,4096.908637437917
6406,LOAD,115756877,4319.397801307304
6407,LOAD,119050658,4199.892788496809
6408,LOAD,119482179,4184.72448514686
6409,LOAD,123283284,4055.6998789876493
6410,LOAD,110794909,4512.842733595277
6411,LOAD,116951179,4275.288238009127
6412,LOAD,116268691,4300.383841080657
6413,LOAD,113701059,4397.496420855675
6414,LOAD,114561798,4364.456640249308
6415,LOAD,108962101,4588.751459555649
6416,LOAD,113758553,4395.273909646161
6417,LOAD,118800094,4208.75087859779
6418,LOAD,109008567,4586.7954580120295
6419,LOAD,114720511,4358.418522037441
6420,LOAD,112546229,4442.618863755977
6421,LOAD,108077974,4626.289534257924
6422,LOAD,113262225,4414.534501684035
6423,LOAD,108360566,4614.224698678669
6424,LOAD,109931777,4548.275427222467
6425,LOAD,108699396,4599.841566736949
6426,LOAD,111371685,4489.471448690033
6427,LOAD,126568484,3950.430503694743
6428,LOAD,113159896,4418.526506952604
6429,LOAD,118545914,4217.775063930082
6430,LOAD,112183813,4456.970989210359
6431,LOAD,115860652,4315.528968367967
6432,LOAD,116962262,4274.883124267894
6433,LOAD,111830882,4471.036900165019
6434,LOAD,111481944,4485.031226222607
6435,LOAD,117501221,4255.274930292001
6436,LOAD,112483462,4445.097893590792
6437,LOAD,116858994,4278.6608277664955
6438,LOAD,113930895,4388.62522759959
6439,LOAD,114945907,4349.872153342528
6440,LOAD,112982628,4425.459106863756
6441,LOAD,109017804,4586.406822137052
6442,LOAD,116458746,4293.365824152013
6443,LOAD,118565100,4217.092550843377
6444,LOAD,118765819,4209.9654952070005
6445,LOAD,120257721,4157.73719842903
6446,LOAD,111861575,4469.810120231187
6447,LOAD,104741825,4773.64223890504
6448,LOAD,118895973,4205.356896318095
6449,LOAD,108678906,4600.708807282252
6450,LOAD,118718204,4211.654010534054
6451,LOAD,109035358,4585.668439773454
6452,LOAD,122088406,4095.3929728593557
6453,LOAD,109923645,4548.6119023800575
6454,LOAD,112277905,4453.235923844501
6455,LOAD,118530091,4218.3381096029025
6456,LOAD,120951897,4133.874808098297
6457,LOAD,115854912,4315.742780073062
6458,LOAD,111997389,4464.389790372703
6459,LOAD,115313934,4335.989439055995
6460,LOAD,108645218,4602.135365037419
6461,LOAD,118756976,4210.278981842717
6462,LOAD,117908656,4240.570768612611
6463,LOAD,115774487,4318.7407947659485
6464,LOAD,124115354,4028.5104452105097
6465,LOAD,114164353,4379.650800456076
6466,LOAD,109438902,4568.759288173414
6467,LOAD,109973823,4546.536497144416
6468,LOAD,118510281,4219.043240645088
6469,LOAD,114352237,4372.454908774544
6470,LOAD,119701975,4177.040520843537
6471,LOAD,113884869,4390.398868527477
6472,LOAD,107135171,4667.0014649064215
6473,LOAD,110431541,4527.691957137499
6474,LOAD,109489411,4566.651655473788
6475,LOAD,113126537,4419.829451687361
6476,LOAD,113518568,4404.5657799347855
6477,LOAD,109521449,4565.315785769051
6478,LOAD,109384976,4571.011653373676
6479,LOAD,110892103,4508.887346107955
6480,LOAD,108874964,4592.424021375566
6481,LOAD,111946884,4466.403906338295
6482,LOAD,111170038,4497.614726010977
6483,LOAD,111776322,4473.219292364979
6484,LOAD,119615570,4180.05783026407
6485,LOAD,117873332,4241.841572782553
6486,LOAD,110507143,4524.594396581224
6487,LOAD,119300959,4191.081146296569
6488,LOAD,113398482,4409.230098864991
6489,LOAD,111190167,4496.800512944638
6490,LOAD,111665333,4477.665418326384
6491,LOAD,111193243,4496.676115472233
6492,LOAD,110036644,4543.940834836802
6493,LOAD,110104038,4541.159516783571
6494,LOAD,110491526,4525.233907983133
6495,LOAD,100086531,4995.677190570227
6496,LOAD,117635114,4250.4315505657605
6497,LOAD,108048897,4627.534513378698
6498,LOAD,107331748,4658.453899399831
6499,LOAD,109382170,4571.128914337683
6500,LOAD,110372129,4530.129159690306
6501,LOAD,118151555,4231.852894360975
6502,LOAD,111072503,4501.56417200754
6503,LOAD,121058287,4130.241823097993
6504,LOAD,120568525,4147.019298776359
6505,LOAD,116767264,4282.022057140947
6506,LOAD,112726904,4435.498379339861
6507,LOAD,115939445,4312.596114290524
6508,LOAD,112205959,4456.091320426217
6509,LOAD,115642494,4323.670155366936
6510,LOAD,109524090,4565.205700408011
6511,LOAD,105098609,4757.4368943360605
6512,LOAD,369861332,1351.8579984998269
6513,LOAD,111144465,4498.649572877966
6514,LOAD,110891952,4508.893485795976
6515,LOAD,110120737,4540.470883335988
6516,LOAD,111422919,4487.407119535255
6517,LOAD,115112343,4343.582859745979
6518,LOAD,116067906,4307.8230428314955
6519,LOAD,112574443,4441.505431210528
6520,LOAD,107342526,4657.986155459021
6521,LOAD,110137313,4539.787528682492
6522,LOAD,108974989,4588.208767793498
6523,LOAD,116996238,4273.641687521611
6524,LOAD,115213163,4339.7819049547315
6525,LOAD,112836722,4431.181543894903
6526,LOAD,114719062,4358.473572595983
6527,LOAD,112138943,4458.754350841349
6528,LOAD,111741318,4474.620569626716
6529,LOAD,116894752,4277.3519892492695
6530,LOAD,115433548,4331.496420780552
6531,LOAD,113728607,4396.431233875924
6532,LOAD,115591544,4325.57592621135
6533,LOAD,120117915,4162.576415016861
6534,LOAD,115527487,4327.974346053247
6535,LOAD,118124018,4232.83942136137
6536,LOAD,110307981,4532.763590333504
6537,LOAD,117682416,4248.72310575269
6538,LOAD,117490250,4255.672279189124
6539,LOAD,117484367,4255.885380903486
6540,LOAD,116726735,4283.5088294039915
6541,LOAD,117729753,4247.014771193821
6542,LOAD,117826068,4243.543118149372
6543,LOAD,107201465,4664.1153644682
6544,LOAD,109165188,4580.214710938802
6545,LOAD,105605124,4734.618748234224
6546,LOAD,115102894,4343.939432139734
6547,LOAD,119600863,4180.571840857035
6548,LOAD,114517252,4366.15436772793
6549,LOAD,111431254,4487.071463810324
6550,LOAD,114689516,4359.596390658759
6551,LOAD,119275262,4191.984084679688
6552,LOAD,111914863,4467.681830607254
6553,LOAD,116178086,4303.7376256999105
6554,LOAD,118120871,4232.952193520483
6555,LOAD,111844559,4470.490155895737
6556,LOAD,112166570,4457.656144785385
6557,LOAD,107676568,4643.535815517449
6558,LOAD,114346137,4372.688165232902
6559,LOAD,113481004,4406.023760593447
6560,LOAD,113748841,4395.649182922224
6561,LOAD,110067655,4542.660602699313
6562,LOAD,113604545,4401.232362666476
6563,LOAD,123983851,4032.783269492089
6564,LOAD,117658813,4249.575422794721
6565,LOAD,112146248,4458.463915796809
6566,LOAD,117252374,4264.305983263077
6567,LOAD,113678245,4398.378951047317
6568,LOAD,116650744,4286.299279839998
6569,LOAD,111827777,4471.161042573528
6570,LOAD,125334989,3989.3090029313357
6571,LOAD,115643787,4323.6218129037925
6572,LOAD,105977964,4717.961934048856
6573,LOAD,120649633,4144.23142091116
6574,LOAD,112437096,4446.930931051439
6575,LOAD,119526743,4183.164264753705
6576,LOAD,121068010,4129.91012241797
6577,LOAD,118023225,4236.454308039794
6578,LOAD,111017111,4503.810227956662
6579,LOAD,117544000,4253.726264207446
6580,LOAD,118413541,4222.49006133513
6581,LOAD,131215379,3810.528947220432
6582,LOAD,103653787,4823.750433739579
6583,LOAD,109963263,4546.973110465083
6584,LOAD,114174653,4379.255700474955
6585,LOAD,114710950,4358.781790230139
6586,LOAD,117243494,4264.628960989511
6587,LOAD,115410565,4332.359000235378
6588,LOAD,114140462,4380.567515137621
6589,LOAD,117316793,4261.96444016331
6590,LOAD,116344363,4297.586811318052
6591,LOAD,118214122,4229.613108322202
6592,LOAD,109339182,4572.926108044232
6593,LOAD,113430894,4407.970195491891
6594,LOAD,113533040,4404.004332130981
6595,LOAD,107562245,4648.47121775861
6596,LOAD,110413691,4528.423925253979
6597,LOAD,109211817,4578.25914571131
6598,LOAD,110218476,4536.444506817532
6599,LOAD,114087467,4382.602341412313
6600,LOAD,122133931,4093.8664293053826
6601,LOAD,111029971,4503.288576018813
6602,LOAD,111550721,4482.265964018287
6603,LOAD,115067370,4345.2805082796285
6604,LOAD,110389885,4529.400497156057
6605,LOAD,111794548,4472.4900180284285
6606,LOAD,115589242,4325.662071561988
6607,LOAD,118898356,4205.272611170502
6608,LOAD,112429730,4447.222278306636
6609,LOAD,122875476,4069.1602285227364
6610,LOAD,112082618,4460.995013517618
6611,LOAD,111398974,4488.371679258015
6612,LOAD,116985188,4274.045360340832
6613,LOAD,109886504,4550.149306779293
6614,LOAD,116915238,4276.602507536271
6615,LOAD,110131681,4540.019687886176
6616,LOAD,120159123,4161.148879224093
6617,LOAD,113890441,4390.184071725563
6618,LOAD,115368114,4333.953140639883
6619,LOAD,110250411,4535.130485817418
6620,LOAD,119403078,4187.496741080661
6621,LOAD,105491829,4739.703584056732
6622,LOAD,121159876,4126.778736551364
6623,LOAD,113489356,4405.699508947782
6624,LOAD,116912694,4276.695565667147
6625,LOAD,110489218,4525.3284352143755
6626,LOAD,112559213,4442.106396035303
6627,LOAD,115911034,4313.653176452553
6628,LOAD,112865312,4430.059077850243
6629,LOAD,121155040,4126.943460214284
6630,LOAD,123174380,4059.2857053552857
6631,LOAD,116826106,4279.865323937101
6632,LOAD,125667157,3978.7643162803474
6633,LOAD,111753730,4474.123593011169
6634,LOAD,109453252,4568.16029550223
6635,LOAD,115311783,4336.070321625328
6636,LOAD,118381045,4223.649149236688
6637,LOAD,118842266,4207.257374240911
6638,LOAD,120208392,4159.443377297651
6639,LOAD,118824146,4207.8989568332345
6640,LOAD,117983387,4237.884779490184
6641,LOAD,123388423,4052.244026167674
6642,LOAD,118092750,4233.96017113667
6643,LOAD,114388811,4371.056885974625
6644,LOAD,117107712,4269.5736383270805
6645,LOAD,110852290,4510.506729270095
6646,LOAD,114464456,4368.168228572195
6647,LOAD,125529844,3983.116556728932
6648,LOAD,111706211,4476.026852258018
6649,LOAD,114367211,4371.88242703584
6650,LOAD,116619510,4287.4472719015885
6651,LOAD,120186174,4160.212305285631
6652,LOAD,116320503,4298.468344828254
6653,LOAD,121594594,4112.024914528683
6654,LOAD,121333228,4120.882698348716
6655,LOAD,113978536,4386.790860342337
6656,LOAD,111021671,4503.6252426789715
6657,LOAD,118293901,4226.760600278116
6658,LOAD,117668466,4249.226806441073
6659,LOAD,112449626,4446.435419891925
6660,LOAD,111772653,4473.366128296158
6661,LOAD,115198518,4340.333614361254
6662,LOAD,108633868,4602.616193321957
6663,LOAD,121938993,4100.411096555472
6664,LOAD,117665958,4249.317376908622
6665,LOAD,113264495,4414.446027415741
6666,LOAD,110857008,4510.3147651251775
6667,LOAD,113069153,4422.072570049234
6668,LOAD,119840713,4172.204816571811
6669,LOAD,115919159,4313.350824085948
6670,LOAD,114639929,4361.48211501422
6671,LOAD,117587683,4252.146034716919
6672,LOAD,110913004,4508.037668874247
6673,LOAD,111745182,4474.465843189552
6674,LOAD,117132127,4268.683689147043
6675,LOAD,117970168,4238.35965038212
6676,LOAD,118000595,4237.26676971417
6677,LOAD,111808762,4471.921440289268
6678,LOAD,123075326,4062.55271669969
6679,LOAD,117430145,4257.850486346585
6680,LOAD,109499565,4566.2281854727
6681,LOAD,119996278,4166.795906786376
6682,LOAD,114102513,4382.024434466224
6683,LOAD,114304785,4374.270071021087
6684,LOAD,110388867,4529.44226703586
6685,LOAD,109900258,4549.579856309345
6686,LOAD,119633562,4179.429180583957
6687,LOAD,121081459,4129.451396848463
6688,LOAD,113432640,4407.902346273524
6689,LOAD,113314377,4412.5027488789
6690,LOAD,118429310,4221.927831885536
6691,LOAD,116823393,4279.964715628487
6692,LOAD,121999678,4098.371472750937
6693,LOAD,117764969,4245.744759632213
6694,LOAD,118651305,4214.02866154738
6695,LOAD,111922851,4467.362969515492
6696,LOAD,121036838,4130.973745365027
6697,LOAD,111458681,4485.967315547185
6698,LOAD,118975900,4202.5317732414715
6699,LOAD,114625326,4362.037757694141
6700,LOAD,122400139,4084.96268129238
6701,LOAD,111001217,4504.455117820915
6702,LOAD,115082344,4344.715119810212
6703,LOAD,109033751,4585.736025902658
6704,LOAD,113758872,4395.261584520635
6705,LOAD,121222886,4124.633693344011
6706,LOAD,118871130,4206.235778191055
6707,LOAD,111320599,4491.531706544267
6708,LOAD,119521846,4183.3356556424005
6709,LOAD,123357664,4053.254445544624
6710,LOAD,119654802,4178.687287452116
6711,LOAD,111797536,4472.370482297571
6712,LOAD,109162066,4580.345703607332
6713,LOAD,123455715,4050.0352697321464
6714,LOAD,115804316,4317.628368877028
6715,LOAD,119266130,4192.3050576052065
6716,LOAD,116846227,4279.128328208663
6717,LOAD,114576809,4363.88484165238
6718,LOAD,124160192,4027.0556282644925
6719,LOAD,116433079,4294.312271858756
6720,LOAD,114834616,4354.087795268981
6721,LOAD,115706791,4321.267539085065
6722,LOAD,113619262,4400.662275028682
6723,LOAD,116695448,4284.657273006913
6724,LOAD,115149545,4342.179554422034
6725,LOAD,110236176,4535.716115551759
6726,LOAD,117183012,4266.8300760181855
6727,LOAD,123228675,4057.4971693885373
6728,LOAD,116946609,4275.455306275703
6729,LOAD,117865171,4242.135278453039
6730,LOAD,116046156,4308.630438392117
6731,LOAD,118779186,4209.491720207612
6732,LOAD,122904927,4068.185159086421
6733,LOAD,114502401,4366.720659420932
6734,LOAD,112981554,4425.501175174135
6735,LOAD,116420139,4294.789581036318
6736,LOAD,129358730,3865.220383657137
6737,LOAD,109476675,4567.182918187824
6738,LOAD,116657070,4286.066845327077
6739,LOAD,115051316,4345.886838878053
6740,LOAD,117262155,4263.950291549733
6741,LOAD,110268218,4534.398116418277
6742,LOAD,107689835,4642.963748621213
6743,LOAD,108218846,4620.267342344419
6744,LOAD,108586966,4604.604202681195
6745,LOAD,112654667,4438.342532227271
6746,LOAD,111086814,4500.984248229497
6747,LOAD,114119516,4381.371543847066
6748,LOAD,113392206,4409.47413969528
6749,LOAD,115186635,4340.78137624213
6750,LOAD,114569429,4364.165941684147
6751,LOAD,105752637,4728.014489132786
6752,LOAD,118014845,4236.755130255012
6753,LOAD,124607672,4012.5940239056868
6754,LOAD,117611706,4251.277504638866
6755,LOAD,110185611,4537.797589560038
6756,LOAD,112079214,4461.1305000764905
6757,LOAD,116944534,4275.531167621737
6758,LOAD,120475245,4150.230198743319
6759,LOAD,111809261,4471.901482293135
6760,LOAD,121157872,4126.846995133755
6761,LOAD,113740658,4395.965425134081
6762,LOAD,116802536,4280.7289732133895
6763,LOAD,113271152,4414.18658830273
6764,LOAD,115052990,4345.823607017949
6765,LOAD,112184531,4456.942463841116
6766,LOAD,118516202,4218.832459717196
6767,LOAD,113698959,4397.577641849825
6768,LOAD,114353469,4372.407801638269
6769,LOAD,118654308,4213.922009473099
6770,LOAD,119422275,4186.823605562698
6771,LOAD,111034562,4503.102376357373
6772,LOAD,109235409,4577.270361115232
6773,LOAD,119263174,4192.4089660736345
6774,LOAD,130798341,3822.67845430853
6775,LOAD,121199676,4125.423569614163
6776,LOAD,124236756,4024.573854777728
6777,LOAD,121191102,4125.715434124859
6778,LOAD,117651860,4249.8265645779
6779,LOAD,115770418,4318.8925861872585
6780,LOAD,116866920,4278.370645859411
6781,LOAD,119577251,4181.397346222652
6782,LOAD,117087309,4270.317631093563
6783,LOAD,118049650,4235.505992605654
6784,LOAD,114974164,4348.803092840927
6785,LOAD,114753422,4357.168538294221
6786,LOAD,112874934,4429.681438396235
6787,LOAD,114396873,4370.748840311395
6788,LOAD,111630429,4479.065470580606
6789,LOAD,113187949,4417.431399874557
6790,LOAD,112863054,4430.147708035616
6791,LOAD,118377514,4223.775133510575
6792,LOAD,113800806,4393.641992307155
6793,LOAD,118974735,4202.572924411221
6794,LOAD,113267400,4414.332808910596
6795,LOAD,112988835,4425.215995899064
6796,LOAD,110594556,4521.018195506838
6797,LOAD,121390949,4118.923232077213
6798,LOAD,114501817,4366.742931249728
6799,LOAD,112710535,4436.142548697866
6800,LOAD,112332584,4451.068267066659
6801,LOAD,114368955,4371.81576066687
6802,LOAD,107231756,4662.797837610717
6803,LOAD,114486574,4367.324329226587
6804,LOAD,116413849,4295.021634410525
6805,LOAD,115978238,4311.1536148704035
6806,LOAD,113301091,4413.020171182641
6807,LOAD,107044560,4670.951984855653
6808,LOAD,116003034,4310.232092722678
6809,LOAD,116901891,4277.090778625643
6810,LOAD,118917882,4204.582116590337
6811,LOAD,120883115,4136.226966024164
6812,LOAD,119002083,4201.607126490382
6813,LOAD,119308946,4190.800579195462
6814,LOAD,122726637,4074.0951778870954
6815,LOAD,110496841,4525.016240057034
6816,LOAD,118239352,4228.710590362505
6817,LOAD,110938316,4507.009102247414
6818,LOAD,109457909,4567.965938395552
6819,LOAD,109043315,4585.333818950753
6820,LOAD,107890199,4634.341252813891
6821,LOAD,110091518,4541.675953637046
6822,LOAD,111469421,4485.535095764067
6823,LOAD,110583886,4521.454418774902
6824,LOAD,109735403,4556.414669566575
6825,LOAD,113678452,4398.37094192662
6826,LOAD,116036583,4308.985899731294
6827,LOAD,114093677,4382.363800931756
6828,LOAD,118657337,4213.814439472883
6829,LOAD,111478067,4485.187207273696
6830,LOAD,116176822,4303.784450223642
6831,LOAD,109830498,4552.469569973178
6832,LOAD,112498076,4444.520455620947
6833,LOAD,108712085,4599.304667921694
6834,LOAD,112536827,4442.990026722542
6835,LOAD,117922719,4240.065054809328
6836,LOAD,109529276,4564.989546721737
6837,LOAD,109829821,4552.497631767969
6838,LOAD,112564762,4441.887417662731
6839,LOAD,115745337,4319.828452354845
6840,LOAD,113389911,4409.563386993045
6841,LOAD,110004215,4545.280378574585
6842,LOAD,110621079,4519.934216154229
6843,LOAD,114710991,4358.780232314443
6844,LOAD,112956074,4426.499455000534
6845,LOAD,121560861,4113.165996742981
6846,LOAD,109528462,4565.023473076797
6847,LOAD,114659804,4360.726100665583
6848,LOAD,104486148,4785.3233138616615
6849,LOAD,110529715,4523.670399403455
6850,LOAD,117762296,4245.841130679042
6851,LOAD,111464733,4485.723749053434
6852,LOAD,112841419,4430.997096908183
6853,LOAD,107929128,4632.669690428705
6854,LOAD,112985783,4425.3355309313565
6855,LOAD,119732916,4175.961103294269
6856,LOAD,111201558,4496.339880417863
6857,LOAD,110866494,4509.928851903624
6858,LOAD,110804549,4512.45011610489
6859,LOAD,113433332,4407.875455866888
6860,LOAD,111842565,4470.569858622252
6861,LOAD,117288263,4263.001149569416
6862,LOAD,119591831,4180.887572496486
6863,LOAD,119581117,4181.262163657494
6864,LOAD,112030826,4463.057337451033
6865,LOAD,112868003,4429.953456339615
6866,LOAD,114248411,4376.42848266835
6867,LOAD,122363525,4086.1849967136855
6868,LOAD,115234254,4338.987606931529
6869,LOAD,117514621,4254.789708252559
6870,LOAD,111369735,4489.550055946528
6871,LOAD,111541548,4482.634578462189
6872,LOAD,120092108,4163.470925166873
6873,LOAD,115549355,4327.155266249647
6874,LOAD,115160428,4341.769205651093
6875,LOAD,123613256,4044.8736339410075
6876,LOAD,105377147,4744.861805757561
6877,LOAD,110662504,4518.2422403888495
6878,LOAD,112022952,4463.371042034314
6879,LOAD,117750801,4246.255615704899
6880,LOAD,118824287,4207.893963630517
6881,LOAD,118545920,4217.774850454575
6882,LOAD,113441899,4407.542578249681
6883,LOAD,115020733,4347.042371917418
6884,LOAD,114459502,4368.3572902492615
6885,LOAD,110800807,4512.60251200156
6886,LOAD,109181148,4579.545179356422
6887,LOAD,114652177,4361.016188990463
6888,LOAD,118276330,4227.388523130537
6889,LOAD,117457728,4256.850600754001
6890,LOAD,122934895,4067.193452274068
6891,LOAD,112886083,4429.243948521094
6892,LOAD,113289799,4413.4600327078
6893,LOAD,118944941,4203.625608591457
6894,LOAD,113595770,4401.572347280185
6895,LOAD,110005482,4545.228027817741
6896,LOAD,109663550,4559.400092373446
6897,LOAD,115289856,4336.894999678028
6898,LOAD,112623891,4439.55536929549
6899,LOAD,113825185,4392.700965080795
6900,LOAD,113682051,4398.23169622441
6901,LOAD,109406892,4570.096004555179
6902,LOAD,111671855,4477.403908084091
6903,LOAD,111916123,4467.631531517582
6904,LOAD,115279222,4337.295059121756
6905,LOAD,114251588,4376.306787088159
6906,LOAD,109747918,4555.895083130415
6907,LOAD,112033400,4462.95479740863
6908,LOAD,107859605,4635.655767513705
6909,LOAD,123455577,4050.039796906056
6910,LOAD,119374845,4188.487113847143
6911,LOAD,118346232,4224.891587591906
6912,LOAD,111438686,4486.772214812368
6913,LOAD,113015737,4424.162627900219
6914,LOAD,122271227,4089.269505735801
6915,LOAD,118719711,4211.600548791767
6916,LOAD,114007976,4385.658070098534
6917,LOAD,111796474,4472.412967156728
6918,LOAD,109740663,4556.196275212954
6919,LOAD,111034671,4503.097955772751
6920,LOAD,116688504,4284.912248082296
6921,LOAD,114672600,4360.239499235214
6922,LOAD,111155009,4498.22283762309
6923,LOAD,116906766,4276.912424384402
6924,LOAD,110425222,4527.951050893064
6925,LOAD,117713436,4247.603476632862
6926,LOAD,112267444,4453.650873177446
6927,LOAD,115383094,4333.390470531151
6928,LOAD,107772665,4639.3953420377975
6929,LOAD,115522897,4328.146306787996
6930,LOAD,115671826,4322.573761392857
6931,LOAD,114896175,4351.754964862842
6932,LOAD,114753567,4357.163032675054
6933,LOAD,124015406,4031.7571512042623
6934,LOAD,116040254,4308.849582490572
6935,LOAD,117787629,4244.9279626810385
6936,LOAD,108734360,4598.362467944816
6937,LOAD,108547222,4606.290154528321
6938,LOAD,115138218,4342.606726812464
6939,LOAD,120245909,4158.14562140322
6940,LOAD,113054542,4422.64407209752
6941,LOAD,110770846,4513.823068571671
6942,LOAD,113132286,4419.604850908785
6943,LOAD,116064477,4307.950312824827
6944,LOAD,118994394,4201.878619592785
6945,LOAD,117535394,4254.037724159924
6946,LOAD,122012230,4097.949853059812
6947,LOAD,118297378,4226.636367206719
6948,LOAD,117531398,4254.182358998231
6949,LOAD,114547385,4365.005800874459
6950,LOAD,118837266,4207.4343918346285
6951,LOAD,121005670,4132.037779717264
6952,LOAD,122637764,4077.0475887019593
6953,LOAD,125241921,3992.273481656354
6954,LOAD,111403107,4488.205162895501
6955,LOAD,110747053,4514.792822523233
6956,LOAD,112954542,4426.5594915165075
6957,LOAD,115316573,4335.890210681166
6958,LOAD,124743445,4008.226644694637
6959,LOAD,108240309,4619.351188289753
6960,LOAD,109545295,4564.322000319594
6961,LOAD,113870695,4390.9453613153055
6962,LOAD,121567342,4112.946715574319
6963,LOAD,110825972,4511.577845669605
6964,LOAD,114770552,4356.5182120932905
6965,LOAD,114420566,4369.843791893147
6966,LOAD,114775694,4356.323038220968
6967,LOAD,113875751,4390.750406554947
6968,LOAD,116657483,4286.051671456001
6969,LOAD,113225345,4415.972413243696
6970,LOAD,117658431,4249.589219832448
6971,LOAD,107153599,4666.198846013563
6972,LOAD,114358108,4372.2304324936895
6973,LOAD,124638821,4011.5912200421085
6974,LOAD,120167483,4160.859389890025
6975,LOAD,123461162,4049.856585668617
6976,LOAD,112694592,4436.770133565948
6977,LOAD,118792175,4209.031445042571
6978,LOAD,111967029,4465.600315249947
6979,LOAD,118859054,4206.663128919064
6980,LOAD,117539488,4253.889552420034
6981,LOAD,114201788,4378.215164196904
6982,LOAD,115188648,4340.705518134044
6983,LOAD,111152817,4498.31154526655
6984,LOAD,111438495,4486.779904915263
6985,LOAD,109397974,4570.468553649815
6986,LOAD,119775875,4174.463346646393
6987,LOAD,110037164,4543.919361644035
6988,LOAD,117410399,4258.566568707428
6989,LOAD,109643237,4560.244787373434
6990,LOAD,111900908,4468.238988730994
6991,LOAD,109190010,4579.173497648731
6992,LOAD,117291794,4262.872814444291
6993,LOAD,110682245,4517.436378345958
6994,LOAD,115395497,4332.924706758705
6995,LOAD,107983172,4630.351106929884
6996,LOAD,111280000,4493.170381020848
6997,LOAD,110980193,4505.308438236361
6998,LOAD,109860346,4551.23270775062
6999,LOAD,114838783,4353.929804358863
7000,LOAD,115127202,4343.022251161807
7001,LOAD,110096616,4541.465652313964
7002,LOAD,111029046,4503.326093606172
7003,LOAD,110105409,4541.102971607871
7004,LOAD,116633492,4286.9332935688835
7005,LOAD,116204322,4302.765950478159
7006,LOAD,111014365,4503.921632123915
7007,LOAD,109142869,4581.151334770208
7008,LOAD,108953157,4589.128151651448
7009,LOAD,114970463,4348.943084625135
7010,LOAD,114769329,4356.564635835764
7011,LOAD,111410260,4487.917001540073
7012,LOAD,358782187,1393.6031891126188
7013,LOAD,109136600,4581.414484233521
7014,LOAD,105206947,4752.537871857455
7015,LOAD,115051146,4345.893260376563
7016,LOAD,113405371,4408.962252766671
7017,LOAD,108575313,4605.098398380855
7018,LOAD,108814456,4594.977711417314
7019,LOAD,109017378,4586.424744135747
7020,LOAD,104498408,4784.761888429917
7021,LOAD,104294321,4794.1248881614565
7022,LOAD,107962560,4631.235124472781
7023,LOAD,105799233,4725.932181379802
7024,LOAD,106621293,4689.494808508841
7025,LOAD,109669282,4559.161789716103
7026,LOAD,124248325,4024.1991189820874
7027,LOAD,115881281,4314.760724814563
7028,LOAD,114875582,4352.535075730889
7029,LOAD,118861547,4206.574898440452
7030,LOAD,112751118,4434.545828627615
7031,LOAD,120766432,4140.223336233035
7032,LOAD,113649228,4399.501948222648
7033,LOAD,118503888,4219.270847889818
7034,LOAD,115375222,4333.686135832528
7035,LOAD,117740422,4246.629929693984
7036,LOAD,115587910,4325.711919179091
7037,LOAD,111797091,4472.38828423541
7038,LOAD,120975668,4133.062526259412
7039,LOAD,117150820,4268.002562850179
7040,LOAD,115319530,4335.779030663756
7041,LOAD,118410066,4222.613979456781
7042,LOAD,113530173,4404.115547326788
7043,LOAD,119547546,4182.4363337412215
7044,LOAD,117432781,4257.754910871096
7045,LOAD,118498798,4219.452082543487
7046,LOAD,120412659,4152.387333295248
7047,LOAD,122389107,4085.330894684933
7048,LOAD,115758612,4319.333061802779
7049,LOAD,118582179,4216.485176916845
7050,LOAD,118483770,4219.987260702457
7051,LOAD,114862135,4353.044630417152
7052,LOAD,115629934,4324.139802760763
7053,LOAD,115663705,4322.877258687157
7054,LOAD,117391620,4259.247806615157
7055,LOAD,116755411,4282.456767678202
7056,LOAD,109511387,4565.73525089222
7057,LOAD,116477509,4292.674219191964
7058,LOAD,121580536,4112.500375882534
7059,LOAD,118489606,4219.77941255033
7060,LOAD,121791012,4105.39326169652
7061,LOAD,117172815,4267.201398208279
7062,LOAD,112108802,4459.953108766606
7063,LOAD,118964783,4202.924490687298
7064,LOAD,120596457,4146.058785126665
7065,LOAD,119262403,4192.436068892558
7066,LOAD,111523702,4483.35188873124
7067,LOAD,113282164,4413.757491426452
7068,LOAD,115825060,4316.85509163561
7069,LOAD,114184141,4378.891811254244
7070,LOAD,117763125,4245.811241846716
7071,LOAD,111743811,4474.520741018937
7072,LOAD,113171645,4418.067794278329
7073,LOAD,114874187,4352.587931699573
7074,LOAD,115416202,4332.147405093091
7075,LOAD,114789486,4355.799624366295
7076,LOAD,116983018,4274.124642604109
7077,LOAD,101570699,4922.679521975131
7078,LOAD,115190580,4340.632714932072
7079,LOAD,113785942,4394.215939258999
7080,LOAD,119022241,4200.8955284248095
7081,LOAD,122592633,4078.548504623439
7082,LOAD,116198972,4302.964057203535
7083,LOAD,122893193,4068.573594633512
7084,LOAD,115313082,4336.021475863424
7085,LOAD,110866091,4509.945245566564
7086,LOAD,111006603,4504.2365632970495
7087,LOAD,107641371,4645.054177171341
7088,LOAD,112865569,4430.048990405568
7089,LOAD,123462145,4049.8243408941257
7090,LOAD,113047749,4422.909827244768
7091,LOAD,110987181,4505.024773987187
7092,LOAD,116555350,4289.807374779451
7093,LOAD,117301934,4262.5043164249955
7094,LOAD,113061600,4422.367983470957
7095,LOAD,111447924,4486.400302979175
7096,LOAD,110339250,4531.479052105212
7097,LOAD,115981836,4311.019873836107
7098,LOAD,116299927,4299.228837865049
7099,LOAD,123126462,4060.8654864134733
7100,LOAD,118773243,4209.702348533163
7101,LOAD,118391109,4223.29011209786
7102,LOAD,120375021,4153.685672046528
7103,LOAD,111072534,4501.562915634931
7104,LOAD,124164420,4026.9185004850824
7105,LOAD,124807575,4006.1670936239243
7106,LOAD,111541465,4482.63791407079
7107,LOAD,119420734,4186.8776321538935
7108,LOAD,110121439,4540.441938830821
7109,LOAD,117352152,4260.680281346694
7110,LOAD,112497917,4444.526737326168
7111,LOAD,108081151,4626.1535464218
7112,LOAD,114611629,4362.559055852875
7113,LOAD,115958765,4311.877588554862
7114,LOAD,113515389,4404.689129858861
7115,LOAD,120017267,4166.067204313193
7116,LOAD,120920832,4134.9368155191
7117,LOAD,117192460,4266.486086220905
7118,LOAD,116663265,4285.839248541518
7119,LOAD,108342572,4614.991048947961
7120,LOAD,109971452,4546.634521111897
7121,LOAD,118349918,4224.760003635998
7122,LOAD,115134489,4342.74737607078
7123,LOAD,112565530,4441.857112030654
7124,LOAD,108413526,4611.970650230489
7125,LOAD,115833448,4316.5424895234055
7126,LOAD,120636604,4144.6790063818435
7127,LOAD,117214459,4265.685345184249
7128,LOAD,114536968,4365.4027929218455
7129,LOAD,114188887,4378.7098126282635
7130,LOAD,116215527,4302.351096338444
7131,LOAD,113078148,4421.720808515541
7132,LOAD,111703386,4476.140051833344
7133,LOAD,124986604,4000.4287179448447
7134,LOAD,120625381,4145.064627816595
7135,LOAD,115350447,4334.616926105193
7136,LOAD,114069490,4383.2930260317635
7137,LOAD,113753331,4395.475680619849
7138,LOAD,109940668,4547.907604126982
7139,LOAD,114280330,4375.206126898654
7140,LOAD,114867756,4352.831616210906
7141,LOAD,115929820,4312.954164855945
7142,LOAD,111763376,4473.737443292694
7143,LOAD,108919553,4590.543995346731
7144,LOAD,115499765,4329.0131369531355
7145,LOAD,118370761,4224.016098029479
7146,LOAD,118197256,4230.216647330628
7147,LOAD,116201877,4302.856484839742
7148,LOAD,115265494,4337.811626435228
7149,LOAD,115338643,4335.060539944102
7150,LOAD,110480539,4525.6839306332495
7151,LOAD,117035169,4272.220087963474
7152,LOAD,121565993,4112.992356340971
7153,LOAD,109752271,4555.714386994325
7154,LOAD,114305968,4374.224799880965
7155,LOAD,119718286,4176.471420581481
7156,LOAD,108428400,4611.337988940167
7157,LOAD,120660816,4143.847328199736
7158,LOAD,118304759,4226.372668575404
7159,LOAD,121979971,4099.033602819925
7160,LOAD,110310605,4532.6557677750025
7161,LOAD,112294781,4452.566678054254
7162,LOAD,112839368,4431.077635954147
7163,LOAD,116824096,4279.938960537731
7164,LOAD,121320222,4121.324473013246
7165,LOAD,121611321,4111.459327047356
7166,LOAD,113132088,4419.61258595351
7167,LOAD,110526642,4523.79617214825
7168,LOAD,115170996,4341.370808323998
7169,LOAD,110974042,4505.558155663105
7170,LOAD,114058892,4383.700308082951
7171,LOAD,116883121,4277.777627104943
7172,LOAD,109896748,4549.725165661863
7173,LOAD,111467137,4485.627005921934
7174,LOAD,112443553,4446.675568851867
7175,LOAD,115020638,4347.045962308086
7176,LOAD,122040731,4096.992831024587
7177,LOAD,118403833,4222.836265782038
7178,LOAD,120994397,4132.422760039046
7179,LOAD,110439139,4527.380460653537
7180,LOAD,126348923,3957.2953067435333
7181,LOAD,114470823,4367.925265986774
7182,LOAD,120330881,4155.209334834006
7183,LOAD,118889094,4205.600220992516
7184,LOAD,119706975,4176.866051456066
7185,LOAD,115442322,4331.167212662268
7186,LOAD,118968500,4202.793176344999
7187,LOAD,117961306,4238.678062787809
7188,LOAD,120321111,4155.546735269091
7189,LOAD,113603599,4401.269012612884
7190,LOAD,114232034,4377.0559141054955
7191,LOAD,120270945,4157.280047978337
7192,LOAD,118344812,4224.942281373517
7193,LOAD,115457474,4330.5988142439355
7194,LOAD,119226149,4193.710894746755
7195,LOAD,119255761,4192.669568390915
7196,LOAD,117044104,4271.8939520439235
7197,LOAD,121006685,4132.003120323477
7198,LOAD,123833747,4037.6715726771963
7199,LOAD,125330760,3989.4436130443955
7200,LOAD,123029365,4064.0703949012495
7201,LOAD,118758657,4210.219386364398
7202,LOAD,119242060,4193.151309194088
7203,LOAD,111888611,4468.730065833063
7204,LOAD,118772594,4209.725351287689
7205,LOAD,116417848,4294.874098686311
7206,LOAD,112753305,4434.459814725608
7207,LOAD,116082923,4307.265763802312
7208,LOAD,114521958,4365.974951284015
7209,LOAD,114012269,4385.492933221072
7210,LOAD,123088970,4062.102396339818
7211,LOAD,114984362,4348.4173960977405
7212,LOAD,123101965,4061.6735890446594
7213,LOAD,120805424,4138.887008914435
7214,LOAD,111219045,4495.632919703636
7215,LOAD,119482555,4184.711316225202
7216,LOAD,115156745,4341.908066262206
7217,LOAD,117256134,4264.169241670546
7218,LOAD,119922883,4169.346062168969
7219,LOAD,113335050,4411.697881635028
7220,LOAD,115178005,4341.1066201398435
7221,LOAD,115373784,4333.740150188712
7222,LOAD,118444591,4221.383144461194
7223,LOAD,121613721,4111.378188979186
7224,LOAD,117637598,4250.341799736509
7225,LOAD,114824260,4354.480490446879
7226,LOAD,123938349,4034.263841936445
7227,LOAD,116452213,4293.606683112153
7228,LOAD,112321457,4451.509207185587
7229,LOAD,112264965,4453.749217309247
7230,LOAD,120437120,4151.54397581078
7231,LOAD,115221709,4339.460023110749
7232,LOAD,119463134,4185.39162048101
7233,LOAD,106359038,4701.057939241609
7234,LOAD,116131503,4305.4639532220635
7235,LOAD,111128892,4499.2799892218845
7236,LOAD,116133262,4305.398740973968
7237,LOAD,122671499,4075.9263893889483
7238,LOAD,121037029,4130.967226566673
7239,LOAD,111751443,4474.215156219504
7240,LOAD,115568323,4326.44505882464
7241,LOAD,120120359,4162.491722156775
7242,LOAD,115767174,4319.013609160054
7243,LOAD,113725194,4396.563174910917
7244,LOAD,114529348,4365.69323698586
7245,LOAD,115729199,4320.430836128055
7246,LOAD,112720532,4435.749114455919
7247,LOAD,118718088,4211.6581257609205
7248,LOAD,118348226,4224.820404152066
7249,LOAD,112551066,4442.4279375550295
7250,LOAD,113037893,4423.295469599739
7251,LOAD,114350889,4372.506452485909
7252,LOAD,112763238,4434.069195494369
7253,LOAD,114383739,4371.25070723558
7254,LOAD,110140709,4539.64755211445
7255,LOAD,108959332,4588.868074191204
7256,LOAD,111866572,4469.610457000506
7257,LOAD,117110735,4269.4634270718225
7258,LOAD,117916278,4240.296662009634
7259,LOAD,117264156,4263.877531340438
7260,LOAD,121778299,4105.821842691365
7261,LOAD,119305585,4190.918639726715
7262,LOAD,112839509,4431.072099046443
7263,LOAD,114497345,4366.913486072537
7264,LOAD,110527914,4523.744110469686
7265,LOAD,120436635,4151.560694135966
7266,LOAD,113858446,4391.417743396919
7267,LOAD,116203057,4302.812790888969
7268,LOAD,118425133,4222.076744469436
7269,LOAD,116112034,4306.18586872744
7270,LOAD,112349673,4450.391235228606
7271,LOAD,120152518,4161.377625061507
7272,LOAD,122277620,4089.0557078229035
7273,LOAD,118111953,4233.271801034397
7274,LOAD,119587090,4181.053322729067
7275,LOAD,121668304,4109.533736904888
7276,LOAD,112578038,4441.363598822001
7277,LOAD,114007987,4385.657646950647
7278,LOAD,123402923,4051.76788235397
7279,LOAD,106576697,4691.457082780488
7280,LOAD,110575527,4521.796219881457
7281,LOAD,111008614,4504.154965847965
7282,LOAD,116733514,4283.2600755940575
7283,LOAD,114435572,4369.270771854053
7284,LOAD,122159579,4093.006902062097
7285,LOAD,112560699,4442.04775238647
7286,LOAD,108335367,4615.297975590926
7287,LOAD,115961872,4311.762059170621
7288,LOAD,111088860,4500.901350504451
7289,LOAD,121848349,4103.46142646545
7290,LOAD,115193491,4340.523024864313
7291,LOAD,107786191,4638.8131481517885
7292,LOAD,122205084,4091.4828060672176
7293,LOAD,116763486,4282.160606270354
7294,LOAD,124236990,4024.56627450488
7295,LOAD,111919788,4467.485231476671
7296,LOAD,112958420,4426.407522343177
7297,LOAD,115019650,4347.083302722622
7298,LOAD,114877474,4352.463390690502
7299,LOAD,112264362,4453.77313951154
7300,LOAD,121492881,4115.467473357555
7301,LOAD,117763719,4245.789825981974
7302,LOAD,120797707,4139.15141617713
7303,LOAD,109605308,4561.822863542338
7304,LOAD,112282784,4453.042418328352
7305,LOAD,117797585,4244.569190446477
7306,LOAD,118191600,4230.419082235962
7307,LOAD,110903303,4508.431998639391
7308,LOAD,114384001,4371.240694754155
7309,LOAD,109668062,4559.212508013499
7310,LOAD,104295783,4794.0576849593235
7311,LOAD,123009205,4064.7364561050535
7312,LOAD,116891185,4277.48251504166
7313,LOAD,120483486,4149.946325424216
7314,LOAD,115446352,4331.016020324315
7315,LOAD,111840313,4470.659877355672
7316,LOAD,112733094,4435.25483297744
7317,LOAD,111240517,4494.765158274121
7318,LOAD,115213141,4339.782733637998
7319,LOAD,119149993,4196.391350186651
7320,LOAD,116037174,4308.963953224163
7321,LOAD,118926372,4204.281956906917
7322,LOAD,113018523,4424.05356863494
7323,LOAD,121865686,4102.877654994696
7324,LOAD,122297502,4088.3909468567886
7325,LOAD,119091285,4198.460030051738
7326,LOAD,113013416,4424.253488630058
7327,LOAD,113400974,4409.133205504919
7328,LOAD,107419095,4654.665913914095
7329,LOAD,113315503,4412.458902468094
7330,LOAD,115328669,4335.435450139462
7331,LOAD,120702544,4142.414761365759
7332,LOAD,120027962,4165.695990072713
7333,LOAD,107691291,4642.9009751587055
7334,LOAD,130606509,3828.2931212869335
7335,LOAD,112002203,4464.197905107278
7336,LOAD,113744847,4395.803530334873
7337,LOAD,119900155,4170.136393902076
7338,LOAD,114033410,4384.679893375108
7339,LOAD,117811740,4244.059208360728
7340,LOAD,109669155,4559.167069355099
7341,LOAD,110351521,4530.975155294869
7342,LOAD,123028145,4064.110695971235
7343,LOAD,119588503,4181.0039214221115
7344,LOAD,113623015,4400.51691992155
7345,LOAD,118352749,4224.658947296611
7346,LOAD,112934267,4427.354188255368
7347,LOAD,119628285,4179.613542064905
7348,LOAD,118623403,4215.019864166265
7349,LOAD,114855709,4353.28817655899
7350,LOAD,126256863,3960.180762609317
7351,LOAD,111982117,4464.998639023765
7352,LOAD,120218346,4159.098978121026
7353,LOAD,114214289,4377.735959114538
7354,LOAD,125440753,3985.9454606430813
7355,LOAD,117664936,4249.35428512025
7356,LOAD,121455949,4116.71889369536
7357,LOAD,115828401,4316.730574567804
7358,LOAD,108912737,4590.831281744393
7359,LOAD,123549870,4046.9488150817156
7360,LOAD,109932281,4548.254575014231
7361,LOAD,116652981,4286.217083470846
7362,LOAD,114057402,4383.757574979658
7363,LOAD,115800239,4317.78038040146
7364,LOAD,120544616,4147.841824806178
7365,LOAD,116114113,4306.1087673296015
7366,LOAD,114529918,4365.671509517713
7367,LOAD,119831797,4172.515246516748
7368,LOAD,116280092,4299.962198172324
7369,LOAD,117505312,4255.1267809918245
7370,LOAD,110615037,4520.181103406402
7371,LOAD,107638375,4645.183467327522
7372,LOAD,114424649,4369.687863320429
7373,LOAD,120705177,4142.324400882988
7374,LOAD,121099312,4128.842614729306
7375,LOAD,113036452,4423.35185821296
7376,LOAD,112930128,4427.516455130556
7377,LOAD,115049137,4345.969148816823
7378,LOAD,111782284,4472.980709537121
7379,LOAD,117311137,4262.169925094154
7380,LOAD,117652876,4249.789864890341
7381,LOAD,109962863,4546.989650496823
7382,LOAD,108668735,4601.139416962938
7383,LOAD,111569932,4481.494171745126
7384,LOAD,115053106,4345.819225427951
7385,LOAD,118110206,4233.334416502499
7386,LOAD,110750174,4514.665593211618
7387,LOAD,118896543,4205.336735484396
7388,LOAD,107419991,4654.627088918673
7389,LOAD,114922919,4350.742257077546
7390,LOAD,118383174,4223.573191237464
7391,LOAD,119965458,4167.866387006166
7392,LOAD,120093175,4163.433933693567
7393,LOAD,118088072,4234.127897354442
7394,LOAD,119905455,4169.952067651968
7395,LOAD,119590712,4180.926692701687
7396,LOAD,119412553,4187.164476753126
7397,LOAD,116591803,4288.466145428765
7398,LOAD,115592573,4325.537420124734
7399,LOAD,108740433,4598.105655878711
7400,LOAD,118903519,4205.0900108347505
7401,LOAD,120890747,4135.965840297107
7402,LOAD,113950454,4387.871943011302
7403,LOAD,114127264,4381.074096370172
7404,LOAD,116340916,4297.714142116605
7405,LOAD,114158909,4379.859656857793
7406,LOAD,116770113,4281.917582797921
7407,LOAD,112938828,4427.175390911618
7408,LOAD,115524677,4328.079618867924
7409,LOAD,118117092,4233.087621222508
7410,LOAD,118285351,4227.066122498973
7411,LOAD,114984753,4348.402609518151
7412,LOAD,117379719,4259.679647043626
7413,LOAD,115007266,4347.551397317801
7414,LOAD,115335067,4335.194949858572
7415,LOAD,111280444,4493.152453633273
7416,LOAD,110404000,4528.821419513786
7417,LOAD,114509112,4366.464740378041
7418,LOAD,108740033,4598.1225700014265
7419,LOAD,114493728,4367.051442328789
7420,LOAD,119060257,4199.554180367677
7421,LOAD,113026770,4423.730767498709
7422,LOAD,117416169,4258.357296600267
7423,LOAD,112482013,4445.155155606968
7424,LOAD,109501176,4566.161006343895
7425,LOAD,116244041,4301.295754162572
7426,LOAD,113772153,4394.748511087771
7427,LOAD,122699828,4074.9853373877595
7428,LOAD,107976255,4630.647728984488
7429,LOAD,111403284,4488.1980319359345
7430,LOAD,111072284,4501.573047692078
7431,LOAD,109210567,4578.311547453096
7432,LOAD,117497473,4255.410667427715
7433,LOAD,115164288,4341.623681118925
7434,LOAD,117755186,4246.097492470523
7435,LOAD,108596654,4604.193422018325
7436,LOAD,108644076,4602.183739866313
7437,LOAD,121402324,4118.537302465478
7438,LOAD,121522259,4114.472559302901
7439,LOAD,106012163,4716.439942839389
7440,LOAD,113052870,4422.70948097116
7441,LOAD,111559645,4481.907413742667
7442,LOAD,115128701,4342.965704094932
7443,LOAD,112134934,4458.913758311928
7444,LOAD,117946855,4239.197391062271
7445,LOAD,123054187,4063.2506068241305
7446,LOAD,111290634,4492.741051326924
7447,LOAD,119697370,4177.201220043515
7448,LOAD,121779374,4105.78559879935
7449,LOAD,119525442,4183.209797291525
7450,LOAD,122007621,4098.104658560632
7451,LOAD,119423875,4186.767511940137
7452,LOAD,117249554,4264.408545212888
7453,LOAD,110707497,4516.405966616696
7454,LOAD,111743600,4474.529190038625
7455,LOAD,116311903,4298.786169804134
7456,LOAD,117655589,4249.691869716448
7457,LOAD,115077898,4344.882976572964
7458,LOAD,116739488,4283.040885017416
7459,LOAD,109567452,4563.3989918831
7460,LOAD,108512830,4607.750069738297
7461,LOAD,115055637,4345.723625866328
7462,LOAD,113915062,4389.235200521595
7463,LOAD,117085873,4270.3700044154775
7464,LOAD,109821504,4552.842401429869
7465,LOAD,110558111,4522.508529473699
7466,LOAD,113525651,4404.290973852245
7467,LOAD,116466297,4293.087467183746
7468,LOAD,121044050,4130.727615277248
7469,LOAD,114057876,4383.739357026077
7470,LOAD,111059882,4502.075736043012
7471,LOAD,110132246,4539.996396695659
7472,LOAD,113556530,4403.0933315767925
7473,LOAD,123941895,4034.148420919335
7474,LOAD,123517443,4048.0112594299735
7475,LOAD,114550504,4364.886949777192
7476,LOAD,111212456,4495.899272290148
7477,LOAD,120716297,4141.942823179873
7478,LOAD,112320316,4451.554427606846
7479,LOAD,112662416,4438.03725991461
7480,LOAD,118216250,4229.536971440051
7481,LOAD,117856968,4242.430536648457
7482,LOAD,115756703,4319.404294021747
7483,LOAD,117025392,4272.577014738818
7484,LOAD,112050572,4462.270839634803
7485,LOAD,113248902,4415.053843082735
7486,LOAD,110846830,4510.7289040200785
7487,LOAD,120041885,4165.212833837122
7488,LOAD,127638107,3917.3254112895925
7489,LOAD,111730231,4475.064586593399
7490,LOAD,114390636,4370.987149682426
7491,LOAD,119697191,4177.207466798448
7492,LOAD,117029589,4272.423788483099
7493,LOAD,115857558,4315.644215459815
7494,LOAD,118847946,4207.056300325123
7495,LOAD,110512424,4524.378182130907
7496,LOAD,113962519,4387.407407166912
7497,LOAD,114505173,4366.6149476059045
7498,LOAD,121259714,4123.380993624973
7499,LOAD,119592774,4180.854605814227
7500,LOAD,120359774,4154.211854867724
7501,LOAD,111149644,4498.439959015973
7502,LOAD,108916679,4590.6651266882645
7503,LOAD,116062145,4308.036871109008
7504,LOAD,110086216,4541.894690975662
7505,LOAD,120238292,4158.4090366153905
7506,LOAD,128513088,3890.654312189588
7507,LOAD,111305834,4492.127519569191
7508,LOAD,119038402,4200.325202618227
7509,LOAD,117205533,4266.010206190522
7510,LOAD,113973599,4386.980883178042
7511,LOAD,123808378,4038.4989132157116
7512,LOAD,475308051,1051.9493598899717
7513,LOAD,114179937,4379.0530380131495
7514,LOAD,110952908,4506.416361795583
7515,LOAD,110086802,4541.870514142104
7516,LOAD,118227635,4229.129678522285
7517,LOAD,110283982,4533.749969238506
7518,LOAD,110770021,4513.8566869098995
7519,LOAD,106836732,4680.038322400202
7520,LOAD,108630000,4602.780079167817
7521,LOAD,112994044,4425.011994437512
7522,LOAD,108184369,4621.7397635327525
7523,LOAD,111532911,4482.981709318068
7524,LOAD,113002386,4424.685333635344
7525,LOAD,117299428,4262.595381113026
7526,LOAD,111988083,4464.760772804728
7527,LOAD,111389301,4488.761447564879
7528,LOAD,117082435,4270.4953992458395
7529,LOAD,118191061,4230.438374692313
7530,LOAD,117710918,4247.694338769833
7531,LOAD,118141632,4232.20833787026
7532,LOAD,115572968,4326.271174415111
7533,LOAD,121355145,4120.138458076912
7534,LOAD,117177640,4267.025688518732
7535,LOAD,123332971,4054.0659642424407
7536,LOAD,122521730,4080.9087498193176
7537,LOAD,114671689,4360.274138806833
7538,LOAD,116555884,4289.787721055764
7539,LOAD,114844515,4353.712495542343
7540,LOAD,122311160,4087.934412526216
7541,LOAD,119120401,4197.4338216003825
7542,LOAD,116294110,4299.443884131363
7543,LOAD,118940807,4203.771713100954
7544,LOAD,117228996,4265.156378205269
7545,LOAD,116432203,4294.344580940377
7546,LOAD,113842485,4392.03343110439
7547,LOAD,119344377,4189.556412867278
7548,LOAD,123082126,4062.3282701502894
7549,LOAD,121345750,4120.457453186453
7550,LOAD,119580335,4181.289507175239
7551,LOAD,121716282,4107.913845084423
7552,LOAD,113849862,4391.748845510239
7553,LOAD,117260963,4263.993636143002
7554,LOAD,115611688,4324.822244615959
7555,LOAD,120827627,4138.12645679121
7556,LOAD,112484062,4445.074183042928
7557,LOAD,115934173,4312.7922256365255
7558,LOAD,121721846,4107.726069156066
7559,LOAD,120154487,4161.309431582026
7560,LOAD,116609234,4287.825096252669
7561,LOAD,117383356,4259.547665343629
7562,LOAD,108248201,4619.014407454217
7563,LOAD,114925161,4350.657381284852
7564,LOAD,120360159,4154.198566653606
7565,LOAD,108348475,4614.739616778178
7566,LOAD,115920347,4313.3066190700765
7567,LOAD,109760497,4555.372958998172
7568,LOAD,114719053,4358.473914529263
7569,LOAD,122099312,4095.027169358661
7570,LOAD,112784941,4433.215955665571
7571,LOAD,117962206,4238.64572352945
7572,LOAD,119509579,4183.765052004744
7573,LOAD,114043920,4384.27581233616
7574,LOAD,114172509,4379.337936770751
7575,LOAD,106656025,4687.967698027373
7576,LOAD,118718728,4211.635421161183
7577,LOAD,111755627,4474.047646835716
7578,LOAD,111286366,4492.913354723075
7579,LOAD,121200184,4125.406278261095
7580,LOAD,119630533,4179.535002155344
7581,LOAD,114799455,4355.421373733874
7582,LOAD,120012856,4166.220325595785
7583,LOAD,117664511,4249.369633635753
7584,LOAD,116490080,4292.210976247934
7585,LOAD,110955543,4506.309342292165
7586,LOAD,113563447,4402.825144960597
7587,LOAD,114686012,4359.729589341724
7588,LOAD,120529116,4148.37523573972
7589,LOAD,120431540,4151.736330864821
7590,LOAD,116050824,4308.457129093715
7591,LOAD,114000211,4385.956794413302
7592,LOAD,118491850,4219.699498319927
7593,LOAD,118094863,4233.884415446589
7594,LOAD,113724653,4396.584089819118
7595,LOAD,116878061,4277.962824862401
7596,LOAD,113588519,4401.853324630459
7597,LOAD,114736116,4357.825743377961
7598,LOAD,116805078,4280.635812768345
7599,LOAD,119368799,4188.699259678402
7600,LOAD,114032582,4384.711730898104
7601,LOAD,116560625,4289.613237746452
7602,LOAD,119430610,4186.531409326303
7603,LOAD,119564420,4181.846070929797
7604,LOAD,111099446,4500.472486604479
7605,LOAD,112331467,4451.112527534248
7606,LOAD,117488056,4255.751750629017
7607,LOAD,112495826,4444.609349328214
7608,LOAD,121226590,4124.507667830961
7609,LOAD,114679779,4359.966546499884
7610,LOAD,114292682,4374.733283448541
7611,LOAD,124489088,4016.4162822045896
7612,LOAD,120711553,4142.105602766953
7613,LOAD,114444842,4368.916862150939
7614,LOAD,123323939,4054.3628759700905
7615,LOAD,117929692,4239.8143463310325
7616,LOAD,119197636,4194.714062953396
7617,LOAD,114584466,4363.593229120604
7618,LOAD,126437258,3954.53055459333
7619,LOAD,115861038,4315.514590849773
7620,LOAD,122355859,4086.441009743555
7621,LOAD,111713998,4475.714851777125
7622,LOAD,116241274,4301.398141937088
7623,LOAD,112300786,4452.32858833241
7624,LOAD,115417383,4332.1030767089915
7625,LOAD,119483002,4184.695660726703
7626,LOAD,121464296,4116.4359936684605
7627,LOAD,113898647,4389.867774285326
7628,LOAD,116067135,4307.851658438885
7629,LOAD,115676575,4322.39630193062
7630,LOAD,121923748,4100.923800341177
7631,LOAD,112160657,4457.89114805203
7632,LOAD,109772009,4554.895228345506
7633,LOAD,117083411,4270.459800662965
7634,LOAD,112338950,4450.816034865913
7635,LOAD,110842290,4510.913659398412
7636,LOAD,115798058,4317.861703691093
7637,LOAD,109201908,4578.674577737232
7638,LOAD,116691599,4284.798599768951
7639,LOAD,116341156,4297.705276368407
7640,LOAD,121536592,4113.987333131737
7641,LOAD,136887336,3652.6388387016314
7642,LOAD,124797854,4006.479149873843
7643,LOAD,116539777,4290.380613994138
7644,LOAD,123884971,4036.0020748602346
7645,LOAD,116931446,4276.009722825116
7646,LOAD,122893952,4068.5484668928216
7647,LOAD,118924761,4204.338909707794
7648,LOAD,125589946,3981.2104067629743
7649,LOAD,113028120,4423.6779307662555
7650,LOAD,126221144,3961.3014440750117
7651,LOAD,120331232,4155.1972143026005
7652,LOAD,114120427,4381.336568255217
7653,LOAD,126330531,3957.8714348948633
7654,LOAD,122323879,4087.509357024232
7655,LOAD,119442034,4186.130989698317
7656,LOAD,124312493,4022.121895664984
7657,LOAD,114545971,4365.059684203123
7658,LOAD,120695183,4142.667400404869
7659,LOAD,109001562,4587.090229037269
7660,LOAD,113794121,4393.9001031520775
7661,LOAD,118679310,4213.034268567959
7662,LOAD,121364734,4119.8129268754465
7663,LOAD,119571557,4181.596464450154
7664,LOAD,120707486,4142.245162822793
7665,LOAD,114001563,4385.904779217808
7666,LOAD,116375411,4296.440250595549
7667,LOAD,122739362,4073.672796180902
7668,LOAD,112506346,4444.193752412864
7669,LOAD,114920036,4350.851404188561
7670,LOAD,115781623,4318.474616649656
7671,LOAD,127824063,3911.6265612680454
7672,LOAD,116080331,4307.3619423087275
7673,LOAD,126828992,3942.316280492082
7674,LOAD,113881508,4390.528442949666
7675,LOAD,116275294,4300.139632414088
7676,LOAD,119331791,4189.9982880504995
7677,LOAD,117604024,4251.55520188663
7678,LOAD,122043285,4096.907093249743
7679,LOAD,120303805,4156.144520948444
7680,LOAD,115299865,4336.518520641806
7681,LOAD,114652095,4361.0193080204945
7682,LOAD,116237498,4301.537873776327
7683,LOAD,116619086,4287.462860067348
7684,LOAD,119497251,4184.1966724406075
7685,LOAD,113036440,4423.352327798009
7686,LOAD,116592704,4288.433005207599
7687,LOAD,119764302,4174.866731156668
7688,LOAD,122121255,4094.2913663964555
7689,LOAD,116319530,4298.504301040419
7690,LOAD,117395393,4259.110917580897
7691,LOAD,120371751,4153.798510416285
7692,LOAD,116655479,4286.125300638472
7693,LOAD,117820637,4243.738726348934
7694,LOAD,116274951,4300.152317415296
7695,LOAD,112466826,4445.755408799391
7696,LOAD,121569104,4112.8871032890065
7697,LOAD,119753857,4175.230865424234
7698,LOAD,121688721,4108.844237092441
7699,LOAD,116674786,4285.416045245629
7700,LOAD,113689001,4397.962824917426
7701,LOAD,114125812,4381.129835904256
7702,LOAD,118211250,4229.715868836511
7703,LOAD,114675763,4360.119234611066
7704,LOAD,120485693,4149.870308668101
7705,LOAD,113177168,4417.852194357788
7706,LOAD,120242548,4158.261849208319
7707,LOAD,122056016,4096.47976712594
7708,LOAD,122240575,4090.294895945966
7709,LOAD,120429146,4151.818862852353
7710,LOAD,114242038,4376.672622034281
7711,LOAD,116053196,4308.369068956964
7712,LOAD,116947440,4275.424925932539
7713,LOAD,113386370,4409.701095466766
7714,LOAD,119112178,4197.723594643698
7715,LOAD,108438258,4610.918777393123
7716,LOAD,116723927,4283.611876766278
7717,LOAD,113761587,4395.156688522638
7718,LOAD,121744061,4106.976520193458
7719,LOAD,112259208,4453.977619368204
7720,LOAD,115589839,4325.639730322662
7721,LOAD,119725422,4176.222490157521
7722,LOAD,119876689,4170.952702906234
7723,LOAD,115065325,4345.357734834539
7724,LOAD,117447965,4257.204456458654
7725,LOAD,113835161,4392.316008583675
7726,LOAD,116720179,4283.749427766043
7727,LOAD,117331629,4261.425535990811
7728,LOAD,118103943,4233.558908359224
7729,LOAD,114761339,4356.8679518457
7730,LOAD,115896420,4314.197108072881
7731,LOAD,116462236,4293.237165736712
7732,LOAD,127516966,3921.0468668145695
7733,LOAD,113052247,4422.733853312973
7734,LOAD,121722388,4107.70777845732
7735,LOAD,103599302,4826.287343132872
7736,LOAD,117080005,4270.584033541851
7737,LOAD,117603468,4251.575302184116
7738,LOAD,114533958,4365.517517520873
7739,LOAD,126808969,3942.9387679983424
7740,LOAD,120515080,4148.858383531754
7741,LOAD,112952493,4426.639790942906
7742,LOAD,113189254,4417.380469704306
7743,LOAD,114295537,4374.624006534918
7744,LOAD,126146803,3963.6359234565775
7745,LOAD,125662201,3978.9212350339144
7746,LOAD,119505121,4183.921122509889
7747,LOAD,114481670,4367.5114103419355
7748,LOAD,122571612,4079.247974645222
7749,LOAD,118885480,4205.728067044016
7750,LOAD,122091117,4095.3020357738233
7751,LOAD,120230750,4158.669891022056
7752,LOAD,119448894,4185.890578442693
7753,LOAD,121906198,4101.514182240348
7754,LOAD,114665037,4360.527089002727
7755,LOAD,111581603,4481.025424952893
7756,LOAD,113141908,4419.228991612905
7757,LOAD,119076013,4198.9985002269095
7758,LOAD,117711600,4247.669728387007
7759,LOAD,120808569,4138.779261593604
7760,LOAD,111294557,4492.582687579232
7761,LOAD,112736846,4435.107223063523
7762,LOAD,116411752,4295.09900340646
7763,LOAD,119740997,4175.679278835469
7764,LOAD,119232410,4193.490679254072
7765,LOAD,123307504,4054.9032603887595
7766,LOAD,116736795,4283.139690446359
7767,LOAD,116077571,4307.464359329159
7768,LOAD,124005721,4032.072036418384
7769,LOAD,120405413,4152.637224042411
7770,LOAD,118358445,4224.455635590683
7771,LOAD,112676829,4437.469570607103
7772,LOAD,112107696,4459.997108494675
7773,LOAD,111186339,4496.955331895585
7774,LOAD,118941920,4203.732376272386
7775,LOAD,119290652,4191.443265814324
7776,LOAD,120774164,4139.958277831673
7777,LOAD,116140862,4305.11700524489
7778,LOAD,113287217,4413.560622642888
7779,LOAD,124228950,4024.826741270855
7780,LOAD,117504826,4255.144380197627
7781,LOAD,114632109,4361.779647620371
7782,LOAD,114123098,4381.234025034967
7783,LOAD,115980728,4311.061058351004
7784,LOAD,121020118,4131.5444759358115
7785,LOAD,111868436,4469.5359824285015
7786,LOAD,118827978,4207.763259255325
7787,LOAD,113522669,4404.406665244983
7788,LOAD,108405401,4612.316318077177
7789,LOAD,111573900,4481.334792455941
7790,LOAD,119983347,4167.244976088223
7791,LOAD,120887772,4136.067624771842
7792,LOAD,115555922,4326.909355627832
7793,LOAD,111099797,4500.458268164072
7794,LOAD,120484120,4149.924487974017
7795,LOAD,116553995,4289.857245991439
7796,LOAD,118410843,4222.586271090056
7797,LOAD,118119132,4233.0145128394615
7798,LOAD,112924001,4427.756682124644
7799,LOAD,119793678,4173.842963566074
7800,LOAD,114279065,4375.25455777924
7801,LOAD,120623685,4145.122908490152
7802,LOAD,119272716,4192.073566933782
7803,LOAD,108832786,4594.203809135236
7804,LOAD,111680213,4477.06882507468
7805,LOAD,121971996,4099.3016134621585
7806,LOAD,122551158,4079.9288081798463
7807,LOAD,117506653,4255.078220975284
7808,LOAD,114731943,4357.984245067653
7809,LOAD,118955439,4203.254632182056
7810,LOAD,113559886,4402.963208328687
7811,LOAD,110764171,4514.095085855876
7812,LOAD,111508109,4483.978828840152
7813,LOAD,128007745,3906.013655658101
7814,LOAD,112670550,4437.71686567608
7815,LOAD,122105997,4094.802976794006
7816,LOAD,114977983,4348.658647108116
7817,LOAD,120317127,4155.684335780391
7818,LOAD,115972945,4311.3503757277185
7819,LOAD,112557772,4442.163265278563
7820,LOAD,122930096,4067.3522291888557
7821,LOAD,108585421,4604.669718967153
7822,LOAD,112889643,4429.104271328061
7823,LOAD,117320302,4261.836966631743
7824,LOAD,113682719,4398.205852201688
7825,LOAD,118095459,4233.863048027952
7826,LOAD,120695549,4142.654838083548
7827,LOAD,113506017,4405.052817596445
7828,LOAD,117977356,4238.101420072509
7829,LOAD,113934458,4388.487984907955
7830,LOAD,118574011,4216.775630538466
7831,LOAD,121619889,4111.169678834355
7832,LOAD,120960176,4133.59186911236
7833,LOAD,117022652,4272.677054011731
7834,LOAD,112843835,4430.902228730528
7835,LOAD,113678437,4398.371522296705
7836,LOAD,117097980,4269.928482113868
7837,LOAD,119131523,4197.041953371149
7838,LOAD,115715357,4320.947650880946
7839,LOAD,111795270,4472.461133641879
7840,LOAD,109217994,4578.000214873018
7841,LOAD,119589786,4180.959066186471
7842,LOAD,120483247,4149.954557582599
7843,LOAD,112620758,4439.67887340982
7844,LOAD,121218396,4124.7864721786955
7845,LOAD,120774734,4139.938739173708
7846,LOAD,109860214,4551.238176179048
7847,LOAD,106832367,4680.229541296225
7848,LOAD,114559211,4364.55519931959
7849,LOAD,119115575,4197.6038817761655
7850,LOAD,118390318,4223.31832912215
7851,LOAD,117901336,4240.834047885598
7852,LOAD,112628661,4439.367347179951
7853,LOAD,119929584,4169.113102235058
7854,LOAD,110613853,4520.229486988397
7855,LOAD,118680876,4212.9786773734295
7856,LOAD,116751029,4282.617500527554
7857,LOAD,123361813,4053.1181233531324
7858,LOAD,114341911,4372.849776841669
7859,LOAD,118483496,4219.997019669305
7860,LOAD,117903877,4240.742651745031
7861,LOAD,112467335,4445.735288383957
7862,LOAD,118887312,4205.6632586663245
7863,LOAD,112890724,4429.061859856617
7864,LOAD,115498705,4329.052866869806
7865,LOAD,117594006,4251.917397898665
7866,LOAD,119236618,4193.342686053038
7867,LOAD,118184507,4230.672976450289
7868,LOAD,118931870,4204.0876007415
7869,LOAD,117616671,4251.098043745857
7870,LOAD,121985052,4098.86286723065
7871,LOAD,118135266,4232.436400490265
7872,LOAD,121538790,4113.912932653024
7873,LOAD,114241831,4376.680552327632
7874,LOAD,124695379,4009.7716852843437
7875,LOAD,112674233,4437.571809341715
7876,LOAD,120072500,4164.150825542902
7877,LOAD,116794921,4281.008075685072
7878,LOAD,126073066,3965.954155505348
7879,LOAD,116123571,4305.7580445919975
7880,LOAD,119151610,4196.3344011885365
7881,LOAD,119401113,4187.565655271573
7882,LOAD,116373510,4296.510434376346
7883,LOAD,117609382,4251.361511278071
7884,LOAD,117719115,4247.398563946051
7885,LOAD,112947261,4426.844843984309
7886,LOAD,122368766,4086.0099872217393
7887,LOAD,119713176,4176.649694767099
7888,LOAD,117756762,4246.040664739066
7889,LOAD,106179709,4708.997648505516
7890,LOAD,126602520,3949.3684643875968
7891,LOAD,113832626,4392.413823432308
7892,LOAD,115543151,4327.387609500108
7893,LOAD,119961133,4168.016652526948
7894,LOAD,118227616,4229.130358172832
7895,LOAD,116822278,4280.005565376837
7896,LOAD,119279198,4191.8457567093965
7897,LOAD,118988037,4202.103107222451
7898,LOAD,114075672,4383.0554861863975
7899,LOAD,121683559,4109.018540458699
7900,LOAD,113155700,4418.690353203594
7901,LOAD,121578074,4112.58365550354
7902,LOAD,110090688,4541.71019441717
7903,LOAD,113338952,4411.545997001984
7904,LOAD,119498159,4184.1648790589325
7905,LOAD,108743916,4597.958381414184
7906,LOAD,116866621,4278.381591951734
7907,LOAD,116576818,4289.017392806175
7908,LOAD,113472534,4406.35264212924
7909,LOAD,118733360,4211.116404016529
7910,LOAD,123622863,4044.559298064469
7911,LOAD,120985248,4132.735257111677
7912,LOAD,114328739,4373.353579977821
7913,LOAD,112013662,4463.741217566835
7914,LOAD,123932937,4034.440013311393
7915,LOAD,116625900,4287.212360204723
7916,LOAD,117278021,4263.373441473744
7917,LOAD,111440655,4486.692939843184
7918,LOAD,116530335,4290.7282468552075
7919,LOAD,118508778,4219.096749103261
7920,LOAD,118668985,4213.400830891071
7921,LOAD,110158227,4538.92563103798
7922,LOAD,123773794,4039.6273220807952
7923,LOAD,118649172,4214.104418697502
7924,LOAD,120222391,4158.9590411656345
7925,LOAD,111377398,4489.241165429273
7926,LOAD,124323566,4021.763661444524
7927,LOAD,118308716,4226.231311647402
7928,LOAD,123045422,4063.540047836969
7929,LOAD,112313151,4451.838413829205
7930,LOAD,118603209,4215.737535398389
7931,LOAD,119115217,4197.61649764698
7932,LOAD,119758348,4175.074292106969
7933,LOAD,122549649,4079.9790458804173
7934,LOAD,119385550,4188.111542812342
7935,LOAD,120620791,4145.222360546451
7936,LOAD,119209228,4194.306165626708
7937,LOAD,115659972,4323.016782331574
7938,LOAD,116160350,4304.3947439896665
7939,LOAD,116973182,4274.484043701573
7940,LOAD,118076071,4234.558245082529
7941,LOAD,117621903,4250.9089484804545
7942,LOAD,114393356,4370.8832180778045
7943,LOAD,114526613,4365.79749372314
7944,LOAD,109827212,4552.605778611589
7945,LOAD,121827444,4104.165560594048
7946,LOAD,123236663,4057.234169023224
7947,LOAD,113868984,4391.011339839477
7948,LOAD,128889127,3879.3031781493873
7949,LOAD,114986910,4348.321039325259
7950,LOAD,116725144,4283.567214960985
7951,LOAD,114766206,4356.683185989436
7952,LOAD,117092110,4270.142539920068
7953,LOAD,112968468,4426.0138147575835
7954,LOAD,111020765,4503.661995123164
7955,LOAD,125251761,3991.9598415865785
7956,LOAD,113418737,4408.442672042804
7957,LOAD,115641006,4323.725789794668
7958,LOAD,115418817,4332.04925328597
7959,LOAD,123541328,4047.2286326726226
7960,LOAD,112879178,4429.514892463161
7961,LOAD,116080732,4307.347062559875
7962,LOAD,111361157,4489.895879943129
7963,LOAD,119378176,4188.370242815571
7964,LOAD,113139038,4419.3410942737555
7965,LOAD,114015344,4385.374656239251
7966,LOAD,131669011,3797.400741469836
7967,LOAD,114568573,4364.1985485845225
7968,LOAD,129100714,3872.9452727891185
7969,LOAD,116417008,4294.905088095032
7970,LOAD,121321442,4121.283029260401
7971,LOAD,118204790,4229.947026681406
7972,LOAD,117705451,4247.891629080118
7973,LOAD,117896747,4240.9991176431695
7974,LOAD,120980225,4132.906844899652
7975,LOAD,117002178,4273.424722059447
7976,LOAD,115362472,4334.165100068244
7977,LOAD,115950255,4312.194052527094
7978,LOAD,122664808,4076.1487190360253
7979,LOAD,122883440,4068.8965087565907
7980,LOAD,111138744,4498.881146254452
7981,LOAD,111801770,4472.201110948422
7982,LOAD,124032677,4031.1957469078898
7983,LOAD,113996716,4386.09126248865
7984,LOAD,121748948,4106.8116662494685
7985,LOAD,125042967,3998.625528455351
7986,LOAD,123193989,4058.6395818386886
7987,LOAD,121530203,4114.2036107682625
7988,LOAD,119388428,4188.010583404281
7989,LOAD,121895748,4101.865800930153
7990,LOAD,120146782,4161.576295901125
7991,LOAD,119793884,4173.835786140802
7992,LOAD,117705708,4247.882354184557
7993,LOAD,111676033,4477.23640040115
7994,LOAD,126332831,3957.7993783737816
7995,LOAD,122365852,4086.107290782399
7996,LOAD,125436253,3986.08845562375
7997,LOAD,121515233,4114.710457741541
7998,LOAD,119183177,4195.222954998087
7999,LOAD,115671306,4322.593193509892
8000,LOAD,120306836,4156.039811403568
8001,LOAD,118197450,4230.209704185666
8002,LOAD,121738600,4107.160752628994
8003,LOAD,118426257,4222.036672154554
8004,LOAD,120851594,4137.305793418
8005,LOAD,119834350,4172.42635354554
8006,LOAD,121037169,4130.962448402936
8007,LOAD,119978266,4167.4214561494
8008,LOAD,123769378,4039.771453000273
8009,LOAD,119338385,4189.766771185986
8010,LOAD,119310141,4190.7586045011885
8011,LOAD,118045672,4235.648724164999
8012,LOAD,371638972,1345.3917314140024
8013,LOAD,114769627,4356.553323990502
8014,LOAD,110933578,4507.201597698399
8015,LOAD,112813751,4432.083815739803
8016,LOAD,108829522,4594.341597861654
8017,LOAD,111273144,4493.447223887194
8018,LOAD,110741961,4515.000416147588
8019,LOAD,113509399,4404.921569534519
8020,LOAD,111298352,4492.429501561712
8021,LOAD,117360942,4260.36116853936
8022,LOAD,115313941,4335.989175844749
8023,LOAD,113978711,4386.784124975759
8024,LOAD,113003458,4424.64335914393
8025,LOAD,113733918,4396.225934993288
8026,LOAD,118318788,4225.871549664624
8027,LOAD,117904055,4240.736249486924
8028,LOAD,117060929,4271.279958832379
8029,LOAD,118713709,4211.8134814573095
8030,LOAD,114898342,4351.672890110111
8031,LOAD,122622412,4077.5580242215433
8032,LOAD,116845237,4279.164584175562
8033,LOAD,119558885,4182.039670242827
8034,LOAD,116645702,4286.484554741674
8035,LOAD,119652511,4178.767297244602
8036,LOAD,114477678,4367.663711697576
8037,LOAD,116224133,4302.032521937591
8038,LOAD,113579294,4402.210846635479
8039,LOAD,115915038,4313.504171909084
8040,LOAD,111286315,4492.915413723601
8041,LOAD,116683264,4285.104674480138
8042,LOAD,114258211,4376.0531135919855
8043,LOAD,117074409,4270.788161740795
8044,LOAD,116161159,4304.364766195214
8045,LOAD,113725226,4396.561937806129
8046,LOAD,114886943,4352.104659969933
8047,LOAD,108938238,4589.756628889114
8048,LOAD,110764998,4514.061382459466
8049,LOAD,113297307,4413.16756099066
8050,LOAD,121308378,4121.7268604481715
8051,LOAD,117938332,4239.5037433631
8052,LOAD,117877562,4241.68935560442
8053,LOAD,113314269,4412.506954441898
8054,LOAD,120331906,4155.17394031804
8055,LOAD,122839361,4070.3565691781805
8056,LOAD,113515847,4404.671358352283
8057,LOAD,122690464,4075.296349030027
8058,LOAD,112375327,4449.375261884666
8059,LOAD,113634688,4400.064881596718
8060,LOAD,111001837,4504.429958217719
8061,LOAD,110564076,4522.264537352983
8062,LOAD,112346349,4450.5229092936515
8063,LOAD,119738515,4175.765834410089
8064,LOAD,115319714,4335.772112650227
8065,LOAD,119496574,4184.220377732336
8066,LOAD,118937078,4203.903512746463
8067,LOAD,119548294,4182.410164715525
8068,LOAD,116790517,4281.169506253663
8069,LOAD,120543946,4147.864879087333
8070,LOAD,115638375,4323.824163042761
8071,LOAD,112797641,4432.716815416379
8072,LOAD,111669859,4477.483937720383
8073,LOAD,118915221,4204.6762037300505
8074,LOAD,114819833,4354.648382043893
8075,LOAD,113246945,4415.1301388306765
8076,LOAD,120068541,4164.288129394359
8077,LOAD,114268235,4375.669231260988
8078,LOAD,120052381,4164.848675512732
8079,LOAD,120184576,4160.267620364198
8080,LOAD,121545256,4113.694079512244
8081,LOAD,117044182,4271.891105189662
8082,LOAD,122601052,4078.2684311713733
8083,LOAD,115667322,4322.742079219228
8084,LOAD,112516289,4443.801021556977
8085,LOAD,111627533,4479.181672858434
8086,LOAD,119342704,4189.615143963891
8087,LOAD,118704325,4212.146440325574
8088,LOAD,116757164,4282.392470581077
8089,LOAD,117773025,4245.454338971084
8090,LOAD,112788776,4433.065219184576
8091,LOAD,115950632,4312.180031929451
8092,LOAD,117602855,4251.597463343896
8093,LOAD,116728888,4283.4298224446375
8094,LOAD,120813735,4138.602287231663
8095,LOAD,114192780,4378.560535963832
8096,LOAD,111190262,4496.796670917099
8097,LOAD,116023157,4309.484528161908
8098,LOAD,116318562,4298.540073079652
8099,LOAD,112607396,4440.2056859568975
8100,LOAD,112137398,4458.815782402941
8101,LOAD,127447258,3923.19150561874
8102,LOAD,120766563,4140.218845178198
8103,LOAD,117263196,4263.912438477287
8104,LOAD,115371238,4333.8357866975475
8105,LOAD,118240323,4228.675863816779
8106,LOAD,113604461,4401.235616971062
8107,LOAD,110810886,4512.1920602638265
8108,LOAD,116471362,4292.900773324863
8109,LOAD,115299046,4336.549324094148
8110,LOAD,124022284,4031.5335589207507
8111,LOAD,117293369,4262.815573146339
8112,LOAD,119960092,4168.052822100203
8113,LOAD,112766379,4433.945688723409
8114,LOAD,115428085,4331.701422578396
8115,LOAD,111171277,4497.564600251915
8116,LOAD,114893611,4351.8520799211365
8117,LOAD,111212392,4495.901859569751
8118,LOAD,110581472,4521.553122389255
8119,LOAD,122284739,4088.8176569604484
8120,LOAD,121117535,4128.221400807075
8121,LOAD,116331036,4298.079147167571
8122,LOAD,117714715,4247.55732535223
8123,LOAD,118721818,4211.525803959639
8124,LOAD,118296654,4226.662235095846
8125,LOAD,113513050,4404.77989094646
8126,LOAD,121266125,4123.16300203375
8127,LOAD,114950874,4349.684196398542
8128,LOAD,110397361,4529.093770638231
8129,LOAD,113901366,4389.762981420258
8130,LOAD,114011013,4385.54124591455
8131,LOAD,112338315,4450.841193407609
8132,LOAD,115961715,4311.76789684423
8133,LOAD,123761065,4040.0428034454944
8134,LOAD,113180042,4417.740011087821
8135,LOAD,113496172,4405.434925153247
8136,LOAD,119093365,4198.386702735287
8137,LOAD,118996038,4201.820568177236
8138,LOAD,116099036,4306.667972678085
8139,LOAD,111340304,4490.736795545305
8140,LOAD,115164607,4341.611655046068
8141,LOAD,119007724,4201.407969116358
8142,LOAD,118402756,4222.874677004985
8143,LOAD,119027661,4200.704237983808
8144,LOAD,109622558,4561.105023657631
8145,LOAD,111268769,4493.623902678388
8146,LOAD,119329645,4190.073640125218
8147,LOAD,116803217,4280.704015198486
8148,LOAD,112946008,4426.893954499039
8149,LOAD,110883186,4509.249941645797
8150,LOAD,117386576,4259.4308228225345
8151,LOAD,111112893,4499.9278346573155
8152,LOAD,120015860,4166.1160449960535
8153,LOAD,112958652,4426.39843117108
8154,LOAD,119839417,4172.249936763294
8155,LOAD,112341295,4450.723129015026
8156,LOAD,118450666,4221.166641646405
8157,LOAD,117187707,4266.659130039979
8158,LOAD,117567952,4252.859656856148
8159,LOAD,117834771,4243.229700000859
8160,LOAD,114652598,4361.000175504091
8161,LOAD,109004146,4586.981489676548
8162,LOAD,117025531,4272.571939878658
8163,LOAD,110829314,4511.441801399222
8164,LOAD,111471922,4485.434457656521
8165,LOAD,114003210,4385.841416219771
8166,LOAD,112669345,4437.764327111337
8167,LOAD,112239054,4454.77738969539
8168,LOAD,117908983,4240.559008129177
8169,LOAD,116302753,4299.124372404151
8170,LOAD,114858859,4353.168787790239
8171,LOAD,118625691,4214.938566722449
8172,LOAD,113846517,4391.877882394944
8173,LOAD,120879068,4136.365445835502
8174,LOAD,108976188,4588.158286468966
8175,LOAD,119447386,4185.94342449654
8176,LOAD,112333330,4451.038707745955
8177,LOAD,107154004,4666.181209616768
8178,LOAD,116362573,4296.914266411074
8179,LOAD,110541342,4523.194589043436
8180,LOAD,118040733,4235.825950013374
8181,LOAD,111387447,4488.836161223805
8182,LOAD,114789899,4355.783952732635
8183,LOAD,104012537,4807.112819486367
8184,LOAD,124915751,4002.697786286375
8185,LOAD,112575594,4441.460020188745
8186,LOAD,113211654,4416.5064490622135
8187,LOAD,114201619,4378.221643250084
8188,LOAD,113958920,4387.54596831911
8189,LOAD,115302567,4336.416898680149
8190,LOAD,111297293,4492.472247280983
8191,LOAD,114744399,4357.5111670592305
8192,LOAD,116386455,4296.032558084186
8193,LOAD,114769896,4356.543113012841
8194,LOAD,112607339,4440.20793351666
8195,LOAD,110542495,4523.147410414429
8196,LOAD,114291102,4374.793761285108
8197,LOAD,115733549,4320.268446965192
8198,LOAD,121320385,4121.318935807862
8199,LOAD,113358093,4410.801088546894
8200,LOAD,119854364,4171.729616787254
8201,LOAD,115582729,4325.9058193720275
8202,LOAD,116630526,4287.042313433449
8203,LOAD,117302928,4262.46819687229
8204,LOAD,116378811,4296.314730350699
8205,LOAD,120071680,4164.17926358655
8206,LOAD,119612644,4180.160084079405
8207,LOAD,116582538,4288.806956664471
8208,LOAD,117018607,4272.824748289817
8209,LOAD,121492883,4115.467405609265
8210,LOAD,115266164,4337.786412324783
8211,LOAD,118887255,4205.665275054083
8212,LOAD,115271069,4337.601831384074
8213,LOAD,112319700,4451.578841467704
8214,LOAD,117085634,4270.378721269938
8215,LOAD,118863189,4206.516787968729
8216,LOAD,119161717,4195.978478557841
8217,LOAD,120698027,4142.569786994115
8218,LOAD,118349325,4224.78117217821
8219,LOAD,120703759,4142.373063957353
8220,LOAD,119489418,4184.470962943346
8221,LOAD,111569079,4481.528434952842
8222,LOAD,115748315,4319.717310787634
8223,LOAD,117601108,4251.660622109104
8224,LOAD,121325966,4121.129354947811
8225,LOAD,119678565,4177.857580428041
8226,LOAD,117806657,4244.242326645429
8227,LOAD,118473129,4220.366290823635
8228,LOAD,122065437,4096.163601167462
8229,LOAD,113412484,4408.685731634271
8230,LOAD,117734894,4246.829321475416
8231,LOAD,119473483,4185.029074610639
8232,LOAD,118501684,4219.3493216518345
8233,LOAD,119560071,4181.998185665178
8234,LOAD,117881255,4241.556471383004
8235,LOAD,119491447,4184.399909392679
8236,LOAD,123149563,4060.1037293165223
8237,LOAD,114239453,4376.771656986138
8238,LOAD,117462394,4256.681504380032
8239,LOAD,117897832,4240.960088222827
8240,LOAD,114207582,4377.9930477820635
8241,LOAD,119020236,4200.966296185129
8242,LOAD,115070045,4345.179494802492
8243,LOAD,119322985,4190.307508649737
8244,LOAD,113854938,4391.553047967054
8245,LOAD,116502958,4291.736523977357
8246,LOAD,116242486,4301.35329349374
8247,LOAD,121157591,4126.856566502713
8248,LOAD,115930251,4312.93813035909
8249,LOAD,119897401,4170.232180428999
8250,LOAD,115095122,4344.232764269541
8251,LOAD,120098728,4163.241429168175
8252,LOAD,113592294,4401.707038331316
8253,LOAD,113652642,4399.369792037039
8254,LOAD,134290211,3723.2795769454856
8255,LOAD,114152519,4380.104831501791
8256,LOAD,115665222,4322.820562260279
8257,LOAD,114632061,4361.781474032819
8258,LOAD,118486323,4219.896333520283
8259,LOAD,113378414,4410.010533398359
8260,LOAD,125679023,3978.3886607711775
8261,LOAD,119587289,4181.046365220303
8262,LOAD,112837067,4431.167995531115
8263,LOAD,115442563,4331.158170838601
8264,LOAD,114579772,4363.771992843554
8265,LOAD,124982872,4000.548171112598
8266,LOAD,124756652,4007.802325442334
8267,LOAD,119960192,4168.049347570233
8268,LOAD,118466724,4220.594468367337
8269,LOAD,113759809,4395.225382278903
8270,LOAD,121626421,4110.948886673234
8271,LOAD,116433574,4294.294015229662
8272,LOAD,132350551,3777.8460023184944
8273,LOAD,121927509,4100.797302436483
8274,LOAD,116861878,4278.555235951283
8275,LOAD,116485094,4292.394699016168
8276,LOAD,121478594,4115.951490185999
8277,LOAD,115697807,4321.6030879478985
8278,LOAD,112052531,4462.192826327145
8279,LOAD,120559124,4147.342676444796
8280,LOAD,126102861,3965.0170982242817
8281,LOAD,110718545,4515.955299087429
8282,LOAD,122409157,4084.6617381737224
8283,LOAD,113067715,4422.128810155931
8284,LOAD,113626602,4400.378003031367
8285,LOAD,120819593,4138.40162497485
8286,LOAD,114129404,4380.99194840271
8287,LOAD,118034645,4236.044425770077
8288,LOAD,118416159,4222.396708543806
8289,LOAD,117408743,4258.626633963707
8290,LOAD,111796505,4472.411727003451
8291,LOAD,114545078,4365.0937144588615
8292,LOAD,120111314,4162.8051792023525
8293,LOAD,111906174,4468.028725564328
8294,LOAD,113349706,4411.127453652151
8295,LOAD,118632891,4214.68275606636
8296,LOAD,120811721,4138.671280082171
8297,LOAD,122511737,4081.241620139628
8298,LOAD,112893913,4428.936748786447
8299,LOAD,115532815,4327.774753865385
8300,LOAD,114424995,4369.674650193343
8301,LOAD,122001945,4098.295318160706
8302,LOAD,114785844,4355.937828013009
8303,LOAD,117110810,4269.46069282588
8304,LOAD,111864196,4469.705391705493
8305,LOAD,117825749,4243.554607066406
8306,LOAD,110475493,4525.890642551828
8307,LOAD,118953298,4203.330285134255
8308,LOAD,116546339,4290.13904932698
8309,LOAD,121654101,4110.013521040281
8310,LOAD,117391103,4259.2665646901705
8311,LOAD,115371641,4333.82064835153
8312,LOAD,110711161,4516.256495584939
8313,LOAD,121447055,4117.020375669052
8314,LOAD,117390157,4259.300888404127
8315,LOAD,115837103,4316.4062899604805
8316,LOAD,115804226,4317.631724424288
8317,LOAD,114278732,4375.267306956118
8318,LOAD,112389116,4448.829368850984
8319,LOAD,119771326,4174.621895728198
8320,LOAD,116224289,4302.02674761039
8321,LOAD,119630220,4179.54593747299
8322,LOAD,119857329,4171.626417605218
8323,LOAD,119134555,4196.935137752435
8324,LOAD,120381508,4153.461842328807
8325,LOAD,118241167,4228.645679723374
8326,LOAD,115793053,4318.04833749396
8327,LOAD,122063597,4096.2253471852055
8328,LOAD,115714746,4320.970466460688
8329,LOAD,116673706,4285.455713560689
8330,LOAD,119435195,4186.370692491439
8331,LOAD,113906801,4389.55352630788
8332,LOAD,121674699,4109.317747315734
8333,LOAD,113443753,4407.4705462186175
8334,LOAD,121596088,4111.9743918077365
8335,LOAD,116541406,4290.320643634589
8336,LOAD,114313153,4373.9498638446275
8337,LOAD,111801723,4472.202991003994
8338,LOAD,112031600,4463.026503236587
8339,LOAD,121187699,4125.831285896434
8340,LOAD,115480373,4329.740084923348
8341,LOAD,117234036,4264.973015174535
8342,LOAD,111876819,4469.201077302708
8343,LOAD,109748484,4555.8715872558205
8344,LOAD,118296805,4226.6568399712905
8345,LOAD,122903914,4068.218689927157
8346,LOAD,117499313,4255.344029117856
8347,LOAD,116763215,4282.170544892927
8348,LOAD,113245935,4415.169515797631
8349,LOAD,108774606,4596.66109937461
8350,LOAD,117510742,4254.930157789319
8351,LOAD,115138908,4342.5807026066295
8352,LOAD,113292390,4413.359096758397
8353,LOAD,114238012,4376.8268656495875
8354,LOAD,123555160,4046.7755454325015
8355,LOAD,115354340,4334.470640636495
8356,LOAD,117626259,4250.7515264937565
8357,LOAD,115228069,4339.22050711446
8358,LOAD,116064260,4307.958367201066
8359,LOAD,115227720,4339.233649680823
8360,LOAD,113975223,4386.9183743558015
8361,LOAD,119038847,4200.309500645618
8362,LOAD,119719890,4176.415464464593
8363,LOAD,118416954,4222.368361206116
8364,LOAD,119885896,4170.63238197761
8365,LOAD,123013318,4064.600549998985
8366,LOAD,117126215,4268.899152935148
8367,LOAD,115957258,4311.933626440184
8368,LOAD,118064593,4234.969920236797
8369,LOAD,114018053,4385.2704623889695
8370,LOAD,116107860,4306.34067323263
8371,LOAD,121051887,4130.46018853056
8372,LOAD,120159619,4161.131702656281
8373,LOAD,118971545,4202.685608562955
8374,LOAD,114819703,4354.653312419734
8375,LOAD,110425179,4527.952814095054
8376,LOAD,114469896,4367.9606383148985
8377,LOAD,117475553,4256.20469307346
8378,LOAD,119528876,4183.089615935149
8379,LOAD,115677769,4322.351687124948
8380,LOAD,122104328,4094.8589471783503
8381,LOAD,118133306,4232.506622645437
8382,LOAD,120188219,4160.141519361394
8383,LOAD,119499060,4184.133331258003
8384,LOAD,119309169,4190.792746197068
8385,LOAD,117474642,4256.237699366643
8386,LOAD,114337186,4373.030485462533
8387,LOAD,113642405,4399.7660908355465
8388,LOAD,121193859,4125.621579555445
8389,LOAD,118081635,4234.358712936182
8390,LOAD,118957036,4203.198203425311
8391,LOAD,118546626,4217.7497316541085
8392,LOAD,116512045,4291.401803135461
8393,LOAD,118037891,4235.927936055719
8394,LOAD,122453693,4083.176160313924
8395,LOAD,115743126,4319.910972509935
8396,LOAD,116781004,4281.518251033362
8397,LOAD,118496203,4219.544486163832
8398,LOAD,116689667,4284.869542047797
8399,LOAD,114609473,4362.641123042246
8400,LOAD,121342442,4120.569783818921
8401,LOAD,118894384,4205.413100083853
8402,LOAD,114700476,4359.179817178788
8403,LOAD,115589093,4325.667647552178
8404,LOAD,110731678,4515.419697694819
8405,LOAD,111281551,4493.107756918305
8406,LOAD,123871379,4036.4449321259276
8407,LOAD,114869658,4352.759542472042
8408,LOAD,120537931,4148.071862955736
8409,LOAD,118447479,4221.280218213847
8410,LOAD,114031248,4384.763025657669
8411,LOAD,115633243,4324.016061713325
8412,LOAD,120592035,4146.210817323052
8413,LOAD,114747772,4357.383078427004
8414,LOAD,117459362,4256.791382878446
8415,LOAD,113091465,4421.200132123145
8416,LOAD,111507175,4484.016387286289
8417,LOAD,121424044,4117.8005898074025
8418,LOAD,119850072,4171.87901230464
8419,LOAD,116155581,4304.57146953619
8420,LOAD,117963071,4238.614642373968
8421,LOAD,115956244,4311.9713329107135
8422,LOAD,115157950,4341.86263301839
8423,LOAD,108909847,4590.953102707049
8424,LOAD,127467527,3922.5676669792138
8425,LOAD,120609808,4145.59983380456
8426,LOAD,122396375,4085.0883042900577
8427,LOAD,117963461,4238.60062905411
8428,LOAD,113831074,4392.473710649519
8429,LOAD,109863273,4551.111452869241
8430,LOAD,114968708,4349.0094713424105
8431,LOAD,116143845,4305.0064340473655
8432,LOAD,112854077,4430.500105016144
8433,LOAD,119922643,4169.354406240029
8434,LOAD,116633690,4286.9260159736
8435,LOAD,113847583,4391.836759503274
8436,LOAD,120526743,4148.456911342904
8437,LOAD,113866857,4391.093362663027
8438,LOAD,112249764,4454.3523494624005
8439,LOAD,114086413,4382.642830570893
8440,LOAD,112590336,4440.878478238133
8441,LOAD,117685876,4248.598192020936
8442,LOAD,114099206,4382.151441088907
8443,LOAD,116639625,4286.707883362966
8444,LOAD,120466765,4150.522345312418
8445,LOAD,117076309,4270.7188522658325
8446,LOAD,118177479,4230.924574046803
8447,LOAD,113089334,4421.283443052198
8448,LOAD,113689550,4397.941587419425
8449,LOAD,120917424,4135.05335674369
8450,LOAD,115968284,4311.523657623493
8451,LOAD,116975928,4274.383700550766
8452,LOAD,128705445,3884.8395264085366
8453,LOAD,121354061,4120.175261378356
8454,LOAD,111720509,4475.454009970542
8455,LOAD,120691908,4142.779812545511
8456,LOAD,115810314,4317.404752049977
8457,LOAD,118132660,4232.529767805109
8458,LOAD,119578354,4181.3587766896335
8459,LOAD,117035846,4272.195375081922
8460,LOAD,114645397,4361.274094589249
8461,LOAD,114515540,4366.219641456522
8462,LOAD,114648705,4361.148257191392
8463,LOAD,121336837,4120.7601282700325
8464,LOAD,118228556,4229.09673361823
8465,LOAD,117058203,4271.379426523402
8466,LOAD,115133950,4342.767706658201
8467,LOAD,114749707,4357.309600799243
8468,LOAD,115869810,4315.187881985826
8469,LOAD,118779021,4209.497567756515
8470,LOAD,116505323,4291.649403864577
8471,LOAD,117134027,4268.61444796054
8472,LOAD,113536069,4403.8868388159535
8473,LOAD,107860704,4635.60853450391
8474,LOAD,116787555,4281.278086522147
8475,LOAD,116476340,4292.71730207182
8476,LOAD,117832807,4243.30042481293
8477,LOAD,114903746,4351.468228024524
8478,LOAD,115654856,4323.2080112572185
8479,LOAD,113189157,4417.384255278092
8480,LOAD,115551288,4327.082879422339
8481,LOAD,112934820,4427.332509141113
8482,LOAD,116371420,4296.587598570165
8483,LOAD,119417335,4186.99680410721
8484,LOAD,115633618,4324.002038922625
8485,LOAD,113565526,4402.74454414978
8486,LOAD,126114795,3964.641896297734
8487,LOAD,118412004,4222.544869690745
8488,LOAD,116920809,4276.398737542091
8489,LOAD,115100688,4344.022687336152
8490,LOAD,111152963,4498.305636710737
8491,LOAD,112143448,4458.57523481889
8492,LOAD,113092540,4421.158106449816
8493,LOAD,114364681,4371.979142756495
8494,LOAD,115509415,4328.651478323217
8495,LOAD,118350925,4224.7240568673205
8496,LOAD,102217334,4891.53825905888
8497,LOAD,125887640,3971.7958013987713
8498,LOAD,118324138,4225.680477807496
8499,LOAD,113501340,4405.23433467834
8500,LOAD,115597768,4325.343029114541
8501,LOAD,119236465,4193.3480668015445
8502,LOAD,115584288,4325.847471587142
8503,LOAD,111014859,4503.901590326751
8504,LOAD,119220427,4193.912172450112
8505,LOAD,114562719,4364.421553227974
8506,LOAD,116156982,4304.519550964228
8507,LOAD,123119165,4061.1061649094195
8508,LOAD,123829974,4037.7945972919283
8509,LOAD,118064651,4234.967839781273
8510,LOAD,113377270,4410.055031312714
8511,LOAD,114239227,4376.780315574089
8512,LOAD,492995144,1014.2087728150117
8513,LOAD,106686972,4686.607845613989
8514,LOAD,118460356,4220.821352250537
8515,LOAD,110296889,4533.219427430995
8516,LOAD,119162274,4195.958865303292
8517,LOAD,114957657,4349.427546179025
8518,LOAD,119482994,4184.695940913566
8519,LOAD,114806699,4355.146558128981
8520,LOAD,118953318,4203.329578414954
8521,LOAD,119047468,4200.005328966761
8522,LOAD,116370763,4296.611856020914
8523,LOAD,119325519,4190.218523164353
8524,LOAD,118597064,4215.955970039866
8525,LOAD,119891627,4170.433019480168
8526,LOAD,115963345,4311.707289919931
8527,LOAD,120460448,4150.740000568486
8528,LOAD,117757563,4246.011782699681
8529,LOAD,124748188,4008.074249543408
8530,LOAD,116729068,4283.423217257247
8531,LOAD,112219876,4455.538696193177
8532,LOAD,114823576,4354.5064299338665
8533,LOAD,117236294,4264.89087074008
8534,LOAD,113492270,4405.586389275675
8535,LOAD,125192830,3993.8389442909793
8536,LOAD,119314351,4190.610733825305
8537,LOAD,118626571,4214.907299309865
8538,LOAD,118335893,4225.260716121016
8539,LOAD,113436178,4407.76486669006
8540,LOAD,110455626,4526.704687726816
8541,LOAD,119073301,4199.094136140561
8542,LOAD,115913245,4313.570895198388
8543,LOAD,120744207,4140.985413900644
8544,LOAD,116908588,4276.84576944852
8545,LOAD,117350952,4260.723849943714
8546,LOAD,113828073,4392.589515241992
8547,LOAD,113501428,4405.230919209228
8548,LOAD,111446444,4486.459882021898
8549,LOAD,114391193,4370.965866227131
8550,LOAD,121703521,4108.344572873943
8551,LOAD,114252183,4376.283996254147
8552,LOAD,124870787,4004.139094598643
8553,LOAD,108510852,4607.834062532289
8554,LOAD,108807890,4595.254994835393
8555,LOAD,115132761,4342.812555324717
8556,LOAD,115768285,4318.972160639678
8557,LOAD,112989354,4425.19566931943
8558,LOAD,108097206,4625.466452851704
8559,LOAD,127585317,3918.946253039446
8560,LOAD,122184810,4092.161701605952
8561,LOAD,115057983,4345.635017780557
8562,LOAD,118433020,4221.795576942984
8563,LOAD,114291036,4374.796287610868
8564,LOAD,113444125,4407.456093473329
8565,LOAD,113545667,4403.514578852225
8566,LOAD,107076507,4669.558374742276
8567,LOAD,116719233,4283.784147210768
8568,LOAD,121244309,4123.904900146695
8569,LOAD,116215961,4302.335029523182
8570,LOAD,116472753,4292.849504467366
8571,LOAD,122772481,4072.57388567394
8572,LOAD,119942555,4168.662240019816
8573,LOAD,122883716,4068.88736990994
8574,LOAD,118722825,4211.490082046144
8575,LOAD,117662962,4249.425575398995
8576,LOAD,118825368,4207.855682803355
8577,LOAD,124252606,4024.060469202553
8578,LOAD,113261594,4414.559095822014
8579,LOAD,122578746,4079.0105651757935
8580,LOAD,121505256,4115.048323506268
8581,LOAD,115302207,4336.430437970715
8582,LOAD,121359328,4119.9964455966665
8583,LOAD,121055052,4130.352197114416
8584,LOAD,112958495,4426.404583382596
8585,LOAD,114963065,4349.222943908116
8586,LOAD,115786314,4318.299656727996
8587,LOAD,120510082,4149.030452074541
8588,LOAD,117618508,4251.0316488626095
8589,LOAD,118343628,4224.984550921491
8590,LOAD,114837051,4353.995471374478
8591,LOAD,116644461,4286.530159370362
8592,LOAD,114956805,4349.459781871982
8593,LOAD,121202054,4125.342628269319
8594,LOAD,117209925,4265.850353543013
8595,LOAD,119551374,4182.302413354111
8596,LOAD,120169597,4160.786192867069
8597,LOAD,115943799,4312.434164762878
8598,LOAD,120236487,4158.47146299276
8599,LOAD,118551382,4217.580525547986
8600,LOAD,115439170,4331.285472686611
8601,LOAD,124051415,4030.5868336931103
8602,LOAD,113890936,4390.164990829472
8603,LOAD,116803174,4280.705591099776
8604,LOAD,112249422,4454.36592092207
8605,LOAD,116737691,4283.106815946874
8606,LOAD,116042150,4308.779180668404
8607,LOAD,113561769,4402.890201543091
8608,LOAD,119589309,4180.97574257244
8609,LOAD,117714293,4247.572552638107
8610,LOAD,115478483,4329.810948417118
8611,LOAD,120145614,4161.61675281796
8612,LOAD,120992733,4132.479592803313
8613,LOAD,121940903,4100.346870483648
8614,LOAD,110870378,4509.770860526876
8615,LOAD,116048742,4308.534425991452
8616,LOAD,117934145,4239.654257891131
8617,LOAD,118795966,4208.8971270287075
8618,LOAD,117424403,4258.058693302448
8619,LOAD,117578313,4252.484894897241
8620,LOAD,118189813,4230.483045099665
8621,LOAD,116873993,4278.111726703818
8622,LOAD,111910849,4467.84207668731
8623,LOAD,114309764,4374.079540571879
8624,LOAD,115922838,4313.213932874901
8625,LOAD,116577243,4289.001756543513
8626,LOAD,110220070,4536.37890086624
8627,LOAD,114242531,4376.6537350262315
8628,LOAD,115128119,4342.987658818607
8629,LOAD,114650827,4361.067539443043
8630,LOAD,120502016,4149.308174230047
8631,LOAD,113665385,4398.876579708061
8632,LOAD,111407144,4488.042526249484
8633,LOAD,120739802,4141.136491179603
8634,LOAD,115496154,4329.148484026577
8635,LOAD,116235144,4301.624988738346
8636,LOAD,121708519,4108.175862365066
8637,LOAD,122651428,4076.593384628184
8638,LOAD,114204103,4378.126414600008
8639,LOAD,120824418,4138.236362123424
8640,LOAD,111704032,4476.114165690993
8641,LOAD,123714654,4041.5584074623853
8642,LOAD,118290459,4226.883589994354
8643,LOAD,114105091,4381.925430478821
8644,LOAD,123107126,4061.503312164074
8645,LOAD,121814106,4104.61494500481
8646,LOAD,111725699,4475.246111460891
8647,LOAD,113941342,4388.222845400575
8648,LOAD,115948044,4312.276281262667
8649,LOAD,118327817,4225.5490946816
8650,LOAD,118143512,4232.140991373271
8651,LOAD,116379438,4296.291583741795
8652,LOAD,113576284,4402.327514078555
8653,LOAD,111902147,4468.189515613137
8654,LOAD,115354140,4334.478155703818
8655,LOAD,115258413,4338.0781236333705
8656,LOAD,120839468,4137.720963816226
8657,LOAD,114538349,4365.350158836321
8658,LOAD,120143588,4161.68693080816
8659,LOAD,115957935,4311.9084519744165
8660,LOAD,116010513,4309.954219407684
8661,LOAD,115131824,4342.847899291511
8662,LOAD,119441698,4186.142765652913
8663,LOAD,111531103,4483.054381700143
8664,LOAD,111802805,4472.15971012534
8665,LOAD,115240177,4338.7645959620495
8666,LOAD,113808678,4393.3380897368825
8667,LOAD,125530375,3983.0997079392137
8668,LOAD,124995621,4000.140132909136
8669,LOAD,113634453,4400.073981083889
8670,LOAD,118325997,4225.614088846427
8671,LOAD,117633554,4250.487917758567
8672,LOAD,111496089,4484.4622307783375
8673,LOAD,120156812,4161.228911432837
8674,LOAD,120290768,4156.594959972323
8675,LOAD,117819263,4243.788216532979
8676,LOAD,113764955,4395.026570352882
8677,LOAD,117623248,4250.860340125959
8678,LOAD,119864910,4171.362578088951
8679,LOAD,115034222,4346.532634436386
8680,LOAD,120736354,4141.254754139752
8681,LOAD,116361156,4296.9665925285235
8682,LOAD,114554739,4364.725583286432
8683,LOAD,106490910,4695.236429099911
8684,LOAD,111988695,4464.736373613426
8685,LOAD,112964887,4426.154119908074
8686,LOAD,110795526,4512.817602400299
8687,LOAD,121578640,4112.564509686899
8688,LOAD,118041168,4235.810340338212
8689,LOAD,118529014,4218.376439037956
8690,LOAD,121356655,4120.087192581239
8691,LOAD,116859721,4278.634209643544
8692,LOAD,120170069,4160.769850269455
8693,LOAD,120188099,4160.145672992132
8694,LOAD,117527901,4254.30894064891
8695,LOAD,115019461,4347.090445850725
8696,LOAD,115438823,4331.298492189235
8697,LOAD,110154207,4539.09127592376
8698,LOAD,115752866,4319.547474530782
8699,LOAD,120045799,4165.077030309074
8700,LOAD,116920052,4276.426425126804
8701,LOAD,121417666,4118.016895498551
8702,LOAD,119213258,4194.16437725408
8703,LOAD,115137865,4342.620040765912
8704,LOAD,118171605,4231.134882191031
8705,LOAD,117159191,4267.697614948536
8706,LOAD,117176937,4267.051288428883
8707,LOAD,112937662,4427.221098308198
8708,LOAD,111015225,4503.886741660885
8709,LOAD,106469673,4696.172965610593
8710,LOAD,111246621,4494.5185346348635
8711,LOAD,124030477,4031.267250548428
8712,LOAD,113257448,4414.720698986614
8713,LOAD,113906716,4389.556801900952
8714,LOAD,115638531,4323.818330068548
8715,LOAD,113007008,4424.504363481599
8716,LOAD,111205913,4496.163796613944
8717,LOAD,121973978,4099.235002403545
8718,LOAD,120964065,4133.458973952305
8719,LOAD,106662169,4687.697659701632
8720,LOAD,127087084,3934.3101144723723
8721,LOAD,112096186,4460.455059550375
8722,LOAD,110745356,4514.862004687583
8723,LOAD,116169342,4304.061565572094
8724,LOAD,110818054,4511.900199943955
8725,LOAD,113502574,4405.186440970052
8726,LOAD,111994300,4464.512926104275
8727,LOAD,113052563,4422.721491064293
8728,LOAD,113559504,4402.978019347461
8729,LOAD,119332994,4189.956048534238
8730,LOAD,126874479,3940.9028824465167
8731,LOAD,119153503,4196.267733731672
8732,LOAD,117170176,4267.297507515906
8733,LOAD,113429088,4408.040378496211
8734,LOAD,111002084,4504.419935034733
8735,LOAD,115303869,4336.367932285082
8736,LOAD,113267463,4414.330353633859
8737,LOAD,113308139,4412.745672223952
8738,LOAD,116629463,4287.081386973376
8739,LOAD,116634802,4286.885144281378
8740,LOAD,115749138,4319.6865967157355
8741,LOAD,117969127,4238.397051119993
8742,LOAD,114830887,4354.2291892250205
8743,LOAD,116837974,4279.430589921048
8744,LOAD,117480459,4256.026953384648
8745,LOAD,113218505,4416.239200473456
8746,LOAD,112577007,4441.404273609797
8747,LOAD,120273760,4157.182747092966
8748,LOAD,118970076,4202.737501823568
8749,LOAD,114472638,4367.856011145651
8750,LOAD,114235522,4376.922267663818
8751,LOAD,113495967,4405.44288238894
8752,LOAD,115935501,4312.742824132877
8753,LOAD,113658444,4399.145214410994
8754,LOAD,121050518,4130.506901259191
8755,LOAD,114814583,4354.847502255006
8756,LOAD,120359557,4154.21934462587
8757,LOAD,119128603,4197.144828433857
8758,LOAD,118552780,4217.530790927045
8759,LOAD,116043817,4308.717283920435
8760,LOAD,122271788,4089.250743597534
8761,LOAD,115570940,4326.3470903671805
8762,LOAD,120526400,4148.468717227097
8763,LOAD,120447349,4151.1914056323485
8764,LOAD,119582167,4181.225449777975
8765,LOAD,115306204,4336.280118977814
8766,LOAD,119842434,4172.14490152962
8767,LOAD,120753606,4140.663095394435
8768,LOAD,109661902,4559.468611076981
8769,LOAD,116448422,4293.746462274947
8770,LOAD,113602726,4401.302834933732
8771,LOAD,114480490,4367.556428173918
8772,LOAD,119112864,4197.699418930939
8773,LOAD,115235099,4338.955789850104
8774,LOAD,116619259,4287.456499787912
8775,LOAD,120734186,4141.329117835772
8776,LOAD,127325149,3926.953975133381
8777,LOAD,114249700,4376.379106465925
8778,LOAD,112891469,4429.0326313319565
8779,LOAD,119732835,4175.9639283576635
8780,LOAD,116578515,4288.954958810378
8781,LOAD,112803330,4432.493260615622
8782,LOAD,117617178,4251.079718984585
8783,LOAD,117305665,4262.368744084099
8784,LOAD,113912917,4389.3178505823
8785,LOAD,121006283,4132.0168474227075
8786,LOAD,117673325,4249.051346173825
8787,LOAD,114746890,4357.416571377229
8788,LOAD,121591918,4112.115412144416
8789,LOAD,114956117,4349.485812921116
8790,LOAD,112731757,4435.307435153344
8791,LOAD,123263984,4056.3348982781545
8792,LOAD,118783867,4209.325833785155
8793,LOAD,122201335,4091.608328174156
8794,LOAD,114218025,4377.5927661155065
8795,LOAD,116671090,4285.551802078819
8796,LOAD,120302298,4156.196584041978
8797,LOAD,115640837,4323.732108580293
8798,LOAD,120547184,4147.753463905055
8799,LOAD,115655801,4323.172687204855
8800,LOAD,108770033,4596.854356015503
8801,LOAD,122727672,4074.0608197962065
8802,LOAD,115158815,4341.830019699317
8803,LOAD,122176011,4092.4564151959416
8804,LOAD,116212273,4302.471564255524
8805,LOAD,116343113,4297.632984945142
8806,LOAD,122412344,4084.555394184756
8807,LOAD,116279177,4299.9960345436575
8808,LOAD,123170561,4059.411566697338
8809,LOAD,114277881,4375.299888523484
8810,LOAD,116309846,4298.862196068939
8811,LOAD,116110751,4306.233451198675
8812,LOAD,111531848,4483.024436213053
8813,LOAD,113099551,4420.8840404680295
8814,LOAD,125446405,3985.7658734819865
8815,LOAD,113368834,4410.383192262523
8816,LOAD,121075216,4129.664323704365
8817,LOAD,118130376,4232.611601947327
8818,LOAD,122006168,4098.153463847828
8819,LOAD,115449202,4330.9091040750545
8820,LOAD,117922194,4240.083931952623
8821,LOAD,120934918,4134.455195148848
8822,LOAD,122902391,4068.269103080346
8823,LOAD,115318079,4335.833585989583
8824,LOAD,118153779,4231.773238501326
8825,LOAD,122890029,4068.6783465564968
8826,LOAD,113520128,4404.505252143479
8827,LOAD,121833273,4103.969200597608
8828,LOAD,119408298,4187.313682337219
8829,LOAD,127378359,3925.3135613091076
8830,LOAD,122015364,4097.844596029726
8831,LOAD,116155045,4304.591333075546
8832,LOAD,122375302,4085.791755594605
8833,LOAD,115949330,4312.228453583993
8834,LOAD,114442983,4368.987830385372
8835,LOAD,122026445,4097.472478199295
8836,LOAD,122432599,4083.8796536533546
8837,LOAD,118717928,4211.663801949104
8838,LOAD,112290379,4452.741227278251
8839,LOAD,114664594,4360.5439356459065
8840,LOAD,115037965,4346.39121093632
8841,LOAD,114841982,4353.8085227404035
8842,LOAD,116643259,4286.574331740851
8843,LOAD,119847949,4171.952913437009
8844,LOAD,117624014,4250.832657351754
8845,LOAD,116366771,4296.759252690787
8846,LOAD,114006321,4385.721735551839
8847,LOAD,114818194,4354.7105435223975
8848,LOAD,120537516,4148.086144400055
8849,LOAD,115057499,4345.653298095764
8850,LOAD,119317239,4190.509302683412
8851,LOAD,114632451,4361.766634475956
8852,LOAD,116680153,4285.218926649847
8853,LOAD,118618900,4215.179874370779
8854,LOAD,119856781,4171.64549079622
8855,LOAD,121015867,4131.689607281002
8856,LOAD,113768737,4394.880467030235
8857,LOAD,118891602,4205.5115045047505
8858,LOAD,118602117,4215.77635077121
8859,LOAD,109708243,4557.542681637879
8860,LOAD,116298420,4299.284547459889
8861,LOAD,113754556,4395.42834662376
8862,LOAD,120358144,4154.26811500184
8863,LOAD,113936996,4388.390229280751
8864,LOAD,125459130,3985.3616074015495
8865,LOAD,116301153,4299.183517122999
8866,LOAD,120721454,4141.765886948314
8867,LOAD,115250984,4338.357753197144
8868,LOAD,120055134,4164.753170822332
8869,LOAD,116259344,4300.729582647567
8870,LOAD,113546847,4403.468816707874
8871,LOAD,114553127,4364.787004024779
8872,LOAD,113956902,4387.623664953616
8873,LOAD,119249478,4192.890471185123
8874,LOAD,118663726,4213.5875625547105
8875,LOAD,118172209,4231.113256078677
8876,LOAD,115569586,4326.397777352945
8877,LOAD,128089167,3903.53073339918
8878,LOAD,119127559,4197.1816110158015
8879,LOAD,118108216,4233.405743762992
8880,LOAD,115713301,4321.02442570539
8881,LOAD,117756588,4246.046938792078
8882,LOAD,128383455,3894.582833901767
8883,LOAD,113186150,4417.501611283713
8884,LOAD,121089711,4129.169983732144
8885,LOAD,122651390,4076.5946476432105
8886,LOAD,118883693,4205.791285437272
8887,LOAD,119151091,4196.3526796410115
8888,LOAD,115579110,4326.041271645024
8889,LOAD,116975939,4274.383298602972
8890,LOAD,115302635,4336.4143412680905
8891,LOAD,118388185,4223.394420651013
8892,LOAD,116455275,4293.493789783245
8893,LOAD,119700579,4177.089235299354
8894,LOAD,113063804,4422.281776402994
8895,LOAD,127219719,3930.2083350773632
8896,LOAD,115567051,4326.492678263461
8897,LOAD,125535192,3982.946869591756
8898,LOAD,122171797,4092.597573890151
8899,LOAD,119318318,4190.47140775149
8900,LOAD,115200774,4340.248616732384
8901,LOAD,122374647,4085.8136244511493
8902,LOAD,119382897,4188.204613597205
8903,LOAD,118688026,4212.724879256143
8904,LOAD,121484641,4115.746615244968
8905,LOAD,118430207,4221.895854661471
8906,LOAD,119449079,4185.884095431159
8907,LOAD,126905381,3939.9432558340454
8908,LOAD,116747080,4282.762361165693
8909,LOAD,116465085,4293.13214342307
8910,LOAD,122431458,4083.917713370692
8911,LOAD,120750596,4140.766311414314
8912,LOAD,117346063,4260.901364880047
8913,LOAD,115551934,4327.058688606631
8914,LOAD,118888764,4205.611894493242
8915,LOAD,114506491,4366.564686712825
8916,LOAD,120738736,4141.173053194793
8917,LOAD,116335479,4297.914998054893
8918,LOAD,118806322,4208.530249762298
8919,LOAD,122280986,4088.9431493462116
8920,LOAD,120381199,4153.472503625753
8921,LOAD,131251334,3809.4850906429647
8922,LOAD,113607257,4401.12729770423
8923,LOAD,112715313,4435.954500698587
8924,LOAD,116009023,4310.0095757206755
8925,LOAD,113989579,4386.365879989784
8926,LOAD,126114616,3964.6475234876825
8927,LOAD,112787516,4433.11474294726
8928,LOAD,126846681,3941.766517328112
8929,LOAD,120870025,4136.674911749212
8930,LOAD,119094614,4198.342672322697
8931,LOAD,116678599,4285.275999928659
8932,LOAD,116795044,4281.003567240404
8933,LOAD,113527175,4404.231850215598
8934,LOAD,123200514,4058.424626377776
8935,LOAD,114722946,4358.326014396457
8936,LOAD,120843514,4137.582427468967
8937,LOAD,122790214,4071.9857365832104
8938,LOAD,127865401,3910.3619594482793
8939,LOAD,114281068,4375.17787285642
8940,LOAD,118444590,4221.383180101346
8941,LOAD,112606627,4440.23600848998
8942,LOAD,111119768,4499.649423314131
8943,LOAD,121266255,4123.158581915472
8944,LOAD,112957797,4426.431935459931
8945,LOAD,120726369,4141.597267784969
8946,LOAD,117143013,4268.287004023023
8947,LOAD,111020447,4503.674895129903
8948,LOAD,124824833,4005.6132099932397
8949,LOAD,120453208,4150.989486307413
8950,LOAD,119701898,4177.043207786062
8951,LOAD,121598658,4111.887484810893
8952,LOAD,123046357,4063.5091699626673
8953,LOAD,117502117,4255.242482141833
8954,LOAD,114926837,4350.593934817854
8955,LOAD,118985922,4202.177800496432
8956,LOAD,124051113,4030.5966460776535
8957,LOAD,118290217,4226.892237419769
8958,LOAD,121618030,4111.2325203754735
8959,LOAD,113497038,4405.401311001614
8960,LOAD,121482906,4115.805395699046
8961,LOAD,116805215,4280.630792041263
8962,LOAD,112959466,4426.366533991937
8963,LOAD,114450734,4368.691947401579
8964,LOAD,119365244,4188.824009776246
8965,LOAD,118789515,4209.125695984196
8966,LOAD,116827733,4279.805720444819
8967,LOAD,113220366,4416.166610872818
8968,LOAD,122616731,4077.74694303341
8969,LOAD,114024986,4385.003827143641
8970,LOAD,121218995,4124.766089671013
8971,LOAD,113645042,4399.66399942023
8972,LOAD,120766694,4140.2143541331025
8973,LOAD,113427316,4408.109242398013
8974,LOAD,119228138,4193.64093398825
8975,LOAD,116130358,4305.506403416064
8976,LOAD,120973462,4133.137894325948
8977,LOAD,116603464,4288.0372747759875
8978,LOAD,114682097,4359.878421127929
8979,LOAD,126944313,3938.7349317491676
8980,LOAD,116652981,4286.217083470846
8981,LOAD,115177430,4341.128292235727
8982,LOAD,116560417,4289.620892485311
8983,LOAD,122610760,4077.9455245200343
8984,LOAD,125284719,3990.9096974548024
8985,LOAD,110185555,4537.79989582119
8986,LOAD,116695825,4284.643430902519
8987,LOAD,114577515,4363.8579524089
8988,LOAD,116763027,4282.177439610229
8989,LOAD,114382978,4371.279789550505
8990,LOAD,116999788,4273.512016961945
8991,LOAD,119473730,4185.02042248116
8992,LOAD,119657146,4178.605429883812
8993,LOAD,113048149,4422.894177595071
8994,LOAD,123121117,4061.0417788850955
8995,LOAD,118956240,4203.226329278733
8996,LOAD,115328364,4335.446915730115
8997,LOAD,116212937,4302.446981440628
8998,LOAD,120738259,4141.189413705229
8999,LOAD,121882146,4102.32356755517
9000,LOAD,118826558,4207.81354282769
9001,LOAD,120604751,4145.773660276451
9002,LOAD,119641258,4179.160336144242
9003,LOAD,119686011,4177.597664275067
9004,LOAD,113091536,4421.197356449381
9005,LOAD,121071825,4129.779988036027
9006,LOAD,119632089,4179.480640850466
9007,LOAD,117362150,4260.317316954402
9008,LOAD,121756165,4106.568238248962
9009,LOAD,121645421,4110.306790750472
9010,LOAD,115692391,4321.805398593586
9011,LOAD,119807349,4173.366693891207
9012,LOAD,371365374,1346.38292906651
9013,LOAD,120472955,4150.3090880438685
9014,LOAD,107526624,4650.011145146713
9015,LOAD,111625263,4479.272761041558
9016,LOAD,127296619,3927.834092749942
9017,LOAD,120386754,4153.280850150674
9018,LOAD,124788045,4006.7940803143442
9019,LOAD,120280233,4156.959024181471
9020,LOAD,118365808,4224.192851368024
9021,LOAD,119264231,4192.371810119666
9022,LOAD,118501212,4219.366127664585
9023,LOAD,122928016,4067.4210507066186
9024,LOAD,116045173,4308.666936107717
9025,LOAD,120585726,4146.427745519399
9026,LOAD,114416524,4369.99816564957
9027,LOAD,121484552,4115.749630455072
9028,LOAD,118987080,4202.136904275658
9029,LOAD,115980647,4311.064069163193
9030,LOAD,120028262,4165.685578284887
9031,LOAD,118950345,4203.434634847003
9032,LOAD,113300317,4413.0503182969915
9033,LOAD,115035846,4346.471272963038
9034,LOAD,128053543,3904.6166805396397
9035,LOAD,122748932,4073.3551962798338
9036,LOAD,118525214,4218.511683092173
9037,LOAD,116996133,4273.64552296784
9038,LOAD,117777795,4245.282398095498
9039,LOAD,117206436,4265.97733933314
9040,LOAD,111542254,4482.60620589575
9041,LOAD,115728850,4320.443865120927
9042,LOAD,117052634,4271.58264546187
9043,LOAD,112434953,4447.015689151397
9044,LOAD,125805348,3974.39383896462
9045,LOAD,121262269,4123.294113851687
9046,LOAD,115458607,4330.556317901878
9047,LOAD,123519582,4047.9411596454397
9048,LOAD,114085240,4382.687891965692
9049,LOAD,121810478,4104.737196745916
9050,LOAD,114025150,4384.997520283902
9051,LOAD,121226727,4124.503006667828
9052,LOAD,116586818,4288.6495109592925
9053,LOAD,125101859,3996.7431659029144
9054,LOAD,115479484,4329.773416722229
9055,LOAD,108510396,4607.853426320553
9056,LOAD,120958840,4133.637524963037
9057,LOAD,128883573,3879.4703495689087
9058,LOAD,115329191,4335.415827203713
9059,LOAD,126798240,3943.2723987336103
9060,LOAD,122111117,4094.63128570022
9061,LOAD,115666071,4322.788832344794
9062,LOAD,115472537,4330.0339023468405
9063,LOAD,115249857,4338.400176930371
9064,LOAD,125640843,3979.5976217701755
9065,LOAD,113023207,4423.870223395803
9066,LOAD,112214636,4455.74675303496
9067,LOAD,114138201,4380.654291195636
9068,LOAD,120076126,4164.025078557248
9069,LOAD,120177821,4160.501462245684
9070,LOAD,120685242,4143.008637294691
9071,LOAD,117929947,4239.805178577753
9072,LOAD,116409654,4295.176412086922
9073,LOAD,112501745,4444.375507242133
9074,LOAD,117299855,4262.579864229158
9075,LOAD,128765869,3883.01654687703
9076,LOAD,117256804,4264.144876403078
9077,LOAD,118395022,4223.1505307714715
9078,LOAD,121539550,4113.887207908866
9079,LOAD,117678907,4248.8497959961505
9080,LOAD,121214954,4124.903598940441
9081,LOAD,116313544,4298.725520735573
9082,LOAD,120674817,4143.366548465535
9083,LOAD,122140535,4093.645078597371
9084,LOAD,123201187,4058.402456788018
9085,LOAD,126398864,3955.731754044878
9086,LOAD,118307848,4226.262318624881
9087,LOAD,121984815,4098.870830766928
9088,LOAD,127387068,3925.045201605551
9089,LOAD,122509920,4081.302150878884
9090,LOAD,113013921,4424.233718959278
9091,LOAD,116439640,4294.070301144868
9092,LOAD,121512314,4114.809302372433
9093,LOAD,115707521,4321.240276161478
9094,LOAD,117172490,4267.21323409616
9095,LOAD,120938148,4134.344772668423
9096,LOAD,115792252,4318.078207857984
9097,LOAD,118562263,4217.193458933893
9098,LOAD,114895961,4351.763070244045
9099,LOAD,120423143,4152.025827792919
9100,LOAD,116640156,4286.688368283732
9101,LOAD,118184783,4230.663096449566
9102,LOAD,112445686,4446.5912191598
9103,LOAD,112815709,4432.006893649891
9104,LOAD,112030058,4463.087933061679
9105,LOAD,116681312,4285.176361403958
9106,LOAD,117157529,4267.758156626878
9107,LOAD,114151853,4380.130386494909
9108,LOAD,117081993,4270.511520930464
9109,LOAD,112912357,4428.213291128091
9110,LOAD,122246288,4090.10374204573
9111,LOAD,111119922,4499.643187294534
9112,LOAD,114415027,4370.0553424682585
9113,LOAD,113106108,4420.627752481767
9114,LOAD,122224104,4090.8461067548515
9115,LOAD,110884245,4509.206876053492
9116,LOAD,115936050,4312.722401703353
9117,LOAD,112942565,4427.028906240973
9118,LOAD,115646205,4323.531412033798
9119,LOAD,121606839,4111.610860964818
9120,LOAD,121091214,4129.118731933763
9121,LOAD,121087529,4129.244391468257
9122,LOAD,116392848,4295.796593962543
9123,LOAD,120083241,4163.778357714379
9124,LOAD,116814626,4280.285929263687
9125,LOAD,118312724,4226.0881424723175
9126,LOAD,120189609,4160.09340707648
9127,LOAD,123609189,4045.00671871571
9128,LOAD,118793918,4208.969688161981
9129,LOAD,112999279,4424.806993680021
9130,LOAD,118267132,4227.71730018785
9131,LOAD,121992362,4098.617256054113
9132,LOAD,121113711,4128.351743759218
9133,LOAD,116039940,4308.86124208613
9134,LOAD,120736674,4141.243778174642
9135,LOAD,122246618,4090.0927009694456
9136,LOAD,113766200,4394.978473395437
9137,LOAD,120269192,4157.340642980291
9138,LOAD,111307312,4492.06787061752
9139,LOAD,118592874,4216.104923808492
9140,LOAD,121821673,4104.359985271258
9141,LOAD,114988699,4348.253387926408
9142,LOAD,120248561,4158.053916337511
9143,LOAD,117175463,4267.104965482406
9144,LOAD,116060063,4308.1141529278675
9145,LOAD,122591933,4078.5717931374816
9146,LOAD,118316364,4225.958126975572
9147,LOAD,116806277,4280.591872643968
9148,LOAD,120708755,4142.201615781722
9149,LOAD,116281691,4299.903069005077
9150,LOAD,114422298,4369.777645961979
9151,LOAD,117480663,4256.019562981186
9152,LOAD,114912474,4351.137718956429
9153,LOAD,118912525,4204.771532687579
9154,LOAD,114200051,4378.281757509899
9155,LOAD,119537477,4182.78863289042
9156,LOAD,117150603,4268.010468541933
9157,LOAD,122118642,4094.378972868041
9158,LOAD,116764160,4282.135888272565
9159,LOAD,116416958,4294.906932716795
9160,LOAD,116460942,4293.284867986042
9161,LOAD,120670328,4143.520683891735
9162,LOAD,115373427,4333.75356008104
9163,LOAD,118313818,4226.049065545328
9164,LOAD,121195972,4125.549651105566
9165,LOAD,115987959,4310.792295258855
9166,LOAD,118188868,4230.516870675164
9167,LOAD,115739304,4320.053626726492
9168,LOAD,129569900,3858.920937656045
9169,LOAD,116674930,4285.41075619244
9170,LOAD,120321754,4155.52452800846
9171,LOAD,127128192,3933.0379212818502
9172,LOAD,119850282,4171.871702396162
9173,LOAD,118351677,4224.697213204677
9174,LOAD,118290693,4226.875228467889
9175,LOAD,118937946,4203.872832981326
9176,LOAD,124016649,4031.716741515891
9177,LOAD,123122251,4061.004375236772
9178,LOAD,118608728,4215.541372301033
9179,LOAD,128679136,3885.633798473748
9180,LOAD,125981871,3968.825006575748
9181,LOAD,112843498,4430.91546134098
9182,LOAD,117568659,4252.834082253162
9183,LOAD,122618552,4077.6863846834526
9184,LOAD,123111831,4061.348092532228
9185,LOAD,112287881,4452.840284696441
9186,LOAD,130053325,3844.5768303117206
9187,LOAD,124729572,4008.672458204218
9188,LOAD,118523340,4218.578382958158
9189,LOAD,111662177,4477.79197426896
9190,LOAD,120551962,4147.589070346279
9191,LOAD,116390940,4295.867015078665
9192,LOAD,122481275,4082.25665514994
9193,LOAD,112224199,4455.367063925312
9194,LOAD,120777510,4139.843585117793
9195,LOAD,114836488,4354.016817372541
9196,LOAD,121941579,4100.324139643952
9197,LOAD,118837052,4207.441968520054
9198,LOAD,118669462,4213.383894838927
9199,LOAD,114070753,4383.244493880039
9200,LOAD,115231023,4339.109269211296
9201,LOAD,117323852,4261.70801142806
9202,LOAD,120403679,4152.697028468707
9203,LOAD,114130004,4380.968916815248
9204,LOAD,117799874,4244.486713118216
9205,LOAD,114856443,4353.26035649563
9206,LOAD,114656472,4360.852826519902
9207,LOAD,113452858,4407.116830851453
9208,LOAD,117691971,4248.378166765513
9209,LOAD,116246186,4301.216385714367
9210,LOAD,122530534,4080.615530492995
9211,LOAD,120570816,4146.940500095811
9212,LOAD,120270412,4157.298471713892
9213,LOAD,110818821,4511.868972148693
9214,LOAD,114749811,4357.305651684254
9215,LOAD,119640422,4179.18953846552
9216,LOAD,121922434,4100.96799740727
9217,LOAD,116247063,4301.183936148133
9218,LOAD,120448485,4151.152254011331
9219,LOAD,112033920,4462.934082820631
9220,LOAD,119527513,4183.137316677877
9221,LOAD,115801130,4317.747158425829
9222,LOAD,120345217,4154.714349802535
9223,LOAD,122251388,4089.933113888245
9224,LOAD,116735496,4283.187352028727
9225,LOAD,121957631,4099.784457111995
9226,LOAD,117142655,4268.300048347035
9227,LOAD,113885877,4390.360009257338
9228,LOAD,124359593,4020.598555673948
9229,LOAD,119591158,4180.9111004678125
9230,LOAD,117356636,4260.517487907544
9231,LOAD,116262379,4300.617313189506
9232,LOAD,116563332,4289.513618227728
9233,LOAD,111667774,4477.56753886757
9234,LOAD,118463386,4220.7133940946105
9235,LOAD,117982320,4237.923105767033
9236,LOAD,119248450,4192.926616656233
9237,LOAD,121081818,4129.439153283939
9238,LOAD,120544268,4147.853799236642
9239,LOAD,118983630,4202.258747694956
9240,LOAD,126846489,3941.7724837460814
9241,LOAD,118022818,4236.46891739189
9242,LOAD,118828465,4207.746014391417
9243,LOAD,116405689,4295.322713995533
9244,LOAD,119442336,4186.12040541471
9245,LOAD,116516428,4291.240373417558
9246,LOAD,115592243,4325.54976894081
9247,LOAD,118073387,4234.654503474183
9248,LOAD,119642935,4179.101758077065
9249,LOAD,117504805,4255.145140660418
9250,LOAD,122604979,4078.137805480151
9251,LOAD,118244900,4228.51218107504
9252,LOAD,117741647,4246.5857471825575
9253,LOAD,120210641,4159.365558994066
9254,LOAD,120143588,4161.68693080816
9255,LOAD,114004201,4385.803291582211
9256,LOAD,124138706,4027.752633413144
9257,LOAD,114019168,4385.227578576963
9258,LOAD,121691789,4108.740648064596
9259,LOAD,119425009,4186.727756495292
9260,LOAD,116759064,4282.32278395106
9261,LOAD,122619223,4077.664070665331
9262,LOAD,124012196,4031.861511427473
9263,LOAD,120689341,4142.867927334196
9264,LOAD,118442749,4221.448794640861
9265,LOAD,123279069,4055.838546282337
9266,LOAD,115104590,4343.875426688023
9267,LOAD,118741663,4210.8219420844725
9268,LOAD,123809271,4038.4697847061875
9269,LOAD,118410327,4222.604671972572
9270,LOAD,120015997,4166.111289314207
9271,LOAD,112865676,4430.044790588061
9272,LOAD,117350181,4260.751843237464
9273,LOAD,115506740,4328.7517247911255
9274,LOAD,117814148,4243.972464156002
9275,LOAD,118638781,4214.473511827469
9276,LOAD,119475276,4184.966268669678
9277,LOAD,113278981,4413.8815125817555
9278,LOAD,123190431,4058.756803927409
9279,LOAD,127785210,3912.8158884741038
9280,LOAD,123039543,4063.7342094159117
9281,LOAD,116507624,4291.564644730889
9282,LOAD,119383588,4188.180371995521
9283,LOAD,113053768,4422.6743508451655
9284,LOAD,121796763,4105.199413222501
9285,LOAD,120021549,4165.918571839128
9286,LOAD,114635224,4361.6611243329535
9287,LOAD,115816502,4317.174075936087
9288,LOAD,116368471,4296.696482331542
9289,LOAD,115605421,4325.056694356919
9290,LOAD,118854053,4206.840131905304
9291,LOAD,114882218,4352.283658033135
9292,LOAD,122463582,4082.8464416466277
9293,LOAD,126432951,3954.665267601007
9294,LOAD,114604795,4362.819199667868
9295,LOAD,114773752,4356.396748273944
9296,LOAD,113409753,4408.79189640771
9297,LOAD,122607321,4078.0599063900927
9298,LOAD,118759865,4210.176560911382
9299,LOAD,129513579,3860.5990496178015
9300,LOAD,116722829,4283.6521722755715
9301,LOAD,118485122,4219.939107629058
9302,LOAD,116102006,4306.557804005557
9303,LOAD,118682248,4212.92997416092
9304,LOAD,112788278,4433.084792729967
9305,LOAD,123506281,4048.3771023758704
9306,LOAD,127151345,3932.3217540482956
9307,LOAD,119756255,4175.1472605752415
9308,LOAD,120575448,4146.781192137889
9309,LOAD,123751204,4040.3647305120357
9310,LOAD,123751173,4040.3657426342133
9311,LOAD,120579523,4146.641051150949
9312,LOAD,120350378,4154.536182678214
9313,LOAD,119433774,4186.420501122237
9314,LOAD,117232504,4265.028750047
9315,LOAD,118315091,4226.003595771227
9316,LOAD,122451319,4083.255322059863
9317,LOAD,118974071,4202.5963791724
9318,LOAD,124144542,4027.5632898947747
9319,LOAD,112160808,4457.885146476477
9320,LOAD,128210444,3899.83830022459
9321,LOAD,121994282,4098.552750201849
9322,LOAD,133377164,3748.7676676046285
9323,LOAD,115881870,4314.7387939114205
9324,LOAD,118624946,4214.965037792304
9325,LOAD,118945639,4203.600940762527
9326,LOAD,116864926,4278.443645273005
9327,LOAD,121489796,4115.571977748649
9328,LOAD,118768300,4209.877551501537
9329,LOAD,120432291,4151.710441180597
9330,LOAD,122411628,4084.5792852293407
9331,LOAD,117845111,4242.857389306545
9332,LOAD,120855405,4137.1753294774035
9333,LOAD,122981926,4065.6380678246983
9334,LOAD,125212675,3993.2059593807094
9335,LOAD,120915136,4135.131601721062
9336,LOAD,117639542,4250.271562600949
9337,LOAD,120385655,4153.31876542932
9338,LOAD,133576068,3743.185493377451
9339,LOAD,116798512,4280.876455001413
9340,LOAD,117464435,4256.607542529788
9341,LOAD,116428668,4294.474965564323
9342,LOAD,118009688,4236.940275615338
9343,LOAD,115374175,4333.725463259001
9344,LOAD,118744239,4210.7305938437985
9345,LOAD,116809856,4280.460717287418
9346,LOAD,116906133,4276.935582156327
9347,LOAD,115203391,4340.150022146484
9348,LOAD,119516577,4183.520081904621
9349,LOAD,116798421,4280.879790318399
9350,LOAD,115938081,4312.646851555185
9351,LOAD,118815521,4208.204414640407
9352,LOAD,116593140,4288.416968614106
9353,LOAD,115604917,4325.075550203457
9354,LOAD,110324550,4532.0828410358345
9355,LOAD,117635618,4250.41333994607
9356,LOAD,118091889,4233.991040654791
9357,LOAD,111903528,4468.134373743785
9358,LOAD,124729054,4008.6891062286095
9359,LOAD,115165923,4341.5620434874645
9360,LOAD,116812803,4280.352728116626
9361,LOAD,125372352,3988.1201239648112
9362,LOAD,116852984,4278.8808884846285
9363,LOAD,114615889,4362.396909908363
9364,LOAD,118690786,4212.626917813149
9365,LOAD,120793454,4139.297150986344
9366,LOAD,115378499,4333.5630497325155
9367,LOAD,114723191,4358.316706863567
9368,LOAD,116649860,4286.331762421318
9369,LOAD,123063112,4062.955924599079
9370,LOAD,122309266,4087.9977155614683
9371,LOAD,122292641,4088.5534559679677
9372,LOAD,117530249,4254.223948764033
9373,LOAD,121594962,4112.0124697271585
9374,LOAD,122919567,4067.700628981226
9375,LOAD,119497680,4184.181651057996
9376,LOAD,116892199,4277.445409338223
9377,LOAD,118357802,4224.47858570405
9378,LOAD,115240385,4338.756764826844
9379,LOAD,119583715,4181.171324205809
9380,LOAD,120808391,4138.785359702373
9381,LOAD,122968282,4066.089172490838
9382,LOAD,124186598,4026.199348821843
9383,LOAD,112929039,4427.559150662745
9384,LOAD,114533400,4365.538786065899
9385,LOAD,112789619,4433.032086046855
9386,LOAD,120005916,4166.461260126543
9387,LOAD,121591318,4112.13570363634
9388,LOAD,125679854,3978.362355513239
9389,LOAD,123199441,4058.459973044845
9390,LOAD,119439523,4186.218995532995
9391,LOAD,125732061,3976.710443011031
9392,LOAD,123197226,4058.532941318013
9393,LOAD,120293327,4156.5065367258485
9394,LOAD,119606359,4180.379740511958
9395,LOAD,119762157,4174.941505103319
9396,LOAD,118208439,4229.816451598688
9397,LOAD,124495646,4016.2047112876544
9398,LOAD,116514885,4291.2972020699335
9399,LOAD,122719697,4074.3255746467494
9400,LOAD,128737970,3883.858041260088
9401,LOAD,116067129,4307.851881129928
9402,LOAD,117422023,4258.144998915578
9403,LOAD,115536425,4327.639530130866
9404,LOAD,123845576,4037.285918069451
9405,LOAD,120736235,4141.258835841618
9406,LOAD,115228725,4339.19580382409
9407,LOAD,119190049,4194.981075978918
9408,LOAD,117834585,4243.2363978707945
9409,LOAD,114619839,4362.2465740856605
9410,LOAD,123317020,4054.5903558162536
9411,LOAD,122865490,4069.4909530739674
9412,LOAD,126882826,3940.643629737566
9413,LOAD,117626509,4250.742492068689
9414,LOAD,114630670,4361.8344026079585
9415,LOAD,117674051,4249.02513129254
9416,LOAD,124348646,4020.9525079991627
9417,LOAD,122412248,4084.55859743708
9418,LOAD,125472559,3984.9350645665877
9419,LOAD,114569229,4364.173560075193
9420,LOAD,123011946,4064.645884067227
9421,LOAD,119120165,4197.4421375255815
9422,LOAD,115412473,4332.287377638983
9423,LOAD,117690341,4248.437006398001
9424,LOAD,119759533,4175.032980464278
9425,LOAD,114486571,4367.3244436677205
9426,LOAD,125366159,3988.3171342913997
9427,LOAD,119306414,4190.889519150245
9428,LOAD,114885850,4352.146064985374
9429,LOAD,120886138,4136.12353138455
9430,LOAD,115334171,4335.228628816346
9431,LOAD,120682558,4143.100778490293
9432,LOAD,115416146,4332.149507054239
9433,LOAD,119653364,4178.737507120987
9434,LOAD,118141594,4232.209699151343
9435,LOAD,116154242,4304.621091668783
9436,LOAD,116281658,4299.904289290405
9437,LOAD,121414600,4118.120884967706
9438,LOAD,117403335,4258.822800902547
9439,LOAD,120425915,4151.930255211264
9440,LOAD,115504219,4328.846204310511
9441,LOAD,121021823,4131.4862692160905
9442,LOAD,119936319,4168.878986522839
9443,LOAD,117290547,4262.918136105206
9444,LOAD,121337784,4120.727967143359
9445,LOAD,118606680,4215.614162709891
9446,LOAD,112817352,4431.942348726639
9447,LOAD,116366565,4296.766859105964
9448,LOAD,119551065,4182.3132232239
9449,LOAD,117467411,4256.499702713291
9450,LOAD,120578893,4146.662716500474
9451,LOAD,118393971,4223.18802027512
9452,LOAD,119548358,4182.4079256697105
9453,LOAD,120796331,4139.1985655590815
9454,LOAD,127050734,3935.435744904866
9455,LOAD,112894493,4428.913994945705
9456,LOAD,116156701,4304.529964224793
9457,LOAD,122800628,4071.6404153894064
9458,LOAD,119546312,4182.479506352317
9459,LOAD,119475105,4184.972258446644
9460,LOAD,120150224,4161.457077266872
9461,LOAD,112501337,4444.391625319084
9462,LOAD,119001301,4201.634736749643
9463,LOAD,116051019,4308.449889612774
9464,LOAD,118476184,4220.257465416003
9465,LOAD,114784421,4355.991829239614
9466,LOAD,121882183,4102.3223222052075
9467,LOAD,116063721,4307.97837336268
9468,LOAD,114222750,4377.411680247586
9469,LOAD,116868967,4278.295708731643
9470,LOAD,120023387,4165.8547762862245
9471,LOAD,127329653,3926.8150679716373
9472,LOAD,115439305,4331.280407483396
9473,LOAD,118313072,4226.0757120734725
9474,LOAD,119885333,4170.651967910036
9475,LOAD,112162039,4457.836220327627
9476,LOAD,121280008,4122.691020930671
9477,LOAD,121694116,4108.662081903779
9478,LOAD,114577594,4363.85494357649
9479,LOAD,118142064,4232.192862315322
9480,LOAD,112569508,4441.700144945113
9481,LOAD,118867963,4206.347844961388
9482,LOAD,117087506,4270.310446274259
9483,LOAD,124913622,4002.766007377482
9484,LOAD,122970937,4066.0013837253273
9485,LOAD,118271464,4227.56244904519
9486,LOAD,119602939,4180.499276861416
9487,LOAD,125026643,3999.147605682734
9488,LOAD,115381191,4333.461941816842
9489,LOAD,126965459,3938.0789384615227
9490,LOAD,122179802,4092.3294342873464
9491,LOAD,119515158,4183.569752717057
9492,LOAD,119795735,4173.771294946352
9493,LOAD,119438182,4186.265996580557
9494,LOAD,115982930,4310.979210475197
9495,LOAD,110837275,4511.117762503634
9496,LOAD,118191200,4230.433399440906
9497,LOAD,120391443,4153.119088372418
9498,LOAD,118682258,4212.929619185371
9499,LOAD,119045339,4200.08044162065
9500,LOAD,121493157,4115.45812411476
9501,LOAD,123881723,4036.1078930101735
9502,LOAD,115406965,4332.4941436593535
9503,LOAD,116260006,4300.705093718987
9504,LOAD,120513897,4148.89910995078
9505,LOAD,119243956,4193.0846373463155
9506,LOAD,124547536,4014.531447655456
9507,LOAD,121180220,4126.085923923888
9508,LOAD,122083172,4095.568552232571
9509,LOAD,121565064,4113.023787821146
9510,LOAD,113079867,4421.653591085317
9511,LOAD,118935304,4203.9662167929555
9512,LOAD,497430997,1005.1645414449313
9513,LOAD,121213666,4124.947429607484
9514,LOAD,115030476,4346.674180501523
9515,LOAD,112971178,4425.907641681846
9516,LOAD,115068271,4345.246484150266
9517,LOAD,118021314,4236.5229046678805
9518,LOAD,115871385,4315.129227116772
9519,LOAD,114213075,4377.78249119026
9520,LOAD,113494495,4405.500020067053
9521,LOAD,114706610,4358.946707604731
9522,LOAD,112885955,4429.24897078649
9523,LOAD,115180495,4341.012773039394
9524,LOAD,114237397,4376.850428410934
9525,LOAD,117812411,4244.035036342649
9526,LOAD,112953405,4426.604049696421
9527,LOAD,121976459,4099.15162400312
9528,LOAD,123869805,4036.496222788112
9529,LOAD,118442638,4221.452750824411
9530,LOAD,116351062,4297.339374521567
9531,LOAD,118518186,4218.761836263677
9532,LOAD,119866942,4171.291864607674
9533,LOAD,120552349,4147.575755657817
9534,LOAD,121029293,4131.231271424514
9535,LOAD,120235637,4158.500861104932
9536,LOAD,117538896,4253.910977690312
9537,LOAD,122983042,4065.6011745098967
9538,LOAD,117270625,4263.64232304552
9539,LOAD,121546491,4113.652281413866
9540,LOAD,120109365,4162.872728533699
9541,LOAD,116302946,4299.117238182427
9542,LOAD,122787158,4072.087082592139
9543,LOAD,117375857,4259.819802636243
9544,LOAD,119217671,4194.00912470434
9545,LOAD,115660122,4323.011175796615
9546,LOAD,114442428,4369.0090182287995
9547,LOAD,117605895,4251.487563612352
9548,LOAD,115755233,4319.459147043486
9549,LOAD,121077262,4129.594539394193
9550,LOAD,120357546,4154.288755604904
9551,LOAD,122195834,4091.7925237942236
9552,LOAD,113697643,4397.628541868718
9553,LOAD,122838168,4070.396100339106
9554,LOAD,116082889,4307.26702537529
9555,LOAD,117706352,4247.859112989926
9556,LOAD,119118613,4197.496826125737
9557,LOAD,115515749,4328.414128189568
9558,LOAD,121079960,4129.502520483158
9559,LOAD,120055671,4164.734542194179
9560,LOAD,115095458,4344.22008208178
9561,LOAD,122621603,4077.5849260427626
9562,LOAD,113715454,4396.939751038588
9563,LOAD,114134598,4380.792579652315
9564,LOAD,115353321,4334.508930176358
9565,LOAD,122218810,4091.0233048415375
9566,LOAD,112473879,4445.476624843712
9567,LOAD,119936382,4168.876796700437
9568,LOAD,116622068,4287.3532306081215
9569,LOAD,112185023,4456.922917420091
9570,LOAD,118198252,4230.181001323099
9571,LOAD,112232227,4455.048370375828
9572,LOAD,111198962,4496.444849907861
9573,LOAD,114729138,4358.090792942243
9574,LOAD,114294333,4374.670089723521
9575,LOAD,118554363,4217.47447624513
9576,LOAD,118603876,4215.713827092801
9577,LOAD,111825540,4471.25048535424
9578,LOAD,124648031,4011.2948113877546
9579,LOAD,113048753,4422.870546833896
9580,LOAD,119634961,4179.380306731575
9581,LOAD,112504791,4444.255178430579
9582,LOAD,118272855,4227.5127289351385
9583,LOAD,115029390,4346.715217736963
9584,LOAD,114527494,4365.763909930658
9585,LOAD,115508086,4328.701282436625
9586,LOAD,122334174,4087.165373757295
9587,LOAD,114357114,4372.268436225139
9588,LOAD,119311172,4190.722391026383
9589,LOAD,112782185,4433.324287874011
9590,LOAD,118981712,4202.326488628773
9591,LOAD,119666981,4178.262005289496
9592,LOAD,112121193,4459.460219978216
9593,LOAD,115050983,4345.899417478249
9594,LOAD,113800041,4393.671527763334
9595,LOAD,125681468,3978.3112654285674
9596,LOAD,118194204,4230.325879600661
9597,LOAD,114890140,4351.983555769016
9598,LOAD,117660784,4249.50423583783
9599,LOAD,116283509,4299.83584344707
9600,LOAD,122138721,4093.705877270485
9601,LOAD,117217431,4265.577190477755
9602,LOAD,114844730,4353.704344988229
9603,LOAD,123419053,4051.23834486074
9604,LOAD,115996162,4310.487445265646
9605,LOAD,114357975,4372.235517461725
9606,LOAD,119177255,4195.431418520254
9607,LOAD,117048580,4271.73059254542
9608,LOAD,122582991,4078.8693106696996
9609,LOAD,115213855,4339.755839260825
9610,LOAD,121717390,4107.876450521984
9611,LOAD,119777192,4174.417446687179
9612,LOAD,121029100,4131.237859324741
9613,LOAD,119042168,4200.192321766183
9614,LOAD,119267416,4192.259854108015
9615,LOAD,121013381,4131.7744853356335
9616,LOAD,119529854,4183.055389660226
9617,LOAD,116231961,4301.742788285229
9618,LOAD,123728031,4041.1214496737607
9619,LOAD,118588312,4216.267114081192
9620,LOAD,118191388,4230.426670342513
9621,LOAD,115905862,4313.845662094295
9622,LOAD,115303535,4336.38049345148
9623,LOAD,130730893,3824.65068910682
9624,LOAD,121084261,4129.35583758487
9625,LOAD,121846645,4103.518812520443
9626,LOAD,121413667,4118.152530554901
9627,LOAD,114182761,4378.944734047901
9628,LOAD,121884354,4102.249251778452
9629,LOAD,115547660,4327.21874246523
9630,LOAD,122681534,4075.592990221332
9631,LOAD,119270918,4192.136762123354
9632,LOAD,121546420,4113.654684358453
9633,LOAD,116981560,4274.177913168537
9634,LOAD,126787521,3943.6057748932562
9635,LOAD,117874725,4241.7914442642395
9636,LOAD,119814297,4173.124681439311
9637,LOAD,116118797,4305.935067515382
9638,LOAD,119855411,4171.693174536776
9639,LOAD,118028811,4236.253807555513
9640,LOAD,121446672,4117.033359300286
9641,LOAD,124707290,4009.3887053435287
9642,LOAD,118426870,4222.014818089847
9643,LOAD,124185562,4026.2329368046826
9644,LOAD,119014434,4201.171094927864
9645,LOAD,114586066,4363.53229894462
9646,LOAD,122250003,4089.9794497346556
9647,LOAD,116766631,4282.0452702793145
9648,LOAD,119082153,4198.781995485084
9649,LOAD,111474064,4485.348268992866
9650,LOAD,116655766,4286.114755784982
9651,LOAD,122145156,4093.490207667343
9652,LOAD,117299334,4262.598797023008
9653,LOAD,116059038,4308.152200951381
9654,LOAD,120084480,4163.735396947215
9655,LOAD,113646332,4399.6140588153785
9656,LOAD,117167798,4267.384115215685
9657,LOAD,113766524,4394.965956769497
9658,LOAD,123336171,4053.9607800861595
9659,LOAD,113153361,4418.781692220349
9660,LOAD,113066863,4422.162132507382
9661,LOAD,112143951,4458.555236742105
9662,LOAD,112906124,4428.457751326226
9663,LOAD,118438076,4221.615352819476
9664,LOAD,116101338,4306.582582192119
9665,LOAD,114449120,4368.753556165395
9666,LOAD,118546140,4217.767023034238
9667,LOAD,114972084,4348.881768551747
9668,LOAD,119834320,4172.427398094303
9669,LOAD,117439280,4257.519289968399
9670,LOAD,109748848,4555.856476962747
9671,LOAD,111640586,4478.657967631951
9672,LOAD,118212332,4229.67715415681
9673,LOAD,115271496,4337.585763613236
9674,LOAD,108234357,4619.605214636236
9675,LOAD,115352502,4334.539705085895
9676,LOAD,114243296,4376.624427922668
9677,LOAD,116651424,4286.27429357399
9678,LOAD,116145346,4304.950798459027
9679,LOAD,111811745,4471.802134918831
9680,LOAD,118712229,4211.865990655437
9681,LOAD,118312818,4226.084784828639
9682,LOAD,114739607,4357.693154727295
9683,LOAD,123328664,4054.2075441602124
9684,LOAD,112195359,4456.512323294942
9685,LOAD,118866818,4206.388363151103
9686,LOAD,112844216,4430.887268515384
9687,LOAD,118514449,4218.894862347122
9688,LOAD,122415295,4084.45692999392
9689,LOAD,115752483,4319.561766981707
9690,LOAD,119182858,4195.23418376156
9691,LOAD,118874935,4206.101143188848
9692,LOAD,118369813,4224.049927323954
9693,LOAD,113818409,4392.962477625215
9694,LOAD,125996465,3968.3653029471902
9695,LOAD,111871116,4469.42890960344
9696,LOAD,116513757,4291.338747234801
9697,LOAD,118309949,4226.18726680374
9698,LOAD,116818739,4280.135227277192
9699,LOAD,111781315,4473.019484517605
9700,LOAD,113840788,4392.098902196636
9701,LOAD,114200629,4378.259597852128
9702,LOAD,112749061,4434.626732722856
9703,LOAD,116232442,4301.7249865575395
9704,LOAD,125313760,3989.9848189057607
9705,LOAD,119840028,4172.228664699577
9706,LOAD,117290835,4262.907668787591
9707,LOAD,113202092,4416.879504311633
9708,LOAD,120852886,4137.261562789655
9709,LOAD,116171747,4303.972462426686
9710,LOAD,117276152,4263.44138576443
9711,LOAD,118185506,4230.637215362093
9712,LOAD,115910362,4313.678185216952
9713,LOAD,111487689,4484.800110979069
9714,LOAD,122177843,4092.395050713082
9715,LOAD,114844476,4353.713974018219
9716,LOAD,121185165,4125.9175576482485
9717,LOAD,112423020,4447.4877120362
9718,LOAD,122414207,4084.4932320641506
9719,LOAD,122896389,4068.467788748456
9720,LOAD,116981439,4274.1823341735435
9721,LOAD,112228961,4455.178017731091
9722,LOAD,122085843,4095.4789491849597
9723,LOAD,114292814,4374.728230945473
9724,LOAD,120819189,4138.415463126474
9725,LOAD,113708124,4397.2231922496585
9726,LOAD,118928445,4204.208673543155
9727,LOAD,120593532,4146.159347915939
9728,LOAD,123253158,4056.691188391295
9729,LOAD,110302449,4532.990922078257
9730,LOAD,122196391,4091.773872437853
9731,LOAD,117375195,4259.843828161478
9732,LOAD,120016121,4166.106984910803
9733,LOAD,120051772,4164.869803004657
9734,LOAD,113188414,4417.413252207952
9735,LOAD,117999068,4237.321603251985
9736,LOAD,113899574,4389.832046255063
9737,LOAD,119392885,4187.854242738166
9738,LOAD,116810304,4280.4443005302
9739,LOAD,115894958,4314.2515311149255
9740,LOAD,119808846,4173.314548076025
9741,LOAD,116120615,4305.8676532155805
9742,LOAD,117378774,4259.713941125336
9743,LOAD,115278550,4337.320342769752
9744,LOAD,117492221,4255.6008878238845
9745,LOAD,115720706,4320.7479221566455
9746,LOAD,118618448,4215.195936470186
9747,LOAD,112466116,4445.783474909012
9748,LOAD,111101106,4500.405243490555
9749,LOAD,112989719,4425.18137424521
9750,LOAD,118056800,4235.249473134965
9751,LOAD,112823836,4431.687644444211
9752,LOAD,115845472,4316.094460731275
9753,LOAD,119525030,4183.224216718457
9754,LOAD,117440629,4257.470385312736
9755,LOAD,114002462,4385.870192873554
9756,LOAD,123356261,4053.300545482649
9757,LOAD,113761265,4395.1691289649425
9758,LOAD,116251771,4301.0097454773395
9759,LOAD,116247027,4301.18526816174
9760,LOAD,118984573,4202.225443125303
9761,LOAD,115714606,4320.975694287029
9762,LOAD,115307294,4336.2391281162145
9763,LOAD,117953364,4238.963460168885
9764,LOAD,116885493,4277.690816601166
9765,LOAD,121470422,4116.228393443796
9766,LOAD,116161796,4304.341162218257
9767,LOAD,119265339,4192.332862106735
9768,LOAD,120984289,4132.768015853695
9769,LOAD,114651794,4361.0307571811745
9770,LOAD,112641548,4438.859451753983
9771,LOAD,124840443,4005.1123496894356
9772,LOAD,116035034,4309.043422178856
9773,LOAD,121652889,4110.054468168035
9774,LOAD,114932981,4350.361364071815
9775,LOAD,130919698,3819.1349937272234
9776,LOAD,121012970,4131.788518205941
9777,LOAD,128474157,3891.8332813034144
9778,LOAD,115625032,4324.323127538681
9779,LOAD,119578886,4181.340174050459
9780,LOAD,117039976,4272.044621745308
9781,LOAD,117406136,4258.721196650233
9782,LOAD,114706570,4358.948227638573
9783,LOAD,123153842,4059.9626603610145
9784,LOAD,117438021,4257.564932910441
9785,LOAD,117958117,4238.792655532133
9786,LOAD,118225626,4229.201543834498
9787,LOAD,123055352,4063.2121388755195
9788,LOAD,118849649,4206.996017295769
9789,LOAD,120252902,4157.9038150779925
9790,LOAD,114647376,4361.198811911753
9791,LOAD,116352981,4297.268498862096
9792,LOAD,117317147,4261.951579848766
9793,LOAD,125217189,3993.06200684636
9794,LOAD,123393409,4052.080285746867
9795,LOAD,119710384,4176.7471065835025
9796,LOAD,121853737,4103.279983936807
9797,LOAD,114804804,4355.2184453884
9798,LOAD,116564711,4289.462871829193
9799,LOAD,120704363,4142.352335681519
9800,LOAD,117324673,4261.678189377949
9801,LOAD,119132375,4197.0119373512025
9802,LOAD,130133419,3842.2105854300194
9803,LOAD,117893547,4241.114231638141
9804,LOAD,117716489,4247.493314211912
9805,LOAD,112741457,4434.9258321187035
9806,LOAD,113952698,4387.785535363103
9807,LOAD,115077759,4344.888224665549
9808,LOAD,121545030,4113.701728486964
9809,LOAD,116636540,4286.821265445631
9810,LOAD,112286744,4452.88537353973
9811,LOAD,116353566,4297.24689314636
9812,LOAD,115230867,4339.115143514454
9813,LOAD,112936529,4427.265513003326
9814,LOAD,118034866,4236.036494504937
9815,LOAD,115332221,4335.3019274639655
9816,LOAD,116059544,4308.133418135781
9817,LOAD,111449907,4486.32047759358
9818,LOAD,124580532,4013.4681717364956
9819,LOAD,126776122,3943.960361873192
9820,LOAD,111573841,4481.337162175855
9821,LOAD,118145134,4232.082888830614
9822,LOAD,112084467,4460.92142276949
9823,LOAD,119105722,4197.95112782239
9824,LOAD,123413574,4051.4182013722416
9825,LOAD,113862222,4391.272111306593
9826,LOAD,116544164,4290.219113845975
9827,LOAD,111507372,4484.0084653775175
9828,LOAD,127847313,3910.915202418059
9829,LOAD,114453379,4368.590987602035
9830,LOAD,118770709,4209.792163487043
9831,LOAD,115376391,4333.642226683967
9832,LOAD,115941180,4312.531578512483
9833,LOAD,114300140,4374.4478353219865
9834,LOAD,122157812,4093.066106979716
9835,LOAD,114893746,4351.846966500682
9836,LOAD,118470742,4220.451324597933
9837,LOAD,113703857,4397.388208211793
9838,LOAD,118999417,4201.701257074226
9839,LOAD,111537562,4482.794773656609
9840,LOAD,114406484,4370.38166473152
9841,LOAD,120947818,4134.014224216927
9842,LOAD,122291305,4088.598122327667
9843,LOAD,118829198,4207.720058836045
9844,LOAD,116607526,4287.887901849491
9845,LOAD,110776802,4513.580379401095
9846,LOAD,121343046,4120.549273173841
9847,LOAD,117262570,4263.935201147306
9848,LOAD,125218511,3993.019849916599
9849,LOAD,120612942,4145.492114768247
9850,LOAD,118695658,4212.45400568907
9851,LOAD,121293729,4122.224653510322
9852,LOAD,119396984,4187.710470140519
9853,LOAD,122427411,4084.052712672328
9854,LOAD,120719570,4141.830525075595
9855,LOAD,116204928,4302.743511875848
9856,LOAD,121889443,4102.077978976407
9857,LOAD,116511697,4291.414620799832
9858,LOAD,115135766,4342.699209557524
9859,LOAD,115741773,4319.961471473225
9860,LOAD,119099325,4198.176605954735
9861,LOAD,123709197,4041.736686723462
9862,LOAD,117453568,4257.001370958777
9863,LOAD,118775705,4209.615089213741
9864,LOAD,117667599,4249.258115651701
9865,LOAD,124157373,4027.1470627845833
9866,LOAD,115749938,4319.65674141441
9867,LOAD,117278709,4263.348430958598
9868,LOAD,122199888,4091.6567779505654
9869,LOAD,118667690,4213.446811006433
9870,LOAD,113111940,4420.399826932507
9871,LOAD,121205707,4125.218295207832
9872,LOAD,120102102,4163.124472209487
9873,LOAD,116938923,4275.736317496271
9874,LOAD,122910753,4067.9923261067324
9875,LOAD,120055065,4164.755564457027
9876,LOAD,109324282,4573.549360241854
9877,LOAD,127747219,3913.9795285876244
9878,LOAD,115988823,4310.760184194644
9879,LOAD,122892309,4068.6028610626886
9880,LOAD,117738686,4246.692544199109
9881,LOAD,115036515,4346.445995864878
9882,LOAD,120672853,4143.433983449451
9883,LOAD,114575151,4363.94799078205
9884,LOAD,114481242,4367.527738736448
9885,LOAD,118037460,4235.943403051879
9886,LOAD,118516971,4218.80508572903
9887,LOAD,116847018,4279.099360498871
9888,LOAD,119441055,4186.165301369784
9889,LOAD,113263309,4414.492251855365
9890,LOAD,114264883,4375.797593036524
9891,LOAD,115918279,4313.383569126316
9892,LOAD,121323432,4121.215430173455
9893,LOAD,114030793,4384.78052152106
9894,LOAD,114290605,4374.812785355367
9895,LOAD,116666054,4285.736791954924
9896,LOAD,118741074,4210.842829331323
9897,LOAD,117684398,4248.651550225035
9898,LOAD,113610669,4400.995121329671
9899,LOAD,123179006,4059.1332584710094
9900,LOAD,115413685,4332.241882754199
9901,LOAD,124616254,4012.317686904631
9902,LOAD,119396195,4187.738143581544
9903,LOAD,113198865,4417.005417854675
9904,LOAD,112572210,4441.593533608339
9905,LOAD,112103927,4460.147056222214
9906,LOAD,113704384,4397.367827083958
9907,LOAD,118977082,4202.490022406164
9908,LOAD,118720806,4211.56170385164
9909,LOAD,118652419,4213.989097011162
9910,LOAD,122834703,4070.5109206801276
9911,LOAD,118573796,4216.783276466918
9912,LOAD,123549086,4046.974495626783
9913,LOAD,113534805,4403.935867948159
9914,LOAD,119456478,4185.624826474459
9915,LOAD,125694272,3977.906009909505
9916,LOAD,120859534,4137.033988563947
9917,LOAD,112896089,4428.851383859719
9918,LOAD,123013332,4064.600087411664
9919,LOAD,120840379,4137.689770072634
9920,LOAD,116300672,4299.201297822252
9921,LOAD,122292662,4088.552753884775
9922,LOAD,118733461,4211.1128218523
9923,LOAD,120914542,4135.1519158051315
9924,LOAD,115621751,4324.445838914859
9925,LOAD,116294762,4299.419779542607
9926,LOAD,117232634,4265.024020529983
9927,LOAD,131390951,3805.437103503422
9928,LOAD,121552507,4113.448684361566
9929,LOAD,120622364,4145.168303947351
9930,LOAD,122521267,4080.9241713114184
9931,LOAD,117599522,4251.717961914846
9932,LOAD,118137595,4232.352960968945
9933,LOAD,121483111,4115.798450370604
9934,LOAD,119901931,4170.074625403656
9935,LOAD,120300375,4156.263020792744
9936,LOAD,116669673,4285.603851825315
9937,LOAD,116883930,4277.748018910726
9938,LOAD,116810310,4280.44408066377
9939,LOAD,117754714,4246.114512239399
9940,LOAD,121443647,4117.135909134876
9941,LOAD,120412557,4152.390850731623
9942,LOAD,117551731,4253.446510285757
9943,LOAD,125882386,3971.961573718503
9944,LOAD,116222025,4302.110550904616
9945,LOAD,121828923,4104.1157361294245
9946,LOAD,116039874,4308.863692837171
9947,LOAD,119506345,4183.878270229083
9948,LOAD,120704349,4142.352816135895
9949,LOAD,116892286,4277.442225742767
9950,LOAD,117274309,4263.508386990368
9951,LOAD,117462682,4256.671067667262
9952,LOAD,115937068,4312.684533302154
9953,LOAD,114290789,4374.805742219523
9954,LOAD,116383877,4296.127718790464
9955,LOAD,120261989,4157.589643723588
9956,LOAD,114797957,4355.478207682738
9957,LOAD,124794337,4006.5920619458875
9958,LOAD,120205651,4159.538223373542
9959,LOAD,118483671,4219.990786747315
9960,LOAD,119033963,4200.481840632325
9961,LOAD,117340192,4261.114554849203
9962,LOAD,115256823,4338.137968630282
9963,LOAD,120955136,4133.764109032956
9964,LOAD,114026339,4384.951796093357
9965,LOAD,118649600,4214.089217325638
9966,LOAD,122781530,4072.2737369374695
9967,LOAD,119516310,4183.529427908207
9968,LOAD,116485176,4292.391677375325
9969,LOAD,115788936,4318.2018703410495
9970,LOAD,115880959,4314.772714298991
9971,LOAD,124223079,4025.016961622727
9972,LOAD,121184806,4125.9297803389645
9973,LOAD,117176353,4267.072555159658
9974,LOAD,126587179,3949.847085224958
9975,LOAD,112846535,4430.796213636511
9976,LOAD,117080630,4270.5612363035625
9977,LOAD,119076881,4198.967892012556
9978,LOAD,115619986,4324.5118538588995
9979,LOAD,120037985,4165.348160417721
9980,LOAD,119070302,4199.199897888896
9981,LOAD,117247695,4264.476158785041
9982,LOAD,119983916,4167.225213752817
9983,LOAD,116407885,4295.24168401479
9984,LOAD,116454216,4293.532833538633
9985,LOAD,119876112,4170.972778963669
9986,LOAD,119578961,4181.337551511256
9987,LOAD,123251944,4056.7311457578303
9988,LOAD,125566917,3981.94056162102
9989,LOAD,120025109,4165.795008776038
9990,LOAD,114501534,4366.753724015611
9991,LOAD,119835339,4172.3919185475
9992,LOAD,117237315,4264.853728524915
9993,LOAD,116510863,4291.445339307117
9994,LOAD,114525273,4365.848575624002
9995,LOAD,111721633,4475.408983683581
9996,LOAD,110805992,4512.391351543515
9997,LOAD,119099878,4198.157113141627
9998,LOAD,117512900,4254.852020501578
9999,LOAD,118869206,4206.30385972293
10000,LOAD,114941619,4350.034429217497
10001,LOAD,120619446,4145.268582977905
10002,LOAD,116692954,4284.748846104282
10003,LOAD,118281052,4227.219757903405
10004,LOAD,118055283,4235.303895718077
10005,LOAD,116900171,4277.153709210571
10006,LOAD,112867458,4429.974847134415
10007,LOAD,121825617,4104.227110132346
10008,LOAD,119833287,4172.463365709062
10009,LOAD,116293110,4299.480854884696
10010,LOAD,124097745,4029.0820755848545
10011,LOAD,115993465,4310.587669745016
10012,LOAD,379811462,1316.442630159487
10013,LOAD,115613809,4324.742903332594
10014,LOAD,114259832,4375.99103068872
10015,LOAD,109534109,4564.788124583183
10016,LOAD,115452315,4330.79232755099
10017,LOAD,116708787,4284.167566577485
10018,LOAD,114956214,4349.482142827007
10019,LOAD,116315037,4298.670343027102
10020,LOAD,116765428,4282.089386937373
10021,LOAD,114129562,4380.985883394523
10022,LOAD,114827127,4354.371767918568
10023,LOAD,117702527,4247.997156424687
10024,LOAD,120286952,4156.726824369113
10025,LOAD,114316245,4373.8315582356645
10026,LOAD,109247787,4576.751746925546
10027,LOAD,118347150,4224.858815780523
10028,LOAD,106842118,4679.802397777251
10029,LOAD,116643440,4286.567680102713
10030,LOAD,119900994,4170.107213623266
10031,LOAD,118032286,4236.129087595576
10032,LOAD,114988051,4348.277891935049
10033,LOAD,113036169,4423.362932620265
10034,LOAD,112362344,4449.889368630473
10035,LOAD,110925439,4507.532307354673
10036,LOAD,116758610,4282.339435181697
10037,LOAD,115816142,4317.187495332041
10038,LOAD,108185211,4621.703792767016
10039,LOAD,111986337,4464.830383727972
10040,LOAD,110720104,4515.891711951427
10041,LOAD,111490129,4484.7019595788615
10042,LOAD,114139331,4380.610921926641
10043,LOAD,112284959,4452.956161296724
10044,LOAD,105452764,4741.459408309108
10045,LOAD,114936419,4350.23123523624
10046,LOAD,109151198,4580.801760874855
10047,LOAD,113348242,4411.184427544981
10048,LOAD,118888065,4205.63662130425
10049,LOAD,119529089,4183.0821616987305
10050,LOAD,114210726,4377.872530115954
10051,LOAD,113667468,4398.795968605547
10052,LOAD,109739908,4556.227621404604
10053,LOAD,113370593,4410.314763017955
10054,LOAD,113647724,4399.5601706902635
10055,LOAD,114313716,4373.928321952197
10056,LOAD,110932555,4507.243162298028
10057,LOAD,119943631,4168.624843448336
10058,LOAD,110778195,4513.523622586557
10059,LOAD,115825479,4316.839475362757
10060,LOAD,119632192,4179.477042433528
10061,LOAD,119171798,4195.623531668122
10062,LOAD,111969261,4465.5112977837725
10063,LOAD,123521205,4047.8879719478123
10064,LOAD,111196445,4496.546629705653
10065,LOAD,117078303,4270.64611621506
10066,LOAD,112871157,4429.829668530819
10067,LOAD,113123678,4419.941155025033
10068,LOAD,115505121,4328.812399581833
10069,LOAD,114449113,4368.753823369518
10070,LOAD,113748633,4395.657220777326
10071,LOAD,113721549,4396.704093434394
10072,LOAD,111506590,4484.039911901171
10073,LOAD,116103980,4306.484583904876
10074,LOAD,112672505,4437.639866088004
10075,LOAD,114289587,4374.851752679796
10076,LOAD,112325143,4451.363128912286
10077,LOAD,114384384,4371.226058270331
10078,LOAD,117708109,4247.795706241444
10079,LOAD,130203280,3840.149034647975
10080,LOAD,116731310,4283.340947685759
10081,LOAD,113474952,4406.258748626746
10082,LOAD,110811052,4512.185300794726
10083,LOAD,114451095,4368.678167736184
10084,LOAD,116331917,4298.046597134646
10085,LOAD,123605346,4045.132481567585
10086,LOAD,121838156,4103.804722717569
10087,LOAD,109606158,4561.787486429367
10088,LOAD,118396704,4223.090534682452
10089,LOAD,119870580,4171.165268408646
10090,LOAD,113447022,4407.343544020045
10091,LOAD,119133090,4196.986748182222
10092,LOAD,112873401,4429.741600503382
10093,LOAD,121485022,4115.733707485356
10094,LOAD,114212656,4377.798551502034
10095,LOAD,116879586,4277.907007644603
10096,LOAD,114851812,4353.4358865840095
10097,LOAD,120623702,4145.122324300741
10098,LOAD,126779043,3943.8694926889457
10099,LOAD,120027414,4165.715009072845
10100,LOAD,120708746,4142.201924622761
10101,LOAD,116355474,4297.176426783324
10102,LOAD,115477255,4329.8569921843045
10103,LOAD,113447332,4407.331500753143
10104,LOAD,117775247,4245.3742423482245
10105,LOAD,117490237,4255.6727500685865
10106,LOAD,119072705,4199.115154056507
10107,LOAD,119548125,4182.416077207401
10108,LOAD,117929040,4239.837787198133
10109,LOAD,125071360,3997.7177828721137
10110,LOAD,123562081,4046.548876107064
10111,LOAD,118356815,4224.513814434767
10112,LOAD,123916183,4034.9854869238507
10113,LOAD,123794434,4038.953803044166
10114,LOAD,117742873,4246.541529524255
10115,LOAD,114332365,4373.214881018162
10116,LOAD,122722497,4074.23261604594
10117,LOAD,121386873,4119.061539710311
10118,LOAD,112840733,4431.024034556742
10119,LOAD,114891323,4351.938744756208
10120,LOAD,130445723,3833.011834355044
10121,LOAD,108278663,4617.714941677845
10122,LOAD,114673830,4360.192730983173
10123,LOAD,121219631,4124.744448364144
10124,LOAD,119961590,4168.000774247824
10125,LOAD,121580504,4112.501458293017
10126,LOAD,124940471,4001.9058356199084
10127,LOAD,116338628,4297.798664086016
10128,LOAD,118496945,4219.5180643686635
10129,LOAD,122314819,4087.812123566156
10130,LOAD,116719417,4283.777394124579
10131,LOAD,119951860,4168.338865274786
10132,LOAD,119267066,4192.272156673997
10133,LOAD,119907209,4169.891069685393
10134,LOAD,122073282,4095.9003625379714
10135,LOAD,119199502,4194.64839710488
10136,LOAD,121943496,4100.2596809263205
10137,LOAD,112934301,4427.352855356142
10138,LOAD,117322852,4261.744336048019
10139,LOAD,117231854,4265.052397789427
10140,LOAD,119088567,4198.555852972855
10141,LOAD,113977166,4386.843589355432
10142,LOAD,121746650,4106.889183398475
10143,LOAD,116503068,4291.732471800657
10144,LOAD,119858579,4171.582911891522
10145,LOAD,115439428,4331.2757925307815
10146,LOAD,123624226,4044.5147053943942
10147,LOAD,115679847,4322.274043118331
10148,LOAD,123014731,4064.553862252481
10149,LOAD,114386641,4371.139808187916
10150,LOAD,121766767,4106.210687190208
10151,LOAD,109884469,4550.233573044795
10152,LOAD,125138197,3995.5825797937623
10153,LOAD,114491467,4367.137683719259
10154,LOAD,122391750,4085.2426736279203
10155,LOAD,116093402,4306.876974799998
10156,LOAD,127438061,3923.474636042995
10157,LOAD,120293898,4156.486807003294
10158,LOAD,127706264,3915.2347295979157
10159,LOAD,124182740,4026.3244312373845
10160,LOAD,120218360,4159.098493774162
10161,LOAD,109959599,4547.124621653085
10162,LOAD,120682010,4143.1195917270525
10163,LOAD,118611560,4215.440720955024
10164,LOAD,116810754,4280.427810610657
10165,LOAD,126626694,3948.614499877885
10166,LOAD,112592780,4440.782082119298
10167,LOAD,123918897,4034.897115005793
10168,LOAD,118349500,4224.774925115864
10169,LOAD,130714632,3825.126478572039
10170,LOAD,120505901,4149.1744043306235
10171,LOAD,119822000,4172.856403665437
10172,LOAD,114756667,4357.045329662634
10173,LOAD,116362086,4296.932249908274
10174,LOAD,123589938,4045.636789622793
10175,LOAD,124021155,4031.5702591223244
10176,LOAD,127243721,3929.466979356883
10177,LOAD,119189253,4195.009091969056
10178,LOAD,121965061,4099.534701991417
10179,LOAD,119869119,4171.216107795036
10180,LOAD,117814882,4243.946023728989
10181,LOAD,123478908,4049.2745530273073
10182,LOAD,129406743,3863.786294350983
10183,LOAD,110381882,4529.7288915584895
10184,LOAD,120865232,4136.838954646611
10185,LOAD,120555351,4147.472475112282
10186,LOAD,117684229,4248.657651485315
10187,LOAD,122491229,4081.924918885417
10188,LOAD,119740489,4175.696994188825
10189,LOAD,111417116,4487.640839671348
10190,LOAD,126010542,3967.921985447853
10191,LOAD,113095702,4421.034496960812
10192,LOAD,116926927,4276.174982346026
10193,LOAD,116163099,4304.292880478335
10194,LOAD,121626949,4110.931040455516
10195,LOAD,111438505,4486.779502291421
10196,LOAD,115848591,4315.978258207732
10197,LOAD,115855726,4315.712457751118
10198,LOAD,117613522,4251.211863207362
10199,LOAD,114105096,4381.925238466125
10200,LOAD,120266211,4157.443689649456
10201,LOAD,123292352,4055.401587277692
10202,LOAD,113825970,4392.670670849544
10203,LOAD,122767967,4072.7236283060706
10204,LOAD,120195248,4159.898234911916
10205,LOAD,122087724,4095.4158503274252
10206,LOAD,114109815,4381.744024385633
10207,LOAD,113300811,4413.03107706793
10208,LOAD,121932160,4100.640880962003
10209,LOAD,117645283,4250.0641525933515
10210,LOAD,117440442,4257.477164467757
10211,LOAD,115156298,4341.924920163723
10212,LOAD,116403866,4295.389983009671
10213,LOAD,120753942,4140.65157392543
10214,LOAD,118608914,4215.534761577869
10215,LOAD,118710391,4211.931203225504
10216,LOAD,120411371,4152.43174998813
10217,LOAD,120748009,4140.8550264377445
10218,LOAD,118861641,4206.571571731876
10219,LOAD,119119689,4197.4589104241195
10220,LOAD,118402807,4222.872858073373
10221,LOAD,121615591,4111.314971120767
10222,LOAD,114556362,4364.66374517026
10223,LOAD,119145983,4196.532584736827
10224,LOAD,114722504,4358.342806046145
10225,LOAD,125355550,3988.6546706547892
10226,LOAD,116564319,4289.47729707922
10227,LOAD,126367209,3956.72266529207
10228,LOAD,115431637,4331.568129801364
10229,LOAD,115150894,4342.128685514157
10230,LOAD,112594618,4440.709590577411
10231,LOAD,112931966,4427.444396035751
10232,LOAD,124811443,4006.042939508359
10233,LOAD,125324142,3989.654283848997
10234,LOAD,114656421,4360.854766258577
10235,LOAD,124416760,4018.7511714659668
10236,LOAD,114406356,4370.38655439738
10237,LOAD,119627782,4179.631116123176
10238,LOAD,115081108,4344.761783141677
10239,LOAD,114248421,4376.428099605858
10240,LOAD,114152440,4380.107862784185
10241,LOAD,116089328,4307.028118898233
10242,LOAD,114754759,4357.117773215837
10243,LOAD,115435226,4331.433456889494
10244,LOAD,117758048,4245.994295014129
10245,LOAD,114298027,4374.52870468184
10246,LOAD,116768632,4281.9718912181825
10247,LOAD,122346104,4086.7668332127687
10248,LOAD,112891523,4429.030512769325
10249,LOAD,112398633,4448.4526782456505
10250,LOAD,129706647,3854.852558173059
10251,LOAD,122508667,4081.3438938161003
10252,LOAD,123071270,4062.6866042740926
10253,LOAD,115971795,4311.393127958398
10254,LOAD,114829520,4354.281024600643
10255,LOAD,115400544,4332.735207903353
10256,LOAD,115990992,4310.679574151759
10257,LOAD,124907554,4002.960461462563
10258,LOAD,114110550,4381.715801036802
10259,LOAD,122663838,4076.180952368374
10260,LOAD,118807422,4208.491284323971
10261,LOAD,122043170,4096.9109537223585
10262,LOAD,117277647,4263.387037429221
10263,LOAD,122629976,4077.3065143550216
10264,LOAD,116545091,4290.1849894304
10265,LOAD,121803887,4104.959310534975
10266,LOAD,116145324,4304.951613893642
10267,LOAD,123719237,4041.4086937830048
10268,LOAD,121572199,4112.782396903094
10269,LOAD,114464471,4368.167656145461
10270,LOAD,124335236,4021.386182111722
10271,LOAD,120068989,4164.272591651455
10272,LOAD,114523094,4365.931643446517
10273,LOAD,124444795,4017.845824728949
10274,LOAD,116894846,4277.348549652907
10275,LOAD,124245465,4024.2917518156496
10276,LOAD,118439092,4221.579138752601
10277,LOAD,118570291,4216.907926792555
10278,LOAD,118280857,4227.226726975778
10279,LOAD,116040653,4308.834766726106
10280,LOAD,113181447,4417.685170609278
10281,LOAD,121236694,4124.163926805856
10282,LOAD,113365991,4410.493796150911
10283,LOAD,126849061,3941.6925601049584
10284,LOAD,117186493,4266.703330732835
10285,LOAD,119686365,4177.585308067464
10286,LOAD,114638913,4361.520769130112
10287,LOAD,120089981,4163.544667394027
10288,LOAD,115094662,4344.250126908579
10289,LOAD,126103797,3964.987668055705
10290,LOAD,112962228,4426.2583064491255
10291,LOAD,122729857,4073.9882879518063
10292,LOAD,112998718,4424.82896133388
10293,LOAD,115006358,4347.585722173726
10294,LOAD,111876935,4469.196443395594
10295,LOAD,117085086,4270.398708166811
10296,LOAD,113019763,4424.005029987543
10297,LOAD,115624438,4324.345342980176
10298,LOAD,114631572,4361.800080696791
10299,LOAD,115542977,4327.394126256588
10300,LOAD,122482662,4082.2104274644194
10301,LOAD,118569281,4216.943847369707
10302,LOAD,116237049,4301.554489739326
10303,LOAD,120884294,4136.186624872873
10304,LOAD,112070624,4461.472437237434
10305,LOAD,117254277,4264.23677491952
10306,LOAD,114129665,4380.981929632405
10307,LOAD,119468781,4185.193787153482
10308,LOAD,117227340,4265.2166294995695
10309,LOAD,120286012,4156.759307973399
10310,LOAD,119122193,4197.370678023028
10311,LOAD,119984453,4167.206563003625
10312,LOAD,116932626,4275.96657240897
10313,LOAD,118809374,4208.422140158738
10314,LOAD,113897825,4389.899455937811
10315,LOAD,121712161,4108.052933182247
10316,LOAD,115627021,4324.248741131193
10317,LOAD,122044866,4096.854020881141
10318,LOAD,121417108,4118.035820784004
10319,LOAD,119557866,4182.075314057546
10320,LOAD,122638999,4077.006531992323
10321,LOAD,114706856,4358.937359419911
10322,LOAD,117739058,4246.679126649714
10323,LOAD,119567750,4181.729605181999
10324,LOAD,116900523,4277.140830242479
10325,LOAD,117725727,4247.160011167312
10326,LOAD,117990028,4237.646252613822
10327,LOAD,118501700,4219.3487519588325
10328,LOAD,117263191,4263.912620286787
10329,LOAD,113363503,4410.590593693986
10330,LOAD,123066387,4062.8478026254234
10331,LOAD,115466389,4330.264454706382
10332,LOAD,121806173,4104.882270621868
10333,LOAD,116994649,4273.699731344123
10334,LOAD,115681495,4322.2124679491735
10335,LOAD,118597048,4215.956538817053
10336,LOAD,113565659,4402.739387969386
10337,LOAD,112060948,4461.857666954594
10338,LOAD,119568221,4181.713132622422
10339,LOAD,112728621,4435.430821068946
10340,LOAD,116723854,4283.614555770237
10341,LOAD,114517934,4366.1283655361785
10342,LOAD,119308854,4190.8038107549
10343,LOAD,111338481,4490.810324599273
10344,LOAD,118969642,4202.7528333656755
10345,LOAD,116910521,4276.775056027678
10346,LOAD,118345746,4224.908937580231
10347,LOAD,119595705,4180.752143231231
10348,LOAD,110781693,4513.381105305911
10349,LOAD,113163516,4418.385162228434
10350,LOAD,111474839,4485.317085768565
10351,LOAD,117148265,4268.095647852744
10352,LOAD,120995899,4132.371461614579
10353,LOAD,117032273,4272.3258053784875
10354,LOAD,113032049,4423.524163487472
10355,LOAD,124783425,4006.9424284515353
10356,LOAD,114340629,4372.898805725478
10357,LOAD,122067365,4096.09890407645
10358,LOAD,116584384,4288.739047589769
10359,LOAD,122173914,4092.5266583503253
10360,LOAD,115047358,4346.036351395396
10361,LOAD,118067900,4234.851301666245
10362,LOAD,113527528,4404.218155793897
10363,LOAD,120127385,4162.248266704549
10364,LOAD,120665684,4143.68015350578
10365,LOAD,118427662,4221.986582830623
10366,LOAD,116206403,4302.6888974439735
10367,LOAD,121317610,4121.413206211365
10368,LOAD,116753408,4282.530236719086
10369,LOAD,121893855,4101.929502516759
10370,LOAD,119464574,4185.34117068044
10371,LOAD,117405159,4258.756636069118
10372,LOAD,121585133,4112.3448867716415
10373,LOAD,122047468,4096.766677699533
10374,LOAD,115538988,4327.543530154514
10375,LOAD,117793157,4244.728749395858
10376,LOAD,125270907,3991.3497233639414
10377,LOAD,118627558,4214.8722306160935
10378,LOAD,120764036,4140.305479687679
10379,LOAD,116646789,4286.444610146963
10380,LOAD,117633041,4250.50645421978
10381,LOAD,120642371,4144.4808806020565
10382,LOAD,116074372,4307.5830726872255
10383,LOAD,120368608,4153.906972156727
10384,LOAD,119668278,4178.216720056756
10385,LOAD,133466956,3746.2456250219716
10386,LOAD,118418574,4222.310597997912
10387,LOAD,119523832,4183.266145616884
10388,LOAD,116618139,4287.497676497822
10389,LOAD,113765777,4394.994814653268
10390,LOAD,112583008,4441.167533914177
10391,LOAD,118357684,4224.482797416009
10392,LOAD,119901328,4170.095597273117
10393,LOAD,116792482,4281.097476805056
10394,LOAD,114839375,4353.907359736153
10395,LOAD,116589801,4288.539784024505
10396,LOAD,113024046,4423.837384126206
10397,LOAD,121285250,4122.512836474345
10398,LOAD,116015285,4309.776940167841
10399,LOAD,115335832,4335.166195358958
10400,LOAD,119894348,4170.338371580286
10401,LOAD,111632525,4478.9813721404225
10402,LOAD,113719553,4396.781264168352
10403,LOAD,130876962,3820.3820776341067
10404,LOAD,116552793,4289.901486959648
10405,LOAD,114660840,4360.686700010221
10406,LOAD,116596548,4288.291622492974
10407,LOAD,116651750,4286.262314967414
10408,LOAD,115519499,4328.2736189844445
10409,LOAD,118867663,4206.358461005497
10410,LOAD,114492724,4367.089737510307
10411,LOAD,112915370,4428.095130007545
10412,LOAD,109187915,4579.26135873187
10413,LOAD,117058647,4271.363225307055
10414,LOAD,114984617,4348.407752664863
10415,LOAD,120223881,4158.907496922347
10416,LOAD,117013163,4273.023540095229
10417,LOAD,123356466,4053.293809503265
10418,LOAD,114613481,4362.488562754673
10419,LOAD,121421503,4117.886763434316
10420,LOAD,121984553,4098.879634374691
10421,LOAD,118273171,4227.501433947349
10422,LOAD,116212509,4302.462826957811
10423,LOAD,119519458,4183.419238731823
10424,LOAD,115078945,4344.843446383698
10425,LOAD,117542543,4253.778991322317
10426,LOAD,122091501,4095.2891553032837
10427,LOAD,115164680,4341.6089030074145
10428,LOAD,114042930,4384.313871977859
10429,LOAD,120162138,4161.044471429095
10430,LOAD,117808699,4244.168760407073
10431,LOAD,121026275,4131.334290838911
10432,LOAD,119197726,4194.7108957430955
10433,LOAD,119997791,4166.7433694675265
10434,LOAD,118222696,4229.306359245944
10435,LOAD,121751558,4106.7236281280275
10436,LOAD,113469886,4406.455471366209
10437,LOAD,122433614,4083.8457974457897
10438,LOAD,117284306,4263.14497695881
10439,LOAD,115355247,4334.436560133237
10440,LOAD,120548609,4147.704433487076
10441,LOAD,120901467,4135.599115600475
10442,LOAD,117664550,4249.3682251791215
10443,LOAD,122393801,4085.174215645121
10444,LOAD,120812642,4138.639729441559
10445,LOAD,113390368,4409.545615020846
10446,LOAD,118915259,4204.67486010353
10447,LOAD,120376393,4153.638330066926
10448,LOAD,116784121,4281.40397614501
10449,LOAD,120794503,4139.261204626174
10450,LOAD,113659603,4399.100355822992
10451,LOAD,115556477,4326.888574147168
10452,LOAD,113833414,4392.383417403259
10453,LOAD,114423509,4369.731398466376
10454,LOAD,113525744,4404.287365868309
10455,LOAD,126129587,3964.1769381199983
10456,LOAD,114998391,4347.8869195656835
10457,LOAD,121893595,4101.938251964757
10458,LOAD,116405097,4295.344558666533
10459,LOAD,115609026,4324.92182747046
10460,LOAD,114469778,4367.965140982452
10461,LOAD,111542080,4482.61319853458
10462,LOAD,122889916,4068.6820877963655
10463,LOAD,116719069,4283.790166283798
10464,LOAD,116691935,4284.7862622211205
10465,LOAD,123835605,4037.6109924120774
10466,LOAD,118375545,4223.845389687541
10467,LOAD,114759381,4356.94228779432
10468,LOAD,115864289,4315.393503169902
10469,LOAD,115767775,4318.991187314432
10470,LOAD,115782284,4318.449962517582
10471,LOAD,113915430,4389.221021243567
10472,LOAD,114475470,4367.747955085924
10473,LOAD,110636083,4519.321241696526
10474,LOAD,120992451,4132.48922447236
10475,LOAD,121886242,4102.185708539607
10476,LOAD,115429805,4331.636876628181
10477,LOAD,113430270,4407.994444516442
10478,LOAD,113247857,4415.094583202576
10479,LOAD,114196676,4378.4111544542675
10480,LOAD,121942645,4100.288295370336
10481,LOAD,115445569,4331.045395081383
10482,LOAD,114876164,4352.5130243729245
10483,LOAD,117938248,4239.506762895104
10484,LOAD,119387288,4188.05057369257
10485,LOAD,117278740,4263.347304038226
10486,LOAD,118870463,4206.259380010995
10487,LOAD,115204451,4340.110088281224
10488,LOAD,120021953,4165.904549145272
10489,LOAD,122258067,4089.7096794438926
10490,LOAD,120185078,4160.2502433787995
10491,LOAD,119082230,4198.779280502221
10492,LOAD,117194690,4266.40490281599
10493,LOAD,121080652,4129.478919555207
10494,LOAD,117331770,4261.420414948143
10495,LOAD,118825451,4207.8527436012
10496,LOAD,118949646,4203.459336062253
10497,LOAD,121011970,4131.822661840808
10498,LOAD,123322090,4054.423664081593
10499,LOAD,115149143,4342.194713511676
10500,LOAD,120667037,4143.6336917761555
10501,LOAD,117250055,4264.390323740146
10502,LOAD,112084765,4460.909562508339
10503,LOAD,112182322,4457.030226206229
10504,LOAD,123960464,4033.544114517028
10505,LOAD,119964238,4167.908772946151
10506,LOAD,113053314,4422.692111440449
10507,LOAD,119289236,4191.493019537824
10508,LOAD,112909386,4428.329811305502
10509,LOAD,111405296,4488.116974259464
10510,LOAD,121956878,4099.809770466574
10511,LOAD,113049920,4422.824890101647
10512,LOAD,538807795,927.9746964314056
10513,LOAD,119629801,4179.560576214617
10514,LOAD,112218667,4455.586698423355
10515,LOAD,125446878,3985.750845070851
10516,LOAD,121888441,4102.111700649284
10517,LOAD,116389145,4295.93326765997
10518,LOAD,117355383,4260.5629773284445
10519,LOAD,115295594,4336.6791622583605
10520,LOAD,112299909,4452.363358549114
10521,LOAD,119656207,4178.638221417131
10522,LOAD,114271935,4375.527551887521
10523,LOAD,112101958,4460.2253958846995
10524,LOAD,111391563,4488.670295433416
10525,LOAD,120169258,4160.797930532283
10526,LOAD,115911574,4313.6330803341525
10527,LOAD,110149032,4539.304530610855
10528,LOAD,110772795,4513.743649783324
10529,LOAD,121225540,4124.543392423741
10530,LOAD,111966787,4465.609966998517
10531,LOAD,119800911,4173.590967100409
10532,LOAD,117868165,4242.027522868452
10533,LOAD,111466949,4485.634571374157
10534,LOAD,110843880,4510.848952598916
10535,LOAD,114649818,4361.105919941364
10536,LOAD,116816706,4280.209715894574
10537,LOAD,115598262,4325.32454510432
10538,LOAD,131480509,3802.8450285357508
10539,LOAD,116618763,4287.474735090442
10540,LOAD,118885673,4205.72123942975
10541,LOAD,115678368,4322.3293053373645
10542,LOAD,115228125,4339.218398286009
10543,LOAD,113140935,4419.266996511917
10544,LOAD,120788872,4139.454170910711
10545,LOAD,120843127,4137.595678072779
10546,LOAD,117977459,4238.097720005989
10547,LOAD,118484570,4219.958767626873
10548,LOAD,116946069,4275.475048246384
10549,LOAD,113766709,4394.958809962588
10550,LOAD,112279497,4453.172781848141
10551,LOAD,117530879,4254.201144875297
10552,LOAD,112570196,4441.672998419582
10553,LOAD,104903512,4766.284659754766
10554,LOAD,112812893,4432.1175240138555
10555,LOAD,109428244,4569.2042723448985
10556,LOAD,127236794,3929.680906609451
10557,LOAD,113345721,4411.2825397264005
10558,LOAD,113945933,4388.04603934394
10559,LOAD,116771759,4281.857225427254
10560,LOAD,114555438,4364.698950389417
10561,LOAD,123168378,4059.4835145105185
10562,LOAD,111219994,4495.594560093215
10563,LOAD,110564099,4522.263596612857
10564,LOAD,111344982,4490.548123668474
10565,LOAD,109338312,4572.962494610307
10566,LOAD,112309484,4451.983770132894
10567,LOAD,120753224,4140.676194285297
10568,LOAD,116089905,4307.006711737769
10569,LOAD,117600455,4251.684230303361
10570,LOAD,110328082,4531.937752711046
10571,LOAD,108487794,4608.813411765014
10572,LOAD,113369620,4410.352614748113
10573,LOAD,109518031,4565.458266867489
10574,LOAD,113669320,4398.724299573534
10575,LOAD,110163383,4538.713194746389
10576,LOAD,113514352,4404.729368494303
10577,LOAD,104691146,4775.953068657783
10578,LOAD,112639055,4438.957695445864
10579,LOAD,105163868,4754.484686698667
10580,LOAD,106461871,4696.517122078382
10581,LOAD,113587964,4401.874832442634
10582,LOAD,112119810,4459.5152275052915
10583,LOAD,116547046,4290.113024400464
10584,LOAD,110285999,4533.667052333633
10585,LOAD,111539643,4482.7111379583675
10586,LOAD,116192883,4303.1895507748095
10587,LOAD,117257944,4264.103419722249
10588,LOAD,110511304,4524.424035390985
10589,LOAD,111666306,4477.626402363485
10590,LOAD,119429195,4186.581011452015
10591,LOAD,115456594,4330.631821687031
10592,LOAD,110563160,4522.302003669215
10593,LOAD,121048063,4130.590672896599
10594,LOAD,115249791,4338.402661398319
10595,LOAD,114226659,4377.261878945439
10596,LOAD,113437327,4407.720220699488
10597,LOAD,115084001,4344.652563825965
10598,LOAD,111201859,4496.327709773269
10599,LOAD,119088147,4198.570660436928
10600,LOAD,116296106,4299.370092408769
10601,LOAD,113589136,4401.829414390475
10602,LOAD,112832469,4431.348568646495
10603,LOAD,115493504,4329.24781639667
10604,LOAD,116368607,4296.691460782031
10605,LOAD,118603676,4215.720936002018
10606,LOAD,112003088,4464.162630944604
10607,LOAD,112617530,4439.80612964962
10608,LOAD,115970809,4311.429784024358
10609,LOAD,120090666,4163.520918436742
10610,LOAD,118028532,4236.263821361432
10611,LOAD,121553097,4113.428718315586
10612,LOAD,119374764,4188.489955883809
10613,LOAD,115011852,4347.378042395144
10614,LOAD,118226366,4229.175072504554
10615,LOAD,115874458,4315.014789540591
10616,LOAD,117707309,4247.82457646704
10617,LOAD,118484626,4219.956773125992
10618,LOAD,113240469,4415.382631451305
10619,LOAD,123997864,4032.3275246096177
10620,LOAD,107792373,4638.547107595451
10621,LOAD,115093950,4344.277001527882
10622,LOAD,107227374,4662.988389513297
10623,LOAD,119742405,4175.6301787992315
10624,LOAD,113206207,4416.718952521746
10625,LOAD,110889139,4509.007865955205
10626,LOAD,112875787,4429.647963384742
10627,LOAD,110262175,4534.6466274586
10628,LOAD,111561328,4481.839800257666
10629,LOAD,121261293,4123.327301152892
10630,LOAD,113961571,4387.443904226276
10631,LOAD,108961007,4588.797531946451
10632,LOAD,107781412,4639.018831929943
10633,LOAD,116082980,4307.263648813978
10634,LOAD,112188184,4456.797339726972
10635,LOAD,110316157,4532.427647928308
10636,LOAD,108424212,4611.5161067529825
10637,LOAD,113404147,4409.009839825346
10638,LOAD,108396599,4612.690846508939
10639,LOAD,116031232,4309.184616776283
10640,LOAD,116084340,4307.2131865504
10641,LOAD,113261923,4414.5462725368
10642,LOAD,119812032,4173.203572743011
10643,LOAD,119660647,4178.483173336009
10644,LOAD,120343194,4154.7841916178495
10645,LOAD,120697128,4142.600642494161
10646,LOAD,116934726,4275.889781449524
10647,LOAD,108660304,4601.496421361016
10648,LOAD,113629572,4400.262987877838
10649,LOAD,108575327,4605.097804586856
10650,LOAD,115319607,4335.7761356228
10651,LOAD,107449060,4653.367837745625
10652,LOAD,113446463,4407.365260916067
10653,LOAD,119968397,4167.764282121732
10654,LOAD,119732770,4175.966195386609
10655,LOAD,112083804,4460.947810086817
10656,LOAD,115264108,4337.863786704531
10657,LOAD,106233183,4706.6273068368855
10658,LOAD,114246080,4376.517776364843
10659,LOAD,108015525,4628.964216023576
10660,LOAD,114420296,4369.854103506253
10661,LOAD,120172335,4160.6913937388335
10662,LOAD,118997314,4201.775512344758
10663,LOAD,119137392,4196.83519679531
10664,LOAD,109426412,4569.280769253405
10665,LOAD,119772062,4174.596242652982
10666,LOAD,119924144,4169.302221577666
10667,LOAD,114716484,4358.571519678027
10668,LOAD,113241271,4415.351360724307
10669,LOAD,119836282,4172.359085706614
10670,LOAD,120331736,4155.1798105862945
10671,LOAD,113182239,4417.6542575730455
10672,LOAD,110952485,4506.433542250091
10673,LOAD,113713566,4397.012753957606
10674,LOAD,114716118,4358.585425633039
10675,LOAD,113381730,4409.88155675522
10676,LOAD,114103726,4381.97785057431
10677,LOAD,117771574,4245.506644922653
10678,LOAD,118693921,4212.515651917844
10679,LOAD,114076239,4383.033700821781
10680,LOAD,116001011,4310.307261028957
10681,LOAD,115152761,4342.058285515186
10682,LOAD,121296661,4122.12501051451
10683,LOAD,110533701,4523.507269515928
10684,LOAD,119196154,4194.766217037506
10685,LOAD,115278254,4337.331479708219
10686,LOAD,118169001,4231.22812047806
10687,LOAD,121325541,4121.143791149466
10688,LOAD,114292991,4374.721456016494
10689,LOAD,112848895,4430.703552746352
10690,LOAD,116286145,4299.738373819168
10691,LOAD,124726101,4008.7840154644136
10692,LOAD,113523440,4404.37675250151
10693,LOAD,114095534,4382.29247430491
10694,LOAD,114522549,4365.952420426827
10695,LOAD,116883303,4277.770966140476
10696,LOAD,112975169,4425.751290533586
10697,LOAD,120478775,4150.108597966738
10698,LOAD,110376393,4529.954154236586
10699,LOAD,123442649,4050.46395269758
10700,LOAD,118100247,4233.691399476921
10701,LOAD,120876813,4136.442611206171
10702,LOAD,111780063,4473.0695848686355
10703,LOAD,109139884,4581.27663027386
10704,LOAD,116860183,4278.617294309731
10705,LOAD,118735780,4211.030575619245
10706,LOAD,117872177,4241.883137527866
10707,LOAD,112595491,4440.675159896056
10708,LOAD,112169685,4457.532353772768
10709,LOAD,125425020,3986.44544764673
10710,LOAD,116768844,4281.964117072188
10711,LOAD,120825819,4138.188378429282
10712,LOAD,115881665,4314.746426882976
10713,LOAD,113106488,4420.612900649873
10714,LOAD,112620055,4439.706586895203
10715,LOAD,108376219,4613.558256724199
10716,LOAD,115230670,4339.122561727707
10717,LOAD,121313059,4121.567819009493
10718,LOAD,114174291,4379.269585304453
10719,LOAD,104104487,4802.866950393791
10720,LOAD,114534206,4365.508064900717
10721,LOAD,114824809,4354.4596708190475
10722,LOAD,119133309,4196.979032958784
10723,LOAD,116956895,4275.079293101959
10724,LOAD,114734084,4357.902922726956
10725,LOAD,115152547,4342.066354815408
10726,LOAD,117108202,4269.555773727958
10727,LOAD,118414623,4222.451478817781
10728,LOAD,116039047,4308.894401726688
10729,LOAD,113330249,4411.884774028866
10730,LOAD,116764146,4282.136401699885
10731,LOAD,115318675,4335.8111771575595
10732,LOAD,117861601,4242.263771726637
10733,LOAD,110884475,4509.197522917432
10734,LOAD,118012135,4236.852421998805
10735,LOAD,115897574,4314.1541513198545
10736,LOAD,116700607,4284.467860565626
10737,LOAD,114631587,4361.799509937867
10738,LOAD,114329119,4373.339044097768
10739,LOAD,115675819,4322.4245509772445
10740,LOAD,113217575,4416.275476665173
10741,LOAD,114195728,4378.44750199412
10742,LOAD,118213023,4229.652430088012
10743,LOAD,112279467,4453.173971693328
10744,LOAD,116250773,4301.046669169245
10745,LOAD,108960029,4588.838719930957
10746,LOAD,115265202,4337.822615363135
10747,LOAD,119662891,4178.4048155747805
10748,LOAD,112069909,4461.500901191951
10749,LOAD,113722466,4396.668640653642
10750,LOAD,120548451,4147.709869785054
10751,LOAD,117144830,4268.220799842384
10752,LOAD,115520078,4328.251925176159
10753,LOAD,108731757,4598.4725511241395
10754,LOAD,114904215,4351.450466808376
10755,LOAD,108627657,4602.879356957869
10756,LOAD,116887171,4277.629407251203
10757,LOAD,117274876,4263.487773800758
10758,LOAD,116694552,4284.69017131151
10759,LOAD,115245400,4338.567960196242
10760,LOAD,116406553,4295.290832982572
10761,LOAD,112117400,4459.611086236392
10762,LOAD,118306683,4226.303935847816
10763,LOAD,110742673,4514.971387768471
10764,LOAD,119695526,4177.265572983905
10765,LOAD,114644488,4361.308674517349
10766,LOAD,121962990,4099.604314390784
10767,LOAD,112337703,4450.865440964197
10768,LOAD,113664019,4398.929444858007
10769,LOAD,111629053,4479.120681960816
10770,LOAD,115146543,4342.292759931143
10771,LOAD,116969904,4274.603833136428
10772,LOAD,117678943,4248.848496200378
10773,LOAD,112703164,4436.432680807436
10774,LOAD,114881166,4352.323513150972
10775,LOAD,117727316,4247.102686007043
10776,LOAD,114345888,4372.6976872137275
10777,LOAD,110611427,4520.328627529595
10778,LOAD,114536227,4365.431035195528
10779,LOAD,116350322,4297.366706041433
10780,LOAD,125372811,3988.105523134518
10781,LOAD,113175676,4417.910435100914
10782,LOAD,114908759,4351.278391232126
10783,LOAD,112233617,4454.993195131544
10784,LOAD,122235118,4090.4775009093546
10785,LOAD,117843153,4242.927885678687
10786,LOAD,118203620,4229.988895433152
10787,LOAD,116228836,4301.858447588686
10788,LOAD,113650817,4399.440436930603
10789,LOAD,115289684,4336.901469866116
10790,LOAD,116710885,4284.090554192953
10791,LOAD,109211069,4578.290502769459
10792,LOAD,120113819,4162.718362988692
10793,LOAD,120558214,4147.373981502413
10794,LOAD,116777171,4281.658784147117
10795,LOAD,119186288,4195.11345130574
10796,LOAD,116925420,4276.230096073206
10797,LOAD,118073352,4234.655758735468
10798,LOAD,118536818,4218.09871764906
10799,LOAD,113146713,4419.041320272379
10800,LOAD,121875445,4102.549123000125
10801,LOAD,111759334,4473.899244961499
10802,LOAD,115996211,4310.485624396818
10803,LOAD,128459710,3892.27096962931
10804,LOAD,115466944,4330.243640985251
10805,LOAD,115196792,4340.3986458234
10806,LOAD,105965689,4718.5084598468475
10807,LOAD,125070285,3997.7521439245143
10808,LOAD,116633155,4286.9456802398945
10809,LOAD,117042243,4271.961876192
10810,LOAD,117691600,4248.391558955779
10811,LOAD,117359028,4260.4306504651695
10812,LOAD,118294348,4226.744628576845
10813,LOAD,121625254,4110.988331420052
10814,LOAD,120759029,4140.477148089688
10815,LOAD,117492564,4255.588464304856
10816,LOAD,121015414,4131.705073537161
10817,LOAD,122235745,4090.456519081223
10818,LOAD,113827321,4392.618534877053
10819,LOAD,122287660,4088.719990226324
10820,LOAD,118875982,4206.064097960511
10821,LOAD,119781873,4174.254313087924
10822,LOAD,120384034,4153.374690866398
10823,LOAD,118125336,4232.792192861995
10824,LOAD,120326285,4155.368047804352
10825,LOAD,116944070,4275.548131683804
10826,LOAD,120186784,4160.19119040576
10827,LOAD,117886176,4241.379413307969
10828,LOAD,118082567,4234.325292064493
10829,LOAD,113738378,4396.053546675336
10830,LOAD,116266496,4300.465028205545
10831,LOAD,120326406,4155.363869174319
10832,LOAD,117646307,4250.027159798565
10833,LOAD,114315941,4373.843189551315
10834,LOAD,122857804,4069.74554095074
10835,LOAD,114836409,4354.019812653668
10836,LOAD,120080518,4163.87277743089
10837,LOAD,116420402,4294.779878873807
10838,LOAD,122251158,4089.9408085770438
10839,LOAD,111899991,4468.275605133873
10840,LOAD,112432880,4447.097681745768
10841,LOAD,115449443,4330.900063329019
10842,LOAD,121327848,4121.06542926567
10843,LOAD,111686612,4476.81231480099
10844,LOAD,130716500,3825.07181572334
10845,LOAD,122648493,4076.690938224573
10846,LOAD,118978876,4202.426655972107
10847,LOAD,118137338,4232.36216817413
10848,LOAD,113735871,4396.15044579911
10849,LOAD,108586802,4604.611157072293
10850,LOAD,119578570,4181.35122371843
10851,LOAD,114129641,4380.982850896727
10852,LOAD,113070825,4422.007180013058
10853,LOAD,115442753,4331.151042456516
10854,LOAD,116150784,4304.749247323203
10855,LOAD,114442801,4368.994778448318
10856,LOAD,120136760,4161.923461228686
10857,LOAD,117896062,4241.023758707055
10858,LOAD,118149012,4231.943979353801
10859,LOAD,122146610,4093.4414798740627
10860,LOAD,120995970,4132.369036753869
10861,LOAD,118942755,4203.702865298521
10862,LOAD,115478713,4329.802324693383
10863,LOAD,125685058,3978.197631097883
10864,LOAD,122625435,4077.457503004984
10865,LOAD,118852910,4206.880588788276
10866,LOAD,116917521,4276.5190000906705
10867,LOAD,115977397,4311.18487682561
10868,LOAD,116875288,4278.06432442759
10869,LOAD,118301462,4226.490455375776
10870,LOAD,116945014,4275.513618733673
10871,LOAD,113822919,4392.7884154859885
10872,LOAD,117656793,4249.648381968052
10873,LOAD,118744533,4210.720168481356
10874,LOAD,124077764,4029.7309032744975
10875,LOAD,113876518,4390.720833245006
10876,LOAD,121777928,4105.8343511970415
10877,LOAD,116364774,4296.832991743704
10878,LOAD,125756507,3975.937404177424
10879,LOAD,122482036,4082.231291452405
10880,LOAD,122211378,4091.2720908850233
10881,LOAD,115948377,4312.263896544236
10882,LOAD,117774489,4245.401565699002
10883,LOAD,111998769,4464.334782108185
10884,LOAD,118359656,4224.412412959362
10885,LOAD,117779622,4245.216545184701
10886,LOAD,121598019,4111.909092861127
10887,LOAD,118563281,4217.157249553511
10888,LOAD,120387075,4153.2697758459535
10889,LOAD,117119393,4269.147808851776
10890,LOAD,120148492,4161.517066731058
10891,LOAD,116647324,4286.424950477218
10892,LOAD,123176575,4059.2133691004155
10893,LOAD,113870388,4390.957199513538
10894,LOAD,118452842,4221.089098056424
10895,LOAD,119049981,4199.916671973261
10896,LOAD,119608576,4180.302255249657
10897,LOAD,117358172,4260.461725664916
10898,LOAD,118256926,4228.082167466454
10899,LOAD,115180561,4341.010285581088
10900,LOAD,123816789,4038.22457389038
10901,LOAD,113932367,4388.568526799763
10902,LOAD,122822640,4070.9107050621938
10903,LOAD,115262254,4337.933561493601
10904,LOAD,128021921,3905.5811387176423
10905,LOAD,116230244,4301.80633536311
10906,LOAD,115573900,4326.23628691253
10907,LOAD,115049216,4345.966164602112
10908,LOAD,117902034,4240.808941430138
10909,LOAD,121492156,4115.492032259268
10910,LOAD,117041008,4272.006953323574
10911,LOAD,119591705,4180.891977415992
10912,LOAD,118428220,4221.966690033845
10913,LOAD,113574682,4402.389610036505
10914,LOAD,120590684,4146.257268098753
10915,LOAD,119230514,4193.557364015054
10916,LOAD,117120004,4269.125537256642
10917,LOAD,114826196,4354.407072755419
10918,LOAD,120273850,4157.1796363049825
10919,LOAD,117908183,4240.587780069514
10920,LOAD,117565829,4252.936454860536
10921,LOAD,113417557,4408.488537625616
10922,LOAD,120328764,4155.282439367531
10923,LOAD,114138696,4380.635293047329
10924,LOAD,118525032,4218.518160788179
10925,LOAD,119507028,4183.85435875788
10926,LOAD,119771037,4174.631968828991
10927,LOAD,119719846,4176.416999400417
10928,LOAD,120873372,4136.560366662064
10929,LOAD,121497208,4115.320905151993
10930,LOAD,117816019,4243.9050669332155
10931,LOAD,120377971,4153.583881223583
10932,LOAD,122088082,4095.4038413020526
10933,LOAD,121476179,4116.033317116437
10934,LOAD,119341169,4189.669031983422
10935,LOAD,116484424,4292.419388192193
10936,LOAD,121109925,4128.480799571133
10937,LOAD,116726254,4283.526480683599
10938,LOAD,117906347,4240.653813148837
10939,LOAD,115832172,4316.590040286907
10940,LOAD,121268712,4123.075043462159
10941,LOAD,119224282,4193.776566421259
10942,LOAD,117383985,4259.524840633072
10943,LOAD,121378373,4119.349993264451
10944,LOAD,116254051,4300.925393128881
10945,LOAD,117405347,4258.749816564999
10946,LOAD,119950586,4168.383137369583
10947,LOAD,119918416,4169.501371665883
10948,LOAD,119154850,4196.220296530103
10949,LOAD,116270417,4300.32000315265
10950,LOAD,116314296,4298.697728437441
10951,LOAD,118436998,4221.6537774792305
10952,LOAD,115233049,4339.032980026415
10953,LOAD,117166162,4267.443701023509
10954,LOAD,110962736,4506.017227260871
10955,LOAD,117877777,4241.681619089237
10956,LOAD,116872253,4278.175419447079
10957,LOAD,116509978,4291.47793676521
10958,LOAD,117271269,4263.618909078233
10959,LOAD,116452858,4293.582902018601
10960,LOAD,118988845,4202.074572620652
10961,LOAD,122637722,4077.0489849770693
10962,LOAD,113171557,4418.071229681854
10963,LOAD,118257550,4228.059857489015
10964,LOAD,118634369,4214.63024766457
10965,LOAD,117866874,4242.073985944516
10966,LOAD,119069310,4199.234882607449
10967,LOAD,119291056,4191.429070759505
10968,LOAD,112591778,4440.821602444186
10969,LOAD,127996533,3906.35580730925
10970,LOAD,114288211,4374.904424744211
10971,LOAD,123391885,4052.1303325579315
10972,LOAD,118682626,4212.916556126758
10973,LOAD,123806002,4038.576417321028
10974,LOAD,115093597,4344.290325725071
10975,LOAD,117482144,4255.965910870676
10976,LOAD,121572532,4112.771131557908
10977,LOAD,123765672,4039.892418634466
10978,LOAD,119762736,4174.921321102751
10979,LOAD,122301330,4088.2629812774726
10980,LOAD,118113138,4233.22932966187
10981,LOAD,117041407,4271.9923898385805
10982,LOAD,122136890,4093.7672475531344
10983,LOAD,118418807,4222.302290209696
10984,LOAD,119031514,4200.568262955976
10985,LOAD,120963730,4133.470421257678
10986,LOAD,123038052,4063.783454568998
10987,LOAD,119842285,4172.150088760407
10988,LOAD,122964539,4066.2129429038077
10989,LOAD,122775208,4072.4834284133326
10990,LOAD,114359195,4372.188873837386
10991,LOAD,125056856,3998.1814351705752
10992,LOAD,116512868,4291.371490400527
10993,LOAD,113970131,4387.11437473034
10994,LOAD,119693883,4177.322912984618
10995,LOAD,116216520,4302.314335345784
10996,LOAD,118514539,4218.891658516261
10997,LOAD,117249383,4264.414764553601
10998,LOAD,130352116,3835.764353836803
10999,LOAD,115841084,4316.257952144163
11000,LOAD,109648754,4560.015337702789
11001,LOAD,118601150,4215.810723589105
11002,LOAD,116432812,4294.32211943829
11003,LOAD,122052525,4096.596936441913
11004,LOAD,116162154,4304.327896674506
11005,LOAD,119750255,4175.356453311936
11006,LOAD,115246928,4338.510437345453
11007,LOAD,122607376,4078.058077027927
11008,LOAD,118260289,4227.961932344001
11009,LOAD,119084830,4198.68760781705
11010,LOAD,114517089,4366.160582373867
11011,LOAD,122947914,4066.7627756579914
11012,LOAD,371525874,1345.8012886607194
11013,LOAD,112435144,4447.008134751888
11014,LOAD,116870323,4278.246069363563
11015,LOAD,116769687,4281.933204120004
11016,LOAD,126902554,3940.0310256955113
11017,LOAD,120955265,4133.759700332185
11018,LOAD,120881084,4136.296461404995
11019,LOAD,117622269,4250.895721115531
11020,LOAD,119260674,4192.496849380543
11021,LOAD,125556612,3982.267377523694
11022,LOAD,116380036,4296.269507942067
11023,LOAD,116860264,4278.614328648103
11024,LOAD,117555795,4253.299465160352
11025,LOAD,122621147,4077.6000896484848
11026,LOAD,126360117,3956.9447375551263
11027,LOAD,120717281,4141.90906105647
11028,LOAD,122681279,4075.601461572633
11029,LOAD,119709231,4176.787335639972
11030,LOAD,116380791,4296.241636646034
11031,LOAD,122195673,4091.7979149719977
11032,LOAD,121053344,4130.41047424514
11033,LOAD,120875701,4136.480664546467
11034,LOAD,117249103,4264.42494830856
11035,LOAD,122068551,4096.059106984894
11036,LOAD,122132208,4093.924184192265
11037,LOAD,118557267,4217.371171351309
11038,LOAD,117902505,4240.792000136044
11039,LOAD,122662193,4076.23561727777
11040,LOAD,117226317,4265.253850805532
11041,LOAD,121865200,4102.89401732406
11042,LOAD,114872542,4352.650261713544
11043,LOAD,122782631,4072.237220588635
11044,LOAD,112685419,4437.13130267546
11045,LOAD,123508873,4048.2921417313883
11046,LOAD,118919492,4204.525192556322
11047,LOAD,122641474,4076.924254840577
11048,LOAD,131493815,3802.4602145735903
11049,LOAD,117318572,4261.899812418446
11050,LOAD,121927425,4100.8001276169
11051,LOAD,118470592,4220.456668267514
11052,LOAD,127042337,3935.6958617661453
11053,LOAD,119406287,4187.384203647501
11054,LOAD,119217608,4194.011341009292
11055,LOAD,117669776,4249.179500435184
11056,LOAD,122789192,4072.019628567961
11057,LOAD,119875402,4170.997482869755
11058,LOAD,117161700,4267.60622285269
11059,LOAD,115649609,4323.404154353863
11060,LOAD,116571009,4289.231124352711
11061,LOAD,116478701,4292.630289549675
11062,LOAD,119956767,4168.168353520232
11063,LOAD,114207127,4378.010489660597
11064,LOAD,122921769,4067.627760872853
11065,LOAD,111381961,4489.057254073665
11066,LOAD,119002595,4201.589049381654
11067,LOAD,122943530,4066.907790918318
11068,LOAD,115665652,4322.804491691276
11069,LOAD,119479217,4184.82822832694
11070,LOAD,120603827,4145.805422907517
11071,LOAD,115981544,4311.030727440566
11072,LOAD,124351520,4020.8595761435
11073,LOAD,115994735,4310.540474099967
11074,LOAD,120568311,4147.026659434584
11075,LOAD,122384016,4085.5008386062445
11076,LOAD,117175962,4267.086793791375
11077,LOAD,115816605,4317.17023651315
11078,LOAD,119368578,4188.707014671818
11079,LOAD,120409766,4152.4870997590015
11080,LOAD,118799992,4208.75449217202
11081,LOAD,120072951,4164.135184784457
11082,LOAD,123196455,4058.5583408223883
11083,LOAD,115424387,4331.840202885374
11084,LOAD,121435137,4117.4244321065
11085,LOAD,120096838,4163.306947348605
11086,LOAD,120433737,4151.6605932439015
11087,LOAD,120051115,4164.89259595798
11088,LOAD,115886921,4314.550733468878
11089,LOAD,120694699,4142.684012990496
11090,LOAD,116368781,4296.685036169623
11091,LOAD,124797024,4006.5057961638577
11092,LOAD,119936192,4168.883400933723
11093,LOAD,124150835,4027.359139388793
11094,LOAD,120106697,4162.965200849708
11095,LOAD,121403817,4118.486653512714
11096,LOAD,121064421,4130.032555146817
11097,LOAD,121383466,4119.1771538308185
11098,LOAD,120706659,4142.273542671743
11099,LOAD,118256635,4228.092571719126
11100,LOAD,118732337,4211.152687072941
11101,LOAD,118179994,4230.834535327528
11102,LOAD,115388511,4333.187036272614
11103,LOAD,118331818,4225.406221680799
11104,LOAD,120790323,4139.40444550347
11105,LOAD,122673740,4075.85193049466
11106,LOAD,118446668,4221.309121164978
11107,LOAD,114917483,4350.948062445816
11108,LOAD,124400998,4019.2603599530607
11109,LOAD,114985648,4348.368763378191
11110,LOAD,121502809,4115.131198324805
11111,LOAD,116706513,4284.251042613191
11112,LOAD,124061252,4030.2672425069513
11113,LOAD,119582239,4181.22293227843
11114,LOAD,117478107,4256.112162243132
11115,LOAD,115773269,4318.786230351671
11116,LOAD,117307932,4262.2863729283035
11117,LOAD,125467855,3985.084466455571
11118,LOAD,121162464,4126.690589587218
11119,LOAD,116871470,4278.204081800289
11120,LOAD,111950709,4466.25130350894
11121,LOAD,117931711,4239.7417603819895
11122,LOAD,116716068,4283.90031096661
11123,LOAD,120960344,4133.586128028869
11124,LOAD,121100425,4128.804667696253
11125,LOAD,117063618,4271.181845755014
11126,LOAD,124341257,4021.1914537746707
11127,LOAD,123430865,4050.8506523064552
11128,LOAD,116982386,4274.147733659664
11129,LOAD,114182409,4378.958233400032
11130,LOAD,121863056,4102.966201668208
11131,LOAD,121113091,4128.372877544674
11132,LOAD,124550202,4014.4455165155014
11133,LOAD,121134962,4127.62749700619
11134,LOAD,122334308,4087.160896843427
11135,LOAD,117861070,4242.282884416373
11136,LOAD,121895168,4101.885318374556
11137,LOAD,118962165,4203.016984433664
11138,LOAD,121113787,4128.34915318105
11139,LOAD,119217481,4194.015808805758
11140,LOAD,117541415,4253.81981321222
11141,LOAD,119264584,4192.3594015135295
11142,LOAD,118941681,4203.740823202255
11143,LOAD,116206656,4302.679529819704
11144,LOAD,117876721,4241.719618244217
11145,LOAD,114573710,4364.002876401576
11146,LOAD,120902587,4135.5608048320755
11147,LOAD,121006953,4131.993968974659
11148,LOAD,113957013,4387.619391182182
11149,LOAD,119142533,4196.654103367099
11150,LOAD,122059333,4096.368444025497
11151,LOAD,129114630,3872.5278459923557
11152,LOAD,113365846,4410.499437370228
11153,LOAD,121300820,4121.983676614882
11154,LOAD,117964247,4238.572387106409
11155,LOAD,123542002,4047.2065524727377
11156,LOAD,115693848,4321.7509715814795
11157,LOAD,126509311,3952.2782635342946
11158,LOAD,120105323,4163.012825001936
11159,LOAD,115350178,4334.627034559063
11160,LOAD,116069907,4307.748777639668
11161,LOAD,119725754,4176.210909475667
11162,LOAD,109801892,4553.655596389905
11163,LOAD,118885639,4205.722442220293
11164,LOAD,119668495,4178.209143517682
11165,LOAD,113742204,4395.905674555066
11166,LOAD,118397682,4223.055650701
11167,LOAD,114138881,4380.628192771576
11168,LOAD,123830364,4037.7818803795167
11169,LOAD,114722337,4358.349150436153
11170,LOAD,133925520,3733.418395538057
11171,LOAD,118578827,4216.60436900763
11172,LOAD,126024146,3967.4936579217133
11173,LOAD,123037255,4063.809778591046
11174,LOAD,126888259,3940.4749024100015
11175,LOAD,124190383,4026.0766407331234
11176,LOAD,115569613,4326.396766596424
11177,LOAD,124057603,4030.385787802139
11178,LOAD,117576074,4252.5658749245185
11179,LOAD,127771976,3913.2211589182903
11180,LOAD,117689046,4248.483754384414
11181,LOAD,124649658,4011.242453629516
11182,LOAD,115157665,4341.873378554524
11183,LOAD,122280094,4088.9729770734393
11184,LOAD,113716066,4396.916087477032
11185,LOAD,121879434,4102.414850400438
11186,LOAD,116189940,4303.298547189197
11187,LOAD,122259243,4089.670340916474
11188,LOAD,113444027,4407.459900907784
11189,LOAD,121937161,4100.472701672954
11190,LOAD,126337432,3957.655241876374
11191,LOAD,123681588,4042.6389091964115
11192,LOAD,117899717,4240.892283057813
11193,LOAD,118622964,4215.035463116568
11194,LOAD,118276861,4227.369544411565
11195,LOAD,119162003,4195.968407815367
11196,LOAD,116577069,4289.008158199619
11197,LOAD,125600134,3980.8874726200534
11198,LOAD,114108572,4381.791755311774
11199,LOAD,121569198,4112.883923113485
11200,LOAD,115580196,4326.000623843898
11201,LOAD,121632727,4110.735756175228
11202,LOAD,115015621,4347.235581156407
11203,LOAD,116416861,4294.910511287536
11204,LOAD,118014987,4236.75003243444
11205,LOAD,126851876,3941.60508907255
11206,LOAD,114737206,4357.784344164699
11207,LOAD,125646928,3979.404892414083
11208,LOAD,123855126,4036.9746182325957
11209,LOAD,117009111,4273.171513968686
11210,LOAD,114201826,4378.213707371019
11211,LOAD,123884173,4036.028072770845
11212,LOAD,123248073,4056.858560376843
11213,LOAD,116245333,4301.247947734813
11214,LOAD,122977200,4065.7943098395476
11215,LOAD,116350052,4297.376678439302
11216,LOAD,121893534,4101.94030472527
11217,LOAD,111872792,4469.361951742476
11218,LOAD,120852580,4137.272038379321
11219,LOAD,119031088,4200.583296356998
11220,LOAD,122181225,4092.281772424528
11221,LOAD,118770483,4209.800174004513
11222,LOAD,119634790,4179.386280529267
11223,LOAD,118787486,4209.197591739588
11224,LOAD,129404833,3863.843323378811
11225,LOAD,119846478,4172.004120137764
11226,LOAD,118731840,4211.17031455084
11227,LOAD,117024467,4272.610786597302
11228,LOAD,119864391,4171.380639643011
11229,LOAD,116683536,4285.094685509017
11230,LOAD,115998581,4310.397555639064
11231,LOAD,123814575,4038.2967837187184
11232,LOAD,118119099,4233.015695454974
11233,LOAD,131237284,3809.8929264644034
11234,LOAD,118462901,4220.730674154265
11235,LOAD,120879418,4136.35346920681
11236,LOAD,120312658,4155.838698202479
11237,LOAD,122872508,4069.2585195705456
11238,LOAD,114983004,4348.468752825418
11239,LOAD,120498900,4149.415471842482
11240,LOAD,114034931,4384.621410434317
11241,LOAD,122950886,4066.664472836739
11242,LOAD,114334633,4373.128131700916
11243,LOAD,127436461,3923.523896351767
11244,LOAD,121892178,4101.985937112388
11245,LOAD,120763736,4140.315764990907
11246,LOAD,116833407,4279.5978722079035
11247,LOAD,117627279,4250.71466628077
11248,LOAD,117540654,4253.847353954658
11249,LOAD,124753887,4007.891152922554
11250,LOAD,113498627,4405.3396346371665
11251,LOAD,121513798,4114.759049832349
11252,LOAD,121957787,4099.779212950133
11253,LOAD,116004248,4310.186985566253
11254,LOAD,120663901,4143.741382934404
11255,LOAD,115862541,4315.458608835447
11256,LOAD,124752460,4007.9369977954743
11257,LOAD,117349130,4260.790003300408
11258,LOAD,116913219,4276.676361122175
11259,LOAD,124369722,4020.2711074645645
11260,LOAD,115006272,4347.588973234434
11261,LOAD,122320331,4087.6279185346552
11262,LOAD,118254532,4228.167762737415
11263,LOAD,118149414,4231.929580285519
11264,LOAD,117194400,4266.4154601243745
11265,LOAD,122951683,4066.638111818282
11266,LOAD,112113648,4459.76033176621
11267,LOAD,120771232,4140.058784860289
11268,LOAD,121950246,4100.032729741275
11269,LOAD,115740173,4320.021190913547
11270,LOAD,118435352,4221.712449505786
11271,LOAD,117951873,4239.017043841262
11272,LOAD,119321805,4190.348947537292
11273,LOAD,119955953,4168.196637977609
11274,LOAD,116769248,4281.949302268351
11275,LOAD,121815252,4104.576330064154
11276,LOAD,114898311,4351.6740642079585
11277,LOAD,115993125,4310.600304974972
11278,LOAD,116287617,4299.683946571887
11279,LOAD,118109227,4233.369506346867
11280,LOAD,118646073,4214.214489846621
11281,LOAD,115166739,4341.531281874709
11282,LOAD,124915988,4002.690192067328
11283,LOAD,114331508,4373.247661528264
11284,LOAD,129136354,3871.876388890459
11285,LOAD,115137687,4342.626754348469
11286,LOAD,119905662,4169.944868825294
11287,LOAD,115893170,4314.318091393997
11288,LOAD,121110293,4128.468254964919
11289,LOAD,117968958,4238.403122963924
11290,LOAD,117870118,4241.957236354001
11291,LOAD,116298851,4299.268614442287
11292,LOAD,125607208,3980.6632753113977
11293,LOAD,118000018,4237.287489227332
11294,LOAD,118531671,4218.281880122993
11295,LOAD,114802358,4355.311238467767
11296,LOAD,123948249,4033.9416170372847
11297,LOAD,116284696,4299.791951986528
11298,LOAD,119431698,4186.493270823295
11299,LOAD,115060445,4345.542032277035
11300,LOAD,123549056,4046.9754783071753
11301,LOAD,113119963,4420.086311379009
11302,LOAD,120258889,4157.696816906399
11303,LOAD,120403386,4152.707134000368
11304,LOAD,119414875,4187.0830581198525
11305,LOAD,118191659,4230.416970456435
11306,LOAD,118658699,4213.766072051742
11307,LOAD,120006491,4166.441296912848
11308,LOAD,118233197,4228.930729158918
11309,LOAD,113130150,4419.688297063161
11310,LOAD,129424626,3863.2524230744157
11311,LOAD,119985486,4167.170685961133
11312,LOAD,122259189,4089.6721472608497
11313,LOAD,118990547,4202.014467586237
11314,LOAD,126029303,3967.331311829916
11315,LOAD,121305785,4121.8149653786095
11316,LOAD,118126055,4232.766429049036
11317,LOAD,114944187,4349.937243890376
11318,LOAD,124547639,4014.528127666876
11319,LOAD,126423370,3954.9649720617317
11320,LOAD,122612330,4077.8933081199907
11321,LOAD,119377964,4188.377680825583
11322,LOAD,123395683,4052.005611898109
11323,LOAD,129201935,3869.9110814400733
11324,LOAD,115354941,4334.448058015998
11325,LOAD,124997250,4000.0880019360425
11326,LOAD,118495919,4219.55459917569
11327,LOAD,117606406,4251.469090892889
11328,LOAD,119072447,4199.124252481349
11329,LOAD,118057955,4235.20803828933
11330,LOAD,115243457,4338.641108275674
11331,LOAD,126539942,3951.3215518938678
11332,LOAD,114331155,4373.2611640283
11333,LOAD,115282615,4337.167403775496
11334,LOAD,124955143,4001.435939295432
11335,LOAD,119438132,4186.267749063591
11336,LOAD,113817265,4393.006632166042
11337,LOAD,127674420,3916.2112504603506
11338,LOAD,113613560,4400.88313402027
11339,LOAD,119665402,4178.317137981118
11340,LOAD,123000737,4065.0162933576567
11341,LOAD,117203901,4266.069608041459
11342,LOAD,116629846,4287.067308654425
11343,LOAD,119716807,4176.52301735712
11344,LOAD,114081123,4382.846055959671
11345,LOAD,126498560,3952.6141641454255
11346,LOAD,117576368,4252.555241372995
11347,LOAD,118917270,4204.6037551988875
11348,LOAD,114533788,4365.523997163178
11349,LOAD,118827903,4207.765915047748
11350,LOAD,121822041,4104.347586821336
11351,LOAD,119863955,4171.395812861339
11352,LOAD,114843481,4353.751694447506
11353,LOAD,119795178,4173.790701325224
11354,LOAD,117385656,4259.464205745888
11355,LOAD,115933654,4312.811532706456
11356,LOAD,113878644,4390.63886289338
11357,LOAD,121815987,4104.551564319715
11358,LOAD,117204763,4266.038232592988
11359,LOAD,122922130,4067.615814987911
11360,LOAD,123863109,4036.714434481053
11361,LOAD,120877745,4136.410718118543
11362,LOAD,121605843,4111.644536685626
11363,LOAD,119601410,4180.552720908558
11364,LOAD,115076350,4344.941423672197
11365,LOAD,122262230,4089.570425797075
11366,LOAD,120469183,4150.4390380069235
11367,LOAD,119875691,4170.987427300836
11368,LOAD,124323747,4021.7578062540215
11369,LOAD,117386816,4259.422114319891
11370,LOAD,116982731,4274.135128543033
11371,LOAD,118809170,4208.429366184445
11372,LOAD,114429229,4369.512967705131
11373,LOAD,120011823,4166.256186275914
11374,LOAD,119165743,4195.836717939987
11375,LOAD,116847804,4279.070576285713
11376,LOAD,122350839,4086.608674583752
11377,LOAD,119833132,4172.46876264571
11378,LOAD,117514482,4254.79474095797
11379,LOAD,117851910,4242.612614424323
11380,LOAD,118153254,4231.792041884855
11381,LOAD,115505014,4328.816409649541
11382,LOAD,116547666,4290.0902022353675
11383,LOAD,118000518,4237.269534698144
11384,LOAD,117222001,4265.410893301506
11385,LOAD,114693866,4359.431044028109
11386,LOAD,111113417,4499.906613438052
11387,LOAD,115703241,4321.400123960227
11388,LOAD,117925899,4239.950716848044
11389,LOAD,119837591,4172.313510541113
11390,LOAD,115186948,4340.769580942452
11391,LOAD,119061021,4199.527232342481
11392,LOAD,108481407,4609.084762331669
11393,LOAD,124393810,4019.4926098010824
11394,LOAD,118566023,4217.059722075691
11395,LOAD,115538184,4327.573644397942
11396,LOAD,114609507,4362.639828823276
11397,LOAD,118565378,4217.082663035072
11398,LOAD,112532815,4443.148427416483
11399,LOAD,122711226,4074.606833444888
11400,LOAD,114002762,4385.858651389516
11401,LOAD,119359224,4189.035277240073
11402,LOAD,119710030,4176.759457833233
11403,LOAD,116726505,4283.517269706653
11404,LOAD,122858635,4069.7180137155196
11405,LOAD,121954670,4099.883997882164
11406,LOAD,118414675,4222.449624592559
11407,LOAD,116206008,4302.703522867768
11408,LOAD,119520591,4183.379581849625
11409,LOAD,119914533,4169.636385941644
11410,LOAD,118576136,4216.700061806703
11411,LOAD,120514614,4148.8744261339125
11412,LOAD,117439312,4257.518129874603
11413,LOAD,114999377,4347.849640959359
11414,LOAD,127748623,3913.936512646402
11415,LOAD,117837321,4243.1378764967
11416,LOAD,114152592,4380.102030447105
11417,LOAD,125217316,3993.0579569362435
11418,LOAD,115698240,4321.586914373113
11419,LOAD,124442592,4017.91695242092
11420,LOAD,115734223,4320.243287069893
11421,LOAD,123098622,4061.783892268104
11422,LOAD,114982038,4348.505285669054
11423,LOAD,116216191,4302.326514900148
11424,LOAD,119928401,4169.154227279325
11425,LOAD,123421860,4051.1462070009316
11426,LOAD,120995873,4132.372349592453
11427,LOAD,116928552,4276.115554736365
11428,LOAD,123309654,4054.832559987558
11429,LOAD,115378095,4333.578223838762
11430,LOAD,119746349,4175.492649049367
11431,LOAD,118917925,4204.58059623896
11432,LOAD,116509198,4291.506667138847
11433,LOAD,122852630,4069.916940321098
11434,LOAD,125124015,3996.0354533060663
11435,LOAD,126366290,3956.751440593848
11436,LOAD,124160947,4027.0311404760787
11437,LOAD,125793795,3974.758850386857
11438,LOAD,126471891,3953.4476479046243
11439,LOAD,128108469,3902.9425915627794
11440,LOAD,117679417,4248.831382296872
11441,LOAD,131920910,3790.14971925224
11442,LOAD,125347223,3988.9196428388364
11443,LOAD,117574332,4252.628881616781
11444,LOAD,125239847,3992.339594602028
11445,LOAD,123116906,4061.1806797678946
11446,LOAD,121128345,4127.8529810673135
11447,LOAD,121391201,4118.914681468552
11448,LOAD,121059602,4130.196958684864
11449,LOAD,116406224,4295.302972803241
11450,LOAD,126788773,3943.5668330034237
11451,LOAD,125859515,3972.6833525458924
11452,LOAD,116707539,4284.2133788803485
11453,LOAD,125251170,3991.9786777241284
11454,LOAD,118624253,4214.9896615155085
11455,LOAD,123651089,4043.636041086545
11456,LOAD,117697362,4248.183574411804
11457,LOAD,121358588,4120.021567818505
11458,LOAD,132150397,3783.5678995349517
11459,LOAD,121273324,4122.918243751611
11460,LOAD,119323013,4190.306525364055
11461,LOAD,119921107,4169.407809085685
11462,LOAD,120846570,4137.477795191043
11463,LOAD,118325711,4225.624302396966
11464,LOAD,126421540,3955.0222216878547
11465,LOAD,116776057,4281.6996295738945
11466,LOAD,113526920,4404.241742839496
11467,LOAD,119133757,4196.963250306964
11468,LOAD,111953596,4466.136130187368
11469,LOAD,120527886,4148.417570353801
11470,LOAD,125762316,3975.7537544076395
11471,LOAD,121272066,4122.961012307649
11472,LOAD,128232241,3899.1754031655732
11473,LOAD,108981309,4587.942690246086
11474,LOAD,118015435,4236.733949249943
11475,LOAD,126996356,3937.120841483042
11476,LOAD,132019663,3787.3146214590774
11477,LOAD,116994650,4273.699694815105
11478,LOAD,120976753,4133.025458205181
11479,LOAD,124040896,4030.9286382452447
11480,LOAD,124875475,4003.9887736162764
11481,LOAD,124145587,4027.5293877340964
11482,LOAD,119246222,4193.004957423305
11483,LOAD,118768144,4209.883081106327
11484,LOAD,122100325,4094.9931951450585
11485,LOAD,120729969,4141.473771106493
11486,LOAD,122764202,4072.8485328320708
11487,LOAD,119247562,4192.957840094039
11488,LOAD,120938151,4134.3446701115845
11489,LOAD,128495869,3891.175676628173
11490,LOAD,120495340,4149.538065123515
11491,LOAD,119684911,4177.636059736887
11492,LOAD,121457278,4116.673848066972
11493,LOAD,123254952,4056.6321424554203
11494,LOAD,120016726,4166.085983715304
11495,LOAD,120492755,4149.6270875373375
11496,LOAD,123655801,4043.4819552056438
11497,LOAD,121322507,4121.246851583771
11498,LOAD,120673345,4143.4170901618745
11499,LOAD,113290587,4413.429334601294
11500,LOAD,130622698,3827.818653692178
11501,LOAD,121469939,4116.244760771635
11502,LOAD,122332588,4087.2183624530203
11503,LOAD,119161650,4195.98083779471
11504,LOAD,126800367,3943.2062527074545
11505,LOAD,119360597,4188.987090940907
11506,LOAD,124626718,4011.980801741084
11507,LOAD,120819423,4138.407447948167
11508,LOAD,115733947,4320.2535898996
11509,LOAD,122953303,4066.584530876735
11510,LOAD,126192081,3962.213762050568
11511,LOAD,122598633,4078.3488996977644
11512,LOAD,510241305,979.9285065720032
11513,LOAD,117278128,4263.369551737729
11514,LOAD,122525472,4080.784116465187
11515,LOAD,122119966,4094.3345824383873
11516,LOAD,120649926,4144.221356588317
11517,LOAD,129032216,3875.0012632504117
11518,LOAD,113894212,4390.038714171006
11519,LOAD,125685002,3978.199403616988
11520,LOAD,118775595,4209.618987806375
11521,LOAD,113317004,4412.400454922017
11522,LOAD,119948441,4168.457679245702
11523,LOAD,120958191,4133.659703955063
11524,LOAD,111218624,4495.649937190376
11525,LOAD,111694130,4476.510985850375
11526,LOAD,123411423,4051.4888155855715
11527,LOAD,118682658,4212.9154202124455
11528,LOAD,120505564,4149.186007709985
11529,LOAD,117391682,4259.245557108552
11530,LOAD,116981116,4274.194135744097
11531,LOAD,115284099,4337.111573383594
11532,LOAD,120971653,4133.199700924976
11533,LOAD,123637578,4044.0779258875486
11534,LOAD,120456585,4150.873113329587
11535,LOAD,120898089,4135.714667913403
11536,LOAD,121543604,4113.749992142737
11537,LOAD,125655480,3979.134057663064
11538,LOAD,113410075,4408.779378728036
11539,LOAD,120852203,4137.2849446526025
11540,LOAD,121811315,4104.708991935601
11541,LOAD,117295875,4262.724499049945
11542,LOAD,127183590,3931.324788048521
11543,LOAD,116327163,4298.222247541617
11544,LOAD,120875567,4136.485250158123
11545,LOAD,114528683,4365.71858597204
11546,LOAD,112683029,4437.225413952974
11547,LOAD,124268936,4023.53167327352
11548,LOAD,124399789,4019.2994218020744
11549,LOAD,115035585,4346.481134511551
11550,LOAD,123051444,4063.341182733296
11551,LOAD,126659873,3947.5801463972725
11552,LOAD,112437677,4446.907952393929
11553,LOAD,121955724,4099.848564713535
11554,LOAD,114968352,4349.022938069078
11555,LOAD,127978447,3906.907856132994
11556,LOAD,123521067,4047.892494322446
11557,LOAD,126837631,3942.047766565429
11558,LOAD,114650775,4361.069517410589
11559,LOAD,112670809,4437.706664554082
11560,LOAD,113539389,4403.758064965455
11561,LOAD,122716605,4074.4282324303217
11562,LOAD,127913484,3908.892044563496
11563,LOAD,122263014,4089.5442018139684
11564,LOAD,123024270,4064.2387067202267
11565,LOAD,123103372,4061.6271664759925
11566,LOAD,123608596,4045.02612423492
11567,LOAD,120100079,4163.194597066002
11568,LOAD,126753586,3944.6615735195055
11569,LOAD,119927890,4169.17199160262
11570,LOAD,125249905,3992.0189959425516
11571,LOAD,121020777,4131.52197824676
11572,LOAD,124837534,4005.2056779654104
11573,LOAD,120556712,4147.425653081846
11574,LOAD,125367398,3988.277717943863
11575,LOAD,123972284,4033.159540724441
11576,LOAD,122962895,4066.2673077109966
11577,LOAD,122948531,4066.742367178019
11578,LOAD,120111164,4162.810377892933
11579,LOAD,115917527,4313.4115516456795
11580,LOAD,126261563,3960.0333475992215
11581,LOAD,124536038,4014.902096050301
11582,LOAD,115102953,4343.93720550332
11583,LOAD,116965381,4274.769130192462
11584,LOAD,119291871,4191.400434988567
11585,LOAD,123856506,4036.9296385609327
11586,LOAD,119524214,4183.252775876861
11587,LOAD,121262674,4123.280342638659
11588,LOAD,117216269,4265.61947642268
11589,LOAD,117713119,4247.614915377444
11590,LOAD,125795606,3974.701628290578
11591,LOAD,113792854,4393.949026008258
11592,LOAD,121944613,4100.222122973157
11593,LOAD,122570291,4079.291938696629
11594,LOAD,115692882,4321.78705687356
11595,LOAD,119511518,4183.697173020596
11596,LOAD,116978283,4274.297648906336
11597,LOAD,124888879,4003.559035868998
11598,LOAD,114414315,4370.082537311873
11599,LOAD,113852279,4391.655611917966
11600,LOAD,117231010,4265.083103864754
11601,LOAD,111252337,4494.2876121334875
11602,LOAD,117744310,4246.489702984373
11603,LOAD,112870210,4429.866835545004
11604,LOAD,116551272,4289.9574703912285
11605,LOAD,113396617,4409.302616144183
11606,LOAD,117775125,4245.37864001418
11607,LOAD,110122506,4540.3979455389435
11608,LOAD,113963537,4387.368215853111
11609,LOAD,116892647,4277.429015701903
11610,LOAD,113844049,4391.973092945771
11611,LOAD,119634821,4179.385197558828
11612,LOAD,116105793,4306.417337849801
11613,LOAD,114325152,4373.490795796187
11614,LOAD,112761094,4434.153503335113
11615,LOAD,121135495,4127.609335314971
11616,LOAD,111377840,4489.223349994936
11617,LOAD,119999944,4166.668611112019
11618,LOAD,115174720,4341.23043667916
11619,LOAD,111652263,4478.189573282541
11620,LOAD,117121991,4269.053110615238
11621,LOAD,120314114,4155.788405672837
11622,LOAD,109545958,4564.2943758819465
11623,LOAD,119777694,4174.399951296441
11624,LOAD,109964329,4546.929031868143
11625,LOAD,110013730,4544.887260890073
11626,LOAD,109552347,4564.028190103494
11627,LOAD,120525940,4148.484550296807
11628,LOAD,110472591,4526.009532989047
11629,LOAD,107105141,4668.309992701471
11630,LOAD,122787087,4072.089437222336
11631,LOAD,121387368,4119.044742777518
11632,LOAD,121619216,4111.192428670153
11633,LOAD,111737284,4474.782114804222
11634,LOAD,118444040,4221.402782275917
11635,LOAD,121719654,4107.800043532822
11636,LOAD,115540396,4327.490793782636
11637,LOAD,109158420,4580.498691717964
11638,LOAD,117309667,4262.223334075273
11639,LOAD,120055211,4164.750499668023
11640,LOAD,114752060,4357.220253823766
11641,LOAD,117415047,4258.397988802917
11642,LOAD,119519055,4183.433344582585
11643,LOAD,115121929,4343.221177261546
11644,LOAD,110479568,4525.723706667644
11645,LOAD,114684511,4359.786649829287
11646,LOAD,114593422,4363.252194353703
11647,LOAD,111945241,4466.469458938411
11648,LOAD,112575396,4441.467831923061
11649,LOAD,114967067,4349.071547593712
11650,LOAD,120157845,4161.193137243764
11651,LOAD,119435722,4186.3522204855935
11652,LOAD,109992387,4545.7691540051765
11653,LOAD,117551419,4253.457799603423
11654,LOAD,118232861,4228.942747143707
11655,LOAD,117166495,4267.431572481535
11656,LOAD,111212910,4495.880918860948
11657,LOAD,119251705,4192.81216985535
11658,LOAD,116116072,4306.036118755378
11659,LOAD,116089417,4307.024816913328
11660,LOAD,117516314,4254.7284115803695
11661,LOAD,109770897,4554.941370297812
11662,LOAD,108290508,4617.209848161392
11663,LOAD,112777523,4433.507552741693
11664,LOAD,123191208,4058.7312042593176
11665,LOAD,109314787,4573.946615291854
11666,LOAD,109359121,4572.09234518262
11667,LOAD,112439871,4446.821181429495
11668,LOAD,116454809,4293.510970422871
11669,LOAD,109468896,4567.507468057411
11670,LOAD,113069248,4422.06885465445
11671,LOAD,116784420,4281.39301458191
11672,LOAD,114504886,4366.625892278518
11673,LOAD,115898781,4314.109222598295
11674,LOAD,113154067,4418.754122200486
11675,LOAD,115465065,4330.314108427514
11676,LOAD,108737460,4598.231373070514
11677,LOAD,106318030,4702.871187511657
11678,LOAD,112173596,4457.376939221954
11679,LOAD,116226421,4301.9478333588195
11680,LOAD,118141620,4232.208767748402
11681,LOAD,115326082,4335.532702827795
11682,LOAD,113907110,4389.541618604844
11683,LOAD,120336156,4155.027189002115
11684,LOAD,113317872,4412.366656514693
11685,LOAD,107721631,4641.593293365564
11686,LOAD,117033131,4272.294483858593
11687,LOAD,114979524,4348.6003647049365
11688,LOAD,121396119,4118.747815982487
11689,LOAD,115575781,4326.1658772610845
11690,LOAD,118459698,4220.844797358845
11691,LOAD,111090559,4500.832514489372
11692,LOAD,114909714,4351.242228311525
11693,LOAD,113523021,4404.393008533485
11694,LOAD,114662501,4360.623531140316
11695,LOAD,114319122,4373.721484669905
11696,LOAD,111693846,4476.522368116861
11697,LOAD,108268563,4618.145712343111
11698,LOAD,116655417,4286.127578627575
11699,LOAD,116102051,4306.556134826593
11700,LOAD,115634622,4323.964495685384
11701,LOAD,117942605,4239.350148320024
11702,LOAD,114781857,4356.089133494329
11703,LOAD,110054403,4543.2075988818
11704,LOAD,110620021,4519.977446035741
11705,LOAD,110517252,4524.180532465646
11706,LOAD,113399424,4409.193471741091
11707,LOAD,116687414,4284.952274287268
11708,LOAD,108858608,4593.1140328379
11709,LOAD,111396562,4488.46886315935
11710,LOAD,116313604,4298.723303251784
11711,LOAD,115934489,4312.780470356841
11712,LOAD,120644524,4144.406918958046
11713,LOAD,117651165,4249.851669552103
11714,LOAD,115017960,4347.147175971475
11715,LOAD,111849148,4470.306738501038
11716,LOAD,121555748,4113.339008863653
11717,LOAD,107625224,4645.751074116231
11718,LOAD,122688219,4075.370920495635
11719,LOAD,112573176,4441.555419916375
11720,LOAD,120281229,4156.924602092318
11721,LOAD,113002338,4424.687213108812
11722,LOAD,117056054,4271.457843607132
11723,LOAD,112939074,4427.165747790707
11724,LOAD,118025664,4236.366761723959
11725,LOAD,112833814,4431.295746149289
11726,LOAD,114596830,4363.122435411172
11727,LOAD,109970675,4546.6666454488895
11728,LOAD,107937136,4632.325986489025
11729,LOAD,117769514,4245.580906447487
11730,LOAD,117502837,4255.216408094045
11731,LOAD,112595275,4440.6836787778175
11732,LOAD,118536345,4218.115549285749
11733,LOAD,113273611,4414.090762940364
11734,LOAD,111570420,4481.4745700518115
11735,LOAD,111518154,4483.574934355531
11736,LOAD,113222036,4416.101473391629
11737,LOAD,116140356,4305.135761767426
11738,LOAD,112799709,4432.63554873178
11739,LOAD,118247851,4228.406654087947
11740,LOAD,120235314,4158.512032496542
11741,LOAD,115839066,4316.33314446786
11742,LOAD,118725622,4211.390865570702
11743,LOAD,111093196,4500.72567900558
11744,LOAD,119564515,4181.84274824349
11745,LOAD,117689705,4248.459965126091
11746,LOAD,114595672,4363.166525172085
11747,LOAD,109810407,4553.302493451281
11748,LOAD,119598627,4180.650000271325
11749,LOAD,116702942,4284.38213665599
11750,LOAD,115829934,4316.673442980637
11751,LOAD,117790831,4244.81256949448
11752,LOAD,114722546,4358.341210453959
11753,LOAD,113338358,4411.569117668
11754,LOAD,116562766,4289.534447046323
11755,LOAD,111908405,4467.939651181696
11756,LOAD,118430689,4221.878672005361
11757,LOAD,110666628,4518.07386776075
11758,LOAD,107263120,4661.434424059266
11759,LOAD,118926137,4204.290264637117
11760,LOAD,116152941,4304.669306651477
11761,LOAD,111729010,4475.113491115691
11762,LOAD,124282370,4023.096759419699
11763,LOAD,110396748,4529.118919336283
11764,LOAD,125094629,3996.974162655697
11765,LOAD,112805716,4432.399507131358
11766,LOAD,111620019,4479.483200948031
11767,LOAD,115845362,4316.098559042873
11768,LOAD,108796394,4595.740553680484
11769,LOAD,121409964,4118.278134074729
11770,LOAD,112943432,4426.994922555567
11771,LOAD,110224764,4536.1857159431065
11772,LOAD,118605002,4215.67380438137
11773,LOAD,120490862,4149.692281228762
11774,LOAD,112913631,4428.163327773952
11775,LOAD,118768380,4209.874715812407
11776,LOAD,112318086,4451.642810223814
11777,LOAD,111100407,4500.433558267703
11778,LOAD,108911983,4590.863064168064
11779,LOAD,120931057,4134.587197067168
11780,LOAD,116667331,4285.6898817716165
11781,LOAD,119966050,4167.84581971316
11782,LOAD,115591025,4325.595347908716
11783,LOAD,128857076,3880.268088653509
11784,LOAD,120111097,4162.81269997892
11785,LOAD,120380174,4153.507869161246
11786,LOAD,122546423,4080.086450177334
11787,LOAD,117597054,4251.807192380857
11788,LOAD,123906094,4035.314033868262
11789,LOAD,119554245,4182.201978691764
11790,LOAD,126797764,3943.2872018153257
11791,LOAD,113570792,4402.540399647824
11792,LOAD,122659363,4076.3296642915057
11793,LOAD,116919099,4276.461282001497
11794,LOAD,122803392,4071.5487728547437
11795,LOAD,117178152,4267.007044111772
11796,LOAD,114694495,4359.407136323326
11797,LOAD,118936607,4203.920160594459
11798,LOAD,119897772,4170.21927646829
11799,LOAD,124040232,4030.9502162169447
11800,LOAD,115425264,4331.8072896068925
11801,LOAD,120156562,4161.237569363877
11802,LOAD,120872693,4136.5836037094
11803,LOAD,117163279,4267.5487086700605
11804,LOAD,120489805,4149.728684514013
11805,LOAD,115328847,4335.428758773596
11806,LOAD,118774748,4209.649007211533
11807,LOAD,115350560,4334.612679817073
11808,LOAD,115307844,4336.2184449481165
11809,LOAD,116664902,4285.779111184614
11810,LOAD,114596436,4363.137436490608
11811,LOAD,121649654,4110.163765858307
11812,LOAD,118850002,4206.983521969146
11813,LOAD,117734043,4246.8600182191985
11814,LOAD,117093554,4270.089880438679
11815,LOAD,122132912,4093.900585945253
11816,LOAD,117932479,4239.714150331733
11817,LOAD,121264172,4123.229406951296
11818,LOAD,129565798,3859.0431095095014
11819,LOAD,120719357,4141.837833016291
11820,LOAD,112350158,4450.372023508859
11821,LOAD,118032008,4236.139064922118
11822,LOAD,120081391,4163.842505788428
11823,LOAD,115563158,4326.6384257169575
11824,LOAD,120583901,4146.490500419289
11825,LOAD,127393389,3924.850448872194
11826,LOAD,115009509,4347.4666081741125
11827,LOAD,116033940,4309.084049029103
11828,LOAD,113483895,4405.9115172245365
11829,LOAD,117990961,4237.612743911799
11830,LOAD,117097235,4269.955648397676
11831,LOAD,122612613,4077.883896006686
11832,LOAD,115356466,4334.390757081619
11833,LOAD,121653419,4110.03656214545
11834,LOAD,122365813,4086.1085930920917
11835,LOAD,122110309,4094.658379744171
11836,LOAD,114546827,4365.027064433658
11837,LOAD,124122452,4028.28007297181
11838,LOAD,118955905,4203.238166276824
11839,LOAD,119093513,4198.381485312303
11840,LOAD,118698754,4212.344132946838
11841,LOAD,115490377,4329.365034456507
11842,LOAD,120675680,4143.33691759599
11843,LOAD,112456285,4446.17212812961
11844,LOAD,114964954,4349.151481415806
11845,LOAD,113144551,4419.125760638707
11846,LOAD,119826282,4172.70728636978
11847,LOAD,122484110,4082.162167810992
11848,LOAD,119939319,4168.7747118190655
11849,LOAD,117835572,4243.200856189675
11850,LOAD,122407824,4084.7062194325094
11851,LOAD,118252029,4228.257258909274
11852,LOAD,117702608,4247.994233058965
11853,LOAD,120229182,4158.724127391967
11854,LOAD,115297068,4336.623720561567
11855,LOAD,120215957,4159.181630105894
11856,LOAD,121193301,4125.640574803718
11857,LOAD,122531573,4080.5809291291803
11858,LOAD,120588761,4146.323387467261
11859,LOAD,117911309,4240.475355930448
11860,LOAD,118451251,4221.145794399419
11861,LOAD,112658052,4438.209174786725
11862,LOAD,120750987,4140.752903328235
11863,LOAD,129345431,3865.6177967353174
11864,LOAD,114623503,4362.107132600895
11865,LOAD,112483268,4445.1055600553855
11866,LOAD,119787578,4174.055510163166
11867,LOAD,113152060,4418.832498498039
11868,LOAD,116654654,4286.155612788496
11869,LOAD,112526416,4443.401094370588
11870,LOAD,117699060,4248.122287467717
11871,LOAD,118711986,4211.874612223234
11872,LOAD,116612237,4287.714676119283
11873,LOAD,113554827,4403.159365475499
11874,LOAD,118945586,4203.602813811014
11875,LOAD,111712530,4475.773666570795
11876,LOAD,116946222,4275.469454669515
11877,LOAD,116371354,4296.590035379325
11878,LOAD,118621519,4215.086808996267
11879,LOAD,114384604,4371.217650934911
11880,LOAD,117847142,4242.784267097457
11881,LOAD,124298277,4022.5819059422683
11882,LOAD,117173895,4267.16206711401
11883,LOAD,117491690,4255.620120878337
11884,LOAD,128608852,3887.757275059107
11885,LOAD,115380319,4333.494692452705
11886,LOAD,118167217,4231.292000386198
11887,LOAD,113829266,4392.543478229931
11888,LOAD,125235997,3992.4623269458216
11889,LOAD,115573154,4326.26421184283
11890,LOAD,114507900,4366.510956885944
11891,LOAD,124997252,4000.0879379332277
11892,LOAD,113887208,4390.308699112195
11893,LOAD,117529650,4254.245630783382
11894,LOAD,118496772,4219.52422467677
11895,LOAD,115395845,4332.911639929497
11896,LOAD,117931070,4239.764804983114
11897,LOAD,118990083,4202.030853277075
11898,LOAD,124647066,4011.325866266279
11899,LOAD,117260962,4263.993672506285
11900,LOAD,115078792,4344.849222956737
11901,LOAD,118104117,4233.552671157095
11902,LOAD,113824647,4392.721727483152
11903,LOAD,118092955,4233.952821317749
11904,LOAD,117149384,4268.054879400817
11905,LOAD,116201531,4302.86929696305
11906,LOAD,116864005,4278.477363496143
11907,LOAD,114220021,4377.51626748519
11908,LOAD,121073507,4129.72261553471
11909,LOAD,115127460,4343.012518473004
11910,LOAD,117466302,4256.539888350278
11911,LOAD,115399014,4332.792652803775
11912,LOAD,121115305,4128.297410471781
11913,LOAD,124396589,4019.402814975899
11914,LOAD,120246202,4158.135489385353
11915,LOAD,113772057,4394.752219343279
11916,LOAD,118728277,4211.296690509541
11917,LOAD,110238041,4535.639380601838
11918,LOAD,135264563,3696.4596558819326
11919,LOAD,117369882,4260.036659149065
11920,LOAD,119036845,4200.380142803684
11921,LOAD,115735967,4320.178186267714
11922,LOAD,117124064,4268.977551871833
11923,LOAD,120051033,4164.895440758098
11924,LOAD,116669708,4285.602566177675
11925,LOAD,120336942,4155.000049776901
11926,LOAD,117544762,4253.69868884502
11927,LOAD,120840991,4137.6688147153645
11928,LOAD,114040000,4384.426517011575
11929,LOAD,119614288,4180.1026312174345
11930,LOAD,116355558,4297.1733245437235
11931,LOAD,113714481,4396.977373532576
11932,LOAD,119265510,4192.326851241402
11933,LOAD,113755366,4395.3970487862525
11934,LOAD,118039418,4235.8731385815545
11935,LOAD,119475871,4184.945427181695
11936,LOAD,127284764,3928.199921869675
11937,LOAD,117867054,4242.067507685396
11938,LOAD,114793926,4355.631150728306
11939,LOAD,121932679,4100.6234268009475
11940,LOAD,113811759,4393.219157609188
11941,LOAD,116792668,4281.090658875949
11942,LOAD,122330444,4087.2899962661786
11943,LOAD,115295751,4336.673256935549
11944,LOAD,115314025,4335.986017312291
11945,LOAD,122208153,4091.3800571063375
11946,LOAD,120313303,4155.816418738002
11947,LOAD,122755579,4073.1346312170463
11948,LOAD,115446581,4331.007429314862
11949,LOAD,118388848,4223.370768841336
11950,LOAD,116065699,4307.904956485034
11951,LOAD,113278071,4413.916970743613
11952,LOAD,114798902,4355.442354317988
11953,LOAD,114314553,4373.8962964759185
11954,LOAD,116007249,4310.0754850242165
11955,LOAD,121333113,4120.886604137487
11956,LOAD,118175668,4230.989411458203
11957,LOAD,121978139,4099.095166552755
11958,LOAD,118288369,4226.958273471502
11959,LOAD,113797575,4393.766738878223
11960,LOAD,120433406,4151.6720036963825
11961,LOAD,113325340,4412.075886999324
11962,LOAD,126137566,3963.926178819718
11963,LOAD,117415454,4258.383227815991
11964,LOAD,127889992,3909.6100655006685
11965,LOAD,125634843,3979.7876772130803
11966,LOAD,117776108,4245.3432066204805
11967,LOAD,112387365,4448.898681804668
11968,LOAD,116481995,4292.508898049007
11969,LOAD,119117260,4197.544503626091
11970,LOAD,121475135,4116.068691753255
11971,LOAD,119185655,4195.135731728788
11972,LOAD,120758421,4140.497994752681
11973,LOAD,121814767,4104.592672249662
11974,LOAD,118045813,4235.643664887971
11975,LOAD,117502499,4255.22864837113
11976,LOAD,123294584,4055.328172403745
11977,LOAD,118022823,4236.468737915208
11978,LOAD,120565027,4147.139617859498
11979,LOAD,117963082,4238.614247125215
11980,LOAD,117174829,4267.128053585638
11981,LOAD,114618505,4362.297344569273
11982,LOAD,118519407,4218.718374114039
11983,LOAD,120990822,4132.544863609572
11984,LOAD,118428673,4221.950540643143
11985,LOAD,114460157,4368.332292257821
11986,LOAD,116034863,4309.049772394698
11987,LOAD,118010170,4236.922970282984
11988,LOAD,114931949,4350.400426951778
11989,LOAD,123598763,4045.347929574344
11990,LOAD,115937435,4312.670881497422
11991,LOAD,122182651,4092.2340111936182
11992,LOAD,120684221,4143.043687542217
11993,LOAD,119456404,4185.627419355433
11994,LOAD,120782799,4139.662304066989
11995,LOAD,118486864,4219.877065866137
11996,LOAD,119721475,4176.360172642377
11997,LOAD,120687819,4142.920173244659
11998,LOAD,121375447,4119.4492985059815
11999,LOAD,117112857,4269.386067492145
12000,LOAD,123958289,4033.6148879886528
12001,LOAD,118395344,4223.139045062448
12002,LOAD,118789364,4209.131046446212
12003,LOAD,127899362,3909.323644632411
12004,LOAD,124351192,4020.8701819279704
12005,LOAD,120064077,4164.442958238042
12006,LOAD,117313133,4262.097407286872
12007,LOAD,118774223,4209.667614495781
12008,LOAD,116503895,4291.702007044485
12009,LOAD,121784154,4105.624447660079
12010,LOAD,118986085,4202.172043899082
12011,LOAD,116880353,4277.878934879671
12012,LOAD,403132809,1240.2860517363647
12013,LOAD,126657290,3947.6606518266735
12014,LOAD,122617098,4077.734738103164
12015,LOAD,116225299,4301.989362918309
12016,LOAD,115286516,4337.0206451550675
12017,LOAD,115180763,4341.00267246884
12018,LOAD,117762069,4245.849315028594
12019,LOAD,122116397,4094.454244338702
12020,LOAD,114983277,4348.4584284373805
12021,LOAD,118360085,4224.397101438378
12022,LOAD,114190543,4378.646312243213
12023,LOAD,121446328,4117.045020908331
12024,LOAD,113029425,4423.626856457953
12025,LOAD,113105605,4420.647411770619
12026,LOAD,123958871,4033.5959497404588
12027,LOAD,113311636,4412.6094869903745
12028,LOAD,114271329,4375.5507560431015
12029,LOAD,118537697,4218.067438917765
12030,LOAD,111777920,4473.155342307317
12031,LOAD,123621703,4044.597250047591
12032,LOAD,122075342,4095.8312449372456
12033,LOAD,122614784,4077.811693571959
12034,LOAD,124722910,4008.8865790575283
12035,LOAD,116431877,4294.3566047638315
12036,LOAD,124057149,4030.400537416832
12037,LOAD,112999075,4424.814981892551
12038,LOAD,122103467,4094.887821653745
12039,LOAD,117294705,4262.767019193237
12040,LOAD,119145385,4196.55364746188
12041,LOAD,114426610,4369.612977261146
12042,LOAD,114625629,4362.026227136341
12043,LOAD,114890947,4351.952987209689
12044,LOAD,111100849,4500.415653889378
12045,LOAD,126186801,3962.37955188356
12046,LOAD,116663539,4285.829182672061
12047,LOAD,113779457,4394.466392997463
12048,LOAD,113076329,4421.79193843479
12049,LOAD,114722595,4358.33934893122
12050,LOAD,114614469,4362.450957217277
12051,LOAD,115195540,4340.445819343353
12052,LOAD,119248903,4192.910688662687
12053,LOAD,112686476,4437.089682350169
12054,LOAD,113509181,4404.930029404405
12055,LOAD,113083904,4421.495741781253
12056,LOAD,111681591,4477.013584091938
12057,LOAD,108564505,4605.5568530432665
12058,LOAD,113150025,4418.911971075569
12059,LOAD,120066647,4164.353819258399
12060,LOAD,113639674,4399.871826453848
12061,LOAD,113931478,4388.602770517908
12062,LOAD,116533865,4290.598273729272
12063,LOAD,110919465,4507.775078071284
12064,LOAD,112635146,4439.111749364625
12065,LOAD,112465671,4445.801065820343
12066,LOAD,111784933,4472.87471201508
12067,LOAD,111300267,4492.352206127232
12068,LOAD,111810494,4471.852168008488
12069,LOAD,110807921,4512.31279756616
12070,LOAD,107380324,4656.346538868705
12071,LOAD,127587768,3918.870968884729
12072,LOAD,113618992,4400.672732600902
12073,LOAD,106433038,4697.789421363694
12074,LOAD,119101379,4198.104204989935
12075,LOAD,111936323,4466.825303882816
12076,LOAD,120421806,4152.071926242329
12077,LOAD,113349143,4411.1493635201105
12078,LOAD,122771461,4072.6077211054776
12079,LOAD,112188386,4456.789315072239
12080,LOAD,114469605,4367.971742367766
12081,LOAD,118080287,4234.407052211856
12082,LOAD,115893817,4314.294005865731
12083,LOAD,117448494,4257.185281575428
12084,LOAD,121955013,4099.872466907121
12085,LOAD,116498050,4291.917332521875
12086,LOAD,116418570,4294.847462909053
12087,LOAD,116462027,4293.244870278619
12088,LOAD,112116458,4459.648555790088
12089,LOAD,110906836,4508.288379987686
12090,LOAD,129268489,3867.918654174104
12091,LOAD,122537155,4080.395044262289
12092,LOAD,129231049,3869.0392430382576
12093,LOAD,118098464,4233.75531793538
12094,LOAD,118731994,4211.164852499656
12095,LOAD,121402083,4118.545478334174
12096,LOAD,118212719,4229.663307211469
12097,LOAD,114327354,4373.406560253288
12098,LOAD,113518083,4404.584598208904
12099,LOAD,120977427,4133.002431933025
12100,LOAD,116490547,4292.193769164806
12101,LOAD,116193109,4303.181180908069
12102,LOAD,117851513,4242.6269062833335
12103,LOAD,115357239,4334.361712662003
12104,LOAD,114309888,4374.074795699214
12105,LOAD,123655486,4043.4922555720655
12106,LOAD,114463905,4368.189255818243
12107,LOAD,120613562,4145.470805347743
12108,LOAD,115744828,4319.847449252765
12109,LOAD,114833509,4354.129768863895
12110,LOAD,112412789,4447.8924902397
12111,LOAD,120531219,4148.3028558767
12112,LOAD,131089594,3814.1852815563684
12113,LOAD,113385639,4409.729524918054
12114,LOAD,114531835,4365.598438198427
12115,LOAD,112466468,4445.769560399104
12116,LOAD,117695241,4248.260131435561
12117,LOAD,113645454,4399.6480492743685
12118,LOAD,119166776,4195.8003462307315
12119,LOAD,114961278,4349.290549814521
12120,LOAD,119912259,4169.715458366938
12121,LOAD,120628101,4144.971162233583
12122,LOAD,113993578,4386.212002223494
12123,LOAD,114924717,4350.674189608838
12124,LOAD,112821250,4431.789224104501
12125,LOAD,110114839,4540.714081232957
12126,LOAD,117414926,4258.40237722417
12127,LOAD,116356420,4297.1414899152105
12128,LOAD,116851061,4278.951305371545
12129,LOAD,113946570,4388.021508677269
12130,LOAD,115458276,4330.568732898801
12131,LOAD,121653775,4110.024534791461
12132,LOAD,116077851,4307.453968974667
12133,LOAD,115463238,4330.382627932191
12134,LOAD,113320830,4412.251481038394
12135,LOAD,121986272,4098.821873989231
12136,LOAD,117860439,4242.305596706627
12137,LOAD,121987664,4098.775102374286
12138,LOAD,125699077,3977.7539496173076
12139,LOAD,121355084,4120.140529093944
12140,LOAD,122137818,4093.7361432148728
12141,LOAD,114788219,4355.847702454552
12142,LOAD,123385490,4052.340352175932
12143,LOAD,114892639,4351.888896903134
12144,LOAD,120002034,4166.59604286374
12145,LOAD,121651954,4110.086057475081
12146,LOAD,113829044,4392.552044977203
12147,LOAD,120372782,4153.762932886273
12148,LOAD,120272238,4157.235354679274
12149,LOAD,120045996,4165.070195260823
12150,LOAD,117704867,4247.912705257973
12151,LOAD,113603379,4401.277535943715
12152,LOAD,116770175,4281.915309281672
12153,LOAD,113140558,4419.281722121257
12154,LOAD,120353863,4154.415882770627
12155,LOAD,116982878,4274.12975768984
12156,LOAD,114416942,4369.982200712898
12157,LOAD,118829808,4207.698458959052
12158,LOAD,115631460,4324.082736653157
12159,LOAD,116583737,4288.762848629565
12160,LOAD,115021338,4347.019506937052
12161,LOAD,120761852,4140.380357863342
12162,LOAD,119902177,4170.066069776198
12163,LOAD,118040244,4235.843497578673
12164,LOAD,119924824,4169.278580721536
12165,LOAD,115890597,4314.4138777712915
12166,LOAD,120684369,4143.038606764393
12167,LOAD,115625879,4324.291450359482
12168,LOAD,115276014,4337.415761096667
12169,LOAD,122122631,4094.2452345298716
12170,LOAD,114737047,4357.790383083504
12171,LOAD,110183819,4537.871391079665
12172,LOAD,119901081,4170.104187801276
12173,LOAD,115130157,4342.910780535112
12174,LOAD,121008426,4131.943671426649
12175,LOAD,112500189,4444.436977790321
12176,LOAD,122426120,4084.095779560767
12177,LOAD,115789052,4318.197544272148
12178,LOAD,114136460,4380.721112254576
12179,LOAD,121590079,4112.177606200914
12180,LOAD,114376841,4371.514334794401
12181,LOAD,114887774,4352.073180563147
12182,LOAD,123281732,4055.750936399888
12183,LOAD,114307961,4374.148533714113
12184,LOAD,120592692,4146.188228387837
12185,LOAD,115592431,4325.54273384907
12186,LOAD,119149852,4196.39631612803
12187,LOAD,121766185,4106.23031344868
12188,LOAD,109630446,4560.77684843132
12189,LOAD,118085472,4234.221124170127
12190,LOAD,115650608,4323.366808413147
12191,LOAD,117576604,4252.546705635417
12192,LOAD,120636590,4144.679487376094
12193,LOAD,123647869,4043.7413442200127
12194,LOAD,117253250,4264.274124597825
12195,LOAD,115564438,4326.5905035595815
12196,LOAD,116151870,4304.708998658395
12197,LOAD,124961913,4001.2191554717956
12198,LOAD,120919593,4134.979184059939
12199,LOAD,119460564,4185.4816623835795
12200,LOAD,115584543,4325.837928000459
12201,LOAD,121197003,4125.514555834355
12202,LOAD,120224855,4158.87380359078
12203,LOAD,117194874,4266.398204412933
12204,LOAD,117665364,4249.338828374338
12205,LOAD,120873696,4136.549278678464
12206,LOAD,118967413,4202.831577080692
12207,LOAD,121319188,4121.359598944892
12208,LOAD,117829296,4243.426863893
12209,LOAD,116928892,4276.103120860839
12210,LOAD,115256197,4338.161530698431
12211,LOAD,116006722,4310.095065008388
12212,LOAD,127437371,3923.495879399458
12213,LOAD,116248931,4301.114820574136
12214,LOAD,130432185,3833.4096756870244
12215,LOAD,114944403,4349.929069621598
12216,LOAD,118978137,4202.452758190356
12217,LOAD,118089930,4234.061278552709
12218,LOAD,111789028,4472.710863896232
12219,LOAD,119020041,4200.9731789623565
12220,LOAD,120502961,4149.275634811995
12221,LOAD,116682997,4285.114479875761
12222,LOAD,121550915,4113.502559812076
12223,LOAD,120714568,4142.00214840681
12224,LOAD,119231871,4193.509636362244
12225,LOAD,125850423,3972.970357040437
12226,LOAD,127527169,3920.7331576536444
12227,LOAD,117651945,4249.823494205727
12228,LOAD,115594854,4325.45206553918
12229,LOAD,123749301,4040.426862693956
12230,LOAD,122292676,4088.5522858294476
12231,LOAD,115396922,4332.871200845375
12232,LOAD,115472017,4330.05340159599
12233,LOAD,114274268,4375.438222015126
12234,LOAD,112965208,4426.141542624346
12235,LOAD,116605132,4287.975935741833
12236,LOAD,114191960,4378.591977929094
12237,LOAD,111646867,4478.406008473126
12238,LOAD,116093969,4306.855940122092
12239,LOAD,114697585,4359.28969210642
12240,LOAD,120281046,4156.9309265900465
12241,LOAD,114742745,4357.573979949669
12242,LOAD,121341641,4120.596984509218
12243,LOAD,127274917,3928.503838662884
12244,LOAD,120864618,4136.859970053436
12245,LOAD,117858606,4242.371575309486
12246,LOAD,117593973,4251.918591099902
12247,LOAD,116613715,4287.660332234506
12248,LOAD,117350658,4260.734524385879
12249,LOAD,113612536,4400.922799575568
12250,LOAD,112633258,4439.186159384646
12251,LOAD,115998198,4310.4117876038035
12252,LOAD,117884804,4241.42877651983
12253,LOAD,122110790,4094.6422506970925
12254,LOAD,123414261,4051.39564867629
12255,LOAD,114999994,4347.826313799634
12256,LOAD,120901247,4135.606641013389
12257,LOAD,122425893,4084.1033522214125
12258,LOAD,120062764,4164.488500364692
12259,LOAD,116489345,4292.238058339155
12260,LOAD,122330933,4087.2736579226453
12261,LOAD,118071320,4234.728636895056
12262,LOAD,123264830,4056.307058550277
12263,LOAD,118329226,4225.49877914354
12264,LOAD,118667538,4213.452207966091
12265,LOAD,121020267,4131.5393891834665
12266,LOAD,120385130,4153.336878067914
12267,LOAD,118585181,4216.378436020602
12268,LOAD,122082907,4095.5774423032044
12269,LOAD,118491882,4219.698358744948
12270,LOAD,122751848,4073.258432736589
12271,LOAD,119943220,4168.639127747279
12272,LOAD,118622171,4215.063641011931
12273,LOAD,118609879,4215.500464341592
12274,LOAD,119516395,4183.526452584183
12275,LOAD,115410154,4332.374428683285
12276,LOAD,116272723,4300.23471627133
12277,LOAD,116949470,4275.350713432049
12278,LOAD,122849651,4070.0156323602414
12279,LOAD,121938223,4100.436989310563
12280,LOAD,117246071,4264.535226941634
12281,LOAD,123698838,4042.075156760972
12282,LOAD,114716326,4358.577522784333
12283,LOAD,118411548,4222.561130608646
12284,LOAD,127959146,3907.4971631961344
12285,LOAD,114595967,4363.1552932399445
12286,LOAD,126783591,3943.7280176107333
12287,LOAD,114114829,4381.551498447235
12288,LOAD,114751523,4357.240644204783
12289,LOAD,112341867,4450.700467707199
12290,LOAD,121286535,4122.469159499033
12291,LOAD,123591566,4045.58349879635
12292,LOAD,114018774,4385.242732043409
12293,LOAD,119519746,4183.409158182113
12294,LOAD,117492072,4255.606284652125
12295,LOAD,127870562,3910.204132832387
12296,LOAD,113274405,4414.05982225199
12297,LOAD,118302628,4226.448798753651
12298,LOAD,120750284,4140.777010512041
12299,LOAD,116699256,4284.51746084825
12300,LOAD,115605713,4325.045770013114
12301,LOAD,114665196,4360.521042496626
12302,LOAD,121084300,4129.354507562087
12303,LOAD,121563286,4113.083945427405
12304,LOAD,111047248,4502.5879434670915
12305,LOAD,114909643,4351.244916843053
12306,LOAD,114781286,4356.11080363745
12307,LOAD,114810518,4355.001690698757
12308,LOAD,122041605,4096.96349044246
12309,LOAD,112844491,4430.876470522607
12310,LOAD,123023708,4064.257273077804
12311,LOAD,115154167,4342.005270204421
12312,LOAD,115322543,4335.6657509711695
12313,LOAD,115807260,4317.518608073449
12314,LOAD,118191958,4230.406268419718
12315,LOAD,119767872,4174.742288148862
12316,LOAD,116308525,4298.9110213546255
12317,LOAD,121506343,4115.011510139845
12318,LOAD,117866240,4242.096803970331
12319,LOAD,120621515,4145.197479902321
12320,LOAD,119963516,4167.933857490472
12321,LOAD,120261679,4157.600360793233
12322,LOAD,113963847,4387.35628150566
12323,LOAD,121260498,4123.354334236694
12324,LOAD,118964876,4202.921205079052
12325,LOAD,122271137,4089.272515720533
12326,LOAD,114901147,4351.566655814149
12327,LOAD,124110085,4028.681472581378
12328,LOAD,116515357,4291.279818161652
12329,LOAD,116249050,4301.110417676531
12330,LOAD,118888114,4205.634887941784
12331,LOAD,118105603,4233.49940476575
12332,LOAD,117919856,4240.168000205156
12333,LOAD,116549278,4290.030865742472
12334,LOAD,115067442,4345.277789350701
12335,LOAD,121626072,4110.960682837805
12336,LOAD,113310680,4412.646716090663
12337,LOAD,123500273,4048.574046471946
12338,LOAD,113692556,4397.825307050006
12339,LOAD,127185892,3931.2536330680455
12340,LOAD,112145210,4458.50518270018
12341,LOAD,114748348,4357.3612057578375
12342,LOAD,114126925,4381.087109812167
12343,LOAD,117304205,4262.42179468332
12344,LOAD,121514137,4114.747570482273
12345,LOAD,116888643,4277.5755382839025
12346,LOAD,118330857,4225.4405374584585
12347,LOAD,113257409,4414.7222191883275
12348,LOAD,115850407,4315.910603576904
12349,LOAD,117349529,4260.775516193167
12350,LOAD,123533830,4047.474282955527
12351,LOAD,125884827,3971.8845544427686
12352,LOAD,124350706,4020.885896699292
12353,LOAD,115568105,4326.45321994334
12354,LOAD,111581246,4481.039761825209
12355,LOAD,126616933,3948.918901708036
12356,LOAD,121537808,4113.946172206759
12357,LOAD,116957287,4275.064964528461
12358,LOAD,115547540,4327.223236427189
12359,LOAD,118307067,4226.2902181490135
12360,LOAD,120963455,4133.479818346789
12361,LOAD,121839556,4103.7575678624435
12362,LOAD,120046869,4165.039906205301
12363,LOAD,121332939,4120.8925137797905
12364,LOAD,117925162,4239.9772153800395
12365,LOAD,121093205,4129.050841457206
12366,LOAD,117753048,4246.174587344864
12367,LOAD,115278824,4337.310033627686
12368,LOAD,120157476,4161.205916142912
12369,LOAD,120672504,4143.445966779641
12370,LOAD,120179601,4160.439840368583
12371,LOAD,121313118,4121.565814506556
12372,LOAD,120580318,4146.613711866309
12373,LOAD,117153595,4267.901467300257
12374,LOAD,120083610,4163.765563010639
12375,LOAD,120230924,4158.663872532494
12376,LOAD,116647518,4286.417821594798
12377,LOAD,132088546,3785.339570624087
12378,LOAD,121252989,4123.609686850688
12379,LOAD,116598406,4288.223288404131
12380,LOAD,116747346,4282.752603215494
12381,LOAD,120695701,4142.64962096703
12382,LOAD,115671876,4322.571892929272
12383,LOAD,126117421,3964.559345056699
12384,LOAD,114746659,4357.425343425467
12385,LOAD,120449879,4151.104211570027
12386,LOAD,116132051,4305.443636744175
12387,LOAD,115821094,4317.002911404032
12388,LOAD,121795944,4105.227018068845
12389,LOAD,121050145,4130.519628869507
12390,LOAD,114542883,4365.177363311172
12391,LOAD,122175835,4092.4623105706623
12392,LOAD,121515036,4114.717128504163
12393,LOAD,124560184,4014.1238070104328
12394,LOAD,114180208,4379.042644588631
12395,LOAD,119963556,4167.932467757124
12396,LOAD,128821214,3881.348300288492
12397,LOAD,121976783,4099.140735659507
12398,LOAD,116951356,4275.28176757523
12399,LOAD,115250952,4338.35895776375
12400,LOAD,116027542,4309.321660886343
12401,LOAD,121476802,4116.012207828783
12402,LOAD,113850959,4391.706529235296
12403,LOAD,114690121,4359.573393422437
12404,LOAD,113569453,4402.59230622516
12405,LOAD,118493032,4219.65740567766
12406,LOAD,115049583,4345.9523012786585
12407,LOAD,119526134,4183.185578477758
12408,LOAD,112250565,4454.320563998943
12409,LOAD,116278531,4300.019923712315
12410,LOAD,119049631,4199.929019519598
12411,LOAD,117211370,4265.797763476359
12412,LOAD,116812861,4280.350602833022
12413,LOAD,121579825,4112.524425824762
12414,LOAD,116987864,4273.947595111233
12415,LOAD,120307460,4156.018255227065
12416,LOAD,122948177,4066.754076394317
12417,LOAD,115592008,4325.558562837667
12418,LOAD,129012731,3875.5865109157326
12419,LOAD,115310152,4336.131653004845
12420,LOAD,119257005,4192.625833593591
12421,LOAD,115472686,4330.028315094359
12422,LOAD,115052018,4345.860322067537
12423,LOAD,118666331,4213.4950645773315
12424,LOAD,114649874,4361.103789786982
12425,LOAD,119524635,4183.2380412623725
12426,LOAD,110713985,4516.14129868056
12427,LOAD,113059183,4422.462525666756
12428,LOAD,116818818,4280.132332789054
12429,LOAD,117588855,4252.103653870939
12430,LOAD,117880183,4241.595044011766
12431,LOAD,115183387,4340.903779813317
12432,LOAD,119475223,4184.968125148424
12433,LOAD,120738850,4141.169143154834
12434,LOAD,115975257,4311.264427721854
12435,LOAD,117609192,4251.368379437553
12436,LOAD,117165607,4267.463915413334
12437,LOAD,120195066,4159.9045338516635
12438,LOAD,115107204,4343.776780469796
12439,LOAD,120118158,4162.567994091285
12440,LOAD,121874743,4102.572753732905
12441,LOAD,122153567,4093.2083465069836
12442,LOAD,121297052,4122.111722880124
12443,LOAD,123741489,4040.681941365681
12444,LOAD,122600726,4078.2792754424636
12445,LOAD,116674967,4285.4093972017145
12446,LOAD,115629451,4324.157865282955
12447,LOAD,122664367,4076.163373508461
12448,LOAD,123425598,4051.023516207715
12449,LOAD,116914829,4276.617468259736
12450,LOAD,111906083,4468.032358884369
12451,LOAD,122674816,4075.816180559831
12452,LOAD,122669326,4075.998591530535
12453,LOAD,118297304,4226.639011147709
12454,LOAD,117167494,4267.395187269261
12455,LOAD,121232475,4124.307451448137
12456,LOAD,113991883,4386.2772229141965
12457,LOAD,120988402,4132.627522429794
12458,LOAD,118614631,4215.331580806418
12459,LOAD,115766150,4319.05181264126
12460,LOAD,114788321,4355.843831882514
12461,LOAD,115969740,4311.4695264471575
12462,LOAD,118310466,4226.16879896323
12463,LOAD,121615953,4111.30273344978
12464,LOAD,118909579,4204.875706439092
12465,LOAD,119047451,4200.005928728368
12466,LOAD,114416650,4369.99335324011
12467,LOAD,120930369,4134.610719661328
12468,LOAD,122731767,4073.924886944714
12469,LOAD,114248120,4376.439629816228
12470,LOAD,120994887,4132.406024727309
12471,LOAD,121960858,4099.675979649142
12472,LOAD,122063025,4096.244542522193
12473,LOAD,117339403,4261.14320694132
12474,LOAD,120091801,4163.48156857103
12475,LOAD,118013397,4236.8071143651605
12476,LOAD,114029876,4384.815782839228
12477,LOAD,118112710,4233.244669434814
12478,LOAD,120250632,4157.982304824809
12479,LOAD,118288106,4226.967671627103
12480,LOAD,120012442,4166.234697565774
12481,LOAD,122239143,4090.3428126946205
12482,LOAD,123196482,4058.5574513402094
12483,LOAD,120058769,4164.627075261783
12484,LOAD,124785490,4006.876119971962
12485,LOAD,117924345,4240.006590666244
12486,LOAD,116188375,4303.356510494273
12487,LOAD,117170146,4267.298600105866
12488,LOAD,118136851,4232.3796154004485
12489,LOAD,121508295,4114.945403521629
12490,LOAD,113873952,4390.819772374282
12491,LOAD,120733882,4141.339545431
12492,LOAD,118694798,4212.48452691246
12493,LOAD,113656972,4399.202188845925
12494,LOAD,114702487,4359.1033906701605
12495,LOAD,118448138,4221.256732630107
12496,LOAD,116362604,4296.913121676102
12497,LOAD,116699789,4284.497892279822
12498,LOAD,128513456,3890.6431712489316
12499,LOAD,119710518,4176.742431270743
12500,LOAD,124648133,4011.2915289312837
12501,LOAD,119217509,4194.014823778947
12502,LOAD,109068496,4584.275187951615
12503,LOAD,113424895,4408.203331376239
12504,LOAD,119277310,4191.9121080111545
12505,LOAD,115137563,4342.631431238475
12506,LOAD,122021654,4097.63335940357
12507,LOAD,114277833,4375.3017262761705
12508,LOAD,116820578,4280.067849005164
12509,LOAD,121073801,4129.712587449039
12510,LOAD,115303899,4336.366804040165
12511,LOAD,118862495,4206.54134847161
12512,LOAD,526509787,949.6499634868136
12513,LOAD,112079250,4461.129067155607
12514,LOAD,116135168,4305.328081154538
12515,LOAD,119913918,4169.657770668456
12516,LOAD,115274577,4337.469830837028
12517,LOAD,119572291,4181.570795528205
12518,LOAD,117507802,4255.0366145049675
12519,LOAD,117565231,4252.958087582884
12520,LOAD,118424569,4222.096852216536
12521,LOAD,115359758,4334.26706737717
12522,LOAD,119781673,4174.26128285919
12523,LOAD,117452117,4257.053961828547
12524,LOAD,119445469,4186.010605391821
12525,LOAD,120086869,4163.65256387857
12526,LOAD,116878992,4277.928748735274
12527,LOAD,119981236,4167.318296337604
12528,LOAD,117642780,4250.154578122007
12529,LOAD,119760019,4175.0160376978565
12530,LOAD,115018886,4347.112177734011
12531,LOAD,110945626,4506.712143838821
12532,LOAD,119854641,4171.719975365826
12533,LOAD,117940033,4239.442598765425
12534,LOAD,119926633,4169.215690396311
12535,LOAD,120054220,4164.784878032609
12536,LOAD,116465357,4293.122116991407
12537,LOAD,116212707,4302.455496540494
12538,LOAD,114753463,4357.166981531529
12539,LOAD,115470231,4330.120375354579
12540,LOAD,117255791,4264.181715340609
12541,LOAD,117217259,4265.583449618114
12542,LOAD,116113677,4306.124936513724
12543,LOAD,120429217,4151.816415114614
12544,LOAD,116508442,4291.534513868102
12545,LOAD,116397222,4295.635165588402
12546,LOAD,122809009,4071.3625496318436
12547,LOAD,114548083,4364.979202663741
12548,LOAD,118394380,4223.17343103617
12549,LOAD,122534470,4080.4844547007874
12550,LOAD,119489524,4184.467250869624
12551,LOAD,126374809,3956.4847136584003
12552,LOAD,122334935,4087.1399490260083
12553,LOAD,122145210,4093.488397948638
12554,LOAD,117647521,4249.98330394059
12555,LOAD,123758173,4040.1372117864084
12556,LOAD,123445745,4050.3623676944067
12557,LOAD,113535153,4403.922369312349
12558,LOAD,119653675,4178.726645880288
12559,LOAD,116571534,4289.21180706089
12560,LOAD,120069143,4164.26725057911
12561,LOAD,115903661,4313.927581631783
12562,LOAD,123453641,4050.1033096302117
12563,LOAD,119734201,4175.916286441833
12564,LOAD,117566239,4252.921623188099
12565,LOAD,115051229,4345.890125171979
12566,LOAD,122018122,4097.751971629264
12567,LOAD,122443333,4083.521640169661
12568,LOAD,112934162,4427.358304566868
12569,LOAD,121220425,4124.717431076487
12570,LOAD,113941091,4388.23251218474
12571,LOAD,117658458,4249.588244646212
12572,LOAD,117442392,4257.406473805472
12573,LOAD,111874730,4469.284529222999
12574,LOAD,125253747,3991.8965458175076
12575,LOAD,121746909,4106.880446549982
12576,LOAD,114118972,4381.3924296478945
12577,LOAD,117451197,4257.087307505261
12578,LOAD,115176952,4341.146308507973
12579,LOAD,121049523,4130.540853101917
12580,LOAD,115003231,4347.703935378999
12581,LOAD,112669198,4437.770117082044
12582,LOAD,121130461,4127.780872558555
12583,LOAD,118219238,4229.430069579708
12584,LOAD,109757004,4555.517933051453
12585,LOAD,113335500,4411.680364934199
12586,LOAD,115509241,4328.65799888686
12587,LOAD,122671630,4075.922036741502
12588,LOAD,114012195,4385.495779640064
12589,LOAD,114469926,4367.95949357039
12590,LOAD,114959817,4349.345824028234
12591,LOAD,115365367,4334.056337722221
12592,LOAD,114920252,4350.843226483701
12593,LOAD,122929712,4067.364934524536
12594,LOAD,118326300,4225.603268250592
12595,LOAD,120743918,4140.995325329762
12596,LOAD,112463511,4445.88645289582
12597,LOAD,113569986,4402.571644237061
12598,LOAD,113971725,4387.053016877651
12599,LOAD,119402139,4187.529672311817
12600,LOAD,113741054,4395.950120173847
12601,LOAD,119220037,4193.925891836453
12602,LOAD,118340507,4225.095976646441
12603,LOAD,118211760,4229.697620608982
12604,LOAD,121814298,4104.60847543529
12605,LOAD,115812594,4317.319755397241
12606,LOAD,123157955,4059.8270732897436
12607,LOAD,115212219,4339.817463284862
12608,LOAD,113950194,4387.881954812644
12609,LOAD,112835275,4431.238369384042
12610,LOAD,123268454,4056.187806168154
12611,LOAD,114929542,4350.491538546286
12612,LOAD,123878116,4036.225413696153
12613,LOAD,118696673,4212.417984116539
12614,LOAD,116253738,4300.936972882541
12615,LOAD,117220616,4265.461290529304
12616,LOAD,118867696,4206.357293238021
12617,LOAD,126598141,3949.5050721163434
12618,LOAD,114512169,4366.348173878359
12619,LOAD,119248241,4192.933965373963
12620,LOAD,115119102,4343.327834506562
12621,LOAD,114010193,4385.572788215524
12622,LOAD,115475532,4329.9215975900415
12623,LOAD,116659802,4285.966471981497
12624,LOAD,116190804,4303.266547669297
12625,LOAD,120996908,4132.337001537262
12626,LOAD,119695944,4177.250985213
12627,LOAD,120785126,4139.582550917735
12628,LOAD,121145493,4127.26868840263
12629,LOAD,114194997,4378.47552988683
12630,LOAD,115849556,4315.9423071073315
12631,LOAD,113016928,4424.116004993518
12632,LOAD,116183656,4303.531298756858
12633,LOAD,116228154,4301.883689901846
12634,LOAD,116264493,4300.539116443745
12635,LOAD,120961039,4133.562377882684
12636,LOAD,115160215,4341.777236174837
12637,LOAD,112714374,4435.991455712649
12638,LOAD,113708652,4397.202773980646
12639,LOAD,114913486,4351.099400117407
12640,LOAD,113488573,4405.729905512161
12641,LOAD,120486466,4149.84368451806
12642,LOAD,121259026,4123.404388882358
12643,LOAD,115951918,4312.132206385754
12644,LOAD,113425788,4408.168625639171
12645,LOAD,118443395,4221.425770512573
12646,LOAD,117081023,4270.546901524767
12647,LOAD,114848316,4353.568405826691
12648,LOAD,123639432,4044.0172840651676
12649,LOAD,114247197,4376.4749869530715
12650,LOAD,112087313,4460.808155870415
12651,LOAD,117274995,4263.483447601085
12652,LOAD,118189665,4230.48834261439
12653,LOAD,115205181,4340.082587084343
12654,LOAD,118891368,4205.519781722084
12655,LOAD,114912057,4351.153508634869
12656,LOAD,124130248,4028.0270768491496
12657,LOAD,112431593,4447.14858749711
12658,LOAD,118648976,4214.111380110015
12659,LOAD,115872545,4315.086028359867
12660,LOAD,119523524,4183.2769254694995
12661,LOAD,115591842,4325.564774718271
12662,LOAD,114878963,4352.406976375649
12663,LOAD,113084684,4421.465244577241
12664,LOAD,115991654,4310.654971779263
12665,LOAD,119435909,4186.345665942057
12666,LOAD,118502562,4219.318059975783
12667,LOAD,118782329,4209.380336362996
12668,LOAD,120872098,4136.603966285089
12669,LOAD,115883553,4314.676130097599
12670,LOAD,122338421,4087.0234870858767
12671,LOAD,120197330,4159.826179167208
12672,LOAD,116583525,4288.770647482138
12673,LOAD,119652856,4178.755248433017
12674,LOAD,118266459,4227.741358181697
12675,LOAD,118240669,4228.663489716893
12676,LOAD,119137616,4196.827305995446
12677,LOAD,116314564,4298.6878238223035
12678,LOAD,123982426,4032.829620546383
12679,LOAD,116491390,4292.162708334066
12680,LOAD,114290357,4374.8222783134715
12681,LOAD,114843738,4353.741951520247
12682,LOAD,114618996,4362.278657544688
12683,LOAD,122518005,4081.032824522404
12684,LOAD,128308326,3896.863247985949
12685,LOAD,115255926,4338.171730970258
12686,LOAD,119239381,4193.245518441597
12687,LOAD,118430582,4221.882486400345
12688,LOAD,115500488,4328.986038569811
12689,LOAD,112337177,4450.886281395517
12690,LOAD,121285096,4122.518070975514
12691,LOAD,115539801,4327.513079237518
12692,LOAD,123389550,4052.2070142892976
12693,LOAD,118719081,4211.622898260138
12694,LOAD,115520034,4328.253573748082
12695,LOAD,123481320,4049.195457256207
12696,LOAD,121255361,4123.529020708619
12697,LOAD,116810716,4280.42920308784
12698,LOAD,110665791,4518.108039366926
12699,LOAD,117943161,4239.3301634505115
12700,LOAD,125183693,3994.130449562628
12701,LOAD,113057025,4422.546940360407
12702,LOAD,114509306,4366.457342777014
12703,LOAD,119315321,4190.576665338729
12704,LOAD,119754287,4175.215873482675
12705,LOAD,123725924,4041.190268257766
12706,LOAD,115561354,4326.705967809966
12707,LOAD,116712596,4284.027749669796
12708,LOAD,114025009,4385.002942643925
12709,LOAD,119345190,4189.5278728870435
12710,LOAD,115166729,4341.531658852618
12711,LOAD,121299877,4122.015721417426
12712,LOAD,124530753,4015.072485749765
12713,LOAD,120186976,4160.184544455133
12714,LOAD,120200403,4159.719830556642
12715,LOAD,117983301,4237.887868555228
12716,LOAD,120134593,4161.998534427132
12717,LOAD,111561093,4481.849241114911
12718,LOAD,119387778,4188.033384790862
12719,LOAD,120352774,4154.453473585911
12720,LOAD,122735120,4073.813591415399
12721,LOAD,119512349,4183.668082701646
12722,LOAD,122528492,4080.683536038295
12723,LOAD,118105374,4233.507613294549
12724,LOAD,115370757,4333.853855184464
12725,LOAD,118151811,4231.843725188436
12726,LOAD,116569759,4289.277118605006
12727,LOAD,123715758,4041.5223418830765
12728,LOAD,119192595,4194.891469558154
12729,LOAD,119875516,4170.993516307366
12730,LOAD,117735364,4246.812368117366
12731,LOAD,122036477,4097.135645762702
12732,LOAD,123966472,4033.348629942457
12733,LOAD,120999746,4132.24007924777
12734,LOAD,122100379,4094.991384097178
12735,LOAD,114472734,4367.852348140825
12736,LOAD,122417112,4084.396305640669
12737,LOAD,114524407,4365.881588891353
12738,LOAD,123449266,4050.2468439140016
12739,LOAD,119142536,4196.653997695668
12740,LOAD,119862964,4171.430301022759
12741,LOAD,118373406,4223.921714308026
12742,LOAD,114200194,4378.276275082335
12743,LOAD,126321118,3958.1663613838505
12744,LOAD,119277512,4191.90500888382
12745,LOAD,119810166,4173.268568879204
12746,LOAD,119738129,4175.779295833159
12747,LOAD,122118437,4094.38584609464
12748,LOAD,114938497,4350.152586387136
12749,LOAD,120747649,4140.8673720844035
12750,LOAD,118727476,4211.325102202964
12751,LOAD,119377202,4188.4044157778135
12752,LOAD,120263387,4157.541313883003
12753,LOAD,115462613,4330.406068326204
12754,LOAD,121738090,4107.177958845912
12755,LOAD,122316319,4087.761993557049
12756,LOAD,121020615,4131.527508763693
12757,LOAD,119174157,4195.540481146429
12758,LOAD,117718008,4247.438505755212
12759,LOAD,125042453,3998.6419652212035
12760,LOAD,115787471,4318.256506353783
12761,LOAD,118125517,4232.785707088165
12762,LOAD,119515826,4183.5463698339
12763,LOAD,116312514,4298.763587897343
12764,LOAD,122439720,4083.642138351836
12765,LOAD,115140289,4342.528617415577
12766,LOAD,120644138,4144.420178956395
12767,LOAD,122864574,4069.5212926062804
12768,LOAD,112033045,4462.968939208962
12769,LOAD,115790493,4318.143804776788
12770,LOAD,123142273,4060.3440867134227
12771,LOAD,114824724,4354.462894245668
12772,LOAD,117166955,4267.414818452865
12773,LOAD,114972189,4348.87779687312
12774,LOAD,113334992,4411.700139353255
12775,LOAD,122830505,4070.650039255314
12776,LOAD,115293719,4336.749688853389
12777,LOAD,115363902,4334.111375671048
12778,LOAD,119327735,4190.140707858069
12779,LOAD,121903799,4101.594897793136
12780,LOAD,113952691,4387.785804900386
12781,LOAD,122130492,4093.9817060591226
12782,LOAD,119108768,4197.843772508838
12783,LOAD,119696655,4177.226172276911
12784,LOAD,118668845,4213.405801665973
12785,LOAD,121170906,4126.403082271251
12786,LOAD,115169647,4341.4216594759555
12787,LOAD,123651747,4043.614523295009
12788,LOAD,115678080,4322.340066501795
12789,LOAD,118392909,4223.225902828352
12790,LOAD,123698683,4042.080221662505
12791,LOAD,119634199,4179.406926944025
12792,LOAD,117426575,4257.979933417968
12793,LOAD,113966516,4387.253533309731
12794,LOAD,119532314,4182.969301506202
12795,LOAD,122521206,4080.9262030933646
12796,LOAD,122760616,4072.967506125906
12797,LOAD,111652424,4478.183115845295
12798,LOAD,114847144,4353.612833419697
12799,LOAD,118794714,4208.941485393028
12800,LOAD,120806414,4138.85309102876
12801,LOAD,118730346,4211.223304276398
12802,LOAD,119795988,4173.7624802593555
12803,LOAD,117586554,4252.186861433153
12804,LOAD,113842236,4392.043037524316
12805,LOAD,118804862,4208.581968640307
12806,LOAD,119127876,4197.170442290098
12807,LOAD,119217170,4194.02674967037
12808,LOAD,117839384,4243.063592389451
12809,LOAD,121530194,4114.20391544837
12810,LOAD,119032441,4200.535549800243
12811,LOAD,118592867,4216.105172666076
12812,LOAD,124453053,4017.579223227252
12813,LOAD,122449000,4083.3326527778913
12814,LOAD,118031733,4236.148934625911
12815,LOAD,116002220,4310.26233808284
12816,LOAD,119034589,4200.459750400784
12817,LOAD,123702897,4041.9425262126238
12818,LOAD,119286377,4191.593479278861
12819,LOAD,120515540,4148.842547608383
12820,LOAD,118068800,4234.819020774328
12821,LOAD,114319580,4373.703962173408
12822,LOAD,131487436,3802.6446876643026
12823,LOAD,115561582,4326.697431331461
12824,LOAD,116485688,4292.372810640909
12825,LOAD,123331896,4054.101300769754
12826,LOAD,113177808,4417.827212204004
12827,LOAD,117976598,4238.128649886989
12828,LOAD,120630070,4144.903505402923
12829,LOAD,115848461,4315.983101406932
12830,LOAD,115987544,4310.807719146118
12831,LOAD,120893560,4135.869602979679
12832,LOAD,116410314,4295.152060151646
12833,LOAD,119197397,4194.7224736795215
12834,LOAD,112066481,4461.6373739798255
12835,LOAD,116913270,4276.6744955469985
12836,LOAD,121438102,4117.323902180223
12837,LOAD,129611368,3857.6863103551227
12838,LOAD,130108460,3842.9476453721763
12839,LOAD,116111517,4306.205042519598
12840,LOAD,113868223,4391.040685688052
12841,LOAD,125871047,3972.319384933693
12842,LOAD,117292192,4262.8583495140065
12843,LOAD,122716943,4074.4170102086064
12844,LOAD,118729503,4211.253204689992
12845,LOAD,119110163,4197.794608005028
12846,LOAD,122342319,4086.893268714319
12847,LOAD,114579174,4363.794767799601
12848,LOAD,123578401,4046.014481122797
12849,LOAD,114929238,4350.503046056913
12850,LOAD,121869790,4102.739489417353
12851,LOAD,112507603,4444.144099310337
12852,LOAD,116622644,4287.332055342528
12853,LOAD,116313201,4298.738197395152
12854,LOAD,124866343,4004.281602128766
12855,LOAD,115581161,4325.9645055823585
12856,LOAD,132255740,3780.5542504242158
12857,LOAD,120655729,4144.022038108112
12858,LOAD,120913060,4135.202599289109
12859,LOAD,119684484,4177.6509643472245
12860,LOAD,113883729,4390.442817340483
12861,LOAD,120546469,4147.778065569054
12862,LOAD,124249077,4024.1747630849604
12863,LOAD,117865332,4242.12948384178
12864,LOAD,112149123,4458.349620799085
12865,LOAD,125330561,3989.4499474872696
12866,LOAD,124929440,4002.2591952705466
12867,LOAD,122521638,4080.911814123804
12868,LOAD,121310920,4121.640492051334
12869,LOAD,115829008,4316.707952812649
12870,LOAD,116505094,4291.6578394417675
12871,LOAD,114112642,4381.635472080297
12872,LOAD,118265634,4227.770850152463
12873,LOAD,119036773,4200.382683425062
12874,LOAD,118862054,4206.556955510798
12875,LOAD,118907406,4204.952549381155
12876,LOAD,125662095,3978.9245913813547
12877,LOAD,115621855,4324.441949145341
12878,LOAD,114085171,4382.69054266483
12879,LOAD,121932183,4100.64010746039
12880,LOAD,119334909,4189.888811160865
12881,LOAD,119710742,4176.73461584592
12882,LOAD,119898400,4170.197433827307
12883,LOAD,120838288,4137.761369144852
12884,LOAD,116761497,4282.2335516989815
12885,LOAD,120396057,4152.959926254064
12886,LOAD,114966099,4349.108166225594
12887,LOAD,121725600,4107.599387474779
12888,LOAD,117137125,4268.501553201003
12889,LOAD,115137698,4342.6263394635525
12890,LOAD,111547739,4482.385788204995
12891,LOAD,122193896,4091.8574197847
12892,LOAD,117177017,4267.048375194599
12893,LOAD,117302744,4262.474882940505
12894,LOAD,114747080,4357.409356299088
12895,LOAD,113712563,4397.051537744339
12896,LOAD,117117887,4269.2027051341865
12897,LOAD,118355881,4224.547151991543
12898,LOAD,114638309,4361.543748870196
12899,LOAD,130568627,3829.4038276131982
12900,LOAD,124073775,4029.8604600367803
12901,LOAD,115564586,4326.5849626286035
12902,LOAD,120293656,4156.4951687892835
12903,LOAD,118331742,4225.408935499318
12904,LOAD,115239354,4338.795581932887
12905,LOAD,115052732,4345.833352310139
12906,LOAD,119187391,4195.074628322051
12907,LOAD,110095762,4541.500879933961
12908,LOAD,111896366,4468.420359603099
12909,LOAD,122900605,4068.3282234452795
12910,LOAD,115763271,4319.15922624543
12911,LOAD,124072846,4029.8906337652643
12912,LOAD,119282682,4191.723321579909
12913,LOAD,113780162,4394.439164183999
12914,LOAD,122858326,4069.728249430975
12915,LOAD,118809373,4208.422175580373
12916,LOAD,120795897,4139.213437025928
12917,LOAD,122836657,4070.446169826976
12918,LOAD,115770450,4318.891392406266
12919,LOAD,112265962,4453.709664911614
12920,LOAD,112484766,4445.046362989277
12921,LOAD,125693848,3977.919428483087
12922,LOAD,113882678,4390.483335841471
12923,LOAD,127318028,3927.173612836668
12924,LOAD,117839976,4243.042276247579
12925,LOAD,125754171,3976.011260890901
12926,LOAD,120811083,4138.693136291146
12927,LOAD,122801193,4071.6216820466884
12928,LOAD,115281486,4337.209879477091
12929,LOAD,118233865,4228.906836463479
12930,LOAD,114136815,4380.707486887557
12931,LOAD,112330267,4451.16007780877
12932,LOAD,118504500,4219.249058052647
12933,LOAD,109243914,4576.914005479518
12934,LOAD,115878668,4314.85802028722
12935,LOAD,119158535,4196.090527631949
12936,LOAD,115840620,4316.275240930168
12937,LOAD,124250604,4024.1253072701365
12938,LOAD,115867395,4315.2778225487855
12939,LOAD,123742579,4040.646348578204
12940,LOAD,119382515,4188.218015008311
12941,LOAD,123443019,4050.4518121028777
12942,LOAD,119788717,4174.015821540187
12943,LOAD,117587360,4252.157714910854
12944,LOAD,122204464,4091.503564059657
12945,LOAD,119961801,4167.993443179466
12946,LOAD,120302412,4156.192645580539
12947,LOAD,120598811,4145.9778571117085
12948,LOAD,121539691,4113.882435327238
12949,LOAD,118441473,4221.49427337838
12950,LOAD,116146592,4304.904615711841
12951,LOAD,123574236,4046.1508497612717
12952,LOAD,124642513,4011.4723938532916
12953,LOAD,122917826,4067.758243625298
12954,LOAD,123487082,4049.0065187547307
12955,LOAD,117820636,4243.73876236757
12956,LOAD,120254489,4157.848943169181
12957,LOAD,121550776,4113.507263828575
12958,LOAD,118132204,4232.546105717286
12959,LOAD,123549320,4046.9668307360976
12960,LOAD,122428644,4084.0115814727146
12961,LOAD,116339422,4297.769332221713
12962,LOAD,116397706,4295.617303660607
12963,LOAD,118149685,4231.919873506222
12964,LOAD,114209173,4377.932059800485
12965,LOAD,111838687,4470.724875373403
12966,LOAD,116178491,4303.722622804595
12967,LOAD,128167204,3901.1539956820775
12968,LOAD,125099172,3996.8290117859456
12969,LOAD,113544586,4403.556502465031
12970,LOAD,126007683,3968.0120139975907
12971,LOAD,115128382,4342.977737670281
12972,LOAD,120977913,4132.985828578478
12973,LOAD,114569555,4364.161142111445
12974,LOAD,107670170,4643.811744701434
12975,LOAD,121800903,4105.059877922252
12976,LOAD,114567133,4364.253402413413
12977,LOAD,121136212,4127.584904173824
12978,LOAD,129452321,3862.4259197330266
12979,LOAD,114925063,4350.661091219066
12980,LOAD,116516449,4291.239599998452
12981,LOAD,118347547,4224.844643379047
12982,LOAD,122985391,4065.523522220619
12983,LOAD,120386792,4153.2795391707095
12984,LOAD,117110094,4269.486795903349
12985,LOAD,116588585,4288.5845127977145
12986,LOAD,108521086,4607.399524180951
12987,LOAD,115091323,4344.376161181152
12988,LOAD,124556108,4014.255166033287
12989,LOAD,118271889,4227.547257658158
12990,LOAD,128352012,3895.5369082956017
12991,LOAD,125328288,3989.522301621163
12992,LOAD,112973480,4425.817457336005
12993,LOAD,114721018,4358.399260369185
12994,LOAD,112985911,4425.330517536828
12995,LOAD,117443685,4257.359601752959
12996,LOAD,119708518,4176.812213145935
12997,LOAD,116062383,4308.028036956642
12998,LOAD,120184168,4160.281743598707
12999,LOAD,116241033,4301.4070599320985
13000,LOAD,107136784,4666.9312007722765
13001,LOAD,119522206,4183.323055466362
13002,LOAD,113105073,4420.668204687865
13003,LOAD,120125039,4162.329553957522
13004,LOAD,114241663,4376.68698852887
13005,LOAD,116186382,4303.430328005222
13006,LOAD,114199392,4378.3070228605075
13007,LOAD,122285116,4088.8050513032185
13008,LOAD,114988483,4348.261555898603
13009,LOAD,128743908,3883.6789077429594
13010,LOAD,115459927,4330.5068086523215
13011,LOAD,124967290,4001.046993977384
13012,LOAD,369602901,1352.8032346261264
13013,LOAD,114702890,4359.088075287379
13014,LOAD,115934895,4312.765367148519
13015,LOAD,112318177,4451.639203510221
13016,LOAD,116068586,4307.797804997814
13017,LOAD,123110220,4061.4012386623954
13018,LOAD,117146881,4268.146072109252
13019,LOAD,114067926,4383.353125926038
13020,LOAD,114915923,4351.007127184629
13021,LOAD,119307822,4190.840060763157
13022,LOAD,108280165,4617.650887399369
13023,LOAD,120926699,4134.736200812031
13024,LOAD,113087444,4421.357334771843
13025,LOAD,111335075,4490.947708976708
13026,LOAD,117424069,4258.07080488754
13027,LOAD,118582525,4216.472874059648
13028,LOAD,114899463,4351.630433642671
13029,LOAD,114319352,4373.71268514538
13030,LOAD,116263591,4300.572481027186
13031,LOAD,122331751,4087.246327406856
13032,LOAD,114184760,4378.868073112384
13033,LOAD,122484880,4082.1365053384548
13034,LOAD,113448952,4407.268566041932
13035,LOAD,119403442,4187.483975545697
13036,LOAD,115217367,4339.623556924365
13037,LOAD,118157233,4231.649534311623
13038,LOAD,116649296,4286.352486859415
13039,LOAD,118781316,4209.416235125733
13040,LOAD,117418984,4258.25520684117
13041,LOAD,120732948,4141.371583173799
13042,LOAD,115194382,4340.489451994282
13043,LOAD,118934432,4203.997039309861
13044,LOAD,120524476,4148.534941566558
13045,LOAD,115328761,4335.4319916781205
13046,LOAD,122308975,4088.007441808747
13047,LOAD,119099674,4198.164303959388
13048,LOAD,116332293,4298.032705329723
13049,LOAD,115290925,4336.854787139578
13050,LOAD,114972491,4348.8663736093185
13051,LOAD,113560479,4402.940216551922
13052,LOAD,112521314,4443.602569376323
13053,LOAD,117480900,4256.010977103512
13054,LOAD,114708189,4358.886705115709
13055,LOAD,118604893,4215.677678660357
13056,LOAD,117794329,4244.68651627533
13057,LOAD,116837727,4279.439636822102
13058,LOAD,120371653,4153.801892211283
13059,LOAD,117022007,4272.700604083811
13060,LOAD,114206227,4378.044990489003
13061,LOAD,121106565,4128.595340805843
13062,LOAD,114531421,4365.614218651841
13063,LOAD,120456427,4150.8785579369705
13064,LOAD,119318476,4190.465858782843
13065,LOAD,118204328,4229.963559371531
13066,LOAD,115336198,4335.152438439144
13067,LOAD,124407476,4019.0510737473687
13068,LOAD,114133474,4380.8357222176555
13069,LOAD,114388209,4371.079889886203
13070,LOAD,112726750,4435.504438831068
13071,LOAD,117381240,4259.624451062197
13072,LOAD,114787376,4355.879691857404
13073,LOAD,125108971,3996.5159652699886
13074,LOAD,117919856,4240.168000205156
13075,LOAD,117389883,4259.310830048276
13076,LOAD,119855042,4171.706018007986
13077,LOAD,118237111,4228.790738975345
13078,LOAD,120522301,4148.6098079060075
13079,LOAD,124522101,4015.351459577445
13080,LOAD,123445705,4050.3636801296566
13081,LOAD,114432837,4369.37519953298
13082,LOAD,115967696,4311.5455186761665
13083,LOAD,112886171,4429.2404957202425
13084,LOAD,115748541,4319.708876503247
13085,LOAD,116037557,4308.949730818617
13086,LOAD,117344661,4260.952272894631
13087,LOAD,118173994,4231.04934576384
13088,LOAD,114757171,4357.026194031918
13089,LOAD,120515797,4148.833700199485
13090,LOAD,118964134,4202.947419429793
13091,LOAD,116630410,4287.046577303466
13092,LOAD,130543557,3830.13923850719
13093,LOAD,113873458,4390.83882040361
13094,LOAD,122241213,4090.273547923645
13095,LOAD,114373449,4371.643981812596
13096,LOAD,128304714,3896.9729514380897
13097,LOAD,123376544,4052.6341862842264
13098,LOAD,115659813,4323.022725274508
13099,LOAD,121004511,4132.07735701688
13100,LOAD,116234616,4301.644529027394
13101,LOAD,118406843,4222.7289177872935
13102,LOAD,114581921,4363.69014968775
13103,LOAD,116223221,4302.066279852973
13104,LOAD,118132481,4232.536181137176
13105,LOAD,115154611,4341.988528796298
13106,LOAD,114075724,4383.053488225067
13107,LOAD,121480725,4115.879288669046
13108,LOAD,112670293,4437.726988071292
13109,LOAD,122983364,4065.590529789053
13110,LOAD,114238568,4376.805563599151
13111,LOAD,123383375,4052.409816152298
13112,LOAD,115732996,4320.2890902435465
13113,LOAD,121697853,4108.535916406019
13114,LOAD,116719588,4283.771118177697
13115,LOAD,123578132,4046.0232883274202
13116,LOAD,122749855,4073.3245672673097
13117,LOAD,123258318,4056.521361909222
13118,LOAD,119328947,4190.098149445666
13119,LOAD,123508561,4048.3023682868425
13120,LOAD,113878467,4390.645687213193
13121,LOAD,122777932,4072.393074677296
13122,LOAD,117411114,4258.5406352587715
13123,LOAD,118580438,4216.5470834236585
13124,LOAD,122083293,4095.5644930056073
13125,LOAD,121607847,4111.576780074069
13126,LOAD,116525334,4290.9123950676685
13127,LOAD,121869243,4102.7579042236275
13128,LOAD,123589962,4045.636003998448
13129,LOAD,122707812,4074.7201979283927
13130,LOAD,118817986,4208.117111158575
13131,LOAD,116784825,4281.378167069223
13132,LOAD,117852103,4242.605666527648
13133,LOAD,126676082,3947.0750287335222
13134,LOAD,120007687,4166.399774041141
13135,LOAD,119706504,4176.8824858505595
13136,LOAD,118380679,4223.662207580343
13137,LOAD,115493944,4329.231323159247
13138,LOAD,105478792,4740.289403390209
13139,LOAD,118846865,4207.094566608888
13140,LOAD,115749525,4319.672154162188
13141,LOAD,120722745,4141.721595213893
13142,LOAD,113319456,4412.3049796497435
13143,LOAD,133345667,3749.653147709704
13144,LOAD,117987171,4237.748865086357
13145,LOAD,124897677,4003.277018514924
13146,LOAD,114986505,4348.3363547748495
13147,LOAD,127836080,3911.2588558723014
13148,LOAD,109285180,4575.1857662676675
13149,LOAD,121431916,4117.533647414408
13150,LOAD,115024403,4346.9036739969
13151,LOAD,126091670,3965.3690049469565
13152,LOAD,117871050,4241.923695428182
13153,LOAD,120344508,4154.738826968323
13154,LOAD,115738077,4320.099425878659
13155,LOAD,125718719,3977.1324745999045
13156,LOAD,111742200,4474.585250693113
13157,LOAD,117521141,4254.553655158948
13158,LOAD,117041517,4271.98837486018
13159,LOAD,126572199,3950.314555252374
13160,LOAD,118666191,4213.5000355745815
13161,LOAD,115377788,4333.58975472818
13162,LOAD,126692690,3946.5576111770933
13163,LOAD,118299768,4226.55097683708
13164,LOAD,117319640,4261.861014916173
13165,LOAD,125438869,3986.0053266264704
13166,LOAD,117504812,4255.144887172791
13167,LOAD,123510380,4048.242746884918
13168,LOAD,112852831,4430.549021849528
13169,LOAD,118359075,4224.433149718347
13170,LOAD,116636931,4286.806894807614
13171,LOAD,124470480,4017.0167255722
13172,LOAD,118403835,4222.836194452655
13173,LOAD,125519099,3983.457529439404
13174,LOAD,117194304,4266.418954969006
13175,LOAD,119122350,4197.365146003248
13176,LOAD,115858171,4315.621381594226
13177,LOAD,124569297,4013.8301494950233
13178,LOAD,116083562,4307.242053788805
13179,LOAD,122875172,4069.1702958511423
13180,LOAD,117115612,4269.285635462504
13181,LOAD,117647247,4249.993202135873
13182,LOAD,125036110,3998.8448137102155
13183,LOAD,126806178,3943.02555195694
13184,LOAD,121994545,4098.543914402075
13185,LOAD,118683982,4212.868422294762
13186,LOAD,121354938,4120.1454859628375
13187,LOAD,122827309,4070.7559586769094
13188,LOAD,116778475,4281.610973255131
13189,LOAD,123402464,4051.782953053514
13190,LOAD,121476681,4116.016307689539
13191,LOAD,117127943,4268.836173448381
13192,LOAD,122601106,4078.266634886638
13193,LOAD,128783991,3882.470143358113
13194,LOAD,116441843,4293.989060272775
13195,LOAD,129624416,3857.2979954640646
13196,LOAD,114872239,4352.661742755793
13197,LOAD,126293710,3959.0253544693555
13198,LOAD,113199792,4416.969246727944
13199,LOAD,127255730,3929.096159363511
13200,LOAD,115181050,4340.991855865179
13201,LOAD,118990271,4202.024214231767
13202,LOAD,115925836,4313.10238728837
13203,LOAD,125346850,3988.9315128381763
13204,LOAD,111874113,4469.309177897124
13205,LOAD,118520525,4218.678579089993
13206,LOAD,111497043,4484.423860460586
13207,LOAD,122996869,4065.1441298070763
13208,LOAD,115112461,4343.578407206497
13209,LOAD,121932599,4100.626117220711
13210,LOAD,113970666,4387.093780780398
13211,LOAD,116724070,4283.606628864123
13212,LOAD,114810864,4354.988566238819
13213,LOAD,123324500,4054.3444327769425
13214,LOAD,117480281,4256.033401894911
13215,LOAD,118498174,4219.474301772785
13216,LOAD,112657571,4438.228124055684
13217,LOAD,118550228,4217.621580618133
13218,LOAD,112824465,4431.662937643888
13219,LOAD,116982077,4274.159023522894
13220,LOAD,117197567,4266.300169866154
13221,LOAD,123652477,4043.5906512410584
13222,LOAD,116219926,4302.18824954337
13223,LOAD,123809470,4038.4632936398157
13224,LOAD,118721553,4211.535204563909
13225,LOAD,120679413,4143.208750940809
13226,LOAD,123607403,4045.065164907639
13227,LOAD,120951018,4133.90485063962
13228,LOAD,116446712,4293.8095152055475
13229,LOAD,123221922,4057.7195346782532
13230,LOAD,108748126,4597.78037922235
13231,LOAD,122305556,4088.1217203247907
13232,LOAD,117109801,4269.49747784133
13233,LOAD,118684758,4212.840877174809
13234,LOAD,114113367,4381.607634099518
13235,LOAD,119871654,4171.1278965083775
13236,LOAD,117397605,4259.030667618816
13237,LOAD,121133985,4127.660788176003
13238,LOAD,115812741,4317.314275464735
13239,LOAD,117666683,4249.291194857597
13240,LOAD,116614467,4287.632682829996
13241,LOAD,121276962,4122.794566704268
13242,LOAD,112873110,4429.753020892221
13243,LOAD,121646025,4110.286382148533
13244,LOAD,117912149,4240.445147005165
13245,LOAD,119513800,4183.617289384154
13246,LOAD,115127084,4343.026702561146
13247,LOAD,121228731,4124.434825602522
13248,LOAD,117168834,4267.3463832541
13249,LOAD,117979087,4238.0392382592345
13250,LOAD,114233489,4377.000163235844
13251,LOAD,118023898,4236.430150781836
13252,LOAD,119162301,4195.957914575685
13253,LOAD,118737763,4210.960248594207
13254,LOAD,111298403,4492.427443006527
13255,LOAD,123853287,4037.034560092054
13256,LOAD,118211112,4229.720806619263
13257,LOAD,124161921,4026.9995500472323
13258,LOAD,117142080,4268.320999592973
13259,LOAD,119185040,4195.157378811972
13260,LOAD,116156429,4304.540044012545
13261,LOAD,119016265,4201.106462213379
13262,LOAD,115893546,4314.304094207283
13263,LOAD,122689640,4075.3237192643155
13264,LOAD,116805302,4280.627603702442
13265,LOAD,125794113,3974.7488024340214
13266,LOAD,113673118,4398.577331185726
13267,LOAD,125372967,3988.1005607851653
13268,LOAD,118473394,4220.356850754188
13269,LOAD,123144642,4060.2659756808584
13270,LOAD,118560768,4217.246635919227
13271,LOAD,120683411,4143.071494722668
13272,LOAD,123452163,4050.151798474361
13273,LOAD,123420238,4051.19944753307
13274,LOAD,115041184,4346.269593331029
13275,LOAD,120169494,4160.789759171325
13276,LOAD,117967312,4238.462261477993
13277,LOAD,118713351,4211.82618288654
13278,LOAD,116843259,4279.237024705037
13279,LOAD,125285974,3990.8697201811274
13280,LOAD,106797841,4681.742583167013
13281,LOAD,122650434,4076.6264226998173
13282,LOAD,117406401,4258.711584217627
13283,LOAD,118988802,4202.076091160242
13284,LOAD,117327475,4261.576412515483
13285,LOAD,119551825,4182.286635942195
13286,LOAD,116511835,4291.409537923765
13287,LOAD,131015757,3816.334855051061
13288,LOAD,116668954,4285.630262871818
13289,LOAD,126491917,3952.821744333276
13290,LOAD,119401496,4187.552222963773
13291,LOAD,117787269,4244.9409366983455
13292,LOAD,121848570,4103.453983908059
13293,LOAD,126959089,3938.276526228067
13294,LOAD,120369872,4153.863352118543
13295,LOAD,120245225,4158.169274497178
13296,LOAD,119528357,4183.1077791858215
13297,LOAD,118594721,4216.039261983677
13298,LOAD,127980443,3906.846923478769
13299,LOAD,119595764,4180.750080747007
13300,LOAD,126323160,3958.1023780595738
13301,LOAD,111753766,4474.122151731334
13302,LOAD,123083000,4062.2994239659415
13303,LOAD,118778626,4209.511566500189
13304,LOAD,119153493,4196.26808590496
13305,LOAD,116366555,4296.767228350104
13306,LOAD,118783594,4209.33550806688
13307,LOAD,110565789,4522.1944737354515
13308,LOAD,127589858,3918.806775378651
13309,LOAD,116745096,4282.835143670617
13310,LOAD,124501718,4016.008839331839
13311,LOAD,110888489,4509.034296607649
13312,LOAD,120037440,4165.3670721401595
13313,LOAD,121724592,4107.633402459875
13314,LOAD,117497529,4255.408639274448
13315,LOAD,128903763,3878.8627140388444
13316,LOAD,126834258,3942.152600443328
13317,LOAD,122875217,4069.168805618467
13318,LOAD,118742836,4210.780345519118
13319,LOAD,120112331,4162.769932422675
13320,LOAD,116504225,4291.689850732881
13321,LOAD,121224779,4124.5692846344555
13322,LOAD,118819698,4208.056478985496
13323,LOAD,119538921,4182.738105859263
13324,LOAD,119324318,4190.260697739752
13325,LOAD,116100874,4306.599793555387
13326,LOAD,117903769,4240.746536270609
13327,LOAD,114851697,4353.440245641299
13328,LOAD,120913622,4135.18337909024
13329,LOAD,115865325,4315.354917444024
13330,LOAD,121134253,4127.651656051406
13331,LOAD,114161956,4379.742757736211
13332,LOAD,118582757,4216.464624785203
13333,LOAD,114829433,4354.284323601946
13334,LOAD,118776567,4209.5845386741985
13335,LOAD,113102115,4420.783820001951
13336,LOAD,123263769,4056.3419734472013
13337,LOAD,115504405,4328.8392334474165
13338,LOAD,120387491,4153.255424186887
13339,LOAD,111216553,4495.733652165968
13340,LOAD,119417398,4186.994595209652
13341,LOAD,110356568,4530.767937618357
13342,LOAD,118219427,4229.423307896764
13343,LOAD,114444275,4368.938507408955
13344,LOAD,123268980,4056.1704980441955
13345,LOAD,116635830,4286.847360712399
13346,LOAD,118267868,4227.690990421845
13347,LOAD,117071286,4270.902089518348
13348,LOAD,117407889,4258.6576103076
13349,LOAD,114931435,4350.419882950213
13350,LOAD,121188991,4125.787300267233
13351,LOAD,110968383,4505.78792339436
13352,LOAD,121155763,4126.91883257753
13353,LOAD,113192237,4417.264056721487
13354,LOAD,121856441,4103.188931966263
13355,LOAD,112634020,4439.156127074219
13356,LOAD,120963116,4133.49140245362
13357,LOAD,115776613,4318.661489950478
13358,LOAD,113593662,4401.654028901718
13359,LOAD,117913764,4240.387067959259
13360,LOAD,116788231,4281.25330539513
13361,LOAD,115906449,4313.823814928538
13362,LOAD,122288200,4088.7019352643997
13363,LOAD,111408522,4487.987014135238
13364,LOAD,119383743,4188.174934337584
13365,LOAD,112386919,4448.916336962668
13366,LOAD,116693501,4284.728761372923
13367,LOAD,115794849,4317.981363747881
13368,LOAD,120290294,4156.611338899878
13369,LOAD,110542156,4523.161281565741
13370,LOAD,115572001,4326.307372665461
13371,LOAD,116589391,4288.554865167792
13372,LOAD,117793810,4244.705218381169
13373,LOAD,119165357,4195.850309079341
13374,LOAD,124249813,4024.1509256838876
13375,LOAD,116479806,4292.589566984684
13376,LOAD,123487548,4048.9912391814596
13377,LOAD,114287602,4374.927737131102
13378,LOAD,120307196,4156.027375120603
13379,LOAD,118155996,4231.693836341577
13380,LOAD,116049989,4308.488129197496
13381,LOAD,112978812,4425.608582253458
13382,LOAD,118924102,4204.362207418644
13383,LOAD,114200249,4378.274166460004
13384,LOAD,117106600,4269.614180584186
13385,LOAD,115394514,4332.961617222115
13386,LOAD,113325250,4412.079390956561
13387,LOAD,118799690,4208.7651912223
13388,LOAD,110126610,4540.228742172305
13389,LOAD,122065858,4096.149473671828
13390,LOAD,114532692,4365.565772260028
13391,LOAD,113515335,4404.691225198781
13392,LOAD,108788896,4596.057303495386
13393,LOAD,119585229,4181.118388793653
13394,LOAD,116667628,4285.678971719559
13395,LOAD,120519854,4148.694040070775
13396,LOAD,114337357,4373.023945271011
13397,LOAD,124130808,4028.008904928742
13398,LOAD,115522558,4328.159007697874
13399,LOAD,121084135,4129.360134587409
13400,LOAD,113658323,4399.149897715805
13401,LOAD,123137170,4060.5123538246007
13402,LOAD,124032032,4031.216710212407
13403,LOAD,121965101,4099.533357497076
13404,LOAD,118105643,4233.497970964859
13405,LOAD,120738243,4141.189962487693
13406,LOAD,116456761,4293.439004370042
13407,LOAD,121192443,4125.669782892322
13408,LOAD,119391391,4187.906647305918
13409,LOAD,121165190,4126.597746431958
13410,LOAD,118025031,4236.389482498844
13411,LOAD,118882536,4205.832217441929
13412,LOAD,120728583,4141.521316455773
13413,LOAD,119978923,4167.398635508672
13414,LOAD,123359379,4053.1980952984527
13415,LOAD,126231526,3960.975644071672
13416,LOAD,116415286,4294.968617781002
13417,LOAD,121294405,4122.201679459164
13418,LOAD,116614863,4287.618122914572
13419,LOAD,119310523,4190.74518682648
13420,LOAD,127795804,3912.491524369611
13421,LOAD,121638491,4110.540963550757
13422,LOAD,119334084,4189.9177773887295
13423,LOAD,116114582,4306.091374466645
13424,LOAD,119566747,4181.764684122417
13425,LOAD,120177857,4160.500215942443
13426,LOAD,119301593,4191.058873790562
13427,LOAD,114795614,4355.567103809384
13428,LOAD,119242702,4193.128733362651
13429,LOAD,116814146,4280.303517349688
13430,LOAD,115268234,4337.708513865146
13431,LOAD,120580108,4146.620933529102
13432,LOAD,115676931,4322.382999597387
13433,LOAD,117188424,4266.63302511859
13434,LOAD,127716903,3914.908584966236
13435,LOAD,117681957,4248.7396772302145
13436,LOAD,119930915,4169.066833184755
13437,LOAD,111830350,4471.058169808106
13438,LOAD,117414235,4258.427438546953
13439,LOAD,119786453,4174.094711694986
13440,LOAD,117065819,4271.101541603703
13441,LOAD,115851381,4315.874318321678
13442,LOAD,113682933,4398.197572893374
13443,LOAD,115109097,4343.705345894599
13444,LOAD,118712843,4211.844206275137
13445,LOAD,114820653,4354.617283007439
13446,LOAD,113344329,4411.336715399321
13447,LOAD,108395836,4612.723315312593
13448,LOAD,115885098,4314.618606095496
13449,LOAD,130720836,3824.944938387634
13450,LOAD,121973170,4099.26215740724
13451,LOAD,115851021,4315.887729638567
13452,LOAD,115666552,4322.770856003384
13453,LOAD,121362599,4119.885402256424
13454,LOAD,114083566,4382.75220113649
13455,LOAD,121101355,4128.772960467701
13456,LOAD,120893634,4135.867071379457
13457,LOAD,115637431,4323.859460350689
13458,LOAD,119494082,4184.307637929717
13459,LOAD,115406472,4332.512651456844
13460,LOAD,117618250,4251.040973658425
13461,LOAD,116227550,4301.906045511585
13462,LOAD,123076988,4062.49785703238
13463,LOAD,115779612,4318.549625127436
13464,LOAD,123012562,4064.625529870681
13465,LOAD,116915089,4276.607957763262
13466,LOAD,120814703,4138.569127633414
13467,LOAD,109889882,4550.009435809568
13468,LOAD,131394884,3805.3231966017793
13469,LOAD,114454960,4368.530642970825
13470,LOAD,125362408,3988.4364697270335
13471,LOAD,112932278,4427.432164256884
13472,LOAD,120267134,4157.41178300632
13473,LOAD,113110320,4420.463137227443
13474,LOAD,118764325,4210.018454615896
13475,LOAD,115538730,4327.553193634723
13476,LOAD,120407185,4152.57611080269
13477,LOAD,115725947,4320.55224400108
13478,LOAD,118850767,4206.956443116602
13479,LOAD,118679552,4213.025677751126
13480,LOAD,119765401,4174.828421440346
13481,LOAD,122829141,4070.6952432403637
13482,LOAD,116874285,4278.101038222394
13483,LOAD,115798715,4317.837205706471
13484,LOAD,121412563,4118.1899767654195
13485,LOAD,113704355,4397.368948621185
13486,LOAD,143383664,3487.147601417132
13487,LOAD,121935391,4100.532223659331
13488,LOAD,125165368,3994.71521547398
13489,LOAD,115154481,4341.993430546572
13490,LOAD,124949270,4001.624019091908
13491,LOAD,116620388,4287.414992994192
13492,LOAD,117809086,4244.154818415279
13493,LOAD,113924455,4388.873310826899
13494,LOAD,122498477,4081.6833992148327
13495,LOAD,118437674,4221.629681785206
13496,LOAD,119961740,4167.995562585204
13497,LOAD,112732421,4435.281310954902
13498,LOAD,123943595,4034.0930888764365
13499,LOAD,121676721,4109.24945947549
13500,LOAD,120705354,4142.318326658484
13501,LOAD,116755051,4282.469972112812
13502,LOAD,117536415,4254.00077073986
13503,LOAD,115727937,4320.477949935287
13504,LOAD,118233904,4228.905441539002
13505,LOAD,114773259,4356.415460852253
13506,LOAD,121418572,4117.986167717406
13507,LOAD,115547842,4327.211926640742
13508,LOAD,121361317,4119.928922656632
13509,LOAD,113850740,4391.7149769953185
13510,LOAD,122631852,4077.244140453819
13511,LOAD,116712639,4284.026171321513
13512,LOAD,499176420,1001.6498776124081
13513,LOAD,117833598,4243.271940147325
13514,LOAD,122770647,4072.634723510091
13515,LOAD,115039634,4346.328153304104
13516,LOAD,120520557,4148.669840614825
13517,LOAD,116995156,4273.681211211856
13518,LOAD,116352062,4297.302440587602
13519,LOAD,118243846,4228.549873115596
13520,LOAD,114848418,4353.5645393043205
13521,LOAD,117431152,4257.813974268089
13522,LOAD,117644095,4250.1070708223815
13523,LOAD,115507690,4328.716122710099
13524,LOAD,117987153,4237.749511593011
13525,LOAD,117152920,4267.926057668899
13526,LOAD,118262253,4227.891717909349
13527,LOAD,107243601,4662.2828340126325
13528,LOAD,116506892,4291.591608159971
13529,LOAD,119583933,4181.163701983276
13530,LOAD,121939267,4100.401882848779
13531,LOAD,114990188,4348.1970826936995
13532,LOAD,119739740,4175.7231141474
13533,LOAD,117909383,4240.544622305419
13534,LOAD,119272852,4192.068786952457
13535,LOAD,117200827,4266.181500579343
13536,LOAD,120984773,4132.751482701051
13537,LOAD,112638683,4438.972355527275
13538,LOAD,124914976,4002.722619904278
13539,LOAD,112743828,4434.832565734774
13540,LOAD,113934958,4388.468726165678
13541,LOAD,118261316,4227.925216052898
13542,LOAD,115818059,4317.116038009237
13543,LOAD,119245261,4193.038748936111
13544,LOAD,119881485,4170.785839030939
13545,LOAD,120695401,4142.659917920153
13546,LOAD,116367260,4296.741196793669
13547,LOAD,118291918,4226.831456059407
13548,LOAD,123603423,4045.195415016945
13549,LOAD,119785687,4174.121404003802
13550,LOAD,117080041,4270.582720414319
13551,LOAD,113618529,4400.690665516361
13552,LOAD,114305352,4374.248372902084
13553,LOAD,109806826,4553.4509849141805
13554,LOAD,115002034,4347.749188505658
13555,LOAD,117283133,4263.1876145395945
13556,LOAD,120549093,4147.687780612336
13557,LOAD,118070697,4234.750981439535
13558,LOAD,122663776,4076.183012660559
13559,LOAD,121549566,4113.548212915874
13560,LOAD,117661762,4249.468914123519
13561,LOAD,121404487,4118.463924648848
13562,LOAD,118656912,4213.829532324253
13563,LOAD,113876253,4390.731050836384
13564,LOAD,114671793,4360.270184316382
13565,LOAD,117391545,4259.250527795677
13566,LOAD,123984987,4032.746319520121
13567,LOAD,113457871,4406.922107678189
13568,LOAD,114346828,4372.6617409973105
13569,LOAD,119330491,4190.04393437047
13570,LOAD,120838515,4137.753596194061
13571,LOAD,115243057,4338.656167373276
13572,LOAD,121213104,4124.966554771174
13573,LOAD,115386414,4333.265786386255
13574,LOAD,122337112,4087.0672180000456
13575,LOAD,118425360,4222.068651511805
13576,LOAD,118351724,4224.695535487088
13577,LOAD,112262815,4453.834513235749
13578,LOAD,115530655,4327.855667398406
13579,LOAD,115132622,4342.817798416855
13580,LOAD,125329383,3989.4874452545578
13581,LOAD,116594412,4288.370183641391
13582,LOAD,113976755,4386.8594083065445
13583,LOAD,122760300,4072.977990441535
13584,LOAD,113503120,4405.165250082994
13585,LOAD,128036386,3905.1399029647714
13586,LOAD,116314149,4298.703161212141
13587,LOAD,114313502,4373.936510142083
13588,LOAD,117005813,4273.291960289186
13589,LOAD,123092334,4061.991382826489
13590,LOAD,118978415,4202.442938914593
13591,LOAD,122823840,4070.87093189726
13592,LOAD,119838202,4172.292237829136
13593,LOAD,114388350,4371.074501905133
13594,LOAD,123755261,4040.232277478692
13595,LOAD,117515406,4254.761286362743
13596,LOAD,116230964,4301.779687553826
13597,LOAD,119748883,4175.4042916625785
13598,LOAD,118734218,4211.08597354808
13599,LOAD,123229232,4057.4788293738616
13600,LOAD,115583877,4325.862853691956
13601,LOAD,118483870,4219.983699046968
13602,LOAD,131358103,3806.388708277859
13603,LOAD,115749656,4319.66726536103
13604,LOAD,117362299,4260.311908170783
13605,LOAD,131556494,3800.648563954585
13606,LOAD,114452851,4368.611141019109
13607,LOAD,123575270,4046.116994120264
13608,LOAD,115040673,4346.288899057467
13609,LOAD,119285962,4191.608061977989
13610,LOAD,122780220,4072.317185944121
13611,LOAD,119021611,4200.917764421791
13612,LOAD,114296846,4374.573905565163
13613,LOAD,125208647,3993.3344220227855
13614,LOAD,117579682,4252.435382500864
13615,LOAD,115330871,4335.352674133537
13616,LOAD,117536125,4254.01126674884
13617,LOAD,123342368,4053.7570999123354
13618,LOAD,115288884,4336.931564017916
13619,LOAD,113017245,4424.103595871586
13620,LOAD,113861585,4391.296678330976
13621,LOAD,130000576,3846.1368048092336
13622,LOAD,118495025,4219.586434114006
13623,LOAD,121693815,4108.6722443535855
13624,LOAD,121984876,4098.868781077418
13625,LOAD,114863387,4352.997182644457
13626,LOAD,119347273,4189.454751932204
13627,LOAD,119103723,4198.021584933999
13628,LOAD,118370093,4224.039935492828
13629,LOAD,118908528,4204.91287218693
13630,LOAD,120234393,4158.543886856068
13631,LOAD,117619732,4250.987410853818
13632,LOAD,110176279,4538.181943864704
13633,LOAD,118896199,4205.348902701255
13634,LOAD,121528092,4114.275076416076
13635,LOAD,115453789,4330.737036269983
13636,LOAD,115049041,4345.972775209834
13637,LOAD,121129341,4127.819039319301
13638,LOAD,122188852,4092.0263331388037
13639,LOAD,114651173,4361.054378396983
13640,LOAD,117632011,4250.543672164204
13641,LOAD,117296556,4262.69975053658
13642,LOAD,116591859,4288.464085644264
13643,LOAD,114705572,4358.986152826124
13644,LOAD,115337640,4335.098238528203
13645,LOAD,118222248,4229.3223860876005
13646,LOAD,117025336,4272.579059290204
13647,LOAD,117008495,4273.194010400697
13648,LOAD,118185420,4230.640293870428
13649,LOAD,111433058,4486.998822198705
13650,LOAD,121527724,4114.287534916724
13651,LOAD,108436632,4610.9879178099145
13652,LOAD,113784363,4394.276918349493
13653,LOAD,116887220,4277.627614036846
13654,LOAD,115596815,4325.378687985478
13655,LOAD,122268655,4089.355526156724
13656,LOAD,124762855,4007.603064229333
13657,LOAD,121517801,4114.623502773886
13658,LOAD,119432979,4186.448367833143
13659,LOAD,120981255,4132.871658506105
13660,LOAD,115181178,4340.987031752706
13661,LOAD,125168859,3994.603801573361
13662,LOAD,118732572,4211.144352200169
13663,LOAD,111856231,4470.02366814952
13664,LOAD,124787101,4006.824391248579
13665,LOAD,117753613,4246.154213544174
13666,LOAD,117282096,4263.225309343039
13667,LOAD,117734003,4246.861461085291
13668,LOAD,113434806,4407.818178840099
13669,LOAD,114323046,4373.571361980681
13670,LOAD,115918359,4313.380592283919
13671,LOAD,124437550,4018.0797516505268
13672,LOAD,122799104,4071.6909465398053
13673,LOAD,107041269,4671.095593980674
13674,LOAD,113689480,4397.944295285721
13675,LOAD,122820837,4070.970465703633
13676,LOAD,118485125,4219.939000781744
13677,LOAD,115927583,4313.037389902281
13678,LOAD,118570999,4216.882747188459
13679,LOAD,123892396,4035.7601930630185
13680,LOAD,119942501,4168.664116817107
13681,LOAD,123028397,4064.102371422429
13682,LOAD,114172521,4379.337476484381
13683,LOAD,121470695,4116.21914240303
13684,LOAD,116846272,4279.126680224766
13685,LOAD,116597727,4288.248260620037
13686,LOAD,116027311,4309.330240360392
13687,LOAD,113719300,4396.7910460229705
13688,LOAD,120800470,4139.05674373618
13689,LOAD,119211711,4194.218804560233
13690,LOAD,117310858,4262.180061797861
13691,LOAD,116551771,4289.939103542236
13692,LOAD,115492548,4329.283652136586
13693,LOAD,111592402,4480.591787960618
13694,LOAD,114789458,4355.800686854014
13695,LOAD,121733278,4107.3403116607105
13696,LOAD,119848215,4171.943653895889
13697,LOAD,116448953,4293.726883057506
13698,LOAD,117050745,4271.651581542688
13699,LOAD,114895011,4351.799052441015
13700,LOAD,114450008,4368.719659678835
13701,LOAD,119701169,4177.068646672949
13702,LOAD,121794850,4105.263892520907
13703,LOAD,115042274,4346.228413391759
13704,LOAD,115308828,4336.181441372381
13705,LOAD,118527728,4218.422207502365
13706,LOAD,118591379,4216.15807334528
13707,LOAD,122322098,4087.5688708347693
13708,LOAD,115118670,4343.344133492856
13709,LOAD,115620908,4324.4773687471825
13710,LOAD,115133405,4342.788263753686
13711,LOAD,110914983,4507.957234235883
13712,LOAD,120706903,4142.265169374778
13713,LOAD,117450510,4257.112208367593
13714,LOAD,121221453,4124.682452040894
13715,LOAD,115238795,4338.816628549439
13716,LOAD,115635172,4323.943929447349
13717,LOAD,114447498,4368.815472051648
13718,LOAD,117044443,4271.881579204917
13719,LOAD,119753204,4175.25363246231
13720,LOAD,120593117,4146.173616194032
13721,LOAD,119771269,4174.6238824604925
13722,LOAD,116302753,4299.124372404151
13723,LOAD,130078397,3843.835806186941
13724,LOAD,123506384,4048.373726171111
13725,LOAD,116646784,4286.444793883044
13726,LOAD,119235507,4193.381758338143
13727,LOAD,116981173,4274.192053109265
13728,LOAD,114543130,4365.167950273404
13729,LOAD,114717418,4358.5360332987975
13730,LOAD,114741231,4357.631477737937
13731,LOAD,117336488,4261.249066871679
13732,LOAD,123135856,4060.555684121772
13733,LOAD,120386741,4153.281298644009
13734,LOAD,114028272,4384.87746266996
13735,LOAD,121366176,4119.763977732972
13736,LOAD,118227660,4229.128784245582
13737,LOAD,112332232,4451.082214764503
13738,LOAD,116665582,4285.754130982692
13739,LOAD,115687914,4321.972647894749
13740,LOAD,116136048,4305.2954583059345
13741,LOAD,118614724,4215.328275771227
13742,LOAD,117073622,4270.816871113802
13743,LOAD,112593932,4440.736646447342
13744,LOAD,125865390,3972.4979201987135
13745,LOAD,114080754,4382.860232498113
13746,LOAD,120358969,4154.239639590133
13747,LOAD,120305242,4156.094877395284
13748,LOAD,113374958,4410.1449634054115
13749,LOAD,108611145,4603.579126248968
13750,LOAD,124867607,4004.2410679016216
13751,LOAD,114230745,4377.10530558126
13752,LOAD,114918899,4350.89445122512
13753,LOAD,124768729,4007.414389866871
13754,LOAD,118773327,4209.699371307499
13755,LOAD,123298446,4055.2011498993265
13756,LOAD,125174225,3994.4325598980145
13757,LOAD,115290411,4336.874122167887
13758,LOAD,125841624,3973.248151978713
13759,LOAD,112526471,4443.398922552187
13760,LOAD,123583760,4045.839032571917
13761,LOAD,122867390,4069.428023171974
13762,LOAD,119965994,4167.847765259212
13763,LOAD,115832696,4316.570513044089
13764,LOAD,117384205,4259.516857485212
13765,LOAD,119011206,4201.285045376315
13766,LOAD,114813609,4354.88444579771
13767,LOAD,119139804,4196.750231350053
13768,LOAD,121599644,4111.854143257196
13769,LOAD,120749157,4140.815658033953
13770,LOAD,119052385,4199.831863931159
13771,LOAD,115282007,4337.190278097778
13772,LOAD,121486103,4115.697085122567
13773,LOAD,121878758,4102.437604426524
13774,LOAD,122035646,4097.1635451497505
13775,LOAD,124068436,4030.0338758199546
13776,LOAD,121320413,4121.317984632973
13777,LOAD,121316442,4121.45288599875
13778,LOAD,119887721,4170.568894207273
13779,LOAD,116171492,4303.981909778692
13780,LOAD,117357988,4260.468405439944
13781,LOAD,118877134,4206.023338348651
13782,LOAD,116327328,4298.216150894483
13783,LOAD,115652692,4323.28890364264
13784,LOAD,120132065,4162.086117474131
13785,LOAD,118898624,4205.263132397562
13786,LOAD,125247491,3992.095937474707
13787,LOAD,117944455,4239.283652631232
13788,LOAD,118912068,4204.787692364412
13789,LOAD,119733781,4175.930934645754
13790,LOAD,117840170,4243.0352909368685
13791,LOAD,113492211,4405.588679561455
13792,LOAD,118080961,4234.38288243606
13793,LOAD,115232758,4339.043937488678
13794,LOAD,124669363,4010.608444353726
13795,LOAD,115767737,4318.992604994948
13796,LOAD,116672038,4285.516980512503
13797,LOAD,123530179,4047.5939082060268
13798,LOAD,122615692,4077.7814963520327
13799,LOAD,114739847,4357.684039791338
13800,LOAD,125032647,3998.955568780368
13801,LOAD,114913061,4351.115492433014
13802,LOAD,124925193,4002.395257456196
13803,LOAD,114972888,4348.851357026015
13804,LOAD,123148413,4060.1416438878514
13805,LOAD,118680878,4212.978606376673
13806,LOAD,117166267,4267.43987670103
13807,LOAD,115918282,4313.383457494651
13808,LOAD,122848237,4070.0624787965003
13809,LOAD,114836322,4354.023111259171
13810,LOAD,123178333,4059.1554360457208
13811,LOAD,120922826,4134.868631006027
13812,LOAD,120222994,4158.938181160253
13813,LOAD,119475063,4184.973729622557
13814,LOAD,113915764,4389.208152086834
13815,LOAD,117024941,4272.593480735017
13816,LOAD,120563982,4147.175563594109
13817,LOAD,114520400,4366.034348465426
13818,LOAD,114668730,4360.38665467037
13819,LOAD,131094745,3814.0354138527823
13820,LOAD,119256311,4192.65023215417
13821,LOAD,120557581,4147.395757716804
13822,LOAD,120668368,4143.587986538444
13823,LOAD,116429863,4294.430888405323
13824,LOAD,121713218,4108.017257418993
13825,LOAD,121256328,4123.496136218145
13826,LOAD,112743733,4434.836302608501
13827,LOAD,115530862,4327.8479130537435
13828,LOAD,115346918,4334.749542246113
13829,LOAD,116281278,4299.918341110768
13830,LOAD,127624008,3917.758169763795
13831,LOAD,119062202,4199.4855764552385
13832,LOAD,117995997,4237.431885083355
13833,LOAD,115757336,4319.380674068035
13834,LOAD,117866273,4242.095616275234
13835,LOAD,117409496,4258.599321472259
13836,LOAD,114702252,4359.112321526172
13837,LOAD,117571872,4252.71786095232
13838,LOAD,122251220,4089.938734353735
13839,LOAD,129512511,3860.6308853049727
13840,LOAD,121023295,4131.436018164933
13841,LOAD,118414544,4222.454295816905
13842,LOAD,117141024,4268.359477547337
13843,LOAD,116060144,4308.111146234663
13844,LOAD,113319989,4412.284226395398
13845,LOAD,114166691,4379.5611103417195
13846,LOAD,112762159,4434.11162427282
13847,LOAD,112372941,4449.469734889291
13848,LOAD,115706562,4321.276091497732
13849,LOAD,125557556,3982.237436988659
13850,LOAD,113628133,4400.318713324278
13851,LOAD,121133751,4127.668761780521
13852,LOAD,115135704,4342.701548079299
13853,LOAD,111323140,4491.429185342778
13854,LOAD,115994165,4310.56165626952
13855,LOAD,117787597,4244.92911592381
13856,LOAD,115305270,4336.315243873935
13857,LOAD,119511730,4183.6897516252175
13858,LOAD,117242293,4264.672646755553
13859,LOAD,114296722,4374.578651520732
13860,LOAD,116114755,4306.084958797872
13861,LOAD,120734596,4141.315054385903
13862,LOAD,112250019,4454.342230445413
13863,LOAD,111367304,4489.648056847996
13864,LOAD,118710281,4211.935106109301
13865,LOAD,113151097,4418.870106049436
13866,LOAD,121982878,4098.935917875294
13867,LOAD,112575566,4441.461124876778
13868,LOAD,115543877,4327.36041910728
13869,LOAD,109230319,4577.483656346367
13870,LOAD,110291347,4533.447215945236
13871,LOAD,119922028,4169.375788074564
13872,LOAD,113610912,4400.985708133388
13873,LOAD,109039742,4585.484070569426
13874,LOAD,115747126,4319.761684622736
13875,LOAD,110214121,4536.623759853785
13876,LOAD,118950272,4203.4372145025445
13877,LOAD,109516391,4565.526634273403
13878,LOAD,115298009,4336.588327383866
13879,LOAD,120039488,4165.296006594097
13880,LOAD,123116177,4061.204726979136
13881,LOAD,115760952,4319.24575050143
13882,LOAD,116648155,4286.394414039381
13883,LOAD,106173251,4709.284073820063
13884,LOAD,119886117,4170.624693766668
13885,LOAD,116695006,4284.673501794927
13886,LOAD,122879455,4069.0284637085997
13887,LOAD,115688808,4321.93924930059
13888,LOAD,112495336,4444.628708873762
13889,LOAD,115927116,4313.054764512558
13890,LOAD,119452320,4185.770523335168
13891,LOAD,120848698,4137.4049391909875
13892,LOAD,117397121,4259.048226574483
13893,LOAD,113090644,4421.232228547571
13894,LOAD,113514512,4404.723159977994
13895,LOAD,117506251,4255.09277800038
13896,LOAD,120748058,4140.853346063753
13897,LOAD,114920539,4350.832360784524
13898,LOAD,119402957,4187.50098458617
13899,LOAD,121092329,4129.080711627901
13900,LOAD,113141198,4419.256723797462
13901,LOAD,116687862,4284.935823059301
13902,LOAD,115503937,4328.85677308125
13903,LOAD,117015329,4272.9444447402275
13904,LOAD,115339668,4335.022015149202
13905,LOAD,122184637,4092.1674956565935
13906,LOAD,110482855,4525.589060854736
13907,LOAD,113962266,4387.417147356477
13908,LOAD,128198415,3900.204226393907
13909,LOAD,118623695,4215.00948861861
13910,LOAD,113802342,4393.582690943214
13911,LOAD,125393839,3987.4367352290724
13912,LOAD,118035525,4236.012844438146
13913,LOAD,114092107,4382.424105814786
13914,LOAD,125410055,3986.921144401061
13915,LOAD,113208933,4416.612600703515
13916,LOAD,112176052,4457.2793487151785
13917,LOAD,122250537,4089.961584381425
13918,LOAD,114587136,4363.491552838881
13919,LOAD,113435124,4407.805822119081
13920,LOAD,118287775,4226.979499783473
13921,LOAD,118534042,4218.197503127414
13922,LOAD,113977275,4386.839394080969
13923,LOAD,117019698,4272.784911818863
13924,LOAD,110808758,4512.278713565222
13925,LOAD,116886809,4277.642655126294
13926,LOAD,113229914,4415.794222010978
13927,LOAD,126413579,3955.271292493032
13928,LOAD,131622143,3798.7529195600473
13929,LOAD,118594046,4216.063258352785
13930,LOAD,124691775,4009.8875807967283
13931,LOAD,118653434,4213.953049180186
13932,LOAD,109971072,4546.650231799141
13933,LOAD,122686585,4075.425198280643
13934,LOAD,119035734,4200.41934634519
13935,LOAD,118299541,4226.559086987498
13936,LOAD,120953684,4133.813733197246
13937,LOAD,119859717,4171.543305078886
13938,LOAD,116222861,4302.079605491728
13939,LOAD,118101122,4233.660032459303
13940,LOAD,116089398,4307.025521831029
13941,LOAD,122077219,4095.7682694262558
13942,LOAD,118549133,4217.660537424597
13943,LOAD,114021255,4385.147313104035
13944,LOAD,110422073,4528.0801783172465
13945,LOAD,119799100,4173.654059170729
13946,LOAD,124168429,4026.788484212843
13947,LOAD,114439174,4369.133248025716
13948,LOAD,117252006,4264.319366953944
13949,LOAD,110248471,4535.210288766726
13950,LOAD,116481614,4292.522938427003
13951,LOAD,121915715,4101.194009320291
13952,LOAD,116582195,4288.819574893061
13953,LOAD,115465310,4330.304920153075
13954,LOAD,121805981,4104.888741054513
13955,LOAD,117731220,4246.9618509007205
13956,LOAD,116492763,4292.112120303988
13957,LOAD,119728971,4176.098698785276
13958,LOAD,111953821,4466.127154338038
13959,LOAD,116086879,4307.118981121027
13960,LOAD,123080355,4062.386722885224
13961,LOAD,111284108,4493.004517769959
13962,LOAD,123116323,4061.1999109167677
13963,LOAD,114150795,4380.170983478477
13964,LOAD,121663677,4109.690026876305
13965,LOAD,116602408,4288.076109028554
13966,LOAD,114987263,4348.307690391762
13967,LOAD,117914296,4240.367936386611
13968,LOAD,109264878,4576.035860306365
13969,LOAD,114136906,4380.70399420149
13970,LOAD,111299467,4492.3844963246775
13971,LOAD,117877395,4241.695364917082
13972,LOAD,115840518,4316.279041500833
13973,LOAD,121979727,4099.041802249648
13974,LOAD,113420343,4408.3802497405595
13975,LOAD,114987846,4348.285644032327
13976,LOAD,118526474,4218.466838050037
13977,LOAD,119422595,4186.812386717941
13978,LOAD,114924125,4350.696600909513
13979,LOAD,116214165,4302.401518782156
13980,LOAD,111960479,4465.8615653118095
13981,LOAD,118449016,4221.225442683289
13982,LOAD,124523918,4015.292869278334
13983,LOAD,117010379,4273.12520712372
13984,LOAD,110908624,4508.215700160521
13985,LOAD,110627043,4519.690542573754
13986,LOAD,115216214,4339.666984717967
13987,LOAD,116964638,4274.796285010518
13988,LOAD,116595030,4288.347453574994
13989,LOAD,119111260,4197.755946834917
13990,LOAD,113289832,4413.45874711863
13991,LOAD,116890224,4277.517681889291
13992,LOAD,110880139,4509.373856394607
13993,LOAD,123206312,4058.2336398479324
13994,LOAD,115426436,4331.763305937991
13995,LOAD,119270047,4192.167376273442
13996,LOAD,123320844,4054.464628866796
13997,LOAD,115661248,4322.96908987183
13998,LOAD,115767907,4318.986262747239
13999,LOAD,115816014,4317.1922666929295
14000,LOAD,122063349,4096.233669616913
14001,LOAD,121205917,4125.211147901302
14002,LOAD,118854468,4206.82544302836
14003,LOAD,118158818,4231.592770333908
14004,LOAD,120244411,4158.197423412886
14005,LOAD,120286917,4156.7280338559185
14006,LOAD,120343893,4154.760059158133
14007,LOAD,117512020,4254.883883367846
14008,LOAD,118742381,4210.796480491662
14009,LOAD,120777426,4139.84646435502
14010,LOAD,114002749,4385.859151519232
14011,LOAD,117647264,4249.992588012927
14012,LOAD,379995494,1315.8050763623003
14013,LOAD,116750500,4282.636905195267
14014,LOAD,121012379,4131.8086970259465
14015,LOAD,114339148,4372.955446545745
14016,LOAD,113972818,4387.010945013222
14017,LOAD,114229208,4377.1642012960465
14018,LOAD,107737813,4640.896135510009
14019,LOAD,118415392,4222.424057845453
14020,LOAD,118011241,4236.884518484134
14021,LOAD,117686034,4248.5924880432285
14022,LOAD,113961523,4387.445752194801
14023,LOAD,123737408,4040.815207637128
14024,LOAD,120310080,4155.927749362314
14025,LOAD,114808860,4355.064582994727
14026,LOAD,110434268,4527.580152928618
14027,LOAD,115245251,4338.573569508734
14028,LOAD,117356609,4260.518468116269
14029,LOAD,109807791,4553.410968808215
14030,LOAD,115386441,4333.264772418104
14031,LOAD,120472698,4150.317941746436
14032,LOAD,114697396,4359.296875405959
14033,LOAD,117338449,4261.177851430438
14034,LOAD,120083116,4163.782691981444
14035,LOAD,114887258,4352.092727289218
14036,LOAD,115943058,4312.461725824068
14037,LOAD,122660081,4076.3058031895475
14038,LOAD,117422534,4258.126468297814
14039,LOAD,113092822,4421.147082172907
14040,LOAD,108559065,4605.787641962465
14041,LOAD,115832930,4316.5617929202
14042,LOAD,114454808,4368.536444532763
14043,LOAD,123375335,4052.6738995278106
14044,LOAD,117142291,4268.313311372748
14045,LOAD,116731551,4283.332104445352
14046,LOAD,119599293,4180.62671992551
14047,LOAD,114620636,4362.216241759468
14048,LOAD,114110036,4381.735538143201
14049,LOAD,116792534,4281.095570715162
14050,LOAD,120304852,4156.108350476172
14051,LOAD,114400859,4370.596552950708
14052,LOAD,114148567,4380.256477507947
14053,LOAD,112111112,4459.861213400506
14054,LOAD,116388044,4295.973906048288
14055,LOAD,117662266,4249.450711751548
14056,LOAD,118878158,4205.987108245738
14057,LOAD,114146563,4380.333378938444
14058,LOAD,113418640,4408.446442313186
14059,LOAD,114384437,4371.224032863841
14060,LOAD,121661033,4109.779340768872
14061,LOAD,123629289,4044.3490700654274
14062,LOAD,131428275,3804.3564065647215
14063,LOAD,117185328,4266.745748239063
14064,LOAD,122947493,4066.7767011727524
14065,LOAD,120501472,4149.326906147669
14066,LOAD,118558811,4217.316248220472
14067,LOAD,123116087,4061.207695790397
14068,LOAD,122464494,4082.8160364586984
14069,LOAD,116944925,4275.516872579123
14070,LOAD,119079538,4198.874201208271
14071,LOAD,111728701,4475.125867613909
14072,LOAD,118315871,4225.975735748926
14073,LOAD,124111490,4028.635866026586
14074,LOAD,123703413,4041.9256661899863
14075,LOAD,117198645,4266.260928187353
14076,LOAD,116153395,4304.652481315763
14077,LOAD,115930778,4312.918524535391
14078,LOAD,115623027,4324.398114918752
14079,LOAD,121216790,4124.841121432105
14080,LOAD,120375701,4153.662207956737
14081,LOAD,128567666,3889.0026983923008
14082,LOAD,129667720,3856.009807221103
14083,LOAD,122174741,4092.498956064904
14084,LOAD,119468925,4185.188742595616
14085,LOAD,116162186,4304.326710931559
14086,LOAD,121098509,4128.869992941036
14087,LOAD,120598911,4145.974419288082
14088,LOAD,115871017,4315.142931730718
14089,LOAD,119530903,4183.018679278279
14090,LOAD,113319071,4412.3199703958035
14091,LOAD,117665392,4249.337817189272
14092,LOAD,119558665,4182.04736561754
14093,LOAD,118436680,4221.665112531016
14094,LOAD,114297470,4374.550022848274
14095,LOAD,113389407,4409.582986883423
14096,LOAD,112931925,4427.446003421973
14097,LOAD,115381708,4333.442524529105
14098,LOAD,120219508,4159.058777715178
14099,LOAD,115309908,4336.140828418665
14100,LOAD,119837030,4172.333042632983
14101,LOAD,119076926,4198.966305193334
14102,LOAD,111423109,4487.399467555694
14103,LOAD,120202402,4159.650653237362
14104,LOAD,118956196,4203.227883985127
14105,LOAD,112379743,4449.200422179289
14106,LOAD,122313937,4087.841600585549
14107,LOAD,113169223,4418.162347902663
14108,LOAD,125005112,3999.836422689658
14109,LOAD,113295585,4413.234637519194
14110,LOAD,119200965,4194.596914546792
14111,LOAD,123625239,4044.4815641569758
14112,LOAD,116872221,4278.176590825634
14113,LOAD,117820122,4243.757276027944
14114,LOAD,112544295,4442.69520725151
14115,LOAD,115500662,4328.979517017833
14116,LOAD,116744773,4282.846993072658
14117,LOAD,120852450,4137.276488809288
14118,LOAD,117490729,4255.654929164667
14119,LOAD,119830929,4172.545470293399
14120,LOAD,118878644,4205.969913317652
14121,LOAD,114724180,4358.279135226768
14122,LOAD,117671885,4249.103343589678
14123,LOAD,123922293,4034.786541595062
14124,LOAD,119053268,4199.80071441634
14125,LOAD,112322531,4451.466642965871
14126,LOAD,121958721,4099.747815492424
14127,LOAD,115556549,4326.885878185926
14128,LOAD,122812288,4071.2538471720354
14129,LOAD,118492790,4219.666023561434
14130,LOAD,120627247,4145.000507223712
14131,LOAD,116752899,4282.548906986884
14132,LOAD,117261543,4263.972545542915
14133,LOAD,118896530,4205.337195290728
14134,LOAD,122389146,4085.329592870924
14135,LOAD,117109466,4269.509691044104
14136,LOAD,116481240,4292.536720934633
14137,LOAD,114328133,4373.376761081195
14138,LOAD,111280566,4493.147527664444
14139,LOAD,120083829,4163.757969443162
14140,LOAD,121434699,4117.43928314921
14141,LOAD,113982161,4386.651346257596
14142,LOAD,120347010,4154.652450443097
14143,LOAD,114356551,4372.289961770533
14144,LOAD,118867130,4206.377322309372
14145,LOAD,115909095,4313.7253379469485
14146,LOAD,119752416,4175.281106645899
14147,LOAD,115244889,4338.587197563269
14148,LOAD,119571154,4181.610558011341
14149,LOAD,114594343,4363.217126695337
14150,LOAD,116176243,4303.805899455709
14151,LOAD,105080995,4758.2343505597755
14152,LOAD,113248911,4415.053492214155
14153,LOAD,114202677,4378.181082392665
14154,LOAD,121507245,4114.9809626578235
14155,LOAD,117516645,4254.716427617552
14156,LOAD,112790067,4433.0144781277595
14157,LOAD,113869218,4391.002316359106
14158,LOAD,116127506,4305.612143259152
14159,LOAD,121146416,4127.237243237968
14160,LOAD,111637093,4478.7980998394505
14161,LOAD,118910784,4204.833095709805
14162,LOAD,110139220,4539.708924759047
14163,LOAD,113226202,4415.9389891043065
14164,LOAD,112459705,4446.03691606696
14165,LOAD,111508233,4483.973842541295
14166,LOAD,115005466,4347.61944271414
14167,LOAD,112977687,4425.652651217758
14168,LOAD,112487741,4444.928803397341
14169,LOAD,118413863,4222.47857921838
14170,LOAD,118567587,4217.004095731492
14171,LOAD,122399722,4084.976598231163
14172,LOAD,106412635,4698.690150845339
14173,LOAD,117135858,4268.5477234477585
14174,LOAD,120356215,4154.334697215262
14175,LOAD,120652100,4144.146682900671
14176,LOAD,115863488,4315.423336815132
14177,LOAD,120172828,4160.674324814924
14178,LOAD,118179230,4230.861886644549
14179,LOAD,114555512,4364.696130902894
14180,LOAD,122221194,4090.9435069011024
14181,LOAD,117315274,4262.019624145446
14182,LOAD,116877269,4277.991813788873
14183,LOAD,115508084,4328.701357387246
14184,LOAD,117432863,4257.751937802964
14185,LOAD,117583050,4252.3135775096835
14186,LOAD,117006406,4273.270302824274
14187,LOAD,114582001,4363.6871030032025
14188,LOAD,116107445,4306.356065280741
14189,LOAD,123094709,4061.91301041217
14190,LOAD,131062840,3814.9638753440718
14191,LOAD,118153456,4231.784807039416
14192,LOAD,118288461,4226.9549859136305
14193,LOAD,119455638,4185.6542593661425
14194,LOAD,113537908,4403.815508032789
14195,LOAD,124410849,4018.9421101048833
14196,LOAD,122051321,4096.637348152914
14197,LOAD,117561858,4253.080110387503
14198,LOAD,116376961,4296.383027221341
14199,LOAD,125879056,3972.066647846485
14200,LOAD,114191606,4378.605551795112
14201,LOAD,123852176,4037.0707737908456
14202,LOAD,114557993,4364.601604010294
14203,LOAD,122247435,4090.0653661976626
14204,LOAD,114388383,4371.073240890204
14205,LOAD,120932697,4134.53112684653
14206,LOAD,115681783,4322.201707420087
14207,LOAD,115589824,4325.640291657508
14208,LOAD,117462202,4256.688462216978
14209,LOAD,119439198,4186.230386443151
14210,LOAD,113404300,4409.003891386835
14211,LOAD,111625603,4479.259117641676
14212,LOAD,121607484,4111.589053186891
14213,LOAD,114163917,4379.667526649423
14214,LOAD,116231129,4301.773580810696
14215,LOAD,131447074,3803.8123237341897
14216,LOAD,116398968,4295.570730489638
14217,LOAD,122899247,4068.373177257953
14218,LOAD,116408650,4295.21345707557
14219,LOAD,120548671,4147.702300260116
14220,LOAD,111426880,4487.247601296923
14221,LOAD,124337013,4021.328709255706
14222,LOAD,114766049,4356.689145933742
14223,LOAD,124463792,4017.232577969342
14224,LOAD,115415845,4332.160805130353
14225,LOAD,119437986,4186.272866322445
14226,LOAD,114415079,4370.053356341256
14227,LOAD,119548548,4182.401278516574
14228,LOAD,122433246,4083.8580723409063
14229,LOAD,115277261,4337.368841544561
14230,LOAD,122088247,4095.398306439767
14231,LOAD,116263592,4300.57244403734
14232,LOAD,117151737,4267.96915525034
14233,LOAD,122478588,4082.346213854131
14234,LOAD,124823066,4005.6699136039488
14235,LOAD,123389322,4052.214501997182
14236,LOAD,117641411,4250.204037420122
14237,LOAD,117205736,4266.002817473029
14238,LOAD,117669397,4249.193186568296
14239,LOAD,115048921,4345.977308209609
14240,LOAD,120906220,4135.436539162336
14241,LOAD,114671252,4360.290755349911
14242,LOAD,121084573,4129.345197426595
14243,LOAD,119051919,4199.848303159229
14244,LOAD,119766443,4174.792099319507
14245,LOAD,121703743,4108.337078835776
14246,LOAD,118503218,4219.294703034984
14247,LOAD,116645655,4286.486281893654
14248,LOAD,114929413,4350.496421660137
14249,LOAD,116566208,4289.407784458425
14250,LOAD,120212109,4159.314765869384
14251,LOAD,119289127,4191.496849499116
14252,LOAD,117772686,4245.466559198625
14253,LOAD,115662512,4322.921846968014
14254,LOAD,122195455,4091.8052148502575
14255,LOAD,120048850,4164.971176316974
14256,LOAD,120038124,4165.343337088474
14257,LOAD,120889598,4136.005150749198
14258,LOAD,116228798,4301.85985404409
14259,LOAD,117959514,4238.742455313948
14260,LOAD,114666857,4360.457878426022
14261,LOAD,114601763,4362.934626058065
14262,LOAD,118598984,4215.887717891412
14263,LOAD,115748703,4319.70283070904
14264,LOAD,122113021,4094.5674417472646
14265,LOAD,116010628,4309.949946999684
14266,LOAD,116826752,4279.841658184591
14267,LOAD,114496338,4366.951893256184
14268,LOAD,114608146,4362.6916362472175
14269,LOAD,115690050,4321.892850768065
14270,LOAD,120062847,4164.485621434581
14271,LOAD,119243401,4193.104153411391
14272,LOAD,119120218,4197.44026996324
14273,LOAD,112368586,4449.642180244219
14274,LOAD,119180383,4195.321305520557
14275,LOAD,124757671,4007.7695903765307
14276,LOAD,114954137,4349.5607295977525
14277,LOAD,121201089,4125.375474142811
14278,LOAD,116656243,4286.09723013281
14279,LOAD,118394386,4223.173217013854
14280,LOAD,118784425,4209.306060116888
14281,LOAD,112231212,4455.088661075851
14282,LOAD,117232899,4265.014379623932
14283,LOAD,115574033,4326.23130837703
14284,LOAD,118829438,4207.711560497323
14285,LOAD,124598824,4012.8789658560504
14286,LOAD,123989172,4032.6102024457423
14287,LOAD,118274974,4227.43698933301
14288,LOAD,114929960,4350.475715818574
14289,LOAD,119441513,4186.14924946572
14290,LOAD,115892633,4314.338082214424
14291,LOAD,120026983,4165.729967569043
14292,LOAD,118311565,4226.12954194292
14293,LOAD,118501893,4219.341880049123
14294,LOAD,115852098,4315.8476076971865
14295,LOAD,121700991,4108.429979834757
14296,LOAD,119305684,4190.91516209739
14297,LOAD,114648644,4361.150577585549
14298,LOAD,122844474,4070.1871538804426
14299,LOAD,117097763,4269.936394942062
14300,LOAD,123356786,4053.2832948484893
14301,LOAD,115851082,4315.885457159563
14302,LOAD,113784788,4394.260505191608
14303,LOAD,113637664,4399.949650496159
14304,LOAD,121186613,4125.868259062575
14305,LOAD,120640226,4144.554570048634
14306,LOAD,120379506,4153.530917463641
14307,LOAD,117792219,4244.762550911788
14308,LOAD,113432689,4407.900442173243
14309,LOAD,121088554,4129.209437912687
14310,LOAD,119159521,4196.055806568742
14311,LOAD,122449047,4083.3310854595707
14312,LOAD,120548327,4147.71413625674
14313,LOAD,123467078,4049.6625343316214
14314,LOAD,113060908,4422.395050993222
14315,LOAD,117846635,4242.80252041138
14316,LOAD,121373525,4119.514531690498
14317,LOAD,120599889,4145.9407976735365
14318,LOAD,115959403,4311.853864925469
14319,LOAD,121313526,4121.551952912489
14320,LOAD,117057418,4271.408070866555
14321,LOAD,114423813,4369.719789009303
14322,LOAD,117443256,4257.375153154814
14323,LOAD,115425964,4331.781019390057
14324,LOAD,121028975,4131.242126110711
14325,LOAD,117063675,4271.179766054671
14326,LOAD,121777373,4105.853063524371
14327,LOAD,114293428,4374.704729304295
14328,LOAD,115124684,4343.117241477075
14329,LOAD,120111657,4162.793291578685
14330,LOAD,117818032,4243.832556972264
14331,LOAD,116165780,4304.193541333773
14332,LOAD,119488554,4184.501220091758
14333,LOAD,121123294,4128.025117943043
14334,LOAD,114182563,4378.952327423234
14335,LOAD,123483179,4049.1344979059863
14336,LOAD,122059398,4096.366262596182
14337,LOAD,115022181,4346.987647539043
14338,LOAD,122016868,4097.794085322695
14339,LOAD,120689922,4142.847983612087
14340,LOAD,117465466,4256.5701820822815
14341,LOAD,118182651,4230.739417074
14342,LOAD,122442214,4083.55895949415
14343,LOAD,117599576,4251.716009588334
14344,LOAD,113220180,4416.17386582498
14345,LOAD,125144480,3995.381977694901
14346,LOAD,120323259,4155.472550822447
14347,LOAD,115620521,4324.491843450524
14348,LOAD,121121515,4128.085749257677
14349,LOAD,116217138,4302.291457220363
14350,LOAD,121457999,4116.649410632888
14351,LOAD,113622148,4400.550498306016
14352,LOAD,119464934,4185.32855842033
14353,LOAD,116797098,4280.928281283153
14354,LOAD,120282730,4156.872728113171
14355,LOAD,114636267,4361.62144044694
14356,LOAD,116707234,4284.224575145016
14357,LOAD,115881251,4314.761841844458
14358,LOAD,115982470,4310.996308321422
14359,LOAD,123848182,4037.2009659374735
14360,LOAD,118052701,4235.396528538555
14361,LOAD,115122176,4343.211858677862
14362,LOAD,120728746,4141.515724846508
14363,LOAD,115233035,4339.033507188282
14364,LOAD,123408923,4051.5708900563054
14365,LOAD,122063710,4096.221555120682
14366,LOAD,119463854,4185.366395428696
14367,LOAD,116258756,4300.751334376914
14368,LOAD,131895456,3790.8811657620713
14369,LOAD,118790459,4209.09224704654
14370,LOAD,124712943,4009.206967395517
14371,LOAD,121065504,4129.995609649468
14372,LOAD,119365865,4188.802217451363
14373,LOAD,117607551,4251.427699570073
14374,LOAD,116142647,4305.050839766033
14375,LOAD,113316866,4412.405828449227
14376,LOAD,109580985,4562.835422587231
14377,LOAD,122379306,4085.6580768647273
14378,LOAD,112079385,4461.1236937104895
14379,LOAD,121394245,4118.811398349238
14380,LOAD,112861551,4430.2067052046805
14381,LOAD,120463885,4150.621574258543
14382,LOAD,116645753,4286.48268059961
14383,LOAD,118714601,4211.781834654021
14384,LOAD,116562570,4289.5416598999145
14385,LOAD,119012429,4201.241871972885
14386,LOAD,116314261,4298.69902195398
14387,LOAD,129749274,3853.5861094683273
14388,LOAD,113305974,4412.829988999521
14389,LOAD,122231027,4090.614406765968
14390,LOAD,119132467,4197.008696210412
14391,LOAD,122485058,4082.130573020588
14392,LOAD,116224664,4302.012867079573
14393,LOAD,116165724,4304.195616255962
14394,LOAD,122894245,4068.5387668071844
14395,LOAD,118460066,4220.831685168908
14396,LOAD,120105116,4163.019999914076
14397,LOAD,114911912,4351.158999077485
14398,LOAD,126661114,3947.541468804703
14399,LOAD,114974287,4348.798440472173
14400,LOAD,122620750,4077.613291388285
14401,LOAD,116796512,4280.949759869542
14402,LOAD,117096392,4269.986388649789
14403,LOAD,118735020,4211.057529615104
14404,LOAD,120280441,4156.951835585638
14405,LOAD,116261095,4300.664809668273
14406,LOAD,117545142,4253.684937485549
14407,LOAD,113420194,4408.386041025463
14408,LOAD,117139502,4268.414936577074
14409,LOAD,117722764,4247.266909227513
14410,LOAD,116070612,4307.7226128522525
14411,LOAD,122611851,4077.9092389690777
14412,LOAD,113494367,4405.504988630845
14413,LOAD,116037118,4308.966032748245
14414,LOAD,117867465,4242.052715734575
14415,LOAD,120223063,4158.935794207805
14416,LOAD,117129781,4268.769186890224
14417,LOAD,117298315,4262.635827292149
14418,LOAD,114757690,4357.006489064044
14419,LOAD,118144030,4232.122435640633
14420,LOAD,118048972,4235.530318722301
14421,LOAD,116755949,4282.43703453603
14422,LOAD,115751033,4319.615877639727
14423,LOAD,129857149,3850.3848563624324
14424,LOAD,116649753,4286.335694169879
14425,LOAD,117087967,4270.29363316215
14426,LOAD,120843248,4137.591535110013
14427,LOAD,117119057,4269.160056505578
14428,LOAD,118086672,4234.178095898917
14429,LOAD,116273359,4300.211194552314
14430,LOAD,118691684,4212.595045833203
14431,LOAD,113102876,4420.754075254461
14432,LOAD,127834581,3911.304719651719
14433,LOAD,119567800,4181.727856496481
14434,LOAD,121680697,4109.115186938812
14435,LOAD,120750407,4140.772792591913
14436,LOAD,116828150,4279.790444340683
14437,LOAD,118826785,4207.805504457602
14438,LOAD,123991951,4032.5198205809343
14439,LOAD,123410015,4051.5350395184705
14440,LOAD,125272451,3991.3005294356376
14441,LOAD,130464392,3832.463343714506
14442,LOAD,119322725,4190.316639181681
14443,LOAD,115919879,4313.324033059075
14444,LOAD,108279694,4617.670973469873
14445,LOAD,126796750,3943.3187364818104
14446,LOAD,124286786,4022.9538158626133
14447,LOAD,117526121,4254.373374579426
14448,LOAD,120184340,4160.275789674429
14449,LOAD,118914311,4204.708380305882
14450,LOAD,117558325,4253.207928915285
14451,LOAD,115485108,4329.562561434328
14452,LOAD,116111402,4306.209307506251
14453,LOAD,116449144,4293.7198404824685
14454,LOAD,124404618,4019.1434051105725
14455,LOAD,116497134,4291.951079242859
14456,LOAD,117089081,4270.25300506031
14457,LOAD,119083518,4198.733866763997
14458,LOAD,120970707,4133.232022856575
14459,LOAD,117114446,4269.328140782905
14460,LOAD,117199005,4266.247823520344
14461,LOAD,119202705,4194.535686081956
14462,LOAD,116191034,4303.258029358789
14463,LOAD,112388418,4448.856998770105
14464,LOAD,116393319,4295.779210488877
14465,LOAD,117253224,4264.275070167793
14466,LOAD,125658719,3979.0314908430673
14467,LOAD,119139142,4196.773550710983
14468,LOAD,115038870,4346.357018284341
14469,LOAD,117409486,4258.599684185655
14470,LOAD,120031495,4165.573377220704
14471,LOAD,116944648,4275.526999747778
14472,LOAD,128401231,3894.043663802569
14473,LOAD,115217575,4339.6157226881405
14474,LOAD,122568827,4079.340663021928
14475,LOAD,116619587,4287.444441044025
14476,LOAD,122018817,4097.728631478209
14477,LOAD,120224635,4158.881413946484
14478,LOAD,121441945,4117.193610494299
14479,LOAD,124491782,4016.32936702601
14480,LOAD,122434012,4083.832521962933
14481,LOAD,118398282,4223.034249770617
14482,LOAD,129819925,3851.4888989498336
14483,LOAD,114876252,4352.509690166424
14484,LOAD,120966644,4133.37084890939
14485,LOAD,119431673,4186.494147159774
14486,LOAD,118431409,4221.853005227693
14487,LOAD,116324844,4298.30793497561
14488,LOAD,119790710,4173.946376976979
14489,LOAD,117379254,4259.696521840222
14490,LOAD,117933794,4239.66687614578
14491,LOAD,118104725,4233.530876939936
14492,LOAD,119101020,4198.11685911674
14493,LOAD,117424586,4258.052057343425
14494,LOAD,113861349,4391.305780155476
14495,LOAD,117331721,4261.422194599873
14496,LOAD,118116519,4233.108156531433
14497,LOAD,118146613,4232.029910159168
14498,LOAD,115546527,4327.261173328039
14499,LOAD,120083063,4163.784529713404
14500,LOAD,121729997,4107.451017188475
14501,LOAD,122414057,4084.4982369957725
14502,LOAD,119290451,4191.450328241277
14503,LOAD,114350088,4372.537081038363
14504,LOAD,120521653,4148.632113434422
14505,LOAD,123388551,4052.2398224775325
14506,LOAD,118349471,4224.775960342062
14507,LOAD,129802316,3852.011392462366
14508,LOAD,128540524,3889.8238815332666
14509,LOAD,114433030,4369.36783024971
14510,LOAD,115567697,4326.468494046394
14511,LOAD,118104580,4233.536074553586
14512,LOAD,483659807,1033.7844757069095
14513,LOAD,124972838,4000.869372911256
14514,LOAD,121658845,4109.853253990698
14515,LOAD,116873451,4278.131566423926
14516,LOAD,115682515,4322.17435798314
14517,LOAD,121972077,4099.298891171625
14518,LOAD,122246517,4090.0960802016143
14519,LOAD,120154707,4161.301812337656
14520,LOAD,110988094,4504.9877151688
14521,LOAD,130449577,3832.8985919210763
14522,LOAD,119964776,4167.8900813352075
14523,LOAD,123599029,4045.3392234982684
14524,LOAD,115952742,4312.101562893614
14525,LOAD,123805107,4038.6056126101485
14526,LOAD,115196730,4340.400981868149
14527,LOAD,115149919,4342.165451284425
14528,LOAD,117842329,4242.9575539023845
14529,LOAD,119887009,4170.59366290471
14530,LOAD,122500291,4081.6229571242407
14531,LOAD,116866926,4278.370426205956
14532,LOAD,120833677,4137.91926566962
14533,LOAD,120755626,4140.593830386006
14534,LOAD,113940350,4388.261050628684
14535,LOAD,118839388,4207.359263748481
14536,LOAD,121220895,4124.701438642241
14537,LOAD,126759907,3944.464869321812
14538,LOAD,114844429,4353.715755772533
14539,LOAD,127443861,3923.2960777922444
14540,LOAD,124460345,4017.3438375090473
14541,LOAD,117647335,4249.990023148421
14542,LOAD,123085047,4062.2318647690818
14543,LOAD,125328294,3989.522110625714
14544,LOAD,115807912,4317.494300389424
14545,LOAD,120649719,4144.228466872765
14546,LOAD,117192217,4266.494932850362
14547,LOAD,120689881,4142.849390994097
14548,LOAD,118069467,4234.795097364164
14549,LOAD,121019866,4131.553079062242
14550,LOAD,125807612,3974.322316840415
14551,LOAD,120860664,4136.995308912087
14552,LOAD,128389630,3894.3955208843577
14553,LOAD,112859695,4430.279560829931
14554,LOAD,113441564,4407.555593997276
14555,LOAD,125773792,3975.3909940156686
14556,LOAD,124978397,4000.6914154931915
14557,LOAD,118272764,4227.515981616866
14558,LOAD,117525650,4254.3904245583835
14559,LOAD,122515606,4081.112735956267
14560,LOAD,116775114,4281.734205800048
14561,LOAD,115528426,4327.939168841442
14562,LOAD,123724305,4041.2431494361595
14563,LOAD,114572122,4364.06336263895
14564,LOAD,123168831,4059.4685842232275
14565,LOAD,115085361,4344.60122169665
14566,LOAD,114901509,4351.552946097514
14567,LOAD,117888507,4241.295548852781
14568,LOAD,115943123,4312.459308173025
14569,LOAD,116937631,4275.783558502224
14570,LOAD,115249051,4338.430517748905
14571,LOAD,124088428,4029.384593380456
14572,LOAD,113896951,4389.933142284028
14573,LOAD,120273267,4157.199787380848
14574,LOAD,114673025,4360.223339359888
14575,LOAD,120885942,4136.130237542427
14576,LOAD,121155962,4126.912054067962
14577,LOAD,117174986,4267.122336161406
14578,LOAD,118027959,4236.284387498389
14579,LOAD,114085968,4382.6599253643535
14580,LOAD,115803702,4317.651261269695
14581,LOAD,115132413,4342.825681938934
14582,LOAD,118221404,4229.352579842479
14583,LOAD,118605752,4215.647146691503
14584,LOAD,113177938,4417.822137738541
14585,LOAD,118789968,4209.109644679759
14586,LOAD,116292051,4299.520007605679
14587,LOAD,120643174,4144.453294970505
14588,LOAD,119650576,4178.834876649486
14589,LOAD,110209730,4536.804509002971
14590,LOAD,114243722,4376.608108058665
14591,LOAD,119453773,4185.719608873301
14592,LOAD,117046440,4271.808694053403
14593,LOAD,123541220,4047.2321707685905
14594,LOAD,123859953,4036.8172915421665
14595,LOAD,115405783,4332.538517588846
14596,LOAD,119767789,4174.745181277413
14597,LOAD,114261446,4375.92921762954
14598,LOAD,117165011,4267.485623331696
14599,LOAD,113953524,4387.753730196181
14600,LOAD,115987739,4310.800471763658
14601,LOAD,120131526,4162.104791709713
14602,LOAD,122185467,4092.1396977596364
14603,LOAD,118440051,4221.544956950415
14604,LOAD,118957285,4203.189405339908
14605,LOAD,121958693,4099.74875673684
14606,LOAD,116170757,4304.009140613589
14607,LOAD,121552428,4113.451357795996
14608,LOAD,125499180,3984.089776522843
14609,LOAD,123059778,4063.0660003303433
14610,LOAD,117944818,4239.270605343594
14611,LOAD,118647429,4214.166326351665
14612,LOAD,119721057,4176.374754192156
14613,LOAD,117452809,4257.0288804246475
14614,LOAD,120502128,4149.304317679767
14615,LOAD,124067705,4030.057620554841
14616,LOAD,117121626,4269.066414771256
14617,LOAD,118769208,4209.845366654294
14618,LOAD,118258504,4228.025749420946
14619,LOAD,116612412,4287.7082415549385
14620,LOAD,115173947,4341.259573226226
14621,LOAD,111142572,4498.72619467543
14622,LOAD,118439376,4221.569016033992
14623,LOAD,120870170,4136.669949252161
14624,LOAD,117542777,4253.770523049664
14625,LOAD,116139765,4305.157669296128
14626,LOAD,115816847,4317.161215759915
14627,LOAD,112453789,4446.270814405373
14628,LOAD,119800193,4173.615980735523
14629,LOAD,116873538,4278.128381807009
14630,LOAD,117477234,4256.143790378994
14631,LOAD,115715138,4320.95582861423
14632,LOAD,116431666,4294.364387090364
14633,LOAD,122549470,4079.9850052391084
14634,LOAD,117722854,4247.263662160281
14635,LOAD,116230143,4301.810073484982
14636,LOAD,116888325,4277.587175622544
14637,LOAD,114177760,4379.136532368476
14638,LOAD,122168760,4092.6993120008747
14639,LOAD,114291270,4374.787330650888
14640,LOAD,114922861,4350.744452837804
14641,LOAD,116809552,4280.471857301533
14642,LOAD,111793182,4472.544667348318
14643,LOAD,122556366,4079.7554326961686
14644,LOAD,113137927,4419.38449163913
14645,LOAD,115173807,4341.264850262352
14646,LOAD,116404753,4295.357252293642
14647,LOAD,113073566,4421.899986774982
14648,LOAD,119015825,4201.121993650844
14649,LOAD,115497704,4329.090386073822
14650,LOAD,120212982,4159.284560464526
14651,LOAD,116867644,4278.344141172214
14652,LOAD,121039107,4130.896306100474
14653,LOAD,123275984,4055.9400442506308
14654,LOAD,114289126,4374.86939921126
14655,LOAD,122031584,4097.299925239027
14656,LOAD,113545372,4403.52601953693
14657,LOAD,124434054,4018.1926404165856
14658,LOAD,119032316,4200.539960929602
14659,LOAD,121429377,4117.619742049735
14660,LOAD,116381787,4296.20486923783
14661,LOAD,115162334,4341.697346981523
14662,LOAD,113314650,4412.492118185954
14663,LOAD,122712015,4074.58063499324
14664,LOAD,115910462,4313.674463656266
14665,LOAD,118817595,4208.130959055348
14666,LOAD,121331199,4120.951611135072
14667,LOAD,116543175,4290.255521183458
14668,LOAD,116105247,4306.4375893365095
14669,LOAD,118225227,4229.215817026936
14670,LOAD,124215272,4025.2699362120306
14671,LOAD,118629634,4214.798471012732
14672,LOAD,118129474,4232.643920855857
14673,LOAD,115462334,4330.416532200016
14674,LOAD,134870231,3707.2673212815957
14675,LOAD,119753952,4175.227553241833
14676,LOAD,116514846,4291.298638458485
14677,LOAD,120728578,4141.521487977768
14678,LOAD,115419591,4332.020202705449
14679,LOAD,117981905,4237.938012613035
14680,LOAD,116515115,4291.288731080083
14681,LOAD,116737625,4283.10923748877
14682,LOAD,117084647,4270.414719702746
14683,LOAD,114536122,4365.435037166702
14684,LOAD,114819503,4354.6608976351345
14685,LOAD,119847593,4171.965305969891
14686,LOAD,117679669,4248.822283822025
14687,LOAD,115755859,4319.4357876952035
14688,LOAD,123045339,4063.5427888901995
14689,LOAD,121344852,4120.487946204756
14690,LOAD,114626439,4361.995403172212
14691,LOAD,125881385,3971.9931584801043
14692,LOAD,117691469,4248.396287754722
14693,LOAD,127235946,3929.7070970808827
14694,LOAD,126200219,3961.958259359281
14695,LOAD,124332123,4021.486868683164
14696,LOAD,119612203,4180.1754959734335
14697,LOAD,116496783,4291.964010714356
14698,LOAD,121634552,4110.674078858777
14699,LOAD,116131743,4305.455055470923
14700,LOAD,113897492,4389.912290606013
14701,LOAD,123410321,4051.5249936024393
14702,LOAD,114845743,4353.66594302063
14703,LOAD,111719188,4475.506929033534
14704,LOAD,119079402,4198.878996721868
14705,LOAD,114373372,4371.646924950329
14706,LOAD,122251330,4089.9350542852994
14707,LOAD,120385329,4153.330012496789
14708,LOAD,114304946,4374.263909804918
14709,LOAD,117505802,4255.109037083973
14710,LOAD,122013071,4097.921607103881
14711,LOAD,117676006,4248.954540486359
14712,LOAD,112543639,4442.721103055856
14713,LOAD,115620488,4324.493077732036
14714,LOAD,116850766,4278.962107959139
14715,LOAD,119493211,4184.338137837806
14716,LOAD,115528235,4327.946324117217
14717,LOAD,114056057,4383.809270208245
14718,LOAD,122324453,4087.4901766370463
14719,LOAD,119270691,4192.144740739366
14720,LOAD,121513996,4114.752345071427
14721,LOAD,116029481,4309.249646647993
14722,LOAD,117449017,4257.166324346504
14723,LOAD,115757592,4319.371121679864
14724,LOAD,116130171,4305.5133364093645
14725,LOAD,119499289,4184.125313080315
14726,LOAD,119312259,4190.684211251083
14727,LOAD,118069309,4234.800764354435
14728,LOAD,122830710,4070.6432454880382
14729,LOAD,115659364,4323.039507635543
14730,LOAD,119587997,4181.02161206028
14731,LOAD,114861501,4353.068657878674
14732,LOAD,122850463,4069.988730933802
14733,LOAD,114744060,4357.524040895886
14734,LOAD,121247649,4123.791299244079
14735,LOAD,117331903,4261.415584472366
14736,LOAD,116705189,4284.2996466935165
14737,LOAD,116851747,4278.926184988916
14738,LOAD,118680054,4213.007857242801
14739,LOAD,114073814,4383.1268760769235
14740,LOAD,121815220,4104.577408307435
14741,LOAD,118561170,4217.232336691684
14742,LOAD,116373456,4296.512428057477
14743,LOAD,123996952,4032.357182457195
14744,LOAD,119603190,4180.490503639577
14745,LOAD,115983954,4310.941149669721
14746,LOAD,119674127,4178.0125122617355
14747,LOAD,118877777,4206.000588318539
14748,LOAD,117322249,4261.76624009313
14749,LOAD,109482623,4566.93479110379
14750,LOAD,115012174,4347.3658710250975
14751,LOAD,114879271,4352.395307243898
14752,LOAD,116348401,4297.437658812346
14753,LOAD,118883750,4205.78926892868
14754,LOAD,112553049,4442.349669265734
14755,LOAD,111596626,4480.422194843059
14756,LOAD,122467615,4082.7119887980184
14757,LOAD,117862677,4242.225042962497
14758,LOAD,116344403,4297.585333778368
14759,LOAD,119781826,4174.255950982079
14760,LOAD,115537193,4327.610763401531
14761,LOAD,116880348,4277.879117882161
14762,LOAD,116631966,4286.989383339384
14763,LOAD,115813517,4317.285347616203
14764,LOAD,116946916,4275.444082681069
14765,LOAD,119785780,4174.118163274472
14766,LOAD,115975147,4311.2685168659455
14767,LOAD,116336795,4297.866380107858
14768,LOAD,116643229,4286.575434224304
14769,LOAD,118837558,4207.4240535976005
14770,LOAD,116573553,4289.137519896987
14771,LOAD,118600441,4215.835925938926
14772,LOAD,113769219,4394.861847473876
14773,LOAD,122094647,4095.183632415924
14774,LOAD,122897761,4068.4223693871854
14775,LOAD,120054174,4164.786473813064
14776,LOAD,119935519,4168.906793991528
14777,LOAD,118691955,4212.585427546458
14778,LOAD,117364347,4260.2375660131265
14779,LOAD,113586818,4401.919243833382
14780,LOAD,124490759,4016.3623711218593
14781,LOAD,111043060,4502.757759017088
14782,LOAD,117196505,4266.33882981408
14783,LOAD,118546739,4217.745711250649
14784,LOAD,118194711,4230.307733482254
14785,LOAD,121928604,4100.760474547876
14786,LOAD,113633507,4400.1106117406025
14787,LOAD,116546319,4290.1397855388295
14788,LOAD,118987098,4202.136268589389
14789,LOAD,116412615,4295.067162609482
14790,LOAD,122713393,4074.53487982359
14791,LOAD,117721518,4247.3118635796045
14792,LOAD,114160435,4379.801110603687
14793,LOAD,118385822,4223.478720281218
14794,LOAD,121695184,4108.626024181861
14795,LOAD,123589268,4045.658721758915
14796,LOAD,120117558,4162.588786561911
14797,LOAD,121410674,4118.254050710566
14798,LOAD,116399042,4295.567999606045
14799,LOAD,118855709,4206.781518589065
14800,LOAD,122014148,4097.8854353841
14801,LOAD,118928429,4204.209239155089
14802,LOAD,121318093,4121.396797755468
14803,LOAD,118696296,4212.43136348585
14804,LOAD,119406670,4187.370772503747
14805,LOAD,114899020,4351.647211612423
14806,LOAD,120587128,4146.379537291908
14807,LOAD,119582814,4181.202827356112
14808,LOAD,116306320,4298.992522504366
14809,LOAD,121443844,4117.129230527321
14810,LOAD,114882955,4352.2557371543935
14811,LOAD,117868987,4241.997939627665
14812,LOAD,117468376,4256.464735666389
14813,LOAD,116337604,4297.8364931772185
14814,LOAD,118944931,4203.625962000852
14815,LOAD,117273726,4263.5295820651245
14816,LOAD,115805034,4317.6015992534485
14817,LOAD,116363253,4296.889156235604
14818,LOAD,119363322,4188.891458634169
14819,LOAD,116091886,4306.933216676315
14820,LOAD,119325160,4190.231129796935
14821,LOAD,112378400,4449.253593217201
14822,LOAD,120918105,4135.030068491397
14823,LOAD,115206582,4340.029808366331
14824,LOAD,123213113,4058.0096373346237
14825,LOAD,114628759,4361.9071196609575
14826,LOAD,110644913,4518.96057797072
14827,LOAD,131629421,3798.5428804704684
14828,LOAD,116715200,4283.932169931594
14829,LOAD,115804830,4317.609205073743
14830,LOAD,117836026,4243.184507936478
14831,LOAD,116829312,4279.747876971149
14832,LOAD,117602286,4251.61803402359
14833,LOAD,117571069,4252.746906639081
14834,LOAD,112123461,4459.370015344068
14835,LOAD,115069419,4345.2031334233125
14836,LOAD,115340761,4334.980935317394
14837,LOAD,113944287,4388.10942754857
14838,LOAD,111466386,4485.657227641704
14839,LOAD,112818092,4431.913278590104
14840,LOAD,116599474,4288.184010161144
14841,LOAD,119963689,4167.927846900407
14842,LOAD,115238200,4338.839030807493
14843,LOAD,122983879,4065.5735049631994
14844,LOAD,116434763,4294.2501630720035
14845,LOAD,113765584,4395.002270633973
14846,LOAD,127635386,3917.408922945554
14847,LOAD,120604922,4145.767782180565
14848,LOAD,114476400,4367.712471740901
14849,LOAD,123436096,4050.678984533017
14850,LOAD,114708575,4358.872037247434
14851,LOAD,117376505,4259.796285466159
14852,LOAD,117029970,4272.409879281349
14853,LOAD,118628606,4214.834995195004
14854,LOAD,116093585,4306.870185807424
14855,LOAD,118853904,4206.8454057680765
14856,LOAD,121098112,4128.883528753941
14857,LOAD,113362544,4410.627905457027
14858,LOAD,122978159,4065.7626042360903
14859,LOAD,117748635,4246.333726076739
14860,LOAD,120068281,4164.297146887611
14861,LOAD,113796776,4393.797588782305
14862,LOAD,123501938,4048.5194653382687
14863,LOAD,121904200,4101.581405726793
14864,LOAD,118102974,4233.59364345897
14865,LOAD,124873727,4004.044822014482
14866,LOAD,116894763,4277.351586743026
14867,LOAD,119128803,4197.137782035802
14868,LOAD,116207414,4302.651464217248
14869,LOAD,118810725,4208.374286075605
14870,LOAD,119023829,4200.839480638789
14871,LOAD,115197644,4340.366544301896
14872,LOAD,116704647,4284.319543848155
14873,LOAD,115713370,4321.021849074139
14874,LOAD,117950500,4239.066388018703
14875,LOAD,114837771,4353.968173067378
14876,LOAD,114560433,4364.50864322414
14877,LOAD,113816177,4393.04862611929
14878,LOAD,119651301,4178.809555944569
14879,LOAD,122231961,4090.583149525025
14880,LOAD,117866240,4242.096803970331
14881,LOAD,116742933,4282.914495560944
14882,LOAD,120555117,4147.48052544298
14883,LOAD,113997486,4386.0616364820535
14884,LOAD,123485415,4049.061178601538
14885,LOAD,114152633,4380.1004572535785
14886,LOAD,120287771,4156.698522578825
14887,LOAD,122480047,4082.29758435674
14888,LOAD,113633718,4400.102441425
14889,LOAD,116520929,4291.074610295976
14890,LOAD,115237116,4338.87984492774
14891,LOAD,121360704,4119.9497326581095
14892,LOAD,118338713,4225.160028569856
14893,LOAD,120434822,4151.623190840935
14894,LOAD,117244872,4264.57883804078
14895,LOAD,116045748,4308.6455869111205
14896,LOAD,115358813,4334.302572964235
14897,LOAD,119497839,4184.176083719807
14898,LOAD,117865577,4242.120665985455
14899,LOAD,115928192,4313.014732430227
14900,LOAD,117638834,4250.297142523531
14901,LOAD,118489669,4219.777168927698
14902,LOAD,116648621,4286.3772903067575
14903,LOAD,119272425,4192.083794724555
14904,LOAD,118347599,4224.842787051388
14905,LOAD,118137490,4232.356722662721
14906,LOAD,125249573,3992.0295776178014
14907,LOAD,118738718,4210.926380390935
14908,LOAD,118707234,4212.043218865667
14909,LOAD,118802257,4208.6742510287495
14910,LOAD,121379388,4119.31554639244
14911,LOAD,117889017,4241.277200572467
14912,LOAD,120259847,4157.663696345797
14913,LOAD,117205093,4266.026221232553
14914,LOAD,123257907,4056.534888264815
14915,LOAD,119299497,4191.132507457261
14916,LOAD,116887913,4277.602253023373
14917,LOAD,117670544,4249.151767327599
14918,LOAD,120200898,4159.702700390808
14919,LOAD,120123958,4162.367010917173
14920,LOAD,114737801,4357.761745843464
14921,LOAD,121379783,4119.302141115214
14922,LOAD,115988084,4310.7876495313085
14923,LOAD,119374537,4188.497920624396
14924,LOAD,119751207,4175.32325999854
14925,LOAD,111351555,4490.283049931363
14926,LOAD,114719862,4358.443178740923
14927,LOAD,117506968,4255.066814420741
14928,LOAD,112736997,4435.101282678303
14929,LOAD,121816810,4104.523833779591
14930,LOAD,116035937,4309.009888893301
14931,LOAD,118702058,4212.22688489529
14932,LOAD,115302855,4336.406067308567
14933,LOAD,116159494,4304.426463841174
14934,LOAD,121572974,4112.756178852711
14935,LOAD,112720029,4435.768908469674
14936,LOAD,121012887,4131.79135210616
14937,LOAD,114913896,4351.083875878684
14938,LOAD,116750640,4282.631769727343
14939,LOAD,116970519,4274.581358401941
14940,LOAD,124635714,4011.6912235926216
14941,LOAD,112672205,4437.651681708013
14942,LOAD,116308745,4298.902889890181
14943,LOAD,114995083,4348.011992825815
14944,LOAD,116502579,4291.750485626589
14945,LOAD,115496968,4329.117973036314
14946,LOAD,111872427,4469.376533683318
14947,LOAD,118287592,4226.986039245773
14948,LOAD,114609249,4362.649649680542
14949,LOAD,120957727,4133.675560884176
14950,LOAD,111628290,4479.151297578776
14951,LOAD,119284405,4191.662774358475
14952,LOAD,118787677,4209.190823724922
14953,LOAD,117341771,4261.057215507682
14954,LOAD,117846606,4242.803564491284
14955,LOAD,117972760,4238.266528646104
14956,LOAD,113964250,4387.34076695104
14957,LOAD,111348226,4490.417296814409
14958,LOAD,113201324,4416.909470069449
14959,LOAD,116563958,4289.490581642741
14960,LOAD,120106530,4162.97098917103
14961,LOAD,116839204,4279.385539120927
14962,LOAD,112834631,4431.26366053344
14963,LOAD,115408251,4332.445866457157
14964,LOAD,108532799,4606.902287666975
14965,LOAD,117249145,4264.423420742215
14966,LOAD,115585694,4325.79485139398
14967,LOAD,118231025,4229.008418052707
14968,LOAD,115580894,4325.974498864839
14969,LOAD,117048046,4271.75008115898
14970,LOAD,114873111,4352.6287017681625
14971,LOAD,118754640,4210.361801442032
14972,LOAD,120407005,4152.582318611779
14973,LOAD,113905328,4389.610291100694
14974,LOAD,120292897,4156.521394609026
14975,LOAD,114016905,4385.314616284313
14976,LOAD,119431572,4186.497687562884
14977,LOAD,116244368,4301.283654447672
14978,LOAD,113468820,4406.4968684789355
14979,LOAD,117470712,4256.380092426783
14980,LOAD,130162978,3841.338049287717
14981,LOAD,114644549,4361.306353954953
14982,LOAD,115783788,4318.3938670239395
14983,LOAD,120013447,4166.199809259708
14984,LOAD,127546308,3920.1448308484164
14985,LOAD,114775960,4356.312942187545
14986,LOAD,119634576,4179.393756534065
14987,LOAD,111052683,4502.367583500886
14988,LOAD,111944762,4466.488570496938
14989,LOAD,115520154,4328.2490776457935
14990,LOAD,114965127,4349.144936794616
14991,LOAD,117064062,4271.165646037466
14992,LOAD,120483050,4149.961343110089
14993,LOAD,111778069,4473.149379597889
14994,LOAD,114945077,4349.903563072998
14995,LOAD,118278332,4227.316969603528
14996,LOAD,115961709,4311.7681199403505
14997,LOAD,115755842,4319.436422051165
14998,LOAD,125515092,3983.5846991212816
14999,LOAD,121432415,4117.516727308766
15000,LOAD,115338344,4335.071778037666
15001,LOAD,120480744,4150.040773320589
15002,LOAD,116929674,4276.0745232215395
15003,LOAD,120999981,4132.232053821562
15004,LOAD,115503135,4328.886830647498
15005,LOAD,115981937,4311.016119691121
15006,LOAD,116640988,4286.657791341754
15007,LOAD,112452709,4446.313516555658
15008,LOAD,119728880,4176.101872831351
15009,LOAD,118807545,4208.486927324355
15010,LOAD,118282507,4227.1677586272335
15011,LOAD,116593778,4288.393502438869
15012,LOAD,375250061,1332.444820042281
15013,LOAD,124025866,4031.417123908653
15014,LOAD,118413300,4222.498655134178
15015,LOAD,118286375,4227.029528971532
15016,LOAD,118190663,4230.452620440923
15017,LOAD,122674540,4075.8253505576627
15018,LOAD,118964832,4202.922759559733
15019,LOAD,114730740,4358.029940362975
15020,LOAD,116526983,4290.8516733845245
15021,LOAD,116249841,4301.081151586263
15022,LOAD,116092405,4306.913962201058
15023,LOAD,116868613,4278.30866787133
15024,LOAD,115865169,4315.360727605722
15025,LOAD,120276350,4157.093227388427
15026,LOAD,120771390,4140.053368599964
15027,LOAD,121223972,4124.5967423011025
15028,LOAD,119090183,4198.498880466074
15029,LOAD,121882538,4102.31037361562
15030,LOAD,114934371,4350.308751417798
15031,LOAD,118670100,4213.361242638204
15032,LOAD,116283101,4299.850930188042
15033,LOAD,123054609,4063.23667242728
15034,LOAD,115185463,4340.82554323717
15035,LOAD,116956296,4275.101188225044
15036,LOAD,116614221,4287.641727675736
15037,LOAD,123621919,4044.590183072631
15038,LOAD,114644761,4361.298289068787
15039,LOAD,123153030,4059.9894294115215
15040,LOAD,112952323,4426.646453300478
15041,LOAD,125117805,3996.233789427492
15042,LOAD,113136762,4419.429999242863
15043,LOAD,125304556,3990.277895402303
15044,LOAD,118524609,4218.53321616948
15045,LOAD,121024418,4131.397682077678
15046,LOAD,116901931,4277.089315145701
15047,LOAD,118628362,4214.843664451845
15048,LOAD,115757995,4319.356084216904
15049,LOAD,123717673,4041.4597840035353
15050,LOAD,115719908,4320.777717866834
15051,LOAD,118386213,4223.464771189192
15052,LOAD,116725109,4283.568499387737
15053,LOAD,117163200,4267.551586163574
15054,LOAD,125439731,3985.9779354915872
15055,LOAD,116169249,4304.065011214801
15056,LOAD,115766467,4319.039985905418
15057,LOAD,116157128,4304.514140535568
15058,LOAD,119275257,4191.984260407001
15059,LOAD,116472016,4292.876668332074
15060,LOAD,117689462,4248.468737158472
15061,LOAD,115106412,4343.8066682158415
15062,LOAD,120832143,4137.971797785627
15063,LOAD,119830367,4172.565039377706
15064,LOAD,114981336,4348.531834766644
15065,LOAD,123046849,4063.4929221145676
15066,LOAD,113509669,4404.911091759064
15067,LOAD,118838615,4207.386631020565
15068,LOAD,121422194,4117.863329005569
15069,LOAD,120517648,4148.769979314565
15070,LOAD,116266789,4300.454190749174
15071,LOAD,115003562,4347.691421940479
15072,LOAD,119366830,4188.768353821577
15073,LOAD,123225148,4057.6133047127687
15074,LOAD,117731024,4246.968921292998
15075,LOAD,117084072,4270.435691713899
15076,LOAD,117202243,4266.129957939457
15077,LOAD,120740677,4141.1064806270715
15078,LOAD,116632487,4286.970233259281
15079,LOAD,119238039,4193.292712571363
15080,LOAD,118694657,4212.489531015705
15081,LOAD,118259256,4227.998863784497
15082,LOAD,121465125,4116.407898975118
15083,LOAD,127624866,3917.73183135017
15084,LOAD,114377978,4371.470878773534
15085,LOAD,122338202,4087.030803346284
15086,LOAD,116800827,4280.791607751202
15087,LOAD,118562274,4217.193067670076
15088,LOAD,121717428,4107.875168049065
15089,LOAD,121031484,4131.156484869672
15090,LOAD,116316829,4298.604116864293
15091,LOAD,118699525,4212.316772118506
15092,LOAD,120690800,4142.817845270725
15093,LOAD,114484135,4367.417371848073
15094,LOAD,116330629,4298.094184636447
15095,LOAD,124749008,4008.047903675515
15096,LOAD,117961693,4238.66415684624
15097,LOAD,118180958,4230.800024484486
15098,LOAD,117312057,4262.136499746142
15099,LOAD,117651606,4249.835739598829
15100,LOAD,120826017,4138.181597097586
15101,LOAD,116403762,4295.393820691122
15102,LOAD,114931331,4350.423819593632
15103,LOAD,119451288,4185.806686320536
15104,LOAD,118052656,4235.398143011708
15105,LOAD,117346396,4260.889273497586
15106,LOAD,121092660,4129.069425017173
15107,LOAD,115518172,4328.323339465586
15108,LOAD,116901104,4277.119572797192
15109,LOAD,112726133,4435.528716309287
15110,LOAD,123900200,4035.505995954809
15111,LOAD,119151558,4196.336232548466
15112,LOAD,116148436,4304.836270029499
15113,LOAD,119219931,4193.929620710819
15114,LOAD,113371078,4410.295895748649
15115,LOAD,118927784,4204.232040512921
15116,LOAD,117318485,4261.902972920252
15117,LOAD,121863905,4102.937617172206
15118,LOAD,127524872,3920.8037785758374
15119,LOAD,118904104,4205.0693220816
15120,LOAD,115492673,4329.278966467423
15121,LOAD,119962400,4167.972631424513
15122,LOAD,121525267,4114.370717654955
15123,LOAD,118536901,4218.095764119901
15124,LOAD,118395524,4223.132624506988
15125,LOAD,118960339,4203.081499288599
15126,LOAD,124437465,4018.0824962964334
15127,LOAD,122021844,4097.626978985829
15128,LOAD,120149356,4161.487141054672
15129,LOAD,119137506,4196.8311809381
15130,LOAD,118893363,4205.449214183638
15131,LOAD,116423460,4294.667071396091
15132,LOAD,116559060,4289.670832966566
15133,LOAD,125237561,3992.41246801349
15134,LOAD,115921955,4313.246787461443
15135,LOAD,118896634,4205.333516842873
15136,LOAD,117107895,4269.566966428694
15137,LOAD,119949115,4168.434256476174
15138,LOAD,118286870,4227.011839944704
15139,LOAD,116505065,4291.658907705
15140,LOAD,121845382,4103.561347938488
15141,LOAD,117191886,4266.506983256503
15142,LOAD,118702216,4212.2212781604685
15143,LOAD,116735010,4283.20518411743
15144,LOAD,118731680,4211.1759894242205
15145,LOAD,119372970,4188.552902721613
15146,LOAD,115771355,4318.85763106081
15147,LOAD,118672450,4213.277807949528
15148,LOAD,116781640,4281.494933621415
15149,LOAD,121229085,4124.422781876148
15150,LOAD,117411111,4258.540744069784
15151,LOAD,114981361,4348.530889280394
15152,LOAD,127147453,3932.4421229263635
15153,LOAD,117904794,4240.709669532182
15154,LOAD,130284355,3837.759338026427
15155,LOAD,125637940,3979.6895746619216
15156,LOAD,125479124,3984.726574916159
15157,LOAD,120036869,4165.386886257422
15158,LOAD,112073798,4461.34608554981
15159,LOAD,126512216,3952.1875104930577
15160,LOAD,122523601,4080.846432190644
15161,LOAD,119660925,4178.473465753335
15162,LOAD,126456799,3953.919472530694
15163,LOAD,122148255,4093.3863525107254
15164,LOAD,118426496,4222.02815153798
15165,LOAD,121246515,4123.829868429621
15166,LOAD,119061451,4199.512065412339
15167,LOAD,120377954,4153.584467800474
15168,LOAD,115653948,4323.241952795247
15169,LOAD,123484781,4049.081967436943
15170,LOAD,114871593,4352.686220691655
15171,LOAD,126449399,3954.1508615632088
15172,LOAD,117352167,4260.67973674487
15173,LOAD,118516260,4218.830395086717
15174,LOAD,118463482,4220.709973728443
15175,LOAD,115525423,4328.051670496805
15176,LOAD,119737299,4175.808241674134
15177,LOAD,118384510,4223.525527114992
15178,LOAD,120938294,4134.339781574891
15179,LOAD,117761705,4245.862438897263
15180,LOAD,115964673,4311.657913268121
15181,LOAD,123052111,4063.3191575234328
15182,LOAD,114322499,4373.592288251152
15183,LOAD,119937487,4168.838388284724
15184,LOAD,114054286,4383.877340655134
15185,LOAD,119805710,4173.423787564048
15186,LOAD,118893857,4205.431740682784
15187,LOAD,119662531,4178.417386140696
15188,LOAD,117306886,4262.324378809271
15189,LOAD,114200869,4378.250396676053
15190,LOAD,118624199,4214.991580259269
15191,LOAD,125005980,3999.808649154224
15192,LOAD,118200607,4230.0967202308875
15193,LOAD,119166495,4195.810240118248
15194,LOAD,115900266,4314.053947037532
15195,LOAD,116654378,4286.165753676215
15196,LOAD,112616507,4439.846460519327
15197,LOAD,119121882,4197.381636398256
15198,LOAD,121789626,4105.439982219832
15199,LOAD,114679232,4359.987342782344
15200,LOAD,118960691,4203.069062535959
15201,LOAD,114240554,4376.729475594105
15202,LOAD,118280437,4227.241737363551
15203,LOAD,117251651,4264.332277930996
15204,LOAD,118346011,4224.899477177984
15205,LOAD,118563965,4217.13292061378
15206,LOAD,115345935,4334.7864838063
15207,LOAD,117902055,4240.808186082932
15208,LOAD,123969746,4033.242110538808
15209,LOAD,116223962,4302.03885150637
15210,LOAD,119197806,4194.708080449065
15211,LOAD,115461520,4330.447061497199
15212,LOAD,123149440,4060.107784493376
15213,LOAD,115230641,4339.123653751089
15214,LOAD,121945751,4100.183859624596
15215,LOAD,115878003,4314.882782368972
15216,LOAD,116298768,4299.27168274044
15217,LOAD,118334005,4225.328129475547
15218,LOAD,114842993,4353.770194756245
15219,LOAD,115239013,4338.808420721201
15220,LOAD,114759636,4356.932606513321
15221,LOAD,113922815,4388.936491781738
15222,LOAD,115046036,4346.086291925782
15223,LOAD,122335720,4087.1137227949453
15224,LOAD,118058729,4235.180272015295
15225,LOAD,114582226,4363.678534225719
15226,LOAD,117898319,4240.942570182023
15227,LOAD,120501211,4149.335893396125
15228,LOAD,116970573,4274.579385021907
15229,LOAD,120265929,4157.453438038965
15230,LOAD,117651625,4249.835053276995
15231,LOAD,122842561,4070.250538003681
15232,LOAD,117743969,4246.502001304202
15233,LOAD,120469740,4150.419848171002
15234,LOAD,124649303,4011.2538776089264
15235,LOAD,123802374,4038.6947668709486
15236,LOAD,119093786,4198.371861316089
15237,LOAD,118867298,4206.371377264754
15238,LOAD,118704966,4212.12369497667
15239,LOAD,118021017,4236.533565881745
15240,LOAD,120334778,4155.07476982257
15241,LOAD,115556718,4326.879550178986
15242,LOAD,114944267,4349.934216379839
15243,LOAD,117795639,4244.639311307611
15244,LOAD,119771179,4174.627019410071
15245,LOAD,119107648,4197.883245918852
15246,LOAD,117530046,4254.231296735815
15247,LOAD,116613148,4287.6811798271665
15248,LOAD,117021502,4272.7190426935385
15249,LOAD,120628873,4144.944635269867
15250,LOAD,117120112,4269.121600566775
15251,LOAD,114062726,4383.552958395891
15252,LOAD,126412285,3955.3117800220125
15253,LOAD,116167640,4304.124625412034
15254,LOAD,120581945,4146.557762026479
15255,LOAD,119398673,4187.651231266196
15256,LOAD,116367963,4296.715239399696
15257,LOAD,122544300,4080.1571350115837
15258,LOAD,117009870,4273.143795476399
15259,LOAD,116914838,4276.6171390495365
15260,LOAD,115778767,4318.5811436392305
15261,LOAD,114851160,4353.460600659148
15262,LOAD,121405465,4118.430747742698
15263,LOAD,114893764,4351.846284712197
15264,LOAD,119503644,4183.9728334978645
15265,LOAD,113045378,4423.002592817196
15266,LOAD,126390576,3955.99114921353
15267,LOAD,114589085,4363.4173359530705
15268,LOAD,113991336,4386.298270949294
15269,LOAD,121286275,4122.477996789002
15270,LOAD,116884486,4277.727670377059
15271,LOAD,116114815,4306.082733714901
15272,LOAD,122660676,4076.2860299253525
15273,LOAD,121774314,4105.95620353895
15274,LOAD,118004227,4237.13635275116
15275,LOAD,118625246,4214.954378261099
15276,LOAD,125001423,3999.9544645183755
15277,LOAD,120867859,4136.74904260528
15278,LOAD,115269449,4337.662792159264
15279,LOAD,117068865,4270.990412352592
15280,LOAD,118671471,4213.312566084227
15281,LOAD,116287816,4299.676588646226
15282,LOAD,119046268,4200.047665500946
15283,LOAD,119143057,4196.63564617114
15284,LOAD,117033283,4272.288935105751
15285,LOAD,114032619,4384.710308196991
15286,LOAD,128820263,3881.376953872544
15287,LOAD,128248883,3898.669433245668
15288,LOAD,121167922,4126.504703117711
15289,LOAD,119463493,4185.37904295164
15290,LOAD,117007218,4273.240647427409
15291,LOAD,120035901,4165.420476995461
15292,LOAD,115668749,4322.688749750376
15293,LOAD,118134102,4232.478103570805
15294,LOAD,123064146,4062.921787146681
15295,LOAD,118514847,4218.880694331909
15296,LOAD,118264539,4227.809994676426
15297,LOAD,117252197,4264.312420516948
15298,LOAD,122958552,4066.4109317097364
15299,LOAD,117574408,4252.626132720991
15300,LOAD,120172044,4160.701468970604
15301,LOAD,116806054,4280.6000449257535
15302,LOAD,128936814,3877.8684263130617
15303,LOAD,120003034,4166.561322107907
15304,LOAD,121630721,4110.8035526649555
15305,LOAD,130555403,3829.791709194908
15306,LOAD,120135020,4161.983741293754
15307,LOAD,119572944,4181.547959545096
15308,LOAD,116121064,4305.851003914328
15309,LOAD,117948269,4239.14657026463
15310,LOAD,121057838,4130.25714204478
15311,LOAD,116253568,4300.943262231745
15312,LOAD,121463264,4116.470968539096
15313,LOAD,120009239,4166.345892752473
15314,LOAD,120383928,4153.37834798014
15315,LOAD,132750418,3766.46648299066
15316,LOAD,117367657,4260.117418889941
15317,LOAD,120515622,4148.839724695608
15318,LOAD,116002549,4310.250113555694
15319,LOAD,119466321,4185.27996689544
15320,LOAD,120819377,4138.409023579057
15321,LOAD,125949431,3969.847231783048
15322,LOAD,124598740,4012.8816711950703
15323,LOAD,119922102,4169.373215289372
15324,LOAD,121725589,4107.599758667013
15325,LOAD,121387634,4119.035716603555
15326,LOAD,124764780,4007.541230786445
15327,LOAD,119778753,4174.36304417028
15328,LOAD,121213881,4124.940113088203
15329,LOAD,125065633,3997.900846190096
15330,LOAD,121541113,4113.834303952771
15331,LOAD,124451941,4017.6151210048224
15332,LOAD,118833945,4207.551975153227
15333,LOAD,123631910,4044.2633297503853
15334,LOAD,127122983,3933.19908171129
15335,LOAD,116162247,4304.324450610877
15336,LOAD,121633436,4110.711794740387
15337,LOAD,119812448,4173.189082990775
15338,LOAD,122377706,4085.7114938892546
15339,LOAD,120425931,4151.929703578542
15340,LOAD,116534701,4290.567493711594
15341,LOAD,118960440,4203.077930781023
15342,LOAD,123727171,4041.1495386086212
15343,LOAD,130188817,3840.5756463706093
15344,LOAD,121402987,4118.514810512858
15345,LOAD,126202244,3961.8946870706995
15346,LOAD,121705622,4108.273650661758
15347,LOAD,126745205,3944.92241343568
15348,LOAD,128643705,3886.7039782475167
15349,LOAD,131072628,3814.678988507044
15350,LOAD,129996076,3846.2699443327815
15351,LOAD,132004111,3787.7608220853062
15352,LOAD,126766091,3944.2724474323345
15353,LOAD,117407623,4258.667258769049
15354,LOAD,122519101,4080.996317464001
15355,LOAD,122974288,4065.890586819254
15356,LOAD,120996255,4132.359303186698
15357,LOAD,122024139,4097.549911825234
15358,LOAD,131783287,3794.1078218818443
15359,LOAD,122857767,4069.7467666004377
15360,LOAD,121763392,4106.324501866702
15361,LOAD,124672206,4010.516987242529
15362,LOAD,123916154,4034.9864312283285
15363,LOAD,121014690,4131.729792473955
15364,LOAD,129196438,3870.0757369177622
15365,LOAD,120066980,4164.342269623172
15366,LOAD,120365841,4154.002463207148
15367,LOAD,123280939,4055.777024865133
15368,LOAD,119133904,4196.9580716502
15369,LOAD,116980465,4274.217921770101
15370,LOAD,120484582,4149.9085750241475
15371,LOAD,113699515,4397.556137332688
15372,LOAD,129966689,3847.1396312942925
15373,LOAD,119087065,4198.608807765982
15374,LOAD,118338470,4225.168704648624
15375,LOAD,118772353,4209.733893206612
15376,LOAD,126535240,3951.468381456423
15377,LOAD,119077160,4198.958053752709
15378,LOAD,117219549,4265.500117220208
15379,LOAD,117577414,4252.517409508599
15380,LOAD,123339911,4053.837853020666
15381,LOAD,124545826,4014.5865667148087
15382,LOAD,125762941,3975.733996233437
15383,LOAD,121790664,4105.404992290706
15384,LOAD,120003300,4166.552086484288
15385,LOAD,114524848,4365.864777222844
15386,LOAD,128133300,3902.1862388621844
15387,LOAD,128035619,3905.163296785405
15388,LOAD,123394483,4052.045017280068
15389,LOAD,116982157,4274.1561005752355
15390,LOAD,120058309,4164.643031912102
15391,LOAD,122890402,4068.665997202939
15392,LOAD,123204660,4058.2880550135037
15393,LOAD,130618155,3827.9517881721727
15394,LOAD,120673207,4143.421828509124
15395,LOAD,123529872,4047.603967403123
15396,LOAD,117633423,4250.492651225493
15397,LOAD,125255575,3991.838287437505
15398,LOAD,120474604,4150.252280555328
15399,LOAD,122825833,4070.804877016385
15400,LOAD,122020250,4097.680507948476
15401,LOAD,118590514,4216.188826030386
15402,LOAD,118237818,4228.765453029589
15403,LOAD,118421140,4222.219107162792
15404,LOAD,124023130,4031.50605858762
15405,LOAD,124810668,4006.067814651869
15406,LOAD,118152629,4231.814427083125
15407,LOAD,119745820,4175.511095084571
15408,LOAD,116135281,4305.32389205654
15409,LOAD,120417109,4152.233882313185
15410,LOAD,118556108,4217.412400211384
15411,LOAD,119315360,4190.575295586419
15412,LOAD,119076296,4198.98852077159
15413,LOAD,116749161,4282.686022899984
15414,LOAD,117527034,4254.340324797102
15415,LOAD,115449621,4330.893385955767
15416,LOAD,117304343,4262.416780255101
15417,LOAD,119607422,4180.34258777018
15418,LOAD,121165945,4126.5720330906515
15419,LOAD,125368898,3988.22999943734
15420,LOAD,118315556,4225.98698686756
15421,LOAD,114471928,4367.88310230959
15422,LOAD,121176189,4126.223180694352
15423,LOAD,126284789,3959.3050276229233
15424,LOAD,125233829,3992.531442921864
15425,LOAD,121664639,4109.657531634973
15426,LOAD,115385758,4333.290422202713
15427,LOAD,117449293,4257.15632021727
15428,LOAD,115916371,4313.454568035088
15429,LOAD,118383337,4223.567375871488
15430,LOAD,117294746,4262.765529156779
15431,LOAD,121742318,4107.035320290189
15432,LOAD,118669134,4213.3955405792385
15433,LOAD,115653891,4323.24408350429
15434,LOAD,117478444,4256.0999531113985
15435,LOAD,124279412,4023.1925139780997
15436,LOAD,115776173,4318.677902749471
15437,LOAD,124331435,4021.5091219690335
15438,LOAD,119596487,4180.724806741187
15439,LOAD,128215294,3899.6907810389607
15440,LOAD,127072561,3934.759762967239
15441,LOAD,128841321,3880.742576366475
15442,LOAD,124216091,4025.243396203798
15443,LOAD,123754999,4040.240830998674
15444,LOAD,124936138,4002.0446285925696
15445,LOAD,120364901,4154.034904245051
15446,LOAD,127684381,3915.905736348442
15447,LOAD,124004072,4032.1256547123708
15448,LOAD,121999303,4098.384070276205
15449,LOAD,124406345,4019.087611648747
15450,LOAD,122597638,4078.381999496597
15451,LOAD,123285251,4055.6351708283414
15452,LOAD,121314040,4121.534490154643
15453,LOAD,125288267,3990.796680107324
15454,LOAD,119106476,4197.924552817766
15455,LOAD,121149738,4127.124071865513
15456,LOAD,121359494,4119.990810113299
15457,LOAD,126076422,3965.8485866611923
15458,LOAD,133548576,3743.9560568582924
15459,LOAD,117817068,4243.867280757658
15460,LOAD,121432771,4117.504656136028
15461,LOAD,128264897,3898.1826804881775
15462,LOAD,122483727,4082.1749325116466
15463,LOAD,123046570,4063.502135817358
15464,LOAD,116764221,4282.133651197827
15465,LOAD,121249909,4123.714435117638
15466,LOAD,118702017,4212.228339809929
15467,LOAD,121436602,4117.374759876762
15468,LOAD,121843118,4103.637597324127
15469,LOAD,117301071,4262.535676251413
15470,LOAD,117339894,4261.125376506647
15471,LOAD,115053437,4345.806722836102
15472,LOAD,119055367,4199.726670029079
15473,LOAD,123662270,4043.270433253409
15474,LOAD,125817914,3973.9968984066927
15475,LOAD,117699265,4248.114888397986
15476,LOAD,116370884,4296.607388494188
15477,LOAD,118165407,4231.356813250768
15478,LOAD,118272447,4227.527312426368
15479,LOAD,117395487,4259.107507258776
15480,LOAD,116083737,4307.235560481655
15481,LOAD,117129938,4268.763465067317
15482,LOAD,115377721,4333.592271249664
15483,LOAD,117798337,4244.542094002567
15484,LOAD,128197439,3900.2339196495177
15485,LOAD,117093319,4270.098450279644
15486,LOAD,126425840,3954.8877033365966
15487,LOAD,124985264,4000.4716075968763
15488,LOAD,114429333,4369.508996438876
15489,LOAD,123109862,4061.4130491024353
15490,LOAD,115816725,4317.165763407659
15491,LOAD,124881809,4003.7856914772906
15492,LOAD,123693448,4042.251292081372
15493,LOAD,118854918,4206.809515446386
15494,LOAD,115335985,4335.16044450481
15495,LOAD,124370592,4020.242984772477
15496,LOAD,121081181,4129.460877987307
15497,LOAD,122599690,4078.3137379874292
15498,LOAD,118689708,4212.665179022936
15499,LOAD,124227715,4024.8667537674664
15500,LOAD,127358046,3925.939630072528
15501,LOAD,119725987,4176.202782107781
15502,LOAD,122024239,4097.546553844929
15503,LOAD,127618756,3917.919400499406
15504,LOAD,122767763,4072.7303958450393
15505,LOAD,128252018,3898.5741339368246
15506,LOAD,121653385,4110.037710829009
15507,LOAD,124233596,4024.676223652095
15508,LOAD,125408226,3986.979291135177
15509,LOAD,123495002,4048.7468472610735
15510,LOAD,128933458,3877.9693630802954
15511,LOAD,123672683,4042.9299977263368
15512,LOAD,371645253,1345.3689935870107
15513,LOAD,114304622,4374.276308791783
15514,LOAD,123306516,4054.9357505162175
15515,LOAD,115625040,4324.322828342373
15516,LOAD,120497136,4149.476216596551
15517,LOAD,120298465,4156.329010515637
15518,LOAD,117865566,4242.121061888422
15519,LOAD,114486434,4367.329669819221
15520,LOAD,125224786,3992.8197601391794
15521,LOAD,116771626,4281.862102356955
15522,LOAD,117044667,4271.8734036810065
15523,LOAD,107614226,4646.225862368791
15524,LOAD,116498204,4291.911658998623
15525,LOAD,112643480,4438.783318839226
15526,LOAD,118703646,4212.170534340622
15527,LOAD,113683940,4398.158614136702
15528,LOAD,123418428,4051.258860629792
15529,LOAD,113233572,4415.6515701898015
15530,LOAD,117466793,4256.5220964191985
15531,LOAD,117180110,4266.9357453240145
15532,LOAD,117276545,4263.427098743401
15533,LOAD,119226081,4193.713286608825
15534,LOAD,122677131,4075.739267166266
15535,LOAD,120686727,4142.957659295873
15536,LOAD,117328154,4261.55174997469
15537,LOAD,119726411,4176.187992472271
15538,LOAD,127033420,3935.9721245007813
15539,LOAD,119406321,4187.383011323161
15540,LOAD,122556259,4079.7589946018184
15541,LOAD,116144456,4304.983786742261
15542,LOAD,126339935,3957.576834276509
15543,LOAD,117335352,4261.2903228005825
15544,LOAD,115216387,4339.660468610251
15545,LOAD,116823843,4279.948229403821
15546,LOAD,121959723,4099.714132673129
15547,LOAD,119068588,4199.260345642127
15548,LOAD,119091412,4198.45555278159
15549,LOAD,115725465,4320.5702392295425
15550,LOAD,117626778,4250.732771070207
15551,LOAD,118483006,4220.014471948829
15552,LOAD,114789619,4355.794577556704
15553,LOAD,122408241,4084.692304335948
15554,LOAD,119541393,4182.651610894312
15555,LOAD,116594292,4288.374597274454
15556,LOAD,127275563,3928.4838991440956
15557,LOAD,118340298,4225.103438559872
15558,LOAD,117074874,4270.7711989508525
15559,LOAD,121390710,4118.931341615845
15560,LOAD,118636824,4214.5430326084925
15561,LOAD,119667332,4178.249749898327
15562,LOAD,114376934,4371.510780311702
15563,LOAD,118978651,4202.4346031625455
15564,LOAD,115687521,4321.987329990415
15565,LOAD,126386154,3956.129561470792
15566,LOAD,116915501,4276.5928873708535
15567,LOAD,117188765,4266.62060991939
15568,LOAD,118885371,4205.7319230639405
15569,LOAD,119538007,4182.770087508653
15570,LOAD,115882248,4314.72471952736
15571,LOAD,119382556,4188.2165766328535
15572,LOAD,114611359,4362.569333114704
15573,LOAD,120889501,4136.0084694203515
15574,LOAD,120365044,4154.029969033202
15575,LOAD,117220740,4265.456778382392
15576,LOAD,115555415,4326.9283399657215
15577,LOAD,119925549,4169.253375692281
15578,LOAD,114269343,4375.626803070007
15579,LOAD,119727094,4176.164168822138
15580,LOAD,113947890,4387.970676771637
15581,LOAD,118269917,4227.617746615989
15582,LOAD,115839158,4316.329716415929
15583,LOAD,116374542,4296.472333270279
15584,LOAD,119121073,4197.4101425362405
15585,LOAD,124179377,4026.433471316256
15586,LOAD,116285952,4299.745510102544
15587,LOAD,125387273,3987.645540389095
15588,LOAD,116386574,4296.028165585491
15589,LOAD,122486260,4082.090513662512
15590,LOAD,123273680,4056.0158502609806
15591,LOAD,115632813,4324.032141291936
15592,LOAD,130845956,3821.2873770435826
15593,LOAD,119640764,4179.1775920120335
15594,LOAD,121650534,4110.134033608106
15595,LOAD,118719197,4211.6187831021125
15596,LOAD,118886549,4205.6902501224085
15597,LOAD,119091006,4198.469865977956
15598,LOAD,120277492,4157.053756990543
15599,LOAD,119452672,4185.758188816404
15600,LOAD,117413894,4258.43980611017
15601,LOAD,116938571,4275.749188007437
15602,LOAD,124214062,4025.309147365296
15603,LOAD,117609815,4251.345859187008
15604,LOAD,117865548,4242.121709729801
15605,LOAD,115108176,4343.74010061631
15606,LOAD,119947476,4168.491215271591
15607,LOAD,120058947,4164.6209007646885
15608,LOAD,120115329,4162.666032409569
15609,LOAD,126980481,3937.6130572383013
15610,LOAD,129301647,3866.926768535284
15611,LOAD,127671873,3916.2893772224993
15612,LOAD,114595866,4363.159138742405
15613,LOAD,123269151,4056.1648712904657
15614,LOAD,127383700,3925.1489790294995
15615,LOAD,117503994,4255.174509217109
15616,LOAD,119689453,4177.477525943744
15617,LOAD,115352994,4334.521217542044
15618,LOAD,121489884,4115.568996674653
15619,LOAD,115540250,4327.496262125103
15620,LOAD,124335430,4021.379907561344
15621,LOAD,117981670,4237.946453885591
15622,LOAD,115687180,4322.000069497761
15623,LOAD,118015668,4236.725584606274
15624,LOAD,117659108,4249.564768075584
15625,LOAD,117661733,4249.469961486969
15626,LOAD,117624020,4250.832440516827
15627,LOAD,114811951,4354.947334707343
15628,LOAD,116244648,4301.273293889624
15629,LOAD,115370129,4333.877445868159
15630,LOAD,118113172,4233.228111086543
15631,LOAD,115639997,4323.7635158361345
15632,LOAD,117828414,4243.458627899378
15633,LOAD,116093905,4306.858314396436
15634,LOAD,121493917,4115.432380042534
15635,LOAD,114137120,4380.695780654007
15636,LOAD,123594061,4045.5018303832576
15637,LOAD,113505646,4405.067215775328
15638,LOAD,117590268,4252.052559315538
15639,LOAD,123837021,4037.564824819228
15640,LOAD,114620526,4362.220428128205
15641,LOAD,118114303,4233.187575936506
15642,LOAD,116341348,4297.698183796186
15643,LOAD,123922980,4034.764173682718
15644,LOAD,116464472,4293.154739927899
15645,LOAD,114242063,4376.671664271329
15646,LOAD,121428446,4117.65131211512
15647,LOAD,116091905,4306.932511788828
15648,LOAD,119614156,4180.107244162639
15649,LOAD,112538397,4442.928043483684
15650,LOAD,122989411,4065.3906375728557
15651,LOAD,117883253,4241.484581359492
15652,LOAD,125287162,3990.831877890251
15653,LOAD,115318543,4335.8161401675015
15654,LOAD,118844266,4207.186571374003
15655,LOAD,118033465,4236.086774204248
15656,LOAD,123964558,4033.4109044296356
15657,LOAD,122993271,4065.2630500411688
15658,LOAD,119503621,4183.973638756938
15659,LOAD,116398267,4295.596600248352
15660,LOAD,122618255,4077.6962614579693
15661,LOAD,114630673,4361.8342884543645
15662,LOAD,120830889,4138.014742240289
15663,LOAD,118059527,4235.151645152703
15664,LOAD,115421753,4331.939058315983
15665,LOAD,113550811,4403.315093892196
15666,LOAD,121013867,4131.757891845568
15667,LOAD,116301616,4299.166401952661
15668,LOAD,123124270,4060.937782615889
15669,LOAD,124178106,4026.474683065306
15670,LOAD,119639930,4179.20672471139
15671,LOAD,122381096,4085.5983182239193
15672,LOAD,120139841,4161.816728224237
15673,LOAD,123792156,4039.0281271133204
15674,LOAD,117558684,4253.194940494571
15675,LOAD,117784254,4245.049597206771
15676,LOAD,122552841,4079.8727791222727
15677,LOAD,120620125,4145.245248253556
15678,LOAD,125892565,3971.640422132951
15679,LOAD,118021288,4236.523837970655
15680,LOAD,125799533,3974.577552684556
15681,LOAD,118398016,4223.0437374896555
15682,LOAD,123447749,4050.2966157770925
15683,LOAD,124364424,4020.4423734556112
15684,LOAD,118228977,4229.081674283623
15685,LOAD,116665821,4285.745351245589
15686,LOAD,123350133,4053.5019123165434
15687,LOAD,123978549,4032.955733334159
15688,LOAD,123422308,4051.131502094419
15689,LOAD,120613473,4145.47386426722
15690,LOAD,127752211,3913.8265873144064
15691,LOAD,126722340,3945.6342109844245
15692,LOAD,120710546,4142.140157331406
15693,LOAD,126354153,3957.1315079766314
15694,LOAD,121552925,4113.434538905584
15695,LOAD,125824592,3973.785982949978
15696,LOAD,117500166,4255.313137174631
15697,LOAD,117579975,4252.424785768155
15698,LOAD,121451768,4116.860612519037
15699,LOAD,126213187,3961.551180860364
15700,LOAD,118771081,4209.778978099896
15701,LOAD,117945502,4239.246020590086
15702,LOAD,119831071,4172.540525820719
15703,LOAD,126620157,3948.818354410981
15704,LOAD,120663027,4143.771397347756
15705,LOAD,121056257,4130.3110833833225
15706,LOAD,127225902,3930.0173324768407
15707,LOAD,127082476,3934.452772229587
15708,LOAD,116010715,4309.946714835781
15709,LOAD,120636132,4144.695222820971
15710,LOAD,128017399,3905.719096823706
15711,LOAD,125127513,3995.9237422068795
15712,LOAD,124732119,4008.59060207259
15713,LOAD,121691627,4108.746117758784
15714,LOAD,128223890,3899.429349710105
15715,LOAD,122782917,4072.2277350683885
15716,LOAD,129150701,3871.446272676445
15717,LOAD,122988024,4065.43648510037
15718,LOAD,127904204,3909.1756514899225
15719,LOAD,121171464,4126.384080000882
15720,LOAD,124655275,4011.0617059727315
15721,LOAD,118550474,4217.612828777049
15722,LOAD,128979621,3876.5814019565155
15723,LOAD,121733295,4107.33973807248
15724,LOAD,126819716,3942.6046341248702
15725,LOAD,123749115,4040.432935621398
15726,LOAD,123642870,4043.9048365667995
15727,LOAD,122305577,4088.1210183898643
15728,LOAD,122917751,4067.7607256253823
15729,LOAD,123435960,4050.683447513998
15730,LOAD,130753450,3823.9908774873625
15731,LOAD,121262805,4123.2758882659855
15732,LOAD,128304014,3896.9942125115435
15733,LOAD,118734359,4211.080972778907
15734,LOAD,123093187,4061.9632344071165
15735,LOAD,129078960,3873.59798994352
15736,LOAD,116564541,4289.469127665505
15737,LOAD,127439305,3923.436337007645
15738,LOAD,120521854,4148.625194564299
15739,LOAD,126044583,3966.8503643667104
15740,LOAD,118745768,4210.676375430912
15741,LOAD,117191367,4266.525878139129
15742,LOAD,120266465,4157.434909224279
15743,LOAD,123343654,4053.7148348142823
15744,LOAD,119861835,4171.469592468695
15745,LOAD,129570607,3858.899881514023
15746,LOAD,126535298,3951.466570221378
15747,LOAD,117203262,4266.092866937441
15748,LOAD,118792443,4209.021949317096
15749,LOAD,116308346,4298.917637432485
15750,LOAD,118434435,4221.745136876788
15751,LOAD,114384335,4371.227930817625
15752,LOAD,128109211,3902.9199859797745
15753,LOAD,123245607,4056.9397333569873
15754,LOAD,124703446,4009.5122952737006
15755,LOAD,117520786,4254.566507068801
15756,LOAD,123699565,4042.0514009083213
15757,LOAD,114465279,4368.136821647025
15758,LOAD,117875319,4241.770068931903
15759,LOAD,124045776,4030.7700602396976
15760,LOAD,119090493,4198.487951510957
15761,LOAD,123259036,4056.497732141926
15762,LOAD,124965008,4001.1200575444286
15763,LOAD,116943413,4275.572152148492
15764,LOAD,133968900,3732.2094904115806
15765,LOAD,117173526,4267.175505156343
15766,LOAD,121210760,4125.046324270222
15767,LOAD,124930900,4002.2124230274494
15768,LOAD,125432069,3986.221418383843
15769,LOAD,116388104,4295.971691402414
15770,LOAD,120548144,4147.7204327592135
15771,LOAD,126692172,3946.5737472714573
15772,LOAD,119446084,4185.989052600502
15773,LOAD,116924175,4276.275629056181
15774,LOAD,118678817,4213.051769803199
15775,LOAD,119418306,4186.962759294208
15776,LOAD,123111269,4061.3666324891833
15777,LOAD,123591248,4045.5939080734906
15778,LOAD,118251596,4228.272741452048
15779,LOAD,117534057,4254.086115652419
15780,LOAD,124427412,4018.4071336306506
15781,LOAD,127529344,3920.6662899481394
15782,LOAD,127431840,3923.666173226409
15783,LOAD,119855575,4171.687466352733
15784,LOAD,124743838,4008.2140169520835
15785,LOAD,119479424,4184.820978045558
15786,LOAD,120015977,4166.111983573654
15787,LOAD,120529113,4148.375338993825
15788,LOAD,118519494,4218.715277336571
15789,LOAD,119115968,4197.590032597476
15790,LOAD,119833786,4172.445991149774
15791,LOAD,121403538,4118.496118292697
15792,LOAD,130196497,3840.349099407797
15793,LOAD,125383976,3987.7503964302423
15794,LOAD,118042814,4235.751275804048
15795,LOAD,121273652,4122.907092795392
15796,LOAD,127881639,3909.865434239547
15797,LOAD,119263243,4192.406540546613
15798,LOAD,128686762,3885.4035351359607
15799,LOAD,111814072,4471.7090707509515
15800,LOAD,118328730,4225.516491218997
15801,LOAD,124580183,4013.479415100875
15802,LOAD,132163882,3783.1818529664556
15803,LOAD,118698986,4212.335899819735
15804,LOAD,126694991,3946.485934870148
15805,LOAD,130559411,3829.674139691087
15806,LOAD,124427199,4018.4140125182757
15807,LOAD,121996179,4098.489019070015
15808,LOAD,126814253,3942.7744766197534
15809,LOAD,127608537,3918.233150811846
15810,LOAD,123702790,4041.946022397716
15811,LOAD,122778680,4072.368264587956
15812,LOAD,127453098,3923.0117419350604
15813,LOAD,120259229,4157.685062158514
15814,LOAD,125198060,3993.6721064208186
15815,LOAD,120861045,4136.982267528797
15816,LOAD,123703408,4041.925829561624
15817,LOAD,119835575,4172.383701584442
15818,LOAD,127485876,3922.0030931112715
15819,LOAD,121494724,4115.405044255254
15820,LOAD,122281386,4088.9297738251016
15821,LOAD,124879828,4003.849204532857
15822,LOAD,126809504,3942.9221330287673
15823,LOAD,126749335,3944.7938720940824
15824,LOAD,121520016,4114.54850368025
15825,LOAD,125370929,3988.1653903992365
15826,LOAD,121671307,4109.432308473517
15827,LOAD,126345500,3957.402519282444
15828,LOAD,114999903,4347.829754256401
15829,LOAD,123453942,4050.093434845523
15830,LOAD,128434861,3893.0240287331335
15831,LOAD,115032627,4346.592901855575
15832,LOAD,125066860,3997.8616237746755
15833,LOAD,127804772,3912.216986702187
15834,LOAD,129831396,3851.1486081533008
15835,LOAD,123439633,4050.5629176651873
15836,LOAD,115504361,4328.840882466767
15837,LOAD,115731324,4320.351506563599
15838,LOAD,121810212,4104.746160362975
15839,LOAD,120861647,4136.9616616262065
15840,LOAD,132700308,3767.888767824111
15841,LOAD,113404304,4409.0037358723175
15842,LOAD,119467580,4185.235860641021
15843,LOAD,116165620,4304.199469688192
15844,LOAD,121841356,4103.696941783872
15845,LOAD,123992756,4032.49364019298
15846,LOAD,129953421,3847.5324170188637
15847,LOAD,119387494,4188.043347320784
15848,LOAD,119976624,4167.478491476806
15849,LOAD,124723102,4008.8804077371324
15850,LOAD,123025946,4064.183339016958
15851,LOAD,125547867,3982.5447611945488
15852,LOAD,128625135,3887.2651134632433
15853,LOAD,131705978,3796.334893773766
15854,LOAD,122994029,4065.2379962282557
15855,LOAD,119325754,4190.210270952907
15856,LOAD,127264147,3928.836296682993
15857,LOAD,122722237,4074.24124773736
15858,LOAD,124484701,4016.5578258488163
15859,LOAD,124890400,4003.510277811585
15860,LOAD,127120129,3933.2873867678345
15861,LOAD,116000518,4310.325579753015
15862,LOAD,126640278,3948.1909539080452
15863,LOAD,119257889,4192.5947557230365
15864,LOAD,124321323,4021.836221932741
15865,LOAD,125616151,3980.37987965417
15866,LOAD,118363762,4224.265869481235
15867,LOAD,125131265,3995.8039263808296
15868,LOAD,118006097,4237.069208381665
15869,LOAD,123612089,4044.9118208818554
15870,LOAD,119864973,4171.360385656617
15871,LOAD,115670062,4322.6396818219055
15872,LOAD,123728146,4041.1176936248603
15873,LOAD,116993503,4273.741594009712
15874,LOAD,119040113,4200.2648300577475
15875,LOAD,125013459,3999.569358368046
15876,LOAD,125238442,3992.3843830634687
15877,LOAD,122609438,4077.989493761483
15878,LOAD,126721902,3945.6478486252518
15879,LOAD,121438400,4117.313798600772
15880,LOAD,128139847,3901.986865959033
15881,LOAD,128343392,3895.7985464495123
15882,LOAD,130264716,3838.3379272096986
15883,LOAD,127094002,3934.0959615072943
15884,LOAD,122651767,4076.58211723929
15885,LOAD,130124365,3842.47792486826
15886,LOAD,128097471,3903.2776845375815
15887,LOAD,121179985,4126.09392549438
15888,LOAD,128378999,3894.7180138084736
15889,LOAD,124416849,4018.748296703769
15890,LOAD,122222608,4090.896178553153
15891,LOAD,118022558,4236.478250200271
15892,LOAD,146204883,3419.858418819021
15893,LOAD,132132496,3784.0804884212585
15894,LOAD,130730494,3824.662362248857
15895,LOAD,126720683,3945.6858041082373
15896,LOAD,129714708,3854.6130019426937
15897,LOAD,124329158,4021.5827730450806
15898,LOAD,129257488,3868.2478495946016
15899,LOAD,120050313,4164.920419657715
15900,LOAD,127342756,3926.411016265425
15901,LOAD,122797893,4071.7311004676603
15902,LOAD,126741685,3945.0319758649257
15903,LOAD,122126471,4094.1164999355465
15904,LOAD,131334832,3807.0631559493672
15905,LOAD,121831439,4104.030980049411
15906,LOAD,125534998,3982.953024781185
15907,LOAD,122942622,4066.9378273061398
15908,LOAD,127277748,3928.4164581541777
15909,LOAD,127246476,3929.3819028827174
15910,LOAD,120335112,4155.063237070823
15911,LOAD,120791796,4139.3539673836785
15912,LOAD,128286816,3897.516639589839
15913,LOAD,122447403,4083.385908968604
15914,LOAD,135175698,3698.88972202681
15915,LOAD,123597233,4045.398006604242
15916,LOAD,117652022,4249.820712813589
15917,LOAD,132447921,3775.068692848716
15918,LOAD,125773815,3975.390267044058
15919,LOAD,121821520,4104.365140083624
15920,LOAD,125421862,3986.5458224499966
15921,LOAD,121934183,4100.572847566461
15922,LOAD,123354144,4053.370108101111
15923,LOAD,126260178,3960.0767868393154
15924,LOAD,127148996,3932.394401289649
15925,LOAD,121833756,4103.952930746056
15926,LOAD,127546848,3920.1282339803483
15927,LOAD,120921707,4134.90689475629
15928,LOAD,126926465,3939.288784257877
15929,LOAD,122909581,4068.0311163049205
15930,LOAD,129439204,3862.8173269668746
15931,LOAD,129066450,3873.973445461621
15932,LOAD,130213629,3839.843830786714
15933,LOAD,133693580,3739.8953637115555
15934,LOAD,117722413,4247.279572837162
15935,LOAD,118289781,4226.9078171680785
15936,LOAD,120242179,4158.274610109986
15937,LOAD,128475134,3891.8036855287496
15938,LOAD,127003737,3936.892030192781
15939,LOAD,121548011,4113.6008387665015
15940,LOAD,128220100,3899.544611180306
15941,LOAD,127954145,3907.6498850428015
15942,LOAD,121092479,4129.075596841981
15943,LOAD,120956485,4133.718006107733
15944,LOAD,127826848,3911.5413375443627
15945,LOAD,121936287,4100.502092539525
15946,LOAD,122890914,4068.6490459335337
15947,LOAD,121408566,4118.325555381323
15948,LOAD,121133427,4127.679802206867
15949,LOAD,125534528,3982.9679369169253
15950,LOAD,129430199,3863.0860793160027
15951,LOAD,131446692,3803.8233780732953
15952,LOAD,124740073,4008.3349959238844
15953,LOAD,123112893,4061.3130584137925
15954,LOAD,128504080,3890.927042939026
15955,LOAD,124553007,4014.3551090661344
15956,LOAD,127339384,3926.514989266793
15957,LOAD,123133841,4060.622132302362
15958,LOAD,123507907,4048.323804888055
15959,LOAD,122087386,4095.4271885221624
15960,LOAD,122678665,4075.688303259577
15961,LOAD,129809017,3851.812543962181
15962,LOAD,126658754,3947.6150223300006
15963,LOAD,129081333,3873.526778655129
15964,LOAD,122640339,4076.961985566593
15965,LOAD,128542170,3889.7740718084965
15966,LOAD,127915810,3908.8209659150034
15967,LOAD,128231408,3899.2007324757756
15968,LOAD,129970889,3847.0153112517373
15969,LOAD,130388198,3834.702892358402
15970,LOAD,129690218,3855.340886233995
15971,LOAD,127352885,3926.09872952623
15972,LOAD,127911228,3908.9609865992375
15973,LOAD,129446443,3862.601307631141
15974,LOAD,122440203,4083.6260292707943
15975,LOAD,125780042,3975.193457162306
15976,LOAD,129464054,3862.0758778340128
15977,LOAD,120821762,4138.327332124159
15978,LOAD,126030093,3967.306443231776
15979,LOAD,118449536,4221.206911270636
15980,LOAD,119220434,4193.911926205536
15981,LOAD,128111751,3902.8426049691566
15982,LOAD,128131406,3902.243919808388
15983,LOAD,112523907,4443.500171034765
15984,LOAD,118915513,4204.665879043048
15985,LOAD,118854830,4206.812630164041
15986,LOAD,124827012,4005.5432873775753
15987,LOAD,126031765,3967.253810973765
15988,LOAD,125660663,3978.9699342904155
15989,LOAD,122785009,4072.158352816507
15990,LOAD,118048363,4235.552169410431
15991,LOAD,124334446,4021.4117333180543
15992,LOAD,123106593,4061.5208967727663
15993,LOAD,121949473,4100.058718580932
15994,LOAD,118975539,4202.544524719488
15995,LOAD,118431335,4221.855643187675
15996,LOAD,118870041,4206.274312633576
15997,LOAD,120725044,4141.642723277864
15998,LOAD,128091642,3903.4553089732426
15999,LOAD,118290953,4226.865937921727
16000,LOAD,123309087,4054.85120492377
16001,LOAD,115801761,4317.723631163088
16002,LOAD,121535171,4114.035434236563
16003,LOAD,119857238,4171.629584856611
16004,LOAD,124806754,4006.193446870672
16005,LOAD,114756758,4357.041874605764
16006,LOAD,125090912,3997.0929303001644
16007,LOAD,112518171,4443.726693708876
16008,LOAD,115536744,4327.627581403886
16009,LOAD,119393562,4187.8304962540615
16010,LOAD,125022054,3999.2943964910382
16011,LOAD,124818177,4005.8268115869055
16012,LOAD,499721627,1000.557056138777
16013,LOAD,112403114,4448.275338706364
16014,LOAD,116061636,4308.055764438819
16015,LOAD,114724661,4358.260862501045
16016,LOAD,111218917,4495.638093652719
16017,LOAD,118122184,4232.905141679399
16018,LOAD,114050458,4384.0244815150145
16019,LOAD,121273657,4122.90692281177
16020,LOAD,114587112,4363.492466761882
16021,LOAD,121855076,4103.234895196324
16022,LOAD,125083137,3997.3413842347113
16023,LOAD,125380518,3987.860378755174
16024,LOAD,119214706,4194.11343429392
16025,LOAD,114788634,4355.831954581845
16026,LOAD,121241784,4123.990785223022
16027,LOAD,122468545,4082.6809855542906
16028,LOAD,122302332,4088.229486907903
16029,LOAD,125096310,3996.9204527295806
16030,LOAD,124727618,4008.735258617702
16031,LOAD,124455337,4017.5054927535966
16032,LOAD,124276873,4023.274708561423
16033,LOAD,120430824,4151.761014273223
16034,LOAD,120745728,4140.93325107121
16035,LOAD,122012975,4097.924831355026
16036,LOAD,115248604,4338.447344663715
16037,LOAD,120747754,4140.863771263191
16038,LOAD,114775347,4356.336208680772
16039,LOAD,126605777,3949.26686481297
16040,LOAD,127410968,3924.30893390591
16041,LOAD,122745016,4073.4851507127587
16042,LOAD,115044533,4346.143071396535
16043,LOAD,122298126,4088.3700867174366
16044,LOAD,119317903,4190.485982644197
16045,LOAD,116060175,4308.109995526028
16046,LOAD,126201582,3961.9154694907074
16047,LOAD,116519451,4291.129040764189
16048,LOAD,122886752,4068.786845306156
16049,LOAD,120639750,4144.570922933776
16050,LOAD,120073890,4164.102620478107
16051,LOAD,132738407,3766.80729639915
16052,LOAD,126009889,3967.9425477471846
16053,LOAD,120553686,4147.52975699142
16054,LOAD,117385893,4259.455605964509
16055,LOAD,119329206,4190.0890549795495
16056,LOAD,115528852,4327.923210039341
16057,LOAD,122076252,4095.8007131477134
16058,LOAD,119416361,4187.03095466123
16059,LOAD,126219549,3961.3515018976973
16060,LOAD,124820570,4005.750013799809
16061,LOAD,120656662,4143.989993689697
16062,LOAD,120977693,4132.993344483764
16063,LOAD,118737590,4210.966383939576
16064,LOAD,122474840,4082.471142644481
16065,LOAD,121610669,4111.481370109065
16066,LOAD,117456798,4256.884305666156
16067,LOAD,123616150,4044.7789386742747
16068,LOAD,118811212,4208.357036202947
16069,LOAD,113549701,4403.358138301042
16070,LOAD,122716305,4074.438193033925
16071,LOAD,121753058,4106.6730332144925
16072,LOAD,124229783,4024.799753534143
16073,LOAD,113739509,4396.009833311307
16074,LOAD,116666582,4285.717395920625
16075,LOAD,112380190,4449.18272517603
16076,LOAD,117068128,4271.017300285181
16077,LOAD,120873328,4136.561872442198
16078,LOAD,118975191,4202.556817076259
16079,LOAD,117916154,4240.301121083036
16080,LOAD,123761696,4040.022205254847
16081,LOAD,113196499,4417.0977408055705
16082,LOAD,121626332,4110.951894857769
16083,LOAD,116383350,4296.14717225445
16084,LOAD,123314853,4054.661606740917
16085,LOAD,116717334,4283.853844708276
16086,LOAD,120812477,4138.645381801086
16087,LOAD,120671062,4143.495480299991
16088,LOAD,116444779,4293.880793058141
16089,LOAD,119683574,4177.682728625735
16090,LOAD,118888757,4205.612142113657
16091,LOAD,113313203,4412.548465336383
16092,LOAD,121751552,4106.7238305101855
16093,LOAD,116769233,4281.949852321116
16094,LOAD,120845932,4137.499638796282
16095,LOAD,113556360,4403.099923245162
16096,LOAD,118753566,4210.399879697086
16097,LOAD,120231572,4158.64145900047
16098,LOAD,124867013,4004.260116320713
16099,LOAD,111727895,4475.158150970266
16100,LOAD,122668993,4076.0096563277407
16101,LOAD,113548321,4403.411654145022
16102,LOAD,114690670,4359.552525065901
16103,LOAD,121700682,4108.440411204927
16104,LOAD,117480785,4256.015143242361
16105,LOAD,114640511,4361.459972906087
16106,LOAD,125168201,3994.624800910896
16107,LOAD,116750690,4282.629935634642
16108,LOAD,118683314,4212.89213410404
16109,LOAD,122346695,4086.7470919422876
16110,LOAD,127418095,3924.089431724748
16111,LOAD,125094889,3996.965855255685
16112,LOAD,124941014,4001.8884431336537
16113,LOAD,115926782,4313.067190979216
16114,LOAD,124375543,4020.0829515172445
16115,LOAD,120280115,4156.963102338237
16116,LOAD,123044131,4063.5826831919353
16117,LOAD,123296616,4055.261338234944
16118,LOAD,117852910,4242.5766152061915
16119,LOAD,120469542,4150.42666967224
16120,LOAD,123269780,4056.1441741844596
16121,LOAD,120126984,4162.262160848057
16122,LOAD,117970827,4238.335974367629
16123,LOAD,123001365,4064.995538870646
16124,LOAD,120003881,4166.531914080346
16125,LOAD,120075384,4164.0508099478575
16126,LOAD,121541846,4113.809494056886
16127,LOAD,127108628,3933.6432771503128
16128,LOAD,119370572,4188.637045318003
16129,LOAD,121912467,4101.303273602034
16130,LOAD,119444987,4186.027497328121
16131,LOAD,117803494,4244.356283693929
16132,LOAD,125267781,3991.4493256649926
16133,LOAD,113222236,4416.093672624519
16134,LOAD,120543455,4147.88177425311
16135,LOAD,118597531,4215.9393689232875
16136,LOAD,112805701,4432.400096516399
16137,LOAD,118986861,4202.14463847399
16138,LOAD,114953381,4349.58933482783
16139,LOAD,120619896,4145.253118109139
16140,LOAD,118641420,4214.379767201033
16141,LOAD,120460319,4150.744445563024
16142,LOAD,125792358,3974.804256392109
16143,LOAD,119271200,4192.126850404792
16144,LOAD,117785914,4244.989770168952
16145,LOAD,118595021,4216.0285970184195
16146,LOAD,117672370,4249.085830429012
16147,LOAD,117681579,4248.753324426417
16148,LOAD,120629313,4144.929516426907
16149,LOAD,116672501,4285.49997398273
16150,LOAD,127022770,3936.302129137949
16151,LOAD,117195429,4266.378000118077
16152,LOAD,125726389,3976.8898476834484
16153,LOAD,118047626,4235.578612991337
16154,LOAD,116382347,4296.184197075868
16155,LOAD,117774624,4245.396699377278
16156,LOAD,123743205,4040.625907499325
16157,LOAD,117758832,4245.966026565209
16158,LOAD,126192300,3962.2068858401026
16159,LOAD,117088219,4270.284442536444
16160,LOAD,129646384,3856.644393568277
16161,LOAD,122107679,4094.746571998965
16162,LOAD,115872066,4315.103866362407
16163,LOAD,125715170,3977.244750971581
16164,LOAD,124490741,4016.3629518439448
16165,LOAD,119726888,4176.1713542575335
16166,LOAD,109261692,4576.169294541037
16167,LOAD,128210476,3899.837326865552
16168,LOAD,126589023,3949.789548498213
16169,LOAD,119176470,4195.459053284596
16170,LOAD,126858680,3941.3936831125784
16171,LOAD,118672101,4213.290198679469
16172,LOAD,121463831,4116.451752620909
16173,LOAD,123113812,4061.2827421833063
16174,LOAD,128448808,3892.6013233225176
16175,LOAD,118031128,4236.1706481361425
16176,LOAD,118190971,4230.441596084358
16177,LOAD,118387117,4223.4325209558065
16178,LOAD,120046469,4165.053784297479
16179,LOAD,112758656,4434.249375941479
16180,LOAD,127445671,3923.2403586309338
16181,LOAD,118457976,4220.9061549388625
16182,LOAD,118939689,4203.811227386008
16183,LOAD,115399595,4332.770838580499
16184,LOAD,116267202,4300.438914836877
16185,LOAD,123521993,4047.8621487268265
16186,LOAD,118688689,4212.701346798093
16187,LOAD,117653795,4249.756669557493
16188,LOAD,120677343,4143.279820139892
16189,LOAD,119191928,4194.914944240184
16190,LOAD,118023216,4236.454631095631
16191,LOAD,114078442,4382.9490588589915
16192,LOAD,121630451,4110.8126779863705
16193,LOAD,117831896,4243.333231267025
16194,LOAD,125518543,3983.4751746600505
16195,LOAD,124609470,4012.536125865875
16196,LOAD,119237810,4193.300765923158
16197,LOAD,113556980,4403.075883138139
16198,LOAD,122413571,4084.5144530584766
16199,LOAD,114542793,4365.18079317308
16200,LOAD,121924369,4100.902913018152
16201,LOAD,116336544,4297.875652898886
16202,LOAD,122272611,4089.223219417471
16203,LOAD,114710220,4358.809528915557
16204,LOAD,131667748,3797.4371673767823
16205,LOAD,120226178,4158.8280382663415
16206,LOAD,125689215,3978.0660576167966
16207,LOAD,120345282,4154.7121057890745
16208,LOAD,131383726,3805.646370540595
16209,LOAD,118400924,4222.940016920814
16210,LOAD,126059480,3966.381584312421
16211,LOAD,120460951,4150.72266862645
16212,LOAD,121074913,4129.6746585314495
16213,LOAD,124782396,4006.9754711233463
16214,LOAD,121895120,4101.886933619656
16215,LOAD,115732489,4320.308016532851
16216,LOAD,128359376,3895.313420657327
16217,LOAD,117323529,4261.7197442126035
16218,LOAD,124779106,4007.0811214178757
16219,LOAD,120369577,4153.873532346134
16220,LOAD,120393970,4153.031916797826
16221,LOAD,117259114,4264.060872914322
16222,LOAD,121190738,4125.727825834348
16223,LOAD,132120073,3784.436298335984
16224,LOAD,117044176,4271.8913241783175
16225,LOAD,119514145,4183.605212588016
16226,LOAD,125788908,3974.913272957263
16227,LOAD,125479598,3984.7115225855277
16228,LOAD,123554777,4046.7880897879
16229,LOAD,120436367,4151.569932361045
16230,LOAD,120200412,4159.719519097822
16231,LOAD,118264707,4227.803988894168
16232,LOAD,118899885,4205.218533222299
16233,LOAD,123946623,4033.9945365030235
16234,LOAD,117513204,4254.8410134404985
16235,LOAD,116024082,4309.450170870561
16236,LOAD,128594944,3888.177749818842
16237,LOAD,117249752,4264.4013438936745
16238,LOAD,123955351,4033.710493062942
16239,LOAD,117693634,4248.318137580832
16240,LOAD,119390499,4187.937936334448
16241,LOAD,114261181,4375.939366494033
16242,LOAD,125630989,3979.909765734631
16243,LOAD,119269171,4192.1981666159145
16244,LOAD,116939887,4275.701070243039
16245,LOAD,120326881,4155.3474655426335
16246,LOAD,115054033,4345.784210797721
16247,LOAD,119968249,4167.769423724772
16248,LOAD,117891769,4241.178194552327
16249,LOAD,121547022,4113.634310184909
16250,LOAD,128553229,3889.439447685908
16251,LOAD,129452485,3862.4210265256784
16252,LOAD,121738023,4107.180219281202
16253,LOAD,129275754,3867.7012860431664
16254,LOAD,127486387,3921.987372659639
16255,LOAD,128991933,3876.211390676656
16256,LOAD,122355203,4086.4629189491843
16257,LOAD,124625920,4012.006491105542
16258,LOAD,126403331,3955.5919614175355
16259,LOAD,129831199,3851.154451712335
16260,LOAD,122926418,4067.473925743122
16261,LOAD,129584385,3858.4895857629763
16262,LOAD,127632418,3917.500019469975
16263,LOAD,127198109,3930.87604785068
16264,LOAD,127547560,3920.106350917258
16265,LOAD,125336168,3989.2714766897934
16266,LOAD,121375611,4119.443732398596
16267,LOAD,121143056,4127.35171547926
16268,LOAD,123252080,4056.7266694403856
16269,LOAD,126496197,3952.688000572855
16270,LOAD,122511072,4081.2637734489826
16271,LOAD,131460402,3803.426677487263
16272,LOAD,121713827,4107.99670279039
16273,LOAD,124819074,4005.7980241064756
16274,LOAD,126635116,3948.3518931668214
16275,LOAD,130968858,3817.7014569371904
16276,LOAD,126800674,3943.196705720981
16277,LOAD,124754612,4007.867861430245
16278,LOAD,126013413,3967.831583134725
16279,LOAD,120898267,4135.708578850017
16280,LOAD,126654823,3947.737544901863
16281,LOAD,124146833,4027.48896542532
16282,LOAD,119588338,4181.0096900920225
16283,LOAD,128339569,3895.9145951316077
16284,LOAD,123339061,4053.8657903354715
16285,LOAD,127272891,3928.5663747513995
16286,LOAD,123988358,4032.636677066084
16287,LOAD,130142375,3841.9461762550436
16288,LOAD,122293732,4088.5169813936172
16289,LOAD,133329626,3750.104271649273
16290,LOAD,127621301,3917.8412700870367
16291,LOAD,129977186,3846.8289350409536
16292,LOAD,130328963,3836.445779131995
16293,LOAD,126141777,3963.793850787436
16294,LOAD,124673344,4010.480379831634
16295,LOAD,125264726,3991.5466705287804
16296,LOAD,123290854,4055.4508609373406
16297,LOAD,133040630,3758.2503931317824
16298,LOAD,122345830,4086.7759857446717
16299,LOAD,128268470,3898.074094124612
16300,LOAD,123266589,4056.2491755166516
16301,LOAD,131815119,3793.191583736309
16302,LOAD,121594341,4112.033470373428
16303,LOAD,122893804,4068.5533666123642
16304,LOAD,131197466,3811.0492164536163
16305,LOAD,129310420,3866.6644188457512
16306,LOAD,132827116,3764.2916225027425
16307,LOAD,125881404,3971.9925589644677
16308,LOAD,128702902,3884.9162857260203
16309,LOAD,119267050,4192.27271907874
16310,LOAD,126348195,3957.318108105937
16311,LOAD,124154153,4027.2515088560913
16312,LOAD,120656394,4143.999198252188
16313,LOAD,128543082,3889.746474259891
16314,LOAD,121154590,4126.95878876731
16315,LOAD,121040852,4130.836752537069
16316,LOAD,124160365,4027.0500171290573
16317,LOAD,119937149,4168.850136666163
16318,LOAD,125138320,3995.5786524863047
16319,LOAD,127181519,3931.3888050039727
16320,LOAD,119949794,4168.410660213389
16321,LOAD,121953276,4099.930862045887
16322,LOAD,123788996,4039.1312326339576
16323,LOAD,124816564,4005.8785787437637
16324,LOAD,121784181,4105.623537428067
16325,LOAD,118927552,4204.240241992033
16326,LOAD,122984042,4065.5681165528777
16327,LOAD,123260088,4056.463110751633
16328,LOAD,125424994,3986.446274017761
16329,LOAD,128859754,3880.1874478202094
16330,LOAD,129284135,3867.450557641895
16331,LOAD,122915802,4067.825225596299
16332,LOAD,117468840,4256.447922700181
16333,LOAD,125793448,3974.769814720398
16334,LOAD,124642852,4011.461483567465
16335,LOAD,123037908,4063.788210703322
16336,LOAD,121065652,4129.990560823973
16337,LOAD,122058336,4096.401904086257
16338,LOAD,124459122,4017.383314016951
16339,LOAD,127655430,3916.793825378207
16340,LOAD,122806088,4071.459388886323
16341,LOAD,119412653,4187.160970286792
16342,LOAD,123462737,4049.8049221118436
16343,LOAD,118671902,4213.297263913407
16344,LOAD,116885151,4277.703332906675
16345,LOAD,120171899,4160.706489293308
16346,LOAD,128948819,3877.507400823888
16347,LOAD,119829894,4172.58150958558
16348,LOAD,127993458,3906.449656200397
16349,LOAD,121111410,4128.430178461303
16350,LOAD,127205220,3930.656304827742
16351,LOAD,120127387,4162.248197407308
16352,LOAD,118965463,4202.900467003604
16353,LOAD,119698340,4177.16736923837
16354,LOAD,118775321,4209.6286988776055
16355,LOAD,119974509,4167.551958891535
16356,LOAD,116039720,4308.869411267107
16357,LOAD,136978477,3650.208492243639
16358,LOAD,133200993,3753.7257698972257
16359,LOAD,122920322,4067.6756443901927
16360,LOAD,126122715,3964.392932708434
16361,LOAD,129738165,3853.916077817194
16362,LOAD,127947013,3907.8677045786135
16363,LOAD,126989983,3937.3184261312954
16364,LOAD,126572602,3950.3019776744413
16365,LOAD,135609049,3687.0695848622904
16366,LOAD,126889216,3940.4451833006838
16367,LOAD,127884837,3909.7676607274407
16368,LOAD,126156118,3963.3432601342406
16369,LOAD,118106182,4233.478650592566
16370,LOAD,126167158,3962.9964558605657
16371,LOAD,131413002,3804.7985541034973
16372,LOAD,122500685,4081.609829365444
16373,LOAD,125818183,3973.9884019784326
16374,LOAD,129476395,3861.707765342092
16375,LOAD,124524991,4015.258270526597
16376,LOAD,132146742,3783.6725479013326
16377,LOAD,127695718,3915.558076896518
16378,LOAD,126703413,3946.2236111982243
16379,LOAD,132930439,3761.3657470882195
16380,LOAD,125498023,3984.1265069171645
16381,LOAD,124324216,4021.7426345966255
16382,LOAD,123824510,4037.9727729187057
16383,LOAD,118960091,4203.090261590334
16384,LOAD,126860636,3941.3329127563256
16385,LOAD,123814307,4038.3055247403677
16386,LOAD,128142924,3901.893170472683
16387,LOAD,124986480,4000.432686799404
16388,LOAD,127457251,3922.8839165847066
16389,LOAD,131167537,3811.9187981703126
16390,LOAD,130066225,3844.195524241593
16391,LOAD,122774402,4072.5101638043407
16392,LOAD,124586363,4013.280329886506
16393,LOAD,126278043,3959.5165408130374
16394,LOAD,127916458,3908.8011645850916
16395,LOAD,120308081,4155.996802908027
16396,LOAD,126451500,3954.085163086243
16397,LOAD,124827263,4005.5352331165027
16398,LOAD,127002072,3936.9436429352118
16399,LOAD,128070540,3904.0984757306405
16400,LOAD,124572720,4013.7198577666118
16401,LOAD,118504180,4219.260451403486
16402,LOAD,119278464,4191.871551934136
16403,LOAD,129374480,3864.749833197397
16404,LOAD,127655732,3916.784559270711
16405,LOAD,131140845,3812.694664274887
16406,LOAD,122179192,4092.349865924797
16407,LOAD,128647330,3886.5944594419484
16408,LOAD,118409067,4222.6496050340465
16409,LOAD,121173918,4126.300512953621
16410,LOAD,130767664,3823.575222694198
16411,LOAD,126574751,3950.2349090143584
16412,LOAD,118157858,4231.627150857796
16413,LOAD,118521790,4218.63355253072
16414,LOAD,125182802,3994.158878150051
16415,LOAD,120160886,4161.087826865724
16416,LOAD,125216810,3993.0740928474384
16417,LOAD,121394438,4118.804850021217
16418,LOAD,122055582,4096.49433321288
16419,LOAD,128118224,3902.645419124761
16420,LOAD,129529157,3860.1347494294273
16421,LOAD,125552388,3982.401354245847
16422,LOAD,129775432,3852.809366876159
16423,LOAD,123000007,4065.04041906274
16424,LOAD,118104078,4233.554069149078
16425,LOAD,134773846,3709.9186143281836
16426,LOAD,129604011,3857.905292761348
16427,LOAD,126779714,3943.8486191883976
16428,LOAD,128216002,3899.6692472129957
16429,LOAD,128309157,3896.838009776652
16430,LOAD,125295888,3990.553943797421
16431,LOAD,120732453,4141.388562692418
16432,LOAD,126613476,3949.0267212946587
16433,LOAD,129470757,3861.8759292494137
16434,LOAD,127140129,3932.66865412729
16435,LOAD,125153461,3995.095269478804
16436,LOAD,119837339,4172.322284292378
16437,LOAD,128071599,3904.066193473543
16438,LOAD,122797867,4071.7319625755385
16439,LOAD,134828298,3708.420319894567
16440,LOAD,124658682,4010.952081139443
16441,LOAD,127099007,3933.941041726628
16442,LOAD,129338738,3865.8178340970053
16443,LOAD,131242556,3809.739883456705
16444,LOAD,125187341,3994.0140592969383
16445,LOAD,123243427,4057.0114948199225
16446,LOAD,126210475,3961.636306336697
16447,LOAD,128824062,3881.2624927166166
16448,LOAD,128873427,3879.7757741012038
16449,LOAD,132985699,3759.8027739809827
16450,LOAD,120266344,4157.439092020623
16451,LOAD,117005334,4273.309454421967
16452,LOAD,129585840,3858.4462623385393
16453,LOAD,126698563,3946.374671984243
16454,LOAD,128855958,3880.3017552358738
16455,LOAD,127166942,3931.839455571716
16456,LOAD,126732471,3945.3187967904455
16457,LOAD,121661153,4109.775287104176
16458,LOAD,131538392,3801.171600151536
16459,LOAD,128782658,3882.5103299234593
16460,LOAD,125327706,3989.5408282666563
16461,LOAD,128420489,3893.4597110901827
16462,LOAD,106155551,4710.069283140926
16463,LOAD,121314706,4121.511863532851
16464,LOAD,125589011,3981.240046551525
16465,LOAD,126735167,3945.234869181969
16466,LOAD,130084713,3843.649176517766
16467,LOAD,121324544,4121.177657177101
16468,LOAD,126947095,3938.6486157875456
16469,LOAD,130588066,3828.83379251516
16470,LOAD,131410373,3804.8746730214366
16471,LOAD,131503961,3802.1668411949963
16472,LOAD,127138433,3932.7211151013635
16473,LOAD,121728665,4107.495962434156
16474,LOAD,121232671,4124.3007835734315
16475,LOAD,121890619,4102.038402151358
16476,LOAD,122568642,4079.3468202087124
16477,LOAD,120953641,4133.815202801543
16478,LOAD,118739815,4210.887476959602
16479,LOAD,119428387,4186.609336019919
16480,LOAD,121256924,4123.475868479066
16481,LOAD,117903991,4240.738551420198
16482,LOAD,123946376,4034.0025754363323
16483,LOAD,129561614,3859.1677315782745
16484,LOAD,125915186,3970.926906306599
16485,LOAD,120555088,4147.481523135714
16486,LOAD,129033403,3874.965616461344
16487,LOAD,121016266,4131.675984780426
16488,LOAD,126976283,3937.74323981432
16489,LOAD,117873204,4241.846179051857
16490,LOAD,119450633,4185.829638927071
16491,LOAD,121943162,4100.270911459554
16492,LOAD,128928409,3878.121229278491
16493,LOAD,122773945,4072.5253228606443
16494,LOAD,123411387,4051.4899974343534
16495,LOAD,128180622,3900.745621284316
16496,LOAD,124153016,4027.2883906420766
16497,LOAD,120002280,4166.587501504138
16498,LOAD,120763380,4140.327970283706
16499,LOAD,123071057,4062.693635596223
16500,LOAD,124115443,4028.50755646902
16501,LOAD,129465411,3862.0353972382627
16502,LOAD,126235067,3960.8645353671814
16503,LOAD,120883628,4136.2094129074285
16504,LOAD,117278885,4263.342032966974
16505,LOAD,119053527,4199.791577783328
16506,LOAD,122727176,4074.077285050542
16507,LOAD,125015085,3999.5173382476205
16508,LOAD,121821149,4104.377639715087
16509,LOAD,123373260,4052.742060961995
16510,LOAD,132926524,3761.476528190867
16511,LOAD,127496117,3921.6880620764314
16512,LOAD,362073760,1380.9340947546157
16513,LOAD,120184492,4160.270528081111
16514,LOAD,123288147,4055.5399052270614
16515,LOAD,113973192,4386.9965491534185
16516,LOAD,119204990,4194.455282450844
16517,LOAD,118132542,4232.533995586077
16518,LOAD,116157393,4304.50432027172
16519,LOAD,122275563,4089.124496609351
16520,LOAD,117712539,4247.635844470231
16521,LOAD,115027777,4346.776170420124
16522,LOAD,114452691,4368.6172481519025
16523,LOAD,120820217,4138.380251377963
16524,LOAD,116746973,4282.7662863687265
16525,LOAD,120546928,4147.762272299465
16526,LOAD,114875774,4352.5278010314
16527,LOAD,120808288,4138.788888391498
16528,LOAD,118831107,4207.652462582882
16529,LOAD,126879816,3940.73711456202
16530,LOAD,117463372,4256.646063251104
16531,LOAD,115215522,4339.693049344514
16532,LOAD,127408706,3924.378605650386
16533,LOAD,118031581,4236.154389900106
16534,LOAD,116219478,4302.204833513363
16535,LOAD,121962671,4099.61503712886
16536,LOAD,120106707,4162.964854244152
16537,LOAD,118427174,4222.003980268921
16538,LOAD,117550026,4253.508204243187
16539,LOAD,117955419,4238.889609641419
16540,LOAD,120563289,4147.199401635435
16541,LOAD,122661519,4076.258015360139
16542,LOAD,121552012,4113.465435685261
16543,LOAD,127339023,3926.526120747762
16544,LOAD,121250025,4123.7104899566
16545,LOAD,118805556,4208.557384302801
16546,LOAD,118507524,4219.141393925334
16547,LOAD,121435873,4117.399477170967
16548,LOAD,119771958,4174.5998675249175
16549,LOAD,125464869,3985.1793094368113
16550,LOAD,120823939,4138.252767938645
16551,LOAD,116444089,4293.906236837835
16552,LOAD,115534754,4327.702121562487
16553,LOAD,123749131,4040.43241321832
16554,LOAD,121673146,4109.370197430418
16555,LOAD,121893856,4101.929468865108
16556,LOAD,124360943,4020.5549100733338
16557,LOAD,122480183,4082.293051440003
16558,LOAD,115914016,4313.542203558886
16559,LOAD,122851155,4069.965805368293
16560,LOAD,117372266,4259.950131660575
16561,LOAD,123202997,4058.3428339815464
16562,LOAD,118689206,4212.6829966323985
16563,LOAD,118258453,4228.02757279431
16564,LOAD,123554113,4046.809837888602
16565,LOAD,128975489,3876.7055963633525
16566,LOAD,121944055,4100.240885051756
16567,LOAD,126917345,3939.5718528464336
16568,LOAD,119017304,4201.069787297484
16569,LOAD,117985161,4237.821059548327
16570,LOAD,118548766,4217.673594341758
16571,LOAD,119468324,4185.209796698914
16572,LOAD,118205041,4229.938044689651
16573,LOAD,116898898,4277.200286353427
16574,LOAD,116567397,4289.3640320371915
16575,LOAD,118922722,4204.41099557072
16576,LOAD,119238652,4193.271155061364
16577,LOAD,116950573,4275.310391168413
16578,LOAD,123560385,4046.604419369525
16579,LOAD,118016156,4236.7080656312855
16580,LOAD,119354088,4189.215538222705
16581,LOAD,117656534,4249.657736815535
16582,LOAD,117861298,4242.274677816632
16583,LOAD,116000960,4310.309156062157
16584,LOAD,121729103,4107.4811830331155
16585,LOAD,120144470,4161.656379190819
16586,LOAD,120075823,4164.035586081304
16587,LOAD,118315547,4225.987308328972
16588,LOAD,116775400,4281.723719207984
16589,LOAD,116145749,4304.935861234147
16590,LOAD,121093719,4129.033315097045
16591,LOAD,112891338,4429.037770816393
16592,LOAD,125375160,3988.0308029118364
16593,LOAD,123108296,4061.464712337502
16594,LOAD,124750165,4008.0107308876104
16595,LOAD,117569170,4252.815597830621
16596,LOAD,123224937,4057.6202526279244
16597,LOAD,116520014,4291.108306938583
16598,LOAD,131266632,3809.0411278320908
16599,LOAD,117548256,4253.572252063017
16600,LOAD,126013840,3967.8181380711835
16601,LOAD,114405389,4370.42349464849
16602,LOAD,124919537,4002.5764744869334
16603,LOAD,123663558,4043.228321151814
16604,LOAD,118814618,4208.236397309293
16605,LOAD,121312657,4121.581476861066
16606,LOAD,115862230,4315.470192486369
16607,LOAD,121240793,4124.024493967142
16608,LOAD,115628467,4324.194663931677
16609,LOAD,125143082,3995.4266109572077
16610,LOAD,115718125,4320.844292974847
16611,LOAD,122371786,4085.9091490255773
16612,LOAD,117736316,4246.778028964318
16613,LOAD,116171336,4303.98768935566
16614,LOAD,118240519,4228.66885420217
16615,LOAD,123248287,4056.8515163216834
16616,LOAD,115036561,4346.444257839036
16617,LOAD,121478142,4115.966804958212
16618,LOAD,113079634,4421.6627018796335
16619,LOAD,120244943,4158.179026289696
16620,LOAD,123408675,4051.579032025099
16621,LOAD,121992493,4098.6128548090255
16622,LOAD,125669452,3978.6916553117458
16623,LOAD,120954381,4133.789912082639
16624,LOAD,120598272,4145.996387079244
16625,LOAD,115184263,4340.870766347656
16626,LOAD,120145680,4161.614466704087
16627,LOAD,126961374,3938.205646703225
16628,LOAD,117970512,4238.347291397701
16629,LOAD,122065056,4096.176386467229
16630,LOAD,114210332,4377.887632793152
16631,LOAD,123499813,4048.5891262037776
16632,LOAD,112117165,4459.620433677573
16633,LOAD,127398763,3924.684888816385
16634,LOAD,119465296,4185.315876168757
16635,LOAD,120708368,4142.21489598799
16636,LOAD,118615412,4215.303825779402
16637,LOAD,118867266,4206.37250965291
16638,LOAD,118008361,4236.987919864424
16639,LOAD,120896224,4135.778467324174
16640,LOAD,119473208,4185.038707590408
16641,LOAD,120876870,4136.440660649138
16642,LOAD,117142711,4268.298007888857
16643,LOAD,123725961,4041.1890597479373
16644,LOAD,119546677,4182.466736402886
16645,LOAD,129513561,3860.5995861699766
16646,LOAD,121402558,4118.529364101208
16647,LOAD,119129480,4197.11393015398
16648,LOAD,125667024,3978.7685272152225
16649,LOAD,127342770,3926.410584597775
16650,LOAD,115224227,4339.365192703788
16651,LOAD,122316231,4087.764934483634
16652,LOAD,117927060,4239.908974242214
16653,LOAD,111842927,4470.555388808807
16654,LOAD,127227700,3929.961792911449
16655,LOAD,116006522,4310.102495788987
16656,LOAD,117429376,4257.878369378374
16657,LOAD,116423210,4294.676293498521
16658,LOAD,129033440,3874.9645053251315
16659,LOAD,117025323,4272.579533918483
16660,LOAD,120297296,4156.369400023755
16661,LOAD,119413945,4187.115667269849
16662,LOAD,121053326,4130.411088415695
16663,LOAD,134726842,3711.2129444851084
16664,LOAD,121611789,4111.443504872706
16665,LOAD,119392404,4187.871114480616
16666,LOAD,119755594,4175.170305614283
16667,LOAD,116031504,4309.174515224762
16668,LOAD,119168645,4195.73454074266
16669,LOAD,115574363,4326.218955669261
16670,LOAD,129467351,3861.977526673887
16671,LOAD,128359424,3895.311964005074
16672,LOAD,128009799,3905.950981143248
16673,LOAD,125349987,3988.831686117366
16674,LOAD,126353242,3957.1600386794985
16675,LOAD,130069509,3844.098465844136
16676,LOAD,129655646,3856.368892720646
16677,LOAD,127212894,3930.4191916269115
16678,LOAD,127293136,3927.941566307236
16679,LOAD,120312736,4155.836003928961
16680,LOAD,125922377,3970.7001401347434
16681,LOAD,118392800,4223.229791000805
16682,LOAD,134550037,3716.089650722281
16683,LOAD,118383591,4223.558313922071
16684,LOAD,126061497,3966.31812170214
16685,LOAD,125194342,3993.7907098069977
16686,LOAD,126480930,3953.165113507625
16687,LOAD,121770548,4106.083188522729
16688,LOAD,127159527,3932.0687312717037
16689,LOAD,125775550,3975.3354288651494
16690,LOAD,130306193,3837.1161683773544
16691,LOAD,126091389,3965.377841939706
16692,LOAD,122649992,4076.641113845323
16693,LOAD,121524405,4114.399901813961
16694,LOAD,127531019,3920.6147956835503
16695,LOAD,123060389,4063.0458270370004
16696,LOAD,125850367,3972.9721249044906
16697,LOAD,128744677,3883.655710286181
16698,LOAD,123335562,4053.9807975253725
16699,LOAD,123728083,4041.1197512855674
16700,LOAD,136058934,3674.8781230345376
16701,LOAD,120172071,4160.700534153231
16702,LOAD,128073350,3904.0128176548833
16703,LOAD,127603786,3918.3790361831425
16704,LOAD,125805872,3974.3772850284763
16705,LOAD,123187808,4058.8432257841623
16706,LOAD,122969230,4066.057826010621
16707,LOAD,126276324,3959.5704417242937
16708,LOAD,129474765,3861.75638163931
16709,LOAD,119805147,4173.443399723052
16710,LOAD,132175106,3782.86059403652
16711,LOAD,124754276,4007.87865579854
16712,LOAD,125294546,3990.5966856689834
16713,LOAD,121042609,4130.776791171115
16714,LOAD,130096822,3843.291421830427
16715,LOAD,119679611,4177.821065945811
16716,LOAD,124028576,4031.3290382371238
16717,LOAD,122128629,4094.044157328582
16718,LOAD,127485751,3922.0069386421073
16719,LOAD,114429364,4369.507812697447
16720,LOAD,123628744,4044.3668990117703
16721,LOAD,123284810,4055.649678172031
16722,LOAD,122975745,4065.842414697305
16723,LOAD,124673470,4010.476326679606
16724,LOAD,129022882,3875.281595399489
16725,LOAD,126433124,3954.6598563838384
16726,LOAD,127492979,3921.7845870555743
16727,LOAD,121189271,4125.777767901583
16728,LOAD,125760572,3975.8088886555
16729,LOAD,120855496,4137.172214327762
16730,LOAD,126543262,3951.217884678838
16731,LOAD,123115390,4061.2306877312412
16732,LOAD,124407894,4019.037570075738
16733,LOAD,129091872,3873.210545742183
16734,LOAD,122456644,4083.0777626079644
16735,LOAD,132538135,3772.4991377010097
16736,LOAD,121205341,4125.230752001266
16737,LOAD,123318909,4054.528247569884
16738,LOAD,121885647,4102.205733871192
16739,LOAD,130641996,3827.2532210852014
16740,LOAD,125558507,3982.2072748921746
16741,LOAD,127210555,3930.4914596119793
16742,LOAD,119465572,4185.306206879418
16743,LOAD,129532875,3860.023951448619
16744,LOAD,123614925,4044.819021651309
16745,LOAD,132249422,3780.7348602249467
16746,LOAD,123142030,4060.352099116768
16747,LOAD,132926431,3761.4791598519632
16748,LOAD,124124561,4028.211628478589
16749,LOAD,128902753,3878.893106340405
16750,LOAD,128161001,3901.3428117653357
16751,LOAD,129918655,3848.562009820684
16752,LOAD,124409260,4018.9934414849827
16753,LOAD,127383713,3925.1485784528827
16754,LOAD,132484778,3774.0184762961976
16755,LOAD,122162311,4092.9153673263436
16756,LOAD,120492129,4149.64864634436
16757,LOAD,131393760,3805.355749009694
16758,LOAD,129231102,3869.037656275654
16759,LOAD,125847528,3973.0617513599473
16760,LOAD,127896264,3909.418339225296
16761,LOAD,125901225,3971.367236498294
16762,LOAD,122393728,4085.1766521892364
16763,LOAD,124200806,4025.738770165469
16764,LOAD,122401991,4084.9008738754915
16765,LOAD,127959054,3907.499972608425
16766,LOAD,125430175,3986.281610465743
16767,LOAD,128841804,3880.7280283036084
16768,LOAD,120003945,4166.529692003042
16769,LOAD,126994802,3937.169018933547
16770,LOAD,126350481,3957.246510205213
16771,LOAD,125721839,3977.0337753331783
16772,LOAD,120354447,4154.395724156333
16773,LOAD,127233706,3929.776281137327
16774,LOAD,126323978,3958.076747709766
16775,LOAD,123069993,4062.728759560423
16776,LOAD,119372021,4188.586201451679
16777,LOAD,128799079,3882.015336460597
16778,LOAD,128381926,3894.629217511506
16779,LOAD,128462697,3892.180466988016
16780,LOAD,124655188,4011.064505393871
16781,LOAD,129370785,3864.8602155424815
16782,LOAD,123858921,4036.85092654731
16783,LOAD,131796512,3793.7271056156633
16784,LOAD,132040561,3786.7152048831417
16785,LOAD,127824763,3911.605140234056
16786,LOAD,126143418,3963.742285784582
16787,LOAD,123915682,4035.001800659904
16788,LOAD,129928970,3848.256474287451
16789,LOAD,117658632,4249.581960123418
16790,LOAD,130741173,3824.3499620429443
16791,LOAD,131632566,3798.452124681669
16792,LOAD,127871575,3910.1731561529605
16793,LOAD,133506178,3745.145037407932
16794,LOAD,123721426,4041.3371892431956
16795,LOAD,127870146,3910.216853901144
16796,LOAD,125060221,3998.0738559545644
16797,LOAD,122760816,4072.960870510994
16798,LOAD,121025769,4131.351563649226
16799,LOAD,127375951,3925.387768056782
16800,LOAD,130105484,3843.0355479865857
16801,LOAD,122707118,4074.7432435011638
16802,LOAD,125187402,3994.0121131357932
16803,LOAD,128541227,3889.802607843474
16804,LOAD,127143372,3932.568344970432
16805,LOAD,124253175,4024.0420415816334
16806,LOAD,124291334,4022.8066101535287
16807,LOAD,122285302,4088.7988320951276
16808,LOAD,126078160,3965.7939170432055
16809,LOAD,126116238,3964.5965335566066
16810,LOAD,129214310,3869.5404556972053
16811,LOAD,121295516,4122.163922366264
16812,LOAD,120325898,4155.381412570052
16813,LOAD,124245122,4024.302861564255
16814,LOAD,124261674,4023.7668132492727
16815,LOAD,124837458,4005.208116301119
16816,LOAD,137036199,3648.6709617507704
16817,LOAD,130805207,3822.477800902834
16818,LOAD,126778949,3943.8724168631497
16819,LOAD,127374326,3925.437846870334
16820,LOAD,121715177,4107.951139076107
16821,LOAD,124199812,4025.7709890897418
16822,LOAD,127653598,3916.8500366123644
16823,LOAD,129292410,3867.2030322584287
16824,LOAD,124694841,4009.788985576396
16825,LOAD,119798037,4173.691093118663
16826,LOAD,127867271,3910.304772203983
16827,LOAD,126113828,3964.6722958881246
16828,LOAD,126517099,3952.034973549307
16829,LOAD,124697825,4009.6930319354
16830,LOAD,120969740,4133.265062816536
16831,LOAD,123635068,4044.160027476994
16832,LOAD,119073601,4199.083556732277
16833,LOAD,124949973,4001.601504947904
16834,LOAD,119791374,4173.923240917164
16835,LOAD,132139499,3783.879943422519
16836,LOAD,120635157,4144.728721163765
16837,LOAD,119896751,4170.254788638935
16838,LOAD,123407128,4051.6298215772426
16839,LOAD,122081819,4095.613942318471
16840,LOAD,121522043,4114.479872593978
16841,LOAD,127736874,3914.2965092444647
16842,LOAD,120111651,4162.793499524872
16843,LOAD,121140376,4127.443025271772
16844,LOAD,126063301,3966.261362614961
16845,LOAD,128462756,3892.1786793987203
16846,LOAD,121371401,4119.586623211179
16847,LOAD,120080917,4163.85894188333
16848,LOAD,134134427,3727.6038015206937
16849,LOAD,130239867,3839.0702594928175
16850,LOAD,131790845,3793.8902356988456
16851,LOAD,122770521,4072.6389032754855
16852,LOAD,126544597,3951.176200750792
16853,LOAD,123415048,4051.369813509289
16854,LOAD,127479946,3922.185533401465
16855,LOAD,120743165,4141.021150141294
16856,LOAD,127003144,3936.910412233574
16857,LOAD,118456276,4220.966730373999
16858,LOAD,121445544,4117.071598773521
16859,LOAD,120498364,4149.433929244052
16860,LOAD,130684035,3826.0220538798026
16861,LOAD,128337779,3895.968933668394
16862,LOAD,122093897,4095.2087883639265
16863,LOAD,127286019,3928.16119105744
16864,LOAD,121068374,4129.897705572555
16865,LOAD,119510974,4183.716216721654
16866,LOAD,122386166,4085.4290672035595
16867,LOAD,130093548,3843.3881440453915
16868,LOAD,117627775,4250.696742329777
16869,LOAD,119284569,4191.6570113943235
16870,LOAD,123301908,4055.087290295621
16871,LOAD,130062533,3844.3046469039627
16872,LOAD,127963850,3907.3535221080015
16873,LOAD,116598643,4288.2145721026955
16874,LOAD,120545219,4147.821076172254
16875,LOAD,127915014,3908.845290045467
16876,LOAD,123769263,4039.775206547041
16877,LOAD,128655156,3886.358040714668
16878,LOAD,122894684,4068.5242333183423
16879,LOAD,125603987,3980.76535580037
16880,LOAD,119469156,4185.18065030944
16881,LOAD,129642984,3856.7455374214464
16882,LOAD,126978352,3937.679077769099
16883,LOAD,121498229,4115.286322403926
16884,LOAD,124338335,4021.285953362654
16885,LOAD,127609900,3918.1913002047645
16886,LOAD,123624809,4044.4956319406733
16887,LOAD,127402463,3924.5709088057424
16888,LOAD,123432259,4050.804903441004
16889,LOAD,123381819,4052.4609221395904
16890,LOAD,130113941,3842.7857626724262
16891,LOAD,126859905,3941.35562374889
16892,LOAD,129811624,3851.7351882139615
16893,LOAD,127777059,3913.0654901049174
16894,LOAD,128397890,3894.1449894542657
16895,LOAD,123083726,4062.2754628016382
16896,LOAD,122790646,4071.971410590999
16897,LOAD,127703023,3915.3340951059554
16898,LOAD,122877624,4069.0890963191155
16899,LOAD,126176419,3962.7055828870843
16900,LOAD,127407288,3924.4222826562323
16901,LOAD,123974728,4033.080032246572
16902,LOAD,128907137,3878.761189149675
16903,LOAD,127868629,3910.2632436920862
16904,LOAD,125676277,3978.4755877197094
16905,LOAD,124648441,4011.2816172325815
16906,LOAD,128234638,3899.102518619033
16907,LOAD,126658784,3947.6140873103595
16908,LOAD,127306746,3927.5216413119224
16909,LOAD,122550553,4079.9489497203654
16910,LOAD,129450952,3862.466766563447
16911,LOAD,125286298,3990.8593994851694
16912,LOAD,126521474,3951.8983156961954
16913,LOAD,124398055,4019.355447317886
16914,LOAD,123440731,4050.526888082022
16915,LOAD,126401373,3955.6532348742767
16916,LOAD,131667430,3797.4463388554027
16917,LOAD,120927279,4134.716369496745
16918,LOAD,133540176,3744.1915607479805
16919,LOAD,126015380,3967.7696484349763
16920,LOAD,126416863,3955.168544247139
16921,LOAD,128495052,3891.200417584951
16922,LOAD,128198157,3900.212075591695
16923,LOAD,121435972,4117.39612048397
16924,LOAD,124506231,4015.8632703290164
16925,LOAD,121335454,4120.8070973221065
16926,LOAD,127829986,3911.4453161248093
16927,LOAD,122074161,4095.8708698395235
16928,LOAD,127103851,3933.7911169977065
16929,LOAD,124815250,4005.920750869785
16930,LOAD,123376927,4052.621605658893
16931,LOAD,129675101,3855.7903263171547
16932,LOAD,128480850,3891.630542606155
16933,LOAD,121414877,4118.111489747669
16934,LOAD,125294327,3990.6036607706906
16935,LOAD,126582544,3949.99171449738
16936,LOAD,126186155,3962.399836971021
16937,LOAD,124997143,4000.0914260896348
16938,LOAD,128613063,3887.6299835888367
16939,LOAD,122577854,4079.040248167503
16940,LOAD,125132332,3995.769854269159
16941,LOAD,128520056,3890.4433717333577
16942,LOAD,126781161,3943.8036065942006
16943,LOAD,124674569,4010.440974534269
16944,LOAD,128003420,3906.145632671377
16945,LOAD,125147362,3995.289968637134
16946,LOAD,119034819,4200.451634239895
16947,LOAD,128128674,3902.32712468405
16948,LOAD,116604919,4287.983768506369
16949,LOAD,125898089,3971.4661594267723
16950,LOAD,127226812,3929.9892227119544
16951,LOAD,128550400,3889.525042318033
16952,LOAD,122594811,4078.476045776521
16953,LOAD,126566629,3950.4884024366324
16954,LOAD,121675752,4109.282184670615
16955,LOAD,128660145,3886.20734105344
16956,LOAD,123217298,4057.871809524666
16957,LOAD,125792030,3974.8146206083165
16958,LOAD,124499385,4016.0840955158133
16959,LOAD,131943930,3789.488459226582
16960,LOAD,130319617,3836.7209136288366
16961,LOAD,123980230,4032.9010520467655
16962,LOAD,129811018,3851.753169365023
16963,LOAD,123901816,4035.453362523758
16964,LOAD,129214583,3869.532280269016
16965,LOAD,134748505,3710.6163070232205
16966,LOAD,124113339,4028.5758487248495
16967,LOAD,126151665,3963.483161320146
16968,LOAD,122901429,4068.300947094765
16969,LOAD,133921983,3733.5169984751496
16970,LOAD,128290543,3897.4034118789255
16971,LOAD,120787032,4139.5172289687525
16972,LOAD,131198350,3811.023538024678
16973,LOAD,135440466,3691.6588872338934
16974,LOAD,120448837,4151.140122672999
16975,LOAD,129335617,3865.9111202137
16976,LOAD,117040598,4272.021918411593
16977,LOAD,121614857,4111.33978474357
16978,LOAD,126748862,3944.808593232182
16979,LOAD,126647511,3947.965467714561
16980,LOAD,121119318,4128.160629173953
16981,LOAD,122213056,4091.2159172257343
16982,LOAD,128079668,3903.820237885064
16983,LOAD,129348377,3865.529754578985
16984,LOAD,128325678,3896.336320155659
16985,LOAD,127380649,3925.24299354135
16986,LOAD,119276747,4191.931894319687
16987,LOAD,129354224,3865.3550269838884
16988,LOAD,134913591,3706.075839312586
16989,LOAD,120972766,4133.161673760522
16990,LOAD,131020945,3816.183740698863
16991,LOAD,129916477,3848.6265294894047
16992,LOAD,120989750,4132.581479009586
16993,LOAD,112547076,4442.585429762742
16994,LOAD,120415492,4152.289640605381
16995,LOAD,130205041,3840.097097315918
16996,LOAD,126104995,3964.95000059276
16997,LOAD,121858795,4103.109668858944
16998,LOAD,124096283,4029.1295429050037
16999,LOAD,126313932,3958.391541480951
17000,LOAD,126992185,3937.2501544091083
17001,LOAD,124299625,4022.538281994012
17002,LOAD,128233350,3899.1416819415545
17003,LOAD,126548992,3951.038977852941
17004,LOAD,122614784,4077.811693571959
17005,LOAD,126276339,3959.5699713784065
17006,LOAD,125849673,3972.994033921725
17007,LOAD,123123102,4060.9763064611543
17008,LOAD,124692936,4009.850245245649
17009,LOAD,121244631,4123.893947930775
17010,LOAD,124030972,4031.2511620081473
17011,LOAD,122999383,4065.0610418102665
17012,LOAD,493575061,1013.017146747615
17013,LOAD,119926974,4169.203835660858
17014,LOAD,117904323,4240.726610168484
17015,LOAD,114423154,4369.744955640709
17016,LOAD,113200537,4416.94017758944
17017,LOAD,118822007,4207.974706234342
17018,LOAD,114324506,4373.515508564717
17019,LOAD,118113413,4233.219473558012
17020,LOAD,117245994,4264.538027627622
17021,LOAD,116098143,4306.701098569682
17022,LOAD,116581236,4288.85485482415
17023,LOAD,116093305,4306.880573345724
17024,LOAD,118446532,4221.313968061133
17025,LOAD,115768861,4318.95067189095
17026,LOAD,114750776,4357.2690087952
17027,LOAD,115832694,4316.570587575215
17028,LOAD,123705808,4041.847412693832
17029,LOAD,119320968,4190.378341550162
17030,LOAD,119620645,4179.880488021111
17031,LOAD,115209021,4339.937928992556
17032,LOAD,123195443,4058.5916802133665
17033,LOAD,120215472,4159.198410001668
17034,LOAD,122894718,4068.523107722172
17035,LOAD,113341271,4411.455735307574
17036,LOAD,119071557,4199.155638823132
17037,LOAD,116065006,4307.930678089138
17038,LOAD,124032955,4031.1867116283734
17039,LOAD,117247666,4264.477213559203
17040,LOAD,125017189,3999.450027627801
17041,LOAD,115909750,4313.700961308259
17042,LOAD,116646395,4286.459088598494
17043,LOAD,120528634,4148.391825298543
17044,LOAD,115481507,4329.697567940467
17045,LOAD,118181926,4230.765371009438
17046,LOAD,118551205,4217.58682250425
17047,LOAD,119944941,4168.579315070904
17048,LOAD,118736537,4211.0037283637475
17049,LOAD,119223511,4193.803686925476
17050,LOAD,123364820,4053.0193291734226
17051,LOAD,116525083,4290.9216378760275
17052,LOAD,117729772,4247.014085782821
17053,LOAD,115404632,4332.581728608606
17054,LOAD,119080275,4198.848213946432
17055,LOAD,115825534,4316.837425502395
17056,LOAD,128851880,3880.424561907828
17057,LOAD,118645049,4214.250861829051
17058,LOAD,119877181,4170.935584479585
17059,LOAD,117133417,4268.63667778086
17060,LOAD,126329203,3957.91304089839
17061,LOAD,124037766,4031.0303557063417
17062,LOAD,126954222,3938.4275065700454
17063,LOAD,118616369,4215.2698165967295
17064,LOAD,119275645,4191.970624011297
17065,LOAD,123056924,4063.160233064171
17066,LOAD,117187777,4266.656581428284
17067,LOAD,118755087,4210.345953432715
17068,LOAD,118748156,4210.591699630267
17069,LOAD,126336133,3957.6959348597443
17070,LOAD,126283387,3959.348983884951
17071,LOAD,120319124,4155.615361694289
17072,LOAD,125732885,3976.6843813374676
17073,LOAD,126651229,3947.8495704135644
17074,LOAD,121983801,4098.904902955106
17075,LOAD,116321594,4298.428028763085
17076,LOAD,119206297,4194.409293663404
17077,LOAD,119741738,4175.653438402574
17078,LOAD,116487087,4292.3212596088015
17079,LOAD,118784042,4209.319632345901
17080,LOAD,123863753,4036.693446548483
17081,LOAD,120785316,4139.576039193374
17082,LOAD,120754394,4140.636074907552
17083,LOAD,117883533,4241.474506876206
17084,LOAD,118653834,4213.938843307837
17085,LOAD,118024769,4236.398886745545
17086,LOAD,117418724,4258.2646358855
17087,LOAD,118581324,4216.515578793841
17088,LOAD,117791281,4244.796352966057
17089,LOAD,118364017,4224.256768845552
17090,LOAD,115373376,4333.755475786718
17091,LOAD,122188792,4092.028342501332
17092,LOAD,116628163,4287.1291730797475
17093,LOAD,116071454,4307.691363976538
17094,LOAD,119746838,4175.47559794439
17095,LOAD,117907179,4240.6238894071075
17096,LOAD,117569877,4252.790023757531
17097,LOAD,115785033,4318.347432694518
17098,LOAD,117341828,4261.055145655307
17099,LOAD,115859211,4315.582642799112
17100,LOAD,128335012,3896.0529337075995
17101,LOAD,119445768,4186.000126852548
17102,LOAD,120834192,4137.90162969766
17103,LOAD,114862898,4353.015714438965
17104,LOAD,119736835,4175.82442362035
17105,LOAD,119953774,4168.272354648883
17106,LOAD,114574052,4363.989849988024
17107,LOAD,125969861,3969.203395405827
17108,LOAD,120206176,4159.520056606742
17109,LOAD,125086175,3997.244299779732
17110,LOAD,120548605,4147.704571114697
17111,LOAD,123233463,4057.3395231131335
17112,LOAD,123890345,4035.8270049211665
17113,LOAD,116010245,4309.964176008766
17114,LOAD,118945075,4203.6208729113
17115,LOAD,121766388,4106.223467842374
17116,LOAD,114627596,4361.951375129598
17117,LOAD,120979021,4132.947976161917
17118,LOAD,119277905,4191.891197284192
17119,LOAD,119466342,4185.279231199696
17120,LOAD,116633034,4286.950127697099
17121,LOAD,118521933,4218.628462632313
17122,LOAD,137793368,3628.621661965618
17123,LOAD,119436696,4186.318081002509
17124,LOAD,123600442,4045.2929771885447
17125,LOAD,119956363,4168.1823914584675
17126,LOAD,124378263,4019.995037235727
17127,LOAD,121269535,4123.047062067155
17128,LOAD,120853178,4137.2515665247965
17129,LOAD,125312396,3990.0282490808013
17130,LOAD,121504267,4115.081818484614
17131,LOAD,116005406,4310.143960015105
17132,LOAD,119511765,4183.68852639738
17133,LOAD,125407881,3986.9902594080186
17134,LOAD,120458498,4150.807193362149
17135,LOAD,116031157,4309.187402138893
17136,LOAD,129476655,3861.7000107084946
17137,LOAD,118364634,4224.234749038297
17138,LOAD,124917621,4002.637866438395
17139,LOAD,119674991,4177.982348876884
17140,LOAD,115439457,4331.274704453955
17141,LOAD,122664560,4076.156960086923
17142,LOAD,121331011,4120.957996468026
17143,LOAD,117989719,4237.657350467967
17144,LOAD,126244721,3960.5616459796365
17145,LOAD,120898358,4135.70546590881
17146,LOAD,114982059,4348.504491470274
17147,LOAD,118733708,4211.104061535752
17148,LOAD,116766236,4282.059755698557
17149,LOAD,117765674,4245.719342632896
17150,LOAD,119497532,4184.186833247735
17151,LOAD,119343168,4189.598854959171
17152,LOAD,117213458,4265.721774030419
17153,LOAD,118989460,4202.052854093127
17154,LOAD,123944078,4034.077368343488
17155,LOAD,121130863,4127.767173589773
17156,LOAD,117800212,4244.474534561958
17157,LOAD,118541939,4217.916496203086
17158,LOAD,117055608,4271.474118523223
17159,LOAD,117850246,4242.67251847739
17160,LOAD,117924220,4240.011085084981
17161,LOAD,119386014,4188.095265497347
17162,LOAD,114100124,4382.116184203271
17163,LOAD,122648157,4076.702106498021
17164,LOAD,119751084,4175.32754860073
17165,LOAD,118860311,4206.618641608637
17166,LOAD,121428631,4117.645038755317
17167,LOAD,123726260,4041.179293708547
17168,LOAD,119811458,4173.223565979808
17169,LOAD,117419244,4258.245777838597
17170,LOAD,125621197,3980.2199942418956
17171,LOAD,119357955,4189.079814579598
17172,LOAD,116533952,4290.595070525026
17173,LOAD,118808917,4208.43832790766
17174,LOAD,116264281,4300.546958184002
17175,LOAD,120241219,4158.307809570693
17176,LOAD,117863300,4242.202619475273
17177,LOAD,116492962,4292.104788270385
17178,LOAD,117137190,4268.499184588601
17179,LOAD,116854065,4278.841305178386
17180,LOAD,119656275,4178.635846720116
17181,LOAD,118492279,4219.68422094405
17182,LOAD,120527621,4148.426691339076
17183,LOAD,123628666,4044.3694506903444
17184,LOAD,124658698,4010.951566331938
17185,LOAD,118665440,4213.5267016243315
17186,LOAD,120708133,4142.222960237485
17187,LOAD,118658744,4213.764474028142
17188,LOAD,119254078,4192.728738383269
17189,LOAD,116996850,4273.6193324863025
17190,LOAD,117749947,4246.28641234123
17191,LOAD,119384886,4188.134836431472
17192,LOAD,118990301,4202.023154811584
17193,LOAD,116343489,4297.619095813777
17194,LOAD,119352275,4189.279173773604
17195,LOAD,115120779,4343.264563906399
17196,LOAD,120489402,4149.7425640804495
17197,LOAD,121334130,4120.852063636175
17198,LOAD,128642832,3886.730354319314
17199,LOAD,120277787,4157.043561168946
17200,LOAD,119277356,4191.910491376083
17201,LOAD,117696005,4248.232554707359
17202,LOAD,118581631,4216.504662513876
17203,LOAD,119703041,4177.003322747665
17204,LOAD,114673408,4360.2087765630895
17205,LOAD,126697803,3946.398344413281
17206,LOAD,123728099,4041.119228704872
17207,LOAD,122140972,4093.630432218928
17208,LOAD,125092404,3997.0452562411383
17209,LOAD,127613410,3918.0835305631276
17210,LOAD,115252635,4338.29560599634
17211,LOAD,117847755,4242.762197718573
17212,LOAD,119520501,4183.382731971647
17213,LOAD,127668996,3916.3776301648054
17214,LOAD,117825584,4243.56054963411
17215,LOAD,119169788,4195.694297954109
17216,LOAD,123635270,4044.1534199747366
17217,LOAD,123310838,4054.793626493723
17218,LOAD,123893993,4035.7081719046705
17219,LOAD,119323038,4190.3056474308005
17220,LOAD,118953869,4203.310108391683
17221,LOAD,115524616,4328.0819042064595
17222,LOAD,124401621,4019.2402316043776
17223,LOAD,120082827,4163.792712841446
17224,LOAD,123727063,4041.153066083853
17225,LOAD,117275279,4263.473122924738
17226,LOAD,116734277,4283.232079297497
17227,LOAD,123240233,4057.1166398232954
17228,LOAD,115151588,4342.102516206724
17229,LOAD,121575850,4112.658887435293
17230,LOAD,125700830,3977.6984766130818
17231,LOAD,124685174,4010.099869612405
17232,LOAD,118873522,4206.1511393596975
17233,LOAD,118617902,4215.215339080943
17234,LOAD,129588898,3858.355211879338
17235,LOAD,123176063,4059.2302418368413
17236,LOAD,118997279,4201.776748189343
17237,LOAD,120128465,4162.210846530004
17238,LOAD,127703762,3915.31143773196
17239,LOAD,125548942,3982.510661061564
17240,LOAD,119218011,4193.997163733926
17241,LOAD,117591168,4252.020015652876
17242,LOAD,118226089,4229.184981328444
17243,LOAD,117961056,4238.687046002708
17244,LOAD,126462746,3953.7335366733223
17245,LOAD,120525486,4148.500176966721
17246,LOAD,123451000,4050.1899539088386
17247,LOAD,127174223,3931.614349238053
17248,LOAD,120582328,4146.544591509297
17249,LOAD,127536651,3920.4416619031335
17250,LOAD,126270098,3959.765676272779
17251,LOAD,123263302,4056.357341457557
17252,LOAD,131544410,3800.9977010805706
17253,LOAD,130515358,3830.9667740404925
17254,LOAD,124582887,4013.3923048355746
17255,LOAD,128932534,3877.997154697976
17256,LOAD,121734686,4107.292805601848
17257,LOAD,127920102,3908.6898163980513
17258,LOAD,118936864,4203.911076720503
17259,LOAD,126393877,3955.8878314967737
17260,LOAD,132972372,3760.1795958035555
17261,LOAD,125027966,3999.1052881720875
17262,LOAD,124505233,4015.895460394022
17263,LOAD,129565458,3859.0532362414065
17264,LOAD,128751759,3883.4420895173944
17265,LOAD,127598474,3918.542160621764
17266,LOAD,130227322,3839.4400830879404
17267,LOAD,121888982,4102.093493569419
17268,LOAD,129256498,3868.2774772375465
17269,LOAD,127688030,3915.793829695705
17270,LOAD,128026104,3905.4535315704056
17271,LOAD,121172705,4126.341819306584
17272,LOAD,121319164,4121.360414254091
17273,LOAD,124792375,4006.6550540447683
17274,LOAD,126900772,3940.086353454178
17275,LOAD,137701254,3631.048995385329
17276,LOAD,130135904,3842.137216797603
17277,LOAD,131377954,3805.8135689949927
17278,LOAD,127803101,3912.268138157305
17279,LOAD,127244125,3929.4545033022155
17280,LOAD,125504203,3983.930323034679
17281,LOAD,123580460,4045.947069625732
17282,LOAD,129119052,3872.395221736913
17283,LOAD,128194787,3900.314604836467
17284,LOAD,127161077,3932.020802245958
17285,LOAD,129694316,3855.2190675804172
17286,LOAD,125000711,3999.9772481294126
17287,LOAD,123697949,4042.104206594404
17288,LOAD,126308247,3958.5697044785998
17289,LOAD,122131107,4093.961090518896
17290,LOAD,129445631,3862.6255373578424
17291,LOAD,119535048,4182.873628828927
17292,LOAD,126125666,3964.3001766190873
17293,LOAD,125772931,3975.4182082311495
17294,LOAD,130964337,3817.83324722974
17295,LOAD,128329881,3896.2087091781846
17296,LOAD,121924355,4100.903383905536
17297,LOAD,135782062,3682.3715344667544
17298,LOAD,128010705,3905.9233366459466
17299,LOAD,130562624,3829.579895698175
17300,LOAD,127026613,3936.183042210218
17301,LOAD,129431470,3863.048144319152
17302,LOAD,128594705,3888.1849762010024
17303,LOAD,126735052,3945.238449107197
17304,LOAD,124647688,4011.3058494915686
17305,LOAD,125313376,3989.997045486988
17306,LOAD,123602104,4045.238582670081
17307,LOAD,125685570,3978.1814252821546
17308,LOAD,127935247,3908.2271049197257
17309,LOAD,127703903,3915.3071147715823
17310,LOAD,122529121,4080.662587957356
17311,LOAD,128169088,3901.0966513236017
17312,LOAD,129645484,3856.671166424894
17313,LOAD,125833306,3973.5107968950606
17314,LOAD,124944918,4001.7634010532547
17315,LOAD,125907687,3971.163412762876
17316,LOAD,126504334,3952.43375614309
17317,LOAD,123235478,4057.273182321734
17318,LOAD,131214022,3810.5683552631285
17319,LOAD,122664897,4076.1457615702398
17320,LOAD,123675189,4042.8480768280856
17321,LOAD,128094201,3903.377327752722
17322,LOAD,125511669,3983.6933408956584
17323,LOAD,126774535,3944.009733500502
17324,LOAD,123940517,4034.1932735362075
17325,LOAD,125545517,3982.6193077049497
17326,LOAD,130354938,3835.6813149648383
17327,LOAD,123112943,4061.3114089880864
17328,LOAD,124611946,4012.456398040682
17329,LOAD,127326558,3926.91051932779
17330,LOAD,123619527,4044.6684446543786
17331,LOAD,126180703,3962.5710438465385
17332,LOAD,126590749,3949.7356951415145
17333,LOAD,123862873,4036.7221257656443
17334,LOAD,125837663,3973.373218159654
17335,LOAD,124121218,4028.3201217055407
17336,LOAD,124931867,4002.181445027152
17337,LOAD,131040960,3815.6008625089435
17338,LOAD,127230586,3929.8726487041413
17339,LOAD,122566561,4079.416081519983
17340,LOAD,122469537,4082.6479159466408
17341,LOAD,130972088,3817.607305764264
17342,LOAD,126674099,3947.136817606258
17343,LOAD,125102873,3996.710770982853
17344,LOAD,122871112,4069.304752446612
17345,LOAD,133347373,3749.6051759489856
17346,LOAD,121901826,4101.661282744034
17347,LOAD,120779909,4139.761357164129
17348,LOAD,131095710,3814.0073386078
17349,LOAD,128148693,3901.71751498082
17350,LOAD,121649706,4110.162008940655
17351,LOAD,129843975,3850.7755173083697
17352,LOAD,128701287,3884.9650353535317
17353,LOAD,126431786,3954.701707686072
17354,LOAD,124367257,4020.350790562182
17355,LOAD,117845423,4242.846156188857
17356,LOAD,119269666,4192.18076790791
17357,LOAD,122858820,4069.7118855610042
17358,LOAD,131168098,3811.902494766677
17359,LOAD,121785056,4105.594039386901
17360,LOAD,131942079,3789.5416215171203
17361,LOAD,127254494,3929.1343219674427
17362,LOAD,126503199,3952.469217794247
17363,LOAD,126440713,3954.4224968108174
17364,LOAD,132125991,3784.2667912326197
17365,LOAD,128729826,3884.10375075004
17366,LOAD,127243097,3929.4862494583895
17367,LOAD,121003194,4132.122330589059
17368,LOAD,119111101,4197.761550369683
17369,LOAD,130849445,3821.185485349212
17370,LOAD,128805289,3881.8281755495304
17371,LOAD,125635000,3979.782703864369
17372,LOAD,121019592,4131.562433295924
17373,LOAD,123070517,4062.711461592381
17374,LOAD,129094902,3873.1196372107706
17375,LOAD,128399470,3894.0970706499024
17376,LOAD,128796600,3882.0900551722643
17377,LOAD,124211519,4025.3915580889075
17378,LOAD,126502000,3952.5066797362883
17379,LOAD,131732155,3795.5805095574424
17380,LOAD,126527342,3951.7150372130636
17381,LOAD,127100605,3933.8915813972717
17382,LOAD,129654199,3856.411931556493
17383,LOAD,122774757,4072.498388247675
17384,LOAD,136547329,3661.734020443563
17385,LOAD,129360541,3865.16627199325
17386,LOAD,128275499,3897.8604947777285
17387,LOAD,122644113,4076.836529446791
17388,LOAD,122209761,4091.326223933946
17389,LOAD,130695443,3825.6880922772493
17390,LOAD,123471718,4049.510350216395
17391,LOAD,126355833,3957.078894806542
17392,LOAD,126256418,3960.1947205567008
17393,LOAD,127537719,3920.4088321510594
17394,LOAD,128412915,3893.6893535981176
17395,LOAD,129676165,3855.7586893474218
17396,LOAD,126383125,3956.224377265557
17397,LOAD,128402886,3893.9934730127484
17398,LOAD,123137619,4060.497547869591
17399,LOAD,129565875,3859.040816109952
17400,LOAD,121297134,4122.108936225978
17401,LOAD,130462894,3832.507348794516
17402,LOAD,126783316,3943.73657177416
17403,LOAD,122653525,4076.523687354277
17404,LOAD,118196335,4230.249609685444
17405,LOAD,121453023,4116.818072119951
17406,LOAD,130150141,3841.716929065793
17407,LOAD,127355062,3926.0316170235933
17408,LOAD,125596663,3980.997488762898
17409,LOAD,121048423,4130.578388452033
17410,LOAD,122564630,4079.4803525291104
17411,LOAD,122276048,4089.1082773627095
17412,LOAD,123557059,4046.713348850429
17413,LOAD,125598755,3980.9311804085955
17414,LOAD,118537393,4218.078256538002
17415,LOAD,123748581,4040.4503709016267
17416,LOAD,119620794,4179.875281550129
17417,LOAD,119300245,4191.106229496847
17418,LOAD,123877841,4036.2343738296186
17419,LOAD,119156393,4196.1659581286585
17420,LOAD,125657913,3979.0570133056403
17421,LOAD,118427142,4222.005121089555
17422,LOAD,117642025,4250.181854656106
17423,LOAD,124750333,4008.0053333404726
17424,LOAD,118798995,4208.789813415509
17425,LOAD,126456302,3953.935012270088
17426,LOAD,118242427,4228.600618963953
17427,LOAD,120526404,4148.46857954876
17428,LOAD,135432559,3691.874418469786
17429,LOAD,127902838,3909.217401415284
17430,LOAD,122488380,4082.019861802401
17431,LOAD,128318060,3896.567638257623
17432,LOAD,126879539,3940.7457178733916
17433,LOAD,118745806,4210.675027966882
17434,LOAD,127888204,3909.66472560675
17435,LOAD,119768461,4174.721757508431
17436,LOAD,120661685,4143.817484398631
17437,LOAD,124749019,4008.0475502576896
17438,LOAD,126762523,3944.383467343893
17439,LOAD,127573471,3919.31015187319
17440,LOAD,127255666,3929.0981354024734
17441,LOAD,123390603,4052.172433260578
17442,LOAD,123918828,4034.8993617015167
17443,LOAD,126244076,3960.5818810856517
17444,LOAD,126091586,3965.371646606142
17445,LOAD,123369121,4052.8780293409077
17446,LOAD,125279934,3991.062128113829
17447,LOAD,122785369,4072.1464134704847
17448,LOAD,136756593,3656.1308601772494
17449,LOAD,131493407,3802.472012912404
17450,LOAD,122197038,4091.7522076107934
17451,LOAD,130609109,3828.2169124972747
17452,LOAD,124595791,4012.976650230504
17453,LOAD,120657977,4143.944830104353
17454,LOAD,125978799,3968.9217865936316
17455,LOAD,124284356,4023.032472405457
17456,LOAD,122039786,4097.024555582226
17457,LOAD,124873819,4004.041872059667
17458,LOAD,123892560,4035.7548508159
17459,LOAD,127555594,3919.8594457566483
17460,LOAD,121364144,4119.832954945903
17461,LOAD,128691256,3885.267853784876
17462,LOAD,132169837,3783.0113991893627
17463,LOAD,126829212,3942.309442086576
17464,LOAD,128309604,3896.824434124199
17465,LOAD,127713137,3915.024027637815
17466,LOAD,128324091,3896.384506631728
17467,LOAD,121681903,4109.074461138235
17468,LOAD,130953488,3818.149540239814
17469,LOAD,128814761,3881.5427371712467
17470,LOAD,129091478,3873.222367165089
17471,LOAD,125869408,3972.3711102224297
17472,LOAD,122713132,4074.5435459996247
17473,LOAD,126367788,3956.704536127514
17474,LOAD,122396384,4085.0880039070435
17475,LOAD,124730514,4008.6421835798737
17476,LOAD,119092647,4198.412014471389
17477,LOAD,127108506,3933.6470526999983
17478,LOAD,126659825,3947.5816424031855
17479,LOAD,130429971,3833.474746383253
17480,LOAD,126448120,3954.1908570882665
17481,LOAD,126867148,3941.1306069558686
17482,LOAD,126450578,3954.113993848253
17483,LOAD,126908243,3939.854403310903
17484,LOAD,125535032,3982.9519460352712
17485,LOAD,126999116,3937.035278261307
17486,LOAD,128309766,3896.8195141124334
17487,LOAD,126054575,3966.5359230317504
17488,LOAD,120537086,4148.1009421448925
17489,LOAD,124568234,4013.864401417138
17490,LOAD,126449384,3954.1513306225356
17491,LOAD,126586753,3949.8603775704714
17492,LOAD,123138189,4060.4787520466134
17493,LOAD,119234318,4193.423574578587
17494,LOAD,125000905,3999.9710402096694
17495,LOAD,122515614,4081.1124694685855
17496,LOAD,122372718,4085.8780304283187
17497,LOAD,126242452,3960.6328305473658
17498,LOAD,122852530,4069.920253168575
17499,LOAD,128734368,3883.9667119816827
17500,LOAD,122444794,4083.472915965705
17501,LOAD,124074002,4029.8530871922712
17502,LOAD,122013541,4097.905821780879
17503,LOAD,125735880,3976.5896576219925
17504,LOAD,129610689,3857.7065198688974
17505,LOAD,128833429,3880.980300539855
17506,LOAD,121421366,4117.8914096552
17507,LOAD,125768054,3975.572365936425
17508,LOAD,120870288,4136.665910815072
17509,LOAD,123678051,4042.7545223848974
17510,LOAD,127285860,3928.166097946779
17511,LOAD,127916435,3908.8018674066393
17512,LOAD,377383636,1324.9117139779744
17513,LOAD,121052121,4130.452204137753
17514,LOAD,113886202,4390.347480373434
17515,LOAD,124052188,4030.5617181052867
17516,LOAD,113996396,4386.103574713011
17517,LOAD,124242238,4024.3962765706133
17518,LOAD,112783952,4433.2548304389975
17519,LOAD,125423576,3986.491343541345
17520,LOAD,115996246,4310.484323777167
17521,LOAD,116126639,4305.644288904288
17522,LOAD,120882988,4136.231311555601
17523,LOAD,114166512,4379.567976991361
17524,LOAD,124588913,4013.1981888308155
17525,LOAD,117245499,4264.556032125378
17526,LOAD,117634032,4250.470646113703
17527,LOAD,119348492,4189.411961736391
17528,LOAD,116133853,4305.376830991735
17529,LOAD,120028842,4165.665448976006
17530,LOAD,118931698,4204.093680727572
17531,LOAD,123622310,4044.577390602068
17532,LOAD,119540440,4182.684955819135
17533,LOAD,121713453,4108.009325805587
17534,LOAD,120211744,4159.327394834236
17535,LOAD,118675019,4213.1866016385475
17536,LOAD,117484637,4255.875600143362
17537,LOAD,125550259,3982.4688852294603
17538,LOAD,119180336,4195.32295998897
17539,LOAD,124883663,4003.726252007839
17540,LOAD,128535701,3889.969838029669
17541,LOAD,116604467,4288.00039024234
17542,LOAD,122614047,4077.8362041993437
17543,LOAD,119383172,4188.194966037592
17544,LOAD,122800935,4071.630236365871
17545,LOAD,117705964,4247.873115418348
17546,LOAD,117408671,4258.629245535025
17547,LOAD,122740441,4073.6369848956306
17548,LOAD,124500372,4016.052257257513
17549,LOAD,122346180,4086.764294561546
17550,LOAD,116745412,4282.823551130215
17551,LOAD,118426145,4222.040665091311
17552,LOAD,118743882,4210.743253281883
17553,LOAD,116318753,4298.53301470658
17554,LOAD,117727392,4247.099944250867
17555,LOAD,117072594,4270.854372629686
17556,LOAD,117224048,4265.336409471203
17557,LOAD,118235629,4228.843743876899
17558,LOAD,117044020,4271.897017891217
17559,LOAD,121621965,4111.0995041068445
17560,LOAD,116939574,4275.712514567566
17561,LOAD,115992136,4310.637059050278
17562,LOAD,115767362,4319.006595313107
17563,LOAD,118407566,4222.703133683197
17564,LOAD,121414775,4118.114949354393
17565,LOAD,117337488,4261.212750693964
17566,LOAD,117592018,4251.989280428881
17567,LOAD,115757212,4319.385301021244
17568,LOAD,118595861,4215.998735402747
17569,LOAD,120505601,4149.18473374528
17570,LOAD,117660853,4249.501743795789
17571,LOAD,117967481,4238.45618946462
17572,LOAD,118694634,4212.490347288994
17573,LOAD,124107783,4028.7561981507642
17574,LOAD,118407950,4222.6894393493
17575,LOAD,119269075,4192.20154092752
17576,LOAD,121244425,4123.900954621213
17577,LOAD,119986291,4167.142727997151
17578,LOAD,122158954,4093.0278430511116
17579,LOAD,118749598,4210.540569577338
17580,LOAD,123816638,4038.2294986882134
17581,LOAD,133419780,3747.5702628201007
17582,LOAD,123421700,4051.151458779129
17583,LOAD,125290429,3990.727815290664
17584,LOAD,118608937,4215.533944124294
17585,LOAD,118320701,4225.803226098195
17586,LOAD,118656347,4213.849597105834
17587,LOAD,115746566,4319.782584305784
17588,LOAD,118132181,4232.546929781987
17589,LOAD,121630556,4110.809129245451
17590,LOAD,114097411,4382.220381845474
17591,LOAD,120095308,4163.3599873860185
17592,LOAD,117293956,4262.794239798682
17593,LOAD,118716931,4211.6991720414335
17594,LOAD,114490524,4367.173653602983
17595,LOAD,113856240,4391.5028284791415
17596,LOAD,121805058,4104.91984659619
17597,LOAD,118565742,4217.069716478475
17598,LOAD,114590945,4363.34651049435
17599,LOAD,119117118,4197.549507535937
17600,LOAD,116833520,4279.593733031411
17601,LOAD,119379591,4188.320598283839
17602,LOAD,114191054,4378.626717991411
17603,LOAD,123397540,4051.9446335802154
17604,LOAD,121237122,4124.149367386006
17605,LOAD,124848961,4004.8390951367232
17606,LOAD,113389325,4409.586175770955
17607,LOAD,122286550,4088.7571037043726
17608,LOAD,116610058,4287.794797254967
17609,LOAD,119671640,4178.099339158383
17610,LOAD,115684026,4322.117904160769
17611,LOAD,116198778,4302.971241229404
17612,LOAD,118601175,4215.809834936289
17613,LOAD,122844332,4070.1918587501455
17614,LOAD,117485052,4255.860566840452
17615,LOAD,117801958,4244.411625144635
17616,LOAD,121808839,4104.7924280765865
17617,LOAD,121917865,4101.1216854888335
17618,LOAD,117081648,4270.524104682913
17619,LOAD,124263251,4023.7157484315294
17620,LOAD,119321777,4190.3499308428845
17621,LOAD,124672242,4010.515829177115
17622,LOAD,118826347,4207.821014644168
17623,LOAD,124361030,4020.552097389351
17624,LOAD,123968730,4033.275165438897
17625,LOAD,124765931,4007.5042601172913
17626,LOAD,119059525,4199.580000004199
17627,LOAD,119441184,4186.160780187845
17628,LOAD,120607768,4145.669953862342
17629,LOAD,125929775,3970.466873302998
17630,LOAD,124631949,4011.812412562047
17631,LOAD,123216269,4057.905697501683
17632,LOAD,122519449,4080.9847259433886
17633,LOAD,123155102,4059.9211228780437
17634,LOAD,119557814,4182.077132992747
17635,LOAD,119394731,4187.789492988598
17636,LOAD,121552979,4113.432711509276
17637,LOAD,118776982,4209.569830625937
17638,LOAD,118305597,4226.342731696794
17639,LOAD,118363527,4224.27425637629
17640,LOAD,116896609,4277.284039950209
17641,LOAD,115130427,4342.900595687011
17642,LOAD,123818225,4038.1777399894077
17643,LOAD,114700254,4359.188254282331
17644,LOAD,117848670,4242.729256087489
17645,LOAD,116990614,4273.847131018561
17646,LOAD,118789975,4209.109396647317
17647,LOAD,116698882,4284.531191995481
17648,LOAD,117790399,4244.8281374783355
17649,LOAD,117867340,4242.057214492157
17650,LOAD,120080736,4163.8652181478965
17651,LOAD,117810495,4244.10405881072
17652,LOAD,121308682,4121.716531385609
17653,LOAD,117476065,4256.186143109237
17654,LOAD,114785187,4355.962760247104
17655,LOAD,124892506,4003.4427686157564
17656,LOAD,118016335,4236.7016396501385
17657,LOAD,116437351,4294.1547167283115
17658,LOAD,117362814,4260.293213487536
17659,LOAD,118148193,4231.9733150721995
17660,LOAD,119812095,4173.20137837503
17661,LOAD,128774496,3882.756411642256
17662,LOAD,121653864,4110.0215279639615
17663,LOAD,119820079,4172.923304448831
17664,LOAD,125476860,3984.7984720051168
17665,LOAD,127815827,3911.8786126541277
17666,LOAD,119182606,4195.243054175205
17667,LOAD,133521963,3744.7022854210136
17668,LOAD,124651548,4011.181634102129
17669,LOAD,125944306,3970.008775148596
17670,LOAD,124924285,4002.4243484763592
17671,LOAD,130243683,3838.9577788582656
17672,LOAD,118383173,4223.573226914606
17673,LOAD,125290506,3990.7253627022624
17674,LOAD,126500952,3952.539424367336
17675,LOAD,124544804,4014.6195099395713
17676,LOAD,119749580,4175.379988806641
17677,LOAD,129935621,3848.0594940166566
17678,LOAD,121305954,4121.809222983399
17679,LOAD,126955790,3938.378864012425
17680,LOAD,125585286,3981.3581345827406
17681,LOAD,122282156,4088.9040261933233
17682,LOAD,123746859,4040.506595807818
17683,LOAD,130146776,3841.816258283647
17684,LOAD,123440167,4050.545395000964
17685,LOAD,127355604,3926.014908617606
17686,LOAD,129391284,3864.247919512106
17687,LOAD,122547214,4080.060114626515
17688,LOAD,124435898,4018.1330953227016
17689,LOAD,121154551,4126.960117247268
17690,LOAD,126133641,3964.049527437331
17691,LOAD,121895365,4101.8786891527825
17692,LOAD,128125507,3902.423582214586
17693,LOAD,122984715,4065.54586885045
17694,LOAD,125138010,3995.588550593061
17695,LOAD,121588469,4112.232057136931
17696,LOAD,127658525,3916.6988651952543
17697,LOAD,120255659,4157.80849032643
17698,LOAD,119251317,4192.825811726674
17699,LOAD,121225446,4124.546590655563
17700,LOAD,125395499,3987.383949084169
17701,LOAD,118382664,4223.591386657763
17702,LOAD,115883795,4314.667119764244
17703,LOAD,117370542,4260.0127040394855
17704,LOAD,123195013,4058.6058463259387
17705,LOAD,118908542,4204.912377110805
17706,LOAD,133098644,3756.612276230252
17707,LOAD,124469119,4017.0606493969
17708,LOAD,126924842,3939.339156317405
17709,LOAD,125465056,3985.17336970702
17710,LOAD,119622443,4179.817661807826
17711,LOAD,126373409,3956.528544703577
17712,LOAD,120858620,4137.065275112358
17713,LOAD,122619675,4077.6490396015156
17714,LOAD,120141010,4161.776232778466
17715,LOAD,127817512,3911.8270429172494
17716,LOAD,124585241,4013.316473016254
17717,LOAD,124985727,4000.456788157899
17718,LOAD,127943024,3907.9895438457042
17719,LOAD,122821356,4070.9532632093724
17720,LOAD,122151399,4093.2809946777606
17721,LOAD,128511566,3890.700390344632
17722,LOAD,131306855,3807.8743109032657
17723,LOAD,124350219,4020.9016439287498
17724,LOAD,125583812,3981.4048645059443
17725,LOAD,123208479,4058.1622633292955
17726,LOAD,126290563,3959.124008339404
17727,LOAD,132248492,3780.7614471702254
17728,LOAD,126747134,3944.862374560674
17729,LOAD,122432424,4083.885490987256
17730,LOAD,119627392,4179.644742234287
17731,LOAD,123652930,4043.5758376287567
17732,LOAD,122224219,4090.8422577034426
17733,LOAD,125533858,3982.989194835388
17734,LOAD,141454980,3534.6935116741734
17735,LOAD,128634071,3886.9950714690513
17736,LOAD,122635935,4077.1083940445355
17737,LOAD,121330077,4120.989719638932
17738,LOAD,122690407,4075.2982423475046
17739,LOAD,125156716,3994.9913674628538
17740,LOAD,122171709,4092.600521778737
17741,LOAD,121673383,4109.362193044308
17742,LOAD,123406340,4051.6556928922773
17743,LOAD,124273645,4023.3792128652863
17744,LOAD,123426192,4051.004020281206
17745,LOAD,123820508,4038.1032841506353
17746,LOAD,124210010,4025.4404616825973
17747,LOAD,121310028,4121.670798724076
17748,LOAD,126988775,3937.3558804705376
17749,LOAD,124243346,4024.3603870745724
17750,LOAD,118135302,4232.435110717371
17751,LOAD,123638243,4044.056174431401
17752,LOAD,130578854,3829.1039068239943
17753,LOAD,134717241,3711.477434428753
17754,LOAD,127170026,3931.74410454237
17755,LOAD,124994969,4000.1609984798665
17756,LOAD,122702008,4074.9129386700824
17757,LOAD,118404454,4222.814118124306
17758,LOAD,120022690,4165.878968385061
17759,LOAD,128673998,3885.7889532584513
17760,LOAD,121069139,4129.871609973206
17761,LOAD,122951190,4066.65441790356
17762,LOAD,120260290,4157.648380857887
17763,LOAD,119384528,4188.147395448093
17764,LOAD,123745837,4040.539965801031
17765,LOAD,122377698,4085.711760977887
17766,LOAD,127226584,3929.9962655603485
17767,LOAD,127735770,3914.3303398883495
17768,LOAD,122253834,4089.851284336817
17769,LOAD,123421183,4051.1684286805125
17770,LOAD,129040732,3874.745533836556
17771,LOAD,120243464,4158.23017207821
17772,LOAD,125014886,3999.523704721052
17773,LOAD,129206702,3869.7683035048753
17774,LOAD,124321577,4021.8280049648984
17775,LOAD,125582664,3981.441260077108
17776,LOAD,127167916,3931.80934096616
17777,LOAD,121835117,4103.907086164657
17778,LOAD,129695606,3855.1807221595463
17779,LOAD,125760163,3975.821818869621
17780,LOAD,123664162,4043.208573232397
17781,LOAD,119764298,4174.86687059277
17782,LOAD,127443823,3923.297247603754
17783,LOAD,129319849,3866.38249167767
17784,LOAD,128134377,3902.1534400561372
17785,LOAD,129392457,3864.212888391168
17786,LOAD,125530585,3983.093044615382
17787,LOAD,121829649,4104.091279126971
17788,LOAD,123644036,4043.8667013425543
17789,LOAD,125417851,3986.67331654407
17790,LOAD,123486447,4049.0273398181102
17791,LOAD,124655848,4011.0432685035366
17792,LOAD,127096144,3934.029658681069
17793,LOAD,122357669,4086.380560257322
17794,LOAD,122984638,4065.5484142661785
17795,LOAD,124719330,4009.001651949221
17796,LOAD,126634863,3948.359781460813
17797,LOAD,121547561,4113.61606836356
17798,LOAD,125254426,3991.8749058815697
17799,LOAD,119490262,4184.441406614373
17800,LOAD,121512929,4114.788476541455
17801,LOAD,126058475,3966.413206252099
17802,LOAD,125943810,3970.024410092088
17803,LOAD,123539390,4047.2921227796255
17804,LOAD,121014727,4131.7285292062015
17805,LOAD,117209535,4265.864547624047
17806,LOAD,119113630,4197.672424222148
17807,LOAD,118618641,4215.189078080906
17808,LOAD,130335694,3836.2476513916445
17809,LOAD,130233176,3839.267499703762
17810,LOAD,127893873,3909.491426536125
17811,LOAD,116345896,4297.530185336318
17812,LOAD,126618071,3948.883410172945
17813,LOAD,117659311,4249.557436215141
17814,LOAD,121243229,4123.941634711824
17815,LOAD,126688013,3946.70330807067
17816,LOAD,127325685,3926.9374439257876
17817,LOAD,129715868,3854.5785315949165
17818,LOAD,129222260,3869.302394185026
17819,LOAD,120574576,4146.811181819956
17820,LOAD,116560399,4289.621554915919
17821,LOAD,122130586,4093.9785550525403
17822,LOAD,126720165,3945.701933074345
17823,LOAD,121709094,4108.156453781506
17824,LOAD,128175778,3900.893037684546
17825,LOAD,119903962,4170.003990360218
17826,LOAD,128446133,3892.6823900568493
17827,LOAD,127988196,3906.6102627151645
17828,LOAD,120149258,4161.490535380584
17829,LOAD,128088619,3903.547433827825
17830,LOAD,124246481,4024.25884399897
17831,LOAD,127023137,3936.290756226561
17832,LOAD,127001971,3936.946773841801
17833,LOAD,121614757,4111.343165369314
17834,LOAD,129360999,3865.1525874502563
17835,LOAD,127060998,3935.117840015707
17836,LOAD,124751402,4007.9709885745415
17837,LOAD,121946655,4100.153464644028
17838,LOAD,126277407,3959.53648303849
17839,LOAD,126361618,3956.8977345636713
17840,LOAD,123876204,4036.2877118837127
17841,LOAD,124286353,4022.967831391754
17842,LOAD,117938870,4239.484404081539
17843,LOAD,121114067,4128.339608973745
17844,LOAD,130529073,3830.5642452543884
17845,LOAD,127270977,3928.625455589926
17846,LOAD,123153423,4059.976473410731
17847,LOAD,133734611,3738.747929658987
17848,LOAD,121812712,4104.66191738675
17849,LOAD,131200124,3810.9720079227973
17850,LOAD,125786926,3974.975904888557
17851,LOAD,127381754,3925.208943189776
17852,LOAD,122978645,4065.7465367259497
17853,LOAD,121431518,4117.547142908977
17854,LOAD,129775146,3852.817857742961
17855,LOAD,123100686,4061.7157893011254
17856,LOAD,132855741,3763.480571005208
17857,LOAD,127487663,3921.948118226938
17858,LOAD,128433715,3893.058765761
17859,LOAD,122396130,4085.0964814001877
17860,LOAD,120725037,4141.64296342274
17861,LOAD,125391704,3987.504627897871
17862,LOAD,127443794,3923.2981403551125
17863,LOAD,120423179,4152.024586562359
17864,LOAD,121322304,4121.253747373607
17865,LOAD,125932644,3970.37641804773
17866,LOAD,120624248,4145.103561598991
17867,LOAD,121976613,4099.1464486720915
17868,LOAD,120588547,4146.330745655307
17869,LOAD,118715653,4211.744511905266
17870,LOAD,121344943,4120.484856134466
17871,LOAD,128452628,3892.4855628488967
17872,LOAD,123666771,4043.123273591416
17873,LOAD,118762297,4210.090345423346
17874,LOAD,121840353,4103.730723761118
17875,LOAD,127449946,3923.1087630276443
17876,LOAD,129619390,3857.447562436453
17877,LOAD,127918586,3908.7361394066693
17878,LOAD,126498040,3952.6304122972974
17879,LOAD,119023076,4200.866057267752
17880,LOAD,118652263,4213.994637422128
17881,LOAD,123301524,4055.099919121843
17882,LOAD,125075307,3997.591626938801
17883,LOAD,127716951,3914.9071136219027
17884,LOAD,119227701,4193.656304754212
17885,LOAD,117411806,4258.515536333714
17886,LOAD,120550654,4147.63407256173
17887,LOAD,134420059,3719.682938094827
17888,LOAD,121988333,4098.752624154639
17889,LOAD,128703779,3884.88981353065
17890,LOAD,127132239,3932.9127209031535
17891,LOAD,120518995,4148.723609917258
17892,LOAD,129150110,3871.463988687273
17893,LOAD,128772341,3882.821389416226
17894,LOAD,126479411,3953.2125904666013
17895,LOAD,120033468,4165.504907348007
17896,LOAD,127194240,3930.995617411606
17897,LOAD,121644793,4110.3280105051435
17898,LOAD,126668470,3947.312223791761
17899,LOAD,124136227,4027.8330676185283
17900,LOAD,132468805,3774.47354492252
17901,LOAD,123419114,4051.236342532811
17902,LOAD,127678693,3916.0801873183336
17903,LOAD,128773505,3882.786292102556
17904,LOAD,125500817,3984.03780909251
17905,LOAD,125479590,3984.711776632359
17906,LOAD,125298166,3990.481392999798
17907,LOAD,135055087,3702.1930169872094
17908,LOAD,120739908,4141.132855592369
17909,LOAD,125769052,3975.5408190561857
17910,LOAD,125469290,3985.038888799004
17911,LOAD,121271704,4122.973319481023
17912,LOAD,125467078,3985.109145524215
17913,LOAD,123969207,4033.259646486244
17914,LOAD,120946959,4134.04358517191
17915,LOAD,124119811,4028.365786022668
17916,LOAD,119521560,4183.345665836357
17917,LOAD,122658250,4076.36665287496
17918,LOAD,118486923,4219.8749645984135
17919,LOAD,122080044,4095.67349107443
17920,LOAD,123677562,4042.7705067472143
17921,LOAD,132184210,3782.6000548779616
17922,LOAD,121245947,4123.849187305205
17923,LOAD,129931752,3848.174078342298
17924,LOAD,133649767,3741.121374345531
17925,LOAD,130119024,3842.6356471902222
17926,LOAD,118350008,4224.756790890965
17927,LOAD,123108104,4061.471046617695
17928,LOAD,125980826,3968.8579276341625
17929,LOAD,126366428,3956.7471195751455
17930,LOAD,122822975,4070.8996016421197
17931,LOAD,129079392,3873.585025873069
17932,LOAD,130542981,3830.1561383832654
17933,LOAD,128966529,3876.974931999604
17934,LOAD,129703821,3854.936548091363
17935,LOAD,126612532,3949.0561645193225
17936,LOAD,123437031,4050.6483018049908
17937,LOAD,126942384,3938.794784254249
17938,LOAD,119642198,4179.127501485722
17939,LOAD,127405016,3924.4922664583314
17940,LOAD,121278522,4122.741535389094
17941,LOAD,123165371,4059.5826240802703
17942,LOAD,131231407,3810.0635467544744
17943,LOAD,114158923,4379.859119729082
17944,LOAD,119400327,4187.593221583053
17945,LOAD,127494326,3921.743152710969
17946,LOAD,119889924,4170.492259216046
17947,LOAD,128750039,3883.49396927173
17948,LOAD,125511312,3983.7046719741084
17949,LOAD,124308509,4022.2508018336866
17950,LOAD,123051076,4063.353334675432
17951,LOAD,126733362,3945.2910591924483
17952,LOAD,125465785,3985.1502144588662
17953,LOAD,125819387,3973.950373800502
17954,LOAD,128561954,3889.175486551799
17955,LOAD,127312592,3927.3412955098743
17956,LOAD,125542012,3982.7304982176006
17957,LOAD,127793550,3912.5605322021333
17958,LOAD,126930529,3939.1626580237444
17959,LOAD,128562239,3889.1668649299118
17960,LOAD,128537623,3889.9116720090587
17961,LOAD,125970343,3969.1882080530654
17962,LOAD,124056308,4030.427860226181
17963,LOAD,127873229,3910.122579292965
17964,LOAD,126597337,3949.5301548088646
17965,LOAD,131384133,3805.634581460457
17966,LOAD,125029596,3999.053152183264
17967,LOAD,124355009,4020.7467638074795
17968,LOAD,128266559,3898.132170209696
17969,LOAD,121335097,4120.819221828289
17970,LOAD,124772641,4007.2887452947316
17971,LOAD,118500325,4219.397710512609
17972,LOAD,121124290,4127.991173364153
17973,LOAD,123802578,4038.6881119713034
17974,LOAD,121026177,4131.337636154532
17975,LOAD,121122871,4128.039534333693
17976,LOAD,120348630,4154.596525112084
17977,LOAD,124677852,4010.3353721557537
17978,LOAD,123738846,4040.768248315489
17979,LOAD,120617360,4145.340272743492
17980,LOAD,122481143,4082.261054667003
17981,LOAD,124489349,4016.4078615271737
17982,LOAD,123346368,4053.625640602567
17983,LOAD,118581183,4216.520592478825
17984,LOAD,121383199,4119.186214560056
17985,LOAD,125695986,3977.8517668814025
17986,LOAD,127979607,3906.8724441386976
17987,LOAD,121061805,4130.121800182973
17988,LOAD,126780033,3943.838695798415
17989,LOAD,121670827,4109.448520474017
17990,LOAD,123136274,4060.5419001065434
17991,LOAD,127792602,3912.589556631768
17992,LOAD,119572278,4181.571250152147
17993,LOAD,114701906,4359.125470853117
17994,LOAD,119033980,4200.481240734789
17995,LOAD,116718461,4283.812481043595
17996,LOAD,121563570,4113.074336332834
17997,LOAD,124981847,4000.580980372293
17998,LOAD,125355608,3988.652825169178
17999,LOAD,126102531,3965.0274743494247
18000,LOAD,120707200,4142.25497733358
18001,PUT,0.10692042,46763.7519568292
18002,PUT,0.109188871,45792.21265141573
18003,PUT,0.11012055000000001,45404.78593686646
18004,PUT,0.107091499,46689.04671882499
18005,PUT,0.10705033600000001,46706.999593163346
18006,PUT,0.10319484300000001,48452.033596291236
18007,PUT,0.105865234,47229.858293233454
18008,PUT,0.107536906,46495.66540439614
18009,PUT,0.10671116500000001,46855.4532227251
18010,PUT,0.48143169500000005,10385.689292849735
18011,PUT,0.10468711800000001,47761.36830894513
18012,PUT,0.10518369300000001,47535.88562439997
18013,PUT,0.104232341,47969.756335032325
18014,PUT,0.10727430700000001,46609.483107637316
18015,PUT,0.099317634,50343.527112214535
18016,PUT,0.105614421,47342.01970391903
18017,PUT,0.10074715100000001,49629.19497346381
18018,PUT,0.104379289,47902.223208284166
18019,PUT,0.105983224,47177.27779256838
18020,PUT,0.09978822000000001,50106.11472977471
18020,GET,0.029010357,172352.23958119508
18020,GET,0.022069587,226556.11996726535
18020,GET,0.021253659,235253.60974315056
18020,GET,0.021475652,232821.8021040758
18020,GET,0.021202683,235819.21212518247
18020,GET,0.021187704,235985.9284422701
18020,GET,0.021202277000000002,235823.7278005565
18020,GET,0.021074684,237251.48144570045
18020,GET,0.025404782,196813.34010266257
18020,GET,0.025707725,194494.06744470776
18020,GET,0.025449362000000003,196468.57944808202
18020,GET,0.024703128,202403.51748167275
18020,GET,0.021574515000000002,231754.92009901494
18020,GET,0.021381376,233848.3734629614
18020,GET,0.021193775,235918.32979259238
18020,GET,0.021073339,237266.6239555108
18020,GET,0.021284608,234911.53795268392
18020,GET,0.021489043000000003,232676.71808372292
18020,GET,0.021248635000000002,235309.23280483662
18020,GET,0.021347037000000003,234224.54366851939
