height,operation,latency,throughput
1,LOAD,23045,21696680.40789759
2,LOAD,31704,15770880.645975271
3,LOAD,75417137,6629.792907678265
4,LOAD,46663496,10715.013722932375
5,LOAD,51201751,9765.291034675749
6,LOAD,51248171,9756.445747107735
7,LOAD,57485037,8697.915598453907
8,LOAD,55422233,9021.65021030459
9,LOAD,54687294,9142.891582823608
10,LOAD,61225936,8166.473763667737
11,LOAD,60100817,8319.354460688946
12,LOAD,57252445,8733.2514794783
13,LOAD,58998018,8474.860969058316
14,LOAD,59582169,8391.772377403717
15,LOAD,57624424,8676.87631897197
16,LOAD,58795176,8504.09904377189
17,LOAD,64383114,7766.01144206849
18,LOAD,67117318,7449.642132601306
19,LOAD,62516353,7997.9073635341465
20,LOAD,62871756,7952.696597181094
21,LOAD,64776354,7718.866054115982
22,LOAD,56876883,8790.917744209013
23,LOAD,61360097,8148.618148370919
24,LOAD,60235407,8300.76569417054
25,LOAD,61315804,8154.504505885628
26,LOAD,57142670,8750.02865634385
27,LOAD,56059765,8919.052728815399
28,LOAD,67022182,7460.216678710937
29,LOAD,65985679,7577.401757129755
30,LOAD,63620008,7859.162796710117
31,LOAD,62374879,8016.0476142967755
32,LOAD,66078748,7566.72932120324
33,LOAD,62070725,8055.327209405077
34,LOAD,69296190,7215.403906044474
35,LOAD,64406458,7763.196665775348
36,LOAD,70390501,7103.231158988341
37,LOAD,64243194,7782.925612322451
38,LOAD,65145695,7675.10424134703
39,LOAD,70128876,7129.730697523229
40,LOAD,68468873,7302.588433140998
41,LOAD,66081497,7566.41454414993
42,LOAD,70074123,7135.301572022528
43,LOAD,78004123,6409.917588586953
44,LOAD,69525952,7191.559203676924
45,LOAD,71003427,7041.913624817011
46,LOAD,70600215,7082.131407106905
47,LOAD,82594138,6053.698387166411
48,LOAD,68921303,7254.65100391384
49,LOAD,75170244,6651.568139116323
50,LOAD,66059271,7568.960305359712
51,LOAD,65444377,7640.075785273348
52,LOAD,70703887,7071.746988959744
53,LOAD,71650737,6978.295282573297
54,LOAD,68744515,7273.307550427841
55,LOAD,70002327,7142.619701770772
56,LOAD,67799545,7374.680759288281
57,LOAD,67466734,7411.0597972624555
58,LOAD,69398064,7204.811938269632
59,LOAD,73226665,6828.11377522109
60,LOAD,70136831,7128.922035271312
61,LOAD,67193160,7441.233601753512
62,LOAD,70439385,7098.30161066852
63,LOAD,76898175,6502.10489390678
64,LOAD,68887979,7258.16038237963
65,LOAD,68551126,7293.826216654706
66,LOAD,74392828,6721.0780049926325
67,LOAD,73926495,6763.474989582557
68,LOAD,71519379,6991.11215716792
69,LOAD,75212618,6647.82071540177
70,LOAD,70535252,7088.654053436997
71,LOAD,76266836,6555.929499946739
72,LOAD,70171254,7125.424892649062
73,LOAD,66510171,7517.647188127061
74,LOAD,66570771,7510.8038030684675
75,LOAD,69886713,7154.435779516487
76,LOAD,79789344,6266.500950302336
77,LOAD,73668526,6787.159010077113
78,LOAD,78541092,6366.094324229665
79,LOAD,70494839,7092.717808746254
80,LOAD,76566147,6530.301178665814
81,LOAD,73000483,6849.26975072206
82,LOAD,78215942,6392.558693469421
83,LOAD,76426182,6542.260609067192
84,LOAD,71278779,7014.71050731663
85,LOAD,79910700,6256.9843587905
86,LOAD,75327427,6637.688553997736
87,LOAD,74017931,6755.1199181722595
88,LOAD,65816338,7596.897900943683
89,LOAD,69117566,7234.05103704028
90,LOAD,76130760,6567.647557964743
91,LOAD,80028207,6247.797104838298
92,LOAD,80136477,6239.35589282269
93,LOAD,72633565,6883.869737083675
94,LOAD,72781226,6869.903510556417
95,LOAD,76839766,6507.047405636295
96,LOAD,75728145,6602.56500406817
97,LOAD,73136838,6836.50009588875
98,LOAD,72106227,6934.2138786432415
99,LOAD,77482255,6453.090452775284
100,LOAD,73107184,6839.2731417476025
101,LOAD,74490385,6712.275684975987
102,LOAD,78739284,6350.070442601434
103,LOAD,76729424,6516.404971318435
104,LOAD,74512564,6710.277745911414
105,LOAD,73644053,6789.414482660263
106,LOAD,72581272,6888.829393896542
107,LOAD,137633446,3632.837907727748
108,LOAD,73863915,6769.205233705796
109,LOAD,74936392,6672.325510414219
110,LOAD,80352464,6222.5845370466795
111,LOAD,78000118,6410.246712703692
112,LOAD,75813919,6595.095024701203
113,LOAD,74295465,6729.885868538544
114,LOAD,76421087,6542.69678210675
115,LOAD,72534692,6893.253231157306
116,LOAD,80196297,6234.70183417571
117,LOAD,79327485,6302.985654971918
118,LOAD,75265863,6643.117876692652
119,LOAD,75730346,6602.373109453376
120,LOAD,79083445,6322.4357512498345
121,LOAD,74380200,6722.219085186649
122,LOAD,79105988,6320.634033418557
123,LOAD,70862672,7055.901025013564
124,LOAD,80924504,6178.598264871664
125,LOAD,76486187,6537.128069935033
126,LOAD,78530820,6366.927023046493
127,LOAD,77552519,6447.243834852096
128,LOAD,79176529,6315.002770581165
129,LOAD,78510972,6368.536616767399
130,LOAD,77037142,6490.375772247626
131,LOAD,78651013,6357.197204821761
132,LOAD,86178459,5801.913909832155
133,LOAD,54625621,9153.214020212235
134,LOAD,75318731,6638.4549150197445
135,LOAD,79469776,6291.700130122425
136,LOAD,77982026,6411.733903912678
137,LOAD,77671432,6437.373267432484
138,LOAD,93961271,5321.341385431026
139,LOAD,71539767,6989.119771664898
140,LOAD,75480924,6624.1902391126005
141,LOAD,76522004,6534.068292304525
142,LOAD,71506930,6992.3292749388065
143,LOAD,82191258,6083.372029662814
144,LOAD,84419568,5922.797425355221
145,LOAD,83835583,5964.054666381935
146,LOAD,85670752,5836.297549950303
147,LOAD,80734108,6193.169310794887
148,LOAD,80081596,6243.631807737697
149,LOAD,75552654,6617.901205694243
150,LOAD,77646031,6439.479179560382
151,LOAD,78386790,6378.625786309147
152,LOAD,77620102,6441.630287989057
153,LOAD,82489421,6061.38331362515
154,LOAD,83733711,5971.310646914956
155,LOAD,82326607,6073.370666180862
156,LOAD,76290104,6553.929982845481
157,LOAD,73865080,6769.098469804677
158,LOAD,76178216,6563.5561746418425
159,LOAD,82573978,6055.176365609999
160,LOAD,76390198,6545.34237494711
161,LOAD,75808302,6595.583686863214
162,LOAD,80998170,6172.978969771786
163,LOAD,74212034,6737.451772309596
164,LOAD,83146029,6013.516291920568
165,LOAD,77413775,6458.798837803737
166,LOAD,79114738,6319.934978486562
167,LOAD,77182631,6478.141435733125
168,LOAD,77047293,6489.520663626689
169,LOAD,77787676,6427.753414306914
170,LOAD,77805383,6426.290581976828
171,LOAD,88683698,5638.014779221317
172,LOAD,80777515,6189.841319084897
173,LOAD,82001798,6097.427278362848
174,LOAD,76631312,6524.748003792497
175,LOAD,78087328,6403.08757907557
176,LOAD,78030771,6407.728561338961
177,LOAD,78251213,6389.677307622056
178,LOAD,76954834,6497.317634393182
179,LOAD,73958285,6760.567798455575
180,LOAD,81139543,6162.223516590425
181,LOAD,78575865,6363.2770698738095
182,LOAD,81246079,6154.143143326339
183,LOAD,82869381,6033.591586740584
184,LOAD,79988682,6250.884343862548
185,LOAD,80961845,6175.748588733371
186,LOAD,79829093,6263.380695055624
187,LOAD,79666078,6276.197003196266
188,LOAD,77686270,6436.143735566144
189,LOAD,81412415,6141.56943999266
190,LOAD,74932073,6672.710095715622
191,LOAD,78442854,6374.066909906159
192,LOAD,81275478,6151.917064086661
193,LOAD,87429861,5718.869895035062
194,LOAD,75310618,6639.170057003117
195,LOAD,82670698,6048.092154731777
196,LOAD,80570620,6205.736036287172
197,LOAD,79120317,6319.489341783097
198,LOAD,79897330,6258.031401049322
199,LOAD,81721475,6118.342822373189
200,LOAD,94196703,5308.041407776236
201,LOAD,78023736,6408.306313350593
202,LOAD,83196182,6009.891175054163
203,LOAD,83932661,5957.156535284876
204,LOAD,78044467,6406.604070984302
205,LOAD,79732533,6270.965955640717
206,LOAD,78045797,6406.494894273423
207,LOAD,77026058,6491.309733129534
208,LOAD,83256054,6005.5692766798675
209,LOAD,74215173,6737.166805499463
210,LOAD,78557136,6364.7941544101095
211,LOAD,89078219,5613.044418860686
212,LOAD,82525964,6058.6992961390915
213,LOAD,77133374,6482.278345557657
214,LOAD,75637297,6610.495348610884
215,LOAD,81627330,6125.399421982809
216,LOAD,76132294,6567.515225536223
217,LOAD,76943817,6498.247935893277
218,LOAD,83564195,5983.423881484169
219,LOAD,84594810,5910.528080859807
220,LOAD,76856380,6505.640780895484
221,LOAD,76203798,6561.352755672361
222,LOAD,80223403,6232.595244058644
223,LOAD,81289689,6150.841590745907
224,LOAD,85056834,5878.4224204724105
225,LOAD,77860139,6421.771222370923
226,LOAD,76398686,6544.615178329114
227,LOAD,81834138,6109.9195545995735
228,LOAD,78231995,6391.246957207215
229,LOAD,79004378,6328.7631984141435
230,LOAD,76343365,6549.3576291796935
231,LOAD,83011882,6023.234119664941
232,LOAD,79988656,6250.886375688073
233,LOAD,77171236,6479.097989307829
234,LOAD,74395011,6720.8807859441
235,LOAD,80495084,6211.559453742541
236,LOAD,88614524,5642.415909157285
237,LOAD,80203530,6234.139569667321
238,LOAD,89315972,5598.102879068483
239,LOAD,82034956,6094.962737592009
240,LOAD,85979804,5815.31914169053
241,LOAD,80319662,6225.125797964638
242,LOAD,86683727,5768.0953196670935
243,LOAD,77976066,6412.223976521205
244,LOAD,81726728,6117.949564798434
245,LOAD,85802483,5827.337187899329
246,LOAD,79421743,6295.5052497399865
247,LOAD,78668823,6355.757985599963
248,LOAD,79064686,6323.935821360246
249,LOAD,82395526,6068.290649664644
250,LOAD,81646274,6123.978174435738
251,LOAD,82758782,6041.654890474342
252,LOAD,82905630,6030.953507017557
253,LOAD,83536118,5985.434946833417
254,LOAD,76494403,6536.425939555343
255,LOAD,84106341,5944.85497829468
256,LOAD,77794957,6427.1518268208565
257,LOAD,79364658,6300.033448137583
258,LOAD,86650387,5770.314678456081
259,LOAD,80290203,6227.409837287371
260,LOAD,78375399,6379.552849230152
261,LOAD,87384487,5721.839392385516
262,LOAD,81182023,6158.99901878523
263,LOAD,84125728,5943.48497049559
264,LOAD,90432571,5528.981366680375
265,LOAD,82465903,6063.111926392172
266,LOAD,80973168,6174.884994001964
267,LOAD,84785441,5897.238890342034
268,LOAD,82641432,6050.233979488642
269,LOAD,81053242,6168.78471067203
270,LOAD,85411196,5854.033468867477
271,LOAD,74982568,6668.216538009207
272,LOAD,82441226,6064.92678796407
273,LOAD,83495269,5988.363244868401
274,LOAD,84077424,5946.8996100546565
275,LOAD,84015081,5951.312479244054
276,LOAD,75598781,6613.8632579274
277,LOAD,80251982,6230.375718321823
278,LOAD,82788703,6039.471351544184
279,LOAD,84433450,5921.823637432794
280,LOAD,80930911,6178.109128167358
281,LOAD,84292540,5931.723020803502
282,LOAD,79789712,6266.472048426494
283,LOAD,84645567,5906.983882570011
284,LOAD,78390962,6378.286313159418
285,LOAD,80367279,6221.43745839647
286,LOAD,87108547,5739.964873940557
287,LOAD,85425287,5853.067839268717
288,LOAD,82423891,6066.20233446635
289,LOAD,86667138,5769.199393661759
290,LOAD,81586394,6128.472843155686
291,LOAD,85126189,5873.633083703536
292,LOAD,74435009,6717.269289239959
293,LOAD,83407993,5994.629315682011
294,LOAD,81919042,6103.587002396829
295,LOAD,79437052,6294.291988579838
296,LOAD,88156318,5671.743232288808
297,LOAD,76880361,6503.611500991781
298,LOAD,86162002,5803.0220792687705
299,LOAD,75930571,6584.962992047038
300,LOAD,85576482,5842.7267435462
301,LOAD,79981529,6251.443380133431
302,LOAD,88932673,5622.230650820537
303,LOAD,86669437,5769.046359445026
304,LOAD,85588385,5841.9141802944405
305,LOAD,79413473,6296.160854216765
306,LOAD,87868863,5690.297824839273
307,LOAD,84031771,5950.130457205288
308,LOAD,85020687,5880.921663218271
309,LOAD,88678701,5638.332478505747
310,LOAD,87771567,5696.605598940714
311,LOAD,83060937,6019.676854837311
312,LOAD,87839535,5692.197710290702
313,LOAD,86943907,5750.834270652226
314,LOAD,83037383,6021.384368531942
315,LOAD,82289980,6076.073903529932
316,LOAD,76005997,6578.428278494919
317,LOAD,86035435,5811.558923366867
318,LOAD,83454808,5991.266554708268
319,LOAD,86027683,5812.08260601416
320,LOAD,79634287,6278.702539271809
321,LOAD,81585081,6128.5714725220405
322,LOAD,87342045,5724.619797944964
323,LOAD,84857854,5892.206512787844
324,LOAD,76822712,6508.491915776158
325,LOAD,86713814,5766.093969756653
326,LOAD,78370611,6379.942603739557
327,LOAD,85347082,5858.43110605703
328,LOAD,76974597,6495.64946731712
329,LOAD,76705184,6518.464253993577
330,LOAD,83974373,5954.1974787951085
331,LOAD,77836473,6423.723747092189
332,LOAD,80077783,6243.929105779564
333,LOAD,77593519,6443.837145728628
334,LOAD,79300959,6305.093990099162
335,LOAD,85894681,5821.082215789357
336,LOAD,77894154,6418.966948405397
337,LOAD,90400319,5530.953933912557
338,LOAD,82925223,6029.528554900599
339,LOAD,82999481,6024.134054524991
340,LOAD,86312407,5792.909934721204
341,LOAD,79910632,6256.989683175076
342,LOAD,86315062,5792.731748255014
343,LOAD,86967364,5749.283144881797
344,LOAD,88555278,5646.190845903053
345,LOAD,91157384,5485.019183964296
346,LOAD,85255484,5864.725370628357
347,LOAD,79133848,6318.408780020403
348,LOAD,76359814,6547.946803537264
349,LOAD,86839022,5757.780183199207
350,LOAD,85866656,5822.982089811439
351,LOAD,80642202,6200.22751858884
352,LOAD,78623325,6359.435956187302
353,LOAD,86748348,5763.798522134393
354,LOAD,80162337,6237.3431054037255
355,LOAD,88598013,5643.467421780667
356,LOAD,80332531,6224.128553848253
357,LOAD,91164188,5484.609811914301
358,LOAD,87590206,5708.400777137115
359,LOAD,80714026,6194.710198200248
360,LOAD,89833099,5565.877227501635
361,LOAD,79397946,6297.392126491534
362,LOAD,89495777,5586.855790972126
363,LOAD,82711843,6045.083531750102
364,LOAD,92388655,5411.919894277062
365,LOAD,81755330,6115.809207791101
366,LOAD,84905484,5888.901122099487
367,LOAD,79815893,6264.416536691508
368,LOAD,83727942,5971.722080545107
369,LOAD,88280693,5663.752548929357
370,LOAD,84758269,5899.129440692093
371,LOAD,79364503,6300.045752192262
372,LOAD,81488697,6135.820284376371
373,LOAD,81324383,6148.217564712419
374,LOAD,80756751,6191.432837608834
375,LOAD,84280122,5932.597012614671
376,LOAD,86171933,5802.35330220572
377,LOAD,80567520,6205.974814664768
378,LOAD,85147487,5872.163907785089
379,LOAD,87236970,5731.514975818165
380,LOAD,92886023,5382.941198806628
381,LOAD,92215207,5422.099198888096
382,LOAD,91470437,5466.246979884878
383,LOAD,80657852,6199.024491750661
384,LOAD,81469504,6137.265792117748
385,LOAD,87696891,5701.456394845286
386,LOAD,84056256,5948.397225781743
387,LOAD,88408790,5655.54624149929
388,LOAD,82481911,6061.935204192832
389,LOAD,80851094,6184.20821862967
390,LOAD,92144140,5426.281041854642
391,LOAD,83551854,5984.307661204023
392,LOAD,83576302,5982.557112900257
393,LOAD,85432334,5852.585041162519
394,LOAD,80689264,6196.611236905073
395,LOAD,81445683,6139.060802031705
396,LOAD,89179565,5606.665607754422
397,LOAD,75891488,6588.354151126935
398,LOAD,92058339,5431.338490693385
399,LOAD,82156596,6085.938614107138
400,LOAD,87586836,5708.62041414534
401,LOAD,82482795,6061.8702360898415
402,LOAD,91544210,5461.841879459116
403,LOAD,82052695,6093.645065527708
404,LOAD,86673190,5768.796556351509
405,LOAD,86256571,5796.6598278060455
406,LOAD,93213514,5364.029082735793
407,LOAD,79123347,6319.247339220875
408,LOAD,87317572,5726.2242701847
409,LOAD,83771587,5968.610813114952
410,LOAD,78214244,6392.697473365593
411,LOAD,98738016,5063.905679449747
412,LOAD,87262978,5729.806745765656
413,LOAD,82858061,6034.415891050117
414,LOAD,84771391,5898.216297996101
415,LOAD,85565328,5843.488381181686
416,LOAD,85306811,5861.196710307223
417,LOAD,80282986,6227.96964726748
418,LOAD,81922097,6103.3593903242
419,LOAD,90964452,5496.652692416594
420,LOAD,82769483,6040.873784363254
421,LOAD,83889518,5960.220202957896
422,LOAD,81298782,6150.153639448129
423,LOAD,85067427,5877.690411395656
424,LOAD,78621624,6359.5735442961595
425,LOAD,84872700,5891.175843351278
426,LOAD,78804402,6344.82322446911
427,LOAD,83824443,5964.8472701452965
428,LOAD,84933110,5886.985652591787
429,LOAD,86258605,5796.523141082563
430,LOAD,81029083,6170.623947453533
431,LOAD,74264511,6732.690934974311
432,LOAD,86366879,5789.256318964588
433,LOAD,84385668,5925.176772908879
434,LOAD,85033889,5880.008616329426
435,LOAD,85568020,5843.304542982297
436,LOAD,82731916,6043.616831018395
437,LOAD,85249587,5865.131053362171
438,LOAD,88180168,5670.2092016880715
439,LOAD,80569535,6205.81960662923
440,LOAD,79711983,6272.5826303932245
441,LOAD,92262621,5419.312768060209
442,LOAD,87031891,5745.020523568768
443,LOAD,81302115,6149.90151240223
444,LOAD,85610357,5840.414846068215
445,LOAD,91505945,5464.125855429394
446,LOAD,85458375,5850.801632958735
447,LOAD,83236032,6007.013885524961
448,LOAD,82727396,6043.947037810788
449,LOAD,86109526,5806.5584985336
450,LOAD,77966363,6413.0219848782735
451,LOAD,88450006,5652.910865828545
452,LOAD,84018428,5951.075399792056
453,LOAD,84498181,5917.287142548074
454,LOAD,83691750,5974.304516275499
455,LOAD,85627381,5839.253684519442
456,LOAD,82539175,6057.729556904343
457,LOAD,80752318,6191.772724096911
458,LOAD,87131200,5738.472556328847
459,LOAD,85346694,5858.457739440968
460,LOAD,88930025,5622.398059597982
461,LOAD,90341810,5534.536002765497
462,LOAD,87024451,5745.511683836994
463,LOAD,83600534,5980.823041154259
464,LOAD,88879795,5625.575531536723
465,LOAD,90644436,5516.058371194455
466,LOAD,86970784,5749.0570626568115
467,LOAD,85724929,5832.609088541794
468,LOAD,85009401,5881.702424888278
469,LOAD,83445886,5991.9071384777435
470,LOAD,97303265,5138.573715897406
471,LOAD,88450882,5652.854880520016
472,LOAD,88927036,5622.587038659424
473,LOAD,84514251,5916.161997341726
474,LOAD,89385535,5593.74623645761
475,LOAD,82341033,6072.306622628841
476,LOAD,81780629,6113.917270066485
477,LOAD,85515053,5846.923815857309
478,LOAD,84161591,5940.952328241989
479,LOAD,80949363,6176.7008592766815
480,LOAD,86726981,5765.218554073731
481,LOAD,77325478,6466.174059732291
482,LOAD,86454833,5783.3666742494315
483,LOAD,79517821,6287.898658591261
484,LOAD,87401343,5720.735893039996
485,LOAD,80641669,6200.268498907184
486,LOAD,84488922,5917.935608173579
487,LOAD,80590739,6204.186811092525
488,LOAD,90078763,5550.697893131592
489,LOAD,75441995,6627.608402985632
490,LOAD,88809024,5630.058494956548
491,LOAD,91300702,5476.409151815722
492,LOAD,88511679,5648.972041305419
493,LOAD,79959759,6253.145410305701
494,LOAD,90783405,5507.6145249233605
495,LOAD,87724934,5699.633812206687
496,LOAD,92641719,5397.136467210847
497,LOAD,93842196,5328.093558253901
498,LOAD,82150260,6086.408004064747
499,LOAD,81306396,6149.577703579433
500,LOAD,84507159,5916.658492802959
501,LOAD,90390056,5531.581925339221
502,LOAD,87547453,5711.188422580381
503,LOAD,91794609,5446.942968077788
504,LOAD,79850529,6261.699280664753
505,LOAD,89117970,5610.540724839221
506,LOAD,81794101,6112.9102696537975
507,LOAD,82669491,6048.180458737795
508,LOAD,81550136,6131.197623018065
509,LOAD,84376242,5925.838697580298
510,LOAD,88079834,5676.668282549215
511,LOAD,75562097,6617.07416616561
512,LOAD,79174181,6315.190049139883
513,LOAD,91474906,5465.979926779045
514,LOAD,82403507,6067.702919488609
515,LOAD,84776099,5897.888743382731
516,LOAD,87732439,5699.146241676924
517,LOAD,85027311,5880.46351365857
518,LOAD,92268083,5418.991960632801
519,LOAD,82740158,6043.014807876001
520,LOAD,88881311,5625.479579165973
521,LOAD,85265185,5864.058114692415
522,LOAD,85451889,5851.245722607724
523,LOAD,85532939,5845.701151459322
524,LOAD,85679175,5835.7237916915055
525,LOAD,80711224,6194.9252559966135
526,LOAD,89511690,5585.862583982047
527,LOAD,82401200,6067.872797968962
528,LOAD,84028561,5950.357759904992
529,LOAD,82713687,6044.948764041917
530,LOAD,91656700,5455.138576885269
531,LOAD,84808501,5895.635391551137
532,LOAD,88559052,5645.9502299098685
533,LOAD,81729075,6117.773876677303
534,LOAD,87003925,5746.867167199641
535,LOAD,84565013,5912.610691610726
536,LOAD,89002526,5617.818083050811
537,LOAD,84748397,5899.816606560711
538,LOAD,82035223,6094.942900319781
539,LOAD,79733476,6270.891789541446
540,LOAD,88601240,5643.261877599004
541,LOAD,87281503,5728.590627042708
542,LOAD,86571616,5775.565053562128
543,LOAD,90846111,5503.812926015072
544,LOAD,81709726,6119.222575780024
545,LOAD,83863568,5962.064480728986
546,LOAD,86070991,5809.158163404904
547,LOAD,86355732,5790.003609719851
548,LOAD,81883295,6106.25158648049
549,LOAD,77984825,6411.503776536012
550,LOAD,82883210,6032.584886613345
551,LOAD,80632325,6200.987011102557
552,LOAD,85785336,5828.501971479135
553,LOAD,90494674,5525.187040289244
554,LOAD,81411924,6141.606480151482
555,LOAD,82998654,6024.194079099162
556,LOAD,89158964,5607.961079493924
557,LOAD,82393686,6068.426165568076
558,LOAD,87180317,5735.239526600942
559,LOAD,81644160,6124.136741684892
560,LOAD,86076006,5808.819707550093
561,LOAD,89377302,5594.261505007166
562,LOAD,92785469,5388.774830679576
563,LOAD,90269288,5538.9824277776515
564,LOAD,89008682,5617.429544681945
565,LOAD,84889586,5890.003987061498
566,LOAD,86073920,5808.960484197769
567,LOAD,79115621,6319.864442446833
568,LOAD,89426912,5591.1580621278745
569,LOAD,87260989,5729.93734920882
570,LOAD,80712887,6194.797616395508
571,LOAD,86243806,5797.517795075046
572,LOAD,93444842,5350.750124870456
573,LOAD,84620870,5908.707863674766
574,LOAD,98962132,5052.437633417195
575,LOAD,89072678,5613.39359303871
576,LOAD,83898185,5959.6044896561225
577,LOAD,77658558,6438.440435631061
578,LOAD,92245313,5420.329594415274
579,LOAD,83861280,5962.227144636953
580,LOAD,90021501,5554.2286503309915
581,LOAD,83940188,5956.62235114365
582,LOAD,80995537,6173.179640749835
583,LOAD,85579083,5842.5491658984
584,LOAD,86444116,5784.083673202234
585,LOAD,76926297,6499.727914889755
586,LOAD,90488913,5525.538802748133
587,LOAD,78262418,6388.762483673837
588,LOAD,92186073,5423.812770503848
589,LOAD,85323616,5860.0423123183145
590,LOAD,89857331,5564.376266639836
591,LOAD,81371994,6144.620224004834
592,LOAD,89537519,5584.251223221854
593,LOAD,82113049,6089.166168948373
594,LOAD,82426366,6066.02018582258
595,LOAD,85885532,5821.702309534509
596,LOAD,81128563,6163.057516500076
597,LOAD,85613516,5840.1993442250405
598,LOAD,92586686,5400.344494455714
599,LOAD,85224706,5866.84335408561
600,LOAD,85381716,5856.054708481146
601,LOAD,87592169,5708.272847998546
602,LOAD,87348499,5724.1968176236205
603,LOAD,76412001,6543.4747612485635
604,LOAD,81361527,6145.410717279187
605,LOAD,82779884,6040.114769911976
606,LOAD,79354722,6300.822274949183
607,LOAD,88513165,5648.877203747035
608,LOAD,78254370,6389.41953018087
609,LOAD,87632175,5705.666896890326
610,LOAD,77977977,6412.066832664817
611,LOAD,81584915,6128.583942264327
612,LOAD,84005686,5951.978060151785
613,LOAD,88792225,5631.123671019619
614,LOAD,82128242,6088.039726943139
615,LOAD,77754897,6430.4631514076855
616,LOAD,85669043,5836.413977450408
617,LOAD,76956270,6497.1963947836875
618,LOAD,81812087,6111.566375271664
619,LOAD,81282648,6151.374399121446
620,LOAD,85722444,5832.77816950716
621,LOAD,82281266,6076.7173903230905
622,LOAD,85686198,5835.245484926289
623,LOAD,77343429,6464.673294999631
624,LOAD,84381089,5925.49830685404
625,LOAD,83940264,5956.616957983358
626,LOAD,89315268,5598.147004384514
627,LOAD,85025629,5880.579842578995
628,LOAD,85413272,5853.8911844988215
629,LOAD,82082623,6091.423272377639
630,LOAD,80629474,6201.206273527221
631,LOAD,78526017,6367.316452584117
632,LOAD,89716033,5573.139864532352
633,LOAD,85386174,5855.748964697727
634,LOAD,84267752,5933.467882233289
635,LOAD,85688573,5835.083751482242
636,LOAD,82842267,6035.566361311672
637,LOAD,82817871,6037.344282854119
638,LOAD,81884278,6106.178282478109
639,LOAD,86907333,5753.254446319277
640,LOAD,88354340,5659.031576717114
641,LOAD,90586009,5519.616169424133
642,LOAD,91621519,5457.23325106627
643,LOAD,86097483,5807.370698630064
644,LOAD,80153676,6238.017081088084
645,LOAD,84608130,5909.597576497672
646,LOAD,83553871,5984.163199332799
647,LOAD,85025068,5880.618642963038
648,LOAD,86279840,5795.09651385538
649,LOAD,92136084,5426.755493537146
650,LOAD,86574223,5775.391134610587
651,LOAD,86426892,5785.236382213073
652,LOAD,81790689,6113.165277284802
653,LOAD,89178334,5606.743001052251
654,LOAD,87651043,5704.438679640127
655,LOAD,82045765,6094.159765589364
656,LOAD,85788027,5828.319142949866
657,LOAD,84615355,5909.092977273451
658,LOAD,90290033,5537.709793505115
659,LOAD,81254566,6153.500346060552
660,LOAD,83142834,6013.747378397037
661,LOAD,86090611,5807.834259649986
662,LOAD,86077825,5808.696955342447
663,LOAD,80970407,6175.095550649758
664,LOAD,90412351,5530.2178791921915
665,LOAD,76940812,6498.501731434808
666,LOAD,77623090,6441.382325800222
667,LOAD,94349428,5299.449192209199
668,LOAD,88534178,5647.536480205418
669,LOAD,86028190,5812.048352987549
670,LOAD,84888949,5890.048185188392
671,LOAD,77812977,6425.663421154031
672,LOAD,94439542,5294.392469628877
673,LOAD,82201800,6082.591865384943
674,LOAD,96557136,5178.281178513828
675,LOAD,91925262,5439.201250250448
676,LOAD,85749252,5830.954653691906
677,LOAD,81219479,6156.158672231817
678,LOAD,95590577,5230.641091328489
679,LOAD,84437268,5921.555870329675
680,LOAD,90020881,5554.26690391977
681,LOAD,84240049,5935.4191496256135
682,LOAD,82711817,6045.085431988515
683,LOAD,88065647,5677.582769590053
684,LOAD,88844586,5627.804940190728
685,LOAD,80822767,6186.375678031413
686,LOAD,85207325,5868.040101012442
687,LOAD,87279893,5728.69629892878
688,LOAD,85997019,5814.155023210747
689,LOAD,80570683,6205.731183884838
690,LOAD,84028114,5950.389413714557
691,LOAD,82449078,6064.349197452518
692,LOAD,88288193,5663.271418410387
693,LOAD,86458334,5783.1324855276525
694,LOAD,85257659,5864.575756179277
695,LOAD,92715202,5392.858875505659
696,LOAD,85180310,5869.901154386501
697,LOAD,85363896,5857.277179570155
698,LOAD,93397856,5353.4419462476735
699,LOAD,82370984,6070.098664840521
700,LOAD,83853918,5962.750601587871
701,LOAD,85341142,5858.838870471173
702,LOAD,77170295,6479.1769942048295
703,LOAD,96097397,5203.054563486251
704,LOAD,84702356,5903.023523926537
705,LOAD,85677533,5835.835632662299
706,LOAD,84035632,5949.85707967306
707,LOAD,89254842,5601.9369795086295
708,LOAD,79496795,6289.561736419689
709,LOAD,86791934,5760.904002899624
710,LOAD,86503457,5780.115816643028
711,LOAD,89297549,5599.257825094393
712,LOAD,77130182,6482.546611908681
713,LOAD,86301258,5793.658303335509
714,LOAD,88463971,5652.018492364536
715,LOAD,84790810,5896.865473982381
716,LOAD,84677332,5904.767996233042
717,LOAD,87123153,5739.002581782135
718,LOAD,83100338,6016.822699325242
719,LOAD,88085765,5676.286060522946
720,LOAD,76078364,6572.170768551227
721,LOAD,85476615,5849.553120464586
722,LOAD,84004925,5952.031979077417
723,LOAD,78960501,6332.279983887133
724,LOAD,86051312,5810.486654753155
725,LOAD,86923475,5752.186046404611
726,LOAD,94062737,5315.6012247442895
727,LOAD,88254516,5665.4324635353505
728,LOAD,88198937,5669.002564055845
729,LOAD,85504556,5847.64161572864
730,LOAD,88724088,5635.448177275151
731,LOAD,83279419,6003.884345062494
732,LOAD,87001915,5746.9999367255305
733,LOAD,83183073,6010.838286775003
734,LOAD,85985463,5814.936415472927
735,LOAD,81594136,6127.89134748605
736,LOAD,85325794,5859.892730678837
737,LOAD,83757965,5969.581519799341
738,LOAD,83478228,5989.5856917327
739,LOAD,94121081,5312.306177188934
740,LOAD,85921673,5819.253542700454
741,LOAD,94793404,5274.628601795965
742,LOAD,84317355,5929.977286408
743,LOAD,92445175,5408.61110382451
744,LOAD,87861618,5690.767042327857
745,LOAD,84683970,5904.305147715677
746,LOAD,84140356,5942.45168156883
747,LOAD,85857025,5823.635282028466
748,LOAD,89779881,5569.176461706382
749,LOAD,85311696,5860.861094591297
750,LOAD,91404597,5470.184393461086
751,LOAD,87315646,5726.350578680939
752,LOAD,90365183,5533.104492246754
753,LOAD,77838422,6423.5629031636845
754,LOAD,91147263,5485.628240970878
755,LOAD,83376692,5996.879799452826
756,LOAD,85112717,5874.562787133208
757,LOAD,88647363,5640.325702638216
758,LOAD,99944911,5002.755968235341
759,LOAD,84413686,5923.210129693898
760,LOAD,89083694,5612.699446432924
761,LOAD,90412960,5530.180628971776
762,LOAD,85979436,5815.344031798487
763,LOAD,90544585,5522.1413848216325
764,LOAD,84580283,5911.54323756519
765,LOAD,89481932,5587.720211494762
766,LOAD,87710030,5700.602314239318
767,LOAD,90676043,5514.1356355834805
768,LOAD,88527965,5647.932831168095
769,LOAD,89982580,5556.631072369785
770,LOAD,94103241,5313.313278976226
771,LOAD,88841438,5628.004355354987
772,LOAD,86041804,5811.128739234709
773,LOAD,90461020,5527.24256259768
774,LOAD,87858394,5690.975867371306
775,LOAD,91615181,5457.610786142528
776,LOAD,86867692,5755.879873037262
777,LOAD,88454533,5652.6215564328395
778,LOAD,89111882,5610.924029188386
779,LOAD,89611079,5579.667219496375
780,LOAD,85220788,5867.1130804376035
781,LOAD,80230904,6232.01254219945
782,LOAD,88118967,5674.147314958878
783,LOAD,91618741,5457.398721512665
784,LOAD,85315328,5860.611589045288
785,LOAD,81529995,6132.712261297207
786,LOAD,86374732,5788.729972557252
787,LOAD,86947550,5750.593317465529
788,LOAD,82525914,6058.702966925031
789,LOAD,85760919,5830.161404870207
790,LOAD,83559530,5983.7579268337195
791,LOAD,89560148,5582.840260603411
792,LOAD,86080056,5808.546407079475
793,LOAD,89879665,5562.993587036623
794,LOAD,84491439,5917.759312869555
795,LOAD,91043312,5491.891595507862
796,LOAD,90554931,5521.51047412316
797,LOAD,92045277,5432.109243367261
798,LOAD,89123713,5610.179189908751
799,LOAD,87509118,5713.690315105222
800,LOAD,93270909,5360.728284528673
801,LOAD,82276521,6077.067842963365
802,LOAD,84353232,5927.455156667856
803,LOAD,82487790,6061.503163074196
804,LOAD,90657567,5515.2594156867235
805,LOAD,93003154,5376.161758987228
806,LOAD,92539949,5403.071920863064
807,LOAD,83263061,6005.063878206447
808,LOAD,91027002,5492.875619478273
809,LOAD,95682118,5225.636832161262
810,LOAD,91245488,5479.723008331108
811,LOAD,90333054,5535.072466386446
812,LOAD,87763628,5697.120907535864
813,LOAD,83641990,5977.858728612267
814,LOAD,84332881,5928.885555326872
815,LOAD,84150981,5941.701380759899
816,LOAD,92329951,5415.360829120336
817,LOAD,89324308,5597.580448090345
818,LOAD,87140595,5737.853867075385
819,LOAD,79440222,6294.040819775151
820,LOAD,84827357,5894.324869746914
821,LOAD,85412521,5853.942655550467
822,LOAD,88873240,5625.990455619712
823,LOAD,88531728,5647.692768405018
824,LOAD,85341326,5858.826238533018
825,LOAD,84101774,5945.177803264887
826,LOAD,91474466,5466.006218609683
827,LOAD,93221377,5363.576639722883
828,LOAD,91937569,5438.473144748911
829,LOAD,87487295,5715.115549063438
830,LOAD,85613518,5840.19920779333
831,LOAD,85352106,5858.086266787605
832,LOAD,94530010,5289.325580310422
833,LOAD,86128308,5805.292262330289
834,LOAD,93490198,5348.154252491796
835,LOAD,92523070,5404.057604227789
836,LOAD,90463587,5527.08572124163
837,LOAD,88140277,5672.775455425446
838,LOAD,88135629,5673.074620026823
839,LOAD,85658782,5837.113117018171
840,LOAD,88654590,5639.865911059992
841,LOAD,83784202,5967.712146974915
842,LOAD,82794858,6039.022375036865
843,LOAD,87463439,5716.674369504268
844,LOAD,90813653,5505.780061506831
845,LOAD,88038001,5679.365663925059
846,LOAD,91655655,5455.200772936487
847,LOAD,95390471,5241.613703741959
848,LOAD,87551998,5710.891943322642
849,LOAD,88074957,5676.9826183395135
850,LOAD,95863596,5215.744253950164
851,LOAD,94959555,5265.399569321908
852,LOAD,82173483,6084.68792785624
853,LOAD,91803986,5446.386608964887
854,LOAD,92020388,5433.578480455874
855,LOAD,87483271,5715.37842932279
856,LOAD,84234393,5935.817689099986
857,LOAD,87224507,5732.333918493801
858,LOAD,87589742,5708.4310169563005
859,LOAD,89557923,5582.978962118182
860,LOAD,89373532,5594.497485004845
861,LOAD,89367177,5594.895315983854
862,LOAD,87378657,5722.221159796493
863,LOAD,84588362,5910.978628478466
864,LOAD,84999074,5882.4170249195895
865,LOAD,89249026,5602.302035206524
866,LOAD,89934991,5559.571357493103
867,LOAD,90017599,5554.469409920609
868,LOAD,93010836,5375.717728201045
869,LOAD,84378196,5925.701469133091
870,LOAD,84780921,5897.553295039104
871,LOAD,85590100,5841.797123732767
872,LOAD,90435732,5528.78811220326
873,LOAD,86983986,5748.184499155971
874,LOAD,81851524,6108.621752723871
875,LOAD,83297369,6002.590550008848
876,LOAD,81888462,6105.866294081821
877,LOAD,88719009,5635.7707963126595
878,LOAD,88820527,5629.329355363991
879,LOAD,88493239,5650.149159982719
880,LOAD,89619746,5579.1276177015725
881,LOAD,92997376,5376.495784139113
882,LOAD,86214378,5799.4966918394975
883,LOAD,86945830,5750.707078188799
884,LOAD,91273627,5478.0336493037585
885,LOAD,94961328,5265.301260319358
886,LOAD,93036677,5374.224618963982
887,LOAD,93420247,5352.158831264918
888,LOAD,87700163,5701.243679558497
889,LOAD,89535359,5584.385940754423
890,LOAD,89071983,5613.4373925412665
891,LOAD,90043207,5552.889736590568
892,LOAD,90855468,5503.246100719001
893,LOAD,85541648,5845.106000295902
894,LOAD,93731559,5334.382627733738
895,LOAD,91747719,5449.7267665041345
896,LOAD,89192577,5605.847670484955
897,LOAD,81245335,6154.199499577422
898,LOAD,88577914,5644.747967309322
899,LOAD,84794003,5896.643421823122
900,LOAD,87345080,5724.420883236927
901,LOAD,89037511,5615.610705919216
902,LOAD,91382913,5471.482398465455
903,LOAD,90182410,5544.318454119822
904,LOAD,91238577,5480.138077997424
905,LOAD,88352744,5659.133801209389
906,LOAD,89105578,5611.320988232634
907,LOAD,86436986,5784.560789752664
908,LOAD,87684037,5702.292197153286
909,LOAD,82263214,6078.05087702992
910,LOAD,89670247,5575.985532860192
911,LOAD,77201910,6476.523702587151
912,LOAD,97483344,5129.081333114712
913,LOAD,84672259,5905.12177075611
914,LOAD,84957284,5885.3105520652
915,LOAD,85721020,5832.875063782489
916,LOAD,85942714,5817.828838870506
917,LOAD,89622498,5578.956301798238
918,LOAD,87663146,5703.651110125571
919,LOAD,78138387,6398.9035248449645
920,LOAD,87290396,5728.007007781245
921,LOAD,77107128,6484.484806644594
922,LOAD,87724999,5699.629589052489
923,LOAD,88374094,5657.766630116739
924,LOAD,87936403,5685.9273627555585
925,LOAD,80165238,6237.117389958975
926,LOAD,88643175,5640.592183210947
927,LOAD,90119688,5548.177219610437
928,LOAD,85399987,5854.80182801433
929,LOAD,92835323,5385.880975498949
930,LOAD,89880004,5562.972605119155
931,LOAD,85872361,5822.595235270171
932,LOAD,85699371,5834.348539150888
933,LOAD,85510299,5847.248879342592
934,LOAD,81079950,6166.752692866732
935,LOAD,87245588,5730.948824598443
936,LOAD,89963963,5557.780952802179
937,LOAD,79072213,6323.333836628552
938,LOAD,88917721,5623.1760595843425
939,LOAD,87105882,5740.14048787199
940,LOAD,84284133,5932.314686086882
941,LOAD,96058091,5205.183600827545
942,LOAD,86914189,5752.800615788982
943,LOAD,88090912,5675.954404922042
944,LOAD,83475755,5989.763135415786
945,LOAD,89592175,5580.844532460564
946,LOAD,87813882,5693.860567512548
947,LOAD,83834392,5964.139395201912
948,LOAD,89778423,5569.266905033518
949,LOAD,83392053,5995.7751609736715
950,LOAD,85204457,5868.237620480346
951,LOAD,87283358,5728.468879485595
952,LOAD,87576220,5709.312413803656
953,LOAD,91351116,5473.386882323364
954,LOAD,89130277,5609.766028215081
955,LOAD,89406736,5592.419792620547
956,LOAD,94574870,5286.8166776227135
957,LOAD,86327292,5791.911091106622
958,LOAD,87252830,5730.473154853545
959,LOAD,87302575,5727.207931724809
960,LOAD,83252665,6005.813747824169
961,LOAD,85183087,5869.709793447612
962,LOAD,85547558,5844.702194772176
963,LOAD,95699409,5224.692662417591
964,LOAD,81482219,6136.308094407689
965,LOAD,80283937,6227.895874114893
966,LOAD,94386391,5297.373855516946
967,LOAD,85691165,5834.907250940047
968,LOAD,80420973,6217.283643161095
969,LOAD,93578237,5343.12267498692
970,LOAD,84849063,5892.816989623091
971,LOAD,82279582,6076.841761301122
972,LOAD,94815028,5273.425643032031
973,LOAD,80223978,6232.55057234883
974,LOAD,85633363,5838.84577790084
975,LOAD,90427506,5529.291054427621
976,LOAD,89751352,5570.9467195547095
977,LOAD,90386225,5531.816380206165
978,LOAD,91559737,5460.9156424291605
979,LOAD,92219437,5421.8504934052025
980,LOAD,86081239,5808.466581202439
981,LOAD,82977215,6025.75056297081
982,LOAD,91251611,5479.355317902278
983,LOAD,91904759,5440.414679722951
984,LOAD,80112738,6241.204738252735
985,LOAD,88384657,5657.090460847747
986,LOAD,91259836,5478.861478558871
987,LOAD,90121571,5548.061296002042
988,LOAD,88059797,5677.959943514292
989,LOAD,85773790,5829.286545458701
990,LOAD,85554321,5844.240175782588
991,LOAD,88218199,5667.7647658619735
992,LOAD,88935972,5622.022099224373
993,LOAD,92754828,5390.554980059906
994,LOAD,90942443,5497.982938505402
995,LOAD,94632644,5283.589032976824
996,LOAD,89300435,5599.076868998454
997,LOAD,94477067,5292.289609286876
998,LOAD,90088924,5550.071837909841
999,LOAD,86780915,5761.6354932418035
1000,LOAD,94917395,5267.73833184107
1001,LOAD,88567907,5645.38574903887
1002,LOAD,88870313,5626.175751175761
1003,LOAD,86782674,5761.51871052049
1004,LOAD,85728750,5832.349124418588
1005,LOAD,99630800,5018.528406878195
1006,LOAD,92580927,5400.680423085416
1007,LOAD,90532182,5522.897923746055
1008,LOAD,92512316,5404.685793402902
1009,LOAD,90908541,5500.033269701248
1010,LOAD,89553791,5583.2365600245785
1011,LOAD,86559770,5776.355459354848
1012,LOAD,89576163,5581.84212467328
1013,LOAD,86597015,5773.8710739625385
1014,LOAD,87567278,5709.8954246356725
1015,LOAD,87119456,5739.246122014352
1016,LOAD,101890618,4907.22315571783
1017,LOAD,89574388,5581.952734078406
1018,LOAD,88300926,5662.454774256841
1019,LOAD,83011381,6023.270471792296
1020,LOAD,88670577,5638.849062637768
1021,LOAD,83888059,5960.323864448932
1022,LOAD,89132966,5609.596790484904
1023,LOAD,85578058,5842.619144267097
1024,LOAD,93493674,5347.95541353953
1025,LOAD,82767171,6041.0425288065
1026,LOAD,91254323,5479.192476174526
1027,LOAD,90463460,5527.093480616372
1028,LOAD,87598543,5707.857492561263
1029,LOAD,84972337,5884.267958877017
1030,LOAD,90030264,5553.688035392188
1031,LOAD,81963385,6100.28490160576
1032,LOAD,83783173,5967.785440639733
1033,LOAD,84918460,5888.001266155793
1034,LOAD,91867312,5442.632304295569
1035,LOAD,85801297,5827.417737053555
1036,LOAD,90534393,5522.763045420761
1037,LOAD,86333110,5791.520773432117
1038,LOAD,90713551,5511.855665312893
1039,LOAD,82228640,6080.606465095373
1040,LOAD,102936859,4857.346579809668
1041,LOAD,88822642,5629.195312609594
1042,LOAD,96958719,5156.833806766775
1043,LOAD,82695015,6046.313674409515
1044,LOAD,90203947,5542.994698447065
1045,LOAD,85247905,5865.246776445709
1046,LOAD,83490113,5988.733061123058
1047,LOAD,88062165,5677.807262630892
1048,LOAD,90543243,5522.223232052777
1049,LOAD,91452185,5467.33793183837
1050,LOAD,88977590,5619.392478488123
1051,LOAD,86245028,5797.435650435408
1052,LOAD,88417682,5654.977473849631
1053,LOAD,86239467,5797.809487853166
1054,LOAD,89269254,5601.032579481397
1055,LOAD,82315320,6074.20344110914
1056,LOAD,94289200,5302.834258854673
1057,LOAD,93607016,5341.47995915178
1058,LOAD,89736825,5571.84856941395
1059,LOAD,91366189,5472.483918531395
1060,LOAD,92032137,5432.884819353918
1061,LOAD,86663604,5769.434652175324
1062,LOAD,89881728,5562.86590306764
1063,LOAD,87216241,5732.8772057488695
1064,LOAD,88617095,5642.252208786578
1065,LOAD,88109546,5674.754015870199
1066,LOAD,90305415,5536.766538307808
1067,LOAD,86574979,5775.340702075135
1068,LOAD,88857476,5626.9885496184925
1069,LOAD,90326125,5535.497066878492
1070,LOAD,84089334,5946.057320420685
1071,LOAD,87965103,5684.072239419762
1072,LOAD,90209845,5542.632292517518
1073,LOAD,86479708,5781.703148211371
1074,LOAD,86125226,5805.500005306227
1075,LOAD,90019632,5554.343967991338
1076,LOAD,92093094,5429.28875861202
1077,LOAD,91745011,5449.887623862184
1078,LOAD,93363117,5355.433880811842
1079,LOAD,89989525,5556.202235760218
1080,LOAD,93848538,5327.733501826102
1081,LOAD,92138989,5426.584396318914
1082,LOAD,93264938,5361.071488623088
1083,LOAD,89313889,5598.2334393702195
1084,LOAD,95002172,5263.037565077985
1085,LOAD,86648970,5770.409042369459
1086,LOAD,88882352,5625.413692922977
1087,LOAD,88903569,5624.071177614928
1088,LOAD,82754363,6041.977508787059
1089,LOAD,104667377,4777.037643734971
1090,LOAD,93708189,5335.712975949199
1091,LOAD,89510956,5585.908388689313
1092,LOAD,88088392,5676.11678051746
1093,LOAD,91352555,5473.300664661213
1094,LOAD,85980930,5815.242984694397
1095,LOAD,89557959,5582.976717903989
1096,LOAD,93562231,5344.0367406373625
1097,LOAD,80807202,6187.5672913411845
1098,LOAD,88419353,5654.870602819272
1099,LOAD,88694101,5637.353492088499
1100,LOAD,86012016,5813.141270866154
1101,LOAD,90484621,5525.8008982543015
1102,LOAD,87662794,5703.674012489267
1103,LOAD,82919348,6029.955758938191
1104,LOAD,88322653,5661.061834272574
1105,LOAD,93331191,5357.265825526645
1106,LOAD,89268137,5601.102664436697
1107,LOAD,83344561,5999.191716901598
1108,LOAD,86011314,5813.188716079841
1109,LOAD,88168666,5670.9489060433325
1110,LOAD,83703351,5973.476497971987
1111,LOAD,90486324,5525.696899787862
1112,LOAD,83340157,5999.508736226642
1113,LOAD,90236682,5540.983876158036
1114,LOAD,82523759,6058.861182026379
1115,LOAD,84847002,5892.960130753942
1116,LOAD,82645447,6049.9400529589975
1117,LOAD,89373944,5594.471695240394
1118,LOAD,80605658,6203.038501341928
1119,LOAD,105039826,4760.099278915409
1120,LOAD,79441364,6293.950340530407
1121,LOAD,92416523,5410.287941691985
1122,LOAD,82242982,6079.54609427951
1123,LOAD,87697270,5701.431754945165
1124,LOAD,95642627,5227.794506313591
1125,LOAD,94545733,5288.445962971169
1126,LOAD,86577267,5775.188075641149
1127,LOAD,87364724,5723.133744461896
1128,LOAD,89060080,5614.1876360317665
1129,LOAD,91473247,5466.079060252447
1130,LOAD,85623333,5839.529745939696
1131,LOAD,91042304,5491.952400501639
1132,LOAD,86522565,5778.839312033803
1133,LOAD,85980970,5815.240279331578
1134,LOAD,84906068,5888.860617123384
1135,LOAD,90145936,5546.5617440590995
1136,LOAD,95564822,5232.050764453891
1137,LOAD,85456437,5850.934318733649
1138,LOAD,83889232,5960.240522883795
1139,LOAD,97126921,5147.90332950017
1140,LOAD,86370205,5789.033382518891
1141,LOAD,90131556,5547.446667846276
1142,LOAD,87638275,5705.269757991015
1143,LOAD,91698497,5452.65207563871
1144,LOAD,86930962,5751.690634690089
1145,LOAD,89052296,5614.678368315175
1146,LOAD,89898516,5561.827071761674
1147,LOAD,87535032,5711.998825795826
1148,LOAD,95286500,5247.333042980905
1149,LOAD,86216933,5799.324826365605
1150,LOAD,88149076,5672.209201602976
1151,LOAD,87576249,5709.310523221884
1152,LOAD,86674820,5768.688068807066
1153,LOAD,95176795,5253.381352040695
1154,LOAD,89064247,5613.924968118801
1155,LOAD,92539824,5403.079219169467
1156,LOAD,87210114,5733.279972549973
1157,LOAD,77721020,6433.266058525737
1158,LOAD,92863024,5384.274369527316
1159,LOAD,90696691,5512.880287991984
1160,LOAD,89116446,5610.636671933708
1161,LOAD,92301880,5417.00775758847
1162,LOAD,88288255,5663.267441405428
1163,LOAD,88063588,5677.71551620177
1164,LOAD,88130129,5673.428663652586
1165,LOAD,90926578,5498.942234469661
1166,LOAD,90990077,5495.104702461127
1167,LOAD,97270327,5140.313756732821
1168,LOAD,89670734,5575.955249791978
1169,LOAD,90864681,5502.688112667231
1170,LOAD,94005375,5318.844800097867
1171,LOAD,89445622,5589.988518387183
1172,LOAD,95079755,5258.7430415654735
1173,LOAD,87934803,5686.030819901877
1174,LOAD,86453274,5783.470964905274
1175,LOAD,93737780,5334.028606182053
1176,LOAD,91795435,5446.893955020748
1177,LOAD,90234015,5541.1476481457685
1178,LOAD,94710474,5279.247150637215
1179,LOAD,83718347,5972.406502483858
1180,LOAD,91574348,5460.044334686391
1181,LOAD,83039933,6021.199463154673
1182,LOAD,92730982,5391.941174525684
1183,LOAD,87607840,5707.25177107437
1184,LOAD,87189657,5734.625151696606
1185,LOAD,89109616,5611.0667113636755
1186,LOAD,100595129,4970.419591588774
1187,LOAD,88913903,5623.417521104658
1188,LOAD,92565166,5401.59999280939
1189,LOAD,93112556,5369.84507223709
1190,LOAD,92758761,5390.326418870558
1191,LOAD,86097708,5807.35552217023
1192,LOAD,89017408,5616.878891823047
1193,LOAD,92551707,5402.385501112367
1194,LOAD,84322340,5929.626715767139
1195,LOAD,86898208,5753.858583597029
1196,LOAD,85660011,5837.029369515257
1197,LOAD,88724913,5635.395776606735
1198,LOAD,86449306,5783.736424674133
1199,LOAD,92196324,5423.209714955664
1200,LOAD,84894770,5889.644320845678
1201,LOAD,92845771,5385.27489851961
1202,LOAD,83030165,6021.907821091287
1203,LOAD,86036465,5811.489349312526
1204,LOAD,82798945,6038.724285677794
1205,LOAD,87104876,5740.206782453832
1206,LOAD,84908008,5888.726066921744
1207,LOAD,85932955,5818.489542225099
1208,LOAD,85975551,5815.606811289875
1209,LOAD,85700578,5834.266368658564
1210,LOAD,82987036,6025.037452837814
1211,LOAD,84865617,5891.6675289122095
1212,LOAD,84519407,5915.801089328514
1213,LOAD,84622713,5908.579177791192
1214,LOAD,86140756,5804.4533530678555
1215,LOAD,84161860,5940.933339638645
1216,LOAD,82535262,6058.016754099599
1217,LOAD,88976441,5619.465044685256
1218,LOAD,86749574,5763.717064478034
1219,LOAD,87655395,5704.155460140246
1220,LOAD,96160447,5199.643050744138
1221,LOAD,81623713,6125.6708574382055
1222,LOAD,84225897,5936.4164444576945
1223,LOAD,87719972,5699.956219776267
1224,LOAD,88281620,5663.693076769548
1225,LOAD,85463497,5850.450982599039
1226,LOAD,90530882,5522.977231128711
1227,LOAD,85889870,5821.408275504434
1228,LOAD,85773880,5829.280428960425
1229,LOAD,87799378,5694.801163625555
1230,LOAD,79942184,6254.520141706411
1231,LOAD,81870198,6107.228420285486
1232,LOAD,85066440,5877.758608447703
1233,LOAD,89730172,5572.261691418579
1234,LOAD,85928242,5818.808675266509
1235,LOAD,88606408,5642.932732359493
1236,LOAD,87834721,5692.509685321366
1237,LOAD,92202210,5422.863508369268
1238,LOAD,93016296,5375.402176840066
1239,LOAD,90560033,5521.199401506402
1240,LOAD,89643399,5577.655528211285
1241,LOAD,87017577,5745.965553603038
1242,LOAD,87671250,5703.123886108616
1243,LOAD,88812594,5629.832183485149
1244,LOAD,81199045,6157.707889298452
1245,LOAD,92971337,5378.001609248666
1246,LOAD,89291088,5599.662980923696
1247,LOAD,87858602,5690.962394325374
1248,LOAD,86895629,5754.029353996621
1249,LOAD,86668693,5769.095883331251
1250,LOAD,87526631,5712.547076100758
1251,LOAD,95372375,5242.608250030473
1252,LOAD,92261667,5419.368804597905
1253,LOAD,90137511,5547.080171761122
1254,LOAD,90904334,5500.287808059845
1255,LOAD,88381149,5657.315000509894
1256,LOAD,91390358,5471.036671067642
1257,LOAD,90365812,5533.065978536219
1258,LOAD,82105036,6089.760438080802
1259,LOAD,93915653,5323.926140406009
1260,LOAD,93348313,5356.283192819992
1261,LOAD,86431584,5784.922326542112
1262,LOAD,85886200,5821.6570298837305
1263,LOAD,85404300,5854.506154842321
1264,LOAD,84261895,5933.8803144648
1265,LOAD,94766169,5276.144485697211
1266,LOAD,88855145,5627.136166397568
1267,LOAD,87253503,5730.428954812279
1268,LOAD,88385914,5657.01000727333
1269,LOAD,89269219,5601.034775491875
1270,LOAD,88588359,5644.082423967239
1271,LOAD,89296767,5599.306859564132
1272,LOAD,86565347,5775.983315818049
1273,LOAD,91205933,5482.09950332946
1274,LOAD,87657073,5704.046266751344
1275,LOAD,89959636,5558.048278452349
1276,LOAD,86235452,5798.079425617205
1277,LOAD,84390955,5924.805567136905
1278,LOAD,86934521,5751.455167044632
1279,LOAD,93002110,5376.222109369347
1280,LOAD,93936328,5322.75436612766
1281,LOAD,84441416,5921.264986840107
1282,LOAD,92852960,5384.857951755119
1283,LOAD,85883498,5821.840186341735
1284,LOAD,86613314,5772.784539799505
1285,LOAD,90230793,5541.345513831404
1286,LOAD,84746141,5899.9736636975595
1287,LOAD,85274555,5863.413769793346
1288,LOAD,86858188,5756.509679893391
1289,LOAD,90666614,5514.709085750131
1290,LOAD,95731288,5222.9528135044
1291,LOAD,89237263,5603.04051458862
1292,LOAD,88606460,5642.929420721694
1293,LOAD,92563875,5401.675329603477
1294,LOAD,87866611,5690.443665797012
1295,LOAD,81103590,6164.955213449861
1296,LOAD,85209854,5867.865939542626
1297,LOAD,84828354,5894.255592888199
1298,LOAD,88928957,5622.465582273724
1299,LOAD,84307286,5930.685516314687
1300,LOAD,88063842,5677.699140130634
1301,LOAD,84762289,5898.849664147225
1302,LOAD,87578470,5709.165734455055
1303,LOAD,86948490,5750.531147809468
1304,LOAD,91488363,5465.175937184492
1305,LOAD,84284259,5932.30581762604
1306,LOAD,90613907,5517.916802770683
1307,LOAD,93023807,5374.968151969957
1308,LOAD,94820765,5273.106581664892
1309,LOAD,87893362,5688.711736843107
1310,LOAD,84663669,5905.720906094915
1311,LOAD,81110173,6164.454858208723
1312,LOAD,90274082,5538.688280430257
1313,LOAD,88384719,5657.086492519143
1314,LOAD,86373781,5788.793708127701
1315,LOAD,89221579,5604.025456666711
1316,LOAD,96365153,5188.597583609918
1317,LOAD,82448811,6064.368836076969
1318,LOAD,94110788,5312.887189936185
1319,LOAD,89995896,5555.808900441416
1320,LOAD,93030533,5374.579547985606
1321,LOAD,87798553,5694.854674882854
1322,LOAD,90008793,5555.012830801987
1323,LOAD,88870910,5626.137956728473
1324,LOAD,91335717,5474.309683253486
1325,LOAD,91250980,5479.393207612674
1326,LOAD,87070930,5742.444694228028
1327,LOAD,92660691,5396.031419623236
1328,LOAD,92614801,5398.705116258901
1329,LOAD,86048227,5810.694972250852
1330,LOAD,87061557,5743.062922708814
1331,LOAD,91512788,5463.717267580133
1332,LOAD,91561322,5460.821109594726
1333,LOAD,89343818,5596.358105045388
1334,LOAD,86778615,5761.788200929457
1335,LOAD,85406895,5854.328271739652
1336,LOAD,92147749,5426.068519590207
1337,LOAD,81731202,6117.614665694015
1338,LOAD,98856467,5057.838047155782
1339,LOAD,89756640,5570.61850800119
1340,LOAD,90287183,5537.884596532378
1341,LOAD,92072945,5430.4768898181765
1342,LOAD,85266037,5863.999519527335
1343,LOAD,95032305,5261.368752446865
1344,LOAD,86340657,5791.014539071668
1345,LOAD,83114269,6015.814203936511
1346,LOAD,88359584,5658.695722243328
1347,LOAD,80557752,6206.72731781294
1348,LOAD,93313378,5358.288497497111
1349,LOAD,92780574,5389.059136452422
1350,LOAD,87739443,5698.691294404502
1351,LOAD,85635808,5838.679072193725
1352,LOAD,89746849,5571.226238817589
1353,LOAD,92130879,5427.062081975795
1354,LOAD,91073232,5490.087361783757
1355,LOAD,88610816,5642.652021170869
1356,LOAD,90928003,5498.856056478003
1357,LOAD,91999168,5434.831758478511
1358,LOAD,85909162,5820.101003895254
1359,LOAD,91342051,5473.930074112305
1360,LOAD,88734188,5634.806733116214
1361,LOAD,90095104,5549.691135269681
1362,LOAD,87191624,5734.495781383772
1363,LOAD,85620417,5839.728624540569
1364,LOAD,89442657,5590.173825001643
1365,LOAD,93791902,5330.950640066986
1366,LOAD,88027381,5680.050846906373
1367,LOAD,90942577,5497.974837462545
1368,LOAD,95348491,5243.921479575382
1369,LOAD,89113832,5610.80125024811
1370,LOAD,89241551,5602.771292040856
1371,LOAD,89069155,5613.61562260246
1372,LOAD,92480802,5406.5275082713915
1373,LOAD,95585416,5230.923512432064
1374,LOAD,91052885,5491.314196139969
1375,LOAD,90816257,5505.622192731418
1376,LOAD,93355175,5355.8894833628665
1377,LOAD,90943241,5497.934695333763
1378,LOAD,91029534,5492.722834327593
1379,LOAD,95059064,5259.887684145512
1380,LOAD,93741653,5333.808227170904
1381,LOAD,100314743,4984.3122261699855
1382,LOAD,94603635,5285.209178273118
1383,LOAD,90518884,5523.7092847940985
1384,LOAD,96995481,5154.879328862754
1385,LOAD,94095501,5313.750335417206
1386,LOAD,90789726,5507.231071498112
1387,LOAD,89193629,5605.781551953672
1388,LOAD,88952635,5620.968957243369
1389,LOAD,93028842,5374.677242569567
1390,LOAD,91807333,5446.188051231158
1391,LOAD,89081613,5612.830562464108
1392,LOAD,91811623,5445.9335720489335
1393,LOAD,84139371,5942.52124846524
1394,LOAD,92861593,5384.357341360706
1395,LOAD,90049854,5552.479851882936
1396,LOAD,92631341,5397.741138174822
1397,LOAD,90644388,5516.061292178397
1398,LOAD,89906678,5561.32215228773
1399,LOAD,92287223,5417.868083429057
1400,LOAD,93068034,5372.413905294272
1401,LOAD,89790209,5568.535874551757
1402,LOAD,91717182,5451.5412390232395
1403,LOAD,90129134,5547.595741905165
1404,LOAD,89559955,5582.852291518012
1405,LOAD,96606542,5175.632929703664
1406,LOAD,84089771,5946.026419788918
1407,LOAD,91873035,5442.293269183934
1408,LOAD,90476153,5526.318078532804
1409,LOAD,85548552,5844.634284400278
1410,LOAD,89018893,5616.78519188056
1411,LOAD,89521487,5585.251281628063
1412,LOAD,89630118,5578.482000882784
1413,LOAD,91652977,5455.360167951773
1414,LOAD,94401392,5296.532068086454
1415,LOAD,88120078,5674.075776464928
1416,LOAD,81957933,6100.69070433975
1417,LOAD,91438232,5468.172219252883
1418,LOAD,87959078,5684.461585647817
1419,LOAD,85855278,5823.753782498963
1420,LOAD,85399864,5854.810260587768
1421,LOAD,87821466,5693.368862687854
1422,LOAD,92857695,5384.583367054287
1423,LOAD,91927000,5439.098415046721
1424,LOAD,82832764,6036.2587924749205
1425,LOAD,89353513,5595.750891182085
1426,LOAD,88339077,5660.009329732979
1427,LOAD,84476079,5918.8353190493135
1428,LOAD,85840525,5824.754683175574
1429,LOAD,85617628,5839.918854093926
1430,LOAD,87699016,5701.3182451214725
1431,LOAD,82776770,6040.341994499181
1432,LOAD,89553383,5583.261996925342
1433,LOAD,87011132,5746.391162914649
1434,LOAD,91908246,5440.208270322121
1435,LOAD,88538256,5647.276359272313
1436,LOAD,85043166,5879.367191009798
1437,LOAD,77227306,6474.3939145048
1438,LOAD,87963099,5684.201735548221
1439,LOAD,89666601,5576.212262133144
1440,LOAD,86819657,5759.064447812781
1441,LOAD,88800324,5630.610086512747
1442,LOAD,90169052,5545.139811384509
1443,LOAD,87130530,5738.516682958316
1444,LOAD,95492863,5235.993395653035
1445,LOAD,86522863,5778.819408692012
1446,LOAD,94231184,5306.099093480561
1447,LOAD,85442597,5851.882053631867
1448,LOAD,84763849,5898.741101291896
1449,LOAD,88861533,5626.731647764844
1450,LOAD,86714125,5766.0732896745485
1451,LOAD,90798070,5506.724977744571
1452,LOAD,88270612,5664.399381302579
1453,LOAD,85704446,5834.00305743765
1454,LOAD,89322003,5597.724896518498
1455,LOAD,86239779,5797.78851242186
1456,LOAD,89988360,5556.27416701449
1457,LOAD,88105215,5675.0329705228005
1458,LOAD,90513573,5524.033395521796
1459,LOAD,89144645,5608.861867137392
1460,LOAD,90950717,5497.482774105013
1461,LOAD,85723305,5832.719585414959
1462,LOAD,91941330,5438.250675729838
1463,LOAD,86944338,5750.805762647822
1464,LOAD,88910238,5623.649325964013
1465,LOAD,89567139,5582.404502169038
1466,LOAD,90354631,5533.750671838835
1467,LOAD,86799160,5760.424409637144
1468,LOAD,89031999,5615.958370203504
1469,LOAD,89495105,5586.8977415021745
1470,LOAD,86139751,5804.521074132197
1471,LOAD,87219265,5732.678439791943
1472,LOAD,88660419,5639.495116755538
1473,LOAD,94781872,5275.2703597160435
1474,LOAD,91362309,5472.716325503551
1475,LOAD,96516960,5180.43668180183
1476,LOAD,92779749,5389.107056109841
1477,LOAD,89792183,5568.4134553227195
1478,LOAD,89496916,5586.784688759555
1479,LOAD,89342091,5596.466283736297
1480,LOAD,89784964,5568.861173681598
1481,LOAD,84629110,5908.132556279985
1482,LOAD,95299279,5246.629410491133
1483,LOAD,84386249,5925.135978019357
1484,LOAD,91804380,5446.363234521054
1485,LOAD,87822964,5693.271750655102
1486,LOAD,88171065,5670.794608185804
1487,LOAD,87546539,5711.248048309482
1488,LOAD,86251016,5797.033161905015
1489,LOAD,104887105,4767.03022740498
1490,LOAD,93346476,5356.388601107984
1491,LOAD,88436039,5653.803648985228
1492,LOAD,90322947,5535.691832552806
1493,LOAD,93083885,5371.499051634985
1494,LOAD,92168826,5424.827696080234
1495,LOAD,88938698,5621.849782419797
1496,LOAD,90918029,5499.459298661215
1497,LOAD,94435594,5294.613808433291
1498,LOAD,90913230,5499.749596400876
1499,LOAD,91888099,5441.401067618125
1500,LOAD,91198076,5482.571803378834
1501,LOAD,96742950,5168.335263706554
1502,LOAD,90773801,5508.197238540226
1503,LOAD,90764044,5508.78936156701
1504,LOAD,88801308,5630.547694184865
1505,LOAD,85888715,5821.486559672013
1506,LOAD,93068258,5372.400974777029
1507,LOAD,90937208,5498.299441962195
1508,LOAD,94963928,5265.157102600052
1509,LOAD,94063109,5315.580202648841
1510,LOAD,90963792,5496.692574117842
1511,LOAD,85115769,5874.352142668181
1512,LOAD,87771806,5696.590087254215
1513,LOAD,93012055,5375.64727496882
1514,LOAD,94772738,5275.77877933631
1515,LOAD,87741093,5698.58412864768
1516,LOAD,90403391,5530.765986421903
1517,LOAD,91577980,5459.827788295833
1518,LOAD,94933139,5266.864714122642
1519,LOAD,93139354,5368.300063579999
1520,LOAD,92091077,5429.40767214613
1521,LOAD,81854935,6108.367198630113
1522,LOAD,92124526,5427.4363376371675
1523,LOAD,87780507,5696.025428515695
1524,LOAD,92429761,5409.513067982508
1525,LOAD,88998396,5618.078779756885
1526,LOAD,90484904,5525.783615795182
1527,LOAD,87549553,5711.051431638948
1528,LOAD,91841745,5444.147429907827
1529,LOAD,87376804,5722.34251094833
1530,LOAD,86339740,5791.076044472685
1531,LOAD,87650843,5704.451695918087
1532,LOAD,91545105,5461.788481208252
1533,LOAD,90705486,5512.345747202105
1534,LOAD,93375441,5354.727052908912
1535,LOAD,90932607,5498.577644430671
1536,LOAD,83210836,6008.832791921475
1537,LOAD,88679401,5638.287971746674
1538,LOAD,84732970,5900.890763064248
1539,LOAD,86382884,5788.1836869442795
1540,LOAD,93212987,5364.059409446883
1541,LOAD,91783478,5447.603543635598
1542,LOAD,96590972,5176.467216832645
1543,LOAD,85756594,5830.455439963019
1544,LOAD,85611165,5840.359724108415
1545,LOAD,83521507,5986.482020732696
1546,LOAD,94724330,5278.474917690101
1547,LOAD,95088700,5258.24835127623
1548,LOAD,91508060,5463.999564628515
1549,LOAD,96895492,5160.198784067271
1550,LOAD,94565793,5287.324138444014
1551,LOAD,92160756,5425.302717785865
1552,LOAD,94363960,5298.633079832597
1553,LOAD,88804137,5630.368323944187
1554,LOAD,93769848,5332.204441666579
1555,LOAD,91565772,5460.555719445034
1556,LOAD,87928223,5686.456326997532
1557,LOAD,86567168,5775.861814030926
1558,LOAD,91932859,5438.751774270394
1559,LOAD,97916191,5106.4077850005415
1560,LOAD,93075353,5371.991444394522
1561,LOAD,87560457,5710.340228123752
1562,LOAD,94749384,5277.079162857671
1563,LOAD,95422718,5239.842361228905
1564,LOAD,101887957,4907.35131729062
1565,LOAD,88540612,5647.126089437918
1566,LOAD,93992996,5319.545298885888
1567,LOAD,89301349,5599.019562403251
1568,LOAD,88968316,5619.97824034345
1569,LOAD,87306345,5726.960623537729
1570,LOAD,94107204,5313.0895271312065
1571,LOAD,97543098,5125.939305310972
1572,LOAD,93761029,5332.705979581347
1573,LOAD,89923338,5560.2918121211205
1574,LOAD,85715519,5833.2494025965125
1575,LOAD,87541745,5711.560810216885
1576,LOAD,90207737,5542.76181432198
1577,LOAD,93453987,5350.226523775813
1578,LOAD,87673280,5702.9918351406495
1579,LOAD,88643827,5640.550695086754
1580,LOAD,96259327,5194.301846718708
1581,LOAD,90175138,5544.765564983111
1582,LOAD,91410748,5469.816306502601
1583,LOAD,88933943,5622.150363894245
1584,LOAD,88768124,5632.6525499175805
1585,LOAD,90901311,5500.470724784156
1586,LOAD,96316379,5191.225056332319
1587,LOAD,94789814,5274.828369216971
1588,LOAD,84388826,5924.955040848655
1589,LOAD,89135010,5609.468153983491
1590,LOAD,87030260,5745.128188747224
1591,LOAD,89221100,5604.055542915297
1592,LOAD,92539741,5403.084065255813
1593,LOAD,89286908,5599.925131240965
1594,LOAD,90846011,5503.818984413086
1595,LOAD,91714428,5451.704937853398
1596,LOAD,95041162,5260.878439175649
1597,LOAD,91479325,5465.715887169041
1598,LOAD,87235616,5731.603935713596
1599,LOAD,87604476,5707.4709287685255
1600,LOAD,93882019,5325.833480423978
1601,LOAD,92997680,5376.47820891876
1602,LOAD,88735718,5634.709576587862
1603,LOAD,92797246,5388.090935371078
1604,LOAD,90051014,5552.408327128887
1605,LOAD,87960661,5684.359284203196
1606,LOAD,94666279,5281.711769826719
1607,LOAD,90647648,5515.862915715144
1608,LOAD,86453581,5783.450427576852
1609,LOAD,88043484,5679.011975491565
1610,LOAD,90085787,5550.265104527532
1611,LOAD,91799842,5446.632468060239
1612,LOAD,87398001,5720.954647463847
1613,LOAD,91967521,5436.701941764854
1614,LOAD,90824644,5505.113788279754
1615,LOAD,89248681,5602.323691484023
1616,LOAD,95993757,5208.672059788221
1617,LOAD,93147559,5367.827191263273
1618,LOAD,89577394,5581.765417288206
1619,LOAD,90858150,5503.083652924916
1620,LOAD,97176470,5145.27848150895
1621,LOAD,91084218,5489.425182307653
1622,LOAD,87176336,5735.50143240707
1623,LOAD,86131618,5805.069167515233
1624,LOAD,92560673,5401.862192596633
1625,LOAD,87963870,5684.151913734582
1626,LOAD,90781433,5507.734164099392
1627,LOAD,90598760,5518.8393306928265
1628,LOAD,86810085,5759.699463489755
1629,LOAD,95476879,5236.869965135748
1630,LOAD,94996272,5263.364440238244
1631,LOAD,89824896,5566.385515213956
1632,LOAD,87058996,5743.23186543525
1633,LOAD,97061747,5151.359989430233
1634,LOAD,88145583,5672.433977775154
1635,LOAD,91618130,5457.435116826768
1636,LOAD,95797999,5219.315697815358
1637,LOAD,88327897,5660.725738777637
1638,LOAD,94106063,5313.153946308433
1639,LOAD,88278576,5663.888370831899
1640,LOAD,94342466,5299.840264934351
1641,LOAD,89641562,5577.769829579721
1642,LOAD,100511229,4974.5685628816655
1643,LOAD,89528094,5584.839100897199
1644,LOAD,92405108,5410.956286096219
1645,LOAD,88489563,5650.383876344829
1646,LOAD,87187707,5734.753409675059
1647,LOAD,91636714,5456.328344554127
1648,LOAD,86602064,5773.534450633879
1649,LOAD,88126837,5673.640595996881
1650,LOAD,88956877,5620.700915568337
1651,LOAD,94146243,5310.88638343221
1652,LOAD,91389612,5471.081330337632
1653,LOAD,89283349,5600.148354650092
1654,LOAD,85569540,5843.200746433836
1655,LOAD,91673802,5454.120905774149
1656,LOAD,91500632,5464.443130840888
1657,LOAD,103399504,4835.613137950835
1658,LOAD,88197241,5669.111576857602
1659,LOAD,90260398,5539.527977707344
1660,LOAD,86922527,5752.248781262422
1661,LOAD,88414565,5655.176836531402
1662,LOAD,84594723,5910.5341594416
1663,LOAD,89149129,5608.579754043362
1664,LOAD,90448094,5528.032464675264
1665,LOAD,90732583,5510.69950251499
1666,LOAD,91517416,5463.4409695308705
1667,LOAD,87101594,5740.423074232143
1668,LOAD,84475964,5918.843376560935
1669,LOAD,91778922,5447.873968273456
1670,LOAD,91581774,5459.601601515166
1671,LOAD,87251653,5730.550457307669
1672,LOAD,104016204,4806.943348942055
1673,LOAD,89634919,5578.183207818819
1674,LOAD,88065821,5677.571551850973
1675,LOAD,85020772,5880.915783733415
1676,LOAD,84498639,5917.255069634908
1677,LOAD,91286516,5477.260190322084
1678,LOAD,91075250,5489.965715164109
1679,LOAD,90030254,5553.688652261272
1680,LOAD,95129327,5256.002704612848
1681,LOAD,91187758,5483.192162702366
1682,LOAD,86086026,5808.143588832872
1683,LOAD,95659529,5226.870811793355
1684,LOAD,91596396,5458.730057457718
1685,LOAD,86086101,5808.13852865749
1686,LOAD,91397088,5470.633812753422
1687,LOAD,92137624,5426.664790053627
1688,LOAD,89059484,5614.225207053749
1689,LOAD,87413514,5719.939367727512
1690,LOAD,87588800,5708.492409988492
1691,LOAD,90789758,5507.229130404775
1692,LOAD,89195613,5605.656861173206
1693,LOAD,90050354,5552.449022021613
1694,LOAD,94285230,5303.057541462221
1695,LOAD,91040456,5492.063879820637
1696,LOAD,89745892,5571.285647258373
1697,LOAD,93886809,5325.561762355775
1698,LOAD,94525145,5289.5978101911405
1699,LOAD,94057909,5315.874074980765
1700,LOAD,95073391,5259.095050054542
1701,LOAD,90593583,5519.15470657563
1702,LOAD,88787530,5631.421439474665
1703,LOAD,91129583,5486.692504672165
1704,LOAD,93568380,5343.685548472678
1705,LOAD,85630394,5839.0482239285275
1706,LOAD,85711069,5833.552256826944
1707,LOAD,93539740,5345.321678251404
1708,LOAD,88883416,5625.3463525749285
1709,LOAD,87789697,5695.429157250651
1710,LOAD,91195729,5482.712902048296
1711,LOAD,90422631,5529.589157829305
1712,LOAD,92015081,5433.891863878271
1713,LOAD,95641271,5227.868625878048
1714,LOAD,93696334,5336.388081096107
1715,LOAD,93042323,5373.898499933198
1716,LOAD,95355637,5243.528497429052
1717,LOAD,93970609,5320.8125957766215
1718,LOAD,93075780,5371.96679952615
1719,LOAD,91264388,5478.588209017519
1720,LOAD,91687811,5453.287569489471
1721,LOAD,95544143,5233.183158071762
1722,LOAD,91506689,5464.081429063617
1723,LOAD,96423663,5185.449136069431
1724,LOAD,91624104,5457.079285599344
1725,LOAD,87271920,5729.21966194854
1726,LOAD,91587380,5459.267423088203
1727,LOAD,94825129,5272.8639050941865
1728,LOAD,88221747,5667.53682626575
1729,LOAD,88818152,5629.479883796726
1730,LOAD,92857533,5384.592761041799
1731,LOAD,94994776,5263.447328935225
1732,LOAD,89371527,5594.622994412975
1733,LOAD,97162965,5145.993640683979
1734,LOAD,98313593,5085.766726072151
1735,LOAD,89936211,5559.495940961978
1736,LOAD,90929776,5498.748836684696
1737,LOAD,91849250,5443.702588752766
1738,LOAD,83827240,5964.648245606083
1739,LOAD,88679400,5638.288035327258
1740,LOAD,92027955,5433.131704382652
1741,LOAD,91094434,5488.809557782642
1742,LOAD,90858751,5503.047251882211
1743,LOAD,93467901,5349.430067975957
1744,LOAD,87778405,5696.16182932465
1745,LOAD,86453267,5783.471433184821
1746,LOAD,87533744,5712.0828740057095
1747,LOAD,108311022,4616.3353532016345
1748,LOAD,88003745,5681.576392004681
1749,LOAD,100049421,4997.530170614381
1750,LOAD,92744042,5391.181893926943
1751,LOAD,86465759,5782.635875549303
1752,LOAD,87483175,5715.384701115386
1753,LOAD,86475394,5781.991580171349
1754,LOAD,86403387,5786.810186040509
1755,LOAD,88785397,5631.556729987928
1756,LOAD,87883504,5689.349846587819
1757,LOAD,91288152,5477.162030840541
1758,LOAD,101586740,4921.902208890649
1759,LOAD,91586277,5459.333170623368
1760,LOAD,93484128,5348.5015124706515
1761,LOAD,94420191,5295.477531918994
1762,LOAD,87825058,5693.136006810266
1763,LOAD,89650178,5577.233767455543
1764,LOAD,89964002,5557.778543466753
1765,LOAD,89075933,5613.188469213114
1766,LOAD,89758348,5570.51250542178
1767,LOAD,91849099,5443.711538204638
1768,LOAD,91866761,5442.664948206892
1769,LOAD,89311571,5598.378736390159
1770,LOAD,86290638,5794.371343041872
1771,LOAD,82811103,6037.837703961026
1772,LOAD,84638653,5907.466414901475
1773,LOAD,91372585,5472.100849505352
1774,LOAD,90179046,5544.525276969553
1775,LOAD,92695682,5393.99451206368
1776,LOAD,91988580,5435.457314375328
1777,LOAD,88975744,5619.5090653021125
1778,LOAD,89619963,5579.114108761683
1779,LOAD,92900623,5382.095230943715
1780,LOAD,92138413,5426.618320417566
1781,LOAD,88941653,5621.663001923294
1782,LOAD,96125516,5201.532546259622
1783,LOAD,95264735,5248.531893780001
1784,LOAD,92810256,5387.33564100933
1785,LOAD,88242293,5666.217218539414
1786,LOAD,93366435,5355.243562635758
1787,LOAD,90729170,5510.906800977018
1788,LOAD,89607953,5579.861867841128
1789,LOAD,88673097,5638.688812233546
1790,LOAD,91446063,5467.703951344522
1791,LOAD,92886114,5382.935925169611
1792,LOAD,89604989,5580.046441387321
1793,LOAD,87802648,5694.5890743522905
1794,LOAD,97376918,5134.687051812422
1795,LOAD,93582905,5342.856155192019
1796,LOAD,90625556,5517.207530290903
1797,LOAD,90710239,5512.056913442814
1798,LOAD,93921115,5323.616526486084
1799,LOAD,91160036,5484.859615456931
1800,LOAD,95425272,5239.702120000245
1801,LOAD,96174413,5198.8879828151385
1802,LOAD,100859637,4957.384488702849
1803,LOAD,89520793,5585.294580667979
1804,LOAD,95352484,5243.701884053697
1805,LOAD,91730046,5450.77672805266
1806,LOAD,89518064,5585.464850982479
1807,LOAD,86263165,5796.216728194473
1808,LOAD,91350487,5473.424569701528
1809,LOAD,86038169,5811.374251816074
1810,LOAD,87000649,5747.083564859384
1811,LOAD,88044104,5678.97198431368
1812,LOAD,83974476,5954.190175595737
1813,LOAD,90511633,5524.151796045929
1814,LOAD,85417108,5853.628291887382
1815,LOAD,86342416,5790.896562357023
1816,LOAD,87474204,5715.970847817031
1817,LOAD,89007401,5617.510391074109
1818,LOAD,86303140,5793.531961872998
1819,LOAD,91676281,5453.973421980327
1820,LOAD,92232289,5421.094992015215
1821,LOAD,85720839,5832.887379928701
1822,LOAD,88636635,5641.008370861551
1823,LOAD,89103324,5611.462934873227
1824,LOAD,85798904,5827.580268391307
1825,LOAD,90589009,5519.433378501801
1826,LOAD,90915170,5499.632239592138
1827,LOAD,87257682,5730.154509490637
1828,LOAD,93892262,5325.252468621961
1829,LOAD,91767638,5448.543853771196
1830,LOAD,91828158,5444.952952230622
1831,LOAD,92100998,5428.82282339655
1832,LOAD,87175353,5735.566106626491
1833,LOAD,88094543,5675.720458644073
1834,LOAD,94507953,5290.560044190143
1835,LOAD,97420503,5132.389842002766
1836,LOAD,91831403,5444.760546672689
1837,LOAD,96963992,5156.5533729263125
1838,LOAD,96716151,5169.7673535416025
1839,LOAD,86476299,5781.931069922407
1840,LOAD,92746225,5391.054999812661
1841,LOAD,88714148,5636.07960254547
1842,LOAD,88075981,5676.91661589327
1843,LOAD,92030668,5432.971539443786
1844,LOAD,87737722,5698.8030758309405
1845,LOAD,92405472,5410.934971470088
1846,LOAD,94400778,5296.566517703911
1847,LOAD,96867897,5161.668782796018
1848,LOAD,88482890,5650.810004058412
1849,LOAD,94091553,5313.97329577502
1850,LOAD,93085496,5371.4060888712465
1851,LOAD,94524315,5289.644257141668
1852,LOAD,86187244,5801.322525175535
1853,LOAD,90449542,5527.943966814116
1854,LOAD,91672759,5454.182959629262
1855,LOAD,114490948,4367.157480432426
1856,LOAD,85335848,5859.202336631142
1857,LOAD,92396072,5411.485457953234
1858,LOAD,95583877,5231.007735750246
1859,LOAD,97583150,5123.835416257827
1860,LOAD,97646100,5120.532207635533
1861,LOAD,98491150,5076.598252736414
1862,LOAD,101498952,4926.159237585034
1863,LOAD,94904386,5268.460406034344
1864,LOAD,88993450,5618.3910164175
1865,LOAD,96184003,5198.369629095184
1866,LOAD,99587736,5020.6985325984315
1867,LOAD,93271923,5360.670005699358
1868,LOAD,91844321,5443.99473539578
1869,LOAD,94837729,5272.163360217113
1870,LOAD,92972798,5377.917097859096
1871,LOAD,94935440,5266.737058363031
1872,LOAD,91310119,5475.844358498755
1873,LOAD,95012843,5262.446467368627
1874,LOAD,89218322,5604.230036964828
1875,LOAD,88836954,5628.288426007943
1876,LOAD,98868605,5057.217101424664
1877,LOAD,99521632,5024.033367941554
1878,LOAD,98934073,5053.870570960927
1879,LOAD,95445415,5238.596322306315
1880,LOAD,94641543,5283.092225155289
1881,LOAD,98638099,5069.035241646334
1882,LOAD,94940655,5266.447761499013
1883,LOAD,92691619,5394.230949833771
1884,LOAD,94633571,5283.537276639387
1885,LOAD,93683504,5337.118901957382
1886,LOAD,98975797,5051.740073383799
1887,LOAD,95526777,5234.134508693829
1888,LOAD,87522914,5712.789681568417
1889,LOAD,94833064,5272.422706915808
1890,LOAD,97709253,5117.222623736567
1891,LOAD,93059370,5372.91408699629
1892,LOAD,89522146,5585.210166878707
1893,LOAD,90878598,5501.845440001176
1894,LOAD,91210228,5481.841356651362
1895,LOAD,90558618,5521.285671563583
1896,LOAD,88607791,5642.8446568541585
1897,LOAD,89329744,5597.239817456546
1898,LOAD,89717755,5573.03289633139
1899,LOAD,90497317,5525.025675623068
1900,LOAD,86398234,5787.155325420194
1901,LOAD,88669490,5638.918189334347
1902,LOAD,90209782,5542.636163337586
1903,LOAD,91379657,5471.677355934921
1904,LOAD,91270229,5478.237597059168
1905,LOAD,92618395,5398.495622818771
1906,LOAD,94585782,5286.206757797911
1907,LOAD,90935622,5498.395337307969
1908,LOAD,92088465,5429.561672029173
1909,LOAD,90768833,5508.498715632932
1910,LOAD,80565778,6206.109000772015
1911,LOAD,95196045,5252.319043296389
1912,LOAD,90713069,5511.8849523214785
1913,LOAD,96080612,5203.963521797717
1914,LOAD,86958600,5749.862578284379
1915,LOAD,93010927,5375.712468708112
1916,LOAD,91135424,5486.3408546823675
1917,LOAD,93209477,5364.261404449249
1918,LOAD,91866583,5442.675493873545
1919,LOAD,91181876,5483.5458748403025
1920,LOAD,92152651,5425.77988342408
1921,LOAD,95886013,5214.5248754894
1922,LOAD,89692601,5574.595835391149
1923,LOAD,88344911,5659.635561803894
1924,LOAD,90625187,5517.229994791624
1925,LOAD,88942385,5621.61673537313
1926,LOAD,95573087,5231.59830549368
1927,LOAD,92883605,5383.0813306611
1928,LOAD,95434501,5239.195414245421
1929,LOAD,100440734,4978.05999705259
1930,LOAD,90940948,5498.073321162212
1931,LOAD,92030299,5432.993323209784
1932,LOAD,86800827,5760.313781342198
1933,LOAD,90105526,5549.049233672971
1934,LOAD,86605609,5773.29812437437
1935,LOAD,88990549,5618.574170162722
1936,LOAD,86758321,5763.135964791205
1937,LOAD,89379976,5594.094140280368
1938,LOAD,89936248,5559.493653771281
1939,LOAD,90502319,5524.720311310476
1940,LOAD,92549360,5402.522502586728
1941,LOAD,94956773,5265.553832584433
1942,LOAD,86959114,5749.8285918598485
1943,LOAD,86085489,5808.179819946193
1944,LOAD,84278881,5932.684369646531
1945,LOAD,94076985,5314.796174643565
1946,LOAD,90085061,5550.309834390854
1947,LOAD,91956115,5437.3762962908995
1948,LOAD,95706416,5224.310144473491
1949,LOAD,90707528,5512.2216537529275
1950,LOAD,87196917,5734.14768781332
1951,LOAD,91231484,5480.56414384315
1952,LOAD,86701483,5766.914044595985
1953,LOAD,87393625,5721.241108833739
1954,LOAD,90512263,5524.113345834697
1955,LOAD,93435083,5351.308993860475
1956,LOAD,88606241,5642.943367837938
1957,LOAD,87566698,5709.933244256852
1958,LOAD,96979646,5155.721026245033
1959,LOAD,88650896,5640.100919002555
1960,LOAD,90267830,5539.071893054259
1961,LOAD,89030682,5616.041445127872
1962,LOAD,90965334,5496.599396864744
1963,LOAD,93705612,5335.859713503605
1964,LOAD,89964394,5557.754326672839
1965,LOAD,84888365,5890.0887065029465
1966,LOAD,89325203,5597.524362748999
1967,LOAD,92487108,5406.158877840574
1968,LOAD,91554463,5461.230218782453
1969,LOAD,91580251,5459.6923959074975
1970,LOAD,94932839,5266.8813580935885
1971,LOAD,93968229,5320.947359771993
1972,LOAD,89476904,5588.034203776206
1973,LOAD,90403625,5530.751670632677
1974,LOAD,92639708,5397.253626922054
1975,LOAD,93903525,5324.613745863108
1976,LOAD,91245542,5479.719765377688
1977,LOAD,90922111,5499.212397301246
1978,LOAD,96865381,5161.802852971796
1979,LOAD,91558737,5460.975286279888
1980,LOAD,99731910,5013.44053272418
1981,LOAD,89889491,5562.385485084124
1982,LOAD,93337033,5356.930512243731
1983,LOAD,93076358,5371.933439853759
1984,LOAD,96354062,5189.194826057255
1985,LOAD,91921824,5439.404683701664
1986,LOAD,94821809,5273.048524100611
1987,LOAD,90101119,5549.320647171984
1988,LOAD,96616654,5175.091242551207
1989,LOAD,91373582,5472.041142044754
1990,LOAD,94859428,5270.957358081476
1991,LOAD,93373345,5354.847253249844
1992,LOAD,93211875,5364.123401658855
1993,LOAD,88984358,5618.965076985778
1994,LOAD,89950426,5558.617365525317
1995,LOAD,96494884,5181.62185676082
1996,LOAD,90816735,5505.593214730743
1997,LOAD,99372047,5031.596058396583
1998,LOAD,98941146,5053.509285206784
1999,LOAD,88614967,5642.387701842737
2000,LOAD,89730286,5572.254612004692
2001,LOAD,95522961,5234.343604570633
2002,LOAD,95022713,5261.899857563528
2003,LOAD,89428712,5591.045524618537
2004,LOAD,95053294,5260.20697399503
2005,LOAD,87555240,5710.680480117467
2006,LOAD,98969708,5052.050876011476
2007,LOAD,95287743,5247.264593096722
2008,LOAD,90238516,5540.871261668354
2009,LOAD,83596188,5981.133972281129
2010,LOAD,94580988,5286.474698276571
2011,LOAD,87032005,5745.01299837916
2012,LOAD,92029683,5433.029688910262
2013,LOAD,92984351,5377.248909335292
2014,LOAD,91756861,5449.183794550252
2015,LOAD,89300469,5599.074737222264
2016,LOAD,92836925,5385.788036387461
2017,LOAD,85464139,5850.407034463893
2018,LOAD,90635356,5516.610979053251
2019,LOAD,88911536,5623.567227541767
2020,LOAD,88000782,5681.767691564377
2021,LOAD,87380511,5722.099748306576
2022,LOAD,88886164,5625.172439661138
2023,LOAD,90969479,5496.348945782134
2024,LOAD,96045261,5205.878924104335
2025,LOAD,94223039,5306.557772987984
2026,LOAD,93558546,5344.247226757885
2027,LOAD,89192668,5605.841951044676
2028,LOAD,94876170,5270.0272365547635
2029,LOAD,86885210,5754.7193590255465
2030,LOAD,87817085,5693.652892258949
2031,LOAD,92878272,5383.390423112092
2032,LOAD,88423537,5654.603027246015
2033,LOAD,84815525,5895.14714434651
2034,LOAD,85015401,5881.287321105502
2035,LOAD,87146568,5737.460596268117
2036,LOAD,88113143,5674.522358145821
2037,LOAD,100727539,4963.88579492645
2038,LOAD,93717993,5335.154797862562
2039,LOAD,90204900,5542.936137615584
2040,LOAD,93346733,5356.373854026579
2041,LOAD,93506783,5347.205667422009
2042,LOAD,92311840,5416.42328871356
2043,LOAD,93281341,5360.128774306535
2044,LOAD,90034176,5553.44672671853
2045,LOAD,94735796,5277.83605681637
2046,LOAD,93517314,5346.603517718655
2047,LOAD,92384757,5412.148239995912
2048,LOAD,97539438,5126.131647385542
2049,LOAD,98574313,5072.315340407192
2050,LOAD,88987696,5618.754305089548
2051,LOAD,89550494,5583.442119258438
2052,LOAD,91106918,5488.057449160996
2053,LOAD,88733414,5634.855884165575
2054,LOAD,93127827,5368.964530870027
2055,LOAD,93508220,5347.123493528163
2056,LOAD,93153838,5367.465374856589
2057,LOAD,90957192,5497.0914229630125
2058,LOAD,91130383,5486.644339023572
2059,LOAD,94128676,5311.877540910063
2060,LOAD,88636993,5640.985587135159
2061,LOAD,89981267,5556.712154319855
2062,LOAD,92945392,5379.50283753712
2063,LOAD,92378280,5412.527706729331
2064,LOAD,88798800,5630.7067212619995
2065,LOAD,89379392,5594.1306917818365
2066,LOAD,92692290,5394.191900966089
2067,LOAD,88386714,5656.958804917218
2068,LOAD,90672419,5514.35602484588
2069,LOAD,89846031,5565.076102248746
2070,LOAD,90846517,5503.788329056138
2071,LOAD,95982424,5209.287066973845
2072,LOAD,91777489,5447.959030563585
2073,LOAD,89679585,5575.4049263274355
2074,LOAD,91750807,5449.543348430712
2075,LOAD,93391666,5353.796772401512
2076,LOAD,90273848,5538.702637335234
2077,LOAD,92140404,5426.501060273189
2078,LOAD,96701189,5170.567240905383
2079,LOAD,88693510,5637.391056008495
2080,LOAD,89116800,5610.6143847175845
2081,LOAD,89459012,5589.151822959994
2082,LOAD,97926721,5105.858696116252
2083,LOAD,88404430,5655.82516622753
2084,LOAD,92426917,5409.679520090452
2085,LOAD,86239624,5797.7989328895965
2086,LOAD,96323086,5190.863590063965
2087,LOAD,90034366,5553.435007250454
2088,LOAD,93458491,5349.9686828883205
2089,LOAD,93183372,5365.76418376446
2090,LOAD,88175621,5670.501600436702
2091,LOAD,91978612,5436.046371302059
2092,LOAD,94983564,5264.068634021777
2093,LOAD,89837325,5565.6154054008175
2094,LOAD,90005703,5555.203540824518
2095,LOAD,96967158,5156.385010273272
2096,LOAD,94206862,5307.469003691048
2097,LOAD,92098182,5428.988815436118
2098,LOAD,91111452,5487.784345704424
2099,LOAD,91175134,5483.951358930824
2100,LOAD,90653609,5515.500215771884
2101,LOAD,93631858,5340.062780768486
2102,LOAD,91877586,5442.023694440558
2103,LOAD,88272962,5664.248583841561
2104,LOAD,97067672,5151.045550984266
2105,LOAD,96461783,5183.399937776394
2106,LOAD,90640032,5516.326384350791
2107,LOAD,88871534,5626.098453527313
2108,LOAD,91558235,5461.005227984135
2109,LOAD,92982811,5377.337968412247
2110,LOAD,88429076,5654.248835530069
2111,LOAD,91561505,5460.810195288948
2112,LOAD,104416769,4788.502888841542
2113,LOAD,92407359,5410.824477734506
2114,LOAD,94895156,5268.972844093328
2115,LOAD,94788503,5274.901324267143
2116,LOAD,92315496,5416.208780376374
2117,LOAD,94457393,5293.391910572844
2118,LOAD,97385274,5134.246477552653
2119,LOAD,92293876,5417.477536646093
2120,LOAD,92004141,5434.537995414793
2121,LOAD,88438499,5653.6463831209985
2122,LOAD,89663092,5576.430489370141
2123,LOAD,91898445,5440.788470359863
2124,LOAD,96468946,5183.015060618574
2125,LOAD,99708579,5014.613637207687
2126,LOAD,99774740,5011.28842831362
2127,LOAD,93176781,5366.1437391789705
2128,LOAD,96496188,5181.551834980259
2129,LOAD,100077152,4996.145373921112
2130,LOAD,89633765,5578.255024766616
2131,LOAD,88779201,5631.949762647672
2132,LOAD,92481584,5406.481792093872
2133,LOAD,92873792,5383.6501044341985
2134,LOAD,91500676,5464.440503149945
2135,LOAD,93403935,5353.093528661293
2136,LOAD,93438537,5351.111180176119
2137,LOAD,91108763,5487.946313133458
2138,LOAD,90158541,5545.78628329844
2139,LOAD,88955711,5620.77458972814
2140,LOAD,89963391,5557.816289961769
2141,LOAD,85521898,5846.455839883254
2142,LOAD,91195214,5482.743864168135
2143,LOAD,90308768,5536.560968255043
2144,LOAD,86512725,5779.496600066637
2145,LOAD,88555155,5646.198688263828
2146,LOAD,87025618,5745.4346374190645
2147,LOAD,85094071,5875.850034252093
2148,LOAD,88318414,5661.3335470449
2149,LOAD,87697445,5701.420377754449
2150,LOAD,91554721,5461.214829107502
2151,LOAD,89533366,5584.510248391644
2152,LOAD,93425526,5351.856408065608
2153,LOAD,96060659,5205.044450090645
2154,LOAD,93689714,5336.765143716843
2155,LOAD,86106479,5806.763971849319
2156,LOAD,99412304,5029.558514205646
2157,LOAD,93957162,5321.57410203599
2158,LOAD,87837421,5692.3347055009735
2159,LOAD,82165901,6085.249402912286
2160,LOAD,92001071,5434.719341473753
2161,LOAD,92034135,5432.766875029574
2162,LOAD,90297201,5537.270197334245
2163,LOAD,91249232,5479.498172653113
2164,LOAD,89577970,5581.729525685835
2165,LOAD,88467091,5651.819160641328
2166,LOAD,89877124,5563.150863616864
2167,LOAD,91687717,5453.2931603041225
2168,LOAD,90485631,5525.739219302123
2169,LOAD,94967030,5264.985121678545
2170,LOAD,90045324,5552.7591860294715
2171,LOAD,84131059,5943.108359066299
2172,LOAD,93294123,5359.394396150763
2173,LOAD,93179032,5366.014104975892
2174,LOAD,93268915,5360.8428917608835
2175,LOAD,91304421,5476.186087418484
2176,LOAD,93304044,5358.824532835897
2177,LOAD,83807852,5966.028099610523
2178,LOAD,93969225,5320.890961908008
2179,LOAD,86523011,5778.809523861808
2180,LOAD,86458834,5783.099041099721
2181,LOAD,92790047,5388.5089636822795
2182,LOAD,90866709,5502.5653014460995
2183,LOAD,88932182,5622.261691498809
2184,LOAD,88577971,5644.7443349091845
2185,LOAD,84487066,5918.065612551867
2186,LOAD,93048504,5373.54152410661
2187,LOAD,80133024,6239.624751962437
2188,LOAD,92415176,5410.366799496221
2189,LOAD,86986985,5747.986322321667
2190,LOAD,92913467,5381.351230817811
2191,LOAD,82933003,6028.962920828997
2192,LOAD,89577087,5581.784547202344
2193,LOAD,88511639,5648.974594177383
2194,LOAD,91488890,5465.144456337814
2195,LOAD,88958069,5620.625600584923
2196,LOAD,94778058,5275.482643883672
2197,LOAD,87244419,5731.0256143719635
2198,LOAD,86817608,5759.200368662541
2199,LOAD,88287497,5663.316063881616
2200,LOAD,91058976,5490.946878207811
2201,LOAD,91104622,5488.195758059344
2202,LOAD,104613794,4779.484433955239
2203,LOAD,88118290,5674.1909086070555
2204,LOAD,83739495,5970.89820042502
2205,LOAD,86869035,5755.790886821755
2206,LOAD,92032544,5432.860793242877
2207,LOAD,88273754,5664.19776369769
2208,LOAD,91839903,5444.2566212205165
2209,LOAD,94751625,5276.954353025608
2210,LOAD,89252660,5602.073932586435
2211,LOAD,93088310,5371.243714704886
2212,LOAD,92794720,5388.237606622446
2213,LOAD,93329104,5357.385623245671
2214,LOAD,82224496,6080.912919186516
2215,LOAD,91715242,5451.656552353643
2216,LOAD,92241067,5420.579100629874
2217,LOAD,90130348,5547.521019224291
2218,LOAD,92391732,5411.739656531171
2219,LOAD,93047352,5373.608052811648
2220,LOAD,100800219,4960.306683460678
2221,LOAD,92628585,5397.90173843204
2222,LOAD,97888237,5107.866024801326
2223,LOAD,97324436,5137.455921141943
2224,LOAD,92947863,5379.359824550243
2225,LOAD,92523994,5404.003636073038
2226,LOAD,93525791,5346.118911734197
2227,LOAD,87903445,5688.059210876207
2228,LOAD,89304608,5598.8152369472355
2229,LOAD,100144576,4992.781636021905
2230,LOAD,98399629,5081.319971236883
2231,LOAD,88060100,5677.940406608668
2232,LOAD,91593752,5458.887632422788
2233,LOAD,98866075,5057.346516487076
2234,LOAD,85581182,5842.405869084631
2235,LOAD,88710241,5636.32782826055
2236,LOAD,91959989,5437.147235848408
2237,LOAD,87630961,5705.745940638492
2238,LOAD,85577763,5842.639284693619
2239,LOAD,89254265,5601.973194222147
2240,LOAD,95557436,5232.455169684545
2241,LOAD,87589739,5708.431212473415
2242,LOAD,95940852,5211.544296062745
2243,LOAD,92577784,5400.863775265997
2244,LOAD,94513134,5290.270027444016
2245,LOAD,87077595,5742.005162177481
2246,LOAD,96974425,5155.998604786778
2247,LOAD,88656075,5639.771442622516
2248,LOAD,88940610,5621.728926752357
2249,LOAD,91395420,5470.733653830794
2250,LOAD,104074231,4804.263218625176
2251,LOAD,97017762,5153.695464548027
2252,LOAD,96385201,5187.518361869682
2253,LOAD,93925747,5323.353989401862
2254,LOAD,93148868,5367.751758400327
2255,LOAD,93081031,5371.6637496204785
2256,LOAD,96976201,5155.904179005734
2257,LOAD,100092375,4995.385512632705
2258,LOAD,91244616,5479.7753765548205
2259,LOAD,86541914,5777.547281887018
2260,LOAD,91939913,5438.334491354152
2261,LOAD,95351744,5243.742579055503
2262,LOAD,98808966,5060.269530601099
2263,LOAD,103195349,4845.1796020380725
2264,LOAD,97731788,5116.042694317635
2265,LOAD,89144325,5608.882001181791
2266,LOAD,92907297,5381.708607882543
2267,LOAD,95795686,5219.441718909973
2268,LOAD,102721252,4867.541918200141
2269,LOAD,103286933,4840.88340584186
2270,LOAD,90375856,5532.451056397187
2271,LOAD,98799944,5060.731613370145
2272,LOAD,93002160,5376.2192189944835
2273,LOAD,97608272,5122.516665390819
2274,LOAD,90532910,5522.853512606632
2275,LOAD,92558326,5401.99916753032
2276,LOAD,88554798,5646.221450361166
2277,LOAD,86857205,5756.574828766364
2278,LOAD,87959505,5684.433990391374
2279,LOAD,97861460,5109.263646792108
2280,LOAD,99817298,5009.151820559198
2281,LOAD,92877812,5383.417085665196
2282,LOAD,85863829,5823.173806982216
2283,LOAD,90834351,5504.5254850777765
2284,LOAD,92958572,5378.740112315839
2285,LOAD,93055054,5373.163288906371
2286,LOAD,92616923,5398.581423397105
2287,LOAD,87915330,5687.29025984433
2288,LOAD,95992498,5208.740374690531
2289,LOAD,91440102,5468.060392146107
2290,LOAD,96108873,5202.433286258595
2291,LOAD,91762913,5448.824406871216
2292,LOAD,85899193,5820.776453627452
2293,LOAD,91843369,5444.051164978497
2294,LOAD,99737174,5013.175929769175
2295,LOAD,94246511,5305.236180042782
2296,LOAD,88997718,5618.121579252178
2297,LOAD,91498484,5464.57141300833
2298,LOAD,93350772,5356.142100249584
2299,LOAD,90342913,5534.468431408671
2300,LOAD,92662512,5395.925377028415
2301,LOAD,90927168,5498.906553429664
2302,LOAD,88081540,5676.5583344705365
2303,LOAD,93214381,5363.979191150773
2304,LOAD,84833938,5893.867616990738
2305,LOAD,92670549,5395.457406861807
2306,LOAD,86353725,5790.138178752567
2307,LOAD,88296578,5662.733611261809
2308,LOAD,85110268,5874.731824366949
2309,LOAD,88713026,5636.150884989539
2310,LOAD,95522877,5234.34820749798
2311,LOAD,99203179,5040.161061774039
2312,LOAD,88662949,5639.334193587448
2313,LOAD,92770793,5389.627315140014
2314,LOAD,96061083,5205.021475762459
2315,LOAD,88116408,5674.312098604836
2316,LOAD,90226012,5541.639145039459
2317,LOAD,91985506,5435.638958163692
2318,LOAD,91772666,5448.245341374304
2319,LOAD,89597054,5580.540628043418
2320,LOAD,86203119,5800.254164817401
2321,LOAD,84221892,5936.698738612997
2322,LOAD,91749106,5449.644381276043
2323,LOAD,86344787,5790.737546205308
2324,LOAD,88624370,5641.789047414385
2325,LOAD,87185311,5734.911010410917
2326,LOAD,90581113,5519.914510213624
2327,LOAD,90381479,5532.106860079154
2328,LOAD,95265733,5248.47691037028
2329,LOAD,85322105,5860.146089925934
2330,LOAD,88736333,5634.670524417546
2331,LOAD,87474271,5715.966469729139
2332,LOAD,89352217,5595.832054172758
2333,LOAD,86541590,5777.568912242079
2334,LOAD,89759081,5570.467014919638
2335,LOAD,94710448,5279.248599901037
2336,LOAD,88119647,5674.1035288078265
2337,LOAD,93478361,5348.83147983307
2338,LOAD,91426862,5468.85225044692
2339,LOAD,90697769,5512.814763944194
2340,LOAD,88931503,5622.304617970979
2341,LOAD,86985434,5748.088812202742
2342,LOAD,86869518,5755.758884261336
2343,LOAD,95923130,5212.507139831654
2344,LOAD,85286057,5862.6230076505935
2345,LOAD,91002770,5494.33824926428
2346,LOAD,88498002,5649.845066558678
2347,LOAD,87810706,5694.066507106776
2348,LOAD,85048724,5878.982969809165
2349,LOAD,87125448,5738.851408832928
2350,LOAD,90857539,5503.120660135864
2351,LOAD,84398426,5924.28109974468
2352,LOAD,87771147,5696.632858176047
2353,LOAD,90898576,5500.636225588397
2354,LOAD,86339095,5791.119306960538
2355,LOAD,91260658,5478.8121295377905
2356,LOAD,97460689,5130.273601903225
2357,LOAD,92199583,5423.018019506661
2358,LOAD,86299942,5793.746651648966
2359,LOAD,93129430,5368.872117009628
2360,LOAD,87262601,5729.831500209351
2361,LOAD,87241709,5731.203637929651
2362,LOAD,90630910,5516.881602534941
2363,LOAD,96537794,5179.318682173326
2364,LOAD,95386571,5241.828013714844
2365,LOAD,92869692,5383.887781171924
2366,LOAD,90976764,5495.90882348816
2367,LOAD,88566383,5645.482891629435
2368,LOAD,86095064,5807.533867446803
2369,LOAD,87135172,5738.210971799081
2370,LOAD,87993765,5682.220780074588
2371,LOAD,87239515,5731.347772852703
2372,LOAD,86616021,5772.604123664374
2373,LOAD,87884029,5689.315859654091
2374,LOAD,90262384,5539.406094126652
2375,LOAD,84490083,5917.854288295586
2376,LOAD,90670974,5514.443905720038
2377,LOAD,91686869,5453.343597107672
2378,LOAD,93727732,5334.6004360801135
2379,LOAD,90775122,5508.117080801059
2380,LOAD,92717042,5392.751852458796
2381,LOAD,86904257,5753.458084337572
2382,LOAD,85398998,5854.869632076948
2383,LOAD,89593803,5580.743123494824
2384,LOAD,88320650,5661.190219954224
2385,LOAD,92297256,5417.279144246715
2386,LOAD,87009618,5746.491152276982
2387,LOAD,88295265,5662.817819279437
2388,LOAD,89464813,5588.789416013199
2389,LOAD,93406777,5352.930655127947
2390,LOAD,88522769,5648.26434654343
2391,LOAD,88610428,5642.676728747998
2392,LOAD,86362092,5789.5772140396975
2393,LOAD,91523340,5463.087339251387
2394,LOAD,87281965,5728.560304525683
2395,LOAD,88112541,5674.561127456306
2396,LOAD,91852820,5443.491010945554
2397,LOAD,91278989,5477.71185327217
2398,LOAD,84434778,5921.730498302489
2399,LOAD,92012385,5434.051079102014
2400,LOAD,91025316,5492.9773602763435
2401,LOAD,86460452,5782.990817582124
2402,LOAD,98400387,5081.280828702432
2403,LOAD,92527106,5403.8218811253
2404,LOAD,89936963,5559.449455726006
2405,LOAD,91720945,5451.317580733605
2406,LOAD,100991029,4950.934800357366
2407,LOAD,92394163,5411.597267242953
2408,LOAD,91006448,5494.116197129241
2409,LOAD,90330631,5535.220937402729
2410,LOAD,90687853,5513.417546669674
2411,LOAD,89432651,5590.799270839014
2412,LOAD,89353256,5595.766985816387
2413,LOAD,92768929,5389.735608567821
2414,LOAD,91478985,5465.736201598651
2415,LOAD,90122719,5547.990623762695
2416,LOAD,90365140,5533.107125159105
2417,LOAD,96086700,5203.633801556303
2418,LOAD,89708162,5573.6288521885
2419,LOAD,93322339,5357.77398378324
2420,LOAD,95686644,5225.389658351901
2421,LOAD,92828758,5386.261873718056
2422,LOAD,88111011,5674.659663137902
2423,LOAD,91220282,5481.237166094268
2424,LOAD,85864135,5823.153054532023
2425,LOAD,91465868,5466.520035648708
2426,LOAD,97939971,5105.167940064021
2427,LOAD,92734923,5391.712030644593
2428,LOAD,96306779,5191.742525206871
2429,LOAD,85460715,5850.6414321480925
2430,LOAD,94401474,5296.52746735713
2431,LOAD,92714389,5392.906164759388
2432,LOAD,91938140,5438.439368035942
2433,LOAD,92584502,5400.471884592521
2434,LOAD,94519509,5289.913217809881
2435,LOAD,91744247,5449.933007788489
2436,LOAD,89203699,5605.148728193435
2437,LOAD,88427612,5654.342446791394
2438,LOAD,89360083,5595.339476128284
2439,LOAD,87742146,5698.515739517016
2440,LOAD,87799794,5694.774181360835
2441,LOAD,92816445,5386.976413500862
2442,LOAD,91367814,5472.3865890016805
2443,LOAD,92442998,5408.73847470849
2444,LOAD,93230624,5363.044657944153
2445,LOAD,89167887,5607.399892743898
2446,LOAD,78841183,6341.863236628501
2447,LOAD,94256910,5304.650873872271
2448,LOAD,95710264,5224.100102785214
2449,LOAD,98782016,5061.650088210388
2450,LOAD,100803528,4960.143855282526
2451,LOAD,90332979,5535.077061944343
2452,LOAD,92779653,5389.112632270784
2453,LOAD,88162562,5671.341538373171
2454,LOAD,89832057,5565.9417884642235
2455,LOAD,87697642,5701.407570342656
2456,LOAD,89970030,5557.406171810769
2457,LOAD,90805342,5506.283980517358
2458,LOAD,89777600,5569.317959045464
2459,LOAD,86515063,5779.340413819036
2460,LOAD,92086635,5429.669571485591
2461,LOAD,97556786,5125.220094889145
2462,LOAD,93853887,5327.429859138386
2463,LOAD,93598945,5341.940552855591
2464,LOAD,91568701,5460.381053128623
2465,LOAD,104202124,4798.366682045751
2466,LOAD,97132369,5147.6145917948315
2467,LOAD,90751914,5509.525672373147
2468,LOAD,95805864,5218.887228030218
2469,LOAD,87672510,5703.041922718991
2470,LOAD,89889365,5562.393282008388
2471,LOAD,93693255,5336.563448457416
2472,LOAD,97857535,5109.468575925195
2473,LOAD,94341148,5299.914306745557
2474,LOAD,89831025,5566.005731316101
2475,LOAD,95719523,5223.594772823931
2476,LOAD,98599504,5071.019424195076
2477,LOAD,91036842,5492.281904945692
2478,LOAD,94072389,5315.055834289486
2479,LOAD,95028095,5261.601845222721
2480,LOAD,90164098,5545.444485009987
2481,LOAD,96851167,5162.5604056996035
2482,LOAD,88894112,5624.669494420508
2483,LOAD,91855902,5443.308367926103
2484,LOAD,94395941,5296.83792230007
2485,LOAD,93802196,5330.365613188843
2486,LOAD,91946886,5437.9220629614365
2487,LOAD,94469514,5292.71273693649
2488,LOAD,88770133,5632.525074621663
2489,LOAD,91980138,5435.9561843666725
2490,LOAD,93257201,5361.516265108579
2491,LOAD,93586682,5342.640526565522
2492,LOAD,93672387,5337.752309012901
2493,LOAD,97299323,5138.781900877152
2494,LOAD,92473296,5406.966352751177
2495,LOAD,90055564,5552.127795235395
2496,LOAD,85497051,5848.154926419626
2497,LOAD,93620556,5340.707440361709
2498,LOAD,91898303,5440.79687739174
2499,LOAD,91906870,5440.2897193648305
2500,LOAD,88036349,5679.472237086979
2501,LOAD,96644739,5173.58735895598
2502,LOAD,88951795,5621.022037835212
2503,LOAD,92802211,5387.802667761871
2504,LOAD,94339618,5300.000260760013
2505,LOAD,90199158,5543.288996112358
2506,LOAD,89980495,5556.759828894028
2507,LOAD,90192697,5543.686092456022
2508,LOAD,92502460,5405.261654663022
2509,LOAD,90854384,5503.311760938251
2510,LOAD,92095291,5429.159238988669
2511,LOAD,88848795,5627.53833633872
2512,LOAD,92381244,5412.354048837013
2513,LOAD,100505553,4974.849499111755
2514,LOAD,94968704,5264.892316525664
2515,LOAD,95618754,5229.099722424746
2516,LOAD,90815981,5505.638924937672
2517,LOAD,92692160,5394.199466276328
2518,LOAD,95368121,5242.842102341515
2519,LOAD,89583233,5581.401600007001
2520,LOAD,95140317,5255.395564847656
2521,LOAD,100809217,4959.863937838145
2522,LOAD,88808334,5630.1022379273545
2523,LOAD,92647951,5396.773426753927
2524,LOAD,89310098,5598.471070986844
2525,LOAD,90532790,5522.860833074956
2526,LOAD,88373256,5657.820279927221
2527,LOAD,92962087,5378.536736164282
2528,LOAD,86777045,5761.892445173721
2529,LOAD,83982232,5953.640289055428
2530,LOAD,90967664,5496.458609731915
2531,LOAD,96559214,5178.169739451276
2532,LOAD,100634925,4968.454043166425
2533,LOAD,85301302,5861.57524301329
2534,LOAD,92735430,5391.68255325931
2535,LOAD,88836825,5628.296598848507
2536,LOAD,90487562,5525.621300306445
2537,LOAD,87117613,5739.367537538017
2538,LOAD,90948164,5497.637093586628
2539,LOAD,88667999,5639.013010770661
2540,LOAD,90581742,5519.876179903893
2541,LOAD,89653813,5577.00763937391
2542,LOAD,90915539,5499.609918168115
2543,LOAD,92286649,5417.901781220814
2544,LOAD,93561064,5344.103397541524
2545,LOAD,88961487,5620.4096498521885
2546,LOAD,84249812,5934.731343970239
2547,LOAD,89559780,5582.863200423226
2548,LOAD,96614814,5175.189800603456
2549,LOAD,89248818,5602.3150917248
2550,LOAD,92082412,5429.9185820632065
2551,LOAD,92057426,5431.392357201037
2552,LOAD,88985392,5618.899785259136
2553,LOAD,92312235,5416.40011207615
2554,LOAD,85927834,5818.836303961763
2555,LOAD,90886256,5501.381859100897
2556,LOAD,97655283,5120.050699151627
2557,LOAD,83151268,6013.1374063952935
2558,LOAD,94686105,5280.6058502459255
2559,LOAD,88995003,5618.292973145919
2560,LOAD,91386203,5471.285419309958
2561,LOAD,96973865,5156.028379398924
2562,LOAD,92756181,5390.476350034291
2563,LOAD,98988832,5051.074852565187
2564,LOAD,91000379,5494.482610891104
2565,LOAD,94320412,5301.079473656243
2566,LOAD,87169984,5735.919373347597
2567,LOAD,94334232,5300.302863545865
2568,LOAD,91931896,5438.808745987356
2569,LOAD,87738704,5698.7392929806665
2570,LOAD,91906099,5440.33535793963
2571,LOAD,95298777,5246.6570478653675
2572,LOAD,91311856,5475.740193036926
2573,LOAD,94524033,5289.660038098459
2574,LOAD,87069742,5742.52304549151
2575,LOAD,89204913,5605.072447074747
2576,LOAD,86797767,5760.516857536208
2577,LOAD,87095714,5740.810621289585
2578,LOAD,87263409,5729.778445854665
2579,LOAD,92771311,5389.597221494477
2580,LOAD,92170961,5424.702038204853
2581,LOAD,93145953,5367.919742041825
2582,LOAD,92743619,5391.2064828956045
2583,LOAD,92505372,5405.091501064392
2584,LOAD,85341303,5858.827817522308
2585,LOAD,107176339,4665.2088013568
2586,LOAD,92274648,5418.60641939268
2587,LOAD,91786319,5447.434927638835
2588,LOAD,92998313,5376.441613516151
2589,LOAD,94132988,5311.634216901731
2590,LOAD,84956130,5885.390495070809
2591,LOAD,93280369,5360.184627914583
2592,LOAD,93507403,5347.170212822615
2593,LOAD,91068728,5490.358885873535
2594,LOAD,86654465,5770.04312472531
2595,LOAD,95828538,5217.652386599073
2596,LOAD,87724552,5699.658631485516
2597,LOAD,86519742,5779.027866264326
2598,LOAD,87173032,5735.718817259907
2599,LOAD,85800080,5827.500393939026
2600,LOAD,88221030,5667.58288811636
2601,LOAD,93581373,5342.943621910741
2602,LOAD,93899134,5324.862740480653
2603,LOAD,89367081,5594.901326138201
2604,LOAD,88199008,5668.9980005217285
2605,LOAD,89008655,5617.431248680255
2606,LOAD,90634924,5516.6372732877235
2607,LOAD,95345546,5244.083451994706
2608,LOAD,86493261,5780.797188349738
2609,LOAD,84752313,5899.544004185467
2610,LOAD,85870971,5822.689486066251
2611,LOAD,86646985,5770.5412369512915
2612,LOAD,89641795,5577.755331650822
2613,LOAD,93879995,5325.948302404576
2614,LOAD,89338632,5596.682966893874
2615,LOAD,89252119,5602.107889449661
2616,LOAD,86930244,5751.738140755708
2617,LOAD,87278874,5728.763182714754
2618,LOAD,96767367,5167.031154211316
2619,LOAD,89972319,5557.26478496125
2620,LOAD,91137939,5486.189456182457
2621,LOAD,95622038,5228.92013659027
2622,LOAD,89435155,5590.642739982952
2623,LOAD,85792429,5828.020092542199
2624,LOAD,93740613,5333.867402808642
2625,LOAD,97034705,5152.7955899902
2626,LOAD,89808484,5567.402741148599
2627,LOAD,96932824,5158.211422789044
2628,LOAD,88784986,5631.582799371055
2629,LOAD,89751196,5570.956402631114
2630,LOAD,92308963,5416.592102762545
2631,LOAD,89375506,5594.373921642468
2632,LOAD,88074827,5676.990997666109
2633,LOAD,85340149,5858.907042686321
2634,LOAD,90507187,5524.423159897788
2635,LOAD,94893823,5269.04685882452
2636,LOAD,91958365,5437.243256771692
2637,LOAD,93000912,5376.2913636803905
2638,LOAD,89262077,5601.482923145515
2639,LOAD,86940066,5751.0883417088735
2640,LOAD,86347956,5790.525024124485
2641,LOAD,87339968,5724.755933045452
2642,LOAD,91006805,5494.094644900455
2643,LOAD,91200632,5482.418148154938
2644,LOAD,88448950,5652.978356441767
2645,LOAD,88438898,5653.62087618957
2646,LOAD,93784256,5331.385259376584
2647,LOAD,91382088,5471.531795158806
2648,LOAD,92877590,5383.429953339659
2649,LOAD,96833701,5163.491582336608
2650,LOAD,96563589,5177.935132464888
2651,LOAD,87457893,5717.036883108995
2652,LOAD,92838884,5385.674390484918
2653,LOAD,90074884,5550.936929322052
2654,LOAD,90705788,5512.327394146006
2655,LOAD,94344642,5299.718027442406
2656,LOAD,87592928,5708.2233853399675
2657,LOAD,84491243,5917.773040692513
2658,LOAD,91582583,5459.553373811264
2659,LOAD,100168590,4991.584687375554
2660,LOAD,92335190,5415.053567334404
2661,LOAD,95359274,5243.328509401194
2662,LOAD,102610044,4872.817323808964
2663,LOAD,91806618,5446.230466740426
2664,LOAD,93328063,5357.44538060326
2665,LOAD,89152563,5608.363721410903
2666,LOAD,91730753,5450.734717069203
2667,LOAD,87910971,5687.572259894616
2668,LOAD,86702282,5766.86089992418
2669,LOAD,96883689,5160.827432985134
2670,LOAD,88501613,5649.6145443134465
2671,LOAD,95472367,5237.117458290313
2672,LOAD,91636316,5456.35204278618
2673,LOAD,89199999,5605.381228759879
2674,LOAD,91136329,5486.286374339261
2675,LOAD,95758932,5221.445034495581
2676,LOAD,88490633,5650.315553737762
2677,LOAD,89061244,5614.1142605194245
2678,LOAD,95371636,5242.64887308843
2679,LOAD,96147570,5200.339436555703
2680,LOAD,85734818,5831.93633186461
2681,LOAD,91116650,5487.471279947189
2682,LOAD,94907096,5268.309969151305
2683,LOAD,87905559,5687.922421379518
2684,LOAD,90349554,5534.061629125474
2685,LOAD,96835598,5163.390430035864
2686,LOAD,91582381,5459.565415753932
2687,LOAD,88972074,5619.740863858024
2688,LOAD,90976906,5495.900245277631
2689,LOAD,105047725,4759.741346135768
2690,LOAD,95803728,5219.003586165248
2691,LOAD,89731565,5572.1751871819015
2692,LOAD,92626834,5398.003779336775
2693,LOAD,99035553,5048.6919581294205
2694,LOAD,90435944,5528.775151614495
2695,LOAD,99374241,5031.484970033633
2696,LOAD,91791518,5447.126389172473
2697,LOAD,95744894,5222.210596420944
2698,LOAD,97783730,5113.325089971512
2699,LOAD,90964464,5496.65196730011
2700,LOAD,93561862,5344.057817062255
2701,LOAD,95461046,5237.73854311213
2702,LOAD,96264702,5194.011819617953
2703,LOAD,93384222,5354.2235432448115
2704,LOAD,90136901,5547.117711535257
2705,LOAD,91517875,5463.413568114426
2706,LOAD,98883387,5056.46110200493
2707,LOAD,91965074,5436.846601134687
2708,LOAD,92982021,5377.383655706945
2709,LOAD,95832358,5217.444404321137
2710,LOAD,90714615,5511.791016254658
2711,LOAD,87498798,5714.364213323251
2712,LOAD,98894821,5055.876485180149
2713,LOAD,92651777,5396.550570206549
2714,LOAD,91193799,5482.828936647326
2715,LOAD,97715283,5116.906840458109
2716,LOAD,92893233,5382.523396510487
2717,LOAD,90933666,5498.513608810184
2718,LOAD,87847015,5691.713030886707
2719,LOAD,104954790,4763.955985238978
2720,LOAD,100423555,4978.911571095048
2721,LOAD,93262368,5361.219221883793
2722,LOAD,99694428,5015.325430223643
2723,LOAD,96708219,5170.191377425739
2724,LOAD,94256770,5304.6587528938235
2725,LOAD,99482326,5026.018390442539
2726,LOAD,89739273,5571.696574809559
2727,LOAD,90342182,5534.513213329295
2728,LOAD,97857138,5109.489304704578
2729,LOAD,94120170,5312.357595614203
2730,LOAD,99605292,5019.813605887527
2731,LOAD,103690661,4822.035033608282
2732,LOAD,93290138,5359.62332910259
2733,LOAD,96191693,5197.954047861493
2734,LOAD,90842025,5504.060483019836
2735,LOAD,90987104,5495.284254788458
2736,LOAD,94453572,5293.606048059252
2737,LOAD,97404517,5133.232168278192
2738,LOAD,92531799,5403.547811709572
2739,LOAD,96750329,5167.941082660298
2740,LOAD,90222054,5541.8822541991785
2741,LOAD,95545260,5233.121978002886
2742,LOAD,92051168,5431.761604589308
2743,LOAD,90139234,5546.974140028747
2744,LOAD,89917633,5560.644595704604
2745,LOAD,93559408,5344.197988084747
2746,LOAD,90832527,5504.63602097077
2747,LOAD,92669107,5395.541364178679
2748,LOAD,92419451,5410.116534883982
2749,LOAD,94688674,5280.462582040171
2750,LOAD,90365067,5533.111594992786
2751,LOAD,85950841,5817.278739599535
2752,LOAD,92162385,5425.206823803442
2753,LOAD,94456889,5293.420154881451
2754,LOAD,90005316,5555.22742678888
2755,LOAD,96257225,5194.415276359774
2756,LOAD,92847695,5385.1633042694275
2757,LOAD,91359579,5472.879860797082
2758,LOAD,93610658,5341.272144460303
2759,LOAD,88953603,5620.907789423662
2760,LOAD,97177495,5145.224210605552
2761,LOAD,93053378,5373.260065851667
2762,LOAD,98494566,5076.422185565039
2763,LOAD,96567080,5177.74794474473
2764,LOAD,89355715,5595.612994647292
2765,LOAD,93168468,5366.62253585623
2766,LOAD,90090833,5549.954233412404
2767,LOAD,102301554,4887.511288440447
2768,LOAD,96223255,5196.249077211118
2769,LOAD,93222874,5363.490509850619
2770,LOAD,90436758,5528.725388408991
2771,LOAD,94562756,5287.493947405679
2772,LOAD,88913746,5623.4274506891215
2773,LOAD,95030663,5261.4596617094
2774,LOAD,95301679,5246.497283641771
2775,LOAD,89036937,5615.646908428577
2776,LOAD,96322932,5190.871889157194
2777,LOAD,92203376,5422.794931066299
2778,LOAD,91412188,5469.730141455536
2779,LOAD,91079929,5489.683682120569
2780,LOAD,92639968,5397.238479184276
2781,LOAD,94583125,5286.35525628911
2782,LOAD,100990544,4950.958576874286
2783,LOAD,98628827,5069.511776714124
2784,LOAD,93626252,5340.3825243372985
2785,LOAD,89277197,5600.53425512452
2786,LOAD,93654018,5338.799238704312
2787,LOAD,89065106,5613.870823889212
2788,LOAD,93197833,5364.931607369025
2789,LOAD,95547512,5232.998636322419
2790,LOAD,90502683,5524.698090994717
2791,LOAD,94548227,5288.306463959393
2792,LOAD,99725146,5013.780576465639
2793,LOAD,89884741,5562.679431873759
2794,LOAD,92879273,5383.332403990716
2795,LOAD,96441183,5184.507120780549
2796,LOAD,90919543,5499.367721194991
2797,LOAD,92526025,5403.885015053873
2798,LOAD,86890811,5754.348408602148
2799,LOAD,93893900,5325.159568406468
2800,LOAD,91475090,5465.968932088506
2801,LOAD,90845938,5503.8234070520575
2802,LOAD,97987390,5102.69739810398
2803,LOAD,90463852,5527.0695304904775
2804,LOAD,90516981,5523.825413487884
2805,LOAD,97249847,5141.3962635848675
2806,LOAD,94052604,5316.173914759446
2807,LOAD,91884208,5441.6314934117945
2808,LOAD,92644924,5396.94975625432
2809,LOAD,98274123,5087.809331048419
2810,LOAD,93609334,5341.347690818952
2811,LOAD,88713787,5636.10253725275
2812,LOAD,91174191,5484.0080785581085
2813,LOAD,89853642,5564.604715744299
2814,LOAD,92929281,5380.435473292858
2815,LOAD,88538504,5647.260541018402
2816,LOAD,96921186,5158.830805062579
2817,LOAD,94334104,5300.310055417498
2818,LOAD,89903727,5561.504697130076
2819,LOAD,91206994,5482.035730724773
2820,LOAD,99525605,5023.832811666907
2821,LOAD,90794265,5506.95575320754
2822,LOAD,91100411,5488.44944289
2823,LOAD,91740564,5450.151799807989
2824,LOAD,89326018,5597.473291600214
2825,LOAD,91169115,5484.313410303479
2826,LOAD,98692351,5066.248751131686
2827,LOAD,89500509,5586.560407159249
2828,LOAD,94419709,5295.504564624321
2829,LOAD,91623832,5457.095485812032
2830,LOAD,96117690,5201.956060325628
2831,LOAD,90986345,5495.330095961103
2832,LOAD,87213015,5733.089264257175
2833,LOAD,97607117,5122.577280916923
2834,LOAD,93870649,5326.47856733152
2835,LOAD,97308536,5138.295370099905
2836,LOAD,90408428,5530.457846253006
2837,LOAD,93641004,5339.541212095505
2838,LOAD,89303360,5598.893479483863
2839,LOAD,92516186,5404.459712595589
2840,LOAD,92450735,5408.285829204062
2841,LOAD,100883451,4956.214275421645
2842,LOAD,93306673,5358.673543102324
2843,LOAD,91207689,5481.993957768188
2844,LOAD,95006122,5262.818747617127
2845,LOAD,93080515,5371.693527909681
2846,LOAD,94847505,5271.6199545786685
2847,LOAD,91823429,5445.233372846488
2848,LOAD,94753647,5276.841745204804
2849,LOAD,93097382,5370.720306613993
2850,LOAD,93616876,5340.917379041787
2851,LOAD,93981762,5320.181164511472
2852,LOAD,92561457,5401.816438563624
2853,LOAD,99708108,5014.637325181217
2854,LOAD,93625923,5340.401290356304
2855,LOAD,91989681,5435.392258833902
2856,LOAD,93722500,5334.898236816132
2857,LOAD,96298316,5192.19879192903
2858,LOAD,90244056,5540.531112653004
2859,LOAD,93830095,5328.780707298655
2860,LOAD,97621411,5121.827218826002
2861,LOAD,94015332,5318.281490512632
2862,LOAD,91929460,5438.952866687132
2863,LOAD,96138430,5200.833839287785
2864,LOAD,96790737,5165.783581129256
2865,LOAD,89360497,5595.3135533702325
2866,LOAD,90606180,5518.387377108273
2867,LOAD,94842426,5271.902260281701
2868,LOAD,93415054,5352.456361048617
2869,LOAD,88329697,5660.610383391217
2870,LOAD,93419172,5352.220420022562
2871,LOAD,94127976,5311.917043664043
2872,LOAD,91116018,5487.50934221028
2873,LOAD,96021512,5207.166494108112
2874,LOAD,91593955,5458.8755338712035
2875,LOAD,94143309,5311.051898547564
2876,LOAD,94542248,5288.640904751916
2877,LOAD,94622703,5284.144123424587
2878,LOAD,93914586,5323.986627593716
2879,LOAD,91972542,5436.405139264281
2880,LOAD,88481055,5650.927195657873
2881,LOAD,90444321,5528.263073587561
2882,LOAD,96541726,5179.107736275608
2883,LOAD,94824904,5272.8764165160665
2884,LOAD,89381014,5594.02917492075
2885,LOAD,93725313,5334.7381192528
2886,LOAD,92325982,5415.593629970814
2887,LOAD,97210489,5143.477881280898
2888,LOAD,89587179,5581.155758906082
2889,LOAD,88283277,5663.586774197337
2890,LOAD,96100899,5202.864959671189
2891,LOAD,89088144,5612.419089121443
2892,LOAD,89664851,5576.321093758356
2893,LOAD,96314826,5191.308760709384
2894,LOAD,89545003,5583.7845021904795
2895,LOAD,88741003,5634.373999581681
2896,LOAD,89408096,5592.334725481684
2897,LOAD,91947568,5437.881728421571
2898,LOAD,87604785,5707.450797350853
2899,LOAD,89462875,5588.910483818008
2900,LOAD,91509164,5463.93364494074
2901,LOAD,96519294,5180.311410068955
2902,LOAD,91445492,5467.738092545886
2903,LOAD,92716473,5392.784947719053
2904,LOAD,91086225,5489.304227944455
2905,LOAD,95277756,5247.814610579199
2906,LOAD,90193306,5543.648660577981
2907,LOAD,93637870,5339.719923146479
2908,LOAD,89215513,5604.406489261571
2909,LOAD,96337636,5190.079607101839
2910,LOAD,92739075,5391.470639533552
2911,LOAD,98297105,5086.61979414348
2912,LOAD,89932328,5559.735982815879
2913,LOAD,91263754,5478.626268211584
2914,LOAD,91510454,5463.856621233679
2915,LOAD,96544297,5178.969815275572
2916,LOAD,88459430,5652.3086345910215
2917,LOAD,96558958,5178.183467969901
2918,LOAD,91319361,5475.290174227128
2919,LOAD,94714169,5279.041196043224
2920,LOAD,92848150,5385.136914413481
2921,LOAD,95461653,5237.705238563175
2922,LOAD,93449489,5350.484045985528
2923,LOAD,93778754,5331.698051778338
2924,LOAD,100095075,4995.2507653348575
2925,LOAD,90119735,5548.174326078522
2926,LOAD,88571228,5645.1740739103225
2927,LOAD,102773375,4865.07327408485
2928,LOAD,96530322,5179.719591114593
2929,LOAD,89595087,5580.6631450673185
2930,LOAD,91256615,5479.054860844883
2931,LOAD,92320625,5415.907875407039
2932,LOAD,96404584,5186.475365113343
2933,LOAD,96901923,5159.856321943167
2934,LOAD,91543560,5461.8806609662115
2935,LOAD,90193264,5543.651242070583
2936,LOAD,92878622,5383.370136563826
2937,LOAD,96837872,5163.269180471046
2938,LOAD,92810409,5387.326759868066
2939,LOAD,93273776,5360.563509297619
2940,LOAD,96084443,5203.756033638037
2941,LOAD,91921883,5439.401192423354
2942,LOAD,89576665,5581.810843259234
2943,LOAD,93124894,5369.133628221902
2944,LOAD,91913936,5439.871490216674
2945,LOAD,93861686,5326.987201146163
2946,LOAD,99371534,5031.622033730505
2947,LOAD,87962910,5684.213948810925
2948,LOAD,89857236,5564.38214947987
2949,LOAD,104153860,4800.590203762012
2950,LOAD,89826393,5566.292748724754
2951,LOAD,92246905,5420.236050195938
2952,LOAD,103155628,4847.045281911328
2953,LOAD,101186158,4941.387338770191
2954,LOAD,90566898,5520.780892815827
2955,LOAD,86763370,5762.800592000979
2956,LOAD,89500224,5586.57819672049
2957,LOAD,95646481,5227.5838564306405
2958,LOAD,93540923,5345.254076656909
2959,LOAD,88274114,5664.174663933755
2960,LOAD,87971468,5683.660979716742
2961,LOAD,98249710,5089.07354535703
2962,LOAD,90472688,5526.529730165638
2963,LOAD,96905058,5159.689394128426
2964,LOAD,93146258,5367.902165216342
2965,LOAD,94405722,5296.289138067288
2966,LOAD,89171224,5607.190050458431
2967,LOAD,99604398,5019.8586612611225
2968,LOAD,94964616,5265.11895757047
2969,LOAD,97802326,5112.352849358614
2970,LOAD,98202685,5091.510481612595
2971,LOAD,93195321,5365.076214502228
2972,LOAD,92117701,5427.838456367903
2973,LOAD,95821373,5218.042534205808
2974,LOAD,90230381,5541.370816111261
2975,LOAD,94101084,5313.435071587485
2976,LOAD,96699123,5170.677711316989
2977,LOAD,94628295,5283.83186022743
2978,LOAD,96590501,5176.492458611432
2979,LOAD,98866146,5057.3428845906465
2980,LOAD,100758650,4962.353108145057
2981,LOAD,95500850,5235.555495055803
2982,LOAD,88740319,5634.417428677487
2983,LOAD,92493110,5405.808065054792
2984,LOAD,94363981,5298.631900661334
2985,LOAD,91537403,5462.248038651479
2986,LOAD,92892729,5382.552599999512
2987,LOAD,95040022,5260.941543132219
2988,LOAD,92510347,5404.800827306377
2989,LOAD,95606394,5229.775740731316
2990,LOAD,92435390,5409.183647085818
2991,LOAD,94245058,5305.317972216644
2992,LOAD,93200713,5364.765825342989
2993,LOAD,94293194,5302.609645400283
2994,LOAD,96766563,5167.074085291218
2995,LOAD,93530346,5345.8585516191715
2996,LOAD,98647675,5068.543176511763
2997,LOAD,96644791,5173.584575292837
2998,LOAD,93033605,5374.402077614857
2999,LOAD,91186862,5483.246040421919
3000,LOAD,88190369,5669.553327302668
3001,LOAD,88374311,5657.752737670566
3002,LOAD,85702353,5834.145533903836
3003,LOAD,99095102,5045.658058861476
3004,LOAD,92550943,5402.430097335691
3005,LOAD,86398641,5787.128063738873
3006,LOAD,83436132,5992.6076151277
3007,LOAD,98037854,5100.0708359038545
3008,LOAD,91730411,5450.755039133096
3009,LOAD,94188172,5308.522178347404
3010,LOAD,94488809,5291.631943418823
3011,LOAD,89490642,5587.176366440639
3012,LOAD,94216206,5306.942629381616
3013,LOAD,93165621,5366.786531697137
3014,LOAD,95117239,5256.670665135686
3015,LOAD,94647571,5282.755750805269
3016,LOAD,95531473,5233.877216569245
3017,LOAD,90767697,5508.567657059758
3018,LOAD,95321328,5245.415800333793
3019,LOAD,89888269,5562.461103795424
3020,LOAD,89736527,5571.867072591298
3021,LOAD,95943844,5211.381774530526
3022,LOAD,94113540,5312.731834335421
3023,LOAD,97805757,5112.173509377367
3024,LOAD,94868459,5270.455589459928
3025,LOAD,97365621,5135.282811989665
3026,LOAD,92489401,5406.02484818774
3027,LOAD,95313479,5245.847756748025
3028,LOAD,97067468,5151.056376581287
3029,LOAD,91033055,5492.510385375949
3030,LOAD,92488295,5406.0894948923
3031,LOAD,97749300,5115.12614412584
3032,LOAD,92731783,5391.894599934523
3033,LOAD,92806817,5387.535271250603
3034,LOAD,93056480,5373.080950407752
3035,LOAD,95047004,5260.555082830386
3036,LOAD,92211719,5422.304295183999
3037,LOAD,94416369,5295.691894273121
3038,LOAD,98322227,5085.320128072363
3039,LOAD,92285939,5417.943463738284
3040,LOAD,91691430,5453.0723318417
3041,LOAD,97420683,5132.38035910711
3042,LOAD,92722861,5392.413420030255
3043,LOAD,96534278,5179.5073248489
3044,LOAD,94255971,5304.70372004337
3045,LOAD,94719409,5278.749152668383
3046,LOAD,90845005,5503.879932639114
3047,LOAD,90449633,5527.938405233772
3048,LOAD,95728863,5223.085121150974
3049,LOAD,93098686,5370.645080855384
3050,LOAD,91632156,5456.5997552213
3051,LOAD,97255526,5141.096044249455
3052,LOAD,96299307,5192.145359883016
3053,LOAD,90668967,5514.5659705155795
3054,LOAD,94296945,5302.398715037904
3055,LOAD,95896703,5213.943590949108
3056,LOAD,97372540,5134.917914229206
3057,LOAD,89318786,5597.9265101072915
3058,LOAD,89875129,5563.27435146157
3059,LOAD,91902368,5440.556221576358
3060,LOAD,92129099,5427.1669366917395
3061,LOAD,95087243,5258.328922208839
3062,LOAD,87397190,5721.007734916878
3063,LOAD,91406068,5470.096361655115
3064,LOAD,97752915,5114.936981674665
3065,LOAD,102709059,4868.119763418336
3066,LOAD,94874431,5270.123833469947
3067,LOAD,95962821,5210.351204660813
3068,LOAD,93130456,5368.8129691966715
3069,LOAD,94690152,5280.380160335998
3070,LOAD,96416529,5185.832815035273
3071,LOAD,92912012,5381.435502655997
3072,LOAD,93814815,5329.648627458253
3073,LOAD,84921577,5887.785150292251
3074,LOAD,98312647,5085.815663166916
3075,LOAD,92539482,5403.099187436558
3076,LOAD,90987259,5495.274893378203
3077,LOAD,92274372,5418.62262687629
3078,LOAD,93804773,5330.219177653146
3079,LOAD,91313350,5475.650603115536
3080,LOAD,89637201,5578.041197426502
3081,LOAD,95177039,5253.367884243594
3082,LOAD,92807412,5387.500731083849
3083,LOAD,90772289,5508.288988944633
3084,LOAD,90584240,5519.723960812609
3085,LOAD,94122861,5312.205713763843
3086,LOAD,89324144,5597.590725302668
3087,LOAD,92985399,5377.188304585325
3088,LOAD,93731174,5334.404538665012
3089,LOAD,101537840,4924.272566759349
3090,LOAD,91618292,5457.425466958061
3091,LOAD,96965822,5156.456055206751
3092,LOAD,90491560,5525.377173296603
3093,LOAD,88872837,5626.015967060892
3094,LOAD,96637509,5173.974424361456
3095,LOAD,90113102,5548.582713310657
3096,LOAD,94447728,5293.933592558204
3097,LOAD,97075160,5150.648219379706
3098,LOAD,98861624,5057.574211000217
3099,LOAD,90747482,5509.794751109458
3100,LOAD,86035746,5811.537915879755
3101,LOAD,93420783,5352.128123353451
3102,LOAD,98103459,5096.660251296542
3103,LOAD,87556941,5710.569536685846
3104,LOAD,97704825,5117.454537173573
3105,LOAD,95705606,5224.354360182412
3106,LOAD,96162842,5199.513550150692
3107,LOAD,94916556,5267.784895187305
3108,LOAD,95879014,5214.90552666718
3109,LOAD,88314393,5661.591310490013
3110,LOAD,93954764,5321.709924150307
3111,LOAD,94456455,5293.444476610942
3112,LOAD,94308656,5301.740277159713
3113,LOAD,92181996,5424.052653405335
3114,LOAD,95008304,5262.697879545351
3115,LOAD,93416468,5352.375343499392
3116,LOAD,92450137,5408.3208118988505
3117,LOAD,99148663,5042.932348971766
3118,LOAD,93884593,5325.687463969727
3119,LOAD,88827114,5628.911910838396
3120,LOAD,92543716,5402.851988351105
3121,LOAD,84131100,5943.105462783679
3122,LOAD,91002647,5494.345675461505
3123,LOAD,93378158,5354.571247807222
3124,LOAD,97069191,5150.964944170597
3125,LOAD,90435191,5528.82118643394
3126,LOAD,93279586,5360.229621945363
3127,LOAD,88020086,5680.521602762351
3128,LOAD,92450029,5408.327129891976
3129,LOAD,87965965,5684.016539806048
3130,LOAD,90275623,5538.593735320996
3131,LOAD,90982376,5495.569823324904
3132,LOAD,109210093,4578.331418507262
3133,LOAD,93761623,5332.672195744735
3134,LOAD,92609451,5399.016996656205
3135,LOAD,90298560,5537.186861008636
3136,LOAD,100878486,4956.458208542107
3137,LOAD,89363096,5595.150821542709
3138,LOAD,95123348,5256.333071876317
3139,LOAD,94410190,5296.03848906564
3140,LOAD,94471249,5292.615534277525
3141,LOAD,96357317,5189.019532372409
3142,LOAD,96205409,5197.212975831743
3143,LOAD,91942264,5438.19543099352
3144,LOAD,95261798,5248.69371035806
3145,LOAD,95056512,5260.028897336355
3146,LOAD,91416343,5469.481534609189
3147,LOAD,94148905,5310.736221520579
3148,LOAD,95730812,5222.978783466288
3149,LOAD,94797446,5274.403700707296
3150,LOAD,92234963,5420.937828098874
3151,LOAD,94926973,5267.2068243448575
3152,LOAD,99320377,5034.213673997633
3153,LOAD,98145692,5094.467111200357
3154,LOAD,91569932,5460.30764771126
3155,LOAD,100011214,4999.439362869848
3156,LOAD,95211601,5251.460901282398
3157,LOAD,89865238,5563.886672174618
3158,LOAD,90223662,5541.783484691632
3159,LOAD,100206654,4989.68860890216
3160,LOAD,91524043,5463.045377049176
3161,LOAD,97218553,5143.051244549999
3162,LOAD,95497592,5235.734111494665
3163,LOAD,93945259,5322.248353160642
3164,LOAD,91967714,5436.690532505788
3165,LOAD,96194207,5197.818201256132
3166,LOAD,93586368,5342.658452136961
3167,LOAD,93956639,5321.603724032742
3168,LOAD,93304959,5358.7719812405685
3169,LOAD,93054212,5373.211907914496
3170,LOAD,95014750,5262.340847079006
3171,LOAD,98932324,5053.959917084329
3172,LOAD,92015055,5433.893399292106
3173,LOAD,94258041,5304.587223492158
3174,LOAD,93646417,5339.2325730946
3175,LOAD,97093022,5149.700665409302
3176,LOAD,97962399,5103.999137464977
3177,LOAD,95789299,5219.789738726452
3178,LOAD,93172725,5366.377338432465
3179,LOAD,91913645,5439.888712932666
3180,LOAD,94391268,5297.100151255517
3181,LOAD,89195337,5605.674206937521
3182,LOAD,98569188,5072.579070043673
3183,LOAD,90335825,5534.902681189882
3184,LOAD,93785869,5331.293566198124
3185,LOAD,92668805,5395.558947803416
3186,LOAD,92972823,5377.915651759869
3187,LOAD,90683160,5513.702874932897
3188,LOAD,94483489,5291.929894756533
3189,LOAD,91966635,5436.754318563466
3190,LOAD,93535847,5345.5441527139865
3191,LOAD,92957288,5378.814407752516
3192,LOAD,98451457,5078.645001668183
3193,LOAD,90602396,5518.617852004709
3194,LOAD,88528649,5647.889193474533
3195,LOAD,89100810,5611.621263600185
3196,LOAD,95797259,5219.356015186197
3197,LOAD,87586822,5708.6213266192035
3198,LOAD,97445572,5131.069475378522
3199,LOAD,98914729,5054.858917927178
3200,LOAD,95935553,5211.832155697273
3201,LOAD,97434891,5131.631953075207
3202,LOAD,90720055,5511.460503413496
3203,LOAD,89532422,5584.569129605363
3204,LOAD,88951986,5621.009968231625
3205,LOAD,96591024,5176.464430069609
3206,LOAD,105906621,4721.140144769608
3207,LOAD,95362087,5243.173841193304
3208,LOAD,97499037,5128.2557795929815
3209,LOAD,93488662,5348.242121595451
3210,LOAD,99134184,5043.668892256176
3211,LOAD,93780751,5331.584516741607
3212,LOAD,91734868,5450.490210548949
3213,LOAD,94093455,5313.86587940681
3214,LOAD,87789453,5695.444986996331
3215,LOAD,95886855,5214.479085793355
3216,LOAD,102463441,4879.789270399381
3217,LOAD,92080930,5430.005974092573
3218,LOAD,92761686,5390.156448859716
3219,LOAD,94891169,5269.194228179443
3220,LOAD,96432401,5184.979268534442
3221,LOAD,91162267,5484.725385339529
3222,LOAD,102345597,4885.40801613576
3223,LOAD,90955567,5497.189633263459
3224,LOAD,94338803,5300.046047860073
3225,LOAD,92380933,5412.372269502842
3226,LOAD,95163330,5254.124671761697
3227,LOAD,91368435,5472.349395061872
3228,LOAD,96738852,5168.554201987015
3229,LOAD,93165221,5366.8095737142075
3230,LOAD,98447311,5078.858883205048
3231,LOAD,88214348,5668.012192302323
3232,LOAD,95831415,5217.495745001783
3233,LOAD,92978039,5377.613954624274
3234,LOAD,95100763,5257.58137187606
3235,LOAD,98200929,5091.601526498797
3236,LOAD,97023003,5153.417071619603
3237,LOAD,88371760,5657.9160582520935
3238,LOAD,94181847,5308.878684445422
3239,LOAD,99247247,5037.923117403952
3240,LOAD,96116156,5202.03908279478
3241,LOAD,96059607,5205.101453309089
3242,LOAD,92567847,5401.443548751869
3243,LOAD,95986963,5209.040731916895
3244,LOAD,94774847,5275.661378804442
3245,LOAD,92088769,5429.543748163253
3246,LOAD,94579047,5286.583190037853
3247,LOAD,94103754,5313.28431382238
3248,LOAD,91957736,5437.2804480527875
3249,LOAD,87534943,5712.004633395374
3250,LOAD,93729286,5334.5119902012275
3251,LOAD,93750845,5333.2852626554995
3252,LOAD,101585254,4921.974207004493
3253,LOAD,100408782,4979.644111209316
3254,LOAD,94531486,5289.242993598979
3255,LOAD,92301304,5417.041562056372
3256,LOAD,96369413,5188.368222186847
3257,LOAD,94493689,5291.358664174916
3258,LOAD,93860148,5327.074489590619
3259,LOAD,95506866,5235.225706181166
3260,LOAD,95734205,5222.793671290215
3261,LOAD,91966309,5436.773590641764
3262,LOAD,97109203,5148.842587040901
3263,LOAD,92654763,5396.376654700417
3264,LOAD,95008949,5262.662151962127
3265,LOAD,91781293,5447.733232522666
3266,LOAD,105183571,4753.594076017822
3267,LOAD,87577404,5709.235226931367
3268,LOAD,93207760,5364.360220651156
3269,LOAD,99637268,5018.20262675207
3270,LOAD,95717651,5223.69693339006
3271,LOAD,92008950,5434.253950295053
3272,LOAD,98522755,5074.969736686718
3273,LOAD,92035823,5432.667234365906
3274,LOAD,96199828,5197.514490358549
3275,LOAD,96130690,5201.25258645288
3276,LOAD,99809635,5009.536403975428
3277,LOAD,93418203,5352.275937056935
3278,LOAD,95593728,5230.468676773439
3279,LOAD,95679689,5225.769494296746
3280,LOAD,92594283,5399.9014172397665
3281,LOAD,97027887,5153.157668990565
3282,LOAD,94798447,5274.348006987921
3283,LOAD,97336752,5136.805879859233
3284,LOAD,94584881,5286.257113332944
3285,LOAD,92563555,5401.694003649709
3286,LOAD,94345165,5299.688648591584
3287,LOAD,99423440,5028.99517457855
3288,LOAD,94036135,5317.10496183196
3289,LOAD,91764002,5448.759743499417
3290,LOAD,92999350,5376.38166288259
3291,LOAD,92410687,5410.629616897016
3292,LOAD,94515357,5290.14560035995
3293,LOAD,96654166,5173.082761895644
3294,LOAD,91754148,5449.344916809647
3295,LOAD,92826685,5386.382159397376
3296,LOAD,100021017,4998.949370810737
3297,LOAD,91205109,5482.149031804786
3298,LOAD,89647018,5577.430361375768
3299,LOAD,97971088,5103.5464666882135
3300,LOAD,100874399,4956.659023068876
3301,LOAD,93507770,5347.149226208689
3302,LOAD,101242403,4938.64216162471
3303,LOAD,91935125,5438.617720920051
3304,LOAD,95305300,5246.297949851688
3305,LOAD,91794641,5446.941069250437
3306,LOAD,97501754,5128.112874769412
3307,LOAD,94371902,5298.187165921484
3308,LOAD,93433335,5351.409108965232
3309,LOAD,89965626,5557.678218122997
3310,LOAD,95969001,5210.01567995899
3311,LOAD,100847544,4957.978946914166
3312,LOAD,95072336,5259.153409252508
3313,LOAD,97161955,5146.047133366141
3314,LOAD,114293572,4374.699217555297
3315,LOAD,93331938,5357.222947625924
3316,LOAD,95827963,5217.68369426782
3317,LOAD,89761101,5570.341656125631
3318,LOAD,92783343,5388.89830688683
3319,LOAD,86017723,5812.755587589781
3320,LOAD,103212946,4844.353536813105
3321,LOAD,93156186,5367.33008798793
3322,LOAD,93950942,5321.92641559677
3323,LOAD,91081871,5489.566633957267
3324,LOAD,93755031,5333.047140691575
3325,LOAD,94796477,5274.457615128461
3326,LOAD,98225395,5090.333309425735
3327,LOAD,92233775,5421.00765148125
3328,LOAD,91577505,5459.856107676224
3329,LOAD,102567820,4874.823312029055
3330,LOAD,97240643,5141.882905895634
3331,LOAD,94650030,5282.618505245059
3332,LOAD,93825876,5329.020322709271
3333,LOAD,100875511,4956.604383396878
3334,LOAD,93404897,5353.038395834857
3335,LOAD,91167527,5484.4089387222275
3336,LOAD,102086433,4897.810466156654
3337,LOAD,94626880,5283.91087183684
3338,LOAD,101532512,4924.530971911736
3339,LOAD,96607315,5175.591517060587
3340,LOAD,96705584,5170.332252995856
3341,LOAD,96201791,5197.408434942755
3342,LOAD,93464553,5349.621690267967
3343,LOAD,95425570,5239.685757182273
3344,LOAD,92779480,5389.122681006619
3345,LOAD,94221917,5306.620963782769
3346,LOAD,92707964,5393.279912823887
3347,LOAD,93475291,5349.007150991378
3348,LOAD,89227068,5603.680712673423
3349,LOAD,92347008,5414.360582207493
3350,LOAD,99671542,5016.47702009065
3351,LOAD,95139820,5255.423018458518
3352,LOAD,96384287,5187.567554450032
3353,LOAD,88330459,5660.561551027376
3354,LOAD,101045936,4948.24452910209
3355,LOAD,88802799,5630.453157225371
3356,LOAD,83930543,5957.306865034819
3357,LOAD,96803735,5165.089962696171
3358,LOAD,88896459,5624.520994700138
3359,LOAD,90707086,5512.248513859215
3360,LOAD,94561838,5287.545278043348
3361,LOAD,92514564,5404.5544656082475
3362,LOAD,98848305,5058.255677727605
3363,LOAD,89991304,5556.092397549879
3364,LOAD,95639635,5227.958053164883
3365,LOAD,91937686,5438.466223742024
3366,LOAD,96472723,5182.812140588175
3367,LOAD,97376291,5134.720113749249
3368,LOAD,91377165,5471.826577241699
3369,LOAD,96617413,5175.0505884482745
3370,LOAD,92361962,5413.483962153165
3371,LOAD,93895691,5325.057994407858
3372,LOAD,86094584,5807.566245978957
3373,LOAD,95792111,5219.6365105681825
3374,LOAD,93551529,5344.648081593621
3375,LOAD,97358616,5135.6522980975815
3376,LOAD,89770089,5569.783939949085
3377,LOAD,96501978,5181.240948242532
3378,LOAD,93132858,5368.674501538437
3379,LOAD,98249922,5089.062564344835
3380,LOAD,90078755,5550.69838609559
3381,LOAD,97473477,5129.60053738516
3382,LOAD,89984429,5556.516894717418
3383,LOAD,96841630,5163.06881658229
3384,LOAD,95953202,5210.873525617207
3385,LOAD,92730223,5391.98530774589
3386,LOAD,89677525,5575.533000046556
3387,LOAD,93957776,5321.539326345911
3388,LOAD,98550936,5073.51853055967
3389,LOAD,92719307,5392.62011524741
3390,LOAD,94746620,5277.233108685038
3391,LOAD,91624567,5457.051709723223
3392,LOAD,93585048,5342.733809358093
3393,LOAD,93470282,5349.293800140669
3394,LOAD,96357194,5189.0261561580965
3395,LOAD,94144268,5310.997797550457
3396,LOAD,88243097,5666.165592533544
3397,LOAD,96396003,5186.937055886021
3398,LOAD,86332021,5791.593828204253
3399,LOAD,89432302,5590.821088335621
3400,LOAD,95015446,5262.302299775555
3401,LOAD,92177924,5424.2922632972295
3402,LOAD,91933825,5438.6946262705815
3403,LOAD,99234450,5038.572794024656
3404,LOAD,93159388,5367.145606409523
3405,LOAD,94843742,5271.829110243246
3406,LOAD,101828616,4910.21109429593
3407,LOAD,95296336,5246.791440124203
3408,LOAD,96929434,5158.3918255418685
3409,LOAD,91911014,5440.044432542111
3410,LOAD,92453785,5408.107412800892
3411,LOAD,98375283,5082.577500691917
3412,LOAD,94684224,5280.710754940549
3413,LOAD,93707424,5335.756535149232
3414,LOAD,96342012,5189.843865830828
3415,LOAD,93241630,5362.411618072314
3416,LOAD,94853747,5271.273047336759
3417,LOAD,92398577,5411.3387482147045
3418,LOAD,100067033,4996.650595206515
3419,LOAD,91450340,5467.448234746858
3420,LOAD,96786308,5166.019970510704
3421,LOAD,98521198,5075.049940013924
3422,LOAD,94023787,5317.803249086319
3423,LOAD,93756077,5332.987641963731
3424,LOAD,101626251,4919.98863561345
3425,LOAD,91592671,5458.95205960311
3426,LOAD,92723229,5392.39201861704
3427,LOAD,95992369,5208.747374491821
3428,LOAD,96727404,5169.1659170342255
3429,LOAD,89456516,5589.307770492649
3430,LOAD,100901151,4955.344860238512
3431,LOAD,97330816,5137.119162753142
3432,LOAD,96338992,5190.00655518588
3433,LOAD,93577068,5343.189423289047
3434,LOAD,100198766,4990.081414775108
3435,LOAD,93846218,5327.865210295421
3436,LOAD,102700003,4868.549030130019
3437,LOAD,93528092,5345.987385266022
3438,LOAD,97251294,5141.319764855776
3439,LOAD,91031757,5492.588701764814
3440,LOAD,97949878,5104.651585170938
3441,LOAD,94986262,5263.919112850235
3442,LOAD,93368377,5355.13217713959
3443,LOAD,89026879,5616.281348018501
3444,LOAD,94774086,5275.703740366328
3445,LOAD,90843918,5503.94578974456
3446,LOAD,95196465,5252.295870440147
3447,LOAD,96148295,5200.300223732516
3448,LOAD,98151550,5094.1630570276275
3449,LOAD,90754691,5509.357086566467
3450,LOAD,94717066,5278.879732191029
3451,LOAD,93351963,5356.07376569039
3452,LOAD,96469499,5182.985349597389
3453,LOAD,94414560,5295.793360685047
3454,LOAD,94092118,5313.941386673855
3455,LOAD,88960627,5620.463983465404
3456,LOAD,92183457,5423.96668851332
3457,LOAD,98548526,5073.642603238936
3458,LOAD,97085266,5150.112067468611
3459,LOAD,93975262,5320.549146221056
3460,LOAD,97196391,5144.223924939764
3461,LOAD,92640309,5397.21861247246
3462,LOAD,90054425,5552.198018031873
3463,LOAD,87397110,5721.012971710392
3464,LOAD,103719104,4820.712681821856
3465,LOAD,91885902,5441.531171996331
3466,LOAD,90510539,5524.21856641468
3467,LOAD,99761926,5011.932107245003
3468,LOAD,87766342,5696.944735374753
3469,LOAD,90775016,5508.12351275157
3470,LOAD,92277606,5418.432723536413
3471,LOAD,94352926,5299.252722697757
3472,LOAD,89727551,5572.424460799114
3473,LOAD,94412725,5295.896289403786
3474,LOAD,89722928,5572.711581592612
3475,LOAD,93648401,5339.119458110128
3476,LOAD,91088054,5489.194005615709
3477,LOAD,95265954,5248.464734841159
3478,LOAD,89867638,5563.738083335405
3479,LOAD,98989575,5051.036940001005
3480,LOAD,98485470,5076.891037835327
3481,LOAD,95410470,5240.515008468149
3482,LOAD,96431457,5185.030026042228
3483,LOAD,90636146,5516.562895337584
3484,LOAD,92839114,5385.661047993199
3485,LOAD,91832273,5444.708964135081
3486,LOAD,91901676,5440.5971878031905
3487,LOAD,92728916,5392.061306960603
3488,LOAD,92835037,5385.897567962406
3489,LOAD,88823201,5629.159885827577
3490,LOAD,87418264,5719.628566405757
3491,LOAD,95096445,5257.820100425416
3492,LOAD,90480062,5526.079325630878
3493,LOAD,88973313,5619.6626060221
3494,LOAD,92926850,5380.576227430501
3495,LOAD,91471293,5466.195826050037
3496,LOAD,110936809,4507.070326856076
3497,LOAD,95287152,5247.297138233285
3498,LOAD,95508805,5235.119421711956
3499,LOAD,104105332,4802.827966582922
3500,LOAD,92417006,5410.259665845483
3501,LOAD,91384542,5471.384865068318
3502,LOAD,85716818,5833.161002313454
3503,LOAD,93432039,5351.483338600799
3504,LOAD,90650465,5515.6915080358385
3505,LOAD,95282182,5247.570841734082
3506,LOAD,85139907,5872.686706129477
3507,LOAD,99724787,5013.798625611505
3508,LOAD,89839553,5565.477379434424
3509,LOAD,96352495,5189.279218976115
3510,LOAD,86112084,5806.386011979456
3511,LOAD,93090909,5371.093755245209
3512,LOAD,89283848,5600.117055886749
3513,LOAD,96294440,5192.407785953166
3514,LOAD,95994274,5208.644007245683
3515,LOAD,99101842,5045.3148993941
3516,LOAD,96582528,5176.919784083514
3517,LOAD,97636186,5121.052147612567
3518,LOAD,94131987,5311.690700845399
3519,LOAD,89195132,5605.687090636292
3520,LOAD,87268716,5729.430005593298
3521,LOAD,94905695,5268.387740061331
3522,LOAD,97416459,5132.602900296345
3523,LOAD,96802767,5165.141612119413
3524,LOAD,98577017,5072.176205129032
3525,LOAD,92585919,5400.389231973816
3526,LOAD,99568524,5021.667289152544
3527,LOAD,88714801,5636.0381172472
3528,LOAD,99100012,5045.408067155431
3529,LOAD,95108854,5257.1341044651845
3530,LOAD,97136243,5147.409293974856
3531,LOAD,89261169,5601.539903650601
3532,LOAD,95495362,5235.8563759358285
3533,LOAD,88815866,5629.624778978116
3534,LOAD,99071875,5046.840992965965
3535,LOAD,90824583,5505.117485648131
3536,LOAD,94641505,5283.094346396963
3537,LOAD,97215070,5143.235508651077
3538,LOAD,94175441,5309.239804887136
3539,LOAD,90097836,5549.522854244801
3540,LOAD,98526669,5074.768132067877
3541,LOAD,94135217,5311.508444283929
3542,LOAD,100206280,4989.7072319219915
3543,LOAD,94045156,5316.594934458932
3544,LOAD,94985553,5263.958404284913
3545,LOAD,97585680,5123.7025760336965
3546,LOAD,91826241,5445.066623167118
3547,LOAD,90141270,5546.848851807834
3548,LOAD,97194675,5144.314747695797
3549,LOAD,94577189,5286.687046704254
3550,LOAD,95443520,5238.700332929883
3551,LOAD,97151207,5146.616449139948
3552,LOAD,96308016,5191.675841396213
3553,LOAD,93506543,5347.2193919092915
3554,LOAD,94866422,5270.568758248308
3555,LOAD,105372578,4745.067544992588
3556,LOAD,98038323,5100.046437962836
3557,LOAD,92968342,5378.174863008743
3558,LOAD,91387395,5471.214055286289
3559,LOAD,99039875,5048.4716383173945
3560,LOAD,88871038,5626.129853462497
3561,LOAD,94202804,5307.697634987595
3562,LOAD,91780181,5447.7992367437155
3563,LOAD,92593536,5399.944981040578
3564,LOAD,88794918,5630.9528885425625
3565,LOAD,92510605,5404.785754022471
3566,LOAD,91737080,5450.358786218179
3567,LOAD,93408289,5352.844007237944
3568,LOAD,89669673,5576.021226262306
3569,LOAD,94200335,5307.836750262088
3570,LOAD,100751989,4962.681183395794
3571,LOAD,97751459,5115.01316824335
3572,LOAD,96243398,5195.161542405226
3573,LOAD,97948643,5104.715947927936
3574,LOAD,101695375,4916.644439336597
3575,LOAD,88447947,5653.0424612342895
3576,LOAD,97107033,5148.957645529134
3577,LOAD,94498299,5291.100530814846
3578,LOAD,95139341,5255.4494780450505
3579,LOAD,89265134,5601.29109311593
3580,LOAD,94950062,5265.925998026204
3581,LOAD,93538305,5345.403682480669
3582,LOAD,98311995,5085.849392029935
3583,LOAD,94486417,5291.765905357592
3584,LOAD,95345939,5244.061836760557
3585,LOAD,88110598,5674.686261918231
3586,LOAD,95450027,5238.343201306795
3587,LOAD,89180150,5606.628829397574
3588,LOAD,96461291,5183.426375663996
3589,LOAD,96853017,5162.461795072424
3590,LOAD,97591293,5123.407884348863
3591,LOAD,94977683,5264.3945841466775
3592,LOAD,101496952,4926.256307677102
3593,LOAD,94496541,5291.198965684892
3594,LOAD,95534753,5233.6975215710245
3595,LOAD,90134935,5547.2387038388615
3596,LOAD,97855911,5109.55337179376
3597,LOAD,95201293,5252.02950762444
3598,LOAD,99347211,5032.853916754643
3599,LOAD,98076339,5098.069576190032
3600,LOAD,91846226,5443.88182046805
3601,LOAD,96116005,5202.047255293226
3602,LOAD,97517952,5127.261081118684
3603,LOAD,89490795,5587.166814195807
3604,LOAD,96899380,5159.991735757237
3605,LOAD,86390789,5787.654051868886
3606,LOAD,87260330,5729.980622351531
3607,LOAD,95613874,5229.366608448478
3608,LOAD,94901028,5268.646826460089
3609,LOAD,94432316,5294.79759873728
3610,LOAD,91776852,5447.996843474213
3611,LOAD,84545199,5913.996370154619
3612,LOAD,96479361,5182.4555512966135
3613,LOAD,98575536,5072.252409563363
3614,LOAD,102494543,4878.308496872853
3615,LOAD,96642497,5173.707380511909
3616,LOAD,90562623,5521.041500752468
3617,LOAD,96773519,5166.702680306582
3618,LOAD,94675276,5281.209848281826
3619,LOAD,105451638,4741.510037046555
3620,LOAD,90489534,5525.500882787174
3621,LOAD,93640084,5339.593672299568
3622,LOAD,99203893,5040.124786231927
3623,LOAD,91014366,5493.638224101896
3624,LOAD,95985308,5209.130547354185
3625,LOAD,95517207,5234.65892381045
3626,LOAD,98647146,5068.570356814986
3627,LOAD,96738361,5168.580435221556
3628,LOAD,92641183,5397.167693767469
3629,LOAD,99487717,5025.7460425994095
3630,LOAD,90529336,5523.071548873396
3631,LOAD,97223570,5142.785849151599
3632,LOAD,95276170,5247.901967511918
3633,LOAD,93495386,5347.857486785498
3634,LOAD,95261255,5248.723628509828
3635,LOAD,95345889,5244.064586780454
3636,LOAD,92910455,5381.525685134144
3637,LOAD,91114459,5487.603235398677
3638,LOAD,87760694,5697.311372674422
3639,LOAD,96083837,5203.788853686183
3640,LOAD,98099269,5096.8779390190975
3641,LOAD,91938386,5438.4248163764805
3642,LOAD,94968582,5264.899079992581
3643,LOAD,91265278,5478.534782965325
3644,LOAD,99488282,5025.7175010821875
3645,LOAD,101285455,4936.5429616720385
3646,LOAD,96343722,5189.751751546405
3647,LOAD,88318240,5661.344700709616
3648,LOAD,98977928,5051.631309154097
3649,LOAD,89809294,5567.352528124762
3650,LOAD,101356370,4933.08905991799
3651,LOAD,91972818,5436.388825228776
3652,LOAD,96193674,5197.847001872493
3653,LOAD,95967894,5210.075778051355
3654,LOAD,100351156,4982.503639519608
3655,LOAD,95285168,5247.406395925124
3656,LOAD,95108728,5257.141069114077
3657,LOAD,95480010,5236.698236625656
3658,LOAD,94125764,5312.04187622849
3659,LOAD,97957720,5104.24293256315
3660,LOAD,90132792,5547.370595154758
3661,LOAD,89588515,5581.072529218729
3662,LOAD,99378700,5031.259213493435
3663,LOAD,91994848,5435.086973566172
3664,LOAD,92705023,5393.451010739731
3665,LOAD,94147970,5310.788963373294
3666,LOAD,92509993,5404.821509390883
3667,LOAD,90465588,5526.963468142162
3668,LOAD,96332761,5190.342255424403
3669,LOAD,89608786,5579.809997649115
3670,LOAD,99691379,5015.478820891824
3671,LOAD,90023892,5554.081132151007
3672,LOAD,98584829,5071.7742787787365
3673,LOAD,88162081,5671.372480420465
3674,LOAD,93906663,5324.43581772254
3675,LOAD,98403960,5081.096329863148
3676,LOAD,100155931,4992.215588310991
3677,LOAD,93500356,5347.573222074149
3678,LOAD,112985451,4425.348534476355
3679,LOAD,95797984,5219.316515053177
3680,LOAD,97297963,5138.853729137166
3681,LOAD,90861611,5502.874035548412
3682,LOAD,100935885,4953.639629751104
3683,LOAD,95521128,5234.444048860059
3684,LOAD,93316080,5358.133346364314
3685,LOAD,97820449,5111.405693915799
3686,LOAD,102227344,4891.059284490459
3687,LOAD,96959160,5156.810351904864
3688,LOAD,98203082,5091.489898453493
3689,LOAD,99389296,5030.722825524391
3690,LOAD,97022778,5153.4290226157
3691,LOAD,96160360,5199.647755062481
3692,LOAD,91328003,5474.772069635641
3693,LOAD,101023255,4949.3554726582515
3694,LOAD,91459378,5466.907942452877
3695,LOAD,95211804,5251.449704702581
3696,LOAD,94477221,5292.28098273551
3697,LOAD,97383583,5134.335630267373
3698,LOAD,95714372,5223.875887729796
3699,LOAD,94625424,5283.9921752953
3700,LOAD,88027026,5680.073753712865
3701,LOAD,93362064,5355.49428298843
3702,LOAD,96068888,5204.598600121196
3703,LOAD,94148002,5310.787158287225
3704,LOAD,93432168,5351.475949910528
3705,LOAD,102165287,4894.030200296897
3706,LOAD,96967460,5156.368950986238
3707,LOAD,94663911,5281.843890857203
3708,LOAD,88563678,5645.6553215868025
3709,LOAD,98566325,5072.7264103637835
3710,LOAD,93297654,5359.191561236898
3711,LOAD,97233931,5142.237846991911
3712,LOAD,97175303,5145.340272311782
3713,LOAD,96229080,5195.9345345502625
3714,LOAD,92629014,5397.876738707378
3715,LOAD,91819723,5445.453151715563
3716,LOAD,93650721,5338.98719263464
3717,LOAD,90203659,5543.01239598274
3718,LOAD,96913154,5159.25836032537
3719,LOAD,95054710,5260.128614352724
3720,LOAD,97169731,5145.635321353314
3721,LOAD,97479393,5129.289223210489
3722,LOAD,91987170,5435.540630285724
3723,LOAD,94615366,5284.553885253691
3724,LOAD,94678966,5281.004019414407
3725,LOAD,89930263,5559.8636467904025
3726,LOAD,94349052,5299.4703115829925
3727,LOAD,90562357,5521.057717170502
3728,LOAD,90251373,5540.081922077795
3729,LOAD,95463514,5237.603132857648
3730,LOAD,95277124,5247.849420811653
3731,LOAD,95330077,5244.934397776685
3732,LOAD,91704444,5452.29847312525
3733,LOAD,97453207,5130.667480240029
3734,LOAD,92706655,5393.356064890918
3735,LOAD,96394069,5187.041123868316
3736,LOAD,98645622,5068.648662380577
3737,LOAD,95176940,5253.373348628355
3738,LOAD,92297373,5417.272277077702
3739,LOAD,102953306,4856.570608815612
3740,LOAD,93907950,5324.362846809029
3741,LOAD,95930257,5212.119884136243
3742,LOAD,88763468,5632.948005141034
3743,LOAD,99529068,5023.658013154509
3744,LOAD,93672390,5337.752138063308
3745,LOAD,94652349,5282.489080117812
3746,LOAD,93895528,5325.067238559008
3747,LOAD,98282894,5087.355282802316
3748,LOAD,91411293,5469.783695106468
3749,LOAD,97170337,5145.60323074726
3750,LOAD,97668263,5119.3702502930755
3751,LOAD,92002152,5434.655485015176
3752,LOAD,104706714,4775.242970570159
3753,LOAD,99443063,5028.002807998784
3754,LOAD,99677210,5016.191765399532
3755,LOAD,98569654,5072.555088810599
3756,LOAD,97799315,5112.510246109597
3757,LOAD,95316867,5245.66129518294
3758,LOAD,91850622,5443.6212745516295
3759,LOAD,93075525,5371.981517160391
3760,LOAD,99393639,5030.503008346439
3761,LOAD,100048553,4997.57352812489
3762,LOAD,96933155,5158.193808919146
3763,LOAD,95329284,5244.978027947844
3764,LOAD,94969074,5264.871804478161
3765,LOAD,94284661,5303.089544968508
3766,LOAD,91326617,5474.855156410754
3767,LOAD,102312365,4886.994841728075
3768,LOAD,92305501,5416.795256872068
3769,LOAD,93962464,5321.273822704351
3770,LOAD,100457502,4977.229077426194
3771,LOAD,101127981,4944.2300247248095
3772,LOAD,96887074,5160.647126158438
3773,LOAD,95817637,5218.245989514436
3774,LOAD,92770095,5389.667866568424
3775,LOAD,96587730,5176.640966714923
3776,LOAD,93225701,5363.327865992662
3777,LOAD,97260684,5140.823397869585
3778,LOAD,91244631,5479.774475716823
3779,LOAD,92397534,5411.399832380808
3780,LOAD,94959269,5265.415427745132
3781,LOAD,97508869,5127.738688057186
3782,LOAD,90800806,5506.559049707114
3783,LOAD,95090166,5258.167285142818
3784,LOAD,97328175,5137.258558480112
3785,LOAD,93570198,5343.581724599963
3786,LOAD,92317910,5416.067153166704
3787,LOAD,93562943,5343.996073317189
3788,LOAD,91653160,5455.349275464152
3789,LOAD,94866230,5270.579425365591
3790,LOAD,102590827,4873.730085049417
3791,LOAD,95062029,5259.72362740122
3792,LOAD,93425056,5351.883332026046
3793,LOAD,102343015,488