height,operation,latency,throughput
1,LOAD,21781,22955787.15394151
2,LOAD,50977,9808344.939874845
3,LOAD,71171139,7025.319631318532
4,LOAD,44674741,11192.006686731547
5,LOAD,51720852,9667.280809681944
6,LOAD,50851528,9832.546231452476
7,LOAD,45183624,11065.956108345803
8,LOAD,54453517,9182.14336826031
9,LOAD,56468871,8854.43592452911
10,LOAD,57069661,8761.22253468441
11,LOAD,55876916,8948.239018774764
12,LOAD,57987524,8622.544394204519
13,LOAD,56849266,8795.188314304709
14,LOAD,58350131,8568.961053403635
15,LOAD,58587928,8534.18130779433
16,LOAD,58948323,8482.005501666265
17,LOAD,60590150,8252.166399984157
18,LOAD,63616881,7859.549103012453
19,LOAD,61371948,8147.044640003931
20,LOAD,63690052,7850.519575647387
21,LOAD,61253149,8162.845635903552
22,LOAD,54810603,9122.322554999077
23,LOAD,54983310,9093.668605982433
24,LOAD,58293702,8577.255910080989
25,LOAD,56723136,8814.745362456688
26,LOAD,58501189,8546.834834416783
27,LOAD,60169401,8309.871657190006
28,LOAD,59132135,8455.639222226628
29,LOAD,59934640,8342.421010620903
30,LOAD,60084933,8321.553757911322
31,LOAD,60410888,8276.653705206254
32,LOAD,59442485,8411.492218065918
33,LOAD,64964845,7696.470298666917
34,LOAD,64480728,7754.254883722776
35,LOAD,61777165,8093.605460852727
36,LOAD,61625393,8113.538521368943
37,LOAD,62649583,7980.899090740954
38,LOAD,64141999,7795.204511789537
39,LOAD,62492284,8000.987769946127
40,LOAD,65336667,7652.670743060707
41,LOAD,65397808,7645.51619222467
42,LOAD,66912571,7472.437428835308
43,LOAD,64084236,7802.230801347151
44,LOAD,66564535,7511.507441612865
45,LOAD,65628857,7618.599848539187
46,LOAD,65946280,7581.928806295063
47,LOAD,65134039,7676.477732326718
48,LOAD,66124092,7561.540504783037
49,LOAD,64236845,7783.694856121904
50,LOAD,66396128,7530.5596133557665
51,LOAD,64493085,7752.769153468158
52,LOAD,72000820,6944.365355839002
53,LOAD,67326203,7426.529014268041
54,LOAD,67361608,7422.625659411218
55,LOAD,67260058,7433.83242399226
56,LOAD,69190454,7226.430397464945
57,LOAD,66218475,7550.762834692282
58,LOAD,66746827,7490.99279281096
59,LOAD,68848592,7262.312641048637
60,LOAD,68919849,7254.804055069825
61,LOAD,68013287,7351.504714071531
62,LOAD,72206721,6924.5631580472955
63,LOAD,59213347,8444.042185286367
64,LOAD,68554075,7293.51245713694
65,LOAD,70535498,7088.629331007204
66,LOAD,68307057,7319.887899723157
67,LOAD,70988991,7043.345636508625
68,LOAD,69143482,7231.3396076870995
69,LOAD,67173725,7443.386532457444
70,LOAD,70699342,7072.201605497262
71,LOAD,71141899,7028.2071047892605
72,LOAD,69769868,7166.417456888409
73,LOAD,70135297,7129.077959133759
74,LOAD,68519644,7297.177434255204
75,LOAD,70128822,7129.736187497916
76,LOAD,71811620,6962.661474563587
77,LOAD,70756598,7066.4788038565675
78,LOAD,70737701,7068.36655604626
79,LOAD,71519630,6991.087621678133
80,LOAD,68289424,7321.777966673141
81,LOAD,68398103,7310.1442594102355
82,LOAD,71591565,6984.062996806956
83,LOAD,69679414,7175.720507638024
84,LOAD,69009370,7245.392908238403
85,LOAD,71399413,7002.858692969927
86,LOAD,72211588,6924.096448342889
87,LOAD,70715851,7070.550561570701
88,LOAD,72819574,6866.28570499465
89,LOAD,69700204,7173.580151931837
90,LOAD,70024339,7140.37443466621
91,LOAD,70868204,7055.35023859219
92,LOAD,72212667,6923.992988653916
93,LOAD,71638313,6979.505505664267
94,LOAD,69768498,7166.558179308949
95,LOAD,70684614,7073.675184814619
96,LOAD,69458427,7198.550580478881
97,LOAD,71939462,6950.288285447561
98,LOAD,71774078,6966.303349797123
99,LOAD,72545250,6892.250009476844
100,LOAD,74473521,6713.795632141523
101,LOAD,73537461,6799.255688199515
102,LOAD,71156742,7026.741050061005
103,LOAD,73171933,6833.221147786269
104,LOAD,74439505,6716.863579358836
105,LOAD,73149813,6835.287466831938
106,LOAD,71746829,6968.949108538302
107,LOAD,67388722,7419.639149708167
108,LOAD,74670098,6696.120848803494
109,LOAD,72830686,6865.238094832719
110,LOAD,71451168,6997.786236328565
111,LOAD,74451324,6715.797290589486
112,LOAD,74409107,6719.607587818518
113,LOAD,76964273,6496.520794784874
114,LOAD,73458850,6806.531820195933
115,LOAD,71714206,6972.119303670462
116,LOAD,74080002,6749.459860975706
117,LOAD,75132768,6654.885921413144
118,LOAD,74043317,6752.803902612845
119,LOAD,74723444,6691.340404492063
120,LOAD,70273144,7115.093640893597
121,LOAD,74710846,6692.468721342013
122,LOAD,74436779,6717.109562196398
123,LOAD,72390761,6906.958748506594
124,LOAD,74001363,6756.632306894131
125,LOAD,74186754,6739.747637428644
126,LOAD,76134348,6567.338043007868
127,LOAD,74588016,6703.4897402285105
128,LOAD,75422483,6629.322983174659
129,LOAD,76269853,6555.670167608688
130,LOAD,75102727,6657.5478677358815
131,LOAD,75051499,6662.0921189062465
132,LOAD,74301550,6729.334717781796
133,LOAD,83969345,5954.55401015692
134,LOAD,77497078,6451.85615901544
135,LOAD,79057031,6324.548160681622
136,LOAD,76140380,6566.817764765555
137,LOAD,82684007,6047.118640488723
138,LOAD,67749570,7380.1206413561
139,LOAD,79011510,6328.191930517465
140,LOAD,72026093,6941.928670211225
141,LOAD,75906568,6587.045273868791
142,LOAD,76581330,6529.006482389376
143,LOAD,76153635,6565.6747704820655
144,LOAD,79665854,6276.214650256557
145,LOAD,79205362,6312.703930322293
146,LOAD,76978591,6495.312443429889
147,LOAD,76661413,6522.186070324585
148,LOAD,77074216,6487.253791851739
149,LOAD,75951992,6583.105812418981
150,LOAD,83817156,5965.365849444951
151,LOAD,78529660,6367.021072038259
152,LOAD,78653171,6357.022782972094
153,LOAD,72328422,6912.911773465761
154,LOAD,77146213,6481.199537299387
155,LOAD,77578362,6445.096121003431
156,LOAD,76573208,6529.699003860463
157,LOAD,80111039,6241.337102118972
158,LOAD,77536421,6448.582402326772
159,LOAD,78976170,6331.0236492856
160,LOAD,78436347,6374.595696048925
161,LOAD,73289553,6822.254735269023
162,LOAD,80142019,6238.924427396819
163,LOAD,76288770,6554.044586116672
164,LOAD,79240249,6309.924644482124
165,LOAD,83366780,5997.592806151323
166,LOAD,76363952,6547.591984238846
167,LOAD,79005261,6328.692465176464
168,LOAD,77253705,6472.181496020159
169,LOAD,80534093,6208.550706593293
170,LOAD,72002748,6944.179408263696
171,LOAD,85932403,5818.526918187078
172,LOAD,80030818,6247.593270882224
173,LOAD,78583003,6362.699068652289
174,LOAD,76247251,6557.613467271101
175,LOAD,84476713,5918.790898031271
176,LOAD,75647517,6609.6022689019655
177,LOAD,78327595,6383.446344803514
178,LOAD,80088220,6243.115404487701
179,LOAD,74760065,6688.062670892541
180,LOAD,79176635,6314.994316189366
181,LOAD,74272087,6732.004178097217
182,LOAD,88137283,5672.968158094912
183,LOAD,80954331,6176.321807909202
184,LOAD,79347268,6301.414183535595
185,LOAD,79377034,6299.051183998636
186,LOAD,81271072,6152.250581855252
187,LOAD,86553894,5776.747606525941
188,LOAD,80391895,6219.5324541112
189,LOAD,77921356,6416.7261154952175
190,LOAD,83350607,5998.756553746513
191,LOAD,78234186,6391.067966119057
192,LOAD,85320394,5860.263608252911
193,LOAD,85964570,5816.34968918009
194,LOAD,79817135,6264.319058808613
195,LOAD,82338690,6072.479413991163
196,LOAD,87266198,5729.5953239534965
197,LOAD,83456328,5991.157435059928
198,LOAD,80032697,6247.446590485387
199,LOAD,84200030,5938.240164522506
200,LOAD,77801972,6426.572323899451
201,LOAD,80215790,6233.1867578689935
202,LOAD,79290462,6305.928700478501
203,LOAD,81729540,6117.739069619136
204,LOAD,83238818,6006.812831003919
205,LOAD,84872113,5891.216588421687
206,LOAD,81966580,6100.04711676393
207,LOAD,75655692,6608.888066214503
208,LOAD,80663450,6198.594282788549
209,LOAD,83764220,5969.135747936291
210,LOAD,76968996,6496.122152873087
211,LOAD,79412867,6296.208900252903
212,LOAD,85140345,5872.656494403446
213,LOAD,77600707,6443.24026583933
214,LOAD,75687250,6606.132472774476
215,LOAD,78595898,6361.655159153472
216,LOAD,77338017,6465.125683271656
217,LOAD,77415423,6458.661344523041
218,LOAD,79700993,6273.447559179093
219,LOAD,78299510,6385.736002690183
220,LOAD,81098734,6165.324356358017
221,LOAD,80497873,6211.344242598808
222,LOAD,87369919,5722.793447937156
223,LOAD,78885423,6338.306634927976
224,LOAD,79768782,6268.11626633587
225,LOAD,83660447,5976.5399054107365
226,LOAD,84846505,5892.994649573368
227,LOAD,80536009,6208.403001444981
228,LOAD,81141435,6162.079830113924
229,LOAD,88903784,5624.057576671877
230,LOAD,79792678,6266.239115323338
231,LOAD,82259469,6078.3275904686425
232,LOAD,82892383,6031.917311389154
233,LOAD,85190539,5869.196343504765
234,LOAD,79600372,6281.377679993757
235,LOAD,76837239,6507.261407453748
236,LOAD,82117434,6088.841012737928
237,LOAD,78966651,6331.786819729762
238,LOAD,80839838,6185.069297145301
239,LOAD,81932289,6102.600160481297
240,LOAD,75350963,6635.615260816242
241,LOAD,77500736,6451.551634296738
242,LOAD,79419761,6295.6623604042325
243,LOAD,84463071,5919.746867835293
244,LOAD,77567573,6445.992579914805
245,LOAD,79992725,6250.568411064881
246,LOAD,98435467,5079.469984126758
247,LOAD,80660044,6198.8560283949255
248,LOAD,84567841,5912.412970315749
249,LOAD,85685659,5835.282191154064
250,LOAD,82788402,6039.49330970297
251,LOAD,79969995,6252.345020154122
252,LOAD,80211707,6233.504044490663
253,LOAD,77520605,6449.8980625860695
254,LOAD,80454578,6214.686751573043
255,LOAD,81380420,6143.984019743323
256,LOAD,77737241,6431.923664489199
257,LOAD,80968308,6175.255632117198
258,LOAD,85820707,5826.09975468974
259,LOAD,80076743,6244.010199066163
260,LOAD,81603425,6127.193803446363
261,LOAD,82568991,6055.542086011442
262,LOAD,83505298,5987.644041459501
263,LOAD,85434330,5852.448307372459
264,LOAD,81652649,6123.50004713258
265,LOAD,78799318,6345.23258183529
266,LOAD,83393480,5995.672563370661
267,LOAD,79767546,6268.213390944733
268,LOAD,79217586,6311.729822213972
269,LOAD,82525910,6058.703260588099
270,LOAD,79420563,6295.598785921475
271,LOAD,79920199,6256.240678279592
272,LOAD,87566586,5709.9405474138275
273,LOAD,79410213,6296.419328329972
274,LOAD,83915073,5958.405112750125
275,LOAD,79089789,6321.9286120487695
276,LOAD,75373696,6633.613933433754
277,LOAD,79453694,6292.97361555021
278,LOAD,80307421,6226.074673721622
279,LOAD,83876033,5961.178445337299
280,LOAD,81532423,6132.52963180059
281,LOAD,80656428,6199.133936355327
282,LOAD,83238182,6006.85872740469
283,LOAD,89407492,5592.372504979784
284,LOAD,82359088,6070.975433822191
285,LOAD,82575219,6055.085364048505
286,LOAD,81966772,6100.032827936667
287,LOAD,80900757,6180.411884155794
288,LOAD,79107162,6320.540231237217
289,LOAD,80402873,6218.683255261289
290,LOAD,83743729,5970.596317725473
291,LOAD,87573642,5709.480485007121
292,LOAD,83649632,5977.312607902448
293,LOAD,80524954,6209.255332204226
294,LOAD,79968942,6252.4273486074135
295,LOAD,80946557,6176.9149736658965
296,LOAD,82533515,6058.144985100901
297,LOAD,84535620,5914.666503895044
298,LOAD,83196438,6009.872682289595
299,LOAD,86280533,5795.049967992201
300,LOAD,83673305,5975.621496007598
301,LOAD,81730607,6117.659202017183
302,LOAD,79479995,6290.891185888977
303,LOAD,78994632,6329.544012560245
304,LOAD,71357963,7006.926472943181
305,LOAD,83345626,5999.115058539484
306,LOAD,87416844,5719.721476103622
307,LOAD,79451015,6293.18580763254
308,LOAD,81763308,6115.212461804995
309,LOAD,81428724,6140.3393721360535
310,LOAD,78650954,6357.201973672181
311,LOAD,78595054,6361.723474355015
312,LOAD,82430726,6065.699336434329
313,LOAD,80587921,6204.403759218457
314,LOAD,82395128,6068.319961830753
315,LOAD,78290968,6386.432723631671
316,LOAD,81011339,6171.975505799256
317,LOAD,76685900,6520.103434920892
318,LOAD,78805437,6344.7398940253315
319,LOAD,74651473,6697.791482292653
320,LOAD,92260769,5419.421552837914
321,LOAD,81087123,6166.207179406279
322,LOAD,82203135,6082.493082532679
323,LOAD,80929177,6178.241501207902
324,LOAD,81662695,6122.7467450100685
325,LOAD,82093412,6090.622716473278
326,LOAD,82375288,6069.781510202429
327,LOAD,87819260,5693.511878829314
328,LOAD,81706931,6119.431899847028
329,LOAD,83314540,6001.353425224457
330,LOAD,81444872,6139.121932685953
331,LOAD,81425822,6140.5582126023855
332,LOAD,79011882,6328.162136423987
333,LOAD,84023691,5950.7026417108955
334,LOAD,82090501,6090.838695210302
335,LOAD,84241502,5935.316775334798
336,LOAD,79493699,6289.806692729193
337,LOAD,77325135,6466.202742484705
338,LOAD,87484957,5715.268283208963
339,LOAD,78450430,6373.451362854225
340,LOAD,78593460,6361.8525001953085
341,LOAD,83488528,5988.846755089513
342,LOAD,76754426,6514.282316436058
343,LOAD,78096857,6402.306305361302
344,LOAD,84314585,5930.17210486181
345,LOAD,78567268,6363.973353381716
346,LOAD,80493019,6211.718807565163
347,LOAD,88433278,5653.9801679634675
348,LOAD,80794869,6188.51179769844
349,LOAD,83180649,6011.013450977041
350,LOAD,83740671,5970.81434897984
351,LOAD,86893966,5754.139476151889
352,LOAD,86472659,5782.174455858933
353,LOAD,78165449,6396.688132630057
354,LOAD,87981853,5682.990104788995
355,LOAD,80363060,6221.764079167717
356,LOAD,82669088,6048.209942753934
357,LOAD,79431412,6294.738912610543
358,LOAD,82501104,6060.524959762963
359,LOAD,82964051,6026.70667564196
360,LOAD,81156082,6160.967701718277
361,LOAD,82103449,6089.8781487243
362,LOAD,83788524,5967.4043189971935
363,LOAD,72403164,6905.775554228541
364,LOAD,80994209,6173.280857647489
365,LOAD,83607306,5980.3386082072775
366,LOAD,80735391,6193.070892540794
367,LOAD,87364743,5723.132499800292
368,LOAD,83198783,6009.703290972418
369,LOAD,83778967,5968.085044543459
370,LOAD,79481718,6290.754812320489
371,LOAD,81168512,6160.0242222008455
372,LOAD,87798344,5694.868231227687
373,LOAD,83446379,5991.871738377048
374,LOAD,80705045,6195.399556496127
375,LOAD,80883619,6181.721418770839
376,LOAD,80719776,6194.268923640224
377,LOAD,83081857,6018.161101045202
378,LOAD,81463738,6137.700187536202
379,LOAD,81146477,6161.696952043894
380,LOAD,80583812,6204.7201241857365
381,LOAD,85703558,5834.063505274775
382,LOAD,81448507,6138.847947206694
383,LOAD,80820772,6186.528384064433
384,LOAD,85832968,5825.267512594927
385,LOAD,86385624,5788.00009594189
386,LOAD,84550898,5913.597747950589
387,LOAD,80082071,6243.5947741661175
388,LOAD,80719083,6194.32210348574
389,LOAD,84202305,5938.079723589515
390,LOAD,81049492,6169.070128163173
391,LOAD,78696182,6353.5483843422035
392,LOAD,82023024,6095.8493800472415
393,LOAD,81902679,6104.806412986808
394,LOAD,83837760,5963.899798849588
395,LOAD,85731229,5832.1804764982435
396,LOAD,83291751,6002.995422679972
397,LOAD,86509220,5779.730761645984
398,LOAD,81049266,6169.087330167802
399,LOAD,83237654,6006.896830609859
400,LOAD,80206355,6233.9199929980605
401,LOAD,76686860,6520.0218133849785
402,LOAD,81852454,6108.5523471293845
403,LOAD,82015449,6096.41239664493
404,LOAD,79808916,6264.964180192599
405,LOAD,85275941,5863.318471032761
406,LOAD,80117253,6240.853015766778
407,LOAD,82418569,6066.594046300415
408,LOAD,79527300,6287.1491927929155
409,LOAD,85181778,5869.799994078546
410,LOAD,79703805,6273.226228032651
411,LOAD,91115963,5487.512654615744
412,LOAD,82857677,6034.4438572662375
413,LOAD,76579410,6529.1701777279295
414,LOAD,77794285,6427.207345629567
415,LOAD,83805778,5966.17574506617
416,LOAD,80535411,6208.449100731602
417,LOAD,84120691,5943.840855991066
418,LOAD,81702662,6119.751642853448
419,LOAD,76658112,6522.4669243093285
420,LOAD,83853373,5962.789356130015
421,LOAD,77828792,6424.357710704285
422,LOAD,78105809,6401.572512999641
423,LOAD,77615292,6442.029490786429
424,LOAD,84182691,5939.463256169846
425,LOAD,73874021,6768.279203321016
426,LOAD,80254505,6230.179850962883
427,LOAD,83262439,6005.108738167038
428,LOAD,79916246,6256.550138754015
429,LOAD,87379517,5722.164840988993
430,LOAD,76854226,6505.823115049002
431,LOAD,78444744,6373.913337010827
432,LOAD,79382913,6298.584684086864
433,LOAD,86854566,5756.749737256185
434,LOAD,81760182,6115.446269432228
435,LOAD,88136818,5672.9980880408
436,LOAD,88693674,5637.380632129411
437,LOAD,83453422,5991.366058062904
438,LOAD,85142399,5872.514820729916
439,LOAD,81938046,6102.171389344579
440,LOAD,79923261,6256.0009907503645
441,LOAD,80080634,6243.706811811704
442,LOAD,88884896,5625.252686350671
443,LOAD,81554936,6130.836765048776
444,LOAD,87147382,5737.4070055254215
445,LOAD,82705344,6045.558555442318
446,LOAD,85844352,5824.4950116228965
447,LOAD,81601770,6127.318071654573
448,LOAD,86558783,5776.421325147328
449,LOAD,83877651,5961.063454197114
450,LOAD,80465665,6213.830457997209
451,LOAD,85107825,5874.90045715538
452,LOAD,85688147,5835.112760694895
453,LOAD,88579218,5644.664869360215
454,LOAD,83365324,5997.697555880668
455,LOAD,79615818,6280.159050805708
456,LOAD,92452463,5408.184744629248
457,LOAD,80707007,6195.248945361089
458,LOAD,82566390,6055.732847227546
459,LOAD,84975639,5884.039306841812
460,LOAD,85782835,5828.671901552332
461,LOAD,82972932,6026.0616076577835
462,LOAD,85060764,5878.150824039154
463,LOAD,80235779,6231.633894898683
464,LOAD,83943999,5956.351924572952
465,LOAD,88161619,5671.4022005426195
466,LOAD,85301955,5861.530371724774
467,LOAD,76903899,6501.62093862107
468,LOAD,81880093,6106.490377337505
469,LOAD,84136522,5942.722471936741
470,LOAD,80764956,6190.803843191595
471,LOAD,79965988,6252.658317683763
472,LOAD,87855520,5691.1620351231195
473,LOAD,76551484,6531.55202059832
474,LOAD,80992116,6173.440387703909
475,LOAD,80106762,6241.670334896323
476,LOAD,82824742,6036.843435020903
477,LOAD,80258898,6229.838839800666
478,LOAD,85485286,5848.959784728333
479,LOAD,81714184,6118.888735399964
480,LOAD,78052459,6405.948081661335
481,LOAD,81318433,6148.6674245186205
482,LOAD,88165115,5671.177313158384
483,LOAD,80447890,6215.203406826456
484,LOAD,85745602,5831.202864492106
485,LOAD,79585074,6282.585098808854
486,LOAD,81660615,6122.902699177565
487,LOAD,90659180,5515.161288685824
488,LOAD,76305524,6552.605549239134
489,LOAD,81994820,6097.946187332322
490,LOAD,86494868,5780.689786126964
491,LOAD,76633070,6524.598322891149
492,LOAD,87802875,5694.574351921848
493,LOAD,88451318,5652.82701609941
494,LOAD,82598378,6053.38763431892
495,LOAD,83931189,5957.261012947166
496,LOAD,82753673,6042.027886786366
497,LOAD,83013706,6023.101775506806
498,LOAD,76035318,6575.891482429257
499,LOAD,83781032,5967.937945667702
500,LOAD,81527876,6132.871657296701
501,LOAD,81549965,6131.210479366852
502,LOAD,75805345,6595.840966095465
503,LOAD,80190340,6235.164983712501
504,LOAD,85262085,5864.271322945012
505,LOAD,94906607,5268.337113769118
506,LOAD,85614874,5840.106708560945
507,LOAD,84364267,5926.679834721968
508,LOAD,83701882,5973.581334766164
509,LOAD,80617734,6202.109327458894
510,LOAD,85617200,5839.948047822167
511,LOAD,79466619,6291.950082839186
512,LOAD,81565870,6130.01491923031
513,LOAD,91901119,5440.6301625119495
514,LOAD,87888104,5689.052070118613
515,LOAD,84048948,5948.9144349552125
516,LOAD,94081115,5314.562864183742
517,LOAD,85000938,5882.288028397993
518,LOAD,77563090,6446.365146102354
519,LOAD,78123873,6400.092325171846
520,LOAD,82831459,6036.353893029942
521,LOAD,93001549,5376.254539588368
522,LOAD,87429423,5718.898545172831
523,LOAD,78746299,6349.504755772713
524,LOAD,81999027,6097.633329234504
525,LOAD,91318142,5475.363263523255
526,LOAD,79397072,6297.46144794861
527,LOAD,84981554,5883.629758053142
528,LOAD,82470782,6062.753230592623
529,LOAD,80163459,6237.255805042045
530,LOAD,82972723,6026.076786704951
531,LOAD,81584201,6128.637577758468
532,LOAD,82810407,6037.888450421456
533,LOAD,81364055,6145.2197779474
534,LOAD,85598913,5841.195670323524
535,LOAD,80560412,6206.522379751484
536,LOAD,86525103,5778.669804068306
537,LOAD,83491531,5988.631349926976
538,LOAD,85044856,5879.250357011599
539,LOAD,90870448,5502.338890196734
540,LOAD,87710072,5700.599584503818
541,LOAD,83002913,6023.884968952836
542,LOAD,87191470,5734.505909809755
543,LOAD,77526270,6449.426755601681
544,LOAD,90897305,5500.71313995503
545,LOAD,80044936,6246.491345811059
546,LOAD,90418487,5529.842586284373
547,LOAD,84624499,5908.454477231234
548,LOAD,84120520,5943.852938617118
549,LOAD,81553396,6130.952535685945
550,LOAD,86769487,5762.394331085535
551,LOAD,84336654,5928.620312586743
552,LOAD,86816339,5759.28455126402
553,LOAD,88397520,5656.2672798965405
554,LOAD,85399488,5854.83603836126
555,LOAD,85946420,5817.577974742869
556,LOAD,88346075,5659.560993513293
557,LOAD,82260685,6078.237738963637
558,LOAD,88849587,5627.488172792519
559,LOAD,86752316,5763.53488937402
560,LOAD,83017873,6022.799451872249
561,LOAD,83051841,6020.336141615452
562,LOAD,93327728,5357.4646111603615
563,LOAD,80638837,6200.486249572275
564,LOAD,86242673,5797.593959083341
565,LOAD,83107955,6016.271246236295
566,LOAD,84079234,5946.77158928446
567,LOAD,87854017,5691.25939910067
568,LOAD,81301533,6149.945536697322
569,LOAD,83774894,5968.375203196318
570,LOAD,86138291,5804.61945779723
571,LOAD,93020286,5375.171605041077
572,LOAD,87567004,5709.9132910839335
573,LOAD,87391618,5721.372500506856
574,LOAD,81593715,6127.922965635282
575,LOAD,83871181,5961.523303219016
576,LOAD,84271090,5933.232856012662
577,LOAD,85104638,5875.120460532363
578,LOAD,89243070,5602.675927665868
579,LOAD,84261501,5933.908060811782
580,LOAD,86013041,5813.071996838246
581,LOAD,79619379,6279.878168856353
582,LOAD,84853327,5892.52086721361
583,LOAD,77700936,6434.928917715997
584,LOAD,81220152,6156.107661556703
585,LOAD,82702644,6045.755925288193
586,LOAD,83891402,5960.086350684663
587,LOAD,73747175,6779.920722386993
588,LOAD,81580779,6128.894650540172
589,LOAD,84529535,5915.092281058922
590,LOAD,85879237,5822.129043833959
591,LOAD,83716734,5972.521574957762
592,LOAD,80767785,6190.587001983526
593,LOAD,94638866,5283.241665216065
594,LOAD,82833150,6036.230663689597
595,LOAD,84920122,5887.886030121341
596,LOAD,84984581,5883.42019359959
597,LOAD,86853769,5756.802563167984
598,LOAD,81554872,6130.841576208961
599,LOAD,85447308,5851.559419519688
600,LOAD,88242292,5666.2172827514505
601,LOAD,87776951,5696.256184610468
602,LOAD,81737319,6117.156839949693
603,LOAD,85993224,5814.411609919405
604,LOAD,81309005,6149.380379208921
605,LOAD,78604791,6360.935429495639
606,LOAD,85899377,5820.763985284783
607,LOAD,85188434,5869.341370918968
608,LOAD,82824233,6036.880534710173
609,LOAD,78331670,6383.1142627241325
610,LOAD,87981179,5683.033640638073
611,LOAD,90096804,5549.586420401771
612,LOAD,86667892,5769.149202336663
613,LOAD,92782208,5388.9642290039055
614,LOAD,80518044,6209.788205982749
615,LOAD,88428929,5654.258234881484
616,LOAD,79840858,6262.457750641908
617,LOAD,84988416,5883.15471134325
618,LOAD,85252040,5864.962292984425
619,LOAD,81633715,6124.920322442756
620,LOAD,93806681,5330.110762579907
621,LOAD,86335222,5791.37909670285
622,LOAD,88211697,5668.182531393767
623,LOAD,83668288,5975.9798120884225
624,LOAD,83965504,5954.826401089666
625,LOAD,86796844,5760.578115029159
626,LOAD,84325273,5929.420471606419
627,LOAD,82449635,6064.308228896344
628,LOAD,87908763,5687.715114362376
629,LOAD,81976920,6099.277699137757
630,LOAD,91497482,5464.631256191291
631,LOAD,87606374,5707.347275895701
632,LOAD,88596889,5643.539018621748
633,LOAD,81490036,6135.7194639109
634,LOAD,84937360,5886.691086231076
635,LOAD,91172126,5484.132288414553
636,LOAD,90803191,5506.414416647538
637,LOAD,86485967,5781.2847256480345
638,LOAD,84883244,5890.444055130598
639,LOAD,84896014,5889.55801858966
640,LOAD,82077559,6091.799099434718
641,LOAD,86296604,5793.970756948906
642,LOAD,83827957,5964.5972285832995
643,LOAD,85414076,5853.836082005968
644,LOAD,84709599,5902.518792468844
645,LOAD,91672909,5454.174035210337
646,LOAD,83269320,6004.612503140412
647,LOAD,83857840,5962.471725959076
648,LOAD,87928754,5686.4219866006515
649,LOAD,84416804,5922.991351342796
650,LOAD,82793585,6039.115228553034
651,LOAD,84463274,5919.732640247878
652,LOAD,83321817,6000.8292906046445
653,LOAD,83318706,6001.053352892926
654,LOAD,85150378,5871.96453784386
655,LOAD,79320493,6303.541255095326
656,LOAD,85524626,5846.269354045465
657,LOAD,89238300,5602.975404058571
658,LOAD,89059294,5614.237184498677
659,LOAD,84460293,5919.9415753861995
660,LOAD,83347427,5998.985427588545
661,LOAD,84283016,5932.39330685556
662,LOAD,89838321,5565.553701743825
663,LOAD,87648035,5704.634450732409
664,LOAD,86211191,5799.711083912528
665,LOAD,78252687,6389.556949015693
666,LOAD,86475265,5782.000205492288
667,LOAD,83785921,5967.589709970485
668,LOAD,82004515,6097.2252564386245
669,LOAD,85396996,5855.006890406309
670,LOAD,82857852,6034.431112213722
671,LOAD,83453289,5991.375606538408
672,LOAD,90296382,5537.320421099485
673,LOAD,80257360,6229.95822439213
674,LOAD,82840805,6035.672878842739
675,LOAD,86269276,5795.806145399899
676,LOAD,83621978,5979.289320326769
677,LOAD,75544415,6618.622965046457
678,LOAD,87235817,5731.590729527987
679,LOAD,86692840,5767.488987556527
680,LOAD,80788554,6188.995535184354
681,LOAD,82569562,6055.5002096293065
682,LOAD,87488506,5715.036441472666
683,LOAD,91926367,5439.1358683847475
684,LOAD,76008334,6578.226014005254
685,LOAD,86818642,5759.131777251249
686,LOAD,82568907,6055.548246508822
687,LOAD,86170198,5802.470130102289
688,LOAD,93184502,5365.69911593239
689,LOAD,84569288,5912.3118075677785
690,LOAD,82147854,6086.586266757498
691,LOAD,92618352,5398.498129182864
692,LOAD,86554670,5776.695815488639
693,LOAD,85964527,5816.352598554983
694,LOAD,78645233,6357.664424492201
695,LOAD,83241346,6006.630406961463
696,LOAD,85279946,5863.043112152064
697,LOAD,81071233,6167.415758928942
698,LOAD,89522605,5585.181530407878
699,LOAD,86740824,5764.2984807246
700,LOAD,82841712,6035.6067967306135
701,LOAD,84220574,5936.791644283973
702,LOAD,73246008,6826.310588830997
703,LOAD,91460436,5466.844702117974
704,LOAD,81721396,6118.348736969692
705,LOAD,88904024,5624.042394301523
706,LOAD,89566958,5582.415783284724
707,LOAD,85654699,5837.391361330918
708,LOAD,86366263,5789.297610341205
709,LOAD,87871408,5690.133018011957
710,LOAD,87490821,5714.885222073753
711,LOAD,86410792,5786.314283521438
712,LOAD,77756933,6430.29477512957
713,LOAD,80368279,6221.360046791596
714,LOAD,84106167,5944.867277092772
715,LOAD,86520590,5778.971225230896
716,LOAD,92205075,5422.6950089244
717,LOAD,87040471,5744.454209123018
718,LOAD,91562485,5460.751747836463
719,LOAD,87241532,5731.215265683322
720,LOAD,85771999,5829.408266443691
721,LOAD,83181057,6010.98396717897
722,LOAD,89234254,5603.229450430548
723,LOAD,86694870,5767.353939166181
724,LOAD,86777820,5761.840986556243
725,LOAD,86981644,5748.339270294776
726,LOAD,90205319,5542.910390904997
727,LOAD,87119636,5739.234264018274
728,LOAD,87285804,5728.308351264084
729,LOAD,84043127,5949.326469016318
730,LOAD,81445805,6139.051606157002
731,LOAD,85011561,5881.552980776343
732,LOAD,86473596,5782.111802081181
733,LOAD,79105484,6320.674303693028
734,LOAD,87755829,5697.6272197257695
735,LOAD,85595925,5841.399575972805
736,LOAD,86704727,5766.698279322187
737,LOAD,88230513,5666.973737305596
738,LOAD,93099171,5370.617102487411
739,LOAD,90196793,5543.434343613525
740,LOAD,89380082,5594.087505983715
741,LOAD,83694417,5974.1141395369295
742,LOAD,91369641,5472.277164797003
743,LOAD,87115697,5739.493767696079
744,LOAD,89945541,5558.919257598328
745,LOAD,80920539,6178.901008061748
746,LOAD,83478226,5989.58583523325
747,LOAD,81439953,6139.492737673854
748,LOAD,84791290,5896.832092069834
749,LOAD,84925914,5887.484472642826
750,LOAD,82782894,6039.89515031934
751,LOAD,92426519,5409.70281483824
752,LOAD,87626638,5706.027429695523
753,LOAD,81484542,6136.133157623934
754,LOAD,88928674,5622.483474790144
755,LOAD,83260195,6005.2705857823175
756,LOAD,82305806,6074.905578350086
757,LOAD,90135556,5547.200485455484
758,LOAD,85489246,5848.68885146092
759,LOAD,82153848,6086.142185330138
760,LOAD,85454640,5851.057356276968
761,LOAD,87912158,5687.49546564424
762,LOAD,89250767,5602.1927520241925
763,LOAD,82637092,6050.551730450535
764,LOAD,87271196,5729.26719143393
765,LOAD,91276715,5477.848320899804
766,LOAD,85988251,5814.7478775908585
767,LOAD,88162762,5671.328672756418
768,LOAD,86394373,5787.413955767698
769,LOAD,90144566,5546.646039651464
770,LOAD,87813892,5693.859919111659
771,LOAD,85409758,5854.132030206666
772,LOAD,92784728,5388.817866664436
773,LOAD,85523898,5846.319118897036
774,LOAD,85680466,5835.635861270876
775,LOAD,83648796,5977.3723461602485
776,LOAD,82247500,6079.212134107419
777,LOAD,85729601,5832.2912292569745
778,LOAD,84387336,5925.059655870639
779,LOAD,85369007,5856.9265072979
780,LOAD,87756105,5697.6093002304515
781,LOAD,82958864,6027.083495260976
782,LOAD,84453129,5920.44375288925
783,LOAD,85110299,5874.72968459434
784,LOAD,87234796,5731.657812325256
785,LOAD,87471057,5716.1764948147365
786,LOAD,86040125,5811.242138478994
787,LOAD,83686995,5974.6439694721985
788,LOAD,88186550,5669.798852546109
789,LOAD,88424170,5654.562547773986
790,LOAD,88825605,5629.007536734481
791,LOAD,80573259,6205.532781043398
792,LOAD,88386958,5656.943188383064
793,LOAD,85246367,5865.352596199202
794,LOAD,84545624,5913.966641253957
795,LOAD,85395860,5855.084778114537
796,LOAD,94820907,5273.098684871259
797,LOAD,85888391,5821.508520284191
798,LOAD,84962585,5884.9433547719855
799,LOAD,86414772,5786.047783589593
800,LOAD,96146782,5200.382057508696
801,LOAD,88241582,5666.262873664255
802,LOAD,84542600,5914.1781776287935
803,LOAD,84554328,5913.357859103321
804,LOAD,85138397,5872.790863093182
805,LOAD,88528001,5647.930534430569
806,LOAD,90358175,5533.533628805584
807,LOAD,88387246,5656.9247558635325
808,LOAD,88687635,5637.7644978355775
809,LOAD,88143248,5672.584246044576
810,LOAD,87528362,5712.434102217062
811,LOAD,90549634,5521.833473120388
812,LOAD,82939868,6028.463898688626
813,LOAD,86678705,5768.429512185259
814,LOAD,89881477,5562.881437740503
815,LOAD,84506940,5916.673825841996
816,LOAD,81907896,6104.417576542315
817,LOAD,86188842,5801.214964693458
818,LOAD,86486727,5781.233922749789
819,LOAD,88962717,5620.331941975198
820,LOAD,90084428,5550.348834984
821,LOAD,82081597,6091.49941368709
822,LOAD,86542567,5777.503687867266
823,LOAD,79543021,6285.906591352622
824,LOAD,84453178,5920.440317829129
825,LOAD,91811636,5445.932800936039
826,LOAD,94971953,5264.712204033542
827,LOAD,83751503,5970.042113751678
828,LOAD,92763562,5390.04744125716
829,LOAD,84818969,5894.907777056333
830,LOAD,85841666,5824.677261040111
831,LOAD,87992420,5682.3076351349355
832,LOAD,91529836,5462.69961633057
833,LOAD,86012616,5813.100720015305
834,LOAD,81648640,6123.800714868
835,LOAD,83647759,5977.446448983767
836,LOAD,85736669,5831.810424078873
837,LOAD,95425039,5239.714913818375
838,LOAD,93845015,5327.933508242287
839,LOAD,85234716,5866.154349596238
840,LOAD,85301947,5861.530921445439
841,LOAD,84545628,5913.9663614539595
842,LOAD,87417810,5719.658271009077
843,LOAD,82578539,6054.841924485973
844,LOAD,87160866,5736.519414573049
845,LOAD,86411997,5786.233594393149
846,LOAD,85623991,5839.484870542883
847,LOAD,86640420,5770.978487869749
848,LOAD,89655064,5576.929820718214
849,LOAD,84186430,5939.199464806858
850,LOAD,87822587,5693.296190420809
851,LOAD,84680953,5904.515505393521
852,LOAD,89729103,5572.328077324031
853,LOAD,85882788,5821.888315968504
854,LOAD,89763106,5570.217233793135
855,LOAD,87953334,5684.832822823976
856,LOAD,86361714,5789.602554669075
857,LOAD,85882494,5821.908245934265
858,LOAD,89577331,5581.769342960219
859,LOAD,82893350,6031.846945502866
860,LOAD,93539865,5345.314535144988
861,LOAD,91052946,5491.310517289578
862,LOAD,89094518,5612.017565435395
863,LOAD,85814054,5826.551441096117
864,LOAD,93754073,5333.101634955102
865,LOAD,83338294,5999.642853260231
866,LOAD,79066531,6323.788253717619
867,LOAD,85323182,5860.072119673174
868,LOAD,89083098,5612.736997539084
869,LOAD,90009076,5554.995365134067
870,LOAD,87185031,5734.929428424473
871,LOAD,83048478,6020.579931639445
872,LOAD,100711347,4964.683870229637
873,LOAD,87414513,5719.873998497252
874,LOAD,90587855,5519.503690643741
875,LOAD,84351672,5927.5647790360335
876,LOAD,90848795,5503.650323595376
877,LOAD,87666522,5703.431464978159
878,LOAD,90442782,5528.35714407812
879,LOAD,91168393,5484.356842836969
880,LOAD,89653241,5577.043221449183
881,LOAD,82802809,6038.44248810448
882,LOAD,88920446,5623.003735271413
883,LOAD,87072333,5742.352165985951
884,LOAD,85330807,5859.548474679256
885,LOAD,87114746,5739.556423662189
886,LOAD,85063919,5877.932804859367
887,LOAD,88646307,5640.392893073369
888,LOAD,84982484,5883.565370953384
889,LOAD,93309265,5358.524686696439
890,LOAD,86365458,5789.3515715507465
891,LOAD,83852167,5962.875115678286
892,LOAD,82465269,6063.158540112202
893,LOAD,86290384,5794.388399059621
894,LOAD,85081470,5876.720277635071
895,LOAD,87647567,5704.6649110066
896,LOAD,89662961,5576.4386366852195
897,LOAD,87550520,5710.988352781914
898,LOAD,91894609,5441.0155877587995
899,LOAD,86535080,5778.0035564767495
900,LOAD,83558069,5983.862551921826
901,LOAD,86047755,5810.726845807889
902,LOAD,86883193,5754.852955277553
903,LOAD,83424962,5993.409982014736
904,LOAD,88874900,5625.885373710687
905,LOAD,87513028,5713.435032781634
906,LOAD,86845356,5757.360243879938
907,LOAD,86942588,5750.921516161907
908,LOAD,85099685,5875.462406235699
909,LOAD,85313018,5860.770275410958
910,LOAD,95172260,5253.63167797003
911,LOAD,86687185,5767.865227138243
912,LOAD,92163418,5425.146016177481
913,LOAD,94401229,5296.541213462379
914,LOAD,82181737,6084.076806505075
915,LOAD,87854690,5691.2158019110875
916,LOAD,87181379,5735.169662778562
917,LOAD,86086649,5808.101555910255
918,LOAD,81330997,6147.717579313579
919,LOAD,85358058,5857.677783625302
920,LOAD,85133751,5873.111358619685
921,LOAD,84825334,5894.465443543081
922,LOAD,89453087,5589.522025103505
923,LOAD,86839723,5757.733704424644
924,LOAD,89989260,5556.218597641541
925,LOAD,82499992,6060.606648301251
926,LOAD,84023778,5950.696480227299
927,LOAD,85709806,5833.6382187121035
928,LOAD,91103410,5488.268770620111
929,LOAD,87055401,5743.469035310055
930,LOAD,86139692,5804.525049845778
931,LOAD,91043701,5491.868130448695
932,LOAD,86009886,5813.285230955893
933,LOAD,88858036,5626.95308728183
934,LOAD,86278382,5795.194443957004
935,LOAD,87459761,5716.914776384994
936,LOAD,83932917,5957.1383656307335
937,LOAD,80864018,6183.219834562265
938,LOAD,87699828,5701.265457441947
939,LOAD,86875044,5755.392768491721
940,LOAD,91192740,5482.89260745976
941,LOAD,80419085,6217.429606417432
942,LOAD,89507704,5586.111336293466
943,LOAD,89429791,5590.978066805502
944,LOAD,87413679,5719.92857090479
945,LOAD,79109202,6320.377242586773
946,LOAD,84149964,5941.773189588055
947,LOAD,80928710,6178.2771528175845
948,LOAD,88743961,5634.186195497855
949,LOAD,89566344,5582.454052160486
950,LOAD,91379016,5471.71573832662
951,LOAD,83423475,5993.516812863525
952,LOAD,90413291,5530.160383167559
953,LOAD,90259701,5539.570754837754
954,LOAD,86416696,5785.918961770999
955,LOAD,92619755,5398.416352969191
956,LOAD,91899906,5440.701974167416
957,LOAD,89216896,5604.319612285099
958,LOAD,85589553,5841.834458464808
959,LOAD,89515740,5585.609860344114
960,LOAD,88109002,5674.789052768978
961,LOAD,83304827,6002.053158336191
962,LOAD,90727282,5511.021480837484
963,LOAD,87542008,5711.543651134893
964,LOAD,88688496,5637.709765649876
965,LOAD,91644860,5455.843350079863
966,LOAD,86329876,5791.737729358027
967,LOAD,74440494,6716.774340589411
968,LOAD,88819307,5629.4066784376055
969,LOAD,86225067,5798.777749862462
970,LOAD,84897985,5889.421286029345
971,LOAD,90594102,5519.123088167484
972,LOAD,86819676,5759.06318747377
973,LOAD,86500597,5780.306926667801
974,LOAD,87057849,5743.307533362098
975,LOAD,86122277,5805.69879730421
976,LOAD,90006677,5555.143425637189
977,LOAD,87592829,5708.229836942474
978,LOAD,88142089,5672.658836120845
979,LOAD,86228561,5798.542782129925
980,LOAD,109628214,4560.869704581706
981,LOAD,86243299,5797.5518770449635
982,LOAD,91545768,5461.748925411823
983,LOAD,95216748,5251.177030326639
984,LOAD,90292589,5537.553032176317
985,LOAD,87875412,5689.873749894908
986,LOAD,89588073,5581.100064514168
987,LOAD,90588376,5519.471946378639
988,LOAD,93342010,5356.644880477719
989,LOAD,92274591,5418.609766582439
990,LOAD,87811241,5694.031815357216
991,LOAD,89768672,5569.87185908242
992,LOAD,85691976,5834.8520286193425
993,LOAD,89875843,5563.230155181966
994,LOAD,90496966,5525.047104894102
995,LOAD,86746019,5763.953271446382
996,LOAD,91881227,5441.808042027998
997,LOAD,84791007,5896.851773443379
998,LOAD,88830972,5628.6674427023045
999,LOAD,85101004,5875.371341094871
1000,LOAD,97861228,5109.275759343629
1001,LOAD,85927499,5818.8589894836805
1002,LOAD,88097446,5675.533431468603
1003,LOAD,90442667,5528.364173515582
1004,LOAD,94118967,5312.425496552677
1005,LOAD,86022832,5812.410361007413
1006,LOAD,96220416,5196.402393437999
1007,LOAD,87969233,5683.80538227496
1008,LOAD,88465492,5651.921316393063
1009,LOAD,89120051,5610.409715766433
1010,LOAD,93553425,5344.539764311141
1011,LOAD,87876387,5689.810620001936
1012,LOAD,92173750,5424.537897177884
1013,LOAD,85331110,5859.527668162292
1014,LOAD,88808447,5630.095074176897
1015,LOAD,86893449,5754.173712220814
1016,LOAD,95103281,5257.442169634505
1017,LOAD,92535687,5403.320775043255
1018,LOAD,89970820,5557.357374313138
1019,LOAD,91464759,5466.58631659435
1020,LOAD,84231526,5936.019727340568
1021,LOAD,91104108,5488.226721894912
1022,LOAD,94337082,5300.142737084024
1023,LOAD,86841502,5757.615753813195
1024,LOAD,85218911,5867.242307285527
1025,LOAD,93336599,5356.955421099069
1026,LOAD,89307649,5598.624592614682
1027,LOAD,85647449,5837.885492654896
1028,LOAD,83701068,5973.639428352336
1029,LOAD,85767124,5829.739609783347
1030,LOAD,87707224,5700.784692490096
1031,LOAD,86109988,5806.5273450043915
1032,LOAD,87234080,5731.704856634013
1033,LOAD,86622649,5772.162428327491
1034,LOAD,86922193,5752.270884375869
1035,LOAD,83767943,5968.870454417151
1036,LOAD,81856974,6108.215043473266
1037,LOAD,96458941,5183.552657912759
1038,LOAD,94898438,5268.790620136445
1039,LOAD,86404536,5786.733233542276
1040,LOAD,87940785,5685.644038769952
1041,LOAD,83556529,5983.972838316441
1042,LOAD,86047756,5810.726778278797
1043,LOAD,89150218,5608.511243348838
1044,LOAD,89906783,5561.31565735146
1045,LOAD,88352224,5659.167108232612
1046,LOAD,90289775,5537.725617324885
1047,LOAD,86168087,5802.612282665623
1048,LOAD,92664395,5395.8157283603905
1049,LOAD,88550478,5646.496905414784
1050,LOAD,90061216,5551.779358608705
1051,LOAD,86360981,5789.651694669841
1052,LOAD,86735330,5764.663603631877
1053,LOAD,84254305,5934.4148646173035
1054,LOAD,85442104,5851.915818926931
1055,LOAD,96280772,5193.144899170522
1056,LOAD,92308602,5416.6132859427335
1057,LOAD,88950460,5621.106400124294
1058,LOAD,98608353,5070.564356753834
1059,LOAD,91792774,5447.051856173341
1060,LOAD,92797551,5388.073226199687
1061,LOAD,81655454,6123.289694770419
1062,LOAD,87396273,5721.067762237412
1063,LOAD,88628860,5641.50323043758
1064,LOAD,86929211,5751.806489995635
1065,LOAD,86842088,5757.576902112257
1066,LOAD,87577253,5709.245070749136
1067,LOAD,85136496,5872.921995756085
1068,LOAD,85409957,5854.118390435438
1069,LOAD,84063461,5947.88739426277
1070,LOAD,88065208,5677.6110720138195
1071,LOAD,86818112,5759.166935120636
1072,LOAD,89592173,5580.844657043869
1073,LOAD,85853083,5823.90267802031
1074,LOAD,85238918,5865.865167364043
1075,LOAD,91047464,5491.641151037441
1076,LOAD,88773741,5632.296153881811
1077,LOAD,88192748,5669.400391061632
1078,LOAD,85227868,5866.625691023974
1079,LOAD,88810259,5629.980203075413
1080,LOAD,91430872,5468.612396040585
1081,LOAD,87802901,5694.5726656571405
1082,LOAD,93458965,5349.941549213604
1083,LOAD,90779595,5507.845678315705
1084,LOAD,86224387,5798.823481342929
1085,LOAD,88111305,5674.640728564854
1086,LOAD,86358925,5789.78953246581
1087,LOAD,87396445,5721.05650292755
1088,LOAD,87025129,5745.46692139922
1089,LOAD,81969135,6099.856976653468
1090,LOAD,90060140,5551.84568889189
1091,LOAD,88330172,5660.5799431704945
1092,LOAD,85026468,5880.521815865619
1093,LOAD,92007545,5434.336933998185
1094,LOAD,87730577,5699.267200761714
1095,LOAD,87220643,5732.587869135521
1096,LOAD,87550755,5710.9730235907155
1097,LOAD,86657984,5769.808815307773
1098,LOAD,91257952,5478.974588428196
1099,LOAD,91136226,5486.292574809933
1100,LOAD,83814664,5965.543213297377
1101,LOAD,101739129,4914.5299838373885
1102,LOAD,89781566,5569.07194066987
1103,LOAD,86235625,5798.06779390768
1104,LOAD,81582501,6128.765285094655
1105,LOAD,91319627,5475.274225550658
1106,LOAD,90909761,5499.959459798822
1107,LOAD,84469598,5919.289446600657
1108,LOAD,84649152,5906.733714237326
1109,LOAD,85709128,5833.684365567224
1110,LOAD,92522020,5404.1189329848185
1111,LOAD,94225332,5306.42863640958
1112,LOAD,89810718,5567.2642545848485
1113,LOAD,85046070,5879.166432969801
1114,LOAD,84144896,5942.131059262347
1115,LOAD,87338471,5724.854056581778
1116,LOAD,85346528,5858.469134210122
1117,LOAD,89591735,5580.871940921782
1118,LOAD,90784387,5507.554949949709
1119,LOAD,86176998,5802.0122724627745
1120,LOAD,84051545,5948.730627140762
1121,LOAD,91588918,5459.175748751612
1122,LOAD,86880389,5755.038688880641
1123,LOAD,86996529,5747.355736457026
1124,LOAD,86316062,5792.664637550309
1125,LOAD,87940173,5685.683606740233
1126,LOAD,95380478,5242.16286691287
1127,LOAD,88025302,5680.1849995357015
1128,LOAD,89171991,5607.14182102315
1129,LOAD,88460211,5652.258731329502
1130,LOAD,86745092,5764.014867838287
1131,LOAD,85484724,5848.998237392683
1132,LOAD,87311659,5726.612066780222
1133,LOAD,90289420,5537.747390558052
1134,LOAD,89579131,5581.657183077607
1135,LOAD,89827079,5566.250239529663
1136,LOAD,93232851,5362.916553951568
1137,LOAD,84674386,5904.973435532205
1138,LOAD,88226325,5667.242741891379
1139,LOAD,84757413,5899.189018428394
1140,LOAD,87306756,5726.933663644541
1141,LOAD,89485891,5587.473001749516
1142,LOAD,87002092,5746.988244834389
1143,LOAD,88914697,5623.3673045076
1144,LOAD,90707127,5512.246022299879
1145,LOAD,90829573,5504.815045205596
1146,LOAD,87313917,5726.463972518837
1147,LOAD,84857629,5892.222135973184
1148,LOAD,92390211,5411.828748827081
1149,LOAD,86213173,5799.577751302576
1150,LOAD,93844526,5327.961270751157
1151,LOAD,89532259,5584.579296720302
1152,LOAD,86781667,5761.585566223336
1153,LOAD,90123443,5547.946054391197
1154,LOAD,89031931,5615.962659509204
1155,LOAD,79620866,6279.760885795942
1156,LOAD,89707767,5573.653393914041
1157,LOAD,87563337,5710.1524123047075
1158,LOAD,88878366,5625.665980402925
1159,LOAD,87742262,5698.508205772037
1160,LOAD,87807751,5694.258129900172
1161,LOAD,94432188,5294.8047756767
1162,LOAD,94872172,5270.249320317026
1163,LOAD,100890666,4955.859841385129
1164,LOAD,93111307,5369.917103623086
1165,LOAD,91967155,5436.723578107858
1166,LOAD,90855420,5503.249008149431
1167,LOAD,96583831,5176.849942926782
1168,LOAD,92418238,5410.187543285559
1169,LOAD,88246571,5665.942532769914
1170,LOAD,92498134,5405.514450702325
1171,LOAD,86474647,5782.041527154196
1172,LOAD,87438988,5718.27295164944
1173,LOAD,81786709,6113.462763246776
1174,LOAD,90248974,5540.2291886442945
1175,LOAD,93209108,5364.282640705026
1176,LOAD,90844460,5503.912951874005
1177,LOAD,86992287,5747.635994441668
1178,LOAD,86244795,5797.451312858939
1179,LOAD,89467765,5588.605013213418
1180,LOAD,85488286,5848.754529948114
1181,LOAD,89646444,5577.46607327782
1182,LOAD,89989856,5556.181798979655
1183,LOAD,88149522,5672.180502578335
1184,LOAD,82757982,6041.7132935890095
1185,LOAD,92176872,5424.354169883309
1186,LOAD,86653857,5770.083609780924
1187,LOAD,88790523,5631.231612409807
1188,LOAD,88969497,5619.903639558623
1189,LOAD,83447720,5991.775449347208
1190,LOAD,70248638,7117.57571726871
1191,LOAD,77387818,6460.965212896945
1192,LOAD,86514216,5779.396995286878
1193,LOAD,86866263,5755.9745605724975
1194,LOAD,86995329,5747.435014585668
1195,LOAD,90324169,5535.6169399133905
1196,LOAD,89318773,5597.927324863722
1197,LOAD,82689069,6046.7484523256635
1198,LOAD,89092366,5612.153122075577
1199,LOAD,89105621,5611.318280358542
1200,LOAD,90722236,5511.32800562808
1201,LOAD,86856612,5756.61413088505
1202,LOAD,88312816,5661.692409400693
1203,LOAD,88063689,5677.709004445635
1204,LOAD,90464366,5527.03812681338
1205,LOAD,88174403,5670.57993009604
1206,LOAD,86688987,5767.745330788096
1207,LOAD,88644761,5640.49126377587
1208,LOAD,89584274,5581.336742205445
1209,LOAD,86759063,5763.086676028302
1210,LOAD,92458873,5407.809805339072
1211,LOAD,88841107,5628.025323907772
1212,LOAD,88380017,5657.387461240249
1213,LOAD,82277289,6077.011117855378
1214,LOAD,89390392,5593.442301942249
1215,LOAD,92998898,5376.407793563318
1216,LOAD,85507175,5847.462508263196
1217,LOAD,88717953,5635.837878270252
1218,LOAD,86309170,5793.127196102106
1219,LOAD,88030298,5679.86263093191
1220,LOAD,95855722,5216.1726975464235
1221,LOAD,88655328,5639.818962713668
1222,LOAD,87010130,5746.457337783543
1223,LOAD,89427260,5591.1363045228045
1224,LOAD,87066411,5742.742743811962
1225,LOAD,85721859,5832.817974701178
1226,LOAD,87485688,5715.220528413745
1227,LOAD,84600850,5910.106104134887
1228,LOAD,91122187,5487.137836145219
1229,LOAD,87400290,5720.804816551525
1230,LOAD,85770801,5829.489688454699
1231,LOAD,92061799,5431.134362255945
1232,LOAD,86925310,5752.0646173134155
1233,LOAD,84536999,5914.570021583094
1234,LOAD,90719960,5511.466274896947
1235,LOAD,86736520,5764.584514112395
1236,LOAD,88458692,5652.35579110756
1237,LOAD,93849935,5327.654196031143
1238,LOAD,93016947,5375.364555880339
1239,LOAD,87562982,5710.175562545369
1240,LOAD,92884797,5383.012249033607
1241,LOAD,92461370,5407.663762715175
1242,LOAD,86978507,5748.546592090848
1243,LOAD,95613395,5229.392806311291
1244,LOAD,86174706,5802.166589346994
1245,LOAD,87141918,5737.766754227282
1246,LOAD,90698402,5512.7762890464155
1247,LOAD,91640274,5456.116379573461
1248,LOAD,88259122,5665.136800250517
1249,LOAD,90113319,5548.569351884598
1250,LOAD,90341001,5534.585564310938
1251,LOAD,91784307,5447.554340634723
1252,LOAD,83179626,6011.087378536662
1253,LOAD,85728711,5832.3517776909075
1254,LOAD,89404872,5592.53638884467
1255,LOAD,83764354,5969.126198955703
1256,LOAD,96021608,5207.161288113401
1257,LOAD,84469030,5919.329250022168
1258,LOAD,90365881,5533.061753694406
1259,LOAD,91095042,5488.772923558233
1260,LOAD,90301183,5537.026021021231
1261,LOAD,90651874,5515.605777769139
1262,LOAD,94375225,5298.000614038271
1263,LOAD,90296529,5537.311406510432
1264,LOAD,94006977,5318.754160130051
1265,LOAD,91677760,5453.885435246236
1266,LOAD,85544561,5844.9069602449645
1267,LOAD,82178943,6084.283658893009
1268,LOAD,89735487,5571.931648401262
1269,LOAD,90323986,5535.62815529421
1270,LOAD,86723744,5765.433743266434
1271,LOAD,87955326,5684.704073520232
1272,LOAD,92307350,5416.686753546712
1273,LOAD,87879183,5689.629590661989
1274,LOAD,83619759,5979.4479914729245
1275,LOAD,92580253,5400.71974095815
1276,LOAD,85973969,5815.713823797061
1277,LOAD,86692675,5767.4999646740625
1278,LOAD,89575498,5581.883563739719
1279,LOAD,91511512,5463.793451473079
1280,LOAD,92660564,5396.038815390763
1281,LOAD,89932935,5559.698457522819
1282,LOAD,89113587,5610.816676024948
1283,LOAD,86327909,5791.869695349624
1284,LOAD,86827559,5758.540327040635
1285,LOAD,87399282,5720.870796169699
1286,LOAD,95003399,5262.969591224836
1287,LOAD,91624916,5457.03092377187
1288,LOAD,97154812,5146.425480191347
1289,LOAD,96027050,5206.8661903078355
1290,LOAD,92656866,5396.254175054874
1291,LOAD,92346143,5414.41129815243
1292,LOAD,92382968,5412.253046470643
1293,LOAD,91908857,5440.172104414268
1294,LOAD,94260570,5304.444902041224
1295,LOAD,85575163,5842.816799542643
1296,LOAD,86643399,5770.780068311956
1297,LOAD,92477873,5406.698746196293
1298,LOAD,85803909,5827.240341695854
1299,LOAD,87403085,5720.6218750745475
1300,LOAD,91047810,5491.620281695958
1301,LOAD,88800775,5630.581489857493
1302,LOAD,89991413,5556.085667862555
1303,LOAD,91171553,5484.166755391344
1304,LOAD,91421322,5469.183654990244
1305,LOAD,85734440,5831.962044657899
1306,LOAD,94891250,5269.189730349216
1307,LOAD,87333768,5725.16234499352
1308,LOAD,94330908,5300.489633790019
1309,LOAD,92930674,5380.354822348539
1310,LOAD,87422795,5719.332126134837
1311,LOAD,90261535,5539.458197780483
1312,LOAD,91667418,5454.500747473874
1313,LOAD,86703959,5766.7493591613265
1314,LOAD,87003080,5746.9229824967115
1315,LOAD,96971558,5156.151043793686
1316,LOAD,85745465,5831.212181308947
1317,LOAD,83037868,6021.349199379734
1318,LOAD,89407586,5592.366625355481
1319,LOAD,93381634,5354.371931422832
1320,LOAD,86479518,5781.71585091397
1321,LOAD,89370219,5594.704875905026
1322,LOAD,97138205,5147.305326467584
1323,LOAD,87177586,5735.419193644569
1324,LOAD,82604743,6052.921198483724
1325,LOAD,89633206,5578.289813710335
1326,LOAD,86346739,5790.606637733013
1327,LOAD,86848760,5757.1345866078
1328,LOAD,88697891,5637.112611843274
1329,LOAD,88741599,5634.3361584007525
1330,LOAD,95108285,5257.165556081682
1331,LOAD,91785264,5447.497541653309
1332,LOAD,92517919,5404.358478923418
1333,LOAD,91377525,5471.805019888643
1334,LOAD,85661008,5836.961432907724
1335,LOAD,85651961,5837.577962750905
1336,LOAD,93325985,5357.5646696897975
1337,LOAD,86970049,5749.105649003372
1338,LOAD,90522452,5523.491564280649
1339,LOAD,85261909,5864.283428136707
1340,LOAD,87912008,5687.505169942199
1341,LOAD,85662429,5836.864607236388
1342,LOAD,88487512,5650.514843269635
1343,LOAD,86448396,5783.797307239801
1344,LOAD,90468702,5526.773225949456
1345,LOAD,97303281,5138.57287093947
1346,LOAD,93727764,5334.598614771179
1347,LOAD,85988944,5814.701015516599
1348,LOAD,91091751,5488.971224189115
1349,LOAD,87879691,5689.596701017075
1350,LOAD,91841446,5444.1651539327895
1351,LOAD,82388193,6068.830760737767
1352,LOAD,88982906,5619.056765801737
1353,LOAD,89271475,5600.893230452393
1354,LOAD,95518666,5234.578967005255
1355,LOAD,93050095,5373.449645591442
1356,LOAD,91069772,5490.295945838099
1357,LOAD,87651147,5704.4319111990635
1358,LOAD,88640283,5640.77621457955
1359,LOAD,85300679,5861.618053474112
1360,LOAD,87601213,5707.683522601451
1361,LOAD,89561697,5582.7437034829745
1362,LOAD,87870218,5690.210077776295
1363,LOAD,89903058,5561.54608222559
1364,LOAD,88021934,5680.402341534555
1365,LOAD,89544991,5583.785250478165
1366,LOAD,92360208,5413.5867688821145
1367,LOAD,91941822,5438.221574508279
1368,LOAD,91820742,5445.392719653692
1369,LOAD,86099547,5807.231482878766
1370,LOAD,88568227,5645.365352069201
1371,LOAD,95023466,5261.858160383247
1372,LOAD,91179597,5483.682934023058
1373,LOAD,94824836,5272.880197757474
1374,LOAD,93761858,5332.658830203642
1375,LOAD,89942399,5559.1134499314385
1376,LOAD,88454369,5652.632036751062
1377,LOAD,87389861,5721.487530458482
1378,LOAD,89503117,5586.397622330852
1379,LOAD,89155197,5608.19802798484
1380,LOAD,94939749,5266.498018653915
1381,LOAD,88407546,5655.625821804849
1382,LOAD,90346018,5534.2782235294535
1383,LOAD,86702578,5766.841212034087
1384,LOAD,87067315,5742.683118228695
1385,LOAD,94446788,5293.986281460413
1386,LOAD,93279418,5360.239275935448
1387,LOAD,91869929,5442.477265874451
1388,LOAD,90618621,5517.629759561228
1389,LOAD,90051944,5552.350985337974
1390,LOAD,91219614,5481.277305119927
1391,LOAD,87152801,5737.050264167643
1392,LOAD,97390212,5133.986154583994
1393,LOAD,93173402,5366.338346216016
1394,LOAD,86258166,5796.552641752202
1395,LOAD,85622386,5839.594332257921
1396,LOAD,87692462,5701.744352895463
1397,LOAD,83745584,5970.464066499316
1398,LOAD,90192008,5543.728442103207
1399,LOAD,88582653,5644.445984249309
1400,LOAD,91302119,5476.324158478731
1401,LOAD,85669619,5836.374736299458
1402,LOAD,85315351,5860.610009094377
1403,LOAD,91322989,5475.072656677937
1404,LOAD,91783087,5447.626750667037
1405,LOAD,95676330,5225.952960361251
1406,LOAD,88188709,5669.660046843412
1407,LOAD,86603687,5773.426251471257
1408,LOAD,94141874,5311.132854652968
1409,LOAD,98972257,5051.92076199697
1410,LOAD,92970883,5378.027871371298
1411,LOAD,92094840,5429.185826263447
1412,LOAD,86956384,5750.0091080144275
1413,LOAD,87481297,5715.507395826561
1414,LOAD,86998589,5747.219647435892
1415,LOAD,92577777,5400.864183636641
1416,LOAD,88726876,5635.271098691675
1417,LOAD,89478477,5587.935968109962
1418,LOAD,88873636,5625.965387530674
1419,LOAD,86026461,5812.165166250417
1420,LOAD,100999585,4950.515390731555
1421,LOAD,84179642,5939.678384472103
1422,LOAD,90136383,5547.149589971898
1423,LOAD,89684975,5575.069848656367
1424,LOAD,86256798,5796.64457287181
1425,LOAD,89533511,5584.5012042474245
1426,LOAD,91350607,5473.417379700608
1427,LOAD,88812678,5629.826858728436
1428,LOAD,89792169,5568.41432352525
1429,LOAD,91714751,5451.685738098989
1430,LOAD,90111838,5548.660543357244
1431,LOAD,91546028,5461.733413491189
1432,LOAD,89084977,5612.618612451345
1433,LOAD,90834626,5504.50882023778
1434,LOAD,96561178,5178.064418393901
1435,LOAD,89657520,5576.777051160906
1436,LOAD,91222462,5481.106177555261
1437,LOAD,89321575,5597.751718999581
1438,LOAD,85961139,5816.5818393820955
1439,LOAD,84917194,5888.089048255645
1440,LOAD,87420226,5719.500198958534
1441,LOAD,88158981,5671.571907120841
1442,LOAD,95764018,5221.16772502173
1443,LOAD,93715345,5335.305546813064
1444,LOAD,91423201,5469.07124811786
1445,LOAD,86823593,5758.803370415689
1446,LOAD,92017449,5433.752026748753
1447,LOAD,89299721,5599.1216366734225
1448,LOAD,92817430,5386.919245663234
1449,LOAD,91051516,5491.396760488864
1450,LOAD,97037553,5152.644358210476
1451,LOAD,90619009,5517.606134933566
1452,LOAD,93099264,5370.6117375965505
1453,LOAD,97048243,5152.076787211902
1454,LOAD,90163607,5545.474683593791
1455,LOAD,95954019,5210.829157661442
1456,LOAD,90245669,5540.4320843363685
1457,LOAD,91657772,5455.074775328381
1458,LOAD,93057114,5373.044343498553
1459,LOAD,92851700,5384.931024418509
1460,LOAD,90914433,5499.67682249088
1461,LOAD,86933529,5751.52079699882
1462,LOAD,89004535,5617.691278315201
1463,LOAD,94897759,5268.828318696124
1464,LOAD,88984105,5618.98105285208
1465,LOAD,93417890,5352.293870049944
1466,LOAD,87112864,5739.680421940897
1467,LOAD,86144416,5804.206740457791
1468,LOAD,88002884,5681.631979242862
1469,LOAD,91173234,5484.065641457886
1470,LOAD,99272369,5036.648213764295
1471,LOAD,85191964,5869.098169869637
1472,LOAD,90374202,5532.552309562855
1473,LOAD,89319844,5597.860202263676
1474,LOAD,95335639,5244.62840176694
1475,LOAD,86611550,5772.9021129399025
1476,LOAD,85682742,5835.480848640442
1477,LOAD,95153225,5254.68264475534
1478,LOAD,89961284,5557.94646061299
1479,LOAD,91268175,5478.360885379816
1480,LOAD,93323113,5357.729547663074
1481,LOAD,84441081,5921.288478057262
1482,LOAD,96532074,5179.6255822702
1483,LOAD,92222557,5421.667065683291
1484,LOAD,88570081,5645.247180026854
1485,LOAD,94728698,5278.231523883079
1486,LOAD,86935857,5751.366780682912
1487,LOAD,91125208,5486.955925521728
1488,LOAD,90171248,5545.004766929698
1489,LOAD,92914354,5381.299858146783
1490,LOAD,90021691,5554.216927562492
1491,LOAD,93376485,5354.667184141704
1492,LOAD,94682764,5280.79218304189
1493,LOAD,91409034,5469.918870382111
1494,LOAD,105553490,4736.934799597816
1495,LOAD,86227045,5798.644729156612
1496,LOAD,92536496,5403.273536529847
1497,LOAD,96431596,5185.02255215189
1498,LOAD,88836886,5628.292734169003
1499,LOAD,93831314,5328.711478984511
1500,LOAD,92834720,5385.915959029122
1501,LOAD,90896400,5500.7679071998455
1502,LOAD,89289197,5599.781572680063
1503,LOAD,83762071,5969.288892104877
1504,LOAD,84603731,5909.904848049787
1505,LOAD,93705216,5335.882262946814
1506,LOAD,93532401,5345.7410977827885
1507,LOAD,87433300,5718.6449556404705
1508,LOAD,92052069,5431.708438840196
1509,LOAD,92241283,5420.566407342794
1510,LOAD,85982944,5815.106772803685
1511,LOAD,87782540,5695.893511397597
1512,LOAD,86202671,5800.284309055806
1513,LOAD,84764421,5898.701295912822
1514,LOAD,85258737,5864.50160527243
1515,LOAD,88674832,5638.57848639623
1516,LOAD,89041575,5615.354400458437
1517,LOAD,85037316,5879.77165224735
1518,LOAD,90292228,5537.575172029203
1519,LOAD,92624363,5398.147785372625
1520,LOAD,88429039,5654.251201350272
1521,LOAD,88697192,5637.157036493331
1522,LOAD,87395256,5721.134337085757
1523,LOAD,85579969,5842.488678629926
1524,LOAD,86705431,5766.651456931228
1525,LOAD,88011961,5681.04601146201
1526,LOAD,84610706,5909.4176569097535
1527,LOAD,89907568,5561.267100451432
1528,LOAD,94829248,5272.634873156434
1529,LOAD,88086242,5676.255322596235
1530,LOAD,83616984,5979.6464316388165
1531,LOAD,91831489,5444.75544766567
1532,LOAD,86383449,5788.145828722351
1533,LOAD,85321433,5860.192245013043
1534,LOAD,89887070,5562.535301239656
1535,LOAD,87755815,5697.62812868868
1536,LOAD,85621206,5839.674811401278
1537,LOAD,92740651,5391.379018894314
1538,LOAD,91672236,5454.214076331682
1539,LOAD,88644136,5640.531032983388
1540,LOAD,87675515,5702.846456048761
1541,LOAD,92873899,5383.643901932016
1542,LOAD,86796671,5760.58959680608
1543,LOAD,87887499,5689.09123241748
1544,LOAD,85891747,5821.281059750711
1545,LOAD,89268344,5601.089676313476
1546,LOAD,85923126,5819.155136418105
1547,LOAD,85673258,5836.126834350107
1548,LOAD,86885964,5754.669419332217
1549,LOAD,89447832,5589.850405765004
1550,LOAD,87845087,5691.837951051264
1551,LOAD,82769257,6040.890278862839
1552,LOAD,93849802,5327.661746159038
1553,LOAD,95281044,5247.633516694044
1554,LOAD,92139576,5426.549824800583
1555,LOAD,89933074,5559.689864487452
1556,LOAD,90614384,5517.887756098414
1557,LOAD,90376481,5532.41279664341
1558,LOAD,86111477,5806.426941207848
1559,LOAD,86923206,5752.20384761234
1560,LOAD,89901717,5561.629039854712
1561,LOAD,89543555,5583.874797019171
1562,LOAD,83948838,5956.008587039644
1563,LOAD,91684802,5453.466540725038
1564,LOAD,94022355,5317.884241465766
1565,LOAD,83808711,5965.96695061925
1566,LOAD,92246516,5420.258907122303
1567,LOAD,92448810,5408.398442337982
1568,LOAD,94418727,5295.5596404090475
1569,LOAD,94492419,5291.429781261077
1570,LOAD,88416325,5655.0642655640795
1571,LOAD,92172643,5424.603046263955
1572,LOAD,89251003,5602.177938549329
1573,LOAD,87711946,5700.477788966169
1574,LOAD,87805757,5694.387442044375
1575,LOAD,88891593,5624.828885674261
1576,LOAD,86274062,5795.484626654069
1577,LOAD,91976462,5436.173441852982
1578,LOAD,89782596,5569.0080514045285
1579,LOAD,89231849,5603.3804701278805
1580,LOAD,89104291,5611.402036743662
1581,LOAD,83802168,5966.432753863838
1582,LOAD,88541128,5647.093179115585
1583,LOAD,87848774,5691.599065457647
1584,LOAD,85871492,5822.654158611801
1585,LOAD,91632802,5456.561286863191
1586,LOAD,83961211,5955.130875851707
1587,LOAD,88173408,5670.643920216853
1588,LOAD,86567021,5775.871622058013
1589,LOAD,90547455,5521.966354548563
1590,LOAD,89628639,5578.574053768684
1591,LOAD,80148540,6238.416819570263
1592,LOAD,93797299,5330.643902656515
1593,LOAD,84358717,5927.069753799125
1594,LOAD,83154113,6012.9316754301735
1595,LOAD,90201829,5543.124851714481
1596,LOAD,88951865,5621.017614414268
1597,LOAD,90529551,5523.058432047233
1598,LOAD,81861466,6107.8798662120225
1599,LOAD,86623399,5772.11245197155
1600,LOAD,86156943,5803.3628235857905
1601,LOAD,88225929,5667.268179176668
1602,LOAD,86019103,5812.662333853911
1603,LOAD,96427073,5185.265760374164
1604,LOAD,96134509,5201.04596362998
1605,LOAD,91111459,5487.783924083577
1606,LOAD,89362628,5595.180123843269
1607,LOAD,85730523,5832.228505126464
1608,LOAD,86981343,5748.359162493041
1609,LOAD,88364846,5658.358755018936
1610,LOAD,87512844,5713.447045555964
1611,LOAD,85783885,5828.600558251705
1612,LOAD,91142584,5485.909857460262
1613,LOAD,88932965,5622.212190946293
1614,LOAD,87907945,5687.768039623723
1615,LOAD,88409108,5655.525898983168
1616,LOAD,93235894,5362.74152098547
1617,LOAD,89263580,5601.388606641141
1618,LOAD,95461780,5237.698270449178
1619,LOAD,95332593,5244.79597444706
1620,LOAD,95774831,5220.578254009135
1621,LOAD,95662119,5226.72929710035
1622,LOAD,95048952,5260.447269318656
1623,LOAD,98963378,5052.374020620032
1624,LOAD,96698622,5170.704500835596
1625,LOAD,94306358,5301.869466743695
1626,LOAD,96959498,5156.792375307058
1627,LOAD,91342982,5473.874281879695
1628,LOAD,89227317,5603.665074900772
1629,LOAD,93277864,5360.328576992286
1630,LOAD,92397573,5411.397548288417
1631,LOAD,93386284,5354.105320220258
1632,LOAD,90221060,5541.943311240192
1633,LOAD,90359425,5533.457079878496
1634,LOAD,90362675,5533.258062579489
1635,LOAD,94328086,5300.648207788294
1636,LOAD,88446109,5653.1599371997245
1637,LOAD,90096094,5549.63015377781
1638,LOAD,94651709,5282.524798363651
1639,LOAD,89843146,5565.254805302567
1640,LOAD,94174371,5309.300127950947
1641,LOAD,92228733,5421.304009456576
1642,LOAD,89758490,5570.503692742603
1643,LOAD,90616268,5517.7730338662805
1644,LOAD,96097302,5203.059707128927
1645,LOAD,94679090,5280.99710295061
1646,LOAD,95180333,5253.186075741088
1647,LOAD,89886901,5562.545759587372
1648,LOAD,88508230,5649.1921711687155
1649,LOAD,89773155,5569.593716518039
1650,LOAD,87525982,5712.589434300777
1651,LOAD,90108171,5548.886349052629
1652,LOAD,93540532,5345.276419851877
1653,LOAD,90511838,5524.13928441051
1654,LOAD,91686607,5453.359180365351
1655,LOAD,88334680,5660.291065751299
1656,LOAD,90879741,5501.7762429582635
1657,LOAD,97638636,5120.923647479058
1658,LOAD,97134885,5147.481257634679
1659,LOAD,89234693,5603.2018847198815
1660,LOAD,89788683,5568.630514382308
1661,LOAD,89619566,5579.138823323469
1662,LOAD,90482482,5525.931527828779
1663,LOAD,89533655,5584.492222505604
1664,LOAD,89859244,5564.257807466085
1665,LOAD,87916371,5687.222917788542
1666,LOAD,105199597,4752.86991831347
1667,LOAD,94380158,5297.723701628048
1668,LOAD,83742677,5970.6713221025875
1669,LOAD,86392091,5787.566827153194
1670,LOAD,92674004,5395.256257623228
1671,LOAD,87167370,5736.091383736827
1672,LOAD,87405258,5720.479653523819
1673,LOAD,91087926,5489.20171922676
1674,LOAD,90655605,5515.378778841087
1675,LOAD,86270183,5795.745211297396
1676,LOAD,87526271,5712.570572097147
1677,LOAD,91351535,5473.361777664711
1678,LOAD,90173434,5544.870343964055
1679,LOAD,92987394,5377.072939585768
1680,LOAD,87533634,5712.090052150697
1681,LOAD,91100889,5488.420645379212
1682,LOAD,91880893,5441.82782376745
1683,LOAD,92918474,5381.061251608588
1684,LOAD,92813886,5387.1249394729575
1685,LOAD,90446511,5528.129216615111
1686,LOAD,91901700,5440.595766998869
1687,LOAD,88125037,5673.756483075293
1688,LOAD,87754550,5697.71026117734
1689,LOAD,95013219,5262.425642057238
1690,LOAD,92841077,5385.54717541676
1691,LOAD,90249414,5540.202177933255
1692,LOAD,94705950,5279.499334519109
1693,LOAD,91855874,5443.310027184543
1694,LOAD,91240819,5480.003418206932
1695,LOAD,84064823,5947.791027883327
1696,LOAD,93669699,5337.905484248433
1697,LOAD,90830758,5504.743228059376
1698,LOAD,96961535,5156.6840397070855
1699,LOAD,93362387,5355.475754920448
1700,LOAD,98282268,5087.38768625079
1701,LOAD,93191289,5365.308339065898
1702,LOAD,94271713,5303.81791195414
1703,LOAD,92659440,5396.1042717288165
1704,LOAD,93559710,5344.18073762734
1705,LOAD,90404309,5530.709824904475
1706,LOAD,96000068,5208.329644099836
1707,LOAD,91151490,5485.373854009408
1708,LOAD,89139705,5609.172702557183
1709,LOAD,88977386,5619.405362166967
1710,LOAD,93086858,5371.327497163993
1711,LOAD,102125093,4895.956373816962
1712,LOAD,84564334,5912.658166266644
1713,LOAD,87659330,5703.899402379644
1714,LOAD,96741104,5168.433885145656
1715,LOAD,90882287,5501.622114769185
1716,LOAD,97887181,5107.9211280995005
1717,LOAD,92065371,5430.923642288912
1718,LOAD,94975957,5264.490254096623
1719,LOAD,85191107,5869.157211444617
1720,LOAD,86152270,5803.677604780466
1721,LOAD,87995676,5682.097379421235
1722,LOAD,85342944,5858.715162204857
1723,LOAD,92010434,5434.166303356421
1724,LOAD,94041376,5316.808635381941
1725,LOAD,90958024,5497.041140647471
1726,LOAD,88560786,5645.8396834915175
1727,LOAD,92476108,5406.801938507187
1728,LOAD,95893584,5214.113177790915
1729,LOAD,88693168,5637.412793734012
1730,LOAD,95476768,5236.876053449987
1731,LOAD,93210900,5364.179511194506
1732,LOAD,92052569,5431.678935543884
1733,LOAD,93327268,5357.49101752341
1734,LOAD,96435026,5184.838131323779
1735,LOAD,89264582,5601.325730736072
1736,LOAD,86462367,5782.862733794924
1737,LOAD,92301946,5417.003884186797
1738,LOAD,91185751,5483.312847859311
1739,LOAD,91231999,5480.533206336956
1740,LOAD,90654424,5515.450630407182
1741,LOAD,84775359,5897.940225767726
1742,LOAD,87882849,5689.3922499030505
1743,LOAD,94047194,5316.479723998996
1744,LOAD,89703993,5573.8878870197
1745,LOAD,90981095,5495.647200113386
1746,LOAD,93987168,5319.875155723386
1747,LOAD,92528837,5403.720788147375
1748,LOAD,87112757,5739.687471950865
1749,LOAD,89586836,5581.177127407424
1750,LOAD,87746524,5698.231419400728
1751,LOAD,97310773,5138.1772499125045
1752,LOAD,90660198,5515.099360360982
1753,LOAD,88732343,5634.9238969154685
1754,LOAD,96792516,5165.68863650574
1755,LOAD,91495140,5464.771134291942
1756,LOAD,88512749,5648.903752836781
1757,LOAD,86968453,5749.211153612218
1758,LOAD,90645112,5516.017234332504
1759,LOAD,89359523,5595.374541110744
1760,LOAD,89371680,5594.613416688598
1761,LOAD,86307785,5793.220159687797
1762,LOAD,84367326,5926.464944497589
1763,LOAD,84283095,5932.387746320896
1764,LOAD,94659293,5282.101568199965
1765,LOAD,90810278,5505.984686006577
1766,LOAD,87630296,5705.789239830937
1767,LOAD,87898672,5688.368079099078
1768,LOAD,91871176,5442.4033932035445
1769,LOAD,87652926,5704.316134295392
1770,LOAD,86921257,5752.3328269401345
1771,LOAD,88547452,5646.689867484838
1772,LOAD,88567190,5645.431451534141
1773,LOAD,90117924,5548.285821586392
1774,LOAD,92172896,5424.588156587811
1775,LOAD,88564392,5645.609806704256
1776,LOAD,92421732,5409.983011354949
1777,LOAD,90063909,5551.613354912232
1778,LOAD,86270489,5795.72465388483
1779,LOAD,89518572,5585.433154586068
1780,LOAD,84569815,5912.274964773187
1781,LOAD,89412923,5592.032820580085
1782,LOAD,91267539,5478.399061466969
1783,LOAD,93491848,5348.059865069733
1784,LOAD,88116658,5674.295999741615
1785,LOAD,98980780,5051.485753092671
1786,LOAD,95650008,5227.3910944158
1787,LOAD,91795278,5446.903270993961
1788,LOAD,96983043,5155.5404381361805
1789,LOAD,98880249,5056.621570603043
1790,LOAD,93461317,5349.806915303793
1791,LOAD,90984610,5495.434887284783
1792,LOAD,91708562,5452.053647946198
1793,LOAD,88712539,5636.181825435072
1794,LOAD,86151090,5803.757096979272
1795,LOAD,92900733,5382.088858222464
1796,LOAD,92850114,5385.023006002986
1797,LOAD,90474914,5526.393758163727
1798,LOAD,89178579,5606.7275976667
1799,LOAD,84400942,5924.104496369247
1800,LOAD,93215120,5363.9366660687665
1801,LOAD,91624280,5457.068803160036
1802,LOAD,91276340,5477.870826108935
1803,LOAD,92336029,5415.0043641144675
1804,LOAD,88766080,5632.782251959307
1805,LOAD,92238823,5420.710973295919
1806,LOAD,96550305,5178.647545442762
1807,LOAD,89496862,5586.788059675209
1808,LOAD,90905721,5500.203887057889
1809,LOAD,87087787,5741.333167646114
1810,LOAD,91739507,5450.214595114403
1811,LOAD,91123833,5487.038720155681
1812,LOAD,87537201,5711.857293677919
1813,LOAD,97903114,5107.089852116451
1814,LOAD,94313328,5301.477644813891
1815,LOAD,94865206,5270.636317387009
1816,LOAD,91554174,5461.247457707389
1817,LOAD,101878832,4907.790854924603
1818,LOAD,93932899,5322.948672115401
1819,LOAD,89620032,5579.109813306025
1820,LOAD,89619356,5579.1518966059075
1821,LOAD,92073185,5430.462734617034
1822,LOAD,94704503,5279.580000541262
1823,LOAD,91558558,5460.985962666647
1824,LOAD,86610252,5772.98862956778
1825,LOAD,98186059,5092.372635100875
1826,LOAD,88441278,5653.468734361799
1827,LOAD,90997798,5494.638452679921
1828,LOAD,97897640,5107.375417834383
1829,LOAD,92872963,5383.69815981859
1830,LOAD,94469964,5292.687525529278
1831,LOAD,94533091,5289.153191870136
1832,LOAD,89730688,5572.2296478992785
1833,LOAD,91435293,5468.34798243606
1834,LOAD,89923225,5560.298799336879
1835,LOAD,91321015,5475.191006144642
1836,LOAD,99029094,5049.02125026005
1837,LOAD,93202332,5364.672635015184
1838,LOAD,92472346,5407.021900363596
1839,LOAD,87525164,5712.642823497023
1840,LOAD,88101600,5675.265829451452
1841,LOAD,86953005,5750.232553780057
1842,LOAD,89395219,5593.140277445933
1843,LOAD,94674523,5281.251852729166
1844,LOAD,89498017,5586.715960421782
1845,LOAD,85944991,5817.674703113297
1846,LOAD,89357041,5595.529959413047
1847,LOAD,93349663,5356.205731562201
1848,LOAD,93118635,5369.494516323183
1849,LOAD,90717472,5511.617431314665
1850,LOAD,91721101,5451.308309088004
1851,LOAD,87836744,5692.378579060262
1852,LOAD,97287009,5139.432336747037
1853,LOAD,89267699,5601.130146751066
1854,LOAD,93093964,5370.917495789523
1855,LOAD,92765208,5389.9518017574
1856,LOAD,89716816,5573.091225172325
1857,LOAD,88109476,5674.758524270421
1858,LOAD,92692849,5394.159370373867
1859,LOAD,92351244,5414.112234373367
1860,LOAD,95674436,5226.056414902723
1861,LOAD,96992769,5155.023463656347
1862,LOAD,93009612,5375.788472271017
1863,LOAD,86920441,5752.386829238476
1864,LOAD,97445575,5131.069317411283
1865,LOAD,90005395,5555.222550825982
1866,LOAD,95353315,5243.656185419459
1867,LOAD,90668338,5514.604227111784
1868,LOAD,91754078,5449.349074163221
1869,LOAD,86287136,5794.606510059622
1870,LOAD,91317961,5475.374116161004
1871,LOAD,86312444,5792.907451444661
1872,LOAD,92604218,5399.322091354413
1873,LOAD,92161827,5425.239671084212
1874,LOAD,95791677,5219.660158992728
1875,LOAD,89014607,5617.055636722634
1876,LOAD,91093944,5488.83908243121
1877,LOAD,89554640,5583.183629569613
1878,LOAD,93285763,5359.874689560078
1879,LOAD,90038521,5553.178733355693
1880,LOAD,96955833,5156.9873057560135
1881,LOAD,90838578,5504.269342481341
1882,LOAD,93821688,5329.258198807934
1883,LOAD,101806619,4911.272026428851
1884,LOAD,91966407,5436.7677971805515
1885,LOAD,90228323,5541.497208143834
1886,LOAD,89365457,5595.002999872759
1887,LOAD,94275519,5303.603791351177
1888,LOAD,91950002,5437.737782757199
1889,LOAD,92011195,5434.121358819435
1890,LOAD,90285614,5537.980834909092
1891,LOAD,91978787,5436.036028611684
1892,LOAD,96901529,5159.877301832874
1893,LOAD,99835786,5008.224205296486
1894,LOAD,88971874,5619.753496481371
1895,LOAD,92800492,5387.902469310185
1896,LOAD,90438495,5528.619201369948
1897,LOAD,100460127,4977.099023575792
1898,LOAD,98176246,5092.881632487761
1899,LOAD,93316901,5358.0862056274245
1900,LOAD,88448263,5653.0222645525555
1901,LOAD,98617445,5070.096877890113
1902,LOAD,88272424,5664.2831061260995
1903,LOAD,95177322,5253.352263893284
1904,LOAD,89960087,5558.020414097643
1905,LOAD,95458595,5237.873027567607
1906,LOAD,93674644,5337.623701030559
1907,LOAD,99658014,5017.157977882241
1908,LOAD,87586949,5708.613049188412
1909,LOAD,93675093,5337.598116929545
1910,LOAD,83613874,5979.868843297465
1911,LOAD,93251690,5361.833120665159
1912,LOAD,90118366,5548.258609127467
1913,LOAD,101167339,4942.306528394505
1914,LOAD,88102660,5675.197547951447
1915,LOAD,93944573,5322.287217165807
1916,LOAD,95179853,5253.212568000078
1917,LOAD,87802540,5694.596078883367
1918,LOAD,91343465,5473.845337485282
1919,LOAD,92793222,5388.32459120775
1920,LOAD,89249921,5602.245855209217
1921,LOAD,95714667,5223.859787340639
1922,LOAD,92101906,5428.769302559276
1923,LOAD,96205897,5197.186613207296
1924,LOAD,88878683,5625.645915567853
1925,LOAD,93522961,5346.280685018089
1926,LOAD,89299901,5599.110350637455
1927,LOAD,96646208,5173.508721625168
1928,LOAD,84148216,5941.896617273503
1929,LOAD,93166274,5366.748916029421
1930,LOAD,86765246,5762.675991260372
1931,LOAD,100984708,4951.244697365467
1932,LOAD,91849516,5443.6868235647535
1933,LOAD,96430798,5185.0654601033175
1934,LOAD,91916812,5439.701281197612
1935,LOAD,91833069,5444.6617699338785
1936,LOAD,88794911,5630.953332449423
1937,LOAD,93919313,5323.7186690239105
1938,LOAD,82199818,6082.738528691146
1939,LOAD,92888934,5382.772505495649
1940,LOAD,89594778,5580.682392002802
1941,LOAD,90784805,5507.529591543431
1942,LOAD,95980530,5209.389862714865
1943,LOAD,92821029,5386.710375727465
1944,LOAD,89045575,5615.102154149715
1945,LOAD,94782833,5275.216873924838
1946,LOAD,90759409,5509.070690400816
1947,LOAD,100874740,4956.642267429884
1948,LOAD,90596268,5518.991135484743
1949,LOAD,93323959,5357.680978793452
1950,LOAD,92540741,5403.025679251909
1951,LOAD,96654348,5173.07302098815
1952,LOAD,92883831,5383.068232833764
1953,LOAD,96907280,5159.571086919373
1954,LOAD,83454324,5991.301301535916
1955,LOAD,93983241,5320.097441627918
1956,LOAD,83526661,5986.112625763886
1957,LOAD,95038019,5261.052421557734
1958,LOAD,83940141,5956.625686392402
1959,LOAD,93494001,5347.936708794824
1960,LOAD,91695081,5452.855208230854
1961,LOAD,94455448,5293.500910609201
1962,LOAD,87460271,5716.881439802536
1963,LOAD,95159600,5254.330619296425
1964,LOAD,92846849,5385.212372689137
1965,LOAD,94243842,5305.386425141709
1966,LOAD,89641785,5577.755953877982
1967,LOAD,94246371,5305.2440608031475
1968,LOAD,98663169,5067.747215782213
1969,LOAD,97799464,5112.50245706868
1970,LOAD,95297560,5246.7240504373885
1971,LOAD,97408487,5133.022957229589
1972,LOAD,92495155,5405.6885466054955
1973,LOAD,96361857,5188.775056503944
1974,LOAD,93026900,5374.789442623585
1975,LOAD,89526707,5584.925624484323
1976,LOAD,97225674,5142.674557339659
1977,LOAD,92516851,5404.420865989051
1978,LOAD,97718675,5116.729222945358
1979,LOAD,91471497,5466.183635324128
1980,LOAD,91532521,5462.539374393501
1981,LOAD,88946373,5621.3646845386265
1982,LOAD,95489882,5236.156852722888
1983,LOAD,87503480,5714.058458017898
1984,LOAD,92175785,5424.4181375835315
1985,LOAD,85674542,5836.039368614307
1986,LOAD,91253651,5479.232825435116
1987,LOAD,93330692,5357.294468576318
1988,LOAD,96161980,5199.560158807046
1989,LOAD,89479993,5587.8412954279065
1990,LOAD,94890363,5269.238984784999
1991,LOAD,91953864,5437.509401453755
1992,LOAD,96512584,5180.671569212155
1993,LOAD,86494399,5780.7211308561145
1994,LOAD,95252307,5249.216693512735
1995,LOAD,95471154,5237.1839980063505
1996,LOAD,88075437,5676.9516795017435
1997,LOAD,95423493,5239.7998048551835
1998,LOAD,98124541,5095.565236835096
1999,LOAD,92918674,5381.04966930544
2000,LOAD,91219598,5481.278266540925
2001,LOAD,88458340,5652.378283381759
2002,LOAD,92894512,5382.44928828519
2003,LOAD,92228518,5421.3166474170175
2004,LOAD,96836867,5163.322766317915
2005,LOAD,91040485,5492.062130380787
2006,LOAD,94484187,5291.890800732614
2007,LOAD,98333615,5084.731197973348
2008,LOAD,90569674,5520.611678474188
2009,LOAD,92393129,5411.657830096869
2010,LOAD,88037231,5679.415337358804
2011,LOAD,92180386,5424.14738857787
2012,LOAD,90022282,5554.180463898926
2013,LOAD,85072903,5877.312074327591
2014,LOAD,94330682,5300.502332846486
2015,LOAD,90947142,5497.698872164669
2016,LOAD,92254924,5419.76491141004
2017,LOAD,92790063,5388.508034529516
2018,LOAD,93755196,5333.037755048797
2019,LOAD,93386226,5354.108645529802
2020,LOAD,89468161,5588.580277178157
2021,LOAD,93683176,5337.137588076647
2022,LOAD,91481283,5465.598902892518
2023,LOAD,88860561,5626.793195690043
2024,LOAD,90431214,5529.0643339146145
2025,LOAD,92721651,5392.483790004991
2026,LOAD,86320374,5792.3752739996235
2027,LOAD,86036621,5811.478812028195
2028,LOAD,93374672,5354.771152502683
2029,LOAD,93550473,5344.708412110327
2030,LOAD,86131143,5805.101181578421
2031,LOAD,91500549,5464.448087628414
2032,LOAD,96864161,5161.867865659829
2033,LOAD,85875518,5822.3811820267565
2034,LOAD,90812074,5505.875793564631
2035,LOAD,95439442,5238.924175604463
2036,LOAD,90179163,5544.518083406918
2037,LOAD,89142460,5608.999347785556
2038,LOAD,93687014,5336.918945885072
2039,LOAD,87010886,5746.407409298188
2040,LOAD,87052848,5743.63747410079
2041,LOAD,89338136,5596.714039343735
2042,LOAD,93120972,5369.359761407988
2043,LOAD,90408582,5530.448425792145
2044,LOAD,91320902,5475.197781116967
2045,LOAD,89366822,5594.917541098194
2046,LOAD,89794184,5568.289367159904
2047,LOAD,89037163,5615.632654423187
2048,LOAD,97519758,5127.166127709218
2049,LOAD,89481264,5587.761925222692
2050,LOAD,92301693,5417.018732256623
2051,LOAD,91387122,5471.230399399163
2052,LOAD,88640728,5640.747896384606
2053,LOAD,87552391,5710.866308608294
2054,LOAD,95720897,5223.519792130656
2055,LOAD,91641543,5456.040826374999
2056,LOAD,92503146,5405.221569437216
2057,LOAD,86918915,5752.487821551846
2058,LOAD,91283121,5477.463900472903
2059,LOAD,96565752,5177.819150623918
2060,LOAD,87316885,5726.269323510567
2061,LOAD,88549952,5646.530446453546
2062,LOAD,97278076,5139.904288403072
2063,LOAD,91223756,5481.028428603619
2064,LOAD,93846246,5327.8636206716255
2065,LOAD,92986993,5377.09612784231
2066,LOAD,94535458,5289.020760866256
2067,LOAD,90728674,5510.936928274737
2068,LOAD,90615730,5517.805793762297
2069,LOAD,89974880,5557.106605754851
2070,LOAD,92673670,5395.275702365084
2071,LOAD,95536584,5233.597215491816
2072,LOAD,95718069,5223.67412154961
2073,LOAD,93677900,5337.43817912229
2074,LOAD,93100258,5370.554397389532
2075,LOAD,90524351,5523.375693684896
2076,LOAD,103475055,4832.082476303105
2077,LOAD,92512837,5404.655356099392
2078,LOAD,92805929,5387.586821096312
2079,LOAD,95324237,5245.2557265158075
2080,LOAD,86080707,5808.502478958497
2081,LOAD,92104009,5428.645348108572
2082,LOAD,85690809,5834.9314918943055
2083,LOAD,89792609,5568.38703728945
2084,LOAD,91844734,5443.970255278871
2085,LOAD,98437312,5079.37478016466
2086,LOAD,90572528,5520.437720364834
2087,LOAD,91393425,5470.853072855077
2088,LOAD,90439692,5528.546028219556
2089,LOAD,94286771,5302.970869582542
2090,LOAD,94913377,5267.961332784524
2091,LOAD,90493082,5525.284242170025
2092,LOAD,95044133,5260.713988521522
2093,LOAD,97735876,5115.828705520581
2094,LOAD,89715450,5573.1760805970425
2095,LOAD,92092777,5429.307447206202
2096,LOAD,91201211,5482.383342475573
2097,LOAD,87035096,5744.808967637607
2098,LOAD,88768281,5632.64258772793
2099,LOAD,90029756,5553.7193725150155
2100,LOAD,94841533,5271.951898963927
2101,LOAD,94228855,5306.230241256779
2102,LOAD,89688692,5574.838799076253
2103,LOAD,91872500,5442.324961223434
2104,LOAD,94551249,5288.137441738078
2105,LOAD,89645914,5577.499048088237
2106,LOAD,93573869,5343.372090342871
2107,LOAD,92251885,5419.943451561992
2108,LOAD,94214236,5307.053596443748
2109,LOAD,93124268,5369.169720614609
2110,LOAD,90663523,5514.897099244644
2111,LOAD,95281814,5247.591109044166
2112,LOAD,86891998,5754.269800540206
2113,LOAD,86658569,5769.769865459006
2114,LOAD,87527182,5712.51111454725
2115,LOAD,92700853,5393.69362653006
2116,LOAD,89313531,5598.255879055996
2117,LOAD,95388007,5241.749101645451
2118,LOAD,90246601,5540.374866860637
2119,LOAD,91204497,5482.185818096229
2120,LOAD,90185537,5544.126216158141
2121,LOAD,95302491,5246.452582231036
2122,LOAD,89550343,5583.451534071734
2123,LOAD,98341575,5084.319627787129
2124,LOAD,88379718,5657.406600912666
2125,LOAD,99490947,5025.582880420266
2126,LOAD,90144202,5546.66843686741
2127,LOAD,91970978,5436.49758731499
2128,LOAD,88506886,5649.277955615792
2129,LOAD,87398079,5720.94954169416
2130,LOAD,88162909,5671.3192165653245
2131,LOAD,90977205,5495.88218279513
2132,LOAD,88556340,5646.12313471853
2133,LOAD,94434100,5294.697572169375
2134,LOAD,92066654,5430.847959349104
2135,LOAD,97640794,5120.810467805086
2136,LOAD,90478601,5526.1685578007555
2137,LOAD,92275643,5418.547991044614
2138,LOAD,86937932,5751.2295093469675
2139,LOAD,97028635,5153.117942966012
2140,LOAD,93484350,5348.488811228832
2141,LOAD,90713460,5511.861194579063
2142,LOAD,93349623,5356.208026678372
2143,LOAD,87394421,5721.188999009444
2144,LOAD,84969511,5884.46366367814
2145,LOAD,88991438,5618.518042151425
2146,LOAD,93941376,5322.468344513071
2147,LOAD,89779506,5569.19972359839
2148,LOAD,87036263,5744.731940065028
2149,LOAD,91160964,5484.803780705961
2150,LOAD,99632657,5018.434869201571
2151,LOAD,97595917,5123.165142246678
2152,LOAD,92746100,5391.062265690955
2153,LOAD,92589946,5400.154353691922
2154,LOAD,87704140,5700.985153038386
2155,LOAD,88829728,5628.746268366373
2156,LOAD,88966637,5620.084301938939
2157,LOAD,90958270,5497.026273696719
2158,LOAD,89454257,5589.44891800957
2159,LOAD,94008989,5318.640327043619
2160,LOAD,91247429,5479.606444582674
2161,LOAD,85560065,5843.84782783884
2162,LOAD,93901037,5324.75482672252
2163,LOAD,96250988,5194.7518710145605
2164,LOAD,86924955,5752.08810864498
2165,LOAD,92512038,5404.702034561167
2166,LOAD,91181992,5483.538898777294
2167,LOAD,83297394,6002.588748454724
2168,LOAD,94744823,5277.333200569703
2169,LOAD,93866720,5326.701518919592
2170,LOAD,92444717,5408.637899773115
2171,LOAD,87960181,5684.390303835323
2172,LOAD,89367631,5594.866893137181
2173,LOAD,92343091,5414.590248013248
2174,LOAD,92692309,5394.190795268678
2175,LOAD,95670659,5226.262735370099
2176,LOAD,94102433,5313.358901145521
2177,LOAD,90618831,5517.61697301083
2178,LOAD,91119841,5487.279109716621
2179,LOAD,87358950,5723.51201565495
2180,LOAD,90437430,5528.684306929111
2181,LOAD,87245433,5730.959006186605
2182,LOAD,87181015,5735.193608379072
2183,LOAD,90094322,5549.739305435919
2184,LOAD,92916880,5381.153564346973
2185,LOAD,93226206,5363.298813211383
2186,LOAD,93726153,5334.690307837558
2187,LOAD,90366257,5533.038731481376
2188,LOAD,91141044,5486.002552263939
2189,LOAD,82378344,6069.556338738735
2190,LOAD,124302705,4022.438610648095
2191,LOAD,92526277,5403.870297299436
2192,LOAD,91042485,5491.941482045443
2193,LOAD,94237308,5305.754277276256
2194,LOAD,86211719,5799.67556382909
2195,LOAD,94154768,5310.405522957691
2196,LOAD,90389580,5531.611055168085
2197,LOAD,92919265,5381.015443890995
2198,LOAD,93568504,5343.678466848203
2199,LOAD,94568553,5287.169826950826
2200,LOAD,91109028,5487.930350875876
2201,LOAD,94282266,5303.224256404699
2202,LOAD,95965272,5210.218129741767
2203,LOAD,94769260,5275.972398644877
2204,LOAD,89711303,5573.433706564266
2205,LOAD,87732732,5699.127208303509
2206,LOAD,95617033,5229.193840390341
2207,LOAD,94864587,5270.670708765116
2208,LOAD,95975381,5209.6693421826585
2209,LOAD,94608316,5284.94767838379
2210,LOAD,93143971,5368.0339653975025
2211,LOAD,92908222,5381.655027259051
2212,LOAD,92593959,5399.920312295967
2213,LOAD,94354242,5299.17881169561
2214,LOAD,92803376,5387.735032397959
2215,LOAD,91957737,5437.280388924752
2216,LOAD,94460597,5293.212364516392
2217,LOAD,90160823,5545.645917628769
2218,LOAD,92656116,5396.297854747117
2219,LOAD,98058597,5098.991983334209
2220,LOAD,101406565,4930.647241625826
2221,LOAD,88782952,5631.711817827369
2222,LOAD,93035728,5374.279438110057
2223,LOAD,92559359,5401.938879027889
2224,LOAD,100725883,4963.9674044853
2225,LOAD,94348668,5299.491880478907
2226,LOAD,98723403,5064.6552368135035
2227,LOAD,97027216,5153.193306092592
2228,LOAD,93182311,5365.8252798645435
2229,LOAD,91216435,5481.468334078173
2230,LOAD,91963181,5436.958514951761
2231,LOAD,89882618,5562.810820663902
2232,LOAD,91351781,5473.3470385213395
2233,LOAD,89700322,5574.115999271441
2234,LOAD,87797169,5694.944446329471
2235,LOAD,89564522,5582.567615333223
2236,LOAD,95170502,5253.728723633296
2237,LOAD,92691595,5394.232346525055
2238,LOAD,92038155,5432.529585148681
2239,LOAD,91951015,5437.677876638991
2240,LOAD,93248849,5361.9964789056
2241,LOAD,89318052,5597.972512880151
2242,LOAD,86433107,5784.820392954288
2243,LOAD,92919051,5381.027836799582
2244,LOAD,83184616,6010.726791117242
2245,LOAD,90313296,5536.283384010258
2246,LOAD,90065217,5551.532729888388
2247,LOAD,85781456,5828.7656017403115
2248,LOAD,87737656,5698.8073627132235
2249,LOAD,100796365,4960.496343295713
2250,LOAD,90814340,5505.738410916162
2251,LOAD,92104894,5428.593186372919
2252,LOAD,94767530,5276.0687125643135
2253,LOAD,90265879,5539.191614142483
2254,LOAD,91967935,5436.677468076238
2255,LOAD,92158673,5425.425342224708
2256,LOAD,89531684,5584.6151626054525
2257,LOAD,89003112,5617.781095114967
2258,LOAD,96423568,5185.454244962187
2259,LOAD,89286905,5599.925319395941
2260,LOAD,94120013,5312.366457067957
2261,LOAD,97066168,5151.125364297888
2262,LOAD,90402885,5530.796943040037
2263,LOAD,87401204,5720.744991110191
2264,LOAD,96699427,5170.661455936031
2265,LOAD,93523162,5346.269194790484
2266,LOAD,89884810,5562.675161687498
2267,LOAD,93598107,5341.988380170979
2268,LOAD,94793824,5274.605231665725
2269,LOAD,86301800,5793.621917503459
2270,LOAD,95007570,5262.738537571269
2271,LOAD,91197168,5482.626390328261
2272,LOAD,99077275,5046.565925435474
2273,LOAD,92826241,5386.407923164744
2274,LOAD,89165190,5607.569501057532
2275,LOAD,81413218,6141.5088640765925
2276,LOAD,90202982,5543.053997926588
2277,LOAD,89482326,5587.69560818077
2278,LOAD,88740550,5634.402761758857
2279,LOAD,102357921,4884.819807936506
2280,LOAD,93356960,5355.787077899709
2281,LOAD,89735302,5571.943135601193
2282,LOAD,90420708,5529.706756996417
2283,LOAD,97303394,5138.566903431961
2284,LOAD,88511533,5648.981359299245
2285,LOAD,88864235,5626.560561737801
2286,LOAD,93988135,5319.820422013907
2287,LOAD,92201362,5422.9133838608595
2288,LOAD,92592608,5399.999101440149
2289,LOAD,96785792,5166.04751242827
2290,LOAD,90029131,5553.757927531256
2291,LOAD,97503985,5127.995537823403
2292,LOAD,85738073,5831.714925526726
2293,LOAD,90732210,5510.722156993641
2294,LOAD,93010742,5375.723161094662
2295,LOAD,93795541,5330.743814356803
2296,LOAD,90833944,5504.550149226153
2297,LOAD,95664549,5226.596531595002
2298,LOAD,88637040,5640.982595989216
2299,LOAD,86853318,5756.8324563029355
2300,LOAD,89625779,5578.752068643108
2301,LOAD,87738824,5698.7314988402395
2302,LOAD,89783375,5568.959732244416
2303,LOAD,97768978,5114.096620709281
2304,LOAD,89588260,5581.088414932939
2305,LOAD,89197378,5605.545938805511
2306,LOAD,92732261,5391.866806741615
2307,LOAD,99679953,5016.053729479588
2308,LOAD,90739521,5510.278151016469
2309,LOAD,94730712,5278.119307284421
2310,LOAD,92727530,5392.141902194527
2311,LOAD,95668976,5226.354675312925
2312,LOAD,96423903,5185.43622943784
2313,LOAD,92738445,5391.507265406488
2314,LOAD,98796912,5060.8869232674
2315,LOAD,94029715,5317.467994027207
2316,LOAD,92239378,5420.678357132894
2317,LOAD,97648646,5120.398699639932
2318,LOAD,89134125,5609.523849591837
2319,LOAD,90429299,5529.181421609826
2320,LOAD,93708742,5335.68148849976
2321,LOAD,98788801,5061.302444595922
2322,LOAD,94456744,5293.428280780036
2323,LOAD,93402489,5353.176401969331
2324,LOAD,92372775,5412.850268923933
2325,LOAD,87441603,5718.101942847502
2326,LOAD,92896620,5382.327150331196
2327,LOAD,90119590,5548.183252942008
2328,LOAD,96622629,5174.771222588034
2329,LOAD,88558901,5645.959856705991
2330,LOAD,90207847,5542.755055444345
2331,LOAD,93931412,5323.032938118719
2332,LOAD,91232523,5480.5017285338035
2333,LOAD,90592607,5519.214167222277
2334,LOAD,89451438,5589.625065613814
2335,LOAD,90005395,5555.222550825982
2336,LOAD,95478550,5236.778313034708
2337,LOAD,92917967,5381.090612970472
2338,LOAD,91144580,5485.789720025042
2339,LOAD,92634933,5397.531836073115
2340,LOAD,99161256,5042.2919209494485
2341,LOAD,91445276,5467.751007717447
2342,LOAD,92052182,5431.701771067197
2343,LOAD,85735211,5831.909598962788
2344,LOAD,89353928,5595.724901987521
2345,LOAD,89168330,5607.372034443171
2346,LOAD,84069169,5947.483553691365
2347,LOAD,88287240,5663.332549528109
2348,LOAD,93835344,5328.482623775536
2349,LOAD,85455339,5851.009496317134
2350,LOAD,97488285,5128.821375819669
2351,LOAD,85329132,5859.663496869979
2352,LOAD,88906398,5623.8922197702805
2353,LOAD,90285151,5538.009234763311
2354,LOAD,98791861,5061.145674743389
2355,LOAD,89691535,5574.662090463721
2356,LOAD,92120534,5427.671533037357
2357,LOAD,87002948,5746.9317016706145
2358,LOAD,94021487,5317.933335812909
2359,LOAD,86717952,5765.8188237655795
2360,LOAD,87188423,5734.706315309775
2361,LOAD,87463048,5716.699925664608
2362,LOAD,86758875,5763.099164206544
2363,LOAD,84494069,5917.575114059189
2364,LOAD,90006117,5555.177988624929
2365,LOAD,92173568,5424.548608121582
2366,LOAD,94096040,5313.71989724541
2367,LOAD,88373160,5657.8264260325195
2368,LOAD,95807036,5218.823385789745
2369,LOAD,88113955,5674.470065496435
2370,LOAD,89312722,5598.306588393981
2371,LOAD,98640263,5068.924035614139
2372,LOAD,86552065,5776.869679539131
2373,LOAD,94552068,5288.091636451569
2374,LOAD,92120171,5427.6929208045
2375,LOAD,83194226,6010.032475090278
2376,LOAD,88845678,5627.735768981357
2377,LOAD,94899165,5268.750257180872
2378,LOAD,88564829,5645.581949918291
2379,LOAD,90544883,5522.123210430345
2380,LOAD,94963887,5265.159375795138
2381,LOAD,98149394,5094.274958029797
2382,LOAD,91832509,5444.694971799147
2383,LOAD,97026097,5153.252737766005
2384,LOAD,88632264,5641.286563547559
2385,LOAD,89572231,5582.087153774254
2386,LOAD,91327425,5474.806718792302
2387,LOAD,90347983,5534.157857182047
2388,LOAD,91325436,5474.925956006386
2389,LOAD,90226280,5541.622684654626
2390,LOAD,93587135,5342.614666000834
2391,LOAD,89285209,5600.03169169935
2392,LOAD,93591364,5342.373255720474
2393,LOAD,91791807,5447.109239281018
2394,LOAD,88213882,5668.042134230075
2395,LOAD,90983721,5495.488583062018
2396,LOAD,91425558,5468.930252523041
2397,LOAD,91403072,5470.275659881541
2398,LOAD,92801899,5387.820781555343
2399,LOAD,94332178,5300.418272967258
2400,LOAD,91988410,5435.467359420605
2401,LOAD,91537988,5462.213130574817
2402,LOAD,87888336,5689.037052652812
2403,LOAD,92193492,5423.376305130084
2404,LOAD,93214638,5363.964402243348
2405,LOAD,95221716,5250.903060810205
2406,LOAD,92759120,5390.305557016927
2407,LOAD,89388055,5593.5885393188155
2408,LOAD,96120324,5201.8135103248305
2409,LOAD,88775360,5632.193437458322
2410,LOAD,90853407,5503.370941279065
2411,LOAD,102297814,4887.689975467119
2412,LOAD,90180053,5544.463363755176
2413,LOAD,89481250,5587.762799469163
2414,LOAD,98829381,5059.224240208486
2415,LOAD,95748745,5222.0005599029
2416,LOAD,92133182,5426.926424835734
2417,LOAD,93084726,5371.450521323982
2418,LOAD,92023838,5433.37477404496
2419,LOAD,95891002,5214.253575116463
2420,LOAD,92160635,5425.309840801336
2421,LOAD,94352321,5299.286702231734
2422,LOAD,92168659,5424.837525302391
2423,LOAD,94374956,5298.015715101366
2424,LOAD,95675259,5226.011460287764
2425,LOAD,89196140,5605.623741117049
2426,LOAD,88516670,5648.653524810637
2427,LOAD,93004085,5376.1079419253465
2428,LOAD,92371824,5412.905996096819
2429,LOAD,94852461,5271.34451471955
2430,LOAD,92395504,5411.518724980384
2431,LOAD,99078074,5046.525228175105
2432,LOAD,101262143,4937.679424777728
2433,LOAD,93916794,5323.861459751278
2434,LOAD,97910991,5106.678983567841
2435,LOAD,94657810,5282.184322667089
2436,LOAD,86665931,5769.27974153996
2437,LOAD,86839690,5757.735892424305
2438,LOAD,94412111,5295.93073075127
2439,LOAD,92721734,5392.478962914995
2440,LOAD,107235850,4662.619823501189
2441,LOAD,95494608,5235.897716863763
2442,LOAD,95232364,5250.31595351345
2443,LOAD,93428172,5351.704836952178
2444,LOAD,92965458,5378.341706228135
2445,LOAD,93189051,5365.437190684558
2446,LOAD,91115070,5487.566436594956
2447,LOAD,85923859,5819.105494319104
2448,LOAD,92515763,5404.484422832896
2449,LOAD,91737537,5450.331634693877
2450,LOAD,92651862,5396.5456193422215
2451,LOAD,100260389,4987.014363169886
2452,LOAD,98196772,5091.817071135495
2453,LOAD,89315022,5598.162423337924
2454,LOAD,96879622,5161.0440841728305
2455,LOAD,93316976,5358.081899267718
2456,LOAD,93520236,5346.436465365635
2457,LOAD,93479641,5348.758239240564
2458,LOAD,93078660,5371.800582432106
2459,LOAD,90955966,5497.165518532341
2460,LOAD,92761083,5390.19148795406
2461,LOAD,89095554,5611.9523090905295
2462,LOAD,88618207,5642.181408612792
2463,LOAD,89796466,5568.1478600728005
2464,LOAD,92826957,5386.366376310278
2465,LOAD,90148644,5546.395129359905
2466,LOAD,91684891,5453.461246957255
2467,LOAD,89377152,5594.270893751459
2468,LOAD,91077110,5489.853597682228
2469,LOAD,94076285,5314.835720819546
2470,LOAD,89254282,5601.972127230826
2471,LOAD,94010416,5318.559594502804
2472,LOAD,97113372,5148.621551314272
2473,LOAD,90600859,5518.711472702483
2474,LOAD,92547448,5402.634116934268
2475,LOAD,88553299,5646.317027669404
2476,LOAD,89481939,5587.719774378157
2477,LOAD,94711216,5279.205791212732
2478,LOAD,89392166,5593.331299299762
2479,LOAD,91503674,5464.261467796364
2480,LOAD,93205462,5364.492480065171
2481,LOAD,98122544,5095.668942297297
2482,LOAD,93584342,5342.774114926191
2483,LOAD,90717052,5511.642948891241
2484,LOAD,88634737,5641.129165870939
2485,LOAD,92994305,5376.673334996159
2486,LOAD,92310022,5416.529962477964
2487,LOAD,91605866,5458.16574672194
2488,LOAD,89810944,5567.250245137163
2489,LOAD,93159721,5367.126421514294
2490,LOAD,97015898,5153.794484281329
2491,LOAD,94208164,5307.39565203712
2492,LOAD,96287772,5192.767364063632
2493,LOAD,92915412,5381.23858289516
2494,LOAD,89748706,5571.110963984261
2495,LOAD,97728937,5116.191942208478
2496,LOAD,94615891,5284.524562581141
2497,LOAD,98586692,5071.678437085606
2498,LOAD,93400240,5353.305301999224
2499,LOAD,97947649,5104.767752005972
2500,LOAD,97225362,5142.691060384018
2501,LOAD,90997153,5494.677399412705
2502,LOAD,94962089,5265.259065646714
2503,LOAD,88703054,5636.7845012416365
2504,LOAD,97824500,5111.194026036422
2505,LOAD,95562595,5232.17269267332
2506,LOAD,92312433,5416.388494494561
2507,LOAD,91110247,5487.856925686965
2508,LOAD,86620282,5772.320159382533
2509,LOAD,91686890,5453.342348071791
2510,LOAD,93355352,5355.879328696656
2511,LOAD,93872153,5326.393227606061
2512,LOAD,88533778,5647.561996055337
2513,LOAD,90488512,5525.563289183051
2514,LOAD,92225548,5421.491233643848
2515,LOAD,103522251,4829.879520297525
2516,LOAD,91806223,5446.25389936802
2517,LOAD,93403355,5353.126769375683
2518,LOAD,94348120,5299.5226613948425
2519,LOAD,94426954,5295.09826187976
2520,LOAD,92606001,5399.21813490251
2521,LOAD,93601359,5341.802783013012
2522,LOAD,92952538,5379.089272419867
2523,LOAD,90024644,5554.034737421455
2524,LOAD,93715789,5335.2802695818955
2525,LOAD,96610903,5175.399302499015
2526,LOAD,93818875,5329.4179875851205
2527,LOAD,98868329,5057.23121910961
2528,LOAD,92745520,5391.09597962252
2529,LOAD,85782603,5828.687665260053
2530,LOAD,87556794,5710.5791242196465
2531,LOAD,97978180,5103.177054319645
2532,LOAD,87875503,5689.867857712291
2533,LOAD,99355425,5032.437836182574
2534,LOAD,91353072,5473.269689277664
2535,LOAD,95053212,5260.21151184244
2536,LOAD,92109079,5428.346536827276
2537,LOAD,91215035,5481.5524655557065
2538,LOAD,93500386,5347.571506282337
2539,LOAD,98786512,5061.4197209432805
2540,LOAD,91832681,5444.684774040301
2541,LOAD,91005674,5494.1629243908465
2542,LOAD,89334972,5596.912259624372
2543,LOAD,90423188,5529.555095978258
2544,LOAD,93194149,5365.143685147015
2545,LOAD,90839436,5504.217353353008
2546,LOAD,92982673,5377.345949174853
2547,LOAD,87687545,5702.064073067618
2548,LOAD,92704543,5393.478936625576
2549,LOAD,95935250,5211.848616645081
2550,LOAD,88717721,5635.852616187019
2551,LOAD,91317542,5475.399239283072
2552,LOAD,91371001,5472.195713386132
2553,LOAD,94425892,5295.157815400886
2554,LOAD,92110165,5428.282535374896
2555,LOAD,95469877,5237.254050301122
2556,LOAD,89505296,5586.261621882129
2557,LOAD,90712805,5511.900993470547
2558,LOAD,90290611,5537.674343570451
2559,LOAD,94505323,5290.707275821914
2560,LOAD,94568745,5287.159092573344
2561,LOAD,88866049,5626.445708191663
2562,LOAD,93386653,5354.084164468342
2563,LOAD,90668537,5514.592123616156
2564,LOAD,88956264,5620.739647969029
2565,LOAD,92569729,5401.333734054682
2566,LOAD,95111280,5257.00001093456
2567,LOAD,90933088,5498.548559133943
2568,LOAD,93025451,5374.873162399395
2569,LOAD,96956659,5156.9433719864455
2570,LOAD,89267285,5601.156123433126
2571,LOAD,92719539,5392.60662199798
2572,LOAD,84362866,5926.778258102327
2573,LOAD,89156288,5608.129400811303
2574,LOAD,86970028,5749.107037196769
2575,LOAD,93380435,5354.44068128404
2576,LOAD,89965323,5557.696936185068
2577,LOAD,94542137,5288.647114037628
2578,LOAD,81586741,6128.44677789005
2579,LOAD,96526429,5179.928493987901
2580,LOAD,89646748,5577.447159600257
2581,LOAD,92376766,5412.616414824481
2582,LOAD,92319923,5415.949057929782
2583,LOAD,93672936,5337.721025419765
2584,LOAD,88155206,5671.814776316217
2585,LOAD,92993726,5376.706811382092
2586,LOAD,95913189,5213.0473943474035
2587,LOAD,99095571,5045.634178746495
2588,LOAD,93089014,5371.203093847358
2589,LOAD,89854706,5564.538823375595
2590,LOAD,94595535,5285.661738685658
2591,LOAD,96006353,5207.9886838322045
2592,LOAD,90711965,5511.952034111487
2593,LOAD,99641056,5018.011852463707
2594,LOAD,96367279,5188.483115726449
2595,LOAD,99975251,5001.237756332314
2596,LOAD,91611989,5457.800943498782
2597,LOAD,87547063,5711.213864478812
2598,LOAD,90059097,5551.909986394822
2599,LOAD,92555071,5402.189146394799
2600,LOAD,94414051,5295.821911083976
2601,LOAD,97110531,5148.772175903353
2602,LOAD,99212590,5039.682967655617
2603,LOAD,93362684,5355.45871838903
2604,LOAD,89327109,5597.404926649983
2605,LOAD,94807260,5273.857719334996
2606,LOAD,93892297,5325.250483540732
2607,LOAD,84996267,5882.61129162296
2608,LOAD,88573153,5645.051384814087
2609,LOAD,90235667,5541.0462029388
2610,LOAD,86059830,5809.911546420671
2611,LOAD,93168845,5366.600820263469
2612,LOAD,94959835,5265.384043685417
2613,LOAD,86973218,5748.8961716927615
2614,LOAD,84929421,5887.241360093577
2615,LOAD,95393615,5241.440949690396
2616,LOAD,88765197,5632.838284581287
2617,LOAD,95901272,5213.6951843558445
2618,LOAD,90791674,5507.112909934891
2619,LOAD,89202777,5605.20666301678
2620,LOAD,95126700,5256.147853336655
2621,LOAD,97042101,5152.402873058159
2622,LOAD,91437227,5468.232320737374
2623,LOAD,109640777,4560.3471051650795
2624,LOAD,91436099,5468.299779499561
2625,LOAD,94331155,5300.4757548023235
2626,LOAD,97346446,5136.294344017449
2627,LOAD,94031740,5317.35348085657
2628,LOAD,93470116,5349.303300319002
2629,LOAD,88188083,5669.700292725493
2630,LOAD,91049699,5491.5063475388315
2631,LOAD,93061405,5372.796595968006
2632,LOAD,94311673,5301.570676198268
2633,LOAD,88489813,5650.3679129709535
2634,LOAD,93404083,5353.0850466140755
2635,LOAD,93580347,5343.0022010925
2636,LOAD,94009785,5318.595293032528
2637,LOAD,95274540,5247.991750996646
2638,LOAD,88398301,5656.217306710454
2639,LOAD,85532925,5845.702108281694
2640,LOAD,93105518,5370.250987701932
2641,LOAD,89198040,5605.504336193934
2642,LOAD,91671366,5454.265839128
2643,LOAD,97411645,5132.856549132293
2644,LOAD,90101845,5549.275933250868
2645,LOAD,91500106,5464.474543887414
2646,LOAD,91364914,5472.560287201715
2647,LOAD,93822136,5329.232751639762
2648,LOAD,91825202,5445.128233967838
2649,LOAD,90842494,5504.032066755014
2650,LOAD,93929865,5323.12060706145
2651,LOAD,94597813,5285.53445522044
2652,LOAD,94472794,5292.528979295352
2653,LOAD,98550385,5073.546896848754
2654,LOAD,95198752,5252.169692308572
2655,LOAD,100193149,4990.3611673089545
2656,LOAD,92023193,5433.412857126137
2657,LOAD,91674420,5454.084138192529
2658,LOAD,93252020,5361.814146224393
2659,LOAD,93352038,5356.06946256492
2660,LOAD,93869163,5326.5628883896625
2661,LOAD,97072992,5150.7632524605815
2662,LOAD,93363976,5355.384607870598
2663,LOAD,100738175,4963.361704736065
2664,LOAD,93317702,5358.040214063565
2665,LOAD,89674483,5575.722137143517
2666,LOAD,94594132,5285.740134493755
2667,LOAD,95181178,5253.139438976054
2668,LOAD,88889512,5624.960569026412
2669,LOAD,95284868,5247.422917141472
2670,LOAD,101527748,4924.762046332397
2671,LOAD,93483169,5348.556380239956
2672,LOAD,88021695,5680.417765188457
2673,LOAD,92957631,5378.794560717667
2674,LOAD,93095715,5370.81647635447
2675,LOAD,90575465,5520.258714653025
2676,LOAD,91593195,5458.920829216625
2677,LOAD,95598967,5230.182037427246
2678,LOAD,94036391,5317.090486809516
2679,LOAD,96679192,5171.743677791598
2680,LOAD,91580197,5459.69561519943
2681,LOAD,95495780,5235.833457771641
2682,LOAD,87182063,5735.124666641577
2683,LOAD,87924110,5686.722333612475
2684,LOAD,89099818,5611.683741037496
2685,LOAD,95681299,5225.6815618692635
2686,LOAD,94508874,5290.508487065458
2687,LOAD,92700901,5393.690833706137
2688,LOAD,91309347,5475.890655531684
2689,LOAD,92603483,5399.3649461327495
2690,LOAD,91510838,5463.83369366588
2691,LOAD,86353645,5790.143542869557
2692,LOAD,87141757,5737.777355120347
2693,LOAD,94983708,5264.060653433324
2694,LOAD,93520105,5346.44395448444
2695,LOAD,90798894,5506.675004213157
2696,LOAD,94742785,5277.4467206130785
2697,LOAD,95361415,5243.210789185542
2698,LOAD,91729474,5450.810717610786
2699,LOAD,92425357,5409.770827284984
2700,LOAD,86595894,5773.945817800553
2701,LOAD,90377912,5532.325199103958
2702,LOAD,93513947,5346.796023912882
2703,LOAD,91990612,5435.337249414104
2704,LOAD,98159623,5093.744094758799
2705,LOAD,95945825,5211.274174775192
2706,LOAD,92209745,5422.420374332452
2707,LOAD,94166592,5309.738723474245
2708,LOAD,91511517,5463.793152942705
2709,LOAD,89942545,5559.104426053321
2710,LOAD,95180483,5253.177796964951
2711,LOAD,87442630,5718.034784635366
2712,LOAD,99354775,5032.470759457711
2713,LOAD,95302850,5246.432819165429
2714,LOAD,91522038,5463.165057578809
2715,LOAD,91927888,5439.045874740427
2716,LOAD,95170606,5253.722982493145
2717,LOAD,90984442,5495.445034437866
2718,LOAD,92876130,5383.514580118703
2719,LOAD,91327953,5474.775066950203
2720,LOAD,89753462,5570.815753045827
2721,LOAD,90655436,5515.389060618493
2722,LOAD,96459058,5183.546370523337
2723,LOAD,95555031,5232.586864003006
2724,LOAD,93177849,5366.082232698889
2725,LOAD,94251208,5304.971794101568
2726,LOAD,95021337,5261.976054914909
2727,LOAD,93708950,5335.669645215318
2728,LOAD,93965675,5321.0919838547425
2729,LOAD,92746755,5391.024192706257
2730,LOAD,91274915,5477.956347590135
2731,LOAD,93367423,5355.186894255397
2732,LOAD,94226446,5306.36590071539
2733,LOAD,95929546,5212.158514749982
2734,LOAD,89002048,5617.848254458145
2735,LOAD,88815150,5629.670163254806
2736,LOAD,93272014,5360.66477560997
2737,LOAD,97430906,5131.841840822049
2738,LOAD,86743395,5764.1276318502405
2739,LOAD,95408776,5240.608054755886
2740,LOAD,93177696,5366.091043933948
2741,LOAD,98364190,5083.150687257222
2742,LOAD,91530355,5462.668641457799
2743,LOAD,89271687,5600.879929601868
2744,LOAD,93191522,5365.294924574791
2745,LOAD,85272394,5863.562362281045
2746,LOAD,92271773,5418.775252102287
2747,LOAD,94226675,5306.3530046029955
2748,LOAD,95181194,5253.138555921037
2749,LOAD,91887299,5441.448442183506
2750,LOAD,87350045,5724.095505617655
2751,LOAD,94862049,5270.811723664117
2752,LOAD,91238724,5480.129248629124
2753,LOAD,90467546,5526.843847405787
2754,LOAD,90795782,5506.86374395674
2755,LOAD,92832103,5386.067791656083
2756,LOAD,98033802,5100.281635511801
2757,LOAD,97381059,5134.468706075583
2758,LOAD,94023474,5317.820951818904
2759,LOAD,95473445,5237.058325485165
2760,LOAD,89221481,5604.0316120733305
2761,LOAD,89939451,5559.295664368687
2762,LOAD,97570488,5124.50035096678
2763,LOAD,93098317,5370.66636768525
2764,LOAD,95801280,5219.136946813237
2765,LOAD,96662459,5172.638945591069
2766,LOAD,93304386,5358.804890479639
2767,LOAD,82193093,6083.236215481026
2768,LOAD,93818779,5329.423440908349
2769,LOAD,92141534,5426.434511064251
2770,LOAD,92829754,5386.204082798711
2771,LOAD,91959153,5437.196664914911
2772,LOAD,92632165,5397.693123117656
2773,LOAD,85355755,5857.835830753298
2774,LOAD,94954541,5265.677604612927
2775,LOAD,92451623,5408.233882492253
2776,LOAD,94043241,5316.703196139316
2777,LOAD,89171250,5607.188415548733
2778,LOAD,89704207,5573.874589850619
2779,LOAD,94636378,5283.38056217663
2780,LOAD,94612649,5284.705642265655
2781,LOAD,93093189,5370.962208631611
2782,LOAD,88320843,5661.17784903842
2783,LOAD,92372281,5412.8792164394
2784,LOAD,92907925,5381.672230867281
2785,LOAD,93269886,5360.7870819098025
2786,LOAD,89196025,5605.630968420398
2787,LOAD,89275840,5600.619383698881
2788,LOAD,90694159,5513.034196612375
2789,LOAD,90892565,5500.99999928487
2790,LOAD,94123568,5312.16581164879
2791,LOAD,94119616,5312.388864824948
2792,LOAD,95729937,5223.02652304054
2793,LOAD,87391123,5721.404907452671
2794,LOAD,93937108,5322.7101690207455
2795,LOAD,92462194,5407.615570965145
2796,LOAD,93799040,5330.544960801305
2797,LOAD,92847081,5385.198916485054
2798,LOAD,96018386,5207.336019999337
2799,LOAD,91849386,5443.694528344478
2800,LOAD,95805134,5218.926994037711
2801,LOAD,96491329,5181.812761642033
2802,LOAD,95270386,5248.220575069361
2803,LOAD,99415627,5029.390399559618
2804,LOAD,89146220,5608.7627719941465
2805,LOAD,114755135,4357.103496937196
2806,LOAD,98095855,5097.055324101105
2807,LOAD,93286448,5359.835332137418
2808,LOAD,95367153,5242.895318475114
2809,LOAD,89272643,5600.819951079526
2810,LOAD,92625245,5398.096382902955
2811,LOAD,92852372,5384.892052084571
2812,LOAD,88129892,5673.443920707403
2813,LOAD,90323974,5535.628890730605
2814,LOAD,90237016,5540.963366962401
2815,LOAD,95912037,5213.110008288115
2816,LOAD,83827113,5964.657282185061
2817,LOAD,99406293,5029.862646623388
2818,LOAD,89750271,5571.013819000057
2819,LOAD,92885457,5382.973999901837
2820,LOAD,87414858,5719.851423884942
2821,LOAD,97658450,5119.884659238397
2822,LOAD,92863984,5384.218708514595
2823,LOAD,98685617,5066.594456211385
2824,LOAD,89718075,5573.013018837063
2825,LOAD,95929192,5212.177748771198
2826,LOAD,91042941,5491.913974967043
2827,LOAD,93071816,5372.195595710737
2828,LOAD,94641531,5283.092895020897
2829,LOAD,90194694,5543.563349746494
2830,LOAD,91407688,5469.999416241662
2831,LOAD,91756141,5449.226553675573
2832,LOAD,89407526,5592.370378305736
2833,LOAD,92433888,5409.271543354316
2834,LOAD,89673445,5575.786677984771
2835,LOAD,100310519,4984.52211178371
2836,LOAD,92595569,5399.826421499716
2837,LOAD,91552044,5461.374516116756
2838,LOAD,93630772,5340.124718826412
2839,LOAD,90704635,5512.397464583811
2840,LOAD,84786823,5897.142767101911
2841,LOAD,88203177,5668.730050392629
2842,LOAD,92688842,5394.392563454401
2843,LOAD,91595996,5458.753895748892
2844,LOAD,90751572,5509.546435184617
2845,LOAD,88781748,5631.788191419705
2846,LOAD,84424243,5922.46944991855
2847,LOAD,92195657,5423.248949785128
2848,LOAD,89945458,5558.924387265892
2849,LOAD,90106694,5548.977304616236
2850,LOAD,93351125,5356.121846415884
2851,LOAD,88089995,5676.013490521824
2852,LOAD,93145515,5367.944983717144
2853,LOAD,91429088,5468.719101737075
2854,LOAD,93547431,5344.8822127461735
2855,LOAD,90148810,5546.384916229066
2856,LOAD,91596937,5458.69781650013
2857,LOAD,90224963,5541.703574874284
2858,LOAD,85944926,5817.679103010688
2859,LOAD,92668989,5395.548234587948
2860,LOAD,88446679,5653.123505066821
2861,LOAD,91369705,5472.273331735065
2862,LOAD,89509699,5585.986832555431
2863,LOAD,93065527,5372.558627428178
2864,LOAD,92949717,5379.252526395535
2865,LOAD,94397398,5296.756166944348
2866,LOAD,94205579,5307.54128691253
2867,LOAD,93405775,5352.988078092602
2868,LOAD,88843159,5627.895334068434
2869,LOAD,93422813,5352.011826062228
2870,LOAD,83332561,6000.05560851538
2871,LOAD,85850556,5824.0741038415645
2872,LOAD,87593995,5708.153852327434
2873,LOAD,96484823,5182.162172801
2874,LOAD,80979394,6174.410245648418
2875,LOAD,97983443,5102.90294657231
2876,LOAD,91164275,5484.6045778349035
2877,LOAD,96520452,5180.249259504089
2878,LOAD,91466639,5466.47395669584
2879,LOAD,104900111,4766.439188991897
2880,LOAD,94574655,5286.828696335186
2881,LOAD,94784176,5275.1421292094155
2882,LOAD,97021719,5153.485272715071
2883,LOAD,94866001,5270.592148181729
2884,LOAD,95801815,5219.107800828199
2885,LOAD,93879843,5325.956925599035
2886,LOAD,87822083,5693.328863538798
2887,LOAD,92435429,5409.181364863899
2888,LOAD,99738262,5013.121243279736
2889,LOAD,97688159,5118.32759587577
2890,LOAD,92844061,5385.374084401586
2891,LOAD,97193051,5144.400704120298
2892,LOAD,90327069,5535.43921590105
2893,LOAD,94340200,5299.967564198507
2894,LOAD,93868346,5326.609249085948
2895,LOAD,93606060,5341.5345117613115
2896,LOAD,93056387,5373.086320232915
2897,LOAD,98609614,5070.49951539208
2898,LOAD,93393871,5353.670370939009
2899,LOAD,93082720,5371.566279971192
2900,LOAD,91108045,5487.989562282892
2901,LOAD,98390696,5081.781309891334
2902,LOAD,88868482,5626.291669975864
2903,LOAD,90532381,5522.885783816953
2904,LOAD,96566900,5177.757596029282
2905,LOAD,92593311,5399.958102805072
2906,LOAD,101563977,4923.005328946502
2907,LOAD,96203810,5197.299358518129
2908,LOAD,93585258,5342.7218205670815
2909,LOAD,94047721,5316.449932901617
2910,LOAD,92069073,5430.705270596131
2911,LOAD,96372268,5188.214518309354
2912,LOAD,94965483,5265.0708889671
2913,LOAD,92476714,5406.766507728637
2914,LOAD,95809012,5218.715750873205
2915,LOAD,92862064,5384.330031690874
2916,LOAD,90519919,5523.646126992226
2917,LOAD,97130436,5147.717034854039
2918,LOAD,99132866,5043.735949286485
2919,LOAD,87901899,5688.159251258042
2920,LOAD,95061069,5259.776744147491
2921,LOAD,88291486,5663.060195860788
2922,LOAD,85679267,5835.717525454554
2923,LOAD,91768735,5448.478722083289
2924,LOAD,93686583,5336.943498088728
2925,LOAD,97504505,5127.968189777488
2926,LOAD,91406331,5470.080622752488
2927,LOAD,99487419,5025.761096485979
2928,LOAD,87383939,5721.875275043392
2929,LOAD,91166849,5484.449725798903
2930,LOAD,105839627,4724.12851568345
2931,LOAD,87339161,5724.808828882614
2932,LOAD,98507330,5075.764412658428
2933,LOAD,96830843,5163.643984799348
2934,LOAD,94014746,5318.314639705563
2935,LOAD,99957160,5002.142918026083
2936,LOAD,94355605,5299.102263188286
2937,LOAD,94801999,5274.150390014455
2938,LOAD,93339114,5356.8110792223715
2939,LOAD,98271115,5087.965064810754
2940,LOAD,94064310,5315.512334061665
2941,LOAD,98619363,5069.998272043189
2942,LOAD,98676561,5067.059440792632
2943,LOAD,100517316,4974.2673192746215
2944,LOAD,92823623,5386.559841561022
2945,LOAD,93464244,5349.639376529916
2946,LOAD,90885048,5501.454980801683
2947,LOAD,95834744,5217.314505478305
2948,LOAD,98125935,5095.492848042671
2949,LOAD,93018730,5375.261519911097
2950,LOAD,91298400,5476.547234124585
2951,LOAD,90922058,5499.215602884836
2952,LOAD,95846593,5216.669516881002
2953,LOAD,91708102,5452.080994981228
2954,LOAD,101060129,4947.549591985975
2955,LOAD,95116442,5256.714711847611
2956,LOAD,92764846,5389.9728351837075
2957,LOAD,87902126,5688.144562055302
2958,LOAD,99847166,5007.6533969927605
2959,LOAD,91996591,5434.9839984831615
2960,LOAD,94494548,5291.310563229532
2961,LOAD,90361775,5533.313173629004
2962,LOAD,108489768,4608.729553186988
2963,LOAD,91098451,5488.567527893531
2964,LOAD,99650825,5017.519925198813
2965,LOAD,95197865,5252.218629062742
2966,LOAD,95933421,5211.947982132317
2967,LOAD,94394273,5296.931520411202
2968,LOAD,101809717,4911.122579782831
2969,LOAD,96094938,5203.187705891438
2970,LOAD,97291623,5139.188602085505
2971,LOAD,92791865,5388.403390749824
2972,LOAD,91383944,5471.42066882121
2973,LOAD,91250886,5479.398852083475
2974,LOAD,95865568,5215.636963628067
2975,LOAD,89351273,5595.891174376441
2976,LOAD,88124399,5673.79755974279
2977,LOAD,88712942,5636.156221715654
2978,LOAD,100088779,4995.564987359871
2979,LOAD,95970649,5209.926214003201
2980,LOAD,95014971,5262.3286071412895
2981,LOAD,93994871,5319.439185144474
2982,LOAD,92263758,5419.245983888928
2983,LOAD,95650283,5227.3760653693
2984,LOAD,93549129,5344.785198374215
2985,LOAD,94651444,5282.539588091228
2986,LOAD,92165647,5425.014810561684
2987,LOAD,108504790,4608.0914953155525
2988,LOAD,92786058,5388.740623079386
2989,LOAD,92562367,5401.763332175808
2990,LOAD,94081932,5314.516712943353
2991,LOAD,97778853,5113.580131687574
2992,LOAD,93784796,5331.35456199105
2993,LOAD,95114657,5256.813363685893
2994,LOAD,97247601,5141.515007655562
2995,LOAD,95991556,5208.791489951471
2996,LOAD,100393077,4980.423102282242
2997,LOAD,96801907,5165.187499870224
2998,LOAD,98267452,5088.154722888306
2999,LOAD,94136987,5311.408575250024
3000,LOAD,96299989,5192.10858892206
3001,LOAD,84991106,5882.968507316519
3002,LOAD,99950879,5002.457257029226
3003,LOAD,97586156,5123.677583939263
3004,LOAD,92658123,5396.180969476362
3005,LOAD,90532912,5522.85339059899
3006,LOAD,95959644,5210.523707236763
3007,LOAD,95111016,5257.014602808996
3008,LOAD,97726771,5116.305336641072
3009,LOAD,90731800,5510.747058914295
3010,LOAD,95579198,5231.2638153753915
3011,LOAD,93239618,5362.5273325336875
3012,LOAD,100424139,4978.882617056842
3013,LOAD,86614435,5772.709826023803
3014,LOAD,97163607,5145.959638982938
3015,LOAD,93893965,5325.155881956844
3016,LOAD,94006028,5318.807853470843
3017,LOAD,88596694,5643.551439966823
3018,LOAD,93024893,5374.905403008634
3019,LOAD,88056067,5678.200458351155
3020,LOAD,92426022,5409.731904289898
3021,LOAD,90080114,5550.614645092479
3022,LOAD,94652235,5282.495442394994
3023,LOAD,88931251,5622.32054961197
3024,LOAD,94697893,5279.948520079533
3025,LOAD,92840212,5385.5973530090605
3026,LOAD,102735927,4866.846629027838
3027,LOAD,100683826,4966.040921011484
3028,LOAD,93058262,5372.978059701996
3029,LOAD,98537461,5074.212334332422
3030,LOAD,96411793,5186.087556736965
3031,LOAD,103400238,4835.578811723819
3032,LOAD,94864765,5270.660819114452
3033,LOAD,95883556,5214.65849681253
3034,LOAD,93921482,5323.595724351964
3035,LOAD,90869015,5502.425661816626
3036,LOAD,91325840,5474.901736463634
3037,LOAD,97427614,5132.015241592594
3038,LOAD,98886084,5056.323193059197
3039,LOAD,92605103,5399.27049160563
3040,LOAD,95648929,5227.450063763913
3041,LOAD,89476135,5588.0822299711535
3042,LOAD,89230134,5603.488166901106
3043,LOAD,93608750,5341.381014061186
3044,LOAD,93620567,5340.706812852351
3045,LOAD,96654353,5173.07275338132
3046,LOAD,94944798,5266.217955406045
3047,LOAD,93853200,5327.4688556170695
3048,LOAD,97449583,5130.858281866635
3049,LOAD,91864045,5442.825862936909
3050,LOAD,94663267,5281.879823564509
3051,LOAD,96608303,5175.53858698874
3052,LOAD,91127464,5486.820087520487
3053,LOAD,91192961,5482.879320038747
3054,LOAD,100211230,4989.4607620323595
3055,LOAD,95293716,5246.935695109214
3056,LOAD,92821684,5386.672364185937
3057,LOAD,90231372,5541.309955920874
3058,LOAD,97323564,5137.501951736992
3059,LOAD,92634352,5397.565689238048
3060,LOAD,93870622,5326.480099386153
3061,LOAD,90775776,5508.077397212226
3062,LOAD,108469214,4609.6028685153005
3063,LOAD,93912392,5324.1110076293235
3064,LOAD,93471532,5349.222263736942
3065,LOAD,101258058,4937.878622953642
3066,LOAD,90416124,5529.9871071668595
3067,LOAD,98952896,5052.909214501413
3068,LOAD,96841993,5163.04946346984
3069,LOAD,91117180,5487.439361051341
3070,LOAD,97630702,5121.339801489905
3071,LOAD,90560539,5521.168552232226
3072,LOAD,97232896,5142.292583777408
3073,LOAD,94516147,5290.101383417587
3074,LOAD,99008818,5050.05523851421
3075,LOAD,93581842,5342.916844915278
3076,LOAD,91314596,5475.575887123237
3077,LOAD,94940803,5266.43955181209
3078,LOAD,99475421,5026.367267146324
3079,LOAD,96318324,5191.120227548809
3080,LOAD,94773624,5275.7294582298555
3081,LOAD,93373631,5354.830851549513
3082,LOAD,100055465,4997.228287330432
3083,LOAD,96774375,5166.656979184831
3084,LOAD,93232617,5362.930014074366
3085,LOAD,86594152,5774.061971298015
3086,LOAD,99089157,5045.960780552407
3087,LOAD,91001904,5494.390534949686
3088,LOAD,95304121,5246.362851402826
3089,LOAD,96121172,5201.767618896699
3090,LOAD,94058674,5315.830839801122
3091,LOAD,94118082,5312.475449722828
3092,LOAD,91982311,5435.827764753595
3093,LOAD,89358885,5595.414490679914
3094,LOAD,95036697,5261.12560498604
3095,LOAD,100452847,4977.4597229683295
3096,LOAD,99418396,5029.250321037165
3097,LOAD,99928799,5003.562586597283
3098,LOAD,103120964,4848.674610916167
3099,LOAD,96293617,5192.452164300776
3100,LOAD,94322956,5300.936497367618
3101,LOAD,98891547,5056.0438699578635
3102,LOAD,93687992,5336.8632342979445
3103,LOAD,96140933,5200.698437157876
3104,LOAD,91103920,5488.2380472761215
3105,LOAD,105087689,4757.931254916073
3106,LOAD,96794778,5165.567919376808
3107,LOAD,98528848,5074.6559017923355
3108,LOAD,93370689,5354.999575937583
3109,LOAD,99853976,5007.31187709541
3110,LOAD,95530345,5233.939016968901
3111,LOAD,91779195,5447.857763407055
3112,LOAD,97798345,5112.560953868902
3113,LOAD,97214643,5143.258099502562
3114,LOAD,94654855,5282.34922550988
3115,LOAD,98527170,5074.742327420954
3116,LOAD,100739665,4963.288293642827
3117,LOAD,91405000,5470.160275696077
3118,LOAD,98543387,5073.907191763157
3119,LOAD,96333893,5190.281264767324
3120,LOAD,92023677,5433.384280004373
3121,LOAD,93770050,5332.192955000024
3122,LOAD,92908227,5381.654737636959
3123,LOAD,96642101,5173.72858025924
3124,LOAD,95836443,5217.222012298599
3125,LOAD,96830115,5163.6828067383785
3126,LOAD,86841262,5757.63166592397
3127,LOAD,93975324,5320.545636001212
3128,LOAD,87451352,5717.464493859397
3129,LOAD,99436378,5028.34083518207
3130,LOAD,96898122,5160.058726421963
3131,LOAD,99481643,5026.052897015382
3132,LOAD,96010767,5207.749251706321
3133,LOAD,87869884,5690.231706690314
3134,LOAD,89923802,5560.263121436969
3135,LOAD,95853617,5216.287247668494
3136,LOAD,89325503,5597.505563444743
3137,LOAD,97112241,5148.681513795979
3138,LOAD,90482292,5525.94313150246
3139,LOAD,99273545,5036.588549346153
3140,LOAD,90612725,5517.988781377008
3141,LOAD,100489315,4975.653381655553
3142,LOAD,97996955,5102.199348949159
3143,LOAD,94079336,5314.663360294125
3144,LOAD,91428107,5468.777779682127
3145,LOAD,95725066,5223.292298382954
3146,LOAD,90608161,5518.266726547954
3147,LOAD,93641517,5339.511960277192
3148,LOAD,94200655,5307.81871951952
3149,LOAD,93610966,5341.254570538242
3150,LOAD,95486228,5236.357226300739
3151,LOAD,91097200,5488.642900111091
3152,LOAD,93820784,5329.309548297955
3153,LOAD,97121737,5148.178105587218
3154,LOAD,91801420,5446.538844388247
3155,LOAD,88966478,5620.094346097414
3156,LOAD,98358309,5083.454616935312
3157,LOAD,89608924,5579.801404601176
3158,LOAD,98482360,5077.05136229473
3159,LOAD,101603920,4921.069974465552
3160,LOAD,98870433,5057.123599327212
3161,LOAD,93633966,5339.942558878687
3162,LOAD,100788360,4960.890325033565
3163,LOAD,99422922,5029.021375976055
3164,LOAD,100163994,4991.8137249998235
3165,LOAD,98887494,5056.251096827269
3166,LOAD,96188390,5198.132539696318
3167,LOAD,98698019,5065.957808129868
3168,LOAD,94203536,5307.656392006347
3169,LOAD,99072228,5046.823010783607
3170,LOAD,91416143,5469.493500726671
3171,LOAD,101050925,4948.000228597611
3172,LOAD,97348049,5136.2097662583865
3173,LOAD,99717660,5014.156970791332
3174,LOAD,90404661,5530.6882905075
3175,LOAD,93931954,5323.002223503197
3176,LOAD,90946610,5497.731031426019
3177,LOAD,90446304,5528.141868572097
3178,LOAD,92345271,5414.462425477099
3179,LOAD,93748628,5333.4113860311645
3180,LOAD,97434974,5131.627581693612
3181,LOAD,95235732,5250.130276732687
3182,LOAD,93702391,5336.043132559979
3183,LOAD,98988057,5051.1143985784065
3184,LOAD,97440110,5131.357097195396
3185,LOAD,92646421,5396.862551225805
3186,LOAD,100692815,4965.597595022047
3187,LOAD,92581298,5400.658780999161
3188,LOAD,96444649,5184.3208014578395
3189,LOAD,96366885,5188.50432905453
3190,LOAD,93756753,5332.949190337255
3191,LOAD,99618204,5019.162963427849
3192,LOAD,92283072,5418.11178544208
3193,LOAD,96772085,5166.779242175055
3194,LOAD,92395076,5411.543792658388
3195,LOAD,97325302,5137.410208087513
3196,LOAD,93301857,5358.950143939793
3197,LOAD,94579405,5286.56317937293
3198,LOAD,95690711,5225.167571385273
3199,LOAD,92361678,5413.500607903637
3200,LOAD,93013184,5375.582025017013
3201,LOAD,95277515,5247.827884679822
3202,LOAD,95603055,5229.958394111987
3203,LOAD,92801937,5387.818575381675
3204,LOAD,90429849,5529.147792782447
3205,LOAD,94347555,5299.55439756759
3206,LOAD,96410729,5186.144791001425
3207,LOAD,95474448,5237.003307942666
3208,LOAD,93241771,5362.403509045318
3209,LOAD,90910480,5499.915961284111
3210,LOAD,99147875,5042.972428808988
3211,LOAD,93794252,5330.817073950331
3212,LOAD,95031861,5261.393334178734
3213,LOAD,98202723,5091.508511428955
3214,LOAD,95041932,5260.8358171843565
3215,LOAD,95619989,5229.032184891801
3216,LOAD,95431547,5239.357588953263
3217,LOAD,98685943,5066.577719179316
3218,LOAD,93316454,5358.11187167485
3219,LOAD,94949476,5265.958497759377
3220,LOAD,97376191,5134.7253868247935
3221,LOAD,94127164,5311.962867594736
3222,LOAD,94295199,5302.49689594483
3223,LOAD,98428722,5079.818063674544
3224,LOAD,93710096,5335.604394215966
3225,LOAD,98605980,5070.686382306631
3226,LOAD,94419773,5295.500975203573
3227,LOAD,91389744,5471.073428108082
3228,LOAD,93178258,5366.058678624363
3229,LOAD,96819904,5164.227388616291
3230,LOAD,94553511,5288.01093382984
3231,LOAD,95855377,5216.191471449744
3232,LOAD,93017540,5375.330287169495
3233,LOAD,94746290,5277.251489213984
3234,LOAD,91581506,5459.61757824773
3235,LOAD,96839876,5163.162332012899
3236,LOAD,93977954,5320.396739005406
3237,LOAD,94318763,5301.172153837513
3238,LOAD,94400716,5296.569996354689
3239,LOAD,96947883,5157.41019326848
3240,LOAD,92821140,5386.703934039164
3241,LOAD,93376030,5354.693276208038
3242,LOAD,96186018,5198.260728497982
3243,LOAD,100222481,4988.900643958315
3244,LOAD,110164318,4538.674673227678
3245,LOAD,97384243,5134.300833452081
3246,LOAD,91691578,5453.0635300005415
3247,LOAD,101111903,4945.016216340029
3248,LOAD,92053949,5431.597508109076
3249,LOAD,95914863,5212.95641114558
3250,LOAD,92541639,5402.9732496957395
3251,LOAD,98512879,5075.478506723979
3252,LOAD,90734093,5510.607793258043
3253,LOAD,101587285,4921.875803650033
3254,LOAD,94233042,5305.994472724334
3255,LOAD,98968249,5052.1253538597
3256,LOAD,95714834,5223.850672927041
3257,LOAD,100860402,4957.346888226759
3258,LOAD,93161997,5366.99529959625
3259,LOAD,89727898,5572.40291085388
3260,LOAD,95545050,5233.133479965733
3261,LOAD,96672343,5172.110083232388
3262,LOAD,93181602,5365.866107345954
3263,LOAD,94963355,5265.188872065441
3264,LOAD,93638651,5339.675386822905
3265,LOAD,96623428,5174.7284312868715
3266,LOAD,95659753,5226.858572382055
3267,LOAD,93048029,5373.5689554477285
3268,LOAD,93573265,5343.406580928858
3269,LOAD,93651141,5338.963248723259
3270,LOAD,94984510,5264.016206431976
3271,LOAD,91574264,5460.04934312112
3272,LOAD,97889844,5107.782171968728
3273,LOAD,94354691,5299.153594811731
3274,LOAD,88366183,5658.273142792645
3275,LOAD,96602421,5175.85371902843
3276,LOAD,94216066,5306.950515212554
3277,LOAD,95025398,5261.751179405742
3278,LOAD,92349100,5414.237929768671
3279,LOAD,91155263,5485.146809350986
3280,LOAD,92321315,5415.867397469371
3281,LOAD,93915135,5323.955505148345
3282,LOAD,89375797,5594.355706836382
3283,LOAD,93118802,5369.484886629019
3284,LOAD,95348130,5243.941333720965
3285,LOAD,90387016,5531.767969859742
3286,LOAD,95707421,5224.255285282423
3287,LOAD,95497325,5235.748750030432
3288,LOAD,94424665,5295.226623255692
3289,LOAD,90203186,5543.041461972308
3290,LOAD,96581701,5176.96411248752
3291,LOAD,90979627,5495.735875021778
3292,LOAD,98808951,5060.270298791048
3293,LOAD,90058097,5551.971634488345
3294,LOAD,91186059,5483.294326822481
3295,LOAD,91874419,5442.211286255862
3296,LOAD,97178895,5145.150086343337
3297,LOAD,93862984,5326.913536011171
3298,LOAD,93672155,5337.76552914791
3299,LOAD,88089788,5676.026828444632
3300,LOAD,89015449,5617.002504812394
3301,LOAD,87657371,5704.026875275555
3302,LOAD,95120155,5256.509516831633
3303,LOAD,92728518,5392.0844502227455
3304,LOAD,92804157,5387.689691529658
3305,LOAD,92313324,5416.336215994129
3306,LOAD,89455907,5589.345821511821
3307,LOAD,97005345,5154.355154347423
3308,LOAD,93627121,5340.332957583946
3309,LOAD,95940146,5211.582646538812
3310,LOAD,101125704,4944.341351631036
3311,LOAD,94680757,5280.904122893737
3312,LOAD,92001957,5434.667003876884
3313,LOAD,89659206,5576.672182441589
3314,LOAD,91917194,5439.6786742641425
3315,LOAD,89135101,5609.4624271531375
3316,LOAD,94593336,5285.7846138336845
3317,LOAD,92941778,5379.712017129692
3318,LOAD,93313888,5358.259212176435
3319,LOAD,90584476,5519.709580259647
3320,LOAD,94944929,5266.210689356563
3321,LOAD,90320311,5535.853391824569
3322,LOAD,89249264,5602.287095611231
3323,LOAD,92207831,5422.53292998509
3324,LOAD,98911733,5055.012027743968
3325,LOAD,89857733,5564.351373075482
3326,LOAD,92444632,5408.642872849556
3327,LOAD,92839592,5385.633319026219
3328,LOAD,95284878,5247.422366432583
3329,LOAD,97880240,5108.283347078021
3330,LOAD,95803257,5219.029244485916
3331,LOAD,95527878,5234.0741830358675
3332,LOAD,98829210,5059.232993970103
3333,LOAD,93991729,5319.6170058750595
3334,LOAD,98427500,5079.8811307815395
3335,LOAD,92454991,5408.036868447697
3336,LOAD,101398804,4931.024630231339
3337,LOAD,95416139,5240.203651501765
3338,LOAD,99888736,5005.569396733582
3339,LOAD,94744027,5277.377538533379
3340,LOAD,96179888,5198.592038285592
3341,LOAD,92386043,5412.07290369607
3342,LOAD,97531026,5126.573773560016
3343,LOAD,91903576,5440.484709757105
3344,LOAD,95894746,5214.049996023765
3345,LOAD,99232501,5038.671755335483
3346,LOAD,94366345,5298.49916302258
3347,LOAD,96219162,5196.470116835979
3348,LOAD,97370708,5135.014526134492
3349,LOAD,96094010,5203.237954165926
3350,LOAD,94655063,5282.337617798638
3351,LOAD,98982264,5051.410018263474
3352,LOAD,113689536,4397.942128992417
3353,LOAD,89284119,5600.100058107758
3354,LOAD,99385817,5030.89892595037
3355,LOAD,96081932,5203.892028316
3356,LOAD,94315072,5301.37961406635
3357,LOAD,90711449,5511.983388116752
3358,LOAD,90624231,5517.2881963544605
3359,LOAD,96914249,5159.20006768045
3360,LOAD,97736558,5115.79300756632
3361,LOAD,94690647,5280.352556889805
3362,LOAD,100716466,4964.431535951629
3363,LOAD,95151017,5254.80458080653
3364,LOAD,94952194,5265.807760060815
3365,LOAD,90920329,5499.320179538725
3366,LOAD,93574767,5343.320812115941
3367,LOAD,91770572,5448.369658195004
3368,LOAD,98052330,5099.317884643843
3369,LOAD,94644056,5282.9519478751
3370,LOAD,94352096,5299.299339359668
3371,LOAD,95852259,5216.3611501321
3372,LOAD,90830801,5504.740622071581
3373,LOAD,91629021,5456.786447603757
3374,LOAD,95246501,5249.536673268449
3375,LOAD,94307052,5301.8304506008735
3376,LOAD,94919182,5267.639158542263
3377,LOAD,94017966,5318.132493953336
3378,LOAD,99347340,5032.847381721544
3379,LOAD,96431890,5185.006744138273
3380,LOAD,91932499,5438.773071968815
3381,LOAD,100248876,4987.587092747055
3382,LOAD,95473218,5237.070777272847
3383,LOAD,91855843,5443.311864221855
3384,LOAD,88915564,5623.312472043702
3385,LOAD,97493979,5128.521834153471
3386,LOAD,89975921,5557.042311353501
3387,LOAD,96562449,5177.996262294467
3388,LOAD,97468422,5129.866573606783
3389,LOAD,101623455,4920.12400090117
3390,LOAD,95086306,5258.380738862649
3391,LOAD,101636827,4919.476677484236
3392,LOAD,93092271,5371.015172677439
3393,LOAD,98050356,5099.420546723972
3394,LOAD,98843008,5058.526749813199
3395,LOAD,96026303,5206.906695137477
3396,LOAD,93760384,5332.7426645351625
3397,LOAD,98035730,5100.181331847073
3398,LOAD,95224328,5250.7590287221565
3399,LOAD,97091607,5149.775716453019
3400,LOAD,91163561,5484.647533678506
3401,LOAD,93514612,5346.758001840397
3402,LOAD,99028135,5049.0701455702465
3403,LOAD,94200473,5307.828974489333
3404,LOAD,95187048,5252.815488090355
3405,LOAD,91849835,5443.66791731308
3406,LOAD,101493777,4926.4104143055
3407,LOAD,94416779,5295.668898003818
3408,LOAD,91357705,5472.992124747442
3409,LOAD,99650305,5017.546107861887
3410,LOAD,95249758,5249.357168970445
3411,LOAD,96234030,5195.667270714944
3412,LOAD,94819837,5273.158189461979
3413,LOAD,97439713,5131.378003956149
3414,LOAD,99469208,5026.681221790768
3415,LOAD,98013044,5101.3618146580575
3416,LOAD,97511976,5127.575304186226
3417,LOAD,96734764,5168.772624493094
3418,LOAD,94185885,5308.651078662158
3419,LOAD,94200339,5307.83652487705
3420,LOAD,93071565,5372.210083713539
3421,LOAD,96378182,5187.8961568293535
3422,LOAD,93444351,5350.778240195601
3423,LOAD,99511444,5024.5477294048715
3424,LOAD,91185823,5483.30851825508
3425,LOAD,96149710,5200.22369282237
3426,LOAD,106953756,4674.917634496165
3427,LOAD,95346807,5244.014096874791
3428,LOAD,92320015,5415.943660754388
3429,LOAD,97347963,5136.214303734327
3430,LOAD,90431939,5529.020006968998
3431,LOAD,91438795,5468.13855103843
3432,LOAD,98382394,5082.210136094066
3433,LOAD,93419628,5352.194294757843
3434,LOAD,91205935,5482.099383115802
3435,LOAD,91205871,5482.103229955449
3436,LOAD,97856025,5109.547419282563
3437,LOAD,87791686,5695.300122155076
3438,LOAD,97384448,5134.290025446362
3439,LOAD,96401924,5186.618474544139
3440,LOAD,96642989,5173.681041673907
3441,LOAD,93358094,5355.722022345486
3442,LOAD,97256595,5141.039535673647
3443,LOAD,92717132,5392.74661774482
3444,LOAD,92335724,5415.02225075963
3445,LOAD,91024892,5493.002946930165
3446,LOAD,96878832,5161.086169990158
3447,LOAD,92775238,5389.369090058276
3448,LOAD,88540931,5647.105743670122
3449,LOAD,98753920,5063.090153788326
3450,LOAD,97275420,5140.0446279234775
3451,LOAD,96418779,5185.711799980375
3452,LOAD,106935071,4675.734493129948
3453,LOAD,96640188,5173.8309946168565
3454,LOAD,92506718,5405.012855390676
3455,LOAD,106706705,4685.741163125597
3456,LOAD,92421255,5410.010933091095
3457,LOAD,100098128,4995.0984098324
3458,LOAD,92815331,5387.041069756029
3459,LOAD,100720911,4964.212446410458
3460,LOAD,95128349,5256.056740772407
3461,LOAD,94525158,5289.5970827152705
3462,LOAD,97374951,5134.790773861339
3463,LOAD,97248256,5141.480377807496
3464,LOAD,92298229,5417.222035755421
3465,LOAD,98989654,5051.032908954304
3466,LOAD,95837418,5217.1689349978105
3467,LOAD,95064441,5259.590176309983
3468,LOAD,96682839,5171.548593023836
3469,LOAD,97120023,5148.26896200385
3470,LOAD,102354801,4884.968708013999
3471,LOAD,94032420,5317.31502815731
3472,LOAD,105201225,4752.796367152569
3473,LOAD,93349573,5356.2108955763515
3474,LOAD,94881854,5269.711529877989
3475,LOAD,96628004,5174.48337233583
3476,LOAD,96007784,5207.911058545003
3477,LOAD,98559386,5073.083551880081
3478,LOAD,96272021,5193.616949206873
3479,LOAD,97690202,5118.2205560389775
3480,LOAD,93158991,5367.168478671049
3481,LOAD,94933507,5266.844297661941
3482,LOAD,100109677,4994.5221579328445
3483,LOAD,94818872,5273.211855968925
3484,LOAD,88605075,5643.017626247706
3485,LOAD,98759171,5062.820950572783
3486,LOAD,94754742,5276.780765230726
3487,LOAD,94721190,5278.649898718544
3488,LOAD,99027253,5049.115115815644
3489,LOAD,98016085,5101.2035422553345
3490,LOAD,94747102,5277.206262203144
3491,LOAD,95607758,5229.701129483656
3492,LOAD,96375763,5188.026371319104
3493,LOAD,89363418,5595.130660736366
3494,LOAD,97270928,5140.281996692784
3495,LOAD,89292683,5599.562956351082
3496,LOAD,91797336,5446.781157135105
3497,LOAD,97487501,5128.86262209142
3498,LOAD,94463664,5293.0405070885245
3499,LOAD,101578343,4922.309079209926
3500,LOAD,95891078,5214.249442476807
3501,LOAD,94505511,5290.696751007462
3502,LOAD,99165341,5042.084209643367
3503,LOAD,94194534,5308.1636350576355
3504,LOAD,94642312,5283.049298288487
3505,LOAD,94169377,5309.581691296524
3506,LOAD,92960176,5378.6473037658625
3507,LOAD,98892600,5055.990033632445
3508,LOAD,94030116,5317.4453172002895
3509,LOAD,98831149,5059.133735255876
3510,LOAD,93303726,5358.842796910382
3511,LOAD,93596166,5342.099162480652
3512,LOAD,96944214,5157.605383236178
3513,LOAD,94077659,5314.758097881666
3514,LOAD,94905589,5268.393624320692
3515,LOAD,100437459,4978.222318428027
3516,LOAD,100679109,4966.273589091854
3517,LOAD,92258876,5419.532750431514
3518,LOAD,94031810,5317.349522464791
3519,LOAD,93225754,5363.324816874101
3520,LOAD,91630097,5456.722369288772
3521,LOAD,91189538,5483.08513198082
3522,LOAD,99458561,5027.219326046755
3523,LOAD,96949609,5157.3183755697255
3524,LOAD,99549382,5022.632887866647
3525,LOAD,97304803,5138.492495586266
3526,LOAD,91372421,5472.110671118148
3527,LOAD,100207000,4989.671380242898
3528,LOAD,91528971,5462.7512418991355
3529,LOAD,95377685,5242.316376204769
3530,LOAD,94676434,5281.145253104906
3531,LOAD,94056404,5315.9591344784985
3532,LOAD,91837835,5444.379214732142
3533,LOAD,92633342,5397.624539984749
3534,LOAD,103330973,4838.8202054383055
3535,LOAD,94238373,5305.694316263291
3536,LOAD,92772370,5389.535699044877
3537,LOAD,96170002,5199.126438616483
3538,LOAD,96384341,5187.56464807909
3539,LOAD,94679861,5280.954098570128
3540,LOAD,95583437,5231.031815689992
3541,LOAD,91631358,5456.647275706641
3542,LOAD,97013383,5153.928092580794
3543,LOAD,99332696,5033.58934302961
3544,LOAD,97304245,5138.52196273657
3545,LOAD,97802166,5112.361212940826
3546,LOAD,92693786,5394.104843230808
3547,LOAD,107004706,4672.691685167566
3548,LOAD,109325172,4573.512127655285
3549,LOAD,96948889,5157.356676877443
3550,LOAD,96644356,5173.607861797951
3551,LOAD,94405683,5296.291326021125
3552,LOAD,95397340,5241.236286043196
3553,LOAD,95743850,5222.26753989943
3554,LOAD,96066853,5204.708849992203
3555,LOAD,98773519,5062.085517070623
3556,LOAD,94955531,5265.622705011254
3557,LOAD,94345082,5299.693310987848
3558,LOAD,96147467,5200.345007528904
3559,LOAD,94211166,5307.226534060729
3560,LOAD,90597795,5518.898114462941
3561,LOAD,90961522,5496.829747417815
3562,LOAD,95482232,5236.57637161226
3563,LOAD,96847012,5162.781893570449
3564,LOAD,96081220,5203.930591222718
3565,LOAD,96784049,5166.1405486352405
3566,LOAD,95304207,5246.358117223514
3567,LOAD,95290230,5247.127643620967
3568,LOAD,93886531,5325.577531456562
3569,LOAD,97151671,5146.591868708053
3570,LOAD,93254820,5361.653156373043
3571,LOAD,97894001,5107.56527358607
3572,LOAD,97916686,5106.381970484581
3573,LOAD,89942962,5559.078652535371
3574,LOAD,93405178,5353.022291762027
3575,LOAD,95490745,5236.109530824165
3576,LOAD,90155360,5545.981958255172
3577,LOAD,98461591,5078.122290345685
3578,LOAD,88629889,5641.437732140226
3579,LOAD,99744536,5012.805914501422
3580,LOAD,97172461,5145.49075792163
3581,LOAD,92979436,5377.53315690149
3582,LOAD,91618685,5457.402057233194
3583,LOAD,96996073,5154.847866882198
3584,LOAD,91753945,5449.356973152489
3585,LOAD,94705355,5279.532503732234
3586,LOAD,100952547,4952.822042221481
3587,LOAD,93617897,5340.859130813417
3588,LOAD,94809016,5273.760039867939
3589,LOAD,88140390,5672.768182668581
3590,LOAD,96996405,5154.830222831454
3591,LOAD,90416516,5529.963131956998
3592,LOAD,98392419,5081.692320218288
3593,LOAD,93441254,5350.955585420547
3594,LOAD,99100191,5045.398953872854
3595,LOAD,96143737,5200.546760523777
3596,LOAD,89630490,5578.458848099569
3597,LOAD,101124618,4944.394450024029
3598,LOAD,97942382,5105.042268626875
3599,LOAD,101304993,4935.590884449299
3600,LOAD,91792654,5447.058977072392
3601,LOAD,103118598,4848.785861111107
3602,LOAD,97373543,5134.865021805769
3603,LOAD,97358824,5135.641326152419
3604,LOAD,94412613,5295.9025718311605
3605,LOAD,95905576,5213.461206885406
3606,LOAD,88616177,5642.3106584704055
3607,LOAD,99034955,5048.722443504922
3608,LOAD,107957174,4631.466177504794
3609,LOAD,94197851,5307.976718067592
3610,LOAD,93788164,5331.16310923839
3611,LOAD,97549980,5125.5776782322255
3612,LOAD,109867565,4550.9336627238445
3613,LOAD,88384874,5657.076571721989
3614,LOAD,92255586,5419.726020709467
3615,LOAD,94792109,5274.700661001223
3616,LOAD,92666044,5395.719709368407
3617,LOAD,94541074,5288.706578476145
3618,LOAD,95884616,5214.600849003765
3619,LOAD,96485904,5182.104113363544
3620,LOAD,90287125,5537.888154041897
3621,LOAD,92556012,5402.134223328464
3622,LOAD,94132394,5311.667734701404
3623,LOAD,94004718,5318.88197356222
3624,LOAD,92248254,5420.156786924119
3625,LOAD,96794625,5165.576084415844
3626,LOAD,95541126,5233.348411656777
3627,LOAD,93081525,5371.635241257597
3628,LOAD,99153108,5042.70627603524
3629,LOAD,92954750,5378.961268789384
3630,LOAD,96605213,5175.704130997568
3631,LOAD,95705367,5224.367406688906
3632,LOAD,91872413,5442.330114917086
3633,LOAD,99107994,5045.001718024885
3634,LOAD,90435631,5528.794286844751
3635,LOAD,99516544,5024.290232586855
3636,LOAD,92269884,5418.886188260516
3637,LOAD,99114433,5044.673967917467
3638,LOAD,91575117,5459.998484086021
3639,LOAD,99211839,5039.721116347818
3640,LOAD,94314683,5301.401479555415
3641,LOAD,96323905,5190.819454423075
3642,LOAD,89140075,5609.149420168202
3643,LOAD,90147630,5546.457516409471
3644,LOAD,94416198,5295.701485459094
3645,LOAD,93326212,5357.551638332862
3646,LOAD,94661330,5281.987903613862
3647,LOAD,98434845,5079.50208079263
3648,LOAD,90425335,5529.42380583937
3649,LOAD,100905349,4955.138701318996
3650,LOAD,95973205,5209.787460989763
3651,LOAD,91149607,5485.487172753252
3652,LOAD,98392989,5081.662881488436
3653,LOAD,99971147,5001.4430663679395
3654,LOAD,93073853,5372.078020666018
3655,LOAD,99585906,5020.790793428138
3656,LOAD,100187080,4990.663466786336
3657,LOAD,97891344,5107.703904851894
3658,LOAD,93909827,5324.256427391779
3659,LOAD,95886424,5214.50252436153
3660,LOAD,93723096,5334.864311353948
3661,LOAD,98346206,5084.080213526488
3662,LOAD,94236271,5305.812663151749
3663,LOAD,92493810,5405.767153499245
3664,LOAD,94930568,5267.007356365971
3665,LOAD,93296959,5359.231483632816
3666,LOAD,98442546,5079.104719619909
3667,LOAD,101707394,4916.0634279942315
3668,LOAD,94364932,5298.578501598454
3669,LOAD,99301768,5035.157077968642
3670,LOAD,98363956,5083.1627796669745
3671,LOAD,97352704,5135.964174143535
3672,LOAD,92810466,5387.323451215082
3673,LOAD,98325761,5085.137352763535
3674,LOAD,95538590,5233.487326953433
3675,LOAD,99835328,5008.2471807975635
3676,LOAD,93410525,5352.715874362124
3677,LOAD,95346513,5244.030266738753
3678,LOAD,91562927,5460.725387251982
3679,LOAD,99990303,5000.484897020464
3680,LOAD,95176734,5253.384719000759
3681,LOAD,96416671,5185.825177473717
3682,LOAD,90459264,5527.349857721592
3683,LOAD,103984015,4808.431372841297
3684,LOAD,91865404,5442.745345135586
3685,LOAD,93754284,5333.089632469488
3686,LOAD,91310169,5475.841360013253
3687,LOAD,97450380,5130.816319033338
3688,LOAD,90317557,5536.022193337227
3689,LOAD,96569053,5177.6421583009615
3690,LOAD,95201053,5252.042747888513
3691,LOAD,98668311,5067.483115222272
3692,LOAD,94314786,5301.395689961063
3693,LOAD,95455043,5238.067935289705
3694,LOAD,99846259,5007.698886344856
3695,LOAD,100496822,4975.281705922999
3696,LOAD,92038882,5432.486674490461
3697,LOAD,102942580,4857.076634372288
3698,LOAD,96785136,5166.082527383131
3699,LOAD,95355463,5243.538065564214
3700,LOAD,93487971,5348.2816521924515
3701,LOAD,101105124,4945.347774856594
3702,LOAD,95747431,5222.0722245801035
3703,LOAD,99349618,5032.731982925188
3704,LOAD,90600944,5518.706295157366
3705,LOAD,90957240,5497.088522035189
3706,LOAD,94023020,5317.846629474356
3707,LOAD,90303283,5536.897257655627
3708,LOAD,95522376,5234.375660839927
3709,LOAD,92001363,5434.7020924026965
3710,LOAD,93527278,5346.033913229036
3711,LOAD,101375011,4932.181955570884
3712,LOAD,90551162,5521.740295281908
3713,LOAD,101009228,4950.042782229758
3714,LOAD,95363041,5243.121389134392
3715,LOAD,97044116,5152.295889840452
3716,LOAD,103507303,4830.577027014219
3717,LOAD,96304165,5191.8834455394535
3718,LOAD,101739728,4914.501049187001
3719,LOAD,99661636,5016.975639452678
3720,LOAD,106129932,4711.206259889057
3721,LOAD,95276070,5247.907475612712
3722,LOAD,101710178,4915.9288660373795
3723,LOAD,99566610,5021.763822229159
3724,LOAD,95250521,5249.315119231736
3725,LOAD,101173514,4942.004880842628
3726,LOAD,100114167,4994.298159620106
3727,LOAD,93155289,5367.381770454278
3728,LOAD,106024007,4715.9130667453455
3729,LOAD,98918866,5054.647512841483
3730,LOAD,94133185,5311.623100822521
3731,LOAD,102380363,4883.749044726477
3732,LOAD,95323756,5245.282193874106
3733,LOAD,96769847,5166.8987344787265
3734,LOAD,95747228,5222.083296239135
3735,LOAD,93701736,5336.080432917486
3736,LOAD,89199876,5605.388958164022
3737,LOAD,93412560,5352.59926502389
3738,LOAD,97845027,5110.121743847032
3739,LOAD,92910665,5381.513521617782
3740,LOAD,99592371,5020.464870747981
3741,LOAD,98010753,5101.481058920137
3742,LOAD,90071115,5551.169206687405
3743,LOAD,94467046,5292.851011769755
3744,LOAD,93846502,5327.849087012321
3745,LOAD,96220161,5196.4161647993915
3746,LOAD,92920591,5380.9386554590465
3747,LOAD,91454517,5467.198520112462
3748,LOAD,100125751,4993.720346726787
3749,LOAD,93696457,5336.381075754017
3750,LOAD,90685419,5513.565527000542
3751,LOAD,94879386,5269.848605470528
3752,LOAD,93148053,5367.798723608318
3753,LOAD,94527119,5289.4873480699225
3754,LOAD,97280952,5139.75233301582
3755,LOAD,96734374,5168.793463221254
3756,LOAD,101378836,4931.9958654881375
3757,LOAD,96595561,5176.221296545915
3758,LOAD,97485527,5128.96647724949
3759,LOAD,94573989,5286.865926740174
3760,LOAD,99780081,5011.020185481709
3761,LOAD,97111092,5148.742432017962
3762,LOAD,95891449,5214.2292687641
3763,LOAD,95725084,5223.291316202972
3764,LOAD,92151415,5425.852657824083
3765,LOAD,91612374,5457.778007149996
3766,LOAD,96172085,5199.013830260621
3767,LOAD,93583310,5342.833032941451
3768,LOAD,94830672,5272.55569801298
3769,LOAD,97622532,5121.768404859648
3770,LOAD,94137846,5311.360109089388
3771,LOAD,94722061,5278.601359824719
3772,LOAD,95531356,5233.8836266492435
3773,LOAD,93383347,5354.273712206953
3774,LOAD,94951427,5265.850296278328
3775,LOAD,99886296,5005.691671658342
3776,LOAD,95505673,5235.291101503467
3777,LOAD,94686289,5280.595588660149
3778,LOAD,96570318,5177.57433500426
3779,LOAD,90022463,5554.169296612113
3780,LOAD,100884544,4956.160578968371
3781,LOAD,100593056,4970.522020923591
3782,LOAD,102495830,4878.247241863401
3783,LOAD,90898427,5500.645242188844
3784,LOAD,104972607,4763.147399016203
3785,LOAD,91861480,5442.977840113179
3786,LOAD,101689969,4916.905815951227
3787,LOAD,96889202,5160.533781669499
3788,LOAD,97977112,5103.2326815266815
3789,LOAD,95443647,5238.69336216794
3790,LOAD,99295440,5035.477963539916
3791,LOAD,111004641,4504.3161753930635
3792,LOAD,9